{
  "creator": "Yosys 0.60 (git sha1 5bafeb77dc71e054fa331ab9efa613e6fb0a1c49, clang++ 17.0.0 -fPIC -O3)",
  "modules": {
    "top": {
      "attributes": {
        "top": "00000000000000000000000000000001",
        "src": "designs/211/top.sv:1.1-36.10"
      },
      "ports": {
        "input_data": {
          "direction": "input",
          "bits": [ 2, 3, 4, 5, 6 ]
        },
        "output_data": {
          "direction": "output",
          "bits": [ 7, "1", "1" ]
        }
      },
      "cells": {
        "$add$designs/211/top.sv:19$5": {
          "hide_name": 1,
          "type": "$add",
          "parameters": {
            "A_SIGNED": "00000000000000000000000000000000",
            "A_WIDTH": "00000000000000000000000000000101",
            "B_SIGNED": "00000000000000000000000000000000",
            "B_WIDTH": "00000000000000000000000000000101",
            "Y_WIDTH": "00000000000000000000000000000101"
          },
          "attributes": {
            "src": "designs/211/top.sv:19.60-19.171"
          },
          "port_directions": {
            "A": "input",
            "B": "input",
            "Y": "output"
          },
          "connections": {
            "A": [ 8, 9, 10, 11, 12 ],
            "B": [ 2, 3, 4, 5, 6 ],
            "Y": [ 13, 14, 15, 16, 17 ]
          }
        },
        "$add$designs/211/top.sv:24$29": {
          "hide_name": 1,
          "type": "$add",
          "parameters": {
            "A_SIGNED": "00000000000000000000000000000000",
            "A_WIDTH": "00000000000000000000000000011010",
            "B_SIGNED": "00000000000000000000000000000000",
            "B_WIDTH": "00000000000000000000000000000100",
            "Y_WIDTH": "00000000000000000000000000011010"
          },
          "attributes": {
            "src": "designs/211/top.sv:24.42-24.136"
          },
          "port_directions": {
            "A": "input",
            "B": "input",
            "Y": "output"
          },
          "connections": {
            "A": [ 18, 19, 20, 21, 22, 23, 24, 25, 26, 27, 28, 29, 30, 31, 32, 33, 34, 35, 36, 37, 38, 39, 40, 41, 42, 43 ],
            "B": [ 44, 45, 46, 47 ],
            "Y": [ 48, 49, 50, 51, 52, 53, 54, 55, 56, 57, 58, 59, 60, 61, 62, 63, 64, 65, 66, 67, 68, 69, 70, 71, 72, 73 ]
          }
        },
        "$add$designs/211/top.sv:25$32": {
          "hide_name": 1,
          "type": "$add",
          "parameters": {
            "A_SIGNED": "00000000000000000000000000000000",
            "A_WIDTH": "00000000000000000000000000000100",
            "B_SIGNED": "00000000000000000000000000000000",
            "B_WIDTH": "00000000000000000000000000000111",
            "Y_WIDTH": "00000000000000000000000000000111"
          },
          "attributes": {
            "src": "designs/211/top.sv:25.65-25.89"
          },
          "port_directions": {
            "A": "input",
            "B": "input",
            "Y": "output"
          },
          "connections": {
            "A": [ 44, 45, 46, 47 ],
            "B": [ 74, 75, 76, 77, 78, 79, 80 ],
            "Y": [ 81, 82, 83, 84, 85, 86, 87 ]
          }
        },
        "$add$designs/211/top.sv:25$33": {
          "hide_name": 1,
          "type": "$add",
          "parameters": {
            "A_SIGNED": "00000000000000000000000000000000",
            "A_WIDTH": "00000000000000000000000000000111",
            "B_SIGNED": "00000000000000000000000000000000",
            "B_WIDTH": "00000000000000000000000000000111",
            "Y_WIDTH": "00000000000000000000000000000111"
          },
          "attributes": {
            "src": "designs/211/top.sv:25.64-25.99"
          },
          "port_directions": {
            "A": "input",
            "B": "input",
            "Y": "output"
          },
          "connections": {
            "A": [ 81, 82, 83, 84, 85, 86, 87 ],
            "B": [ 74, 75, 76, 77, 78, 79, 80 ],
            "Y": [ 88, 89, 90, 91, 92, 93, 94 ]
          }
        },
        "$add$designs/211/top.sv:25$35": {
          "hide_name": 1,
          "type": "$add",
          "parameters": {
            "A_SIGNED": "00000000000000000000000000000000",
            "A_WIDTH": "00000000000000000000000000000111",
            "B_SIGNED": "00000000000000000000000000000000",
            "B_WIDTH": "00000000000000000000000000000100",
            "Y_WIDTH": "00000000000000000000000000000111"
          },
          "attributes": {
            "src": "designs/211/top.sv:25.52-25.124"
          },
          "port_directions": {
            "A": "input",
            "B": "input",
            "Y": "output"
          },
          "connections": {
            "A": [ 95, 96, 97, 98, 99, 93, 94 ],
            "B": [ 44, 45, 46, 47 ],
            "Y": [ 100, 101, 102, 103, 104, 105, 106 ]
          }
        },
        "$and$designs/211/top.sv:21$11": {
          "hide_name": 1,
          "type": "$and",
          "parameters": {
            "A_SIGNED": "00000000000000000000000000000000",
            "A_WIDTH": "00000000000000000000000000000100",
            "B_SIGNED": "00000000000000000000000000000000",
            "B_WIDTH": "00000000000000000000000000000100",
            "Y_WIDTH": "00000000000000000000000000000100"
          },
          "attributes": {
            "src": "designs/211/top.sv:21.54-21.102"
          },
          "port_directions": {
            "A": "input",
            "B": "input",
            "Y": "output"
          },
          "connections": {
            "A": [ 107, 108, 109, 110 ],
            "B": [ 111, 112, 113, 114 ],
            "Y": [ 115, 116, 117, 118 ]
          }
        },
        "$and$designs/211/top.sv:21$13": {
          "hide_name": 1,
          "type": "$and",
          "parameters": {
            "A_SIGNED": "00000000000000000000000000000000",
            "A_WIDTH": "00000000000000000000000000000100",
            "B_SIGNED": "00000000000000000000000000000000",
            "B_WIDTH": "00000000000000000000000000000100",
            "Y_WIDTH": "00000000000000000000000000000100"
          },
          "attributes": {
            "src": "designs/211/top.sv:21.36-21.124"
          },
          "port_directions": {
            "A": "input",
            "B": "input",
            "Y": "output"
          },
          "connections": {
            "A": [ 119, 120, 121, 122 ],
            "B": [ 111, 112, 113, 114 ],
            "Y": [ 123, 124, 125, 126 ]
          }
        },
        "$and$designs/211/top.sv:34$83": {
          "hide_name": 1,
          "type": "$and",
          "parameters": {
            "A_SIGNED": "00000000000000000000000000000000",
            "A_WIDTH": "00000000000000000000000000000011",
            "B_SIGNED": "00000000000000000000000000000000",
            "B_WIDTH": "00000000000000000000000000000011",
            "Y_WIDTH": "00000000000000000000000000000011"
          },
          "attributes": {
            "src": "designs/211/top.sv:34.38-34.104"
          },
          "port_directions": {
            "A": "input",
            "B": "input",
            "Y": "output"
          },
          "connections": {
            "A": [ 127, 128, 129 ],
            "B": [ 111, 112, 113 ],
            "Y": [ 130, 131, 132 ]
          }
        },
        "$auto$opt_expr.cc:276:group_cell_inputs$100": {
          "hide_name": 1,
          "type": "$not",
          "parameters": {
            "A_SIGNED": "00000000000000000000000000000000",
            "A_WIDTH": "00000000000000000000000000000101",
            "Y_WIDTH": "00000000000000000000000000000101"
          },
          "attributes": {
          },
          "port_directions": {
            "A": "input",
            "Y": "output"
          },
          "connections": {
            "A": [ 133, 134, 135, 136, 137 ],
            "Y": [ 138, 139, 140, 141, 142 ]
          }
        },
        "$auto$opt_expr.cc:276:group_cell_inputs$104": {
          "hide_name": 1,
          "type": "$or",
          "parameters": {
            "A_SIGNED": "00000000000000000000000000000000",
            "A_WIDTH": "00000000000000000000000000000101",
            "B_SIGNED": "00000000000000000000000000000000",
            "B_WIDTH": "00000000000000000000000000000101",
            "Y_WIDTH": "00000000000000000000000000000101"
          },
          "attributes": {
          },
          "port_directions": {
            "A": "input",
            "B": "input",
            "Y": "output"
          },
          "connections": {
            "A": [ 143, 144, 145, 146, 147 ],
            "B": [ 138, 139, 140, 141, 142 ],
            "Y": [ 148, 149, 150, 151, 152 ]
          }
        },
        "$auto$opt_expr.cc:276:group_cell_inputs$111": {
          "hide_name": 1,
          "type": "$xor",
          "parameters": {
            "A_SIGNED": "00000000000000000000000000000000",
            "A_WIDTH": "00000000000000000000000000000101",
            "B_SIGNED": "00000000000000000000000000000000",
            "B_WIDTH": "00000000000000000000000000000101",
            "Y_WIDTH": "00000000000000000000000000000101"
          },
          "attributes": {
          },
          "port_directions": {
            "A": "input",
            "B": "input",
            "Y": "output"
          },
          "connections": {
            "A": [ 48, 49, 50, 51, 52 ],
            "B": [ 2, 3, 4, 5, 6 ],
            "Y": [ 153, 154, 155, 156, 157 ]
          }
        },
        "$auto$opt_expr.cc:276:group_cell_inputs$114": {
          "hide_name": 1,
          "type": "$xor",
          "parameters": {
            "A_SIGNED": "00000000000000000000000000000000",
            "A_WIDTH": "00000000000000000000000000000101",
            "B_SIGNED": "00000000000000000000000000000000",
            "B_WIDTH": "00000000000000000000000000000101",
            "Y_WIDTH": "00000000000000000000000000000101"
          },
          "attributes": {
          },
          "port_directions": {
            "A": "input",
            "B": "input",
            "Y": "output"
          },
          "connections": {
            "A": [ 88, 89, 90, 91, 92 ],
            "B": [ 2, 3, 4, 5, 6 ],
            "Y": [ 95, 96, 97, 98, 99 ]
          }
        },
        "$auto$opt_expr.cc:276:group_cell_inputs$117": {
          "hide_name": 1,
          "type": "$not",
          "parameters": {
            "A_SIGNED": "00000000000000000000000000000000",
            "A_WIDTH": "00000000000000000000000000000100",
            "Y_WIDTH": "00000000000000000000000000000100"
          },
          "attributes": {
          },
          "port_directions": {
            "A": "input",
            "Y": "output"
          },
          "connections": {
            "A": [ 44, 45, 46, 47 ],
            "Y": [ 158, 159, 160, 161 ]
          }
        },
        "$auto$opt_expr.cc:276:group_cell_inputs$121": {
          "hide_name": 1,
          "type": "$not",
          "parameters": {
            "A_SIGNED": "00000000000000000000000000000000",
            "A_WIDTH": "00000000000000000000000000000101",
            "Y_WIDTH": "00000000000000000000000000000101"
          },
          "attributes": {
          },
          "port_directions": {
            "A": "input",
            "Y": "output"
          },
          "connections": {
            "A": [ 111, 112, 113, 114, 162 ],
            "Y": [ 163, 164, 165, 166, 167 ]
          }
        },
        "$auto$opt_expr.cc:276:group_cell_inputs$125": {
          "hide_name": 1,
          "type": "$or",
          "parameters": {
            "A_SIGNED": "00000000000000000000000000000000",
            "A_WIDTH": "00000000000000000000000000000100",
            "B_SIGNED": "00000000000000000000000000000000",
            "B_WIDTH": "00000000000000000000000000000100",
            "Y_WIDTH": "00000000000000000000000000000100"
          },
          "attributes": {
          },
          "port_directions": {
            "A": "input",
            "B": "input",
            "Y": "output"
          },
          "connections": {
            "A": [ 168, 169, 170, 171 ],
            "B": [ 44, 45, 46, 47 ],
            "Y": [ 172, 173, 174, 175 ]
          }
        },
        "$auto$opt_expr.cc:276:group_cell_inputs$143": {
          "hide_name": 1,
          "type": "$not",
          "parameters": {
            "A_SIGNED": "00000000000000000000000000000000",
            "A_WIDTH": "00000000000000000000000000000001",
            "Y_WIDTH": "00000000000000000000000000000001"
          },
          "attributes": {
          },
          "port_directions": {
            "A": "input",
            "Y": "output"
          },
          "connections": {
            "A": [ 80 ],
            "Y": [ 176 ]
          }
        },
        "$auto$opt_expr.cc:276:group_cell_inputs$147": {
          "hide_name": 1,
          "type": "$or",
          "parameters": {
            "A_SIGNED": "00000000000000000000000000000000",
            "A_WIDTH": "00000000000000000000000000000101",
            "B_SIGNED": "00000000000000000000000000000000",
            "B_WIDTH": "00000000000000000000000000000101",
            "Y_WIDTH": "00000000000000000000000000000101"
          },
          "attributes": {
          },
          "port_directions": {
            "A": "input",
            "B": "input",
            "Y": "output"
          },
          "connections": {
            "A": [ 177, 178, 179, 180, 181 ],
            "B": [ 163, 164, 165, 166, 167 ],
            "Y": [ 168, 169, 170, 171, 182 ]
          }
        },
        "$auto$opt_expr.cc:276:group_cell_inputs$151": {
          "hide_name": 1,
          "type": "$or",
          "parameters": {
            "A_SIGNED": "00000000000000000000000000000000",
            "A_WIDTH": "00000000000000000000000000000001",
            "B_SIGNED": "00000000000000000000000000000000",
            "B_WIDTH": "00000000000000000000000000000001",
            "Y_WIDTH": "00000000000000000000000000000001"
          },
          "attributes": {
          },
          "port_directions": {
            "A": "input",
            "B": "input",
            "Y": "output"
          },
          "connections": {
            "A": [ 130 ],
            "B": [ 176 ],
            "Y": [ 7 ]
          }
        },
        "$auto$opt_expr.cc:276:group_cell_inputs$94": {
          "hide_name": 1,
          "type": "$or",
          "parameters": {
            "A_SIGNED": "00000000000000000000000000000000",
            "A_WIDTH": "00000000000000000000000000000100",
            "B_SIGNED": "00000000000000000000000000000000",
            "B_WIDTH": "00000000000000000000000000000100",
            "Y_WIDTH": "00000000000000000000000000000100"
          },
          "attributes": {
          },
          "port_directions": {
            "A": "input",
            "B": "input",
            "Y": "output"
          },
          "connections": {
            "A": [ 44, 45, 46, 47 ],
            "B": [ 2, 3, 4, 5 ],
            "Y": [ 183, 184, 185, 186 ]
          }
        },
        "$auto$opt_expr.cc:276:group_cell_inputs$97": {
          "hide_name": 1,
          "type": "$xor",
          "parameters": {
            "A_SIGNED": "00000000000000000000000000000000",
            "A_WIDTH": "00000000000000000000000000000100",
            "B_SIGNED": "00000000000000000000000000000000",
            "B_WIDTH": "00000000000000000000000000000100",
            "Y_WIDTH": "00000000000000000000000000000100"
          },
          "attributes": {
          },
          "port_directions": {
            "A": "input",
            "B": "input",
            "Y": "output"
          },
          "connections": {
            "A": [ 183, 184, 185, 186 ],
            "B": [ 44, 45, 46, 47 ],
            "Y": [ 187, 188, 189, 190 ]
          }
        },
        "$mul$designs/211/top.sv:19$4": {
          "hide_name": 1,
          "type": "$mul",
          "parameters": {
            "A_SIGNED": "00000000000000000000000000000000",
            "A_WIDTH": "00000000000000000000000000000101",
            "B_SIGNED": "00000000000000000000000000000000",
            "B_WIDTH": "00000000000000000000000000000101",
            "Y_WIDTH": "00000000000000000000000000000101"
          },
          "attributes": {
            "src": "designs/211/top.sv:19.71-19.156"
          },
          "port_directions": {
            "A": "input",
            "B": "input",
            "Y": "output"
          },
          "connections": {
            "A": [ 191, 192, 193, 194, 195 ],
            "B": [ 2, 3, 4, 5, 6 ],
            "Y": [ 8, 9, 10, 11, 12 ]
          }
        },
        "$mul$designs/211/top.sv:19$8": {
          "hide_name": 1,
          "type": "$mul",
          "parameters": {
            "A_SIGNED": "00000000000000000000000000000000",
            "A_WIDTH": "00000000000000000000000000000101",
            "B_SIGNED": "00000000000000000000000000000000",
            "B_WIDTH": "00000000000000000000000000000101",
            "Y_WIDTH": "00000000000000000000000000000101"
          },
          "attributes": {
            "src": "designs/211/top.sv:19.31-19.216"
          },
          "port_directions": {
            "A": "input",
            "B": "input",
            "Y": "output"
          },
          "connections": {
            "A": [ 196, 197, 198, 199, 200 ],
            "B": [ 2, 3, 4, 5, 6 ],
            "Y": [ 201, 202, 203, 204, 205 ]
          }
        },
        "$mul$designs/211/top.sv:21$10": {
          "hide_name": 1,
          "type": "$mul",
          "parameters": {
            "A_SIGNED": "00000000000000000000000000000000",
            "A_WIDTH": "00000000000000000000000000000100",
            "B_SIGNED": "00000000000000000000000000000000",
            "B_WIDTH": "00000000000000000000000000000101",
            "Y_WIDTH": "00000000000000000000000000000100"
          },
          "attributes": {
            "src": "designs/211/top.sv:21.55-21.92"
          },
          "port_directions": {
            "A": "input",
            "B": "input",
            "Y": "output"
          },
          "connections": {
            "A": [ 111, 112, 113, 114 ],
            "B": [ 111, 112, 113, 114, 162 ],
            "Y": [ 107, 108, 109, 110 ]
          }
        },
        "$mul$designs/211/top.sv:24$31": {
          "hide_name": 1,
          "type": "$mul",
          "parameters": {
            "A_SIGNED": "00000000000000000000000000000000",
            "A_WIDTH": "00000000000000000000000000011010",
            "B_SIGNED": "00000000000000000000000000000000",
            "B_WIDTH": "00000000000000000000000000000101",
            "Y_WIDTH": "00000000000000000000000000000111"
          },
          "attributes": {
            "src": "designs/211/top.sv:24.22-24.162"
          },
          "port_directions": {
            "A": "input",
            "B": "input",
            "Y": "output"
          },
          "connections": {
            "A": [ 153, 154, 155, 156, 157, 53, 54, 55, 56, 57, 58, 59, 60, 61, 62, 63, 64, 65, 66, 67, 68, 69, 70, 71, 72, 73 ],
            "B": [ 133, 134, 135, 136, 137 ],
            "Y": [ 74, 75, 76, 77, 78, 79, 80 ]
          }
        },
        "$mul$designs/211/top.sv:25$38": {
          "hide_name": 1,
          "type": "$mul",
          "parameters": {
            "A_SIGNED": "00000000000000000000000000000000",
            "A_WIDTH": "00000000000000000000000000000111",
            "B_SIGNED": "00000000000000000000000000000000",
            "B_WIDTH": "00000000000000000000000000000111",
            "Y_WIDTH": "00000000000000000000000000000111"
          },
          "attributes": {
            "src": "designs/211/top.sv:25.41-25.138"
          },
          "port_directions": {
            "A": "input",
            "B": "input",
            "Y": "output"
          },
          "connections": {
            "A": [ 100, 101, 102, 103, 104, 105, 106 ],
            "B": [ 158, 159, 160, 161, "1", "1", "1" ],
            "Y": [ 206, 207, 208, 209, 210, 211, 212 ]
          }
        },
        "$mul$designs/211/top.sv:34$80": {
          "hide_name": 1,
          "type": "$mul",
          "parameters": {
            "A_SIGNED": "00000000000000000000000000000000",
            "A_WIDTH": "00000000000000000000000000000111",
            "B_SIGNED": "00000000000000000000000000000000",
            "B_WIDTH": "00000000000000000000000000000111",
            "Y_WIDTH": "00000000000000000000000000001110"
          },
          "attributes": {
            "src": "designs/211/top.sv:34.57-34.72"
          },
          "port_directions": {
            "A": "input",
            "B": "input",
            "Y": "output"
          },
          "connections": {
            "A": [ 74, 75, 76, 77, 78, 79, 80 ],
            "B": [ 213, 214, 215, 216, 217, 218, 219 ],
            "Y": [ 220, 221, 222, 223, 224, 225, 226, 227, 228, 229, 230, 231, 232, 233 ]
          }
        },
        "$mul$designs/211/top.sv:34$81": {
          "hide_name": 1,
          "type": "$mul",
          "parameters": {
            "A_SIGNED": "00000000000000000000000000000000",
            "A_WIDTH": "00000000000000000000000000001110",
            "B_SIGNED": "00000000000000000000000000000000",
            "B_WIDTH": "00000000000000000000000000001110",
            "Y_WIDTH": "00000000000000000000000000000011"
          },
          "attributes": {
            "src": "designs/211/top.sv:34.48-34.83"
          },
          "port_directions": {
            "A": "input",
            "B": "input",
            "Y": "output"
          },
          "connections": {
            "A": [ 220, 221, 222, 223, 224, 225, 226, 227, 228, 229, 230, 231, 232, 233 ],
            "B": [ 172, 173, 174, 175, 182, "1", "1", "1", "1", "1", "1", "1", "1", "1" ],
            "Y": [ 234, 235, 236 ]
          }
        },
        "$not$designs/211/top.sv:19$2": {
          "hide_name": 1,
          "type": "$not",
          "parameters": {
            "A_SIGNED": "00000000000000000000000000000000",
            "A_WIDTH": "00000000000000000000000000000101",
            "Y_WIDTH": "00000000000000000000000000000101"
          },
          "attributes": {
            "src": "designs/211/top.sv:19.129-19.140"
          },
          "port_directions": {
            "A": "input",
            "Y": "output"
          },
          "connections": {
            "A": [ 2, 3, 4, 5, 6 ],
            "Y": [ 191, 192, 193, 194, 195 ]
          }
        },
        "$not$designs/211/top.sv:21$15": {
          "hide_name": 1,
          "type": "$not",
          "parameters": {
            "A_SIGNED": "00000000000000000000000000000000",
            "A_WIDTH": "00000000000000000000000000000100",
            "Y_WIDTH": "00000000000000000000000000000100"
          },
          "attributes": {
            "src": "designs/211/top.sv:21.130-21.137"
          },
          "port_directions": {
            "A": "input",
            "Y": "output"
          },
          "connections": {
            "A": [ 111, 112, 113, 114 ],
            "Y": [ 237, 238, 239, 240 ]
          }
        },
        "$or$designs/211/top.sv:19$6": {
          "hide_name": 1,
          "type": "$or",
          "parameters": {
            "A_SIGNED": "00000000000000000000000000000000",
            "A_WIDTH": "00000000000000000000000000000101",
            "B_SIGNED": "00000000000000000000000000000000",
            "B_WIDTH": "00000000000000000000000000000101",
            "Y_WIDTH": "00000000000000000000000000000101"
          },
          "attributes": {
            "src": "designs/211/top.sv:19.49-19.186"
          },
          "port_directions": {
            "A": "input",
            "B": "input",
            "Y": "output"
          },
          "connections": {
            "A": [ 13, 14, 15, 16, 17 ],
            "B": [ 2, 3, 4, 5, 6 ],
            "Y": [ 241, 242, 243, 244, 245 ]
          }
        },
        "$or$designs/211/top.sv:21$12": {
          "hide_name": 1,
          "type": "$or",
          "parameters": {
            "A_SIGNED": "00000000000000000000000000000000",
            "A_WIDTH": "00000000000000000000000000000100",
            "B_SIGNED": "00000000000000000000000000000000",
            "B_WIDTH": "00000000000000000000000000000100",
            "Y_WIDTH": "00000000000000000000000000000100"
          },
          "attributes": {
            "src": "designs/211/top.sv:21.45-21.113"
          },
          "port_directions": {
            "A": "input",
            "B": "input",
            "Y": "output"
          },
          "connections": {
            "A": [ 115, 116, 117, 118 ],
            "B": [ 111, 112, 113, 114 ],
            "Y": [ 119, 120, 121, 122 ]
          }
        },
        "$or$designs/211/top.sv:23$20": {
          "hide_name": 1,
          "type": "$or",
          "parameters": {
            "A_SIGNED": "00000000000000000000000000000000",
            "A_WIDTH": "00000000000000000000000000000101",
            "B_SIGNED": "00000000000000000000000000000000",
            "B_WIDTH": "00000000000000000000000000000101",
            "Y_WIDTH": "00000000000000000000000000000101"
          },
          "attributes": {
            "src": "designs/211/top.sv:23.22-23.120"
          },
          "port_directions": {
            "A": "input",
            "B": "input",
            "Y": "output"
          },
          "connections": {
            "A": [ 246, 247, 248, 249, 250 ],
            "B": [ 111, 112, 113, 114, 162 ],
            "Y": [ 133, 134, 135, 136, 137 ]
          }
        },
        "$sub$designs/211/top.sv:19$7": {
          "hide_name": 1,
          "type": "$sub",
          "parameters": {
            "A_SIGNED": "00000000000000000000000000000000",
            "A_WIDTH": "00000000000000000000000000000101",
            "B_SIGNED": "00000000000000000000000000000000",
            "B_WIDTH": "00000000000000000000000000000101",
            "Y_WIDTH": "00000000000000000000000000000101"
          },
          "attributes": {
            "src": "designs/211/top.sv:19.40-19.201"
          },
          "port_directions": {
            "A": "input",
            "B": "input",
            "Y": "output"
          },
          "connections": {
            "A": [ 241, 242, 243, 244, 245 ],
            "B": [ 2, 3, 4, 5, 6 ],
            "Y": [ 196, 197, 198, 199, 200 ]
          }
        },
        "$sub$designs/211/top.sv:19$9": {
          "hide_name": 1,
          "type": "$sub",
          "parameters": {
            "A_SIGNED": "00000000000000000000000000000000",
            "A_WIDTH": "00000000000000000000000000000101",
            "B_SIGNED": "00000000000000000000000000000000",
            "B_WIDTH": "00000000000000000000000000000101",
            "Y_WIDTH": "00000000000000000000000000000101"
          },
          "attributes": {
            "src": "designs/211/top.sv:19.30-19.230"
          },
          "port_directions": {
            "A": "input",
            "B": "input",
            "Y": "output"
          },
          "connections": {
            "A": [ 201, 202, 203, 204, 205 ],
            "B": [ 2, 3, 4, 5, 6 ],
            "Y": [ 111, 112, 113, 114, 162 ]
          }
        },
        "$sub$designs/211/top.sv:23$19": {
          "hide_name": 1,
          "type": "$sub",
          "parameters": {
            "A_SIGNED": "00000000000000000000000000000000",
            "A_WIDTH": "00000000000000000000000000000101",
            "B_SIGNED": "00000000000000000000000000000000",
            "B_WIDTH": "00000000000000000000000000000100",
            "Y_WIDTH": "00000000000000000000000000000101"
          },
          "attributes": {
            "src": "designs/211/top.sv:23.31-23.109"
          },
          "port_directions": {
            "A": "input",
            "B": "input",
            "Y": "output"
          },
          "connections": {
            "A": [ 187, 188, 189, 190, 6 ],
            "B": [ 112, 113, 114, 162 ],
            "Y": [ 246, 247, 248, 249, 250 ]
          }
        },
        "$sub$designs/211/top.sv:24$25": {
          "hide_name": 1,
          "type": "$sub",
          "parameters": {
            "A_SIGNED": "00000000000000000000000000000000",
            "A_WIDTH": "00000000000000000000000000011010",
            "B_SIGNED": "00000000000000000000000000000000",
            "B_WIDTH": "00000000000000000000000000000101",
            "Y_WIDTH": "00000000000000000000000000011010"
          },
          "attributes": {
            "src": "designs/211/top.sv:24.52-24.112"
          },
          "port_directions": {
            "A": "input",
            "B": "input",
            "Y": "output"
          },
          "connections": {
            "A": [ 148, 149, 150, 151, 152, "1", "1", "1", "1", "1", "1", "1", "1", "1", "1", "1", "1", "1", "1", "1", "1", "1", "1", "1", "1", "1" ],
            "B": [ 133, 134, 135, 136, 137 ],
            "Y": [ 251, 252, 253, 254, 255, 256, 257, 258, 259, 260, 261, 262, 263, 264, 265, 266, 267, 268, 269, 270, 271, 272, 273, 274, 275, 276 ]
          }
        },
        "$sub$designs/211/top.sv:24$28": {
          "hide_name": 1,
          "type": "$sub",
          "parameters": {
            "A_SIGNED": "00000000000000000000000000000000",
            "A_WIDTH": "00000000000000000000000000011010",
            "B_SIGNED": "00000000000000000000000000000000",
            "B_WIDTH": "00000000000000000000000000011010",
            "Y_WIDTH": "00000000000000000000000000011010"
          },
          "attributes": {
            "src": "designs/211/top.sv:24.43-24.126"
          },
          "port_directions": {
            "A": "input",
            "B": "input",
            "Y": "output"
          },
          "connections": {
            "A": [ 251, 252, 253, 254, 255, 256, 257, 258, 259, 260, 261, 262, 263, 264, 265, 266, 267, 268, 269, 270, 271, 272, 273, 274, 275, 276 ],
            "B": [ 158, 159, 160, 161, "1", "1", "1", "1", "1", "1", "1", "1", "1", "1", "1", "1", "1", "1", "1", "1", "1", "1", "1", "1", "1", "1" ],
            "Y": [ 18, 19, 20, 21, 22, 23, 24, 25, 26, 27, 28, 29, 30, 31, 32, 33, 34, 35, 36, 37, 38, 39, 40, 41, 42, 43 ]
          }
        },
        "$sub$designs/211/top.sv:27$48": {
          "hide_name": 1,
          "type": "$sub",
          "parameters": {
            "A_SIGNED": "00000000000000000000000000000000",
            "A_WIDTH": "00000000000000000000000000000101",
            "B_SIGNED": "00000000000000000000000000000000",
            "B_WIDTH": "00000000000000000000000000000101",
            "Y_WIDTH": "00000000000000000000000000000110"
          },
          "attributes": {
            "src": "designs/211/top.sv:27.44-27.68"
          },
          "port_directions": {
            "A": "input",
            "B": "input",
            "Y": "output"
          },
          "connections": {
            "A": [ 133, 134, 135, 136, 137 ],
            "B": [ 111, 112, 113, 114, 162 ],
            "Y": [ 177, 178, 179, 180, 181, 277 ]
          }
        },
        "$xor$designs/211/top.sv:21$16": {
          "hide_name": 1,
          "type": "$xor",
          "parameters": {
            "A_SIGNED": "00000000000000000000000000000000",
            "A_WIDTH": "00000000000000000000000000000100",
            "B_SIGNED": "00000000000000000000000000000000",
            "B_WIDTH": "00000000000000000000000000000100",
            "Y_WIDTH": "00000000000000000000000000000100"
          },
          "attributes": {
            "src": "designs/211/top.sv:21.27-21.138"
          },
          "port_directions": {
            "A": "input",
            "B": "input",
            "Y": "output"
          },
          "connections": {
            "A": [ 123, 124, 125, 126 ],
            "B": [ 237, 238, 239, 240 ],
            "Y": [ 44, 45, 46, 47 ]
          }
        },
        "$xor$designs/211/top.sv:24$21": {
          "hide_name": 1,
          "type": "$xor",
          "parameters": {
            "A_SIGNED": "00000000000000000000000000000000",
            "A_WIDTH": "00000000000000000000000000000101",
            "B_SIGNED": "00000000000000000000000000000000",
            "B_WIDTH": "00000000000000000000000000000101",
            "Y_WIDTH": "00000000000000000000000000000101"
          },
          "attributes": {
            "src": "designs/211/top.sv:24.62-24.88"
          },
          "port_directions": {
            "A": "input",
            "B": "input",
            "Y": "output"
          },
          "connections": {
            "A": [ 133, 134, 135, 136, 137 ],
            "B": [ 111, 112, 113, 114, 162 ],
            "Y": [ 143, 144, 145, 146, 147 ]
          }
        },
        "$xor$designs/211/top.sv:25$39": {
          "hide_name": 1,
          "type": "$xor",
          "parameters": {
            "A_SIGNED": "00000000000000000000000000000000",
            "A_WIDTH": "00000000000000000000000000000111",
            "B_SIGNED": "00000000000000000000000000000000",
            "B_WIDTH": "00000000000000000000000000000111",
            "Y_WIDTH": "00000000000000000000000000000111"
          },
          "attributes": {
            "src": "designs/211/top.sv:25.30-25.149"
          },
          "port_directions": {
            "A": "input",
            "B": "input",
            "Y": "output"
          },
          "connections": {
            "A": [ 206, 207, 208, 209, 210, 211, 212 ],
            "B": [ 74, 75, 76, 77, 78, 79, 80 ],
            "Y": [ 213, 214, 215, 216, 217, 218, 219 ]
          }
        },
        "$xor$designs/211/top.sv:34$82": {
          "hide_name": 1,
          "type": "$xor",
          "parameters": {
            "A_SIGNED": "00000000000000000000000000000000",
            "A_WIDTH": "00000000000000000000000000000011",
            "B_SIGNED": "00000000000000000000000000000000",
            "B_WIDTH": "00000000000000000000000000000011",
            "Y_WIDTH": "00000000000000000000000000000011"
          },
          "attributes": {
            "src": "designs/211/top.sv:34.39-34.94"
          },
          "port_directions": {
            "A": "input",
            "B": "input",
            "Y": "output"
          },
          "connections": {
            "A": [ 234, 235, 236 ],
            "B": [ 133, 134, 135 ],
            "Y": [ 127, 128, 129 ]
          }
        }
      },
      "netnames": {
        "$add$designs/211/top.sv:19$3_Y": {
          "hide_name": 1,
          "bits": [ 191, 192, 193, 194, 195 ],
          "attributes": {
            "src": "designs/211/top.sv:19.82-19.141"
          }
        },
        "$add$designs/211/top.sv:19$5_Y": {
          "hide_name": 1,
          "bits": [ 13, 14, 15, 16, 17 ],
          "attributes": {
            "src": "designs/211/top.sv:19.60-19.171"
          }
        },
        "$add$designs/211/top.sv:24$29_Y": {
          "hide_name": 1,
          "bits": [ 48, 49, 50, 51, 52, 53, 54, 55, 56, 57, 58, 59, 60, 61, 62, 63, 64, 65, 66, 67, 68, 69, 70, 71, 72, 73 ],
          "attributes": {
            "src": "designs/211/top.sv:24.42-24.136"
          }
        },
        "$add$designs/211/top.sv:25$32_Y": {
          "hide_name": 1,
          "bits": [ 81, 82, 83, 84, 85, 86, 87 ],
          "attributes": {
            "src": "designs/211/top.sv:25.65-25.89"
          }
        },
        "$add$designs/211/top.sv:25$33_Y": {
          "hide_name": 1,
          "bits": [ 88, 89, 90, 91, 92, 93, 94 ],
          "attributes": {
            "src": "designs/211/top.sv:25.64-25.99"
          }
        },
        "$add$designs/211/top.sv:25$35_Y": {
          "hide_name": 1,
          "bits": [ 100, 101, 102, 103, 104, 105, 106 ],
          "attributes": {
            "src": "designs/211/top.sv:25.52-25.124"
          }
        },
        "$and$designs/211/top.sv:21$11_Y": {
          "hide_name": 1,
          "bits": [ 115, 116, 117, 118, 278, 279, 280, 281, 282, "0", "0", "0", "0", "0", "0", "0", "0", "0", "0", "0", "0", "0", "0", "0", "0", "0" ],
          "attributes": {
            "src": "designs/211/top.sv:21.54-21.102",
            "unused_bits": "4 5 6 7 8"
          }
        },
        "$and$designs/211/top.sv:21$13_Y": {
          "hide_name": 1,
          "bits": [ 123, 124, 125, 126, 283, 284, 285, 286, 287, "0", "0", "0", "0", "0", "0", "0", "0", "0", "0", "0", "0", "0", "0", "0", "0", "0" ],
          "attributes": {
            "src": "designs/211/top.sv:21.36-21.124",
            "unused_bits": "4 5 6 7 8"
          }
        },
        "$and$designs/211/top.sv:34$83_Y": {
          "hide_name": 1,
          "bits": [ 130, 131, 132, 288, 289, 290, 291, 292, 293, 294, 295, 296, 297, 298, 299, 300, 301, 302, 303, 304, 305, 306, 307, 308, "0", "0" ],
          "attributes": {
            "src": "designs/211/top.sv:34.38-34.104",
            "unused_bits": "1 2 3 4 5 6 7 8 9 10 11 12 13 14 15 16 17 18 19 20 21 22 23"
          }
        },
        "$auto$opt_expr.cc:205:group_cell_inputs$103": {
          "hide_name": 1,
          "bits": [ 148, 149, 150, 151, 152 ],
          "attributes": {
          }
        },
        "$auto$opt_expr.cc:205:group_cell_inputs$106": {
          "hide_name": 1,
          "bits": [ 158, 159, 160, 161 ],
          "attributes": {
          }
        },
        "$auto$opt_expr.cc:205:group_cell_inputs$110": {
          "hide_name": 1,
          "bits": [ 153, 154, 155, 156, 157 ],
          "attributes": {
          }
        },
        "$auto$opt_expr.cc:205:group_cell_inputs$113": {
          "hide_name": 1,
          "bits": [ 95, 96, 97, 98, 99 ],
          "attributes": {
          }
        },
        "$auto$opt_expr.cc:205:group_cell_inputs$120": {
          "hide_name": 1,
          "bits": [ 163, 164, 165, 166, 167 ],
          "attributes": {
          }
        },
        "$auto$opt_expr.cc:205:group_cell_inputs$142": {
          "hide_name": 1,
          "bits": [ 176 ],
          "attributes": {
          }
        },
        "$auto$opt_expr.cc:205:group_cell_inputs$146": {
          "hide_name": 1,
          "bits": [ 168, 169, 170, 171, 182 ],
          "attributes": {
          }
        },
        "$auto$opt_expr.cc:205:group_cell_inputs$93": {
          "hide_name": 1,
          "bits": [ 183, 184, 185, 186 ],
          "attributes": {
          }
        },
        "$auto$opt_expr.cc:205:group_cell_inputs$96": {
          "hide_name": 1,
          "bits": [ 187, 188, 189, 190 ],
          "attributes": {
          }
        },
        "$auto$opt_expr.cc:205:group_cell_inputs$99": {
          "hide_name": 1,
          "bits": [ 138, 139, 140, 141, 142 ],
          "attributes": {
          }
        },
        "$auto$wreduce.cc:514:run$88": {
          "hide_name": 1,
          "bits": [ 127, 128, 129, 309, 310, 311, 312, 313, 314, 315, 316, 317, 318, 319, 320, 321, 322, 323, 324, 325, 326, 327, 328, 329, "0", "0" ],
          "attributes": {
            "src": "designs/211/top.sv:34.39-34.94",
            "unused_bits": "3 4 5 6 7 8 9 10 11 12 13 14 15 16 17 18 19 20 21 22 23"
          }
        },
        "$mul$designs/211/top.sv:19$4_Y": {
          "hide_name": 1,
          "bits": [ 8, 9, 10, 11, 12 ],
          "attributes": {
            "src": "designs/211/top.sv:19.71-19.156"
          }
        },
        "$mul$designs/211/top.sv:19$8_Y": {
          "hide_name": 1,
          "bits": [ 201, 202, 203, 204, 205 ],
          "attributes": {
            "src": "designs/211/top.sv:19.31-19.216"
          }
        },
        "$mul$designs/211/top.sv:21$10_Y": {
          "hide_name": 1,
          "bits": [ 107, 108, 109, 110, 330, 331, 332, 333, 334, "0", "0", "0", "0", "0", "0", "0", "0", "0", "0", "0", "0", "0", "0", "0", "0", "0" ],
          "attributes": {
            "src": "designs/211/top.sv:21.55-21.92",
            "unused_bits": "4 5 6 7 8"
          }
        },
        "$mul$designs/211/top.sv:25$38_Y": {
          "hide_name": 1,
          "bits": [ 206, 207, 208, 209, 210, 211, 212 ],
          "attributes": {
            "src": "designs/211/top.sv:25.41-25.138"
          }
        },
        "$mul$designs/211/top.sv:34$80_Y": {
          "hide_name": 1,
          "bits": [ 220, 221, 222, 223, 224, 225, 226, 227, 228, 229, 230, 231, 232, 233, "0", "0", "0", "0", "0", "0", "0", "0", "0", "0" ],
          "attributes": {
            "src": "designs/211/top.sv:34.57-34.72"
          }
        },
        "$mul$designs/211/top.sv:34$81_Y": {
          "hide_name": 1,
          "bits": [ 234, 235, 236, 335, 336, 337, 338, 339, 340, 341, 342, 343, 344, 345, 346, 347, 348, 349, 350, 351, 352, 353, 354, 355 ],
          "attributes": {
            "src": "designs/211/top.sv:34.48-34.83",
            "unused_bits": "3 4 5 6 7 8 9 10 11 12 13 14 15 16 17 18 19 20 21 22 23"
          }
        },
        "$not$designs/211/top.sv:21$15_Y": {
          "hide_name": 1,
          "bits": [ 237, 238, 239, 240, 356, 357, 358, 359, 360, 361, 362, 363, 364, 365, 366, 367, 368, 369, 370, 371, 372, 373, 374, 375, 376, 377, 378, 379, 380, 381 ],
          "attributes": {
            "src": "designs/211/top.sv:21.130-21.137",
            "unused_bits": "4 5 6 7 8 9 10 11 12 13 14 15 16 17 18 19 20 21 22 23 24 25 26 27 28 29"
          }
        },
        "$or$designs/211/top.sv:19$6_Y": {
          "hide_name": 1,
          "bits": [ 241, 242, 243, 244, 245 ],
          "attributes": {
            "src": "designs/211/top.sv:19.49-19.186"
          }
        },
        "$or$designs/211/top.sv:21$12_Y": {
          "hide_name": 1,
          "bits": [ 119, 120, 121, 122, 382, 383, 384, 385, 386, "0", "0", "0", "0", "0", "0", "0", "0", "0", "0", "0", "0", "0", "0", "0", "0", "0" ],
          "attributes": {
            "src": "designs/211/top.sv:21.45-21.113",
            "unused_bits": "4 5 6 7 8"
          }
        },
        "$sub$designs/211/top.sv:19$7_Y": {
          "hide_name": 1,
          "bits": [ 196, 197, 198, 199, 200 ],
          "attributes": {
            "src": "designs/211/top.sv:19.40-19.201"
          }
        },
        "$sub$designs/211/top.sv:23$19_Y": {
          "hide_name": 1,
          "bits": [ 246, 247, 248, 249, 250, 387, 387, 387, 387, 387, 387, 387, 387, 387, 387, 387, 387, 387, 387, 387, 387, 387, 387, 387, 387 ],
          "attributes": {
            "src": "designs/211/top.sv:23.31-23.109",
            "unused_bits": "5 6 7 8 9 10 11 12 13 14 15 16 17 18 19 20 21 22 23 24"
          }
        },
        "$sub$designs/211/top.sv:24$25_Y": {
          "hide_name": 1,
          "bits": [ 251, 252, 253, 254, 255, 256, 257, 258, 259, 260, 261, 262, 263, 264, 265, 266, 267, 268, 269, 270, 271, 272, 273, 274, 275, 276 ],
          "attributes": {
            "src": "designs/211/top.sv:24.52-24.112"
          }
        },
        "$sub$designs/211/top.sv:24$28_Y": {
          "hide_name": 1,
          "bits": [ 18, 19, 20, 21, 22, 23, 24, 25, 26, 27, 28, 29, 30, 31, 32, 33, 34, 35, 36, 37, 38, 39, 40, 41, 42, 43 ],
          "attributes": {
            "src": "designs/211/top.sv:24.43-24.126"
          }
        },
        "$sub$designs/211/top.sv:27$48_Y": {
          "hide_name": 1,
          "bits": [ 177, 178, 179, 180, 181, 277, 277, 277, 277, 277, 277, 277, 277, 277, 277, 277, 277, 277, 277, 277, 277, 277, 277, 277, 277, 277 ],
          "attributes": {
            "src": "designs/211/top.sv:27.44-27.68",
            "unused_bits": "5 6 7 8 9 10 11 12 13 14 15 16 17 18 19 20 21 22 23 24 25"
          }
        },
        "$xor$designs/211/top.sv:24$21_Y": {
          "hide_name": 1,
          "bits": [ 143, 144, 145, 146, 147, "0", "0", "0", "0", "0", "0", "0", "0", "0", "0", "0", "0", "0", "0", "0", "0", "0", "0", "0", "0", "0" ],
          "attributes": {
            "src": "designs/211/top.sv:24.62-24.88"
          }
        },
        "input_data": {
          "hide_name": 0,
          "bits": [ 2, 3, 4, 5, 6 ],
          "attributes": {
            "src": "designs/211/top.sv:2.17-2.27"
          }
        },
        "output_data": {
          "hide_name": 0,
          "bits": [ 7, "1", "1" ],
          "attributes": {
            "src": "designs/211/top.sv:3.18-3.29"
          }
        },
        "temp_0": {
          "hide_name": 0,
          "bits": [ 111, 112, 113, 114, 162, "0", "0", "0", "0", "0", "0", "0", "0", "0", "0", "0", "0", "0", "0", "0", "0", "0", "0", "0", "0", "0" ],
          "attributes": {
            "src": "designs/211/top.sv:6.18-6.24"
          }
        },
        "temp_1": {
          "hide_name": 0,
          "bits": [ 44, 45, 46, 47 ],
          "attributes": {
            "src": "designs/211/top.sv:7.17-7.23"
          }
        },
        "temp_2": {
          "hide_name": 0,
          "bits": [ 133, 134, 135, 136, 137 ],
          "attributes": {
            "src": "designs/211/top.sv:8.17-8.23"
          }
        },
        "temp_3": {
          "hide_name": 0,
          "bits": [ 74, 75, 76, 77, 78, 79, 80 ],
          "attributes": {
            "src": "designs/211/top.sv:9.17-9.23"
          }
        },
        "temp_4": {
          "hide_name": 0,
          "bits": [ 213, 214, 215, 216, 217, 218, 219, "0", "0", "0", "0", "0", "0", "0", "0", "0", "0", "0", "0", "0", "0", "0", "0", "0" ],
          "attributes": {
            "src": "designs/211/top.sv:10.18-10.24"
          }
        },
        "temp_6": {
          "hide_name": 0,
          "bits": [ 172, 173, 174, 175, 182, "1", "1", "1", "1", "1", "1", "1", "1", "1" ],
          "attributes": {
            "src": "designs/211/top.sv:12.18-12.24"
          }
        }
      }
    }
  }
}
