{
  "creator": "Yosys 0.60 (git sha1 5bafeb77dc71e054fa331ab9efa613e6fb0a1c49, clang++ 17.0.0 -fPIC -O3)",
  "modules": {
    "top": {
      "attributes": {
        "top": "00000000000000000000000000000001",
        "src": "designs/115/top.sv:1.1-22.10"
      },
      "ports": {
        "input_data": {
          "direction": "input",
          "bits": [ 2, 3, 4, 5, 6 ]
        },
        "output_data": {
          "direction": "output",
          "bits": [ 7, 8, 9, 10, 11, 12, 13, 14, 15, 16, 17, 18, 19, 20, 21, 22, 23, 24, 25 ]
        }
      },
      "cells": {
        "$add$designs/115/top.sv:16$12": {
          "hide_name": 1,
          "type": "$add",
          "parameters": {
            "A_SIGNED": "00000000000000000000000000000000",
            "A_WIDTH": "00000000000000000000000000000101",
            "B_SIGNED": "00000000000000000000000000000000",
            "B_WIDTH": "00000000000000000000000000000101",
            "Y_WIDTH": "00000000000000000000000000000101"
          },
          "attributes": {
            "src": "designs/115/top.sv:16.39-16.71"
          },
          "port_directions": {
            "A": "input",
            "B": "input",
            "Y": "output"
          },
          "connections": {
            "A": [ 2, 3, 4, 5, 6 ],
            "B": [ 2, 3, 4, 5, 6 ],
            "Y": [ 26, 27, 28, 29, 30 ]
          }
        },
        "$add$designs/115/top.sv:20$38": {
          "hide_name": 1,
          "type": "$add",
          "parameters": {
            "A_SIGNED": "00000000000000000000000000000000",
            "A_WIDTH": "00000000000000000000000000000101",
            "B_SIGNED": "00000000000000000000000000000000",
            "B_WIDTH": "00000000000000000000000000000101",
            "Y_WIDTH": "00000000000000000000000000000110"
          },
          "attributes": {
            "src": "designs/115/top.sv:20.78-20.93"
          },
          "port_directions": {
            "A": "input",
            "B": "input",
            "Y": "output"
          },
          "connections": {
            "A": [ 31, 32, 33, 34, 35 ],
            "B": [ 31, 32, 33, 34, 35 ],
            "Y": [ 36, 37, 38, 39, 40, 41 ]
          }
        },
        "$add$designs/115/top.sv:20$40": {
          "hide_name": 1,
          "type": "$add",
          "parameters": {
            "A_SIGNED": "00000000000000000000000000000000",
            "A_WIDTH": "00000000000000000000000000100000",
            "B_SIGNED": "00000000000000000000000000000000",
            "B_WIDTH": "00000000000000000000000000000101",
            "Y_WIDTH": "00000000000000000000000000100000"
          },
          "attributes": {
            "src": "designs/115/top.sv:20.58-20.120"
          },
          "port_directions": {
            "A": "input",
            "B": "input",
            "Y": "output"
          },
          "connections": {
            "A": [ 42, 43, 44, 45, 46, 47, 48, 48, 48, 48, 48, 48, 48, 48, 48, 48, 48, 48, 48, 48, 48, 48, 48, 48, 48, 48, 48, 48, 48, 48, 48, 48 ],
            "B": [ 31, 32, 33, 34, 35 ],
            "Y": [ 49, 50, 51, 52, 53, 54, 55, 56, 57, 58, 59, 60, 61, 62, 63, 64, 65, 66, 67, 68, 69, 70, 71, 72, 73, 74, 75, 76, 77, 78, 79, 80 ]
          }
        },
        "$add$designs/115/top.sv:20$43": {
          "hide_name": 1,
          "type": "$add",
          "parameters": {
            "A_SIGNED": "00000000000000000000000000000000",
            "A_WIDTH": "00000000000000000000000000010011",
            "B_SIGNED": "00000000000000000000000000000000",
            "B_WIDTH": "00000000000000000000000000000101",
            "Y_WIDTH": "00000000000000000000000000010011"
          },
          "attributes": {
            "src": "designs/115/top.sv:20.35-20.158"
          },
          "port_directions": {
            "A": "input",
            "B": "input",
            "Y": "output"
          },
          "connections": {
            "A": [ 81, 82, 83, 84, 85, 86, 87, 88, 89, 90, 91, 92, 93, 94, 95, 96, 97, 98, 99 ],
            "B": [ 100, 101, 102, 103, 104 ],
            "Y": [ 7, 8, 9, 10, 11, 12, 13, 14, 15, 16, 17, 18, 19, 20, 21, 22, 23, 24, 25 ]
          }
        },
        "$and$designs/115/top.sv:13$3": {
          "hide_name": 1,
          "type": "$and",
          "parameters": {
            "A_SIGNED": "00000000000000000000000000000000",
            "A_WIDTH": "00000000000000000000000000000101",
            "B_SIGNED": "00000000000000000000000000000000",
            "B_WIDTH": "00000000000000000000000000000101",
            "Y_WIDTH": "00000000000000000000000000000101"
          },
          "attributes": {
            "src": "designs/115/top.sv:13.22-13.93"
          },
          "port_directions": {
            "A": "input",
            "B": "input",
            "Y": "output"
          },
          "connections": {
            "A": [ 105, 106, 107, 108, 109 ],
            "B": [ 2, 3, 4, 5, 6 ],
            "Y": [ 110, 111, 112, 113, 114 ]
          }
        },
        "$and$designs/115/top.sv:14$6": {
          "hide_name": 1,
          "type": "$and",
          "parameters": {
            "A_SIGNED": "00000000000000000000000000000000",
            "A_WIDTH": "00000000000000000000000000000101",
            "B_SIGNED": "00000000000000000000000000000000",
            "B_WIDTH": "00000000000000000000000000000101",
            "Y_WIDTH": "00000000000000000000000000000101"
          },
          "attributes": {
            "src": "designs/115/top.sv:14.24-14.98"
          },
          "port_directions": {
            "A": "input",
            "B": "input",
            "Y": "output"
          },
          "connections": {
            "A": [ 115, 116, 117, 118, 119 ],
            "B": [ 2, 3, 4, 5, 6 ],
            "Y": [ 120, 121, 122, 123, 124 ]
          }
        },
        "$and$designs/115/top.sv:14$8": {
          "hide_name": 1,
          "type": "$and",
          "parameters": {
            "A_SIGNED": "00000000000000000000000000000000",
            "A_WIDTH": "00000000000000000000000000000101",
            "B_SIGNED": "00000000000000000000000000000000",
            "B_WIDTH": "00000000000000000000000000000101",
            "Y_WIDTH": "00000000000000000000000000000101"
          },
          "attributes": {
            "src": "designs/115/top.sv:14.22-14.123"
          },
          "port_directions": {
            "A": "input",
            "B": "input",
            "Y": "output"
          },
          "connections": {
            "A": [ 125, 126, 122, 123, 124 ],
            "B": [ 110, 111, 112, 113, 114 ],
            "Y": [ 100, 101, 102, 103, 104 ]
          }
        },
        "$auto$opt_expr.cc:276:group_cell_inputs$48": {
          "hide_name": 1,
          "type": "$xor",
          "parameters": {
            "A_SIGNED": "00000000000000000000000000000000",
            "A_WIDTH": "00000000000000000000000000000010",
            "B_SIGNED": "00000000000000000000000000000000",
            "B_WIDTH": "00000000000000000000000000000010",
            "Y_WIDTH": "00000000000000000000000000000010"
          },
          "attributes": {
          },
          "port_directions": {
            "A": "input",
            "B": "input",
            "Y": "output"
          },
          "connections": {
            "A": [ 120, 121 ],
            "B": [ 110, 111 ],
            "Y": [ 125, 126 ]
          }
        },
        "$auto$opt_expr.cc:276:group_cell_inputs$74": {
          "hide_name": 1,
          "type": "$xor",
          "parameters": {
            "A_SIGNED": "00000000000000000000000000000000",
            "A_WIDTH": "00000000000000000000000000000110",
            "B_SIGNED": "00000000000000000000000000000000",
            "B_WIDTH": "00000000000000000000000000000110",
            "Y_WIDTH": "00000000000000000000000000000110"
          },
          "attributes": {
          },
          "port_directions": {
            "A": "input",
            "B": "input",
            "Y": "output"
          },
          "connections": {
            "A": [ 36, 37, 38, 39, 40, 41 ],
            "B": [ 127, 128, 129, 130, 131, 48 ],
            "Y": [ 42, 43, 44, 45, 46, 47 ]
          }
        },
        "$mul$designs/115/top.sv:20$42": {
          "hide_name": 1,
          "type": "$mul",
          "parameters": {
            "A_SIGNED": "00000000000000000000000000000000",
            "A_WIDTH": "00000000000000000000000000100000",
            "B_SIGNED": "00000000000000000000000000000000",
            "B_WIDTH": "00000000000000000000000000000101",
            "Y_WIDTH": "00000000000000000000000000010011"
          },
          "attributes": {
            "src": "designs/115/top.sv:20.36-20.148"
          },
          "port_directions": {
            "A": "input",
            "B": "input",
            "Y": "output"
          },
          "connections": {
            "A": [ 132, 133, 134, 135, 136, 137, 138, 139, 140, 141, 142, 143, 144, 145, 146, 147, 148, 149, 150, 151, 152, 153, 154, 155, 156, 157, 158, 159, 160, 161, 162, 163 ],
            "B": [ 100, 101, 102, 103, 104 ],
            "Y": [ 81, 82, 83, 84, 85, 86, 87, 88, 89, 90, 91, 92, 93, 94, 95, 96, 97, 98, 99 ]
          }
        },
        "$or$designs/115/top.sv:13$1": {
          "hide_name": 1,
          "type": "$or",
          "parameters": {
            "A_SIGNED": "00000000000000000000000000000000",
            "A_WIDTH": "00000000000000000000000000000101",
            "B_SIGNED": "00000000000000000000000000000000",
            "B_WIDTH": "00000000000000000000000000000101",
            "Y_WIDTH": "00000000000000000000000000000101"
          },
          "attributes": {
            "src": "designs/115/top.sv:13.32-13.64"
          },
          "port_directions": {
            "A": "input",
            "B": "input",
            "Y": "output"
          },
          "connections": {
            "A": [ 2, 3, 4, 5, 6 ],
            "B": [ 2, 3, 4, 5, 6 ],
            "Y": [ 164, 165, 166, 167, 168 ]
          }
        },
        "$or$designs/115/top.sv:13$2": {
          "hide_name": 1,
          "type": "$or",
          "parameters": {
            "A_SIGNED": "00000000000000000000000000000000",
            "A_WIDTH": "00000000000000000000000000000101",
            "B_SIGNED": "00000000000000000000000000000000",
            "B_WIDTH": "00000000000000000000000000000101",
            "Y_WIDTH": "00000000000000000000000000000101"
          },
          "attributes": {
            "src": "designs/115/top.sv:13.23-13.79"
          },
          "port_directions": {
            "A": "input",
            "B": "input",
            "Y": "output"
          },
          "connections": {
            "A": [ 164, 165, 166, 167, 168 ],
            "B": [ 2, 3, 4, 5, 6 ],
            "Y": [ 105, 106, 107, 108, 109 ]
          }
        },
        "$or$designs/115/top.sv:14$4": {
          "hide_name": 1,
          "type": "$or",
          "parameters": {
            "A_SIGNED": "00000000000000000000000000000000",
            "A_WIDTH": "00000000000000000000000000000101",
            "B_SIGNED": "00000000000000000000000000000000",
            "B_WIDTH": "00000000000000000000000000000101",
            "Y_WIDTH": "00000000000000000000000000000101"
          },
          "attributes": {
            "src": "designs/115/top.sv:14.44-14.72"
          },
          "port_directions": {
            "A": "input",
            "B": "input",
            "Y": "output"
          },
          "connections": {
            "A": [ 110, 111, 112, 113, 114 ],
            "B": [ 2, 3, 4, 5, 6 ],
            "Y": [ 169, 170, 171, 172, 173 ]
          }
        },
        "$or$designs/115/top.sv:15$11": {
          "hide_name": 1,
          "type": "$or",
          "parameters": {
            "A_SIGNED": "00000000000000000000000000000000",
            "A_WIDTH": "00000000000000000000000000000101",
            "B_SIGNED": "00000000000000000000000000000000",
            "B_WIDTH": "00000000000000000000000000000101",
            "Y_WIDTH": "00000000000000000000000000000101"
          },
          "attributes": {
            "src": "designs/115/top.sv:15.22-15.79"
          },
          "port_directions": {
            "A": "input",
            "B": "input",
            "Y": "output"
          },
          "connections": {
            "A": [ 174, 175, 176, 177, 178 ],
            "B": [ 100, 101, 102, 103, 104 ],
            "Y": [ 31, 32, 33, 34, 35 ]
          }
        },
        "$or$designs/115/top.sv:15$9": {
          "hide_name": 1,
          "type": "$or",
          "parameters": {
            "A_SIGNED": "00000000000000000000000000000000",
            "A_WIDTH": "00000000000000000000000000000101",
            "B_SIGNED": "00000000000000000000000000000000",
            "B_WIDTH": "00000000000000000000000000000101",
            "Y_WIDTH": "00000000000000000000000000000101"
          },
          "attributes": {
            "src": "designs/115/top.sv:15.42-15.57"
          },
          "port_directions": {
            "A": "input",
            "B": "input",
            "Y": "output"
          },
          "connections": {
            "A": [ 110, 111, 112, 113, 114 ],
            "B": [ 100, 101, 102, 103, 104 ],
            "Y": [ 179, 180, 181, 182, 183 ]
          }
        },
        "$reduce_bool$designs/115/top.sv:16$23": {
          "hide_name": 1,
          "type": "$reduce_bool",
          "parameters": {
            "A_SIGNED": "00000000000000000000000000000000",
            "A_WIDTH": "00000000000000000000000000000101",
            "Y_WIDTH": "00000000000000000000000000000001"
          },
          "attributes": {
            "src": "designs/115/top.sv:16.21-16.250"
          },
          "port_directions": {
            "A": "input",
            "Y": "output"
          },
          "connections": {
            "A": [ 110, 111, 112, 113, 114 ],
            "Y": [ 184 ]
          }
        },
        "$sub$designs/115/top.sv:20$41": {
          "hide_name": 1,
          "type": "$sub",
          "parameters": {
            "A_SIGNED": "00000000000000000000000000000000",
            "A_WIDTH": "00000000000000000000000000100000",
            "B_SIGNED": "00000000000000000000000000000000",
            "B_WIDTH": "00000000000000000000000000011010",
            "Y_WIDTH": "00000000000000000000000000100000"
          },
          "attributes": {
            "src": "designs/115/top.sv:20.47-20.137"
          },
          "port_directions": {
            "A": "input",
            "B": "input",
            "Y": "output"
          },
          "connections": {
            "A": [ 49, 50, 51, 52, 53, 54, 55, 56, 57, 58, 59, 60, 61, 62, 63, 64, 65, 66, 67, 68, 69, 70, 71, 72, 73, 74, 75, 76, 77, 78, 79, 80 ],
            "B": [ 48, 48, 48, 48, 48, 48, 48, 48, 48, 48, 48, 48, 48, 48, 48, 48, 48, 48, 48, 48, 48, 48, 48, 48, 48, 48 ],
            "Y": [ 132, 133, 134, 135, 136, 137, 138, 139, 140, 141, 142, 143, 144, 145, 146, 147, 148, 149, 150, 151, 152, 153, 154, 155, 156, 157, 158, 159, 160, 161, 162, 163 ]
          }
        },
        "$ternary$designs/115/top.sv:16$24": {
          "hide_name": 1,
          "type": "$mux",
          "parameters": {
            "WIDTH": "00000000000000000000000000000110"
          },
          "attributes": {
            "src": "designs/115/top.sv:16.21-16.250"
          },
          "port_directions": {
            "A": "input",
            "B": "input",
            "S": "input",
            "Y": "output"
          },
          "connections": {
            "A": [ 110, 111, 112, 113, 114, "0" ],
            "B": [ 26, 27, 28, 29, 30, 30 ],
            "S": [ 184 ],
            "Y": [ 127, 128, 129, 130, 131, 48 ]
          }
        },
        "$xor$designs/115/top.sv:14$5": {
          "hide_name": 1,
          "type": "$xor",
          "parameters": {
            "A_SIGNED": "00000000000000000000000000000000",
            "A_WIDTH": "00000000000000000000000000000101",
            "B_SIGNED": "00000000000000000000000000000000",
            "B_WIDTH": "00000000000000000000000000000101",
            "Y_WIDTH": "00000000000000000000000000000101"
          },
          "attributes": {
            "src": "designs/115/top.sv:14.35-14.83"
          },
          "port_directions": {
            "A": "input",
            "B": "input",
            "Y": "output"
          },
          "connections": {
            "A": [ 169, 170, 171, 172, 173 ],
            "B": [ 110, 111, 112, 113, 114 ],
            "Y": [ 115, 116, 117, 118, 119 ]
          }
        },
        "$xor$designs/115/top.sv:15$10": {
          "hide_name": 1,
          "type": "$xor",
          "parameters": {
            "A_SIGNED": "00000000000000000000000000000000",
            "A_WIDTH": "00000000000000000000000000000101",
            "B_SIGNED": "00000000000000000000000000000000",
            "B_WIDTH": "00000000000000000000000000000101",
            "Y_WIDTH": "00000000000000000000000000000101"
          },
          "attributes": {
            "src": "designs/115/top.sv:15.33-15.68"
          },
          "port_directions": {
            "A": "input",
            "B": "input",
            "Y": "output"
          },
          "connections": {
            "A": [ 179, 180, 181, 182, 183 ],
            "B": [ 110, 111, 112, 113, 114 ],
            "Y": [ 174, 175, 176, 177, 178 ]
          }
        }
      },
      "netnames": {
        "$add$designs/115/top.sv:16$12_Y": {
          "hide_name": 1,
          "bits": [ 26, 27, 28, 29, 30 ],
          "attributes": {
            "src": "designs/115/top.sv:16.39-16.71"
          }
        },
        "$add$designs/115/top.sv:20$38_Y": {
          "hide_name": 1,
          "bits": [ 36 ],
          "attributes": {
          }
        },
        "$add$designs/115/top.sv:20$40_Y": {
          "hide_name": 1,
          "bits": [ 49, 50, 51, 52, 53, 54, 55, 56, 57, 58, 59, 60, 61, 62, 63, 64 ],
          "attributes": {
          }
        },
        "$and$designs/115/top.sv:14$6_Y": {
          "hide_name": 1,
          "bits": [ 120, 121, 122, 123, 124, "0", "0", "0", "0", "0", "0", "0", "0", "0", "0", "0", "0" ],
          "attributes": {
            "src": "designs/115/top.sv:14.24-14.98"
          }
        },
        "$auto$opt_expr.cc:205:group_cell_inputs$47": {
          "hide_name": 1,
          "bits": [ 125, 126 ],
          "attributes": {
          }
        },
        "$auto$opt_expr.cc:205:group_cell_inputs$73": {
          "hide_name": 1,
          "bits": [ 42, 43, 44, 45, 46, 47 ],
          "attributes": {
          }
        },
        "$auto$wreduce.cc:514:run$44": {
          "hide_name": 1,
          "bits": [ 81, 82, 83, 84, 85, 86, 87, 88, 89, 90, 91, 92, 93, 94, 95, 96, 97, 98, 99, 185, 186, 187, 188, 189, 190, 191, 192, 193, 194, 195, 196, 197 ],
          "attributes": {
            "src": "designs/115/top.sv:20.36-20.148",
            "unused_bits": "19 20 21 22 23 24 25 26 27 28 29 30 31"
          }
        },
        "$auto$wreduce.cc:514:run$45": {
          "hide_name": 1,
          "bits": [ 49, 50, 51, 52, 53, 54, 55, 56, 57, 58, 59, 60, 61, 62, 63, 64, 65, 66, 67, 68, 69, 70, 71, 72, 73, 74, 75, 76, 77, 78, 79, 80 ],
          "attributes": {
            "src": "designs/115/top.sv:20.58-20.120"
          }
        },
        "$auto$wreduce.cc:514:run$46": {
          "hide_name": 1,
          "bits": [ 36, 37, 38, 39, 40, 41, "0", "0" ],
          "attributes": {
            "src": "designs/115/top.sv:20.78-20.93"
          }
        },
        "$or$designs/115/top.sv:13$1_Y": {
          "hide_name": 1,
          "bits": [ 164, 165, 166, 167, 168 ],
          "attributes": {
            "src": "designs/115/top.sv:13.32-13.64"
          }
        },
        "$or$designs/115/top.sv:13$2_Y": {
          "hide_name": 1,
          "bits": [ 105, 106, 107, 108, 109 ],
          "attributes": {
            "src": "designs/115/top.sv:13.23-13.79"
          }
        },
        "$or$designs/115/top.sv:14$4_Y": {
          "hide_name": 1,
          "bits": [ 169, 170, 171, 172, 173 ],
          "attributes": {
            "src": "designs/115/top.sv:14.44-14.72"
          }
        },
        "$or$designs/115/top.sv:15$9_Y": {
          "hide_name": 1,
          "bits": [ 179, 180, 181, 182, 183, "0", "0", "0", "0", "0", "0", "0", "0", "0", "0", "0", "0" ],
          "attributes": {
            "src": "designs/115/top.sv:15.42-15.57"
          }
        },
        "$reduce_bool$designs/115/top.sv:16$23_Y": {
          "hide_name": 1,
          "bits": [ 184 ],
          "signed": 1,
          "attributes": {
            "src": "designs/115/top.sv:16.21-16.250"
          }
        },
        "$sub$designs/115/top.sv:20$41_Y": {
          "hide_name": 1,
          "bits": [ 132, 133, 134, 135, 136, 137, 138, 139, 140, 141, 142, 143, 144, 145, 146, 147, 148, 149, 150, 151, 152, 153, 154, 155, 156, 157, 158, 159, 160, 161, 162, 163 ],
          "attributes": {
            "src": "designs/115/top.sv:20.47-20.137"
          }
        },
        "$xor$designs/115/top.sv:14$5_Y": {
          "hide_name": 1,
          "bits": [ 115, 116, 117, 118, 119 ],
          "attributes": {
            "src": "designs/115/top.sv:14.35-14.83"
          }
        },
        "$xor$designs/115/top.sv:15$10_Y": {
          "hide_name": 1,
          "bits": [ 174, 175, 176, 177, 178, "0", "0", "0", "0", "0", "0", "0", "0", "0", "0", "0", "0" ],
          "attributes": {
            "src": "designs/115/top.sv:15.33-15.68"
          }
        },
        "input_data": {
          "hide_name": 0,
          "bits": [ 2, 3, 4, 5, 6 ],
          "attributes": {
            "src": "designs/115/top.sv:2.17-2.27"
          }
        },
        "output_data": {
          "hide_name": 0,
          "bits": [ 7, 8, 9, 10, 11, 12, 13, 14, 15, 16, 17, 18, 19, 20, 21, 22, 23, 24, 25 ],
          "attributes": {
            "src": "designs/115/top.sv:3.19-3.30"
          }
        },
        "temp_0": {
          "hide_name": 0,
          "bits": [ 110, 111, 112, 113, 114 ],
          "attributes": {
            "src": "designs/115/top.sv:6.17-6.23"
          }
        },
        "temp_1": {
          "hide_name": 0,
          "bits": [ 100, 101, 102, 103, 104, "0", "0", "0", "0", "0", "0", "0", "0", "0", "0", "0", "0" ],
          "attributes": {
            "src": "designs/115/top.sv:7.18-7.24"
          }
        },
        "temp_2": {
          "hide_name": 0,
          "bits": [ 31, 32, 33, 34, 35, "0", "0", "0" ],
          "attributes": {
            "src": "designs/115/top.sv:8.17-8.23"
          }
        },
        "temp_3": {
          "hide_name": 0,
          "bits": [ 127, 128, 129, 130, 131, 48, 48, 48, 48, 48, 48, 48, 48, 48, 48, 48, 48, 48, 48, 48, 48, 48, 48, 48, 48, 48, 48, 48, 48, 48, 48, 48 ],
          "attributes": {
            "src": "designs/115/top.sv:9.18-9.24"
          }
        }
      }
    }
  }
}
