{
  "creator": "Yosys 0.60 (git sha1 5bafeb77dc71e054fa331ab9efa613e6fb0a1c49, clang++ 17.0.0 -fPIC -O3)",
  "modules": {
    "top": {
      "attributes": {
        "top": "00000000000000000000000000000001",
        "src": "designs/87/top.sv:1.1-46.10"
      },
      "ports": {
        "input_data": {
          "direction": "input",
          "bits": [ 2, 3, 4 ]
        },
        "output_data": {
          "direction": "output",
          "bits": [ 5, 6, 7, 8, 9, 10, 11, 12, 13, 14, 15, 16, 17, 18, 19, 20, 21, 22, 23, 24, 25, 26, 27, 28 ]
        }
      },
      "cells": {
        "$add$designs/87/top.sv:28$21": {
          "hide_name": 1,
          "type": "$add",
          "parameters": {
            "A_SIGNED": "00000000000000000000000000000000",
            "A_WIDTH": "00000000000000000000000000001101",
            "B_SIGNED": "00000000000000000000000000000000",
            "B_WIDTH": "00000000000000000000000000001001",
            "Y_WIDTH": "00000000000000000000000000001101"
          },
          "attributes": {
            "src": "designs/87/top.sv:28.52-28.67"
          },
          "port_directions": {
            "A": "input",
            "B": "input",
            "Y": "output"
          },
          "connections": {
            "A": [ 29, 30, 31, 32, 33, 34, 35, 36, 37, 38, 39, 40, 41 ],
            "B": [ 42, 43, 44, 45, 46, 47, 48, 49, 50 ],
            "Y": [ 51, 52, 53, 54, 55, 56, 57, 58, 59, 60, 61, 62, 63 ]
          }
        },
        "$add$designs/87/top.sv:29$26": {
          "hide_name": 1,
          "type": "$add",
          "parameters": {
            "A_SIGNED": "00000000000000000000000000000000",
            "A_WIDTH": "00000000000000000000000000000011",
            "B_SIGNED": "00000000000000000000000000000000",
            "B_WIDTH": "00000000000000000000000000000011",
            "Y_WIDTH": "00000000000000000000000000000100"
          },
          "attributes": {
            "src": "designs/87/top.sv:29.84-29.114"
          },
          "port_directions": {
            "A": "input",
            "B": "input",
            "Y": "output"
          },
          "connections": {
            "A": [ 2, 3, 4 ],
            "B": [ 2, 3, 4 ],
            "Y": [ 64, 65, 66, 67 ]
          }
        },
        "$add$designs/87/top.sv:29$30": {
          "hide_name": 1,
          "type": "$add",
          "parameters": {
            "A_SIGNED": "00000000000000000000000000000000",
            "A_WIDTH": "00000000000000000000000000011001",
            "B_SIGNED": "00000000000000000000000000000000",
            "B_WIDTH": "00000000000000000000000000000011",
            "Y_WIDTH": "00000000000000000000000000011001"
          },
          "attributes": {
            "src": "designs/87/top.sv:29.74-29.142"
          },
          "port_directions": {
            "A": "input",
            "B": "input",
            "Y": "output"
          },
          "connections": {
            "A": [ 68, 69, 70, 71, 72, 73, 74, 75, 76, 77, 78, 79, 80, "1", "1", "1", "1", "1", "1", "1", "1", "1", "1", "1", "1" ],
            "B": [ 2, 3, 4 ],
            "Y": [ 81, 82, 83, 84, 85, 86, 87, 88, 89, 90, 91, 92, 93, 94, 95, 96, 97, 98, 99, 100, 101, 102, 103, 104, 105 ]
          }
        },
        "$add$designs/87/top.sv:30$38": {
          "hide_name": 1,
          "type": "$add",
          "parameters": {
            "A_SIGNED": "00000000000000000000000000000000",
            "A_WIDTH": "00000000000000000000000000000110",
            "B_SIGNED": "00000000000000000000000000000000",
            "B_WIDTH": "00000000000000000000000000000011",
            "Y_WIDTH": "00000000000000000000000000000111"
          },
          "attributes": {
            "src": "designs/87/top.sv:30.75-30.116"
          },
          "port_directions": {
            "A": "input",
            "B": "input",
            "Y": "output"
          },
          "connections": {
            "A": [ 106, 107, 108, 109, 110, 111 ],
            "B": [ 2, 3, 4 ],
            "Y": [ 112, 113, 114, 115, 116, 117, 118 ]
          }
        },
        "$add$designs/87/top.sv:30$39": {
          "hide_name": 1,
          "type": "$add",
          "parameters": {
            "A_SIGNED": "00000000000000000000000000000000",
            "A_WIDTH": "00000000000000000000000000000111",
            "B_SIGNED": "00000000000000000000000000000000",
            "B_WIDTH": "00000000000000000000000000000110",
            "Y_WIDTH": "00000000000000000000000000001000"
          },
          "attributes": {
            "src": "designs/87/top.sv:30.64-30.132"
          },
          "port_directions": {
            "A": "input",
            "B": "input",
            "Y": "output"
          },
          "connections": {
            "A": [ 112, 113, 114, 115, 116, 117, 118 ],
            "B": [ 45, 46, 47, 48, 49, 50 ],
            "Y": [ 119, 120, 121, 122, 123, 124, 125, 126 ]
          }
        },
        "$add$designs/87/top.sv:32$51": {
          "hide_name": 1,
          "type": "$add",
          "parameters": {
            "A_SIGNED": "00000000000000000000000000000000",
            "A_WIDTH": "00000000000000000000000000001100",
            "B_SIGNED": "00000000000000000000000000000000",
            "B_WIDTH": "00000000000000000000000000010111",
            "Y_WIDTH": "00000000000000000000000000010111"
          },
          "attributes": {
            "src": "designs/87/top.sv:32.79-32.123"
          },
          "port_directions": {
            "A": "input",
            "B": "input",
            "Y": "output"
          },
          "connections": {
            "A": [ 127, 128, 129, 130, 131, 132, 133, 134, 135, 136, 137, 138 ],
            "B": [ 139, 140, 141, 142, 143, 144, 145, 146, 147, "1", "1", "1", "1", "1", "1", "1", "1", "1", "1", "1", "1", "1", "1" ],
            "Y": [ 148, 149, 150, 151, 152, 153, 154, 155, 156, 157, 158, 159, 160, 161, 162, 163, 164, 165, 166, 167, 168, 169, 170 ]
          }
        },
        "$add$designs/87/top.sv:32$53": {
          "hide_name": 1,
          "type": "$add",
          "parameters": {
            "A_SIGNED": "00000000000000000000000000000000",
            "A_WIDTH": "00000000000000000000000000010111",
            "B_SIGNED": "00000000000000000000000000000000",
            "B_WIDTH": "00000000000000000000000000000101",
            "Y_WIDTH": "00000000000000000000000000010111"
          },
          "attributes": {
            "src": "designs/87/top.sv:32.57-32.155"
          },
          "port_directions": {
            "A": "input",
            "B": "input",
            "Y": "output"
          },
          "connections": {
            "A": [ 171, 172, 173, 174, 175, 176, 177, 178, 179, 180, 181, 182, 183, 184, 185, 186, 187, 188, 189, 190, 191, 192, 193 ],
            "B": [ 194, 195, 196, 197, 198 ],
            "Y": [ 199, 200, 201, 202, 203, 204, 205, 206, 207, 208, 209, 210, 211, 212, 213, 214, 215, 216, 217, 218, 219, 220, 221 ]
          }
        },
        "$add$designs/87/top.sv:32$56": {
          "hide_name": 1,
          "type": "$add",
          "parameters": {
            "A_SIGNED": "00000000000000000000000000000000",
            "A_WIDTH": "00000000000000000000000000010111",
            "B_SIGNED": "00000000000000000000000000000000",
            "B_WIDTH": "00000000000000000000000000001101",
            "Y_WIDTH": "00000000000000000000000000010111"
          },
          "attributes": {
            "src": "designs/87/top.sv:32.36-32.196"
          },
          "port_directions": {
            "A": "input",
            "B": "input",
            "Y": "output"
          },
          "connections": {
            "A": [ 222, 223, 224, "0", "0", "0", "0", "0", "0", "0", "0", "0", "0", "0", "0", "0", "0", "0", "0", "0", "0", "0", "0" ],
            "B": [ 225, 226, 227, 228, 229, 230, 231, 232, 233, "0", "0", "0", "0" ],
            "Y": [ 234, 235, 236, 237, 238, 239, 240, 241, 242, 243, 244, 245, 246, 247, 248, 249, 250, 251, 252, 253, 254, 255, 256 ]
          }
        },
        "$add$designs/87/top.sv:35$86": {
          "hide_name": 1,
          "type": "$add",
          "parameters": {
            "A_SIGNED": "00000000000000000000000000000000",
            "A_WIDTH": "00000000000000000000000000001110",
            "B_SIGNED": "00000000000000000000000000000000",
            "B_WIDTH": "00000000000000000000000000011001",
            "Y_WIDTH": "00000000000000000000000000011001"
          },
          "attributes": {
            "src": "designs/87/top.sv:35.32-35.81"
          },
          "port_directions": {
            "A": "input",
            "B": "input",
            "Y": "output"
          },
          "connections": {
            "A": [ 257, 258, 259, 260, 261, 262, 263, 264, 265, 266, 267, 268, 269, 270 ],
            "B": [ 271, 272, 273, 274, 275, 276, 277, 278, 279, 280, 281, 282, 283, 284, "1", "1", "1", "1", "1", "1", "1", "1", "1", "1", "1" ],
            "Y": [ 285, 286, 287, 288, 289, 290, 291, 292, 293, 294, 295, 296, 297, 298, 299, 300, 301, 302, 303, 304, 305, 306, 307, 308, 309 ]
          }
        },
        "$add$designs/87/top.sv:44$133": {
          "hide_name": 1,
          "type": "$add",
          "parameters": {
            "A_SIGNED": "00000000000000000000000000000000",
            "A_WIDTH": "00000000000000000000000000000110",
            "B_SIGNED": "00000000000000000000000000000000",
            "B_WIDTH": "00000000000000000000000000001001",
            "Y_WIDTH": "00000000000000000000000000001010"
          },
          "attributes": {
            "src": "designs/87/top.sv:44.46-44.81"
          },
          "port_directions": {
            "A": "input",
            "B": "input",
            "Y": "output"
          },
          "connections": {
            "A": [ 310, 311, 312, 313, 314, 315 ],
            "B": [ 42, 43, 44, 45, 46, 47, 48, 49, 50 ],
            "Y": [ 316, 317, 318, 319, 320, 321, 322, 323, 324, 325 ]
          }
        },
        "$and$designs/87/top.sv:28$25": {
          "hide_name": 1,
          "type": "$and",
          "parameters": {
            "A_SIGNED": "00000000000000000000000000000000",
            "A_WIDTH": "00000000000000000000000000000011",
            "B_SIGNED": "00000000000000000000000000000000",
            "B_WIDTH": "00000000000000000000000000000011",
            "Y_WIDTH": "00000000000000000000000000000011"
          },
          "attributes": {
            "src": "designs/87/top.sv:28.30-28.117"
          },
          "port_directions": {
            "A": "input",
            "B": "input",
            "Y": "output"
          },
          "connections": {
            "A": [ 326, 327, 328 ],
            "B": [ 2, 3, 4 ],
            "Y": [ 329, 330, 331 ]
          }
        },
        "$auto$opt_expr.cc:276:group_cell_inputs$151": {
          "hide_name": 1,
          "type": "$or",
          "parameters": {
            "A_SIGNED": "00000000000000000000000000000000",
            "A_WIDTH": "00000000000000000000000000000010",
            "B_SIGNED": "00000000000000000000000000000000",
            "B_WIDTH": "00000000000000000000000000000010",
            "Y_WIDTH": "00000000000000000000000000000010"
          },
          "attributes": {
          },
          "port_directions": {
            "A": "input",
            "B": "input",
            "Y": "output"
          },
          "connections": {
            "A": [ 332, 333 ],
            "B": [ 3, 4 ],
            "Y": [ 334, 335 ]
          }
        },
        "$auto$opt_expr.cc:276:group_cell_inputs$154": {
          "hide_name": 1,
          "type": "$xor",
          "parameters": {
            "A_SIGNED": "00000000000000000000000000000000",
            "A_WIDTH": "00000000000000000000000000000011",
            "B_SIGNED": "00000000000000000000000000000000",
            "B_WIDTH": "00000000000000000000000000000011",
            "Y_WIDTH": "00000000000000000000000000000011"
          },
          "attributes": {
          },
          "port_directions": {
            "A": "input",
            "B": "input",
            "Y": "output"
          },
          "connections": {
            "A": [ 334, 335, 336 ],
            "B": [ 2, 3, 4 ],
            "Y": [ 337, 338, 339 ]
          }
        },
        "$auto$opt_expr.cc:276:group_cell_inputs$157": {
          "hide_name": 1,
          "type": "$xor",
          "parameters": {
            "A_SIGNED": "00000000000000000000000000000000",
            "A_WIDTH": "00000000000000000000000000000011",
            "B_SIGNED": "00000000000000000000000000000000",
            "B_WIDTH": "00000000000000000000000000000011",
            "Y_WIDTH": "00000000000000000000000000000011"
          },
          "attributes": {
          },
          "port_directions": {
            "A": "input",
            "B": "input",
            "Y": "output"
          },
          "connections": {
            "A": [ 340, 341, 342 ],
            "B": [ 2, 3, 4 ],
            "Y": [ 343, 344, 345 ]
          }
        },
        "$auto$opt_expr.cc:276:group_cell_inputs$160": {
          "hide_name": 1,
          "type": "$xor",
          "parameters": {
            "A_SIGNED": "00000000000000000000000000000000",
            "A_WIDTH": "00000000000000000000000000001001",
            "B_SIGNED": "00000000000000000000000000000000",
            "B_WIDTH": "00000000000000000000000000001001",
            "Y_WIDTH": "00000000000000000000000000001001"
          },
          "attributes": {
          },
          "port_directions": {
            "A": "input",
            "B": "input",
            "Y": "output"
          },
          "connections": {
            "A": [ 346, 347, 348, 349, 350, 351, 352, 353, 354 ],
            "B": [ 42, 43, 44, 45, 46, 47, 48, 49, 50 ],
            "Y": [ 355, 356, 357, 358, 359, 360, 361, 362, 363 ]
          }
        },
        "$auto$opt_expr.cc:276:group_cell_inputs$163": {
          "hide_name": 1,
          "type": "$xor",
          "parameters": {
            "A_SIGNED": "00000000000000000000000000000000",
            "A_WIDTH": "00000000000000000000000000000011",
            "B_SIGNED": "00000000000000000000000000000000",
            "B_WIDTH": "00000000000000000000000000000011",
            "Y_WIDTH": "00000000000000000000000000000011"
          },
          "attributes": {
          },
          "port_directions": {
            "A": "input",
            "B": "input",
            "Y": "output"
          },
          "connections": {
            "A": [ 355, 356, 357 ],
            "B": [ 2, 3, 4 ],
            "Y": [ 364, 365, 366 ]
          }
        },
        "$auto$opt_expr.cc:276:group_cell_inputs$166": {
          "hide_name": 1,
          "type": "$xor",
          "parameters": {
            "A_SIGNED": "00000000000000000000000000000000",
            "A_WIDTH": "00000000000000000000000000001001",
            "B_SIGNED": "00000000000000000000000000000000",
            "B_WIDTH": "00000000000000000000000000001001",
            "Y_WIDTH": "00000000000000000000000000001001"
          },
          "attributes": {
          },
          "port_directions": {
            "A": "input",
            "B": "input",
            "Y": "output"
          },
          "connections": {
            "A": [ 367, 368, 369, 370, 371, 372, 373, 374, 375 ],
            "B": [ 42, 43, 44, 45, 46, 47, 48, 49, 50 ],
            "Y": [ 376, 377, 378, 379, 380, 381, 382, 383, 384 ]
          }
        },
        "$auto$opt_expr.cc:276:group_cell_inputs$169": {
          "hide_name": 1,
          "type": "$not",
          "parameters": {
            "A_SIGNED": "00000000000000000000000000000000",
            "A_WIDTH": "00000000000000000000000000001101",
            "Y_WIDTH": "00000000000000000000000000001101"
          },
          "attributes": {
          },
          "port_directions": {
            "A": "input",
            "Y": "output"
          },
          "connections": {
            "A": [ 29, 30, 31, 32, 33, 34, 35, 36, 37, 38, 39, 40, 41 ],
            "Y": [ 385, 386, 387, 388, 72, 73, 74, 75, 76, 77, 78, 79, 80 ]
          }
        },
        "$auto$opt_expr.cc:276:group_cell_inputs$173": {
          "hide_name": 1,
          "type": "$xor",
          "parameters": {
            "A_SIGNED": "00000000000000000000000000000000",
            "A_WIDTH": "00000000000000000000000000000100",
            "B_SIGNED": "00000000000000000000000000000000",
            "B_WIDTH": "00000000000000000000000000000100",
            "Y_WIDTH": "00000000000000000000000000000100"
          },
          "attributes": {
          },
          "port_directions": {
            "A": "input",
            "B": "input",
            "Y": "output"
          },
          "connections": {
            "A": [ 64, 65, 66, 67 ],
            "B": [ 385, 386, 387, 388 ],
            "Y": [ 68, 69, 70, 71 ]
          }
        },
        "$auto$opt_expr.cc:276:group_cell_inputs$176": {
          "hide_name": 1,
          "type": "$and",
          "parameters": {
            "A_SIGNED": "00000000000000000000000000000000",
            "A_WIDTH": "00000000000000000000000000000011",
            "B_SIGNED": "00000000000000000000000000000000",
            "B_WIDTH": "00000000000000000000000000000011",
            "Y_WIDTH": "00000000000000000000000000000011"
          },
          "attributes": {
          },
          "port_directions": {
            "A": "input",
            "B": "input",
            "Y": "output"
          },
          "connections": {
            "A": [ 81, 82, 83 ],
            "B": [ 2, 3, 4 ],
            "Y": [ 389, 390, 391 ]
          }
        },
        "$auto$opt_expr.cc:276:group_cell_inputs$180": {
          "hide_name": 1,
          "type": "$xor",
          "parameters": {
            "A_SIGNED": "00000000000000000000000000000000",
            "A_WIDTH": "00000000000000000000000000000011",
            "B_SIGNED": "00000000000000000000000000000000",
            "B_WIDTH": "00000000000000000000000000000011",
            "Y_WIDTH": "00000000000000000000000000000011"
          },
          "attributes": {
          },
          "port_directions": {
            "A": "input",
            "B": "input",
            "Y": "output"
          },
          "connections": {
            "A": [ 392, 393, 394 ],
            "B": [ 2, 3, 4 ],
            "Y": [ 395, 396, 397 ]
          }
        },
        "$auto$opt_expr.cc:276:group_cell_inputs$183": {
          "hide_name": 1,
          "type": "$xor",
          "parameters": {
            "A_SIGNED": "00000000000000000000000000000000",
            "A_WIDTH": "00000000000000000000000000000011",
            "B_SIGNED": "00000000000000000000000000000000",
            "B_WIDTH": "00000000000000000000000000000011",
            "Y_WIDTH": "00000000000000000000000000000011"
          },
          "attributes": {
          },
          "port_directions": {
            "A": "input",
            "B": "input",
            "Y": "output"
          },
          "connections": {
            "A": [ 395, 396, 397 ],
            "B": [ 2, 3, 4 ],
            "Y": [ 398, 399, 400 ]
          }
        },
        "$auto$opt_expr.cc:276:group_cell_inputs$186": {
          "hide_name": 1,
          "type": "$and",
          "parameters": {
            "A_SIGNED": "00000000000000000000000000000000",
            "A_WIDTH": "00000000000000000000000000000001",
            "B_SIGNED": "00000000000000000000000000000000",
            "B_WIDTH": "00000000000000000000000000000001",
            "Y_WIDTH": "00000000000000000000000000000001"
          },
          "attributes": {
          },
          "port_directions": {
            "A": "input",
            "B": "input",
            "Y": "output"
          },
          "connections": {
            "A": [ 119 ],
            "B": [ 401 ],
            "Y": [ 402 ]
          }
        },
        "$auto$opt_expr.cc:276:group_cell_inputs$190": {
          "hide_name": 1,
          "type": "$not",
          "parameters": {
            "A_SIGNED": "00000000000000000000000000000000",
            "A_WIDTH": "00000000000000000000000000000011",
            "Y_WIDTH": "00000000000000000000000000000011"
          },
          "attributes": {
          },
          "port_directions": {
            "A": "input",
            "Y": "output"
          },
          "connections": {
            "A": [ 2, 3, 4 ],
            "Y": [ 403, 404, 405 ]
          }
        },
        "$auto$opt_expr.cc:276:group_cell_inputs$194": {
          "hide_name": 1,
          "type": "$and",
          "parameters": {
            "A_SIGNED": "00000000000000000000000000000000",
            "A_WIDTH": "00000000000000000000000000001001",
            "B_SIGNED": "00000000000000000000000000000000",
            "B_WIDTH": "00000000000000000000000000001001",
            "Y_WIDTH": "00000000000000000000000000001001"
          },
          "attributes": {
          },
          "port_directions": {
            "A": "input",
            "B": "input",
            "Y": "output"
          },
          "connections": {
            "A": [ 194, 195, 196, 197, 198, 406, 407, 408, 409 ],
            "B": [ 29, 30, 31, 32, 33, 34, 35, 36, 37 ],
            "Y": [ 410, 411, 412, 413, 414, 415, 416, 417, 418 ]
          }
        },
        "$auto$opt_expr.cc:276:group_cell_inputs$198": {
          "hide_name": 1,
          "type": "$xor",
          "parameters": {
            "A_SIGNED": "00000000000000000000000000000000",
            "A_WIDTH": "00000000000000000000000000001001",
            "B_SIGNED": "00000000000000000000000000000000",
            "B_WIDTH": "00000000000000000000000000001001",
            "Y_WIDTH": "00000000000000000000000000001001"
          },
          "attributes": {
          },
          "port_directions": {
            "A": "input",
            "B": "input",
            "Y": "output"
          },
          "connections": {
            "A": [ 410, 411, 412, 413, 414, 415, 416, 417, 418 ],
            "B": [ 42, 43, 44, 45, 46, 47, 48, 49, 50 ],
            "Y": [ 225, 226, 227, 228, 229, 230, 231, 232, 233 ]
          }
        },
        "$auto$opt_expr.cc:276:group_cell_inputs$201": {
          "hide_name": 1,
          "type": "$not",
          "parameters": {
            "A_SIGNED": "00000000000000000000000000000000",
            "A_WIDTH": "00000000000000000000000000001001",
            "Y_WIDTH": "00000000000000000000000000001001"
          },
          "attributes": {
          },
          "port_directions": {
            "A": "input",
            "Y": "output"
          },
          "connections": {
            "A": [ 194, 195, 196, 197, 198, 406, 407, 408, 409 ],
            "Y": [ 139, 140, 141, 142, 143, 144, 145, 146, 147 ]
          }
        },
        "$auto$opt_expr.cc:276:group_cell_inputs$205": {
          "hide_name": 1,
          "type": "$and",
          "parameters": {
            "A_SIGNED": "00000000000000000000000000000000",
            "A_WIDTH": "00000000000000000000000000000011",
            "B_SIGNED": "00000000000000000000000000000000",
            "B_WIDTH": "00000000000000000000000000000011",
            "Y_WIDTH": "00000000000000000000000000000011"
          },
          "attributes": {
          },
          "port_directions": {
            "A": "input",
            "B": "input",
            "Y": "output"
          },
          "connections": {
            "A": [ 199, 200, 201 ],
            "B": [ 2, 3, 4 ],
            "Y": [ 419, 420, 224 ]
          }
        },
        "$auto$opt_expr.cc:276:group_cell_inputs$209": {
          "hide_name": 1,
          "type": "$xor",
          "parameters": {
            "A_SIGNED": "00000000000000000000000000000000",
            "A_WIDTH": "00000000000000000000000000000010",
            "B_SIGNED": "00000000000000000000000000000000",
            "B_WIDTH": "00000000000000000000000000000010",
            "Y_WIDTH": "00000000000000000000000000000010"
          },
          "attributes": {
          },
          "port_directions": {
            "A": "input",
            "B": "input",
            "Y": "output"
          },
          "connections": {
            "A": [ 419, 420 ],
            "B": [ 421, 401 ],
            "Y": [ 222, 223 ]
          }
        },
        "$auto$opt_expr.cc:276:group_cell_inputs$212": {
          "hide_name": 1,
          "type": "$xor",
          "parameters": {
            "A_SIGNED": "00000000000000000000000000000000",
            "A_WIDTH": "00000000000000000000000000000011",
            "B_SIGNED": "00000000000000000000000000000000",
            "B_WIDTH": "00000000000000000000000000000011",
            "Y_WIDTH": "00000000000000000000000000000011"
          },
          "attributes": {
          },
          "port_directions": {
            "A": "input",
            "B": "input",
            "Y": "output"
          },
          "connections": {
            "A": [ 422, 423, 424 ],
            "B": [ 48, 49, 50 ],
            "Y": [ 425, 426, 427 ]
          }
        },
        "$auto$opt_expr.cc:276:group_cell_inputs$215": {
          "hide_name": 1,
          "type": "$or",
          "parameters": {
            "A_SIGNED": "00000000000000000000000000000000",
            "A_WIDTH": "00000000000000000000000000000011",
            "B_SIGNED": "00000000000000000000000000000000",
            "B_WIDTH": "00000000000000000000000000000011",
            "Y_WIDTH": "00000000000000000000000000000011"
          },
          "attributes": {
          },
          "port_directions": {
            "A": "input",
            "B": "input",
            "Y": "output"
          },
          "connections": {
            "A": [ 425, 426, 427 ],
            "B": [ 329, 330, 331 ],
            "Y": [ 428, 429, 430 ]
          }
        },
        "$auto$opt_expr.cc:276:group_cell_inputs$255": {
          "hide_name": 1,
          "type": "$not",
          "parameters": {
            "A_SIGNED": "00000000000000000000000000000000",
            "A_WIDTH": "00000000000000000000000000001110",
            "Y_WIDTH": "00000000000000000000000000001110"
          },
          "attributes": {
          },
          "port_directions": {
            "A": "input",
            "Y": "output"
          },
          "connections": {
            "A": [ 428, 429, 430, 431, 432, 433, 434, 435, 436, 437, 438, 439, 440, 441 ],
            "Y": [ 271, 272, 273, 274, 275, 276, 277, 278, 279, 280, 281, 282, 283, 284 ]
          }
        },
        "$auto$opt_expr.cc:276:group_cell_inputs$259": {
          "hide_name": 1,
          "type": "$or",
          "parameters": {
            "A_SIGNED": "00000000000000000000000000000000",
            "A_WIDTH": "00000000000000000000000000000011",
            "B_SIGNED": "00000000000000000000000000000000",
            "B_WIDTH": "00000000000000000000000000000011",
            "Y_WIDTH": "00000000000000000000000000000011"
          },
          "attributes": {
          },
          "port_directions": {
            "A": "input",
            "B": "input",
            "Y": "output"
          },
          "connections": {
            "A": [ 285, 286, 287 ],
            "B": [ 2, 3, 4 ],
            "Y": [ 442, 443, 444 ]
          }
        },
        "$auto$opt_expr.cc:276:group_cell_inputs$262": {
          "hide_name": 1,
          "type": "$xor",
          "parameters": {
            "A_SIGNED": "00000000000000000000000000000000",
            "A_WIDTH": "00000000000000000000000000000100",
            "B_SIGNED": "00000000000000000000000000000000",
            "B_WIDTH": "00000000000000000000000000000100",
            "Y_WIDTH": "00000000000000000000000000000100"
          },
          "attributes": {
          },
          "port_directions": {
            "A": "input",
            "B": "input",
            "Y": "output"
          },
          "connections": {
            "A": [ 442, 443, 444, 288 ],
            "B": [ 194, 195, 196, 197 ],
            "Y": [ 445, 446, 447, 448 ]
          }
        },
        "$auto$opt_expr.cc:276:group_cell_inputs$315": {
          "hide_name": 1,
          "type": "$or",
          "parameters": {
            "A_SIGNED": "00000000000000000000000000000000",
            "A_WIDTH": "00000000000000000000000000000001",
            "B_SIGNED": "00000000000000000000000000000000",
            "B_WIDTH": "00000000000000000000000000000001",
            "Y_WIDTH": "00000000000000000000000000000001"
          },
          "attributes": {
          },
          "port_directions": {
            "A": "input",
            "B": "input",
            "Y": "output"
          },
          "connections": {
            "A": [ 449 ],
            "B": [ 50 ],
            "Y": [ 5 ]
          }
        },
        "$auto$opt_expr.cc:716:replace_const_cells$148": {
          "hide_name": 1,
          "type": "$not",
          "parameters": {
            "A_SIGNED": "00000000000000000000000000000000",
            "A_WIDTH": "00000000000000000000000000000011",
            "Y_WIDTH": "00000000000000000000000000000011"
          },
          "attributes": {
          },
          "port_directions": {
            "A": "input",
            "Y": "output"
          },
          "connections": {
            "A": [ 450, 451, 452 ],
            "Y": [ 453, 454, 455 ]
          }
        },
        "$mul$designs/87/top.sv:26$5": {
          "hide_name": 1,
          "type": "$mul",
          "parameters": {
            "A_SIGNED": "00000000000000000000000000000000",
            "A_WIDTH": "00000000000000000000000000011001",
            "B_SIGNED": "00000000000000000000000000000000",
            "B_WIDTH": "00000000000000000000000000000011",
            "Y_WIDTH": "00000000000000000000000000011001"
          },
          "attributes": {
            "src": "designs/87/top.sv:26.114-26.199"
          },
          "port_directions": {
            "A": "input",
            "B": "input",
            "Y": "output"
          },
          "connections": {
            "A": [ 456, 457, 458, 459, 460, 460, 460, 460, 460, 460, 460, 460, 460, 460, 460, 460, 460, 460, 460, 460, 460, 460, 460, 460, 460 ],
            "B": [ 2, 3, 4 ],
            "Y": [ 461, 462, 450, 463, 464, 451, 465, 452, 466, 467, 468, 469, 470, 471, 472, 473, 474, 475, 476, 477, 478, 479, 480, 481, 482 ]
          }
        },
        "$mul$designs/87/top.sv:26$7": {
          "hide_name": 1,
          "type": "$mul",
          "parameters": {
            "A_SIGNED": "00000000000000000000000000000000",
            "A_WIDTH": "00000000000000000000000000011001",
            "B_SIGNED": "00000000000000000000000000000000",
            "B_WIDTH": "00000000000000000000000000000011",
            "Y_WIDTH": "00000000000000000000000000001001"
          },
          "attributes": {
            "src": "designs/87/top.sv:26.94-26.225"
          },
          "port_directions": {
            "A": "input",
            "B": "input",
            "Y": "output"
          },
          "connections": {
            "A": [ 461, 462, 453, 463, 464, 454, 465, 455, 466, 467, 468, 469, 470, 471, 472, 473, 474, 475, 476, 477, 478, 479, 480, 481, 482 ],
            "B": [ 2, 3, 4 ],
            "Y": [ 332, 333, 336, 483, 484, 485, 486, 487, 488 ]
          }
        },
        "$mul$designs/87/top.sv:27$17": {
          "hide_name": 1,
          "type": "$mul",
          "parameters": {
            "A_SIGNED": "00000000000000000000000000000000",
            "A_WIDTH": "00000000000000000000000000011001",
            "B_SIGNED": "00000000000000000000000000000000",
            "B_WIDTH": "00000000000000000000000000000011",
            "Y_WIDTH": "00000000000000000000000000011001"
          },
          "attributes": {
            "src": "designs/87/top.sv:27.25-27.160"
          },
          "port_directions": {
            "A": "input",
            "B": "input",
            "Y": "output"
          },
          "connections": {
            "A": [ 364, 365, 366, 358, 359, 360, 361, 362, 363, 489, 490, 491, 492, 493, 494, 495, 496, 497, 498, 499, 500, 501, 501, 501, 501 ],
            "B": [ 2, 3, 4 ],
            "Y": [ 367, 368, 369, 370, 371, 372, 373, 374, 375, 502, 503, 504, 505, 506, 507, 508, 509, 510, 511, 512, 513, 514, 515, 516, 517 ]
          }
        },
        "$mul$designs/87/top.sv:27$19": {
          "hide_name": 1,
          "type": "$mul",
          "parameters": {
            "A_SIGNED": "00000000000000000000000000000000",
            "A_WIDTH": "00000000000000000000000000011001",
            "B_SIGNED": "00000000000000000000000000000000",
            "B_WIDTH": "00000000000000000000000000000011",
            "Y_WIDTH": "00000000000000000000000000011001"
          },
          "attributes": {
            "src": "designs/87/top.sv:27.23-27.180"
          },
          "port_directions": {
            "A": "input",
            "B": "input",
            "Y": "output"
          },
          "connections": {
            "A": [ 376, 377, 378, 379, 380, 381, 382, 383, 384, 502, 503, 504, 505, 506, 507, 508, 509, 510, 511, 512, 513, 514, 515, 516, 517 ],
            "B": [ 2, 3, 4 ],
            "Y": [ 518, 519, 520, 521, 522, 523, 524, 525, 526, 527, 528, 529, 530, 531, 532, 533, 534, 535, 536, 537, 538, 539, 540, 541, 542 ]
          }
        },
        "$mul$designs/87/top.sv:27$20": {
          "hide_name": 1,
          "type": "$mul",
          "parameters": {
            "A_SIGNED": "00000000000000000000000000000000",
            "A_WIDTH": "00000000000000000000000000011001",
            "B_SIGNED": "00000000000000000000000000000000",
            "B_WIDTH": "00000000000000000000000000001001",
            "Y_WIDTH": "00000000000000000000000000001101"
          },
          "attributes": {
            "src": "designs/87/top.sv:27.22-27.190"
          },
          "port_directions": {
            "A": "input",
            "B": "input",
            "Y": "output"
          },
          "connections": {
            "A": [ 518, 519, 520, 521, 522, 523, 524, 525, 526, 527, 528, 529, 530, 531, 532, 533, 534, 535, 536, 537, 538, 539, 540, 541, 542 ],
            "B": [ 42, 43, 44, 45, 46, 47, 48, 49, 50 ],
            "Y": [ 29, 30, 31, 32, 33, 34, 35, 36, 37, 38, 39, 40, 41 ]
          }
        },
        "$mul$designs/87/top.sv:28$22": {
          "hide_name": 1,
          "type": "$mul",
          "parameters": {
            "A_SIGNED": "00000000000000000000000000000000",
            "A_WIDTH": "00000000000000000000000000001101",
            "B_SIGNED": "00000000000000000000000000000000",
            "B_WIDTH": "00000000000000000000000000001101",
            "Y_WIDTH": "00000000000000000000000000000011"
          },
          "attributes": {
            "src": "designs/87/top.sv:28.51-28.77"
          },
          "port_directions": {
            "A": "input",
            "B": "input",
            "Y": "output"
          },
          "connections": {
            "A": [ 51, 52, 53, 54, 55, 56, 57, 58, 59, 60, 61, 62, 63 ],
            "B": [ 29, 30, 31, 32, 33, 34, 35, 36, 37, 38, 39, 40, 41 ],
            "Y": [ 543, 544, 545 ]
          }
        },
        "$mul$designs/87/top.sv:29$33": {
          "hide_name": 1,
          "type": "$mul",
          "parameters": {
            "A_SIGNED": "00000000000000000000000000000000",
            "A_WIDTH": "00000000000000000000000000011001",
            "B_SIGNED": "00000000000000000000000000000000",
            "B_WIDTH": "00000000000000000000000000000011",
            "Y_WIDTH": "00000000000000000000000000000110"
          },
          "attributes": {
            "src": "designs/87/top.sv:29.43-29.190"
          },
          "port_directions": {
            "A": "input",
            "B": "input",
            "Y": "output"
          },
          "connections": {
            "A": [ 546, 547, 548, 549, 550, 551, 552, 553, 554, 555, 556, 557, 558, 559, 560, 561, 562, 563, 564, 565, 566, 567, 568, 569, 570 ],
            "B": [ 2, 3, 4 ],
            "Y": [ 392, 393, 571, 572, 573, 574 ]
          }
        },
        "$mul$designs/87/top.sv:30$37": {
          "hide_name": 1,
          "type": "$mul",
          "parameters": {
            "A_SIGNED": "00000000000000000000000000000000",
            "A_WIDTH": "00000000000000000000000000000110",
            "B_SIGNED": "00000000000000000000000000000000",
            "B_WIDTH": "00000000000000000000000000000110",
            "Y_WIDTH": "00000000000000000000000000000110"
          },
          "attributes": {
            "src": "designs/87/top.sv:30.84-30.99"
          },
          "port_directions": {
            "A": "input",
            "B": "input",
            "Y": "output"
          },
          "connections": {
            "A": [ 398, 399, 400, 575, 421, 401 ],
            "B": [ 398, 399, 400, 575, 421, 401 ],
            "Y": [ 106, 107, 108, 109, 110, 111 ]
          }
        },
        "$mul$designs/87/top.sv:30$41": {
          "hide_name": 1,
          "type": "$mul",
          "parameters": {
            "A_SIGNED": "00000000000000000000000000000000",
            "A_WIDTH": "00000000000000000000000000001000",
            "B_SIGNED": "00000000000000000000000000000000",
            "B_WIDTH": "00000000000000000000000000001101",
            "Y_WIDTH": "00000000000000000000000000001101"
          },
          "attributes": {
            "src": "designs/87/top.sv:30.44-30.159"
          },
          "port_directions": {
            "A": "input",
            "B": "input",
            "Y": "output"
          },
          "connections": {
            "A": [ 402, "0", "0", "0", "0", "0", "0", "0" ],
            "B": [ 29, 30, 31, 32, 33, 34, 35, 36, 37, 38, 39, 40, 41 ],
            "Y": [ 576, 577, 578, 579, 580, 581, 582, 583, 584, 585, 586, 587, 588 ]
          }
        },
        "$mul$designs/87/top.sv:30$44": {
          "hide_name": 1,
          "type": "$mul",
          "parameters": {
            "A_SIGNED": "00000000000000000000000000000000",
            "A_WIDTH": "00000000000000000000000000001101",
            "B_SIGNED": "00000000000000000000000000000000",
            "B_WIDTH": "00000000000000000000000000001101",
            "Y_WIDTH": "00000000000000000000000000001001"
          },
          "attributes": {
            "src": "designs/87/top.sv:30.33-30.177"
          },
          "port_directions": {
            "A": "input",
            "B": "input",
            "Y": "output"
          },
          "connections": {
            "A": [ 576, 577, 578, 579, 580, 581, 582, 583, 584, 585, 586, 587, 588 ],
            "B": [ 403, 404, 405, "1", "1", "1", "1", "1", "1", "1", "1", "1", "1" ],
            "Y": [ 589, 590, 591, 592, 593, 594, 595, 596, 597 ]
          }
        },
        "$mul$designs/87/top.sv:32$48": {
          "hide_name": 1,
          "type": "$mul",
          "parameters": {
            "A_SIGNED": "00000000000000000000000000000000",
            "A_WIDTH": "00000000000000000000000000000011",
            "B_SIGNED": "00000000000000000000000000000000",
            "B_WIDTH": "00000000000000000000000000001001",
            "Y_WIDTH": "00000000000000000000000000001100"
          },
          "attributes": {
            "src": "designs/87/top.sv:32.88-32.109"
          },
          "port_directions": {
            "A": "input",
            "B": "input",
            "Y": "output"
          },
          "connections": {
            "A": [ 2, 3, 4 ],
            "B": [ 194, 195, 196, 197, 198, 406, 407, 408, 409 ],
            "Y": [ 127, 128, 129, 130, 131, 132, 133, 134, 135, 136, 137, 138 ]
          }
        },
        "$mul$designs/87/top.sv:32$57": {
          "hide_name": 1,
          "type": "$mul",
          "parameters": {
            "A_SIGNED": "00000000000000000000000000000000",
            "A_WIDTH": "00000000000000000000000000010111",
            "B_SIGNED": "00000000000000000000000000000000",
            "B_WIDTH": "00000000000000000000000000001101",
            "Y_WIDTH": "00000000000000000000000000001110"
          },
          "attributes": {
            "src": "designs/87/top.sv:32.25-32.207"
          },
          "port_directions": {
            "A": "input",
            "B": "input",
            "Y": "output"
          },
          "connections": {
            "A": [ 234, 235, 236, 237, 238, 239, 240, 241, 242, 243, 244, 245, 246, 247, 248, 249, 250, 251, 252, 253, 254, 255, 256 ],
            "B": [ 29, 30, 31, 32, 33, 34, 35, 36, 37, 38, 39, 40, 41 ],
            "Y": [ 598, 599, 600, 601, 602, 603, 604, 605, 606, 607, 608, 609, 610, 611 ]
          }
        },
        "$mul$designs/87/top.sv:44$132": {
          "hide_name": 1,
          "type": "$mul",
          "parameters": {
            "A_SIGNED": "00000000000000000000000000000000",
            "A_WIDTH": "00000000000000000000000000000011",
            "B_SIGNED": "00000000000000000000000000000000",
            "B_WIDTH": "00000000000000000000000000000011",
            "Y_WIDTH": "00000000000000000000000000000110"
          },
          "attributes": {
            "src": "designs/87/top.sv:44.47-44.71"
          },
          "port_directions": {
            "A": "input",
            "B": "input",
            "Y": "output"
          },
          "connections": {
            "A": [ 2, 3, 4 ],
            "B": [ 2, 3, 4 ],
            "Y": [ 310, 311, 312, 313, 314, 315 ]
          }
        },
        "$sub$designs/87/top.sv:26$1": {
          "hide_name": 1,
          "type": "$sub",
          "parameters": {
            "A_SIGNED": "00000000000000000000000000000000",
            "A_WIDTH": "00000000000000000000000000000011",
            "B_SIGNED": "00000000000000000000000000000000",
            "B_WIDTH": "00000000000000000000000000000011",
            "Y_WIDTH": "00000000000000000000000000000100"
          },
          "attributes": {
            "src": "designs/87/top.sv:26.40-26.66"
          },
          "port_directions": {
            "A": "input",
            "B": "input",
            "Y": "output"
          },
          "connections": {
            "A": [ 2, 3, 4 ],
            "B": [ 2, 3, 4 ],
            "Y": [ 612, 613, 614, 615 ]
          }
        },
        "$sub$designs/87/top.sv:26$3": {
          "hide_name": 1,
          "type": "$sub",
          "parameters": {
            "A_SIGNED": "00000000000000000000000000000000",
            "A_WIDTH": "00000000000000000000000000000100",
            "B_SIGNED": "00000000000000000000000000000000",
            "B_WIDTH": "00000000000000000000000000000011",
            "Y_WIDTH": "00000000000000000000000000000101"
          },
          "attributes": {
            "src": "designs/87/top.sv:26.124-26.167"
          },
          "port_directions": {
            "A": "input",
            "B": "input",
            "Y": "output"
          },
          "connections": {
            "A": [ 64, 65, 66, 67 ],
            "B": [ 2, 3, 4 ],
            "Y": [ 456, 457, 458, 459, 460 ]
          }
        },
        "$sub$designs/87/top.sv:27$12": {
          "hide_name": 1,
          "type": "$sub",
          "parameters": {
            "A_SIGNED": "00000000000000000000000000000000",
            "A_WIDTH": "00000000000000000000000000000011",
            "B_SIGNED": "00000000000000000000000000000000",
            "B_WIDTH": "00000000000000000000000000001001",
            "Y_WIDTH": "00000000000000000000000000001010"
          },
          "attributes": {
            "src": "designs/87/top.sv:27.64-27.96"
          },
          "port_directions": {
            "A": "input",
            "B": "input",
            "Y": "output"
          },
          "connections": {
            "A": [ 2, 3, 4 ],
            "B": [ 42, 43, 44, 45, 46, 47, 48, 49, 50 ],
            "Y": [ 340, 341, 342, 616, 617, 618, 619, 620, 621, 622 ]
          }
        },
        "$sub$designs/87/top.sv:27$14": {
          "hide_name": 1,
          "type": "$sub",
          "parameters": {
            "A_SIGNED": "00000000000000000000000000000000",
            "A_WIDTH": "00000000000000000000000000010101",
            "B_SIGNED": "00000000000000000000000000000000",
            "B_WIDTH": "00000000000000000000000000000011",
            "Y_WIDTH": "00000000000000000000000000010110"
          },
          "attributes": {
            "src": "designs/87/top.sv:27.44-27.124"
          },
          "port_directions": {
            "A": "input",
            "B": "input",
            "Y": "output"
          },
          "connections": {
            "A": [ 343, 344, 345, 616, 617, 618, 619, 620, 621, 622, 622, 622, 622, 622, 622, 622, 622, 622, 622, 622, 622 ],
            "B": [ 2, 3, 4 ],
            "Y": [ 346, 347, 348, 349, 350, 351, 352, 353, 354, 489, 490, 491, 492, 493, 494, 495, 496, 497, 498, 499, 500, 501 ]
          }
        },
        "$sub$designs/87/top.sv:28$23": {
          "hide_name": 1,
          "type": "$sub",
          "parameters": {
            "A_SIGNED": "00000000000000000000000000000000",
            "A_WIDTH": "00000000000000000000000000000011",
            "B_SIGNED": "00000000000000000000000000000000",
            "B_WIDTH": "00000000000000000000000000000011",
            "Y_WIDTH": "00000000000000000000000000000011"
          },
          "attributes": {
            "src": "designs/87/top.sv:28.40-28.92"
          },
          "port_directions": {
            "A": "input",
            "B": "input",
            "Y": "output"
          },
          "connections": {
            "A": [ 543, 544, 545 ],
            "B": [ 2, 3, 4 ],
            "Y": [ 623, 624, 625 ]
          }
        },
        "$sub$designs/87/top.sv:28$24": {
          "hide_name": 1,
          "type": "$sub",
          "parameters": {
            "A_SIGNED": "00000000000000000000000000000001",
            "A_WIDTH": "00000000000000000000000000000011",
            "B_SIGNED": "00000000000000000000000000000001",
            "B_WIDTH": "00000000000000000000000000000011",
            "Y_WIDTH": "00000000000000000000000000000011"
          },
          "attributes": {
            "src": "designs/87/top.sv:28.39-28.102"
          },
          "port_directions": {
            "A": "input",
            "B": "input",
            "Y": "output"
          },
          "connections": {
            "A": [ 623, 624, 625 ],
            "B": [ 2, 3, 4 ],
            "Y": [ 326, 327, 328 ]
          }
        },
        "$sub$designs/87/top.sv:29$32": {
          "hide_name": 1,
          "type": "$sub",
          "parameters": {
            "A_SIGNED": "00000000000000000000000000000000",
            "A_WIDTH": "00000000000000000000000000011001",
            "B_SIGNED": "00000000000000000000000000000000",
            "B_WIDTH": "00000000000000000000000000000011",
            "Y_WIDTH": "00000000000000000000000000011001"
          },
          "attributes": {
            "src": "designs/87/top.sv:29.54-29.175"
          },
          "port_directions": {
            "A": "input",
            "B": "input",
            "Y": "output"
          },
          "connections": {
            "A": [ 389, 390, 391, "0", "0", "0", "0", "0", "0", "0", "0", "0", "0", "0", "0", "0", "0", "0", "0", "0", "0", "0", "0", "0", "0" ],
            "B": [ 2, 3, 4 ],
            "Y": [ 546, 547, 548, 549, 550, 551, 552, 553, 554, 555, 556, 557, 558, 559, 560, 561, 562, 563, 564, 565, 566, 567, 568, 569, 570 ]
          }
        },
        "$sub$designs/87/top.sv:29$34": {
          "hide_name": 1,
          "type": "$sub",
          "parameters": {
            "A_SIGNED": "00000000000000000000000000000000",
            "A_WIDTH": "00000000000000000000000000000100",
            "B_SIGNED": "00000000000000000000000000000000",
            "B_WIDTH": "00000000000000000000000000000100",
            "Y_WIDTH": "00000000000000000000000000000100"
          },
          "attributes": {
            "src": "designs/87/top.sv:29.34-29.200"
          },
          "port_directions": {
            "A": "input",
            "B": "input",
            "Y": "output"
          },
          "connections": {
            "A": [ 571, 572, 573, 574 ],
            "B": [ "1", "0", "1", "1" ],
            "Y": [ 394, 575, 421, 401 ]
          }
        },
        "$sub$designs/87/top.sv:30$45": {
          "hide_name": 1,
          "type": "$sub",
          "parameters": {
            "A_SIGNED": "00000000000000000000000000000000",
            "A_WIDTH": "00000000000000000000000000001001",
            "B_SIGNED": "00000000000000000000000000000000",
            "B_WIDTH": "00000000000000000000000000000011",
            "Y_WIDTH": "00000000000000000000000000001001"
          },
          "attributes": {
            "src": "designs/87/top.sv:30.22-30.192"
          },
          "port_directions": {
            "A": "input",
            "B": "input",
            "Y": "output"
          },
          "connections": {
            "A": [ 589, 590, 591, 592, 593, 594, 595, 596, 597 ],
            "B": [ 2, 3, 4 ],
            "Y": [ 194, 195, 196, 197, 198, 406, 407, 408, 409 ]
          }
        },
        "$sub$designs/87/top.sv:32$52": {
          "hide_name": 1,
          "type": "$sub",
          "parameters": {
            "A_SIGNED": "00000000000000000000000000000000",
            "A_WIDTH": "00000000000000000000000000010111",
            "B_SIGNED": "00000000000000000000000000000000",
            "B_WIDTH": "00000000000000000000000000000101",
            "Y_WIDTH": "00000000000000000000000000010111"
          },
          "attributes": {
            "src": "designs/87/top.sv:32.68-32.139"
          },
          "port_directions": {
            "A": "input",
            "B": "input",
            "Y": "output"
          },
          "connections": {
            "A": [ 148, 149, 150, 151, 152, 153, 154, 155, 156, 157, 158, 159, 160, 161, 162, 163, 164, 165, 166, 167, 168, 169, 170 ],
            "B": [ 198, 406, 407, 408, 409 ],
            "Y": [ 171, 172, 173, 174, 175, 176, 177, 178, 179, 180, 181, 182, 183, 184, 185, 186, 187, 188, 189, 190, 191, 192, 193 ]
          }
        },
        "$sub$designs/87/top.sv:32$58": {
          "hide_name": 1,
          "type": "$sub",
          "parameters": {
            "A_SIGNED": "00000000000000000000000000000000",
            "A_WIDTH": "00000000000000000000000000001110",
            "B_SIGNED": "00000000000000000000000000000000",
            "B_WIDTH": "00000000000000000000000000001101",
            "Y_WIDTH": "00000000000000000000000000001110"
          },
          "attributes": {
            "src": "designs/87/top.sv:32.24-32.217"
          },
          "port_directions": {
            "A": "input",
            "B": "input",
            "Y": "output"
          },
          "connections": {
            "A": [ 598, 599, 600, 601, 602, 603, 604, 605, 606, 607, 608, 609, 610, 611 ],
            "B": [ 225, 226, 227, 228, 229, 230, 231, 232, 233, "0", "0", "0", "0" ],
            "Y": [ 422, 423, 424, 431, 432, 433, 434, 435, 436, 437, 438, 439, 440, 441 ]
          }
        },
        "$sub$designs/87/top.sv:35$83": {
          "hide_name": 1,
          "type": "$sub",
          "parameters": {
            "A_SIGNED": "00000000000000000000000000000000",
            "A_WIDTH": "00000000000000000000000000001001",
            "B_SIGNED": "00000000000000000000000000000000",
            "B_WIDTH": "00000000000000000000000000001110",
            "Y_WIDTH": "00000000000000000000000000001110"
          },
          "attributes": {
            "src": "designs/87/top.sv:35.43-35.67"
          },
          "port_directions": {
            "A": "input",
            "B": "input",
            "Y": "output"
          },
          "connections": {
            "A": [ 42, 43, 44, 45, 46, 47, 48, 49, 50 ],
            "B": [ 428, 429, 430, 431, 432, 433, 434, 435, 436, 437, 438, 439, 440, 441 ],
            "Y": [ 257, 258, 259, 260, 261, 262, 263, 264, 265, 266, 267, 268, 269, 270 ]
          }
        },
        "$sub$designs/87/top.sv:44$134": {
          "hide_name": 1,
          "type": "$sub",
          "parameters": {
            "A_SIGNED": "00000000000000000000000000000000",
            "A_WIDTH": "00000000000000000000000000001010",
            "B_SIGNED": "00000000000000000000000000000000",
            "B_WIDTH": "00000000000000000000000000011000",
            "Y_WIDTH": "00000000000000000000000000011000"
          },
          "attributes": {
            "src": "designs/87/top.sv:44.37-44.93"
          },
          "port_directions": {
            "A": "input",
            "B": "input",
            "Y": "output"
          },
          "connections": {
            "A": [ 316, 317, 318, 319, 320, 321, 322, 323, 324, 325 ],
            "B": [ 445, 446, 447, 448, 289, 290, 291, 292, 293, 294, 295, 296, 297, 298, 299, 300, 301, 302, 303, 304, 305, 306, 307, 308 ],
            "Y": [ 626, 627, 628, 629, 630, 631, 632, 633, 634, 635, 636, 637, 638, 639, 640, 641, 642, 643, 644, 645, 646, 647, 648, 649 ]
          }
        },
        "$sub$designs/87/top.sv:44$135": {
          "hide_name": 1,
          "type": "$sub",
          "parameters": {
            "A_SIGNED": "00000000000000000000000000000000",
            "A_WIDTH": "00000000000000000000000000011000",
            "B_SIGNED": "00000000000000000000000000000000",
            "B_WIDTH": "00000000000000000000000000000111",
            "Y_WIDTH": "00000000000000000000000000011000"
          },
          "attributes": {
            "src": "designs/87/top.sv:44.36-44.108"
          },
          "port_directions": {
            "A": "input",
            "B": "input",
            "Y": "output"
          },
          "connections": {
            "A": [ 626, 627, 628, 629, 630, 631, 632, 633, 634, 635, 636, 637, 638, 639, 640, 641, 642, 643, 644, 645, 646, 647, 648, 649 ],
            "B": [ 29, 30, 31, 32, 33, 34, 35 ],
            "Y": [ 449, 6, 7, 8, 9, 10, 11, 12, 13, 14, 15, 16, 17, 18, 19, 20, 21, 22, 23, 24, 25, 26, 27, 28 ]
          }
        },
        "$ternary$designs/87/top.sv:26$11": {
          "hide_name": 1,
          "type": "$mux",
          "parameters": {
            "WIDTH": "00000000000000000000000000001001"
          },
          "attributes": {
            "src": "designs/87/top.sv:26.21-26.271"
          },
          "port_directions": {
            "A": "input",
            "B": "input",
            "S": "input",
            "Y": "output"
          },
          "connections": {
            "A": [ 337, 338, 339, 483, 484, 485, 486, 487, 488 ],
            "B": [ 612, 613, 614, 615, 615, 615, 615, 615, 615 ],
            "S": [ 3 ],
            "Y": [ 42, 43, 44, 45, 46, 47, 48, 49, 50 ]
          }
        }
      },
      "netnames": {
        "$add$designs/87/top.sv:26$2_Y": {
          "hide_name": 1,
          "bits": [ 64, 65, 66, 67, "0", "0", "0", "0", "0", "0", "0", "0", "0", "0", "0", "0", "0", "0", "0", "0", "0", "0", "0", "0", "0" ],
          "attributes": {
            "src": "designs/87/top.sv:26.135-26.156"
          }
        },
        "$add$designs/87/top.sv:26$8_Y": {
          "hide_name": 1,
          "bits": [ 332, 333, 336, 483, 484, 485, 486, 487, 488, 650, 651, 652, 653, 654, 655, 656, 657, 658, 659, 660, 661, 662, 663, 664, 665 ],
          "attributes": {
            "src": "designs/87/top.sv:26.83-26.243",
            "unused_bits": "9 10 11 12 13 14 15 16 17 18 19 20 21 22 23 24"
          }
        },
        "$add$designs/87/top.sv:28$21_Y": {
          "hide_name": 1,
          "bits": [ 51, 52, 53, 54, 55, 56, 57, 58, 59, 60, 61, 62, 63 ],
          "attributes": {
            "src": "designs/87/top.sv:28.52-28.67"
          }
        },
        "$add$designs/87/top.sv:29$30_Y": {
          "hide_name": 1,
          "bits": [ 81, 82, 83, 84, 85, 86, 87, 88, 89, 90, 91, 92, 93, 94, 95, 96, 97, 98, 99, 100, 101, 102, 103, 104, 105 ],
          "attributes": {
            "src": "designs/87/top.sv:29.74-29.142",
            "unused_bits": "3 4 5 6 7 8 9 10 11 12 13 14 15 16 17 18 19 20 21 22 23 24"
          }
        },
        "$add$designs/87/top.sv:30$38_Y": {
          "hide_name": 1,
          "bits": [ 112, 113, 114, 115, 116, 117, 118, "0", "0", "0", "0", "0", "0" ],
          "attributes": {
            "src": "designs/87/top.sv:30.75-30.116"
          }
        },
        "$add$designs/87/top.sv:30$39_Y": {
          "hide_name": 1,
          "bits": [ 119, 120, 121, 122, 123, 124, 125, 126, "0", "0", "0", "0", "0" ],
          "attributes": {
            "src": "designs/87/top.sv:30.64-30.132",
            "unused_bits": "1 2 3 4 5 6 7"
          }
        },
        "$add$designs/87/top.sv:32$51_Y": {
          "hide_name": 1,
          "bits": [ 148, 149, 150, 151, 152, 153, 154, 155, 156, 157, 158, 159, 160, 161, 162, 163, 164, 165, 166, 167, 168, 169, 170 ],
          "attributes": {
            "src": "designs/87/top.sv:32.79-32.123"
          }
        },
        "$add$designs/87/top.sv:32$53_Y": {
          "hide_name": 1,
          "bits": [ 199, 200, 201, 202, 203, 204, 205, 206, 207, 208, 209, 210, 211, 212, 213, 214, 215, 216, 217, 218, 219, 220, 221 ],
          "attributes": {
            "src": "designs/87/top.sv:32.57-32.155",
            "unused_bits": "3 4 5 6 7 8 9 10 11 12 13 14 15 16 17 18 19 20 21 22"
          }
        },
        "$add$designs/87/top.sv:32$56_Y": {
          "hide_name": 1,
          "bits": [ 234, 235, 236, 237, 238, 239, 240, 241, 242, 243, 244, 245, 246, 247, 248, 249, 250, 251, 252, 253, 254, 255, 256 ],
          "attributes": {
            "src": "designs/87/top.sv:32.36-32.196"
          }
        },
        "$add$designs/87/top.sv:35$86_Y": {
          "hide_name": 1,
          "bits": [ 285, 286, 287, 288, 289, 290, 291, 292, 293, 294, 295, 296, 297, 298, 299, 300, 301, 302, 303, 304, 305, 306, 307, 308, 309 ],
          "attributes": {
            "src": "designs/87/top.sv:35.32-35.81",
            "unused_bits": "24"
          }
        },
        "$add$designs/87/top.sv:44$133_Y": {
          "hide_name": 1,
          "bits": [ 316, 317, 318, 319 ],
          "attributes": {
          }
        },
        "$and$designs/87/top.sv:29$31_Y": {
          "hide_name": 1,
          "bits": [ 389, 390, 391, "0", "0", "0", "0", "0", "0", "0", "0", "0", "0", "0", "0", "0", "0", "0", "0", "0", "0", "0", "0", "0", "0" ],
          "attributes": {
            "src": "designs/87/top.sv:29.63-29.158"
          }
        },
        "$and$designs/87/top.sv:30$40_Y": {
          "hide_name": 1,
          "bits": [ 402, "0", "0", "0", "0", "0", "0", "0", "0", "0", "0", "0", "0" ],
          "attributes": {
            "src": "designs/87/top.sv:30.53-30.148"
          }
        },
        "$and$designs/87/top.sv:31$46_Y": {
          "hide_name": 1,
          "bits": [ 410, 411, 412, 413, 414, 415, 416, 417, 418, "0", "0", "0", "0" ],
          "attributes": {
            "src": "designs/87/top.sv:31.33-31.48"
          }
        },
        "$and$designs/87/top.sv:32$54_Y": {
          "hide_name": 1,
          "bits": [ 419, 420, 224, "0", "0", "0", "0", "0", "0", "0", "0", "0", "0", "0", "0", "0", "0", "0", "0", "0", "0", "0", "0" ],
          "attributes": {
            "src": "designs/87/top.sv:32.46-32.170"
          }
        },
        "$auto$opt_expr.cc:205:group_cell_inputs$150": {
          "hide_name": 1,
          "bits": [ 334, 335 ],
          "attributes": {
          }
        },
        "$auto$opt_expr.cc:205:group_cell_inputs$153": {
          "hide_name": 1,
          "bits": [ 337, 338, 339 ],
          "attributes": {
          }
        },
        "$auto$opt_expr.cc:205:group_cell_inputs$156": {
          "hide_name": 1,
          "bits": [ 343, 344, 345 ],
          "attributes": {
          }
        },
        "$auto$opt_expr.cc:205:group_cell_inputs$158": {
          "hide_name": 1,
          "bits": [ 616, 617, 618, 619, 620, 621, 622 ],
          "attributes": {
          }
        },
        "$auto$opt_expr.cc:205:group_cell_inputs$159": {
          "hide_name": 1,
          "bits": [ 355, 356, 357, 358, 359, 360, 361, 362, 363 ],
          "attributes": {
          }
        },
        "$auto$opt_expr.cc:205:group_cell_inputs$161": {
          "hide_name": 1,
          "bits": [ 489, 490, 491, 492, 493, 494, 495, 496, 497, 498, 499, 500, 501 ],
          "attributes": {
          }
        },
        "$auto$opt_expr.cc:205:group_cell_inputs$162": {
          "hide_name": 1,
          "bits": [ 364, 365, 366 ],
          "attributes": {
          }
        },
        "$auto$opt_expr.cc:205:group_cell_inputs$165": {
          "hide_name": 1,
          "bits": [ 376, 377, 378, 379, 380, 381, 382, 383, 384 ],
          "attributes": {
          }
        },
        "$auto$opt_expr.cc:205:group_cell_inputs$167": {
          "hide_name": 1,
          "bits": [ 502, 503, 504, 505, 506, 507, 508, 509, 510, 511, 512, 513, 514, 515, 516, 517 ],
          "attributes": {
          }
        },
        "$auto$opt_expr.cc:205:group_cell_inputs$168": {
          "hide_name": 1,
          "bits": [ 385, 386, 387, 388, 72, 73, 74, 75, 76, 77, 78, 79, 80 ],
          "attributes": {
          }
        },
        "$auto$opt_expr.cc:205:group_cell_inputs$172": {
          "hide_name": 1,
          "bits": [ 68, 69, 70, 71 ],
          "attributes": {
          }
        },
        "$auto$opt_expr.cc:205:group_cell_inputs$179": {
          "hide_name": 1,
          "bits": [ 395, 396, 397 ],
          "attributes": {
          }
        },
        "$auto$opt_expr.cc:205:group_cell_inputs$189": {
          "hide_name": 1,
          "bits": [ 403, 404, 405 ],
          "attributes": {
          }
        },
        "$auto$opt_expr.cc:205:group_cell_inputs$200": {
          "hide_name": 1,
          "bits": [ 139, 140, 141, 142, 143, 144, 145, 146, 147 ],
          "attributes": {
          }
        },
        "$auto$opt_expr.cc:205:group_cell_inputs$208": {
          "hide_name": 1,
          "bits": [ 222, 223 ],
          "attributes": {
          }
        },
        "$auto$opt_expr.cc:205:group_cell_inputs$211": {
          "hide_name": 1,
          "bits": [ 425, 426, 427 ],
          "attributes": {
          }
        },
        "$auto$opt_expr.cc:205:group_cell_inputs$254": {
          "hide_name": 1,
          "bits": [ 271, 272, 273, 274, 275, 276, 277, 278, 279, 280, 281, 282, 283, 284 ],
          "attributes": {
          }
        },
        "$auto$opt_expr.cc:205:group_cell_inputs$258": {
          "hide_name": 1,
          "bits": [ 442, 443, 444 ],
          "attributes": {
          }
        },
        "$auto$rtlil.cc:3334:Not$149": {
          "hide_name": 1,
          "bits": [ 453, 454, 455 ],
          "attributes": {
          }
        },
        "$auto$wreduce.cc:514:run$137": {
          "hide_name": 1,
          "bits": [ 449, 6, 7, 8, 9, 10, 11, 12, 13, 14, 15, 16, 17, 18, 19, 20, 21, 22, 23, 24, 25, 26, 27, 28, 666, 667, 668, 669, 670, 671 ],
          "attributes": {
            "src": "designs/87/top.sv:44.36-44.108",
            "unused_bits": "24 25 26 27 28 29"
          }
        },
        "$auto$wreduce.cc:514:run$138": {
          "hide_name": 1,
          "bits": [ 316, 317, 318, 319, 320, 321, 322, 323, 324, 325, "0", "0", "0", "0", "0", "0", "0", "0", "0", "0", "0", "0", "0", "0", "0" ],
          "attributes": {
            "src": "designs/87/top.sv:44.46-44.81"
          }
        },
        "$mul$designs/87/top.sv:26$5_Y": {
          "hide_name": 1,
          "bits": [ 461, 462, 450, 463, 464, 451, 465, 452, 466, 467, 468, 469, 470, 471, 472, 473, 474, 475, 476, 477, 478, 479, 480, 481, 482 ],
          "attributes": {
            "src": "designs/87/top.sv:26.114-26.199"
          }
        },
        "$mul$designs/87/top.sv:27$17_Y": {
          "hide_name": 1,
          "bits": [ 367, 368, 369, 370, 371, 372, 373, 374, 375, 502, 503, 504, 505, 506, 507, 508, 509, 510, 511, 512, 513, 514, 515, 516, 517 ],
          "attributes": {
            "src": "designs/87/top.sv:27.25-27.160"
          }
        },
        "$mul$designs/87/top.sv:27$19_Y": {
          "hide_name": 1,
          "bits": [ 518, 519, 520, 521, 522, 523, 524, 525, 526, 527, 528, 529, 530, 531, 532, 533, 534, 535, 536, 537, 538, 539, 540, 541, 542 ],
          "attributes": {
            "src": "designs/87/top.sv:27.23-27.180"
          }
        },
        "$mul$designs/87/top.sv:28$22_Y": {
          "hide_name": 1,
          "bits": [ 543, 544, 545, 672, 673, 674, 675, 676, 677, 678, 679, 680, 681 ],
          "attributes": {
            "src": "designs/87/top.sv:28.51-28.77",
            "unused_bits": "3 4 5 6 7 8 9 10 11 12"
          }
        },
        "$mul$designs/87/top.sv:29$33_Y": {
          "hide_name": 1,
          "bits": [ 392, 393, 571, 572, 573, 574, 682, 683, 684, 685, 686, 687, 688, 689, 690, 691, 692, 693, 694, 695, 696, 697, 698, 699, 700 ],
          "attributes": {
            "src": "designs/87/top.sv:29.43-29.190",
            "unused_bits": "6 7 8 9 10 11 12 13 14 15 16 17 18 19 20 21 22 23 24"
          }
        },
        "$mul$designs/87/top.sv:30$37_Y": {
          "hide_name": 1,
          "bits": [ 106, 107, 108, 109, 110, 111 ],
          "attributes": {
            "src": "designs/87/top.sv:30.84-30.99"
          }
        },
        "$mul$designs/87/top.sv:30$41_Y": {
          "hide_name": 1,
          "bits": [ 576, 577, 578, 579, 580, 581, 582, 583, 584, 585, 586, 587, 588 ],
          "attributes": {
            "src": "designs/87/top.sv:30.44-30.159"
          }
        },
        "$mul$designs/87/top.sv:30$44_Y": {
          "hide_name": 1,
          "bits": [ 589, 590, 591, 592, 593, 594, 595, 596, 597, 701, 702, 703, 704 ],
          "attributes": {
            "src": "designs/87/top.sv:30.33-30.177",
            "unused_bits": "9 10 11 12"
          }
        },
        "$mul$designs/87/top.sv:32$48_Y": {
          "hide_name": 1,
          "bits": [ 127, 128, 129, 130, 131, 132, 133, 134, 135, 136, 137, 138, "0", "0", "0", "0", "0", "0", "0", "0", "0", "0", "0" ],
          "attributes": {
            "src": "designs/87/top.sv:32.88-32.109"
          }
        },
        "$mul$designs/87/top.sv:32$57_Y": {
          "hide_name": 1,
          "bits": [ 598, 599, 600, 601, 602, 603, 604, 605, 606, 607, 608, 609, 610, 611, 705, 706, 707, 708, 709, 710, 711, 712, 713 ],
          "attributes": {
            "src": "designs/87/top.sv:32.25-32.207",
            "unused_bits": "14 15 16 17 18 19 20 21 22"
          }
        },
        "$mul$designs/87/top.sv:44$132_Y": {
          "hide_name": 1,
          "bits": [ 310, 311, 312, 313, 314, 315, "0", "0", "0", "0", "0", "0", "0", "0", "0", "0", "0", "0", "0", "0", "0", "0", "0", "0", "0" ],
          "attributes": {
            "src": "designs/87/top.sv:44.47-44.71"
          }
        },
        "$sub$designs/87/top.sv:26$1_Y": {
          "hide_name": 1,
          "bits": [ 612, 613, 614, 615, 615, 615, 615, 615, 615, 615, 615, 615, 615, 615, 615, 615, 615, 615, 615, 615, 615, 615, 615, 615, 615 ],
          "attributes": {
            "src": "designs/87/top.sv:26.40-26.66"
          }
        },
        "$sub$designs/87/top.sv:26$3_Y": {
          "hide_name": 1,
          "bits": [ 456, 457, 458, 459, 460, 460, 460, 460, 460, 460, 460, 460, 460, 460, 460, 460, 460, 460, 460, 460, 460, 460, 460, 460, 460 ],
          "attributes": {
            "src": "designs/87/top.sv:26.124-26.167"
          }
        },
        "$sub$designs/87/top.sv:27$12_Y": {
          "hide_name": 1,
          "bits": [ 340, 341, 342, 616, 617, 618, 619, 620, 621, 622, 622, 622, 622, 622, 622, 622, 622, 622, 622, 622, 622 ],
          "attributes": {
            "src": "designs/87/top.sv:27.64-27.96"
          }
        },
        "$sub$designs/87/top.sv:27$14_Y": {
          "hide_name": 1,
          "bits": [ 346, 347, 348, 349, 350, 351, 352, 353, 354, 489, 490, 491, 492, 493, 494, 495, 496, 497, 498, 499, 500, 501, 501, 501, 501 ],
          "attributes": {
            "src": "designs/87/top.sv:27.44-27.124"
          }
        },
        "$sub$designs/87/top.sv:28$23_Y": {
          "hide_name": 1,
          "bits": [ 623, 624, 625, 714, 715, 716, 717, 718, 719, 720, 721, 722, 723, 724, 724, 724, 724, 724, 724, 724, 724, 724, 724, 724, 724 ],
          "attributes": {
            "src": "designs/87/top.sv:28.40-28.92",
            "unused_bits": "3 4 5 6 7 8 9 10 11 12 13 14 15 16 17 18 19 20 21 22 23 24"
          }
        },
        "$sub$designs/87/top.sv:28$24_Y": {
          "hide_name": 1,
          "bits": [ 326, 327, 328, 725, 726, 727, 728, 729, 730, 731, 732, 733, 734, 735, 736, 736, 736, 736, 736, 736, 736, 736, 736, 736, 736 ],
          "attributes": {
            "src": "designs/87/top.sv:28.39-28.102",
            "unused_bits": "3 4 5 6 7 8 9 10 11 12 13 14 15 16 17 18 19 20 21 22 23 24"
          }
        },
        "$sub$designs/87/top.sv:29$32_Y": {
          "hide_name": 1,
          "bits": [ 546, 547, 548, 549, 550, 551, 552, 553, 554, 555, 556, 557, 558, 559, 560, 561, 562, 563, 564, 565, 566, 567, 568, 569, 570 ],
          "attributes": {
            "src": "designs/87/top.sv:29.54-29.175"
          }
        },
        "$sub$designs/87/top.sv:29$34_Y": {
          "hide_name": 1,
          "bits": [ 392, 393, 394, 575, 421, 401, 737, 738, 739, 740, 741, 742, 743, 744, 745, 746, 747, 748, 749, 750, 751, 752, 753, 754, 755 ],
          "attributes": {
            "src": "designs/87/top.sv:29.34-29.200",
            "unused_bits": "6 7 8 9 10 11 12 13 14 15 16 17 18 19 20 21 22 23 24"
          }
        },
        "$sub$designs/87/top.sv:32$52_Y": {
          "hide_name": 1,
          "bits": [ 171, 172, 173, 174, 175, 176, 177, 178, 179, 180, 181, 182, 183, 184, 185, 186, 187, 188, 189, 190, 191, 192, 193 ],
          "attributes": {
            "src": "designs/87/top.sv:32.68-32.139"
          }
        },
        "$sub$designs/87/top.sv:32$58_Y": {
          "hide_name": 1,
          "bits": [ 422, 423, 424, 431, 432, 433, 434, 435, 436, 437, 438, 439, 440, 441, 756, 757, 758, 759, 760, 761, 762, 763, 764 ],
          "attributes": {
            "src": "designs/87/top.sv:32.24-32.217",
            "unused_bits": "14 15 16 17 18 19 20 21 22"
          }
        },
        "$sub$designs/87/top.sv:35$83_Y": {
          "hide_name": 1,
          "bits": [ 257, 258, 259, 260, 261, 262, 263, 264, 265, 266, 267, 268, 269, 270 ],
          "attributes": {
            "src": "designs/87/top.sv:35.43-35.67"
          }
        },
        "$sub$designs/87/top.sv:44$134_Y": {
          "hide_name": 1,
          "bits": [ 626, 627, 628, 629, 630, 631, 632, 633, 634, 635, 636, 637, 638, 639, 640, 641, 642, 643, 644, 645, 646, 647, 648, 649, 765, 766, 766, 766, 766, 766 ],
          "attributes": {
            "src": "designs/87/top.sv:44.37-44.93",
            "unused_bits": "24 25 26 27 28 29"
          }
        },
        "input_data": {
          "hide_name": 0,
          "bits": [ 2, 3, 4 ],
          "attributes": {
            "src": "designs/87/top.sv:2.17-2.27"
          }
        },
        "output_data": {
          "hide_name": 0,
          "bits": [ 5, 6, 7, 8, 9, 10, 11, 12, 13, 14, 15, 16, 17, 18, 19, 20, 21, 22, 23, 24, 25, 26, 27, 28 ],
          "attributes": {
            "src": "designs/87/top.sv:3.19-3.30"
          }
        },
        "temp_1": {
          "hide_name": 0,
          "bits": [ 42, 43, 44, 45, 46, 47, 48, 49, 50 ],
          "attributes": {
            "src": "designs/87/top.sv:7.17-7.23"
          }
        },
        "temp_10": {
          "hide_name": 0,
          "bits": [ 445, 446, 447, 448, 289, 290, 291, 292, 293, 294, 295, 296, 297, 298, 299, 300, 301, 302, 303, 304, 305, 306, 307, 308, 309, "0", "0", "0", "0", "0" ],
          "attributes": {
            "src": "designs/87/top.sv:16.18-16.25",
            "unused_bits": "24"
          }
        },
        "temp_2": {
          "hide_name": 0,
          "bits": [ 29, 30, 31, 32, 33, 34, 35, 36, 37, 38, 39, 40, 41 ],
          "attributes": {
            "src": "designs/87/top.sv:8.18-8.24"
          }
        },
        "temp_3": {
          "hide_name": 0,
          "bits": [ 329, 330, 331 ],
          "attributes": {
            "src": "designs/87/top.sv:9.17-9.23"
          }
        },
        "temp_4": {
          "hide_name": 0,
          "bits": [ 398, 399, 400, 575, 421, 401 ],
          "attributes": {
            "src": "designs/87/top.sv:10.17-10.23"
          }
        },
        "temp_5": {
          "hide_name": 0,
          "bits": [ 194, 195, 196, 197, 198, 406, 407, 408, 409 ],
          "attributes": {
            "src": "designs/87/top.sv:11.17-11.23"
          }
        },
        "temp_6": {
          "hide_name": 0,
          "bits": [ 225, 226, 227, 228, 229, 230, 231, 232, 233, "0", "0", "0", "0", "0", "0", "0" ],
          "attributes": {
            "src": "designs/87/top.sv:12.18-12.24"
          }
        },
        "temp_7": {
          "hide_name": 0,
          "bits": [ 428, 429, 430, 431, 432, 433, 434, 435, 436, 437, 438, 439, 440, 441 ],
          "attributes": {
            "src": "designs/87/top.sv:13.18-13.24"
          }
        }
      }
    }
  }
}
