{
  "creator": "Yosys 0.60 (git sha1 5bafeb77dc71e054fa331ab9efa613e6fb0a1c49, clang++ 17.0.0 -fPIC -O3)",
  "modules": {
    "top": {
      "attributes": {
        "top": "00000000000000000000000000000001",
        "src": "designs/229/top.sv:1.1-32.10"
      },
      "ports": {
        "input_data": {
          "direction": "input",
          "bits": [ 2, 3, 4 ]
        },
        "output_data": {
          "direction": "output",
          "bits": [ 5, 6, 7, 8, 9, 10, 11, 12, 13, 14, 15, 16, 17, 18, 19, 20, 21, 22, 23, 24, 25, 26, 27, 28 ]
        }
      },
      "cells": {
        "$add$designs/229/top.sv:18$3": {
          "hide_name": 1,
          "type": "$add",
          "parameters": {
            "A_SIGNED": "00000000000000000000000000000000",
            "A_WIDTH": "00000000000000000000000000000011",
            "B_SIGNED": "00000000000000000000000000000000",
            "B_WIDTH": "00000000000000000000000000000011",
            "Y_WIDTH": "00000000000000000000000000000100"
          },
          "attributes": {
            "src": "designs/229/top.sv:18.25-18.78"
          },
          "port_directions": {
            "A": "input",
            "B": "input",
            "Y": "output"
          },
          "connections": {
            "A": [ 29, 30, 31 ],
            "B": [ 2, 3, 4 ],
            "Y": [ 32, 33, 34, 35 ]
          }
        },
        "$add$designs/229/top.sv:18$4": {
          "hide_name": 1,
          "type": "$add",
          "parameters": {
            "A_SIGNED": "00000000000000000000000000000000",
            "A_WIDTH": "00000000000000000000000000000100",
            "B_SIGNED": "00000000000000000000000000000000",
            "B_WIDTH": "00000000000000000000000000000011",
            "Y_WIDTH": "00000000000000000000000000000101"
          },
          "attributes": {
            "src": "designs/229/top.sv:18.24-18.92"
          },
          "port_directions": {
            "A": "input",
            "B": "input",
            "Y": "output"
          },
          "connections": {
            "A": [ 32, 33, 34, 35 ],
            "B": [ 2, 3, 4 ],
            "Y": [ 36, 37, 38, 39, 40 ]
          }
        },
        "$add$designs/229/top.sv:18$6": {
          "hide_name": 1,
          "type": "$add",
          "parameters": {
            "A_SIGNED": "00000000000000000000000000000000",
            "A_WIDTH": "00000000000000000000000000000101",
            "B_SIGNED": "00000000000000000000000000000000",
            "B_WIDTH": "00000000000000000000000000000011",
            "Y_WIDTH": "00000000000000000000000000000110"
          },
          "attributes": {
            "src": "designs/229/top.sv:18.22-18.120"
          },
          "port_directions": {
            "A": "input",
            "B": "input",
            "Y": "output"
          },
          "connections": {
            "A": [ 41, 42, 43, 39, 40 ],
            "B": [ 2, 3, 4 ],
            "Y": [ 44, 45, 46, 47, 48, 49 ]
          }
        },
        "$add$designs/229/top.sv:20$21": {
          "hide_name": 1,
          "type": "$add",
          "parameters": {
            "A_SIGNED": "00000000000000000000000000000000",
            "A_WIDTH": "00000000000000000000000000001101",
            "B_SIGNED": "00000000000000000000000000000000",
            "B_WIDTH": "00000000000000000000000000000110",
            "Y_WIDTH": "00000000000000000000000000001101"
          },
          "attributes": {
            "src": "designs/229/top.sv:20.31-20.131"
          },
          "port_directions": {
            "A": "input",
            "B": "input",
            "Y": "output"
          },
          "connections": {
            "A": [ 50, 51, 52, "0", "0", "0", "0", "0", "0", "0", "0", "0", "0" ],
            "B": [ 44, 45, 46, 47, 48, 49 ],
            "Y": [ 53, 54, 55, 56, 57, 58, 59, 60, 61, 62, 63, 64, 65 ]
          }
        },
        "$add$designs/229/top.sv:23$32": {
          "hide_name": 1,
          "type": "$add",
          "parameters": {
            "A_SIGNED": "00000000000000000000000000000000",
            "A_WIDTH": "00000000000000000000000000001001",
            "B_SIGNED": "00000000000000000000000000000000",
            "B_WIDTH": "00000000000000000000000000000011",
            "Y_WIDTH": "00000000000000000000000000001010"
          },
          "attributes": {
            "src": "designs/229/top.sv:23.26-23.45"
          },
          "port_directions": {
            "A": "input",
            "B": "input",
            "Y": "output"
          },
          "connections": {
            "A": [ 66, 67, 68, 69, 70, 71, "0", "0", "0" ],
            "B": [ 2, 3, 4 ],
            "Y": [ 72, 73, 74, 75, 76, 77, 78, 79, 80, 81 ]
          }
        },
        "$add$designs/229/top.sv:27$45": {
          "hide_name": 1,
          "type": "$add",
          "parameters": {
            "A_SIGNED": "00000000000000000000000000000000",
            "A_WIDTH": "00000000000000000000000000000010",
            "B_SIGNED": "00000000000000000000000000000000",
            "B_WIDTH": "00000000000000000000000000000010",
            "Y_WIDTH": "00000000000000000000000000000010"
          },
          "attributes": {
            "src": "designs/229/top.sv:27.35-27.66"
          },
          "port_directions": {
            "A": "input",
            "B": "input",
            "Y": "output"
          },
          "connections": {
            "A": [ 82, 83 ],
            "B": [ 84, 85 ],
            "Y": [ 86, 87 ]
          }
        },
        "$add$designs/229/top.sv:28$49": {
          "hide_name": 1,
          "type": "$add",
          "parameters": {
            "A_SIGNED": "00000000000000000000000000000000",
            "A_WIDTH": "00000000000000000000000000000010",
            "B_SIGNED": "00000000000000000000000000000000",
            "B_WIDTH": "00000000000000000000000000000010",
            "Y_WIDTH": "00000000000000000000000000000011"
          },
          "attributes": {
            "src": "designs/229/top.sv:28.25-28.45"
          },
          "port_directions": {
            "A": "input",
            "B": "input",
            "Y": "output"
          },
          "connections": {
            "A": [ 88, 89 ],
            "B": [ 90, 91 ],
            "Y": [ 92, 93, 94 ]
          }
        },
        "$add$designs/229/top.sv:30$53": {
          "hide_name": 1,
          "type": "$add",
          "parameters": {
            "A_SIGNED": "00000000000000000000000000000000",
            "A_WIDTH": "00000000000000000000000000011110",
            "B_SIGNED": "00000000000000000000000000000000",
            "B_WIDTH": "00000000000000000000000000010000",
            "Y_WIDTH": "00000000000000000000000000011110"
          },
          "attributes": {
            "src": "designs/229/top.sv:30.30-30.56"
          },
          "port_directions": {
            "A": "input",
            "B": "input",
            "Y": "output"
          },
          "connections": {
            "A": [ 95, 96, 97, 98, 99, 100, 101, 101, 101, 101, 101, 101, 101, 101, 101, 101, 101, 101, 101, 101, 101, 101, 101, 101, 101, 101, 101, 101, 101, 101 ],
            "B": [ 102, 103, 104, 105, 106, 107, 108, 109, 110, 111, 112, 113, 114, 115, 115, 115 ],
            "Y": [ 116, 117, 118, 119, 120, 121, 122, 123, 124, 125, 126, 127, 128, 129, 130, 131, 132, 133, 134, 135, 136, 137, 138, 139, 140, 141, 142, 143, 144, 145 ]
          }
        },
        "$add$designs/229/top.sv:30$54": {
          "hide_name": 1,
          "type": "$add",
          "parameters": {
            "A_SIGNED": "00000000000000000000000000000000",
            "A_WIDTH": "00000000000000000000000000011110",
            "B_SIGNED": "00000000000000000000000000000000",
            "B_WIDTH": "00000000000000000000000000010000",
            "Y_WIDTH": "00000000000000000000000000011110"
          },
          "attributes": {
            "src": "designs/229/top.sv:30.29-30.66"
          },
          "port_directions": {
            "A": "input",
            "B": "input",
            "Y": "output"
          },
          "connections": {
            "A": [ 116, 117, 118, 119, 120, 121, 122, 123, 124, 125, 126, 127, 128, 129, 130, 131, 132, 133, 134, 135, 136, 137, 138, 139, 140, 141, 142, 143, 144, 145 ],
            "B": [ 102, 103, 104, 105, 106, 107, 108, 109, 110, 111, 112, 113, 114, 115, 115, 115 ],
            "Y": [ 146, 147, 148, 149, 150, 151, 152, 153, 154, 155, 156, 157, 158, 159, 160, 161, 162, 163, 164, 165, 166, 167, 168, 169, 170, 171, 172, 173, 174, 175 ]
          }
        },
        "$add$designs/229/top.sv:30$55": {
          "hide_name": 1,
          "type": "$add",
          "parameters": {
            "A_SIGNED": "00000000000000000000000000000000",
            "A_WIDTH": "00000000000000000000000000011110",
            "B_SIGNED": "00000000000000000000000000000000",
            "B_WIDTH": "00000000000000000000000000010000",
            "Y_WIDTH": "00000000000000000000000000011110"
          },
          "attributes": {
            "src": "designs/229/top.sv:30.28-30.77"
          },
          "port_directions": {
            "A": "input",
            "B": "input",
            "Y": "output"
          },
          "connections": {
            "A": [ 146, 147, 148, 149, 150, 151, 152, 153, 154, 155, 156, 157, 158, 159, 160, 161, 162, 163, 164, 165, 166, 167, 168, 169, 170, 171, 172, 173, 174, 175 ],
            "B": [ 176, 177, 178, 179, 180, 181, 182, 183, 184, 185, 186, 187, 188, 189, 189, 189 ],
            "Y": [ 190, 191, 192, 193, 194, 195, 196, 197, 198, 199, 200, 201, 202, 203, 204, 205, 206, 207, 208, 209, 210, 211, 212, 213, 214, 215, 216, 217, 218, 219 ]
          }
        },
        "$and$designs/229/top.sv:18$1": {
          "hide_name": 1,
          "type": "$and",
          "parameters": {
            "A_SIGNED": "00000000000000000000000000000000",
            "A_WIDTH": "00000000000000000000000000000011",
            "B_SIGNED": "00000000000000000000000000000000",
            "B_WIDTH": "00000000000000000000000000000011",
            "Y_WIDTH": "00000000000000000000000000000011"
          },
          "attributes": {
            "src": "designs/229/top.sv:18.27-18.50"
          },
          "port_directions": {
            "A": "input",
            "B": "input",
            "Y": "output"
          },
          "connections": {
            "A": [ 2, 3, 4 ],
            "B": [ 2, 3, 4 ],
            "Y": [ 220, 221, 222 ]
          }
        },
        "$and$designs/229/top.sv:18$2": {
          "hide_name": 1,
          "type": "$and",
          "parameters": {
            "A_SIGNED": "00000000000000000000000000000000",
            "A_WIDTH": "00000000000000000000000000000011",
            "B_SIGNED": "00000000000000000000000000000000",
            "B_WIDTH": "00000000000000000000000000000011",
            "Y_WIDTH": "00000000000000000000000000000011"
          },
          "attributes": {
            "src": "designs/229/top.sv:18.26-18.64"
          },
          "port_directions": {
            "A": "input",
            "B": "input",
            "Y": "output"
          },
          "connections": {
            "A": [ 220, 221, 222 ],
            "B": [ 2, 3, 4 ],
            "Y": [ 29, 30, 31 ]
          }
        },
        "$and$designs/229/top.sv:27$46": {
          "hide_name": 1,
          "type": "$and",
          "parameters": {
            "A_SIGNED": "00000000000000000000000000000000",
            "A_WIDTH": "00000000000000000000000000000010",
            "B_SIGNED": "00000000000000000000000000000000",
            "B_WIDTH": "00000000000000000000000000000010",
            "Y_WIDTH": "00000000000000000000000000000010"
          },
          "attributes": {
            "src": "designs/229/top.sv:27.34-27.76"
          },
          "port_directions": {
            "A": "input",
            "B": "input",
            "Y": "output"
          },
          "connections": {
            "A": [ 86, 87 ],
            "B": [ 66, 67 ],
            "Y": [ 223, 224 ]
          }
        },
        "$auto$opt_expr.cc:276:group_cell_inputs$103": {
          "hide_name": 1,
          "type": "$xor",
          "parameters": {
            "A_SIGNED": "00000000000000000000000000000000",
            "A_WIDTH": "00000000000000000000000000000011",
            "B_SIGNED": "00000000000000000000000000000000",
            "B_WIDTH": "00000000000000000000000000000011",
            "Y_WIDTH": "00000000000000000000000000000011"
          },
          "attributes": {
          },
          "port_directions": {
            "A": "input",
            "B": "input",
            "Y": "output"
          },
          "connections": {
            "A": [ 225, 226, 227 ],
            "B": [ 2, 3, 4 ],
            "Y": [ 228, 229, 230 ]
          }
        },
        "$auto$opt_expr.cc:276:group_cell_inputs$106": {
          "hide_name": 1,
          "type": "$xor",
          "parameters": {
            "A_SIGNED": "00000000000000000000000000000000",
            "A_WIDTH": "00000000000000000000000000000011",
            "B_SIGNED": "00000000000000000000000000000000",
            "B_WIDTH": "00000000000000000000000000000011",
            "Y_WIDTH": "00000000000000000000000000000011"
          },
          "attributes": {
          },
          "port_directions": {
            "A": "input",
            "B": "input",
            "Y": "output"
          },
          "connections": {
            "A": [ 92, 93, 94 ],
            "B": [ 102, 103, 104 ],
            "Y": [ 231, 232, 233 ]
          }
        },
        "$auto$opt_expr.cc:276:group_cell_inputs$109": {
          "hide_name": 1,
          "type": "$xor",
          "parameters": {
            "A_SIGNED": "00000000000000000000000000000000",
            "A_WIDTH": "00000000000000000000000000000110",
            "B_SIGNED": "00000000000000000000000000000000",
            "B_WIDTH": "00000000000000000000000000000110",
            "Y_WIDTH": "00000000000000000000000000000110"
          },
          "attributes": {
          },
          "port_directions": {
            "A": "input",
            "B": "input",
            "Y": "output"
          },
          "connections": {
            "A": [ 66, 67, 68, 69, 70, 71 ],
            "B": [ 234, 235, 236, 237, 238, 239 ],
            "Y": [ 240, 241, 242, 243, 244, 245 ]
          }
        },
        "$auto$opt_expr.cc:276:group_cell_inputs$113": {
          "hide_name": 1,
          "type": "$and",
          "parameters": {
            "A_SIGNED": "00000000000000000000000000000000",
            "A_WIDTH": "00000000000000000000000000001110",
            "B_SIGNED": "00000000000000000000000000000000",
            "B_WIDTH": "00000000000000000000000000001110",
            "Y_WIDTH": "00000000000000000000000000001110"
          },
          "attributes": {
          },
          "port_directions": {
            "A": "input",
            "B": "input",
            "Y": "output"
          },
          "connections": {
            "A": [ 228, 229, 230, 246, 247, 248, 249, 250, 251, 252, 253, 254, 255, 256 ],
            "B": [ 102, 103, 104, 105, 106, 107, 108, 109, 110, 111, 112, 113, 114, 115 ],
            "Y": [ 257, 258, 259, 260, 261, 262, 263, 264, 265, 266, 267, 268, 269, 270 ]
          }
        },
        "$auto$opt_expr.cc:276:group_cell_inputs$115": {
          "hide_name": 1,
          "type": "$and",
          "parameters": {
            "A_SIGNED": "00000000000000000000000000000000",
            "A_WIDTH": "00000000000000000000000000001110",
            "B_SIGNED": "00000000000000000000000000000000",
            "B_WIDTH": "00000000000000000000000000001110",
            "Y_WIDTH": "00000000000000000000000000001110"
          },
          "attributes": {
          },
          "port_directions": {
            "A": "input",
            "B": "input",
            "Y": "output"
          },
          "connections": {
            "A": [ 231, 232, 233, 105, 106, 107, 108, 109, 110, 111, 112, 113, 114, 115 ],
            "B": [ 102, 103, 104, 105, 106, 107, 108, 109, 110, 111, 112, 113, 114, 115 ],
            "Y": [ 176, 177, 178, 179, 180, 181, 182, 183, 184, 185, 186, 187, 188, 189 ]
          }
        },
        "$auto$opt_expr.cc:276:group_cell_inputs$63": {
          "hide_name": 1,
          "type": "$xor",
          "parameters": {
            "A_SIGNED": "00000000000000000000000000000000",
            "A_WIDTH": "00000000000000000000000000000011",
            "B_SIGNED": "00000000000000000000000000000000",
            "B_WIDTH": "00000000000000000000000000000011",
            "Y_WIDTH": "00000000000000000000000000000011"
          },
          "attributes": {
          },
          "port_directions": {
            "A": "input",
            "B": "input",
            "Y": "output"
          },
          "connections": {
            "A": [ 36, 37, 38 ],
            "B": [ 2, 3, 4 ],
            "Y": [ 41, 42, 43 ]
          }
        },
        "$auto$opt_expr.cc:276:group_cell_inputs$68": {
          "hide_name": 1,
          "type": "$and",
          "parameters": {
            "A_SIGNED": "00000000000000000000000000000000",
            "A_WIDTH": "00000000000000000000000000000110",
            "B_SIGNED": "00000000000000000000000000000000",
            "B_WIDTH": "00000000000000000000000000000110",
            "Y_WIDTH": "00000000000000000000000000000110"
          },
          "attributes": {
          },
          "port_directions": {
            "A": "input",
            "B": "input",
            "Y": "output"
          },
          "connections": {
            "A": [ 271, 272, 273, 274, 275, 276 ],
            "B": [ 44, 45, 47, 48, 46, 49 ],
            "Y": [ 277, 278, 279, 280, 281, 282 ]
          }
        },
        "$auto$opt_expr.cc:276:group_cell_inputs$72": {
          "hide_name": 1,
          "type": "$and",
          "parameters": {
            "A_SIGNED": "00000000000000000000000000000000",
            "A_WIDTH": "00000000000000000000000000000110",
            "B_SIGNED": "00000000000000000000000000000000",
            "B_WIDTH": "00000000000000000000000000000110",
            "Y_WIDTH": "00000000000000000000000000000110"
          },
          "attributes": {
          },
          "port_directions": {
            "A": "input",
            "B": "input",
            "Y": "output"
          },
          "connections": {
            "A": [ 277, 278, 281, 279, 280, 282 ],
            "B": [ 44, 45, 46, 47, 48, 49 ],
            "Y": [ 66, 67, 68, 69, 70, 71 ]
          }
        },
        "$auto$opt_expr.cc:276:group_cell_inputs$76": {
          "hide_name": 1,
          "type": "$not",
          "parameters": {
            "A_SIGNED": "00000000000000000000000000000000",
            "A_WIDTH": "00000000000000000000000000000110",
            "Y_WIDTH": "00000000000000000000000000000110"
          },
          "attributes": {
          },
          "port_directions": {
            "A": "input",
            "Y": "output"
          },
          "connections": {
            "A": [ 44, 45, 46, 47, 48, 49 ],
            "Y": [ 283, 284, 285, 286, 287, 288 ]
          }
        },
        "$auto$opt_expr.cc:276:group_cell_inputs$80": {
          "hide_name": 1,
          "type": "$and",
          "parameters": {
            "A_SIGNED": "00000000000000000000000000000000",
            "A_WIDTH": "00000000000000000000000000000110",
            "B_SIGNED": "00000000000000000000000000000000",
            "B_WIDTH": "00000000000000000000000000000110",
            "Y_WIDTH": "00000000000000000000000000000110"
          },
          "attributes": {
          },
          "port_directions": {
            "A": "input",
            "B": "input",
            "Y": "output"
          },
          "connections": {
            "A": [ 289, 290, 291, 292, 293, 294 ],
            "B": [ 44, 45, 46, 47, 48, 49 ],
            "Y": [ 295, 296, 297, 298, 299, 300 ]
          }
        },
        "$auto$opt_expr.cc:276:group_cell_inputs$84": {
          "hide_name": 1,
          "type": "$and",
          "parameters": {
            "A_SIGNED": "00000000000000000000000000000000",
            "A_WIDTH": "00000000000000000000000000000011",
            "B_SIGNED": "00000000000000000000000000000000",
            "B_WIDTH": "00000000000000000000000000000011",
            "Y_WIDTH": "00000000000000000000000000000011"
          },
          "attributes": {
          },
          "port_directions": {
            "A": "input",
            "B": "input",
            "Y": "output"
          },
          "connections": {
            "A": [ 301, 302, 303 ],
            "B": [ 2, 3, 4 ],
            "Y": [ 304, 305, 306 ]
          }
        },
        "$auto$opt_expr.cc:276:group_cell_inputs$88": {
          "hide_name": 1,
          "type": "$and",
          "parameters": {
            "A_SIGNED": "00000000000000000000000000000000",
            "A_WIDTH": "00000000000000000000000000000011",
            "B_SIGNED": "00000000000000000000000000000000",
            "B_WIDTH": "00000000000000000000000000000011",
            "Y_WIDTH": "00000000000000000000000000000011"
          },
          "attributes": {
          },
          "port_directions": {
            "A": "input",
            "B": "input",
            "Y": "output"
          },
          "connections": {
            "A": [ 307, 308, 309 ],
            "B": [ 2, 3, 4 ],
            "Y": [ 50, 51, 52 ]
          }
        },
        "$auto$opt_expr.cc:276:group_cell_inputs$92": {
          "hide_name": 1,
          "type": "$and",
          "parameters": {
            "A_SIGNED": "00000000000000000000000000000000",
            "A_WIDTH": "00000000000000000000000000000110",
            "B_SIGNED": "00000000000000000000000000000000",
            "B_WIDTH": "00000000000000000000000000000110",
            "Y_WIDTH": "00000000000000000000000000000110"
          },
          "attributes": {
          },
          "port_directions": {
            "A": "input",
            "B": "input",
            "Y": "output"
          },
          "connections": {
            "A": [ 53, 54, 55, 56, 57, 58 ],
            "B": [ 44, 45, 46, 47, 48, 49 ],
            "Y": [ 234, 235, 236, 237, 238, 239 ]
          }
        },
        "$auto$opt_expr.cc:276:group_cell_inputs$99": {
          "hide_name": 1,
          "type": "$and",
          "parameters": {
            "A_SIGNED": "00000000000000000000000000000000",
            "A_WIDTH": "00000000000000000000000000000110",
            "B_SIGNED": "00000000000000000000000000000000",
            "B_WIDTH": "00000000000000000000000000000110",
            "Y_WIDTH": "00000000000000000000000000000110"
          },
          "attributes": {
          },
          "port_directions": {
            "A": "input",
            "B": "input",
            "Y": "output"
          },
          "connections": {
            "A": [ 310, 311, 312, 313, 314, 315 ],
            "B": [ 44, 45, 46, 47, 48, 49 ],
            "Y": [ 316, 317, 318, 319, 320, 321 ]
          }
        },
        "$auto$opt_expr.cc:716:replace_const_cells$65": {
          "hide_name": 1,
          "type": "$not",
          "parameters": {
            "A_SIGNED": "00000000000000000000000000000000",
            "A_WIDTH": "00000000000000000000000000000110",
            "Y_WIDTH": "00000000000000000000000000000110"
          },
          "attributes": {
          },
          "port_directions": {
            "A": "input",
            "Y": "output"
          },
          "connections": {
            "A": [ 322, 323, 324, 325, 326, 327 ],
            "Y": [ 271, 272, 273, 274, 328, 329 ]
          }
        },
        "$mul$designs/229/top.sv:19$10": {
          "hide_name": 1,
          "type": "$mul",
          "parameters": {
            "A_SIGNED": "00000000000000000000000000000000",
            "A_WIDTH": "00000000000000000000000000011001",
            "B_SIGNED": "00000000000000000000000000000000",
            "B_WIDTH": "00000000000000000000000000000011",
            "Y_WIDTH": "00000000000000000000000000001001"
          },
          "attributes": {
            "src": "designs/229/top.sv:19.25-19.92"
          },
          "port_directions": {
            "A": "input",
            "B": "input",
            "Y": "output"
          },
          "connections": {
            "A": [ 330, 331, 332, 333, 334, 335, 336, 337, 338, 339, 340, 340, 340, 340, 340, 340, 340, 340, 340, 340, 340, 340, 340, 340, 340 ],
            "B": [ 2, 3, 4 ],
            "Y": [ 322, 323, 275, 324, 325, 276, 326, 341, 327 ]
          }
        },
        "$mul$designs/229/top.sv:19$9": {
          "hide_name": 1,
          "type": "$mul",
          "parameters": {
            "A_SIGNED": "00000000000000000000000000000001",
            "A_WIDTH": "00000000000000000000000000000100",
            "B_SIGNED": "00000000000000000000000000000001",
            "B_WIDTH": "00000000000000000000000000000111",
            "Y_WIDTH": "00000000000000000000000000001011"
          },
          "attributes": {
            "src": "designs/229/top.sv:19.26-19.78"
          },
          "port_directions": {
            "A": "input",
            "B": "input",
            "Y": "output"
          },
          "connections": {
            "A": [ 342, 343, 344, "0" ],
            "B": [ 44, 45, 46, 47, 48, 49, "0" ],
            "Y": [ 330, 331, 332, 333, 334, 335, 336, 337, 338, 339, 340 ]
          }
        },
        "$mul$designs/229/top.sv:20$15": {
          "hide_name": 1,
          "type": "$mul",
          "parameters": {
            "A_SIGNED": "00000000000000000000000000000000",
            "A_WIDTH": "00000000000000000000000000000011",
            "B_SIGNED": "00000000000000000000000000000000",
            "B_WIDTH": "00000000000000000000000000011001",
            "Y_WIDTH": "00000000000000000000000000001101"
          },
          "attributes": {
            "src": "designs/229/top.sv:20.37-20.59"
          },
          "port_directions": {
            "A": "input",
            "B": "input",
            "Y": "output"
          },
          "connections": {
            "A": [ 2, 3, 4 ],
            "B": [ 283, 284, 285, 286, 287, 288, "1", "1", "1", "1", "1", "1", "1", "1", "1", "1", "1", "1", "1", "1", "1", "1", "1", "1", "1" ],
            "Y": [ 289, 290, 291, 292, 293, 294, 345, 346, 347, 348, 349, 350, 351 ]
          }
        },
        "$mul$designs/229/top.sv:21$24": {
          "hide_name": 1,
          "type": "$mul",
          "parameters": {
            "A_SIGNED": "00000000000000000000000000000000",
            "A_WIDTH": "00000000000000000000000000001101",
            "B_SIGNED": "00000000000000000000000000000000",
            "B_WIDTH": "00000000000000000000000000000011",
            "Y_WIDTH": "00000000000000000000000000001101"
          },
          "attributes": {
            "src": "designs/229/top.sv:21.25-21.60"
          },
          "port_directions": {
            "A": "input",
            "B": "input",
            "Y": "output"
          },
          "connections": {
            "A": [ 240, 241, 242, 243, 244, 245, "0", "0", "0", "0", "0", "0", "0" ],
            "B": [ 2, 3, 4 ],
            "Y": [ 352, 353, 354, 355, 356, 357, 358, 359, 360, 361, 362, 363, 364 ]
          }
        },
        "$mul$designs/229/top.sv:21$25": {
          "hide_name": 1,
          "type": "$mul",
          "parameters": {
            "A_SIGNED": "00000000000000000000000000000000",
            "A_WIDTH": "00000000000000000000000000001101",
            "B_SIGNED": "00000000000000000000000000000000",
            "B_WIDTH": "00000000000000000000000000001001",
            "Y_WIDTH": "00000000000000000000000000000011"
          },
          "attributes": {
            "src": "designs/229/top.sv:21.24-21.70"
          },
          "port_directions": {
            "A": "input",
            "B": "input",
            "Y": "output"
          },
          "connections": {
            "A": [ 352, 353, 354, 355, 356, 357, 358, 359, 360, 361, 362, 363, 364 ],
            "B": [ 66, 67, 68, 69, 70, 71, "0", "0", "0" ],
            "Y": [ 365, 366, 367 ]
          }
        },
        "$mul$designs/229/top.sv:23$33": {
          "hide_name": 1,
          "type": "$mul",
          "parameters": {
            "A_SIGNED": "00000000000000000000000000000000",
            "A_WIDTH": "00000000000000000000000000001010",
            "B_SIGNED": "00000000000000000000000000000000",
            "B_WIDTH": "00000000000000000000000000000110",
            "Y_WIDTH": "00000000000000000000000000010000"
          },
          "attributes": {
            "src": "designs/229/top.sv:23.25-23.55"
          },
          "port_directions": {
            "A": "input",
            "B": "input",
            "Y": "output"
          },
          "connections": {
            "A": [ 72, 73, 74, 75, 76, 77, 78, 79, 80, 81 ],
            "B": [ 44, 45, 46, 47, 48, 49 ],
            "Y": [ 310, 311, 312, 313, 314, 315, 368, 369, 370, 371, 372, 373, 374, 375, 376, 377 ]
          }
        },
        "$mul$designs/229/top.sv:23$35": {
          "hide_name": 1,
          "type": "$mul",
          "parameters": {
            "A_SIGNED": "00000000000000000000000000000000",
            "A_WIDTH": "00000000000000000000000000010000",
            "B_SIGNED": "00000000000000000000000000000000",
            "B_WIDTH": "00000000000000000000000000000011",
            "Y_WIDTH": "00000000000000000000000000001001"
          },
          "attributes": {
            "src": "designs/229/top.sv:23.23-23.84"
          },
          "port_directions": {
            "A": "input",
            "B": "input",
            "Y": "output"
          },
          "connections": {
            "A": [ 316, 317, 318, 319, 320, 321, "0", "0", "0", "0", "0", "0", "0", "0", "0", "0" ],
            "B": [ 2, 3, 4 ],
            "Y": [ 378, 379, 380, 381, 382, 383, 384, 385, 386 ]
          }
        },
        "$mul$designs/229/top.sv:25$41": {
          "hide_name": 1,
          "type": "$mul",
          "parameters": {
            "A_SIGNED": "00000000000000000000000000000000",
            "A_WIDTH": "00000000000000000000000000010000",
            "B_SIGNED": "00000000000000000000000000000000",
            "B_WIDTH": "00000000000000000000000000001101",
            "Y_WIDTH": "00000000000000000000000000000010"
          },
          "attributes": {
            "src": "designs/229/top.sv:25.23-25.75"
          },
          "port_directions": {
            "A": "input",
            "B": "input",
            "Y": "output"
          },
          "connections": {
            "A": [ 257, 258, 259, 260, 261, 262, 263, 264, 265, 266, 267, 268, 269, 270, 270, 270 ],
            "B": [ 234, 235, 236, 237, 238, 239, "0", "0", "0", "0", "0", "0", "0" ],
            "Y": [ 387, 388 ]
          }
        },
        "$mul$designs/229/top.sv:30$56": {
          "hide_name": 1,
          "type": "$mul",
          "parameters": {
            "A_SIGNED": "00000000000000000000000000000000",
            "A_WIDTH": "00000000000000000000000000011110",
            "B_SIGNED": "00000000000000000000000000000000",
            "B_WIDTH": "00000000000000000000000000000011",
            "Y_WIDTH": "00000000000000000000000000011000"
          },
          "attributes": {
            "src": "designs/229/top.sv:30.27-30.87"
          },
          "port_directions": {
            "A": "input",
            "B": "input",
            "Y": "output"
          },
          "connections": {
            "A": [ 190, 191, 192, 193, 194, 195, 196, 197, 198, 199, 200, 201, 202, 203, 204, 205, 206, 207, 208, 209, 210, 211, 212, 213, 214, 215, 216, 217, 218, 219 ],
            "B": [ 389, 88, 89 ],
            "Y": [ 5, 6, 7, 8, 9, 10, 11, 12, 13, 14, 15, 16, 17, 18, 19, 20, 21, 22, 23, 24, 25, 26, 27, 28 ]
          }
        },
        "$or$designs/229/top.sv:19$7": {
          "hide_name": 1,
          "type": "$or",
          "parameters": {
            "A_SIGNED": "00000000000000000000000000000000",
            "A_WIDTH": "00000000000000000000000000000011",
            "B_SIGNED": "00000000000000000000000000000000",
            "B_WIDTH": "00000000000000000000000000000011",
            "Y_WIDTH": "00000000000000000000000000000011"
          },
          "attributes": {
            "src": "designs/229/top.sv:19.28-19.51"
          },
          "port_directions": {
            "A": "input",
            "B": "input",
            "Y": "output"
          },
          "connections": {
            "A": [ 2, 3, 4 ],
            "B": [ 2, 3, 4 ],
            "Y": [ 342, 343, 344 ]
          }
        },
        "$or$designs/229/top.sv:22$29": {
          "hide_name": 1,
          "type": "$or",
          "parameters": {
            "A_SIGNED": "00000000000000000000000000000000",
            "A_WIDTH": "00000000000000000000000000000010",
            "B_SIGNED": "00000000000000000000000000000000",
            "B_WIDTH": "00000000000000000000000000000010",
            "Y_WIDTH": "00000000000000000000000000000010"
          },
          "attributes": {
            "src": "designs/229/top.sv:22.34-22.68"
          },
          "port_directions": {
            "A": "input",
            "B": "input",
            "Y": "output"
          },
          "connections": {
            "A": [ 390, 391 ],
            "B": [ 2, 3 ],
            "Y": [ 392, 393 ]
          }
        },
        "$or$designs/229/top.sv:27$44": {
          "hide_name": 1,
          "type": "$or",
          "parameters": {
            "A_SIGNED": "00000000000000000000000000000000",
            "A_WIDTH": "00000000000000000000000000000010",
            "B_SIGNED": "00000000000000000000000000000000",
            "B_WIDTH": "00000000000000000000000000000010",
            "Y_WIDTH": "00000000000000000000000000000010"
          },
          "attributes": {
            "src": "designs/229/top.sv:27.36-27.56"
          },
          "port_directions": {
            "A": "input",
            "B": "input",
            "Y": "output"
          },
          "connections": {
            "A": [ 394, 395 ],
            "B": [ 394, 395 ],
            "Y": [ 82, 83 ]
          }
        },
        "$sub$designs/229/top.sv:20$17": {
          "hide_name": 1,
          "type": "$sub",
          "parameters": {
            "A_SIGNED": "00000000000000000000000000000000",
            "A_WIDTH": "00000000000000000000000000001101",
            "B_SIGNED": "00000000000000000000000000000000",
            "B_WIDTH": "00000000000000000000000000001001",
            "Y_WIDTH": "00000000000000000000000000001101"
          },
          "attributes": {
            "src": "designs/229/top.sv:20.35-20.79"
          },
          "port_directions": {
            "A": "input",
            "B": "input",
            "Y": "output"
          },
          "connections": {
            "A": [ 295, 296, 297, 298, 299, 300, "0", "0", "0", "0", "0", "0", "0" ],
            "B": [ 66, 67, 68, 69, 70, 71, "0", "0", "0" ],
            "Y": [ 301, 302, 303, 396, 397, 398, 399, 400, 401, 402, 403, 404, 405 ]
          }
        },
        "$sub$designs/229/top.sv:20$19": {
          "hide_name": 1,
          "type": "$sub",
          "parameters": {
            "A_SIGNED": "00000000000000000000000000000000",
            "A_WIDTH": "00000000000000000000000000001101",
            "B_SIGNED": "00000000000000000000000000000000",
            "B_WIDTH": "00000000000000000000000000000011",
            "Y_WIDTH": "00000000000000000000000000001101"
          },
          "attributes": {
            "src": "designs/229/top.sv:20.33-20.107"
          },
          "port_directions": {
            "A": "input",
            "B": "input",
            "Y": "output"
          },
          "connections": {
            "A": [ 304, 305, 306, "0", "0", "0", "0", "0", "0", "0", "0", "0", "0" ],
            "B": [ 2, 3, 4 ],
            "Y": [ 307, 308, 309, 406, 407, 408, 409, 410, 411, 412, 413, 414, 415 ]
          }
        },
        "$sub$designs/229/top.sv:22$28": {
          "hide_name": 1,
          "type": "$sub",
          "parameters": {
            "A_SIGNED": "00000000000000000000000000000000",
            "A_WIDTH": "00000000000000000000000000000010",
            "B_SIGNED": "00000000000000000000000000000000",
            "B_WIDTH": "00000000000000000000000000000010",
            "Y_WIDTH": "00000000000000000000000000000010"
          },
          "attributes": {
            "src": "designs/229/top.sv:22.35-22.54"
          },
          "port_directions": {
            "A": "input",
            "B": "input",
            "Y": "output"
          },
          "connections": {
            "A": [ 389, 88 ],
            "B": [ 2, 3 ],
            "Y": [ 390, 391 ]
          }
        },
        "$sub$designs/229/top.sv:23$36": {
          "hide_name": 1,
          "type": "$sub",
          "parameters": {
            "A_SIGNED": "00000000000000000000000000000000",
            "A_WIDTH": "00000000000000000000000000001001",
            "B_SIGNED": "00000000000000000000000000000000",
            "B_WIDTH": "00000000000000000000000000000011",
            "Y_WIDTH": "00000000000000000000000000001001"
          },
          "attributes": {
            "src": "designs/229/top.sv:23.22-23.98"
          },
          "port_directions": {
            "A": "input",
            "B": "input",
            "Y": "output"
          },
          "connections": {
            "A": [ 378, 379, 380, 381, 382, 383, 384, 385, 386 ],
            "B": [ 2, 3, 4 ],
            "Y": [ 394, 395, 416, 417, 418, 419, 420, 421, 422 ]
          }
        },
        "$sub$designs/229/top.sv:24$37": {
          "hide_name": 1,
          "type": "$sub",
          "parameters": {
            "A_SIGNED": "00000000000000000000000000000000",
            "A_WIDTH": "00000000000000000000000000001101",
            "B_SIGNED": "00000000000000000000000000000000",
            "B_WIDTH": "00000000000000000000000000000110",
            "Y_WIDTH": "00000000000000000000000000001110"
          },
          "attributes": {
            "src": "designs/229/top.sv:24.22-24.37"
          },
          "port_directions": {
            "A": "input",
            "B": "input",
            "Y": "output"
          },
          "connections": {
            "A": [ 234, 235, 236, 237, 238, 239, "0", "0", "0", "0", "0", "0", "0" ],
            "B": [ 44, 45, 46, 47, 48, 49 ],
            "Y": [ 102, 103, 104, 105, 106, 107, 108, 109, 110, 111, 112, 113, 114, 115 ]
          }
        },
        "$sub$designs/229/top.sv:25$38": {
          "hide_name": 1,
          "type": "$sub",
          "parameters": {
            "A_SIGNED": "00000000000000000000000000000000",
            "A_WIDTH": "00000000000000000000000000001101",
            "B_SIGNED": "00000000000000000000000000000000",
            "B_WIDTH": "00000000000000000000000000001001",
            "Y_WIDTH": "00000000000000000000000000001110"
          },
          "attributes": {
            "src": "designs/229/top.sv:25.26-25.41"
          },
          "port_directions": {
            "A": "input",
            "B": "input",
            "Y": "output"
          },
          "connections": {
            "A": [ 234, 235, 236, 237, 238, 239, "0", "0", "0", "0", "0", "0", "0" ],
            "B": [ 394, 395, 416, 417, 418, 419, 420, 421, 422 ],
            "Y": [ 225, 226, 227, 246, 247, 248, 249, 250, 251, 252, 253, 254, 255, 256 ]
          }
        },
        "$sub$designs/229/top.sv:30$52": {
          "hide_name": 1,
          "type": "$sub",
          "parameters": {
            "A_SIGNED": "00000000000000000000000000000000",
            "A_WIDTH": "00000000000000000000000000000110",
            "B_SIGNED": "00000000000000000000000000000000",
            "B_WIDTH": "00000000000000000000000000000110",
            "Y_WIDTH": "00000000000000000000000000000111"
          },
          "attributes": {
            "src": "designs/229/top.sv:30.31-30.46"
          },
          "port_directions": {
            "A": "input",
            "B": "input",
            "Y": "output"
          },
          "connections": {
            "A": [ 44, 45, 46, 47, 48, 49 ],
            "B": [ 44, 45, 46, 47, 48, 49 ],
            "Y": [ 95, 96, 97, 98, 99, 100, 101 ]
          }
        },
        "$xor$designs/229/top.sv:21$26": {
          "hide_name": 1,
          "type": "$xor",
          "parameters": {
            "A_SIGNED": "00000000000000000000000000000000",
            "A_WIDTH": "00000000000000000000000000000011",
            "B_SIGNED": "00000000000000000000000000000000",
            "B_WIDTH": "00000000000000000000000000000011",
            "Y_WIDTH": "00000000000000000000000000000011"
          },
          "attributes": {
            "src": "designs/229/top.sv:21.23-21.80"
          },
          "port_directions": {
            "A": "input",
            "B": "input",
            "Y": "output"
          },
          "connections": {
            "A": [ 365, 366, 367 ],
            "B": [ 234, 235, 236 ],
            "Y": [ 389, 88, 89 ]
          }
        },
        "$xor$designs/229/top.sv:22$30": {
          "hide_name": 1,
          "type": "$xor",
          "parameters": {
            "A_SIGNED": "00000000000000000000000000000000",
            "A_WIDTH": "00000000000000000000000000000010",
            "B_SIGNED": "00000000000000000000000000000000",
            "B_WIDTH": "00000000000000000000000000000010",
            "Y_WIDTH": "00000000000000000000000000000010"
          },
          "attributes": {
            "src": "designs/229/top.sv:22.33-22.78"
          },
          "port_directions": {
            "A": "input",
            "B": "input",
            "Y": "output"
          },
          "connections": {
            "A": [ 392, 393 ],
            "B": [ 389, 88 ],
            "Y": [ 423, 424 ]
          }
        },
        "$xor$designs/229/top.sv:22$31": {
          "hide_name": 1,
          "type": "$xor",
          "parameters": {
            "A_SIGNED": "00000000000000000000000000000000",
            "A_WIDTH": "00000000000000000000000000000010",
            "B_SIGNED": "00000000000000000000000000000000",
            "B_WIDTH": "00000000000000000000000000000010",
            "Y_WIDTH": "00000000000000000000000000000010"
          },
          "attributes": {
            "src": "designs/229/top.sv:22.32-22.88"
          },
          "port_directions": {
            "A": "input",
            "B": "input",
            "Y": "output"
          },
          "connections": {
            "A": [ 423, 424 ],
            "B": [ 44, 45 ],
            "Y": [ 84, 85 ]
          }
        },
        "$xor$designs/229/top.sv:25$42": {
          "hide_name": 1,
          "type": "$xor",
          "parameters": {
            "A_SIGNED": "00000000000000000000000000000000",
            "A_WIDTH": "00000000000000000000000000000010",
            "B_SIGNED": "00000000000000000000000000000000",
            "B_WIDTH": "00000000000000000000000000000010",
            "Y_WIDTH": "00000000000000000000000000000010"
          },
          "attributes": {
            "src": "designs/229/top.sv:25.22-25.91"
          },
          "port_directions": {
            "A": "input",
            "B": "input",
            "Y": "output"
          },
          "connections": {
            "A": [ 387, 388 ],
            "B": [ 102, 103 ],
            "Y": [ 425, 426 ]
          }
        },
        "$xor$designs/229/top.sv:27$47": {
          "hide_name": 1,
          "type": "$xor",
          "parameters": {
            "A_SIGNED": "00000000000000000000000000000000",
            "A_WIDTH": "00000000000000000000000000000010",
            "B_SIGNED": "00000000000000000000000000000000",
            "B_WIDTH": "00000000000000000000000000000010",
            "Y_WIDTH": "00000000000000000000000000000010"
          },
          "attributes": {
            "src": "designs/229/top.sv:27.33-27.86"
          },
          "port_directions": {
            "A": "input",
            "B": "input",
            "Y": "output"
          },
          "connections": {
            "A": [ 223, 224 ],
            "B": [ 425, 426 ],
            "Y": [ 90, 91 ]
          }
        }
      },
      "netnames": {
        "$add$designs/229/top.sv:18$3_Y": {
          "hide_name": 1,
          "bits": [ 32, 33, 34, 35, "0", "0", "0", "0", "0", "0", "0", "0", "0", "0", "0", "0", "0", "0", "0", "0", "0", "0", "0", "0", "0" ],
          "attributes": {
            "src": "designs/229/top.sv:18.25-18.78"
          }
        },
        "$add$designs/229/top.sv:18$4_Y": {
          "hide_name": 1,
          "bits": [ 36, 37, 38, 39, 40, "0", "0", "0", "0", "0", "0", "0", "0", "0", "0", "0", "0", "0", "0", "0", "0", "0", "0", "0", "0" ],
          "attributes": {
            "src": "designs/229/top.sv:18.24-18.92"
          }
        },
        "$add$designs/229/top.sv:20$21_Y": {
          "hide_name": 1,
          "bits": [ 53, 54, 55, 56, 57, 58, 59, 60, 61, 62, 63, 64, 65, 427, 428, 429, 430, 431, 432, 433, 434, 435, 436, 437, 438 ],
          "attributes": {
            "src": "designs/229/top.sv:20.31-20.131",
            "unused_bits": "6 7 8 9 10 11 12 13 14 15 16 17 18 19 20 21 22 23 24"
          }
        },
        "$add$designs/229/top.sv:23$32_Y": {
          "hide_name": 1,
          "bits": [ 72, 73, 74, 75, 76, 77, 78, 79, 80, 81, "0", "0", "0", "0", "0", "0", "0", "0", "0", "0", "0", "0", "0", "0", "0" ],
          "attributes": {
            "src": "designs/229/top.sv:23.26-23.45"
          }
        },
        "$add$designs/229/top.sv:27$45_Y": {
          "hide_name": 1,
          "bits": [ 86, 87, 439, 440, 441, 442, 443, 444, 445, 446, "0", "0", "0", "0" ],
          "attributes": {
            "src": "designs/229/top.sv:27.35-27.66",
            "unused_bits": "2 3 4 5 6 7 8 9"
          }
        },
        "$add$designs/229/top.sv:28$49_Y": {
          "hide_name": 1,
          "bits": [ 92, 93, 94, "0", "0", "0", "0", "0", "0", "0", "0", "0", "0", "0", "0", "0", "0", "0", "0", "0", "0", "0", "0", "0", "0", "0", "0", "0", "0", "0" ],
          "attributes": {
            "src": "designs/229/top.sv:28.25-28.45"
          }
        },
        "$add$designs/229/top.sv:30$53_Y": {
          "hide_name": 1,
          "bits": [ 116, 117, 118, 119, 120, 121, 122, 123, 124, 125, 126, 127, 128, 129, 130, 131, 132, 133, 134, 135, 136, 137, 138, 139, 140, 141, 142, 143, 144, 145 ],
          "attributes": {
            "src": "designs/229/top.sv:30.30-30.56"
          }
        },
        "$add$designs/229/top.sv:30$54_Y": {
          "hide_name": 1,
          "bits": [ 146, 147, 148, 149, 150, 151, 152, 153, 154, 155, 156, 157, 158, 159, 160, 161, 162, 163, 164, 165, 166, 167, 168, 169, 170, 171, 172, 173, 174, 175 ],
          "attributes": {
            "src": "designs/229/top.sv:30.29-30.66"
          }
        },
        "$add$designs/229/top.sv:30$55_Y": {
          "hide_name": 1,
          "bits": [ 190, 191, 192, 193, 194, 195, 196, 197, 198, 199, 200, 201, 202, 203, 204, 205, 206, 207, 208, 209, 210, 211, 212, 213, 214, 215, 216, 217, 218, 219 ],
          "attributes": {
            "src": "designs/229/top.sv:30.28-30.77"
          }
        },
        "$and$designs/229/top.sv:18$1_Y": {
          "hide_name": 1,
          "bits": [ 220, 221, 222, "0", "0", "0", "0", "0", "0", "0", "0", "0", "0", "0", "0", "0", "0", "0", "0", "0", "0", "0", "0", "0", "0" ],
          "attributes": {
            "src": "designs/229/top.sv:18.27-18.50"
          }
        },
        "$and$designs/229/top.sv:18$2_Y": {
          "hide_name": 1,
          "bits": [ 29, 30, 31, "0", "0", "0", "0", "0", "0", "0", "0", "0", "0", "0", "0", "0", "0", "0", "0", "0", "0", "0", "0", "0", "0" ],
          "attributes": {
            "src": "designs/229/top.sv:18.26-18.64"
          }
        },
        "$and$designs/229/top.sv:19$12_Y": {
          "hide_name": 1,
          "bits": [ 277, 278, 281, 279, 280, 282, "0", "0", "0", 447, 448, 449, 450, 451, 452, 453, 454, 455, 456, 457, 458, 459, 460, 461, 462 ],
          "attributes": {
            "src": "designs/229/top.sv:19.23-19.115",
            "unused_bits": "9 10 11 12 13 14 15 16 17 18 19 20 21 22 23 24"
          }
        },
        "$and$designs/229/top.sv:20$16_Y": {
          "hide_name": 1,
          "bits": [ 295, 296, 297, 298, 299, 300, "0", "0", "0", "0", "0", "0", "0", 463, 464, 465, 466, 467, 468, 469, 470, 471, 472, 473, 474 ],
          "attributes": {
            "src": "designs/229/top.sv:20.36-20.69",
            "unused_bits": "13 14 15 16 17 18 19 20 21 22 23 24"
          }
        },
        "$and$designs/229/top.sv:20$18_Y": {
          "hide_name": 1,
          "bits": [ 304, 305, 306, "0", "0", "0", "0", "0", "0", "0", "0", "0", "0", 475, 476, 477, 478, 479, 480, 481, 482, 483, 484, 485, 486 ],
          "attributes": {
            "src": "designs/229/top.sv:20.34-20.93",
            "unused_bits": "13 14 15 16 17 18 19 20 21 22 23 24"
          }
        },
        "$and$designs/229/top.sv:20$20_Y": {
          "hide_name": 1,
          "bits": [ 50, 51, 52, "0", "0", "0", "0", "0", "0", "0", "0", "0", "0", 487, 488, 489, 490, 491, 492, 493, 494, 495, 496, 497, 498 ],
          "attributes": {
            "src": "designs/229/top.sv:20.32-20.121",
            "unused_bits": "13 14 15 16 17 18 19 20 21 22 23 24"
          }
        },
        "$and$designs/229/top.sv:23$34_Y": {
          "hide_name": 1,
          "bits": [ 316, 317, 318, 319, 320, 321, "0", "0", "0", "0", "0", "0", "0", "0", "0", "0", "0", "0", "0", "0", "0", "0", "0", "0", "0" ],
          "attributes": {
            "src": "designs/229/top.sv:23.24-23.70"
          }
        },
        "$and$designs/229/top.sv:25$40_Y": {
          "hide_name": 1,
          "bits": [ 257, 258, 259, 260, 261, 262, 263, 264, 265, 266, 267, 268, 269, 270, 270, 270 ],
          "attributes": {
            "src": "designs/229/top.sv:25.24-25.65"
          }
        },
        "$and$designs/229/top.sv:27$46_Y": {
          "hide_name": 1,
          "bits": [ 223, 224, 499, 500, 501, 502, 503, 504, 505, 506, "0", "0", "0", "0" ],
          "attributes": {
            "src": "designs/229/top.sv:27.34-27.76",
            "unused_bits": "2 3 4 5 6 7 8 9"
          }
        },
        "$auto$opt_expr.cc:205:group_cell_inputs$102": {
          "hide_name": 1,
          "bits": [ 228, 229, 230 ],
          "attributes": {
          }
        },
        "$auto$opt_expr.cc:205:group_cell_inputs$104": {
          "hide_name": 1,
          "bits": [ 246, 247, 248, 249, 250, 251, 252, 253, 254, 255, 256 ],
          "attributes": {
          }
        },
        "$auto$opt_expr.cc:205:group_cell_inputs$105": {
          "hide_name": 1,
          "bits": [ 231, 232, 233 ],
          "attributes": {
          }
        },
        "$auto$opt_expr.cc:205:group_cell_inputs$108": {
          "hide_name": 1,
          "bits": [ 240, 241, 242, 243, 244, 245 ],
          "attributes": {
          }
        },
        "$auto$opt_expr.cc:205:group_cell_inputs$116": {
          "hide_name": 1,
          "bits": [ 343, 344 ],
          "attributes": {
          }
        },
        "$auto$opt_expr.cc:205:group_cell_inputs$62": {
          "hide_name": 1,
          "bits": [ 41, 42, 43 ],
          "attributes": {
          }
        },
        "$auto$opt_expr.cc:205:group_cell_inputs$75": {
          "hide_name": 1,
          "bits": [ 283, 284, 285, 286, 287, 288 ],
          "attributes": {
          }
        },
        "$auto$rtlil.cc:3334:Not$66": {
          "hide_name": 1,
          "bits": [ 271, 272, 273, 274, 328, 329 ],
          "attributes": {
            "unused_bits": "4 5"
          }
        },
        "$mul$designs/229/top.sv:19$10_Y": {
          "hide_name": 1,
          "bits": [ 322, 323, 275, 324, 325, 276, 326, 341, 327, 507, 508, 509, 510, 511, 512, 513, 514, 515, 516, 517, 518, 519, 520, 521, 522 ],
          "attributes": {
            "src": "designs/229/top.sv:19.25-19.92",
            "unused_bits": "7 9 10 11 12 13 14 15 16 17 18 19 20 21 22 23 24"
          }
        },
        "$mul$designs/229/top.sv:19$9_Y": {
          "hide_name": 1,
          "bits": [ 330, 331, 332, 333, 334, 335, 336, 337, 338, 339, 340, 340, 340, 340, 340, 340, 340, 340, 340, 340, 340, 340, 340, 340, 340 ],
          "attributes": {
            "src": "designs/229/top.sv:19.26-19.78"
          }
        },
        "$mul$designs/229/top.sv:20$15_Y": {
          "hide_name": 1,
          "bits": [ 289, 290, 291, 292, 293, 294, 345, 346, 347, 348, 349, 350, 351, 523, 524, 525, 526, 527, 528, 529, 530, 531, 532, 533, 534 ],
          "attributes": {
            "src": "designs/229/top.sv:20.37-20.59",
            "unused_bits": "6 7 8 9 10 11 12 13 14 15 16 17 18 19 20 21 22 23 24"
          }
        },
        "$mul$designs/229/top.sv:21$24_Y": {
          "hide_name": 1,
          "bits": [ 352, 353, 354, 355, 356, 357, 358, 359, 360, 361, 362, 363, 364 ],
          "attributes": {
            "src": "designs/229/top.sv:21.25-21.60"
          }
        },
        "$mul$designs/229/top.sv:21$25_Y": {
          "hide_name": 1,
          "bits": [ 365, 366, 367, 535, 536, 537, 538, 539, 540, 541, 542, 543, 544 ],
          "attributes": {
            "src": "designs/229/top.sv:21.24-21.70",
            "unused_bits": "3 4 5 6 7 8 9 10 11 12"
          }
        },
        "$mul$designs/229/top.sv:23$33_Y": {
          "hide_name": 1,
          "bits": [ 310, 311, 312, 313, 314, 315, 368, 369, 370, 371, 372, 373, 374, 375, 376, 377, "0", "0", "0", "0", "0", "0", "0", "0", "0" ],
          "attributes": {
            "src": "designs/229/top.sv:23.25-23.55",
            "unused_bits": "6 7 8 9 10 11 12 13 14 15"
          }
        },
        "$mul$designs/229/top.sv:23$35_Y": {
          "hide_name": 1,
          "bits": [ 378, 379, 380, 381, 382, 383, 384, 385, 386, 545, 546, 547, 548, 549, 550, 551, 552, 553, 554, "0", "0", "0", "0", "0", "0" ],
          "attributes": {
            "src": "designs/229/top.sv:23.23-23.84",
            "unused_bits": "9 10 11 12 13 14 15 16 17 18"
          }
        },
        "$mul$designs/229/top.sv:25$41_Y": {
          "hide_name": 1,
          "bits": [ 387, 388, 555, 556, 557, 558, 559, 560, 561, 562, 563, 564, 565, 566, 567, 568 ],
          "attributes": {
            "src": "designs/229/top.sv:25.23-25.75",
            "unused_bits": "2 3 4 5 6 7 8 9 10 11 12 13 14 15"
          }
        },
        "$or$designs/229/top.sv:19$7_Y": {
          "hide_name": 1,
          "bits": [ 342, 343, 344, "0", "0", "0", "0", "0", "0", "0", "0", "0", "0", "0", "0", "0", "0", "0", "0", "0", "0", "0", "0", "0", "0" ],
          "attributes": {
            "src": "designs/229/top.sv:19.28-19.51"
          }
        },
        "$or$designs/229/top.sv:22$29_Y": {
          "hide_name": 1,
          "bits": [ 392, 393, 569, 570, 571, 572, 573, 574, 575, 576, 577, 578, 579, 580, 581, 582, 583, 584, 585, 586, 587, 588, 589, 590, 591 ],
          "attributes": {
            "src": "designs/229/top.sv:22.34-22.68",
            "unused_bits": "2 3 4 5 6 7 8 9 10 11 12 13 14 15 16 17 18 19 20 21 22 23 24"
          }
        },
        "$or$designs/229/top.sv:27$44_Y": {
          "hide_name": 1,
          "bits": [ 82, 83, 592, 593, 594, 595, 596, 597, 598, "0", "0", "0", "0", "0" ],
          "attributes": {
            "src": "designs/229/top.sv:27.36-27.56",
            "unused_bits": "2 3 4 5 6 7 8"
          }
        },
        "$sub$designs/229/top.sv:20$17_Y": {
          "hide_name": 1,
          "bits": [ 301, 302, 303, 396, 397, 398, 399, 400, 401, 402, 403, 404, 405, 599, 600, 601, 602, 603, 604, 605, 606, 607, 608, 609, 610 ],
          "attributes": {
            "src": "designs/229/top.sv:20.35-20.79",
            "unused_bits": "3 4 5 6 7 8 9 10 11 12 13 14 15 16 17 18 19 20 21 22 23 24"
          }
        },
        "$sub$designs/229/top.sv:20$19_Y": {
          "hide_name": 1,
          "bits": [ 307, 308, 309, 406, 407, 408, 409, 410, 411, 412, 413, 414, 415, 611, 612, 613, 614, 615, 616, 617, 618, 619, 620, 621, 622 ],
          "attributes": {
            "src": "designs/229/top.sv:20.33-20.107",
            "unused_bits": "3 4 5 6 7 8 9 10 11 12 13 14 15 16 17 18 19 20 21 22 23 24"
          }
        },
        "$sub$designs/229/top.sv:22$28_Y": {
          "hide_name": 1,
          "bits": [ 390, 391, 623, 624, 624, 624, 624, 624, 624, 624, 624, 624, 624, 624, 624, 624, 624, 624, 624, 624, 624, 624, 624, 624, 624 ],
          "attributes": {
            "src": "designs/229/top.sv:22.35-22.54",
            "unused_bits": "2 3 4 5 6 7 8 9 10 11 12 13 14 15 16 17 18 19 20 21 22 23 24"
          }
        },
        "$sub$designs/229/top.sv:25$38_Y": {
          "hide_name": 1,
          "bits": [ 225, 226, 227, 246, 247, 248, 249, 250, 251, 252, 253, 254, 255, 256, 256, 256 ],
          "attributes": {
            "src": "designs/229/top.sv:25.26-25.41"
          }
        },
        "$sub$designs/229/top.sv:30$52_Y": {
          "hide_name": 1,
          "bits": [ 95, 96, 97, 98, 99, 100, 101, 101, 101, 101, 101, 101, 101, 101, 101, 101, 101, 101, 101, 101, 101, 101, 101, 101, 101, 101, 101, 101, 101, 101 ],
          "attributes": {
            "src": "designs/229/top.sv:30.31-30.46"
          }
        },
        "$xor$designs/229/top.sv:22$30_Y": {
          "hide_name": 1,
          "bits": [ 423, 424, 625, 626, 627, 628, 629, 630, 631, 632, 633, 634, 635, 636, 637, 638, 639, 640, 641, 642, 643, 644, 645, 646, 647 ],
          "attributes": {
            "src": "designs/229/top.sv:22.33-22.78",
            "unused_bits": "2 3 4 5 6 7 8 9 10 11 12 13 14 15 16 17 18 19 20 21 22 23 24"
          }
        },
        "input_data": {
          "hide_name": 0,
          "bits": [ 2, 3, 4 ],
          "attributes": {
            "src": "designs/229/top.sv:2.17-2.27"
          }
        },
        "output_data": {
          "hide_name": 0,
          "bits": [ 5, 6, 7, 8, 9, 10, 11, 12, 13, 14, 15, 16, 17, 18, 19, 20, 21, 22, 23, 24, 25, 26, 27, 28 ],
          "attributes": {
            "src": "designs/229/top.sv:3.19-3.30"
          }
        },
        "temp_0": {
          "hide_name": 0,
          "bits": [ 44, 45, 46, 47, 48, 49, "0", "0", "0", "0", "0", "0", "0", "0", "0", "0", "0", "0", "0", "0", "0", "0", "0", "0", "0" ],
          "attributes": {
            "src": "designs/229/top.sv:6.18-6.24"
          }
        },
        "temp_1": {
          "hide_name": 0,
          "bits": [ 66, 67, 68, 69, 70, 71, "0", "0", "0" ],
          "attributes": {
            "src": "designs/229/top.sv:7.17-7.23"
          }
        },
        "temp_10": {
          "hide_name": 0,
          "bits": [ 176, 177, 178, 179, 180, 181, 182, 183, 184, 185, 186, 187, 188, 189, 189, 189 ],
          "attributes": {
          }
        },
        "temp_2": {
          "hide_name": 0,
          "bits": [ 234, 235, 236, 237, 238, 239, "0", "0", "0", "0", "0", "0", "0" ],
          "attributes": {
            "src": "designs/229/top.sv:8.18-8.24"
          }
        },
        "temp_3": {
          "hide_name": 0,
          "bits": [ 389, 88, 89 ],
          "attributes": {
            "src": "designs/229/top.sv:9.17-9.23"
          }
        },
        "temp_4": {
          "hide_name": 0,
          "bits": [ 84, 85, "x", "x", "x", "x" ],
          "attributes": {
            "src": "designs/229/top.sv:10.17-10.23"
          }
        },
        "temp_5": {
          "hide_name": 0,
          "bits": [ 394, 395, 416, 417, 418, 419, 420, 421, 422 ],
          "attributes": {
            "src": "designs/229/top.sv:11.17-11.23"
          }
        },
        "temp_6": {
          "hide_name": 0,
          "bits": [ 102, 103, 104, 105, 106, 107, 108, 109, 110, 111, 112, 113, 114, 115, 115, 115 ],
          "attributes": {
            "src": "designs/229/top.sv:12.18-12.24"
          }
        },
        "temp_7": {
          "hide_name": 0,
          "bits": [ 425, 426, "x", "x", "x", "x", "x", "x", "x", "x", "x", "x", "x", "x" ],
          "attributes": {
            "src": "designs/229/top.sv:13.18-13.24"
          }
        },
        "temp_9": {
          "hide_name": 0,
          "bits": [ 90, 91 ],
          "attributes": {
            "src": "designs/229/top.sv:15.17-15.23"
          }
        }
      }
    }
  }
}
