{
  "creator": "Yosys 0.60 (git sha1 5bafeb77dc71e054fa331ab9efa613e6fb0a1c49, clang++ 17.0.0 -fPIC -O3)",
  "modules": {
    "top": {
      "attributes": {
        "top": "00000000000000000000000000000001",
        "src": "designs/248/top.sv:1.1-24.10"
      },
      "ports": {
        "input_data": {
          "direction": "input",
          "bits": [ 2, 3, 4, 5, 6, 7, 8 ]
        },
        "output_data": {
          "direction": "output",
          "bits": [ 9, 10, 11 ]
        }
      },
      "cells": {
        "$add$designs/248/top.sv:14$4": {
          "hide_name": 1,
          "type": "$add",
          "parameters": {
            "A_SIGNED": "00000000000000000000000000000000",
            "A_WIDTH": "00000000000000000000000000000111",
            "B_SIGNED": "00000000000000000000000000000000",
            "B_WIDTH": "00000000000000000000000000000111",
            "Y_WIDTH": "00000000000000000000000000000111"
          },
          "attributes": {
            "src": "designs/248/top.sv:14.30-14.87"
          },
          "port_directions": {
            "A": "input",
            "B": "input",
            "Y": "output"
          },
          "connections": {
            "A": [ 12, 13, 14, 15, 16, 17, 18 ],
            "B": [ 2, 3, 4, 5, 6, 7, 8 ],
            "Y": [ 19, 20, 21, 22, 23, 24, 25 ]
          }
        },
        "$add$designs/248/top.sv:15$6": {
          "hide_name": 1,
          "type": "$add",
          "parameters": {
            "A_SIGNED": "00000000000000000000000000000000",
            "A_WIDTH": "00000000000000000000000000000010",
            "B_SIGNED": "00000000000000000000000000000000",
            "B_WIDTH": "00000000000000000000000000000010",
            "Y_WIDTH": "00000000000000000000000000000010"
          },
          "attributes": {
            "src": "designs/248/top.sv:15.43-15.78"
          },
          "port_directions": {
            "A": "input",
            "B": "input",
            "Y": "output"
          },
          "connections": {
            "A": [ 26, 27 ],
            "B": [ 19, 20 ],
            "Y": [ 28, 29 ]
          }
        },
        "$add$designs/248/top.sv:17$8": {
          "hide_name": 1,
          "type": "$add",
          "parameters": {
            "A_SIGNED": "00000000000000000000000000000000",
            "A_WIDTH": "00000000000000000000000000000010",
            "B_SIGNED": "00000000000000000000000000000000",
            "B_WIDTH": "00000000000000000000000000010111",
            "Y_WIDTH": "00000000000000000000000000011000"
          },
          "attributes": {
            "src": "designs/248/top.sv:17.47-17.62"
          },
          "port_directions": {
            "A": "input",
            "B": "input",
            "Y": "output"
          },
          "connections": {
            "A": [ 30, 31 ],
            "B": [ 19, 20, 21, 22, 23, 24, 25, 25, 25, 25, 25, 25, 25, 25, 25, 25, 25, 25, 25, 25, 25, 25, 25 ],
            "Y": [ 32, 33, 34, 35, 36, 37, 38, 39, 40, 41, 42, 43, 44, 45, 46, 47, 48, 49, 50, 51, 52, 53, 54, 55 ]
          }
        },
        "$and$designs/248/top.sv:18$23": {
          "hide_name": 1,
          "type": "$and",
          "parameters": {
            "A_SIGNED": "00000000000000000000000000000000",
            "A_WIDTH": "00000000000000000000000000000100",
            "B_SIGNED": "00000000000000000000000000000000",
            "B_WIDTH": "00000000000000000000000000000100",
            "Y_WIDTH": "00000000000000000000000000000100"
          },
          "attributes": {
            "src": "designs/248/top.sv:18.35-18.61"
          },
          "port_directions": {
            "A": "input",
            "B": "input",
            "Y": "output"
          },
          "connections": {
            "A": [ 56, 57, 58, 59 ],
            "B": [ 19, 20, 21, 22 ],
            "Y": [ 60, 61, 62, 63 ]
          }
        },
        "$and$designs/248/top.sv:18$24": {
          "hide_name": 1,
          "type": "$and",
          "parameters": {
            "A_SIGNED": "00000000000000000000000000000000",
            "A_WIDTH": "00000000000000000000000000000100",
            "B_SIGNED": "00000000000000000000000000000000",
            "B_WIDTH": "00000000000000000000000000000100",
            "Y_WIDTH": "00000000000000000000000000000100"
          },
          "attributes": {
            "src": "designs/248/top.sv:18.34-18.71"
          },
          "port_directions": {
            "A": "input",
            "B": "input",
            "Y": "output"
          },
          "connections": {
            "A": [ 60, 61, 62, 63 ],
            "B": [ 19, 20, 21, 22 ],
            "Y": [ 64, 65, 66, 67 ]
          }
        },
        "$auto$opt_expr.cc:250:group_cell_inputs$100": {
          "hide_name": 1,
          "type": "$not",
          "parameters": {
            "A_SIGNED": "00000000000000000000000000000000",
            "A_WIDTH": "00000000000000000000000000000001",
            "Y_WIDTH": "00000000000000000000000000000001"
          },
          "attributes": {
          },
          "port_directions": {
            "A": "input",
            "Y": "output"
          },
          "connections": {
            "A": [ 68 ],
            "Y": [ 69 ]
          }
        },
        "$auto$opt_expr.cc:250:group_cell_inputs$102": {
          "hide_name": 1,
          "type": "$not",
          "parameters": {
            "A_SIGNED": "00000000000000000000000000000000",
            "A_WIDTH": "00000000000000000000000000000001",
            "Y_WIDTH": "00000000000000000000000000000001"
          },
          "attributes": {
          },
          "port_directions": {
            "A": "input",
            "Y": "output"
          },
          "connections": {
            "A": [ 70 ],
            "Y": [ 71 ]
          }
        },
        "$auto$opt_expr.cc:250:group_cell_inputs$104": {
          "hide_name": 1,
          "type": "$not",
          "parameters": {
            "A_SIGNED": "00000000000000000000000000000000",
            "A_WIDTH": "00000000000000000000000000000001",
            "Y_WIDTH": "00000000000000000000000000000001"
          },
          "attributes": {
          },
          "port_directions": {
            "A": "input",
            "Y": "output"
          },
          "connections": {
            "A": [ 72 ],
            "Y": [ 73 ]
          }
        },
        "$auto$opt_expr.cc:250:group_cell_inputs$106": {
          "hide_name": 1,
          "type": "$not",
          "parameters": {
            "A_SIGNED": "00000000000000000000000000000000",
            "A_WIDTH": "00000000000000000000000000000001",
            "Y_WIDTH": "00000000000000000000000000000001"
          },
          "attributes": {
          },
          "port_directions": {
            "A": "input",
            "Y": "output"
          },
          "connections": {
            "A": [ 74 ],
            "Y": [ 75 ]
          }
        },
        "$auto$opt_expr.cc:250:group_cell_inputs$108": {
          "hide_name": 1,
          "type": "$not",
          "parameters": {
            "A_SIGNED": "00000000000000000000000000000000",
            "A_WIDTH": "00000000000000000000000000000001",
            "Y_WIDTH": "00000000000000000000000000000001"
          },
          "attributes": {
          },
          "port_directions": {
            "A": "input",
            "Y": "output"
          },
          "connections": {
            "A": [ 76 ],
            "Y": [ 77 ]
          }
        },
        "$auto$opt_expr.cc:250:group_cell_inputs$110": {
          "hide_name": 1,
          "type": "$not",
          "parameters": {
            "A_SIGNED": "00000000000000000000000000000000",
            "A_WIDTH": "00000000000000000000000000000001",
            "Y_WIDTH": "00000000000000000000000000000001"
          },
          "attributes": {
          },
          "port_directions": {
            "A": "input",
            "Y": "output"
          },
          "connections": {
            "A": [ 78 ],
            "Y": [ 79 ]
          }
        },
        "$auto$opt_expr.cc:250:group_cell_inputs$112": {
          "hide_name": 1,
          "type": "$not",
          "parameters": {
            "A_SIGNED": "00000000000000000000000000000000",
            "A_WIDTH": "00000000000000000000000000000001",
            "Y_WIDTH": "00000000000000000000000000000001"
          },
          "attributes": {
          },
          "port_directions": {
            "A": "input",
            "Y": "output"
          },
          "connections": {
            "A": [ 80 ],
            "Y": [ 81 ]
          }
        },
        "$auto$opt_expr.cc:250:group_cell_inputs$114": {
          "hide_name": 1,
          "type": "$not",
          "parameters": {
            "A_SIGNED": "00000000000000000000000000000000",
            "A_WIDTH": "00000000000000000000000000000001",
            "Y_WIDTH": "00000000000000000000000000000001"
          },
          "attributes": {
          },
          "port_directions": {
            "A": "input",
            "Y": "output"
          },
          "connections": {
            "A": [ 82 ],
            "Y": [ 83 ]
          }
        },
        "$auto$opt_expr.cc:250:group_cell_inputs$116": {
          "hide_name": 1,
          "type": "$not",
          "parameters": {
            "A_SIGNED": "00000000000000000000000000000000",
            "A_WIDTH": "00000000000000000000000000000001",
            "Y_WIDTH": "00000000000000000000000000000001"
          },
          "attributes": {
          },
          "port_directions": {
            "A": "input",
            "Y": "output"
          },
          "connections": {
            "A": [ 84 ],
            "Y": [ 85 ]
          }
        },
        "$auto$opt_expr.cc:250:group_cell_inputs$118": {
          "hide_name": 1,
          "type": "$not",
          "parameters": {
            "A_SIGNED": "00000000000000000000000000000000",
            "A_WIDTH": "00000000000000000000000000000001",
            "Y_WIDTH": "00000000000000000000000000000001"
          },
          "attributes": {
          },
          "port_directions": {
            "A": "input",
            "Y": "output"
          },
          "connections": {
            "A": [ 86 ],
            "Y": [ 87 ]
          }
        },
        "$auto$opt_expr.cc:250:group_cell_inputs$78": {
          "hide_name": 1,
          "type": "$not",
          "parameters": {
            "A_SIGNED": "00000000000000000000000000000000",
            "A_WIDTH": "00000000000000000000000000000001",
            "Y_WIDTH": "00000000000000000000000000000001"
          },
          "attributes": {
          },
          "port_directions": {
            "A": "input",
            "Y": "output"
          },
          "connections": {
            "A": [ 88 ],
            "Y": [ 89 ]
          }
        },
        "$auto$opt_expr.cc:250:group_cell_inputs$80": {
          "hide_name": 1,
          "type": "$not",
          "parameters": {
            "A_SIGNED": "00000000000000000000000000000000",
            "A_WIDTH": "00000000000000000000000000000001",
            "Y_WIDTH": "00000000000000000000000000000001"
          },
          "attributes": {
          },
          "port_directions": {
            "A": "input",
            "Y": "output"
          },
          "connections": {
            "A": [ 90 ],
            "Y": [ 91 ]
          }
        },
        "$auto$opt_expr.cc:250:group_cell_inputs$82": {
          "hide_name": 1,
          "type": "$not",
          "parameters": {
            "A_SIGNED": "00000000000000000000000000000000",
            "A_WIDTH": "00000000000000000000000000000001",
            "Y_WIDTH": "00000000000000000000000000000001"
          },
          "attributes": {
          },
          "port_directions": {
            "A": "input",
            "Y": "output"
          },
          "connections": {
            "A": [ 92 ],
            "Y": [ 93 ]
          }
        },
        "$auto$opt_expr.cc:250:group_cell_inputs$84": {
          "hide_name": 1,
          "type": "$not",
          "parameters": {
            "A_SIGNED": "00000000000000000000000000000000",
            "A_WIDTH": "00000000000000000000000000000001",
            "Y_WIDTH": "00000000000000000000000000000001"
          },
          "attributes": {
          },
          "port_directions": {
            "A": "input",
            "Y": "output"
          },
          "connections": {
            "A": [ 94 ],
            "Y": [ 95 ]
          }
        },
        "$auto$opt_expr.cc:250:group_cell_inputs$86": {
          "hide_name": 1,
          "type": "$not",
          "parameters": {
            "A_SIGNED": "00000000000000000000000000000000",
            "A_WIDTH": "00000000000000000000000000000001",
            "Y_WIDTH": "00000000000000000000000000000001"
          },
          "attributes": {
          },
          "port_directions": {
            "A": "input",
            "Y": "output"
          },
          "connections": {
            "A": [ 96 ],
            "Y": [ 97 ]
          }
        },
        "$auto$opt_expr.cc:250:group_cell_inputs$88": {
          "hide_name": 1,
          "type": "$not",
          "parameters": {
            "A_SIGNED": "00000000000000000000000000000000",
            "A_WIDTH": "00000000000000000000000000000001",
            "Y_WIDTH": "00000000000000000000000000000001"
          },
          "attributes": {
          },
          "port_directions": {
            "A": "input",
            "Y": "output"
          },
          "connections": {
            "A": [ 98 ],
            "Y": [ 99 ]
          }
        },
        "$auto$opt_expr.cc:250:group_cell_inputs$90": {
          "hide_name": 1,
          "type": "$not",
          "parameters": {
            "A_SIGNED": "00000000000000000000000000000000",
            "A_WIDTH": "00000000000000000000000000000001",
            "Y_WIDTH": "00000000000000000000000000000001"
          },
          "attributes": {
          },
          "port_directions": {
            "A": "input",
            "Y": "output"
          },
          "connections": {
            "A": [ 100 ],
            "Y": [ 101 ]
          }
        },
        "$auto$opt_expr.cc:250:group_cell_inputs$92": {
          "hide_name": 1,
          "type": "$not",
          "parameters": {
            "A_SIGNED": "00000000000000000000000000000000",
            "A_WIDTH": "00000000000000000000000000000001",
            "Y_WIDTH": "00000000000000000000000000000001"
          },
          "attributes": {
          },
          "port_directions": {
            "A": "input",
            "Y": "output"
          },
          "connections": {
            "A": [ 102 ],
            "Y": [ 103 ]
          }
        },
        "$auto$opt_expr.cc:250:group_cell_inputs$94": {
          "hide_name": 1,
          "type": "$not",
          "parameters": {
            "A_SIGNED": "00000000000000000000000000000000",
            "A_WIDTH": "00000000000000000000000000000001",
            "Y_WIDTH": "00000000000000000000000000000001"
          },
          "attributes": {
          },
          "port_directions": {
            "A": "input",
            "Y": "output"
          },
          "connections": {
            "A": [ 104 ],
            "Y": [ 105 ]
          }
        },
        "$auto$opt_expr.cc:250:group_cell_inputs$96": {
          "hide_name": 1,
          "type": "$not",
          "parameters": {
            "A_SIGNED": "00000000000000000000000000000000",
            "A_WIDTH": "00000000000000000000000000000001",
            "Y_WIDTH": "00000000000000000000000000000001"
          },
          "attributes": {
          },
          "port_directions": {
            "A": "input",
            "Y": "output"
          },
          "connections": {
            "A": [ 106 ],
            "Y": [ 107 ]
          }
        },
        "$auto$opt_expr.cc:250:group_cell_inputs$98": {
          "hide_name": 1,
          "type": "$not",
          "parameters": {
            "A_SIGNED": "00000000000000000000000000000000",
            "A_WIDTH": "00000000000000000000000000000001",
            "Y_WIDTH": "00000000000000000000000000000001"
          },
          "attributes": {
          },
          "port_directions": {
            "A": "input",
            "Y": "output"
          },
          "connections": {
            "A": [ 108 ],
            "Y": [ 109 ]
          }
        },
        "$auto$opt_expr.cc:276:group_cell_inputs$125": {
          "hide_name": 1,
          "type": "$and",
          "parameters": {
            "A_SIGNED": "00000000000000000000000000000000",
            "A_WIDTH": "00000000000000000000000000000010",
            "B_SIGNED": "00000000000000000000000000000000",
            "B_WIDTH": "00000000000000000000000000000010",
            "Y_WIDTH": "00000000000000000000000000000010"
          },
          "attributes": {
          },
          "port_directions": {
            "A": "input",
            "B": "input",
            "Y": "output"
          },
          "connections": {
            "A": [ 110, 111 ],
            "B": [ 112, 113 ],
            "Y": [ 114, 115 ]
          }
        },
        "$auto$opt_expr.cc:276:group_cell_inputs$40": {
          "hide_name": 1,
          "type": "$or",
          "parameters": {
            "A_SIGNED": "00000000000000000000000000000000",
            "A_WIDTH": "00000000000000000000000000010111",
            "B_SIGNED": "00000000000000000000000000000000",
            "B_WIDTH": "00000000000000000000000000010111",
            "Y_WIDTH": "00000000000000000000000000010111"
          },
          "attributes": {
          },
          "port_directions": {
            "A": "input",
            "B": "input",
            "Y": "output"
          },
          "connections": {
            "A": [ 32, 33, 34, 35, 36, 37, 38, 39, 40, 41, 42, 43, 44, 45, 46, 47, 48, 49, 50, 51, 52, 53, 54 ],
            "B": [ 19, 20, 21, 22, 23, 24, 25, 25, 25, 25, 25, 25, 25, 25, 25, 25, 25, 25, 25, 25, 25, 25, 25 ],
            "Y": [ 116, 117, 118, 119, 120, 121, 122, 123, 124, 125, 126, 127, 128, 129, 130, 131, 132, 133, 134, 135, 136, 137, 138 ]
          }
        },
        "$auto$opt_expr.cc:276:group_cell_inputs$57": {
          "hide_name": 1,
          "type": "$and",
          "parameters": {
            "A_SIGNED": "00000000000000000000000000000000",
            "A_WIDTH": "00000000000000000000000000010111",
            "B_SIGNED": "00000000000000000000000000000000",
            "B_WIDTH": "00000000000000000000000000010111",
            "Y_WIDTH": "00000000000000000000000000010111"
          },
          "attributes": {
          },
          "port_directions": {
            "A": "input",
            "B": "input",
            "Y": "output"
          },
          "connections": {
            "A": [ 139, 140, 89, 91, 93, 95, 97, 99, 101, 103, 105, 107, 109, 69, 71, 73, 75, 77, 79, 81, 83, 85, 87 ],
            "B": [ 19, 20, 21, 22, 23, 24, 25, 25, 25, 25, 25, 25, 25, 25, 25, 25, 25, 25, 25, 25, 25, 25, 25 ],
            "Y": [ 110, 111, 141, 142, 143, 144, 145, 146, 147, 148, 149, 150, 151, 152, 153, 154, 155, 156, 157, 158, 159, 160, 161 ]
          }
        },
        "$auto$opt_expr.cc:276:group_cell_inputs$61": {
          "hide_name": 1,
          "type": "$not",
          "parameters": {
            "A_SIGNED": "00000000000000000000000000000000",
            "A_WIDTH": "00000000000000000000000000000010",
            "Y_WIDTH": "00000000000000000000000000000010"
          },
          "attributes": {
          },
          "port_directions": {
            "A": "input",
            "Y": "output"
          },
          "connections": {
            "A": [ 30, 31 ],
            "Y": [ 112, 113 ]
          }
        },
        "$auto$opt_expr.cc:276:group_cell_inputs$65": {
          "hide_name": 1,
          "type": "$or",
          "parameters": {
            "A_SIGNED": "00000000000000000000000000000000",
            "A_WIDTH": "00000000000000000000000000000111",
            "B_SIGNED": "00000000000000000000000000000000",
            "B_WIDTH": "00000000000000000000000000000111",
            "Y_WIDTH": "00000000000000000000000000000111"
          },
          "attributes": {
          },
          "port_directions": {
            "A": "input",
            "B": "input",
            "Y": "output"
          },
          "connections": {
            "A": [ 114, 115, 141, 142, 143, 144, 145 ],
            "B": [ 2, 3, 4, 5, 6, 7, 8 ],
            "Y": [ 162, 163, 164, 165, 166, 167, 168 ]
          }
        },
        "$auto$opt_expr.cc:276:group_cell_inputs$68": {
          "hide_name": 1,
          "type": "$xor",
          "parameters": {
            "A_SIGNED": "00000000000000000000000000000000",
            "A_WIDTH": "00000000000000000000000000000010",
            "B_SIGNED": "00000000000000000000000000000000",
            "B_WIDTH": "00000000000000000000000000000010",
            "Y_WIDTH": "00000000000000000000000000000010"
          },
          "attributes": {
          },
          "port_directions": {
            "A": "input",
            "B": "input",
            "Y": "output"
          },
          "connections": {
            "A": [ 169, 170 ],
            "B": [ 30, 31 ],
            "Y": [ 171, 172 ]
          }
        },
        "$auto$opt_expr.cc:276:group_cell_inputs$71": {
          "hide_name": 1,
          "type": "$not",
          "parameters": {
            "A_SIGNED": "00000000000000000000000000000000",
            "A_WIDTH": "00000000000000000000000000000111",
            "Y_WIDTH": "00000000000000000000000000000111"
          },
          "attributes": {
          },
          "port_directions": {
            "A": "input",
            "Y": "output"
          },
          "connections": {
            "A": [ 19, 20, 21, 22, 23, 24, 25 ],
            "Y": [ 173, 174, 175, 176, 177, 178, 179 ]
          }
        },
        "$auto$opt_expr.cc:276:group_cell_inputs$73": {
          "hide_name": 1,
          "type": "$and",
          "parameters": {
            "A_SIGNED": "00000000000000000000000000000000",
            "A_WIDTH": "00000000000000000000000000010111",
            "B_SIGNED": "00000000000000000000000000000000",
            "B_WIDTH": "00000000000000000000000000010111",
            "Y_WIDTH": "00000000000000000000000000010111"
          },
          "attributes": {
          },
          "port_directions": {
            "A": "input",
            "B": "input",
            "Y": "output"
          },
          "connections": {
            "A": [ 116, 117, 118, 119, 120, 121, 122, 123, 124, 125, 126, 127, 128, 129, 130, 131, 132, 133, 134, 135, 136, 137, 138 ],
            "B": [ 173, 174, 175, 176, 177, 178, 179, 179, 179, 179, 179, 179, 179, 179, 179, 179, 179, 179, 179, 179, 179, 179, 179 ],
            "Y": [ 180, 181, 88, 90, 92, 94, 96, 98, 100, 102, 104, 106, 108, 68, 70, 72, 74, 76, 78, 80, 82, 84, 86 ]
          }
        },
        "$auto$opt_expr.cc:276:group_cell_inputs$76": {
          "hide_name": 1,
          "type": "$xor",
          "parameters": {
            "A_SIGNED": "00000000000000000000000000000000",
            "A_WIDTH": "00000000000000000000000000000010",
            "B_SIGNED": "00000000000000000000000000000000",
            "B_WIDTH": "00000000000000000000000000000010",
            "Y_WIDTH": "00000000000000000000000000000010"
          },
          "attributes": {
          },
          "port_directions": {
            "A": "input",
            "B": "input",
            "Y": "output"
          },
          "connections": {
            "A": [ 180, 181 ],
            "B": [ 112, 113 ],
            "Y": [ 139, 140 ]
          }
        },
        "$mul$designs/248/top.sv:14$3": {
          "hide_name": 1,
          "type": "$mul",
          "parameters": {
            "A_SIGNED": "00000000000000000000000000000000",
            "A_WIDTH": "00000000000000000000000000000111",
            "B_SIGNED": "00000000000000000000000000000000",
            "B_WIDTH": "00000000000000000000000000000111",
            "Y_WIDTH": "00000000000000000000000000000111"
          },
          "attributes": {
            "src": "designs/248/top.sv:14.31-14.73"
          },
          "port_directions": {
            "A": "input",
            "B": "input",
            "Y": "output"
          },
          "connections": {
            "A": [ 182, 183, 184, 185, 186, 187, 188 ],
            "B": [ 189, 190, 191, 192, 193, 194, 195 ],
            "Y": [ 12, 13, 14, 15, 16, 17, 18 ]
          }
        },
        "$mul$designs/248/top.sv:17$21": {
          "hide_name": 1,
          "type": "$mul",
          "parameters": {
            "A_SIGNED": "00000000000000000000000000000000",
            "A_WIDTH": "00000000000000000000000000011110",
            "B_SIGNED": "00000000000000000000000000000000",
            "B_WIDTH": "00000000000000000000000000000010",
            "Y_WIDTH": "00000000000000000000000000000100"
          },
          "attributes": {
            "src": "designs/248/top.sv:17.22-17.147"
          },
          "port_directions": {
            "A": "input",
            "B": "input",
            "Y": "output"
          },
          "connections": {
            "A": [ 162, 163, 164, 165, 166, 167, 168, 146, 147, 148, 149, 150, 151, 152, 153, 154, 155, 156, 157, 158, 159, 160, 161, "0", "0", "0", "0", "0", "0", "0" ],
            "B": [ 30, 31 ],
            "Y": [ 196, 197, 198, 199 ]
          }
        },
        "$mul$designs/248/top.sv:18$22": {
          "hide_name": 1,
          "type": "$mul",
          "parameters": {
            "A_SIGNED": "00000000000000000000000000000000",
            "A_WIDTH": "00000000000000000000000000010111",
            "B_SIGNED": "00000000000000000000000000000000",
            "B_WIDTH": "00000000000000000000000000010111",
            "Y_WIDTH": "00000000000000000000000000000100"
          },
          "attributes": {
            "src": "designs/248/top.sv:18.36-18.51"
          },
          "port_directions": {
            "A": "input",
            "B": "input",
            "Y": "output"
          },
          "connections": {
            "A": [ 19, 20, 21, 22, 23, 24, 25, 25, 25, 25, 25, 25, 25, 25, 25, 25, 25, 25, 25, 25, 25, 25, 25 ],
            "B": [ 19, 20, 21, 22, 23, 24, 25, 25, 25, 25, 25, 25, 25, 25, 25, 25, 25, 25, 25, 25, 25, 25, 25 ],
            "Y": [ 56, 57, 58, 59 ]
          }
        },
        "$mul$designs/248/top.sv:22$28": {
          "hide_name": 1,
          "type": "$mul",
          "parameters": {
            "A_SIGNED": "00000000000000000000000000000000",
            "A_WIDTH": "00000000000000000000000000000100",
            "B_SIGNED": "00000000000000000000000000000000",
            "B_WIDTH": "00000000000000000000000000010111",
            "Y_WIDTH": "00000000000000000000000000010111"
          },
          "attributes": {
            "src": "designs/248/top.sv:22.41-22.56"
          },
          "port_directions": {
            "A": "input",
            "B": "input",
            "Y": "output"
          },
          "connections": {
            "A": [ 200, 201, 202, 203 ],
            "B": [ 19, 20, 21, 22, 23, 24, 25, 25, 25, 25, 25, 25, 25, 25, 25, 25, 25, 25, 25, 25, 25, 25, 25 ],
            "Y": [ 169, 170, 204, 205, 206, 207, 208, 209, 210, 211, 212, 213, 214, 215, 216, 217, 218, 219, 220, 221, 222, 223, 224 ]
          }
        },
        "$mul$designs/248/top.sv:22$30": {
          "hide_name": 1,
          "type": "$mul",
          "parameters": {
            "A_SIGNED": "00000000000000000000000000000000",
            "A_WIDTH": "00000000000000000000000000010111",
            "B_SIGNED": "00000000000000000000000000000000",
            "B_WIDTH": "00000000000000000000000000000100",
            "Y_WIDTH": "00000000000000000000000000000011"
          },
          "attributes": {
            "src": "designs/248/top.sv:22.39-22.76"
          },
          "port_directions": {
            "A": "input",
            "B": "input",
            "Y": "output"
          },
          "connections": {
            "A": [ 171, 172, 204, 205, 206, 207, 208, 209, 210, 211, 212, 213, 214, 215, 216, 217, 218, 219, 220, 221, 222, 223, 224 ],
            "B": [ 200, 201, 202, 203 ],
            "Y": [ 225, 226, 227 ]
          }
        },
        "$not$designs/248/top.sv:14$2": {
          "hide_name": 1,
          "type": "$not",
          "parameters": {
            "A_SIGNED": "00000000000000000000000000000000",
            "A_WIDTH": "00000000000000000000000000000111",
            "Y_WIDTH": "00000000000000000000000000000111"
          },
          "attributes": {
            "src": "designs/248/top.sv:14.61-14.72"
          },
          "port_directions": {
            "A": "input",
            "Y": "output"
          },
          "connections": {
            "A": [ 2, 3, 4, 5, 6, 7, 8 ],
            "Y": [ 189, 190, 191, 192, 193, 194, 195 ]
          }
        },
        "$not$designs/248/top.sv:22$33": {
          "hide_name": 1,
          "type": "$not",
          "parameters": {
            "A_SIGNED": "00000000000000000000000000000000",
            "A_WIDTH": "00000000000000000000000000000011",
            "Y_WIDTH": "00000000000000000000000000000011"
          },
          "attributes": {
            "src": "designs/248/top.sv:22.91-22.98"
          },
          "port_directions": {
            "A": "input",
            "Y": "output"
          },
          "connections": {
            "A": [ 200, 201, 202 ],
            "Y": [ 228, 229, 230 ]
          }
        },
        "$shl$designs/248/top.sv:14$1": {
          "hide_name": 1,
          "type": "$shl",
          "parameters": {
            "A_SIGNED": "00000000000000000000000000000000",
            "A_WIDTH": "00000000000000000000000000000111",
            "B_SIGNED": "00000000000000000000000000000000",
            "B_WIDTH": "00000000000000000000000000000111",
            "Y_WIDTH": "00000000000000000000000000000111"
          },
          "attributes": {
            "src": "designs/248/top.sv:14.32-14.56"
          },
          "port_directions": {
            "A": "input",
            "B": "input",
            "Y": "output"
          },
          "connections": {
            "A": [ 2, 3, 4, 5, 6, 7, 8 ],
            "B": [ 2, 3, 4, 5, 6, 7, 8 ],
            "Y": [ 182, 183, 184, 185, 186, 187, 188 ]
          }
        },
        "$sub$designs/248/top.sv:15$5": {
          "hide_name": 1,
          "type": "$sub",
          "parameters": {
            "A_SIGNED": "00000000000000000000000000000000",
            "A_WIDTH": "00000000000000000000000000000010",
            "B_SIGNED": "00000000000000000000000000000000",
            "B_WIDTH": "00000000000000000000000000000010",
            "Y_WIDTH": "00000000000000000000000000000010"
          },
          "attributes": {
            "src": "designs/248/top.sv:15.44-15.68"
          },
          "port_directions": {
            "A": "input",
            "B": "input",
            "Y": "output"
          },
          "connections": {
            "A": [ 19, 20 ],
            "B": [ 4, 5 ],
            "Y": [ 26, 27 ]
          }
        },
        "$sub$designs/248/top.sv:15$7": {
          "hide_name": 1,
          "type": "$sub",
          "parameters": {
            "A_SIGNED": "00000000000000000000000000000000",
            "A_WIDTH": "00000000000000000000000000000010",
            "B_SIGNED": "00000000000000000000000000000000",
            "B_WIDTH": "00000000000000000000000000000010",
            "Y_WIDTH": "00000000000000000000000000000010"
          },
          "attributes": {
            "src": "designs/248/top.sv:15.32-15.89"
          },
          "port_directions": {
            "A": "input",
            "B": "input",
            "Y": "output"
          },
          "connections": {
            "A": [ 28, 29 ],
            "B": [ 19, 20 ],
            "Y": [ 30, 31 ]
          }
        },
        "$sub$designs/248/top.sv:18$26": {
          "hide_name": 1,
          "type": "$sub",
          "parameters": {
            "A_SIGNED": "00000000000000000000000000000000",
            "A_WIDTH": "00000000000000000000000000000100",
            "B_SIGNED": "00000000000000000000000000000000",
            "B_WIDTH": "00000000000000000000000000000100",
            "Y_WIDTH": "00000000000000000000000000000100"
          },
          "attributes": {
            "src": "designs/248/top.sv:18.32-18.91"
          },
          "port_directions": {
            "A": "input",
            "B": "input",
            "Y": "output"
          },
          "connections": {
            "A": [ 231, 232, 233, 234 ],
            "B": [ 196, 197, 198, 199 ],
            "Y": [ 200, 201, 202, 203 ]
          }
        },
        "$sub$designs/248/top.sv:22$31": {
          "hide_name": 1,
          "type": "$sub",
          "parameters": {
            "A_SIGNED": "00000000000000000000000000000000",
            "A_WIDTH": "00000000000000000000000000000011",
            "B_SIGNED": "00000000000000000000000000000000",
            "B_WIDTH": "00000000000000000000000000000011",
            "Y_WIDTH": "00000000000000000000000000000011"
          },
          "attributes": {
            "src": "designs/248/top.sv:22.38-22.86"
          },
          "port_directions": {
            "A": "input",
            "B": "input",
            "Y": "output"
          },
          "connections": {
            "A": [ 225, 226, 227 ],
            "B": [ 196, 197, 198 ],
            "Y": [ 235, 236, 237 ]
          }
        },
        "$sub$designs/248/top.sv:22$34": {
          "hide_name": 1,
          "type": "$sub",
          "parameters": {
            "A_SIGNED": "00000000000000000000000000000000",
            "A_WIDTH": "00000000000000000000000000000011",
            "B_SIGNED": "00000000000000000000000000000000",
            "B_WIDTH": "00000000000000000000000000000011",
            "Y_WIDTH": "00000000000000000000000000000011"
          },
          "attributes": {
            "src": "designs/248/top.sv:22.37-22.99"
          },
          "port_directions": {
            "A": "input",
            "B": "input",
            "Y": "output"
          },
          "connections": {
            "A": [ 235, 236, 237 ],
            "B": [ 228, 229, 230 ],
            "Y": [ 9, 10, 11 ]
          }
        },
        "$xor$designs/248/top.sv:18$25": {
          "hide_name": 1,
          "type": "$xor",
          "parameters": {
            "A_SIGNED": "00000000000000000000000000000000",
            "A_WIDTH": "00000000000000000000000000000100",
            "B_SIGNED": "00000000000000000000000000000000",
            "B_WIDTH": "00000000000000000000000000000100",
            "Y_WIDTH": "00000000000000000000000000000100"
          },
          "attributes": {
            "src": "designs/248/top.sv:18.33-18.81"
          },
          "port_directions": {
            "A": "input",
            "B": "input",
            "Y": "output"
          },
          "connections": {
            "A": [ 64, 65, 66, 67 ],
            "B": [ 19, 20, 21, 22 ],
            "Y": [ 231, 232, 233, 234 ]
          }
        }
      },
      "netnames": {
        "$add$designs/248/top.sv:15$6_Y": {
          "hide_name": 1,
          "bits": [ 28, 29, 238, 239, 240, 241, 242, 243, 244, 245, 246, 247, 248, 249, 250, 251, 252, 253, 254, 255, 256, 257, 258 ],
          "attributes": {
            "src": "designs/248/top.sv:15.43-15.78",
            "unused_bits": "2 3 4 5 6 7 8 9 10 11 12 13 14 15 16 17 18 19 20 21 22"
          }
        },
        "$add$designs/248/top.sv:17$8_Y": {
          "hide_name": 1,
          "bits": [ 32, 33, 34, 35, 36, 37, 38, 39, 40, 41, 42, 43, 44, 45, 46, 47, 48, 49, 50, 51, 52, 53, 54, 55, "0", "0", "0", "0", "0", "0" ],
          "attributes": {
            "src": "designs/248/top.sv:17.47-17.62",
            "unused_bits": "23"
          }
        },
        "$and$designs/248/top.sv:17$12_Y": {
          "hide_name": 1,
          "bits": [ 180, 181, 88, 90, 92, 94, 96, 98, 100, 102, 104, 106, 108, 68, 70, 72, 74, 76, 78, 80, 82, 84, 86, 55, "0", "0", "0", "0", "0", "0" ],
          "attributes": {
            "src": "designs/248/top.sv:17.37-17.86",
            "unused_bits": "23"
          }
        },
        "$and$designs/248/top.sv:17$16_Y": {
          "hide_name": 1,
          "bits": [ 110, 111, 141, 142, 143, 144, 145, 146, 147, 148, 149, 150, 151, 152, 153, 154, 155, 156, 157, 158, 159, 160, 161, "0", "0", "0", "0", "0", "0", "0" ],
          "attributes": {
            "src": "designs/248/top.sv:17.25-17.110"
          }
        },
        "$and$designs/248/top.sv:17$19_Y": {
          "hide_name": 1,
          "bits": [ 114, 115, 141, 142, 143, 144, 145, 146, 147, 148, 149, 150, 151, 152, 153, 154, 155, 156, 157, 158, 159, 160, 161, "0", "0", "0", "0", "0", "0", "0" ],
          "attributes": {
            "src": "designs/248/top.sv:17.24-17.123"
          }
        },
        "$and$designs/248/top.sv:18$23_Y": {
          "hide_name": 1,
          "bits": [ 60, 61, 62, 63, 259, 260, 261, 262, 263, 264, 265, 266, 267, 268, 269, 270, 271, 272, 273, 274, 275, 276, 277, 278, 279, 280, 281, 282, 283, 284 ],
          "attributes": {
            "src": "designs/248/top.sv:18.35-18.61",
            "unused_bits": "4 5 6 7 8 9 10 11 12 13 14 15 16 17 18 19 20 21 22 23 24 25 26 27 28 29"
          }
        },
        "$and$designs/248/top.sv:18$24_Y": {
          "hide_name": 1,
          "bits": [ 64, 65, 66, 67, 285, 286, 287, 288, 289, 290, 291, 292, 293, 294, 295, 296, 297, 298, 299, 300, 301, 302, 303, 304, 305, 306, 307, 308, 309, 310 ],
          "attributes": {
            "src": "designs/248/top.sv:18.34-18.71",
            "unused_bits": "4 5 6 7 8 9 10 11 12 13 14 15 16 17 18 19 20 21 22 23 24 25 26 27 28 29"
          }
        },
        "$auto$opt_expr.cc:205:group_cell_inputs$39": {
          "hide_name": 1,
          "bits": [ 116, 117, 118, 119, 120, 121, 122, 123, 124, 125, 126, 127, 128, 129, 130, 131, 132, 133, 134, 135, 136, 137, 138 ],
          "attributes": {
          }
        },
        "$auto$opt_expr.cc:205:group_cell_inputs$44": {
          "hide_name": 1,
          "bits": [ 173, 174, 175, 176, 177, 178, 179, 179, 179, 179, 179, 179, 179, 179, 179, 179, 179, 179, 179, 179, 179, 179, 179 ],
          "attributes": {
          }
        },
        "$auto$opt_expr.cc:205:group_cell_inputs$52": {
          "hide_name": 1,
          "bits": [ 112, 113 ],
          "attributes": {
          }
        },
        "$auto$opt_expr.cc:205:group_cell_inputs$64": {
          "hide_name": 1,
          "bits": [ 162, 163, 164, 165, 166, 167, 168 ],
          "attributes": {
          }
        },
        "$auto$opt_expr.cc:205:group_cell_inputs$67": {
          "hide_name": 1,
          "bits": [ 171, 172 ],
          "attributes": {
          }
        },
        "$auto$opt_expr.cc:205:group_cell_inputs$69": {
          "hide_name": 1,
          "bits": [ 204, 205, 206, 207, 208, 209, 210, 211, 212, 213, 214, 215, 216, 217, 218, 219, 220, 221, 222, 223, 224 ],
          "attributes": {
          }
        },
        "$auto$opt_expr.cc:205:group_cell_inputs$75": {
          "hide_name": 1,
          "bits": [ 139, 140 ],
          "attributes": {
          }
        },
        "$auto$opt_expr.cc:205:group_cell_inputs$77": {
          "hide_name": 1,
          "bits": [ 89, 91, 93, 95, 97, 99, 101, 103, 105, 107, 109, 69, 71, 73, 75, 77, 79, 81, 83, 85, 87, 311 ],
          "attributes": {
            "unused_bits": "21"
          }
        },
        "$auto$wreduce.cc:514:run$35": {
          "hide_name": 1,
          "bits": [ 228, 229, 230, 312, 313, 314, 315, 316, 317, 318, 319, 320, 321, 322, 323, 324, 325, 326, 327, 328, 329, 330, 331 ],
          "attributes": {
            "src": "designs/248/top.sv:22.91-22.98",
            "unused_bits": "3 4 5 6 7 8 9 10 11 12 13 14 15 16 17 18 19 20 21 22"
          }
        },
        "$auto$wreduce.cc:514:run$36": {
          "hide_name": 1,
          "bits": [ 235, 236, 237, 332, 333, 334, 335, 336, 337, 338, 339, 340, 341, 342, 343, 344, 345, 346, 347, 348, 349, 350, 351 ],
          "attributes": {
            "src": "designs/248/top.sv:22.38-22.86",
            "unused_bits": "3 4 5 6 7 8 9 10 11 12 13 14 15 16 17 18 19 20 21 22"
          }
        },
        "$auto$wreduce.cc:514:run$38": {
          "hide_name": 1,
          "bits": [ 231, 232, 233, 234, 352, 353, 354, 355, 356, 357, 358, 359, 360, 361, 362, 363, 364, 365, 366, 367, 368, 369, 370, 371, 372, 373, 374, 375, 376, 377 ],
          "attributes": {
            "src": "designs/248/top.sv:18.33-18.81",
            "unused_bits": "4 5 6 7 8 9 10 11 12 13 14 15 16 17 18 19 20 21 22 23 24 25 26 27 28 29"
          }
        },
        "$mul$designs/248/top.sv:14$3_Y": {
          "hide_name": 1,
          "bits": [ 12, 13, 14, 15, 16, 17, 18 ],
          "attributes": {
            "src": "designs/248/top.sv:14.31-14.73"
          }
        },
        "$mul$designs/248/top.sv:18$22_Y": {
          "hide_name": 1,
          "bits": [ 56, 57, 58, 59, 378, 379, 380, 381, 382, 383, 384, 385, 386, 387, 388, 389, 390, 391, 392, 393, 394, 395, 396, 397, 398, 399, 400, 401, 402, 403 ],
          "attributes": {
            "src": "designs/248/top.sv:18.36-18.51",
            "unused_bits": "4 5 6 7 8 9 10 11 12 13 14 15 16 17 18 19 20 21 22 23 24 25 26 27 28 29"
          }
        },
        "$mul$designs/248/top.sv:22$28_Y": {
          "hide_name": 1,
          "bits": [ 169, 170, 204, 205, 206, 207, 208, 209, 210, 211, 212, 213, 214, 215, 216, 217, 218, 219, 220, 221, 222, 223, 224 ],
          "attributes": {
            "src": "designs/248/top.sv:22.41-22.56"
          }
        },
        "$mul$designs/248/top.sv:22$30_Y": {
          "hide_name": 1,
          "bits": [ 225, 226, 227, 404, 405, 406, 407, 408, 409, 410, 411, 412, 413, 414, 415, 416, 417, 418, 419, 420, 421, 422, 423 ],
          "attributes": {
            "src": "designs/248/top.sv:22.39-22.76",
            "unused_bits": "3 4 5 6 7 8 9 10 11 12 13 14 15 16 17 18 19 20 21 22"
          }
        },
        "$not$designs/248/top.sv:14$2_Y": {
          "hide_name": 1,
          "bits": [ 189, 190, 191, 192, 193, 194, 195 ],
          "attributes": {
            "src": "designs/248/top.sv:14.61-14.72"
          }
        },
        "$shl$designs/248/top.sv:14$1_Y": {
          "hide_name": 1,
          "bits": [ 182, 183, 184, 185, 186, 187, 188 ],
          "attributes": {
            "src": "designs/248/top.sv:14.32-14.56"
          }
        },
        "$sub$designs/248/top.sv:15$5_Y": {
          "hide_name": 1,
          "bits": [ 26, 27, 424, 425, 426, 427, 428, 429, 430, 431, 432, 433, 434, 435, 436, 437, 438, 439, 440, 441, 442, 443, 444 ],
          "attributes": {
            "src": "designs/248/top.sv:15.44-15.68",
            "unused_bits": "2 3 4 5 6 7 8 9 10 11 12 13 14 15 16 17 18 19 20 21 22"
          }
        },
        "input_data": {
          "hide_name": 0,
          "bits": [ 2, 3, 4, 5, 6, 7, 8 ],
          "attributes": {
            "src": "designs/248/top.sv:2.17-2.27"
          }
        },
        "output_data": {
          "hide_name": 0,
          "bits": [ 9, 10, 11 ],
          "attributes": {
            "src": "designs/248/top.sv:3.18-3.29"
          }
        },
        "temp_0": {
          "hide_name": 0,
          "bits": [ 19, 20, 21, 22, 23, 24, 25, 25, 25, 25, 25, 25, 25, 25, 25, 25, 25, 25, 25, 25, 25, 25, 25 ],
          "attributes": {
            "src": "designs/248/top.sv:6.18-6.24"
          }
        },
        "temp_1": {
          "hide_name": 0,
          "bits": [ 30, 31 ],
          "attributes": {
            "src": "designs/248/top.sv:7.17-7.23"
          }
        },
        "temp_3": {
          "hide_name": 0,
          "bits": [ 196, 197, 198, 199, "x", "x", "x", "x", "x", "x", "x", "x", "x", "x", "x", "x" ],
          "attributes": {
            "src": "designs/248/top.sv:9.18-9.24"
          }
        },
        "temp_4": {
          "hide_name": 0,
          "bits": [ 200, 201, 202, 203 ],
          "attributes": {
            "src": "designs/248/top.sv:10.17-10.23"
          }
        }
      }
    }
  }
}
