{
  "creator": "Yosys 0.60 (git sha1 5bafeb77dc71e054fa331ab9efa613e6fb0a1c49, clang++ 17.0.0 -fPIC -O3)",
  "modules": {
    "top": {
      "attributes": {
        "top": "00000000000000000000000000000001",
        "src": "designs/37/top.sv:1.1-48.10"
      },
      "ports": {
        "input_data": {
          "direction": "input",
          "bits": [ 2, 3, 4, 5 ]
        },
        "output_data": {
          "direction": "output",
          "bits": [ 6, 7, 8, 9, 10, 11, 12, 13, 14, 15, 16, 17 ]
        }
      },
      "cells": {
        "$add$designs/37/top.sv:27$7": {
          "hide_name": 1,
          "type": "$add",
          "parameters": {
            "A_SIGNED": "00000000000000000000000000000000",
            "A_WIDTH": "00000000000000000000000000001001",
            "B_SIGNED": "00000000000000000000000000000000",
            "B_WIDTH": "00000000000000000000000000000100",
            "Y_WIDTH": "00000000000000000000000000001001"
          },
          "attributes": {
            "src": "designs/37/top.sv:27.27-27.175"
          },
          "port_directions": {
            "A": "input",
            "B": "input",
            "Y": "output"
          },
          "connections": {
            "A": [ 18, 19, 20, 21, 22, 23, 24, 25, 26 ],
            "B": [ 2, 3, 4, 5 ],
            "Y": [ 27, 28, 29, 30, 31, 32, 33, 34, 35 ]
          }
        },
        "$add$designs/37/top.sv:29$11": {
          "hide_name": 1,
          "type": "$add",
          "parameters": {
            "A_SIGNED": "00000000000000000000000000000000",
            "A_WIDTH": "00000000000000000000000000001101",
            "B_SIGNED": "00000000000000000000000000000000",
            "B_WIDTH": "00000000000000000000000000000100",
            "Y_WIDTH": "00000000000000000000000000001101"
          },
          "attributes": {
            "src": "designs/37/top.sv:29.22-29.78"
          },
          "port_directions": {
            "A": "input",
            "B": "input",
            "Y": "output"
          },
          "connections": {
            "A": [ 36, 37, 38, 39, 40, 40, 40, 40, 40, 40, 40, 40, 40 ],
            "B": [ 2, 3, 4, 5 ],
            "Y": [ 41, 42, 43, 44, 45, 46, 47, 48, 49, 50, 51, 52, 53 ]
          }
        },
        "$add$designs/37/top.sv:30$14": {
          "hide_name": 1,
          "type": "$add",
          "parameters": {
            "A_SIGNED": "00000000000000000000000000000000",
            "A_WIDTH": "00000000000000000000000000011001",
            "B_SIGNED": "00000000000000000000000000000000",
            "B_WIDTH": "00000000000000000000000000000011",
            "Y_WIDTH": "00000000000000000000000000011001"
          },
          "attributes": {
            "src": "designs/37/top.sv:30.44-30.99"
          },
          "port_directions": {
            "A": "input",
            "B": "input",
            "Y": "output"
          },
          "connections": {
            "A": [ 54, 55, 56, 57, 58, 59, 60, 61, 62, 63, 64, 65, 66, 67, 67, 67, 67, 67, 67, 67, 67, 67, 67, 67, 67 ],
            "B": [ 2, 3, 4 ],
            "Y": [ 68, 69, 70, 71, 72, 73, 74, 75, 76, 77, 78, 79, 80, 81, 82, 83, 84, 85, 86, 87, 88, 89, 90, 91, 92 ]
          }
        },
        "$add$designs/37/top.sv:32$23": {
          "hide_name": 1,
          "type": "$add",
          "parameters": {
            "A_SIGNED": "00000000000000000000000000000000",
            "A_WIDTH": "00000000000000000000000000000110",
            "B_SIGNED": "00000000000000000000000000000000",
            "B_WIDTH": "00000000000000000000000000001001",
            "Y_WIDTH": "00000000000000000000000000001001"
          },
          "attributes": {
            "src": "designs/37/top.sv:32.65-32.80"
          },
          "port_directions": {
            "A": "input",
            "B": "input",
            "Y": "output"
          },
          "connections": {
            "A": [ 93, 94, 95, 96, 97, 98 ],
            "B": [ 41, 42, 43, 44, 45, 46, 47, 48, 49 ],
            "Y": [ 99, 100, 101, 102, 103, 104, 105, 106, 107 ]
          }
        },
        "$add$designs/37/top.sv:32$25": {
          "hide_name": 1,
          "type": "$add",
          "parameters": {
            "A_SIGNED": "00000000000000000000000000000000",
            "A_WIDTH": "00000000000000000000000000001001",
            "B_SIGNED": "00000000000000000000000000000000",
            "B_WIDTH": "00000000000000000000000000000100",
            "Y_WIDTH": "00000000000000000000000000001001"
          },
          "attributes": {
            "src": "designs/37/top.sv:32.43-32.106"
          },
          "port_directions": {
            "A": "input",
            "B": "input",
            "Y": "output"
          },
          "connections": {
            "A": [ 108, 109, 110, 111, 103, 104, 105, 106, 107 ],
            "B": [ 2, 3, 4, 5 ],
            "Y": [ 112, 113, 114, 115, 116, 117, 118, 119, 120 ]
          }
        },
        "$add$designs/37/top.sv:32$26": {
          "hide_name": 1,
          "type": "$add",
          "parameters": {
            "A_SIGNED": "00000000000000000000000000000000",
            "A_WIDTH": "00000000000000000000000000001001",
            "B_SIGNED": "00000000000000000000000000000000",
            "B_WIDTH": "00000000000000000000000000000100",
            "Y_WIDTH": "00000000000000000000000000001001"
          },
          "attributes": {
            "src": "designs/37/top.sv:32.42-32.116"
          },
          "port_directions": {
            "A": "input",
            "B": "input",
            "Y": "output"
          },
          "connections": {
            "A": [ 112, 113, 114, 115, 116, 117, 118, 119, 120 ],
            "B": [ 2, 3, 4, 5 ],
            "Y": [ 121, 122, 123, 124, 125, 126, 127, 128, 129 ]
          }
        },
        "$add$designs/37/top.sv:36$48": {
          "hide_name": 1,
          "type": "$add",
          "parameters": {
            "A_SIGNED": "00000000000000000000000000000000",
            "A_WIDTH": "00000000000000000000000000010000",
            "B_SIGNED": "00000000000000000000000000000000",
            "B_WIDTH": "00000000000000000000000000001110",
            "Y_WIDTH": "00000000000000000000000000010001"
          },
          "attributes": {
            "src": "designs/37/top.sv:36.36-36.62"
          },
          "port_directions": {
            "A": "input",
            "B": "input",
            "Y": "output"
          },
          "connections": {
            "A": [ 130, 131, 132, 133, 134, 134, 134, 134, 134, 134, 134, 134, 134, 134, 134, 134 ],
            "B": [ 135, 136, 137, 138, 139, 140, 141, 142, 143, 144, 145, 146, 147, 148 ],
            "Y": [ 149, 150, 151, 152, 153, 154, 155, 156, 157, 158, 159, 160, 161, 162, 163, 164, 165 ]
          }
        },
        "$add$designs/37/top.sv:40$63": {
          "hide_name": 1,
          "type": "$add",
          "parameters": {
            "A_SIGNED": "00000000000000000000000000000000",
            "A_WIDTH": "00000000000000000000000000011001",
            "B_SIGNED": "00000000000000000000000000000000",
            "B_WIDTH": "00000000000000000000000000000110",
            "Y_WIDTH": "00000000000000000000000000011001"
          },
          "attributes": {
            "src": "designs/37/top.sv:40.23-40.117"
          },
          "port_directions": {
            "A": "input",
            "B": "input",
            "Y": "output"
          },
          "connections": {
            "A": [ 166, 167, 168, 169, 170, 171, 172, 173, 174, 175, 176, 177, 178, 179, 180, 181, 182, 182, 182, 182, 182, 182, 182, 182, 182 ],
            "B": [ 93, 94, 95, 96, 97, 98 ],
            "Y": [ 183, 184, 185, 186, 187, 188, 189, 190, 191, 192, 193, 194, 195, 196, 197, 198, 199, 200, 201, 202, 203, 204, 205, 206, 207 ]
          }
        },
        "$add$designs/37/top.sv:42$69": {
          "hide_name": 1,
          "type": "$add",
          "parameters": {
            "A_SIGNED": "00000000000000000000000000000000",
            "A_WIDTH": "00000000000000000000000000001101",
            "B_SIGNED": "00000000000000000000000000000000",
            "B_WIDTH": "00000000000000000000000000001101",
            "Y_WIDTH": "00000000000000000000000000001101"
          },
          "attributes": {
            "src": "designs/37/top.sv:42.25-42.90"
          },
          "port_directions": {
            "A": "input",
            "B": "input",
            "Y": "output"
          },
          "connections": {
            "A": [ 208, 209, 210, 211, 212, 213, "0", "0", "0", "0", "0", "0", "0" ],
            "B": [ 41, 42, 43, 44, 45, 46, 47, 48, 49, 50, 51, 52, 53 ],
            "Y": [ 214, 215, 216, 217, 218, 219, 220, 221, 222, 223, 224, 225, 226 ]
          }
        },
        "$add$designs/37/top.sv:42$70": {
          "hide_name": 1,
          "type": "$add",
          "parameters": {
            "A_SIGNED": "00000000000000000000000000000000",
            "A_WIDTH": "00000000000000000000000000001101",
            "B_SIGNED": "00000000000000000000000000000000",
            "B_WIDTH": "00000000000000000000000000000110",
            "Y_WIDTH": "00000000000000000000000000001101"
          },
          "attributes": {
            "src": "designs/37/top.sv:42.24-42.100"
          },
          "port_directions": {
            "A": "input",
            "B": "input",
            "Y": "output"
          },
          "connections": {
            "A": [ 214, 215, 216, 217, 218, 219, 220, 221, 222, 223, 224, 225, 226 ],
            "B": [ 93, 94, 95, 96, 97, 98 ],
            "Y": [ 227, 228, 229, 230, 231, 232, 233, 234, 235, 236, 237, 238, 239 ]
          }
        },
        "$auto$opt_expr.cc:276:group_cell_inputs$100": {
          "hide_name": 1,
          "type": "$xor",
          "parameters": {
            "A_SIGNED": "00000000000000000000000000000000",
            "A_WIDTH": "00000000000000000000000000001101",
            "B_SIGNED": "00000000000000000000000000000000",
            "B_WIDTH": "00000000000000000000000000001101",
            "Y_WIDTH": "00000000000000000000000000001101"
          },
          "attributes": {
          },
          "port_directions": {
            "A": "input",
            "B": "input",
            "Y": "output"
          },
          "connections": {
            "A": [ 240, 241, 242, 243, 244, 245, 246, 247, 248, 249, 250, 251, 252 ],
            "B": [ 41, 42, 43, 44, 45, 46, 47, 48, 49, 50, 51, 52, 53 ],
            "Y": [ 253, 254, 255, 256, 257, 258, 259, 260, 261, 262, 263, 264, 265 ]
          }
        },
        "$auto$opt_expr.cc:276:group_cell_inputs$103": {
          "hide_name": 1,
          "type": "$or",
          "parameters": {
            "A_SIGNED": "00000000000000000000000000000000",
            "A_WIDTH": "00000000000000000000000000000011",
            "B_SIGNED": "00000000000000000000000000000000",
            "B_WIDTH": "00000000000000000000000000000011",
            "Y_WIDTH": "00000000000000000000000000000011"
          },
          "attributes": {
          },
          "port_directions": {
            "A": "input",
            "B": "input",
            "Y": "output"
          },
          "connections": {
            "A": [ 266, 267, 268 ],
            "B": [ 269, 270, 271 ],
            "Y": [ 272, 273, 274 ]
          }
        },
        "$auto$opt_expr.cc:276:group_cell_inputs$106": {
          "hide_name": 1,
          "type": "$xor",
          "parameters": {
            "A_SIGNED": "00000000000000000000000000000000",
            "A_WIDTH": "00000000000000000000000000000100",
            "B_SIGNED": "00000000000000000000000000000000",
            "B_WIDTH": "00000000000000000000000000000100",
            "Y_WIDTH": "00000000000000000000000000000100"
          },
          "attributes": {
          },
          "port_directions": {
            "A": "input",
            "B": "input",
            "Y": "output"
          },
          "connections": {
            "A": [ 99, 100, 101, 102 ],
            "B": [ 2, 3, 4, 5 ],
            "Y": [ 108, 109, 110, 111 ]
          }
        },
        "$auto$opt_expr.cc:276:group_cell_inputs$109": {
          "hide_name": 1,
          "type": "$and",
          "parameters": {
            "A_SIGNED": "00000000000000000000000000000000",
            "A_WIDTH": "00000000000000000000000000000100",
            "B_SIGNED": "00000000000000000000000000000000",
            "B_WIDTH": "00000000000000000000000000000100",
            "Y_WIDTH": "00000000000000000000000000000100"
          },
          "attributes": {
          },
          "port_directions": {
            "A": "input",
            "B": "input",
            "Y": "output"
          },
          "connections": {
            "A": [ 121, 122, 123, 124 ],
            "B": [ 2, 3, 4, 5 ],
            "Y": [ 275, 276, 277, 278 ]
          }
        },
        "$auto$opt_expr.cc:276:group_cell_inputs$113": {
          "hide_name": 1,
          "type": "$and",
          "parameters": {
            "A_SIGNED": "00000000000000000000000000000000",
            "A_WIDTH": "00000000000000000000000000000100",
            "B_SIGNED": "00000000000000000000000000000000",
            "B_WIDTH": "00000000000000000000000000000100",
            "Y_WIDTH": "00000000000000000000000000000100"
          },
          "attributes": {
          },
          "port_directions": {
            "A": "input",
            "B": "input",
            "Y": "output"
          },
          "connections": {
            "A": [ 279, 280, 281, 282 ],
            "B": [ 2, 3, 4, 5 ],
            "Y": [ 283, 284, 285, 286 ]
          }
        },
        "$auto$opt_expr.cc:276:group_cell_inputs$117": {
          "hide_name": 1,
          "type": "$xor",
          "parameters": {
            "A_SIGNED": "00000000000000000000000000000000",
            "A_WIDTH": "00000000000000000000000000000100",
            "B_SIGNED": "00000000000000000000000000000000",
            "B_WIDTH": "00000000000000000000000000000100",
            "Y_WIDTH": "00000000000000000000000000000100"
          },
          "attributes": {
          },
          "port_directions": {
            "A": "input",
            "B": "input",
            "Y": "output"
          },
          "connections": {
            "A": [ 287, 288, 289, 290 ],
            "B": [ 2, 3, 4, 5 ],
            "Y": [ 135, 136, 137, 138 ]
          }
        },
        "$auto$opt_expr.cc:276:group_cell_inputs$128": {
          "hide_name": 1,
          "type": "$or",
          "parameters": {
            "A_SIGNED": "00000000000000000000000000000000",
            "A_WIDTH": "00000000000000000000000000000010",
            "B_SIGNED": "00000000000000000000000000000000",
            "B_WIDTH": "00000000000000000000000000000010",
            "Y_WIDTH": "00000000000000000000000000000010"
          },
          "attributes": {
          },
          "port_directions": {
            "A": "input",
            "B": "input",
            "Y": "output"
          },
          "connections": {
            "A": [ 291, 292 ],
            "B": [ 3, 4 ],
            "Y": [ 293, 294 ]
          }
        },
        "$auto$opt_expr.cc:276:group_cell_inputs$131": {
          "hide_name": 1,
          "type": "$and",
          "parameters": {
            "A_SIGNED": "00000000000000000000000000000000",
            "A_WIDTH": "00000000000000000000000000000100",
            "B_SIGNED": "00000000000000000000000000000000",
            "B_WIDTH": "00000000000000000000000000000100",
            "Y_WIDTH": "00000000000000000000000000000100"
          },
          "attributes": {
          },
          "port_directions": {
            "A": "input",
            "B": "input",
            "Y": "output"
          },
          "connections": {
            "A": [ 295, 296, 297, 298 ],
            "B": [ 2, 3, 4, 5 ],
            "Y": [ 299, 300, 301, 302 ]
          }
        },
        "$auto$opt_expr.cc:276:group_cell_inputs$135": {
          "hide_name": 1,
          "type": "$and",
          "parameters": {
            "A_SIGNED": "00000000000000000000000000000000",
            "A_WIDTH": "00000000000000000000000000000110",
            "B_SIGNED": "00000000000000000000000000000000",
            "B_WIDTH": "00000000000000000000000000000110",
            "Y_WIDTH": "00000000000000000000000000000110"
          },
          "attributes": {
          },
          "port_directions": {
            "A": "input",
            "B": "input",
            "Y": "output"
          },
          "connections": {
            "A": [ 303, 304, 305, 306, 307, 308 ],
            "B": [ 93, 94, 95, 96, 97, 98 ],
            "Y": [ 309, 310, 311, 312, 313, 314 ]
          }
        },
        "$auto$opt_expr.cc:276:group_cell_inputs$142": {
          "hide_name": 1,
          "type": "$xor",
          "parameters": {
            "A_SIGNED": "00000000000000000000000000000000",
            "A_WIDTH": "00000000000000000000000000000100",
            "B_SIGNED": "00000000000000000000000000000000",
            "B_WIDTH": "00000000000000000000000000000100",
            "Y_WIDTH": "00000000000000000000000000000100"
          },
          "attributes": {
          },
          "port_directions": {
            "A": "input",
            "B": "input",
            "Y": "output"
          },
          "connections": {
            "A": [ 315, 316, 317, 318 ],
            "B": [ 2, 3, 4, 5 ],
            "Y": [ 319, 320, 321, 322 ]
          }
        },
        "$auto$opt_expr.cc:276:group_cell_inputs$145": {
          "hide_name": 1,
          "type": "$or",
          "parameters": {
            "A_SIGNED": "00000000000000000000000000000000",
            "A_WIDTH": "00000000000000000000000000001001",
            "B_SIGNED": "00000000000000000000000000000000",
            "B_WIDTH": "00000000000000000000000000001001",
            "Y_WIDTH": "00000000000000000000000000001001"
          },
          "attributes": {
          },
          "port_directions": {
            "A": "input",
            "B": "input",
            "Y": "output"
          },
          "connections": {
            "A": [ 319, 320, 321, 322, 323, 324, 134, 134, 134 ],
            "B": [ 325, 326, 327, 328, 329, 330, 331, 332, 333 ],
            "Y": [ 334, 335, 336, 337, 338, 339, 340, 341, 342 ]
          }
        },
        "$auto$opt_expr.cc:276:group_cell_inputs$148": {
          "hide_name": 1,
          "type": "$or",
          "parameters": {
            "A_SIGNED": "00000000000000000000000000000000",
            "A_WIDTH": "00000000000000000000000000000011",
            "B_SIGNED": "00000000000000000000000000000000",
            "B_WIDTH": "00000000000000000000000000000011",
            "Y_WIDTH": "00000000000000000000000000000011"
          },
          "attributes": {
          },
          "port_directions": {
            "A": "input",
            "B": "input",
            "Y": "output"
          },
          "connections": {
            "A": [ 269, 270, 271 ],
            "B": [ 343, 344, 345 ],
            "Y": [ 346, 347, 348 ]
          }
        },
        "$auto$opt_expr.cc:276:group_cell_inputs$151": {
          "hide_name": 1,
          "type": "$and",
          "parameters": {
            "A_SIGNED": "00000000000000000000000000000000",
            "A_WIDTH": "00000000000000000000000000000110",
            "B_SIGNED": "00000000000000000000000000000000",
            "B_WIDTH": "00000000000000000000000000000110",
            "Y_WIDTH": "00000000000000000000000000000110"
          },
          "attributes": {
          },
          "port_directions": {
            "A": "input",
            "B": "input",
            "Y": "output"
          },
          "connections": {
            "A": [ 349, 350, 351, 352, 353, 354 ],
            "B": [ 93, 94, 95, 96, 97, 98 ],
            "Y": [ 208, 209, 210, 211, 212, 213 ]
          }
        },
        "$auto$opt_expr.cc:276:group_cell_inputs$155": {
          "hide_name": 1,
          "type": "$and",
          "parameters": {
            "A_SIGNED": "00000000000000000000000000000000",
            "A_WIDTH": "00000000000000000000000000000110",
            "B_SIGNED": "00000000000000000000000000000000",
            "B_WIDTH": "00000000000000000000000000000110",
            "Y_WIDTH": "00000000000000000000000000000110"
          },
          "attributes": {
          },
          "port_directions": {
            "A": "input",
            "B": "input",
            "Y": "output"
          },
          "connections": {
            "A": [ 227, 228, 229, 230, 231, 232 ],
            "B": [ 93, 94, 95, 96, 97, 98 ],
            "Y": [ 355, 356, 357, 358, 359, 360 ]
          }
        },
        "$auto$opt_expr.cc:276:group_cell_inputs$169": {
          "hide_name": 1,
          "type": "$or",
          "parameters": {
            "A_SIGNED": "00000000000000000000000000000000",
            "A_WIDTH": "00000000000000000000000000000001",
            "B_SIGNED": "00000000000000000000000000000000",
            "B_WIDTH": "00000000000000000000000000000001",
            "Y_WIDTH": "00000000000000000000000000000001"
          },
          "attributes": {
          },
          "port_directions": {
            "A": "input",
            "B": "input",
            "Y": "output"
          },
          "connections": {
            "A": [ 2 ],
            "B": [ 271 ],
            "Y": [ 361 ]
          }
        },
        "$auto$opt_expr.cc:276:group_cell_inputs$172": {
          "hide_name": 1,
          "type": "$or",
          "parameters": {
            "A_SIGNED": "00000000000000000000000000000000",
            "A_WIDTH": "00000000000000000000000000000110",
            "B_SIGNED": "00000000000000000000000000000000",
            "B_WIDTH": "00000000000000000000000000000110",
            "Y_WIDTH": "00000000000000000000000000000110"
          },
          "attributes": {
          },
          "port_directions": {
            "A": "input",
            "B": "input",
            "Y": "output"
          },
          "connections": {
            "A": [ 309, 310, 311, 312, 313, 314 ],
            "B": [ 130, 131, 132, 133, 134, 134 ],
            "Y": [ 315, 316, 317, 318, 323, 324 ]
          }
        },
        "$auto$opt_expr.cc:276:group_cell_inputs$93": {
          "hide_name": 1,
          "type": "$and",
          "parameters": {
            "A_SIGNED": "00000000000000000000000000000000",
            "A_WIDTH": "00000000000000000000000000000100",
            "B_SIGNED": "00000000000000000000000000000000",
            "B_WIDTH": "00000000000000000000000000000100",
            "Y_WIDTH": "00000000000000000000000000000100"
          },
          "attributes": {
          },
          "port_directions": {
            "A": "input",
            "B": "input",
            "Y": "output"
          },
          "connections": {
            "A": [ 41, 42, 43, 44 ],
            "B": [ 2, 3, 4, 5 ],
            "Y": [ 362, 363, 364, 365 ]
          }
        },
        "$auto$opt_expr.cc:276:group_cell_inputs$97": {
          "hide_name": 1,
          "type": "$or",
          "parameters": {
            "A_SIGNED": "00000000000000000000000000000000",
            "A_WIDTH": "00000000000000000000000000001101",
            "B_SIGNED": "00000000000000000000000000000000",
            "B_WIDTH": "00000000000000000000000000001101",
            "Y_WIDTH": "00000000000000000000000000001101"
          },
          "attributes": {
          },
          "port_directions": {
            "A": "input",
            "B": "input",
            "Y": "output"
          },
          "connections": {
            "A": [ 68, 69, 70, 71, 72, 73, 74, 75, 76, 77, 78, 79, 80 ],
            "B": [ 41, 42, 43, 44, 45, 46, 47, 48, 49, 50, 51, 52, 53 ],
            "Y": [ 366, 367, 368, 369, 370, 371, 372, 373, 374, 375, 376, 377, 378 ]
          }
        },
        "$auto$opt_expr.cc:716:replace_const_cells$90": {
          "hide_name": 1,
          "type": "$not",
          "parameters": {
            "A_SIGNED": "00000000000000000000000000000000",
            "A_WIDTH": "00000000000000000000000000000011",
            "Y_WIDTH": "00000000000000000000000000000011"
          },
          "attributes": {
          },
          "port_directions": {
            "A": "input",
            "Y": "output"
          },
          "connections": {
            "A": [ 379, 380, 381 ],
            "Y": [ 382, 383, 384 ]
          }
        },
        "$mul$designs/37/top.sv:27$4": {
          "hide_name": 1,
          "type": "$mul",
          "parameters": {
            "A_SIGNED": "00000000000000000000000000000000",
            "A_WIDTH": "00000000000000000000000000011001",
            "B_SIGNED": "00000000000000000000000000000000",
            "B_WIDTH": "00000000000000000000000000000100",
            "Y_WIDTH": "00000000000000000000000000011001"
          },
          "attributes": {
            "src": "designs/37/top.sv:27.58-27.134"
          },
          "port_directions": {
            "A": "input",
            "B": "input",
            "Y": "output"
          },
          "connections": {
            "A": [ 385, 386, 387, 388, 389, 389, 389, 389, 389, 389, 389, 389, 389, 389, 389, 389, 389, 389, 389, 389, 389, 389, 389, 389, 389 ],
            "B": [ 2, 3, 4, 5 ],
            "Y": [ 390, 391, 379, 392, 393, 380, 394, 381, 395, 396, 397, 398, 399, 400, 401, 402, 403, 404, 405, 406, 407, 408, 409, 410, 411 ]
          }
        },
        "$mul$designs/37/top.sv:27$6": {
          "hide_name": 1,
          "type": "$mul",
          "parameters": {
            "A_SIGNED": "00000000000000000000000000000000",
            "A_WIDTH": "00000000000000000000000000011001",
            "B_SIGNED": "00000000000000000000000000000000",
            "B_WIDTH": "00000000000000000000000000000100",
            "Y_WIDTH": "00000000000000000000000000001001"
          },
          "attributes": {
            "src": "designs/37/top.sv:27.38-27.160"
          },
          "port_directions": {
            "A": "input",
            "B": "input",
            "Y": "output"
          },
          "connections": {
            "A": [ 390, 391, 382, 392, 393, 383, 394, 384, 395, 396, 397, 398, 399, 400, 401, 402, 403, 404, 405, 406, 407, 408, 409, 410, 411 ],
            "B": [ 2, 3, 4, 5 ],
            "Y": [ 18, 19, 20, 21, 22, 23, 24, 25, 26 ]
          }
        },
        "$mul$designs/37/top.sv:30$18": {
          "hide_name": 1,
          "type": "$mul",
          "parameters": {
            "A_SIGNED": "00000000000000000000000000000000",
            "A_WIDTH": "00000000000000000000000000011001",
            "B_SIGNED": "00000000000000000000000000000000",
            "B_WIDTH": "00000000000000000000000000001101",
            "Y_WIDTH": "00000000000000000000000000000011"
          },
          "attributes": {
            "src": "designs/37/top.sv:30.22-30.141"
          },
          "port_directions": {
            "A": "input",
            "B": "input",
            "Y": "output"
          },
          "connections": {
            "A": [ 253, 254, 255, 256, 257, 258, 259, 260, 261, 262, 263, 264, 265, 412, 413, 414, 415, 416, 417, 418, 419, 420, 421, 422, 423 ],
            "B": [ 41, 42, 43, 44, 45, 46, 47, 48, 49, 50, 51, 52, 53 ],
            "Y": [ 269, 270, 271 ]
          }
        },
        "$mul$designs/37/top.sv:31$19": {
          "hide_name": 1,
          "type": "$mul",
          "parameters": {
            "A_SIGNED": "00000000000000000000000000000000",
            "A_WIDTH": "00000000000000000000000000001101",
            "B_SIGNED": "00000000000000000000000000000000",
            "B_WIDTH": "00000000000000000000000000000100",
            "Y_WIDTH": "00000000000000000000000000001101"
          },
          "attributes": {
            "src": "designs/37/top.sv:31.45-31.73"
          },
          "port_directions": {
            "A": "input",
            "B": "input",
            "Y": "output"
          },
          "connections": {
            "A": [ 41, 42, 43, 44, 45, 46, 47, 48, 49, 50, 51, 52, 53 ],
            "B": [ 2, 3, 4, 5 ],
            "Y": [ 424, 425, 426, 427, 428, 429, 430, 431, 432, 433, 434, 435, 436 ]
          }
        },
        "$mul$designs/37/top.sv:31$20": {
          "hide_name": 1,
          "type": "$mul",
          "parameters": {
            "A_SIGNED": "00000000000000000000000000000000",
            "A_WIDTH": "00000000000000000000000000001101",
            "B_SIGNED": "00000000000000000000000000000000",
            "B_WIDTH": "00000000000000000000000000000100",
            "Y_WIDTH": "00000000000000000000000000000110"
          },
          "attributes": {
            "src": "designs/37/top.sv:31.44-31.87"
          },
          "port_directions": {
            "A": "input",
            "B": "input",
            "Y": "output"
          },
          "connections": {
            "A": [ 424, 425, 426, 427, 428, 429, 430, 431, 432, 433, 434, 435, 436 ],
            "B": [ 2, 3, 4, 5 ],
            "Y": [ 266, 267, 268, 437, 438, 439 ]
          }
        },
        "$mul$designs/37/top.sv:34$30": {
          "hide_name": 1,
          "type": "$mul",
          "parameters": {
            "A_SIGNED": "00000000000000000000000000000000",
            "A_WIDTH": "00000000000000000000000000000100",
            "B_SIGNED": "00000000000000000000000000000000",
            "B_WIDTH": "00000000000000000000000000010000",
            "Y_WIDTH": "00000000000000000000000000010000"
          },
          "attributes": {
            "src": "designs/37/top.sv:34.45-34.64"
          },
          "port_directions": {
            "A": "input",
            "B": "input",
            "Y": "output"
          },
          "connections": {
            "A": [ 2, 3, 4, 5 ],
            "B": [ 130, 131, 132, 133, 134, 134, 134, 134, 134, 134, 134, 134, 134, 134, 134, 134 ],
            "Y": [ 440, 441, 442, 443, 444, 445, 446, 447, 448, 449, 450, 451, 452, 453, 454, 455 ]
          }
        },
        "$mul$designs/37/top.sv:34$33": {
          "hide_name": 1,
          "type": "$mul",
          "parameters": {
            "A_SIGNED": "00000000000000000000000000000000",
            "A_WIDTH": "00000000000000000000000000010000",
            "B_SIGNED": "00000000000000000000000000000000",
            "B_WIDTH": "00000000000000000000000000001101",
            "Y_WIDTH": "00000000000000000000000000001110"
          },
          "attributes": {
            "src": "designs/37/top.sv:34.34-34.103"
          },
          "port_directions": {
            "A": "input",
            "B": "input",
            "Y": "output"
          },
          "connections": {
            "A": [ 283, 284, 285, 286, "0", "0", "0", "0", "0", "0", "0", "0", "0", "0", "0", "0" ],
            "B": [ 41, 42, 43, 44, 45, 46, 47, 48, 49, 50, 51, 52, 53 ],
            "Y": [ 456, 457, 458, 459, 460, 461, 462, 463, 464, 465, 466, 467, 468, 469 ]
          }
        },
        "$mul$designs/37/top.sv:36$49": {
          "hide_name": 1,
          "type": "$mul",
          "parameters": {
            "A_SIGNED": "00000000000000000000000000000000",
            "A_WIDTH": "00000000000000000000000000010001",
            "B_SIGNED": "00000000000000000000000000000000",
            "B_WIDTH": "00000000000000000000000000000100",
            "Y_WIDTH": "00000000000000000000000000010101"
          },
          "attributes": {
            "src": "designs/37/top.sv:36.35-36.72"
          },
          "port_directions": {
            "A": "input",
            "B": "input",
            "Y": "output"
          },
          "connections": {
            "A": [ 149, 150, 151, 152, 153, 154, 155, 156, 157, 158, 159, 160, 161, 162, 163, 164, 165 ],
            "B": [ 2, 3, 4, 5 ],
            "Y": [ 470, 471, 472, 473, 474, 475, 476, 477, 478, 479, 480, 481, 482, 483, 484, 485, 486, 487, 488, 489, 490 ]
          }
        },
        "$mul$designs/37/top.sv:36$52": {
          "hide_name": 1,
          "type": "$mul",
          "parameters": {
            "A_SIGNED": "00000000000000000000000000000000",
            "A_WIDTH": "00000000000000000000000000011001",
            "B_SIGNED": "00000000000000000000000000000000",
            "B_WIDTH": "00000000000000000000000000001101",
            "Y_WIDTH": "00000000000000000000000000000010"
          },
          "attributes": {
            "src": "designs/37/top.sv:36.22-36.112"
          },
          "port_directions": {
            "A": "input",
            "B": "input",
            "Y": "output"
          },
          "connections": {
            "A": [ 293, 294, 491, 492, 493, 494, 495, 496, 497, 498, 499, 500, 501, 502, 503, 504, 505, 506, 507, 508, 509, 510, 510, 510, 510 ],
            "B": [ 41, 42, 43, 44, 45, 46, 47, 48, 49, 50, 51, 52, 53 ],
            "Y": [ 511, 512 ]
          }
        },
        "$mul$designs/37/top.sv:37$53": {
          "hide_name": 1,
          "type": "$mul",
          "parameters": {
            "A_SIGNED": "00000000000000000000000000000000",
            "A_WIDTH": "00000000000000000000000000001001",
            "B_SIGNED": "00000000000000000000000000000000",
            "B_WIDTH": "00000000000000000000000000000010",
            "Y_WIDTH": "00000000000000000000000000001011"
          },
          "attributes": {
            "src": "designs/37/top.sv:37.25-37.49"
          },
          "port_directions": {
            "A": "input",
            "B": "input",
            "Y": "output"
          },
          "connections": {
            "A": [ 325, 326, 327, 328, 329, 330, 331, 332, 333 ],
            "B": [ 511, 512 ],
            "Y": [ 513, 514, 515, 516, 517, 518, 519, 520, 521, 522, 523 ]
          }
        },
        "$mul$designs/37/top.sv:42$67": {
          "hide_name": 1,
          "type": "$mul",
          "parameters": {
            "A_SIGNED": "00000000000000000000000000000000",
            "A_WIDTH": "00000000000000000000000000011001",
            "B_SIGNED": "00000000000000000000000000000000",
            "B_WIDTH": "00000000000000000000000000000100",
            "Y_WIDTH": "00000000000000000000000000001101"
          },
          "attributes": {
            "src": "designs/37/top.sv:42.35-42.69"
          },
          "port_directions": {
            "A": "input",
            "B": "input",
            "Y": "output"
          },
          "connections": {
            "A": [ 346, 347, 348, 524, 525, 526, 527, 528, 529, 530, 531, 532, 533, 534, 535, 536, 537, 538, 539, 540, 541, 542, 543, 544, 545 ],
            "B": [ 2, 3, 4, 5 ],
            "Y": [ 349, 350, 351, 352, 353, 354, 546, 547, 548, 549, 550, 551, 552 ]
          }
        },
        "$mul$designs/37/top.sv:46$82": {
          "hide_name": 1,
          "type": "$mul",
          "parameters": {
            "A_SIGNED": "00000000000000000000000000000000",
            "A_WIDTH": "00000000000000000000000000000100",
            "B_SIGNED": "00000000000000000000000000000000",
            "B_WIDTH": "00000000000000000000000000011110",
            "Y_WIDTH": "00000000000000000000000000001100"
          },
          "attributes": {
            "src": "designs/37/top.sv:46.37-46.98"
          },
          "port_directions": {
            "A": "input",
            "B": "input",
            "Y": "output"
          },
          "connections": {
            "A": [ 361, 3, 4, 5 ],
            "B": [ 299, 300, 301, 302, "0", "0", "0", "0", "0", "0", "0", "0", "0", "0", "0", "0", "0", "0", "0", "0", "0", "0", "0", "0", "0", "0", "0", "0", "0", "0" ],
            "Y": [ 553, 554, 555, 556, 557, 558, 559, 560, 561, 562, 563, 564 ]
          }
        },
        "$not$designs/37/top.sv:42$65": {
          "hide_name": 1,
          "type": "$not",
          "parameters": {
            "A_SIGNED": "00000000000000000000000000000000",
            "A_WIDTH": "00000000000000000000000000011001",
            "Y_WIDTH": "00000000000000000000000000011001"
          },
          "attributes": {
            "src": "designs/37/top.sv:42.46-42.54"
          },
          "port_directions": {
            "A": "input",
            "Y": "output"
          },
          "connections": {
            "A": [ 183, 184, 185, 186, 187, 188, 189, 190, 191, 192, 193, 194, 195, 196, 197, 198, 199, 200, 201, 202, 203, 204, 205, 206, 207 ],
            "Y": [ 343, 344, 345, 524, 525, 526, 527, 528, 529, 530, 531, 532, 533, 534, 535, 536, 537, 538, 539, 540, 541, 542, 543, 544, 545 ]
          }
        },
        "$or$designs/37/top.sv:28$8": {
          "hide_name": 1,
          "type": "$or",
          "parameters": {
            "A_SIGNED": "00000000000000000000000000000000",
            "A_WIDTH": "00000000000000000000000000000100",
            "B_SIGNED": "00000000000000000000000000000000",
            "B_WIDTH": "00000000000000000000000000000100",
            "Y_WIDTH": "00000000000000000000000000000100"
          },
          "attributes": {
            "src": "designs/37/top.sv:28.40-28.63"
          },
          "port_directions": {
            "A": "input",
            "B": "input",
            "Y": "output"
          },
          "connections": {
            "A": [ 2, 3, 4, 5 ],
            "B": [ 2, 3, 4, 5 ],
            "Y": [ 565, 566, 567, 568 ]
          }
        },
        "$or$designs/37/top.sv:46$84": {
          "hide_name": 1,
          "type": "$or",
          "parameters": {
            "A_SIGNED": "00000000000000000000000000000000",
            "A_WIDTH": "00000000000000000000000000001100",
            "B_SIGNED": "00000000000000000000000000000000",
            "B_WIDTH": "00000000000000000000000000001100",
            "Y_WIDTH": "00000000000000000000000000001100"
          },
          "attributes": {
            "src": "designs/37/top.sv:46.27-46.121"
          },
          "port_directions": {
            "A": "input",
            "B": "input",
            "Y": "output"
          },
          "connections": {
            "A": [ 569, 570, 571, 572, 573, 574, 575, 576, 577, 578, 579, 580 ],
            "B": [ 183, 184, 185, 186, 187, 188, 189, 190, 191, 192, 193, 194 ],
            "Y": [ 6, 7, 8, 9, 10, 11, 12, 13, 14, 15, 16, 17 ]
          }
        },
        "$sub$designs/37/top.sv:27$2": {
          "hide_name": 1,
          "type": "$sub",
          "parameters": {
            "A_SIGNED": "00000000000000000000000000000000",
            "A_WIDTH": "00000000000000000000000000000100",
            "B_SIGNED": "00000000000000000000000000000000",
            "B_WIDTH": "00000000000000000000000000000100",
            "Y_WIDTH": "00000000000000000000000000000101"
          },
          "attributes": {
            "src": "designs/37/top.sv:27.68-27.102"
          },
          "port_directions": {
            "A": "input",
            "B": "input",
            "Y": "output"
          },
          "connections": {
            "A": [ 565, 566, 567, 568 ],
            "B": [ 2, 3, 4, 5 ],
            "Y": [ 385, 386, 387, 388, 389 ]
          }
        },
        "$sub$designs/37/top.sv:29$10": {
          "hide_name": 1,
          "type": "$sub",
          "parameters": {
            "A_SIGNED": "00000000000000000000000000000000",
            "A_WIDTH": "00000000000000000000000000000100",
            "B_SIGNED": "00000000000000000000000000000000",
            "B_WIDTH": "00000000000000000000000000000100",
            "Y_WIDTH": "00000000000000000000000000000101"
          },
          "attributes": {
            "src": "designs/37/top.sv:29.33-29.63"
          },
          "port_directions": {
            "A": "input",
            "B": "input",
            "Y": "output"
          },
          "connections": {
            "A": [ 2, 3, 4, 5 ],
            "B": [ 2, 3, 4, 5 ],
            "Y": [ 36, 37, 38, 39, 40 ]
          }
        },
        "$sub$designs/37/top.sv:30$13": {
          "hide_name": 1,
          "type": "$sub",
          "parameters": {
            "A_SIGNED": "00000000000000000000000000000000",
            "A_WIDTH": "00000000000000000000000000001101",
            "B_SIGNED": "00000000000000000000000000000000",
            "B_WIDTH": "00000000000000000000000000000100",
            "Y_WIDTH": "00000000000000000000000000001110"
          },
          "attributes": {
            "src": "designs/37/top.sv:30.45-30.80"
          },
          "port_directions": {
            "A": "input",
            "B": "input",
            "Y": "output"
          },
          "connections": {
            "A": [ 362, 363, 364, 365, "0", "0", "0", "0", "0", "0", "0", "0", "0" ],
            "B": [ 2, 3, 4, 5 ],
            "Y": [ 54, 55, 56, 57, 58, 59, 60, 61, 62, 63, 64, 65, 66, 67 ]
          }
        },
        "$sub$designs/37/top.sv:30$16": {
          "hide_name": 1,
          "type": "$sub",
          "parameters": {
            "A_SIGNED": "00000000000000000000000000000000",
            "A_WIDTH": "00000000000000000000000000011001",
            "B_SIGNED": "00000000000000000000000000000000",
            "B_WIDTH": "00000000000000000000000000001101",
            "Y_WIDTH": "00000000000000000000000000011001"
          },
          "attributes": {
            "src": "designs/37/top.sv:30.24-30.121"
          },
          "port_directions": {
            "A": "input",
            "B": "input",
            "Y": "output"
          },
          "connections": {
            "A": [ 366, 367, 368, 369, 370, 371, 372, 373, 374, 375, 376, 377, 378, 81, 82, 83, 84, 85, 86, 87, 88, 89, 90, 91, 92 ],
            "B": [ 41, 42, 43, 44, 45, 46, 47, 48, 49, 50, 51, 52, 53 ],
            "Y": [ 240, 241, 242, 243, 244, 245, 246, 247, 248, 249, 250, 251, 252, 412, 413, 414, 415, 416, 417, 418, 419, 420, 421, 422, 423 ]
          }
        },
        "$sub$designs/37/top.sv:31$22": {
          "hide_name": 1,
          "type": "$sub",
          "parameters": {
            "A_SIGNED": "00000000000000000000000000000000",
            "A_WIDTH": "00000000000000000000000000000110",
            "B_SIGNED": "00000000000000000000000000000000",
            "B_WIDTH": "00000000000000000000000000000100",
            "Y_WIDTH": "00000000000000000000000000000110"
          },
          "attributes": {
            "src": "designs/37/top.sv:31.22-31.113"
          },
          "port_directions": {
            "A": "input",
            "B": "input",
            "Y": "output"
          },
          "connections": {
            "A": [ 272, 273, 274, 437, 438, 439 ],
            "B": [ 2, 3, 4, 5 ],
            "Y": [ 93, 94, 95, 96, 97, 98 ]
          }
        },
        "$sub$designs/37/top.sv:32$28": {
          "hide_name": 1,
          "type": "$sub",
          "parameters": {
            "A_SIGNED": "00000000000000000000000000000000",
            "A_WIDTH": "00000000000000000000000000001001",
            "B_SIGNED": "00000000000000000000000000000000",
            "B_WIDTH": "00000000000000000000000000000100",
            "Y_WIDTH": "00000000000000000000000000001001"
          },
          "attributes": {
            "src": "designs/37/top.sv:32.22-32.149"
          },
          "port_directions": {
            "A": "input",
            "B": "input",
            "Y": "output"
          },
          "connections": {
            "A": [ 275, 276, 277, 278, "0", "0", "0", "0", "0" ],
            "B": [ 2, 3, 4, 5 ],
            "Y": [ 581, 582, 583, 584, 585, 586, 587, 588, 589 ]
          }
        },
        "$sub$designs/37/top.sv:33$29": {
          "hide_name": 1,
          "type": "$sub",
          "parameters": {
            "A_SIGNED": "00000000000000000000000000000000",
            "A_WIDTH": "00000000000000000000000000000100",
            "B_SIGNED": "00000000000000000000000000000000",
            "B_WIDTH": "00000000000000000000000000000011",
            "Y_WIDTH": "00000000000000000000000000000101"
          },
          "attributes": {
            "src": "designs/37/top.sv:33.22-33.41"
          },
          "port_directions": {
            "A": "input",
            "B": "input",
            "Y": "output"
          },
          "connections": {
            "A": [ 2, 3, 4, 5 ],
            "B": [ 269, 270, 271 ],
            "Y": [ 130, 131, 132, 133, 134 ]
          }
        },
        "$sub$designs/37/top.sv:34$31": {
          "hide_name": 1,
          "type": "$sub",
          "parameters": {
            "A_SIGNED": "00000000000000000000000000000000",
            "A_WIDTH": "00000000000000000000000000010000",
            "B_SIGNED": "00000000000000000000000000000000",
            "B_WIDTH": "00000000000000000000000000000100",
            "Y_WIDTH": "00000000000000000000000000010000"
          },
          "attributes": {
            "src": "designs/37/top.sv:34.44-34.78"
          },
          "port_directions": {
            "A": "input",
            "B": "input",
            "Y": "output"
          },
          "connections": {
            "A": [ 440, 441, 442, 443, 444, 445, 446, 447, 448, 449, 450, 451, 452, 453, 454, 455 ],
            "B": [ 2, 3, 4, 5 ],
            "Y": [ 279, 280, 281, 282, 590, 591, 592, 593, 594, 595, 596, 597, 598, 599, 600, 601 ]
          }
        },
        "$sub$designs/37/top.sv:36$50": {
          "hide_name": 1,
          "type": "$sub",
          "parameters": {
            "A_SIGNED": "00000000000000000000000000000000",
            "A_WIDTH": "00000000000000000000000000010101",
            "B_SIGNED": "00000000000000000000000000000000",
            "B_WIDTH": "00000000000000000000000000001110",
            "Y_WIDTH": "00000000000000000000000000010110"
          },
          "attributes": {
            "src": "designs/37/top.sv:36.24-36.83"
          },
          "port_directions": {
            "A": "input",
            "B": "input",
            "Y": "output"
          },
          "connections": {
            "A": [ 470, 471, 472, 473, 474, 475, 476, 477, 478, 479, 480, 481, 482, 483, 484, 485, 486, 487, 488, 489, 490 ],
            "B": [ 135, 136, 137, 138, 139, 140, 141, 142, 143, 144, 145, 146, 147, 148 ],
            "Y": [ 291, 292, 491, 492, 493, 494, 495, 496, 497, 498, 499, 500, 501, 502, 503, 504, 505, 506, 507, 508, 509, 510 ]
          }
        },
        "$sub$designs/37/top.sv:37$54": {
          "hide_name": 1,
          "type": "$sub",
          "parameters": {
            "A_SIGNED": "00000000000000000000000000000000",
            "A_WIDTH": "00000000000000000000000000001011",
            "B_SIGNED": "00000000000000000000000000000000",
            "B_WIDTH": "00000000000000000000000000001000",
            "Y_WIDTH": "00000000000000000000000000001100"
          },
          "attributes": {
            "src": "designs/37/top.sv:37.24-37.65"
          },
          "port_directions": {
            "A": "input",
            "B": "input",
            "Y": "output"
          },
          "connections": {
            "A": [ 513, 514, 515, 516, 517, 518, 519, 520, 521, 522, 523 ],
            "B": [ 141, 142, 143, 144, 145, 146, 147, 148 ],
            "Y": [ 295, 296, 297, 298, 602, 603, 604, 605, 606, 607, 608, 609 ]
          }
        },
        "$sub$designs/37/top.sv:40$62": {
          "hide_name": 1,
          "type": "$sub",
          "parameters": {
            "A_SIGNED": "00000000000000000000000000000000",
            "A_WIDTH": "00000000000000000000000000010000",
            "B_SIGNED": "00000000000000000000000000000000",
            "B_WIDTH": "00000000000000000000000000001001",
            "Y_WIDTH": "00000000000000000000000000010001"
          },
          "attributes": {
            "src": "designs/37/top.sv:40.24-40.107"
          },
          "port_directions": {
            "A": "input",
            "B": "input",
            "Y": "output"
          },
          "connections": {
            "A": [ 334, 335, 336, 337, 338, 339, 340, 341, 342, 134, 134, 134, 134, 134, 134, 134 ],
            "B": [ 581, 582, 583, 584, 585, 586, 587, 588, 589 ],
            "Y": [ 166, 167, 168, 169, 170, 171, 172, 173, 174, 175, 176, 177, 178, 179, 180, 181, 182 ]
          }
        },
        "$sub$designs/37/top.sv:46$83": {
          "hide_name": 1,
          "type": "$sub",
          "parameters": {
            "A_SIGNED": "00000000000000000000000000000000",
            "A_WIDTH": "00000000000000000000000000001100",
            "B_SIGNED": "00000000000000000000000000000000",
            "B_WIDTH": "00000000000000000000000000001100",
            "Y_WIDTH": "00000000000000000000000000001100"
          },
          "attributes": {
            "src": "designs/37/top.sv:46.36-46.109"
          },
          "port_directions": {
            "A": "input",
            "B": "input",
            "Y": "output"
          },
          "connections": {
            "A": [ 553, 554, 555, 556, 557, 558, 559, 560, 561, 562, 563, 564 ],
            "B": [ 355, 356, 357, 358, 359, 360, "0", "0", "0", "0", "0", "0" ],
            "Y": [ 569, 570, 571, 572, 573, 574, 575, 576, 577, 578, 579, 580 ]
          }
        },
        "$ternary$designs/37/top.sv:28$9": {
          "hide_name": 1,
          "type": "$mux",
          "parameters": {
            "WIDTH": "00000000000000000000000000001001"
          },
          "attributes": {
            "src": "designs/37/top.sv:28.21-28.83"
          },
          "port_directions": {
            "A": "input",
            "B": "input",
            "S": "input",
            "Y": "output"
          },
          "connections": {
            "A": [ 27, 28, 29, 30, 31, 32, 33, 34, 35 ],
            "B": [ 565, 566, 567, 568, "0", "0", "0", "0", "0" ],
            "S": [ 5 ],
            "Y": [ 325, 326, 327, 328, 329, 330, 331, 332, 333 ]
          }
        },
        "$xor$designs/37/top.sv:34$34": {
          "hide_name": 1,
          "type": "$xor",
          "parameters": {
            "A_SIGNED": "00000000000000000000000000000000",
            "A_WIDTH": "00000000000000000000000000001110",
            "B_SIGNED": "00000000000000000000000000000000",
            "B_WIDTH": "00000000000000000000000000001110",
            "Y_WIDTH": "00000000000000000000000000001110"
          },
          "attributes": {
            "src": "designs/37/top.sv:34.23-34.114"
          },
          "port_directions": {
            "A": "input",
            "B": "input",
            "Y": "output"
          },
          "connections": {
            "A": [ 456, 457, 458, 459, 460, 461, 462, 463, 464, 465, 466, 467, 468, 469 ],
            "B": [ 130, 131, 132, 133, 134, 134, 134, 134, 134, 134, 134, 134, 134, 134 ],
            "Y": [ 287, 288, 289, 290, 139, 140, 141, 142, 143, 144, 145, 146, 147, 148 ]
          }
        },
        "$xor$designs/37/top.sv:40$57": {
          "hide_name": 1,
          "type": "$xor",
          "parameters": {
            "A_SIGNED": "00000000000000000000000000000000",
            "A_WIDTH": "00000000000000000000000000001001",
            "B_SIGNED": "00000000000000000000000000000000",
            "B_WIDTH": "00000000000000000000000000001001",
            "Y_WIDTH": "00000000000000000000000000001001"
          },
          "attributes": {
            "src": "designs/37/top.sv:40.37-40.52"
          },
          "port_directions": {
            "A": "input",
            "B": "input",
            "Y": "output"
          },
          "connections": {
            "A": [ 325, 326, 327, 328, 329, 330, 331, 332, 333 ],
            "B": [ 581, 582, 583, 584, 585, 586, 587, 588, 589 ],
            "Y": [ 303, 304, 305, 306, 307, 308, 610, 611, 612 ]
          }
        }
      },
      "netnames": {
        "$add$designs/37/top.sv:30$14_Y": {
          "hide_name": 1,
          "bits": [ 68, 69, 70, 71, 72, 73, 74, 75, 76, 77, 78, 79, 80, 81, 82, 83, 84, 85, 86, 87, 88, 89, 90, 91, 92 ],
          "attributes": {
            "src": "designs/37/top.sv:30.44-30.99"
          }
        },
        "$add$designs/37/top.sv:32$23_Y": {
          "hide_name": 1,
          "bits": [ 99, 100, 101, 102, 103, 104, 105, 106, 107, 613, 614, 615, 616 ],
          "attributes": {
            "src": "designs/37/top.sv:32.65-32.80",
            "unused_bits": "9 10 11 12"
          }
        },
        "$add$designs/37/top.sv:32$25_Y": {
          "hide_name": 1,
          "bits": [ 112, 113, 114, 115, 116, 117, 118, 119, 120, 617, 618, 619, 620, 621, "0", "0", "0", "0", "0", "0", "0", "0", "0", "0", "0" ],
          "attributes": {
            "src": "designs/37/top.sv:32.43-32.106",
            "unused_bits": "9 10 11 12 13"
          }
        },
        "$add$designs/37/top.sv:32$26_Y": {
          "hide_name": 1,
          "bits": [ 121, 122, 123, 124, 125, 126, 127, 128, 129, 622, 623, 624, 625, 626, 627, "0", "0", "0", "0", "0", "0", "0", "0", "0", "0" ],
          "attributes": {
            "src": "designs/37/top.sv:32.42-32.116",
            "unused_bits": "4 5 6 7 8 9 10 11 12 13 14"
          }
        },
        "$add$designs/37/top.sv:36$48_Y": {
          "hide_name": 1,
          "bits": [ 149, 150, 151, 152, 153, 154, 155, 156, 157, 158, 159, 160, 161, 162, 163, 164, 165, "0", "0", "0", "0", "0", "0", "0", "0" ],
          "attributes": {
            "src": "designs/37/top.sv:36.36-36.62"
          }
        },
        "$add$designs/37/top.sv:42$69_Y": {
          "hide_name": 1,
          "bits": [ 214, 215, 216, 217, 218, 219, 220, 221, 222, 223, 224, 225, 226, 628, 629, 630, 631, 632, 633, 634, 635, 636, 637, 638, 639 ],
          "attributes": {
            "src": "designs/37/top.sv:42.25-42.90",
            "unused_bits": "13 14 15 16 17 18 19 20 21 22 23 24"
          }
        },
        "$add$designs/37/top.sv:42$70_Y": {
          "hide_name": 1,
          "bits": [ 227, 228, 229, 230, 231, 232, 233, 234, 235, 236, 237, 238, 239, 640, 641, 642, 643, 644, 645, 646, 647, 648, 649, 650, 651 ],
          "attributes": {
            "src": "designs/37/top.sv:42.24-42.100",
            "unused_bits": "6 7 8 9 10 11 12 13 14 15 16 17 18 19 20 21 22 23 24"
          }
        },
        "$and$designs/37/top.sv:30$12_Y": {
          "hide_name": 1,
          "bits": [ 362, 363, 364, 365, "0", "0", "0", "0", "0", "0", "0", "0", "0", "0", "0", "0", "0", "0", "0", "0", "0", "0", "0", "0", "0" ],
          "attributes": {
            "src": "designs/37/top.sv:30.46-30.70"
          }
        },
        "$and$designs/37/top.sv:32$27_Y": {
          "hide_name": 1,
          "bits": [ 275, 276, 277, 278, "0", "0", "0", "0", "0", 652, 653, 654, 655, 656, 657, "0", "0", "0", "0", "0", "0", "0", "0", "0", "0" ],
          "attributes": {
            "src": "designs/37/top.sv:32.31-32.132",
            "unused_bits": "9 10 11 12 13 14"
          }
        },
        "$and$designs/37/top.sv:34$32_Y": {
          "hide_name": 1,
          "bits": [ 283, 284, 285, 286, "0", "0", "0", "0", "0", "0", "0", "0", "0", "0", "0", "0" ],
          "attributes": {
            "src": "designs/37/top.sv:34.35-34.93"
          }
        },
        "$and$designs/37/top.sv:40$58_Y": {
          "hide_name": 1,
          "bits": [ 309, 310, 311, 312, 313, 314, "0", "0", "0", "0", "0", "0", "0", "0", "0", "0" ],
          "attributes": {
            "src": "designs/37/top.sv:40.36-40.62"
          }
        },
        "$and$designs/37/top.sv:42$68_Y": {
          "hide_name": 1,
          "bits": [ 208, 209, 210, 211, 212, 213, "0", "0", "0", "0", "0", "0", "0", 658, 659, 660, 661, 662, 663, 664, 665, 666, 667, 668, 669 ],
          "attributes": {
            "src": "designs/37/top.sv:42.26-42.80",
            "unused_bits": "13 14 15 16 17 18 19 20 21 22 23 24"
          }
        },
        "$auto$opt_expr.cc:205:group_cell_inputs$101": {
          "hide_name": 1,
          "bits": [ 412, 413, 414, 415, 416, 417, 418, 419, 420, 421, 422, 423 ],
          "attributes": {
          }
        },
        "$auto$opt_expr.cc:205:group_cell_inputs$102": {
          "hide_name": 1,
          "bits": [ 272, 273, 274 ],
          "attributes": {
          }
        },
        "$auto$opt_expr.cc:205:group_cell_inputs$104": {
          "hide_name": 1,
          "bits": [ 437, 438, 439 ],
          "attributes": {
          }
        },
        "$auto$opt_expr.cc:205:group_cell_inputs$105": {
          "hide_name": 1,
          "bits": [ 108, 109, 110, 111 ],
          "attributes": {
          }
        },
        "$auto$opt_expr.cc:205:group_cell_inputs$127": {
          "hide_name": 1,
          "bits": [ 293, 294 ],
          "attributes": {
          }
        },
        "$auto$opt_expr.cc:205:group_cell_inputs$129": {
          "hide_name": 1,
          "bits": [ 491, 492, 493, 494, 495, 496, 497, 498, 499, 500, 501, 502, 503, 504, 505, 506, 507, 508, 509, 510 ],
          "attributes": {
          }
        },
        "$auto$opt_expr.cc:205:group_cell_inputs$138": {
          "hide_name": 1,
          "bits": [ 315, 316, 317, 318, 323, 324, 134, 134, 134 ],
          "attributes": {
          }
        },
        "$auto$opt_expr.cc:205:group_cell_inputs$141": {
          "hide_name": 1,
          "bits": [ 319, 320, 321, 322 ],
          "attributes": {
          }
        },
        "$auto$opt_expr.cc:205:group_cell_inputs$144": {
          "hide_name": 1,
          "bits": [ 334, 335, 336, 337, 338, 339, 340, 341, 342 ],
          "attributes": {
          }
        },
        "$auto$opt_expr.cc:205:group_cell_inputs$147": {
          "hide_name": 1,
          "bits": [ 346, 347, 348 ],
          "attributes": {
          }
        },
        "$auto$opt_expr.cc:205:group_cell_inputs$149": {
          "hide_name": 1,
          "bits": [ 524, 525, 526, 527, 528, 529, 530, 531, 532, 533, 534, 535, 536, 537, 538, 539, 540, 541, 542, 543, 544, 545 ],
          "attributes": {
          }
        },
        "$auto$opt_expr.cc:205:group_cell_inputs$168": {
          "hide_name": 1,
          "bits": [ 361 ],
          "attributes": {
          }
        },
        "$auto$opt_expr.cc:205:group_cell_inputs$96": {
          "hide_name": 1,
          "bits": [ 366, 367, 368, 369, 370, 371, 372, 373, 374, 375, 376, 377, 378 ],
          "attributes": {
          }
        },
        "$auto$opt_expr.cc:205:group_cell_inputs$99": {
          "hide_name": 1,
          "bits": [ 253, 254, 255, 256, 257, 258, 259, 260, 261, 262, 263, 264, 265 ],
          "attributes": {
          }
        },
        "$auto$rtlil.cc:3334:Not$91": {
          "hide_name": 1,
          "bits": [ 382, 383, 384 ],
          "attributes": {
          }
        },
        "$auto$wreduce.cc:514:run$85": {
          "hide_name": 1,
          "bits": [ 569, 570, 571, 572, 573, 574, 575, 576, 577, 578, 579, 580, 670, 671, 672, 673, 674, 675, 676, 677, 678, 679, 680, 681, 682, 683, 684, 685, 686, 687 ],
          "attributes": {
            "src": "designs/37/top.sv:46.36-46.109",
            "unused_bits": "12 13 14 15 16 17 18 19 20 21 22 23 24 25 26 27 28 29"
          }
        },
        "$auto$wreduce.cc:514:run$86": {
          "hide_name": 1,
          "bits": [ 553, 554, 555, 556, 557, 558, 559, 560, 561, 562, 563, 564, 688, 689, 690, 691, 692, 693, 694, 695, 696, 697, 698, 699, 700, 701, 702, 703, 704, 705 ],
          "attributes": {
            "src": "designs/37/top.sv:46.37-46.98",
            "unused_bits": "12 13 14 15 16 17 18 19 20 21 22 23 24 25 26 27 28 29"
          }
        },
        "$mul$designs/37/top.sv:27$4_Y": {
          "hide_name": 1,
          "bits": [ 390, 391, 379, 392, 393, 380, 394, 381, 395, 396, 397, 398, 399, 400, 401, 402, 403, 404, 405, 406, 407, 408, 409, 410, 411 ],
          "attributes": {
            "src": "designs/37/top.sv:27.58-27.134"
          }
        },
        "$mul$designs/37/top.sv:27$6_Y": {
          "hide_name": 1,
          "bits": [ 18, 19, 20, 21, 22, 23, 24, 25, 26, 706, 707, 708, 709, 710, 711, 712, 713, 714, 715, 716, 717, 718, 719, 720, 721 ],
          "attributes": {
            "src": "designs/37/top.sv:27.38-27.160",
            "unused_bits": "9 10 11 12 13 14 15 16 17 18 19 20 21 22 23 24"
          }
        },
        "$mul$designs/37/top.sv:31$19_Y": {
          "hide_name": 1,
          "bits": [ 424, 425, 426, 427, 428, 429, 430, 431, 432, 433, 434, 435, 436 ],
          "attributes": {
            "src": "designs/37/top.sv:31.45-31.73"
          }
        },
        "$mul$designs/37/top.sv:31$20_Y": {
          "hide_name": 1,
          "bits": [ 266, 267, 268, 437, 438, 439, 722, 723, 724, 725, 726, 727, 728 ],
          "attributes": {
            "src": "designs/37/top.sv:31.44-31.87",
            "unused_bits": "6 7 8 9 10 11 12"
          }
        },
        "$mul$designs/37/top.sv:34$30_Y": {
          "hide_name": 1,
          "bits": [ 440, 441, 442, 443, 444, 445, 446, 447, 448, 449, 450, 451, 452, 453, 454, 455 ],
          "attributes": {
            "src": "designs/37/top.sv:34.45-34.64"
          }
        },
        "$mul$designs/37/top.sv:34$33_Y": {
          "hide_name": 1,
          "bits": [ 456, 457, 458, 459, 460, 461, 462, 463, 464, 465, 466, 467, 468, 469, 729, 730 ],
          "attributes": {
            "src": "designs/37/top.sv:34.34-34.103",
            "unused_bits": "14 15"
          }
        },
        "$mul$designs/37/top.sv:36$49_Y": {
          "hide_name": 1,
          "bits": [ 470, 471, 472, 473, 474, 475, 476, 477, 478, 479, 480, 481, 482, 483, 484, 485, 486, 487, 488, 489, 490, "0", "0", "0", "0" ],
          "attributes": {
            "src": "designs/37/top.sv:36.35-36.72"
          }
        },
        "$mul$designs/37/top.sv:37$53_Y": {
          "hide_name": 1,
          "bits": [ 513, 514, 515, 516, 517, 518, 519, 520, 521, 522, 523, "0", "0", "0", "0", "0", "0", "0", "0", "0", "0", "0", "0", "0", "0", "0", "0", "0", "0", "0" ],
          "attributes": {
            "src": "designs/37/top.sv:37.25-37.49"
          }
        },
        "$mul$designs/37/top.sv:42$67_Y": {
          "hide_name": 1,
          "bits": [ 349, 350, 351, 352, 353, 354, 546, 547, 548, 549, 550, 551, 552, 731, 732, 733, 734, 735, 736, 737, 738, 739, 740, 741, 742 ],
          "attributes": {
            "src": "designs/37/top.sv:42.35-42.69",
            "unused_bits": "6 7 8 9 10 11 12 13 14 15 16 17 18 19 20 21 22 23 24"
          }
        },
        "$not$designs/37/top.sv:42$65_Y": {
          "hide_name": 1,
          "bits": [ 343, 344, 345, 524, 525, 526, 527, 528, 529, 530, 531, 532, 533, 534, 535, 536, 537, 538, 539, 540, 541, 542, 543, 544, 545 ],
          "attributes": {
            "src": "designs/37/top.sv:42.46-42.54"
          }
        },
        "$or$designs/37/top.sv:27$1_Y": {
          "hide_name": 1,
          "bits": [ 565, 566, 567, 568, "0", "0", "0", "0", "0", "0", "0", "0", "0", "0", "0", "0", "0", "0", "0", "0", "0", "0", "0", "0", "0" ],
          "attributes": {
            "src": "designs/37/top.sv:27.69-27.92"
          }
        },
        "$sub$designs/37/top.sv:27$2_Y": {
          "hide_name": 1,
          "bits": [ 385, 386, 387, 388, 389, 389, 389, 389, 389, 389, 389, 389, 389, 389, 389, 389, 389, 389, 389, 389, 389, 389, 389, 389, 389 ],
          "attributes": {
            "src": "designs/37/top.sv:27.68-27.102"
          }
        },
        "$sub$designs/37/top.sv:29$10_Y": {
          "hide_name": 1,
          "bits": [ 36, 37, 38, 39, 40, 40, 40, 40, 40, 40, 40, 40, 40, 40, 40, 40, 40, 40, 40, 40, 40, 40, 40, 40, 40 ],
          "attributes": {
            "src": "designs/37/top.sv:29.33-29.63"
          }
        },
        "$sub$designs/37/top.sv:30$13_Y": {
          "hide_name": 1,
          "bits": [ 54, 55, 56, 57, 58, 59, 60, 61, 62, 63, 64, 65, 66, 67, 67, 67, 67, 67, 67, 67, 67, 67, 67, 67, 67 ],
          "attributes": {
            "src": "designs/37/top.sv:30.45-30.80"
          }
        },
        "$sub$designs/37/top.sv:30$16_Y": {
          "hide_name": 1,
          "bits": [ 240, 241, 242, 243, 244, 245, 246, 247, 248, 249, 250, 251, 252, 412, 413, 414, 415, 416, 417, 418, 419, 420, 421, 422, 423 ],
          "attributes": {
            "src": "designs/37/top.sv:30.24-30.121"
          }
        },
        "$sub$designs/37/top.sv:34$31_Y": {
          "hide_name": 1,
          "bits": [ 279, 280, 281, 282, 590, 591, 592, 593, 594, 595, 596, 597, 598, 599, 600, 601 ],
          "attributes": {
            "src": "designs/37/top.sv:34.44-34.78",
            "unused_bits": "4 5 6 7 8 9 10 11 12 13 14 15"
          }
        },
        "$sub$designs/37/top.sv:36$50_Y": {
          "hide_name": 1,
          "bits": [ 291, 292, 491, 492, 493, 494, 495, 496, 497, 498, 499, 500, 501, 502, 503, 504, 505, 506, 507, 508, 509, 510, 510, 510, 510 ],
          "attributes": {
            "src": "designs/37/top.sv:36.24-36.83"
          }
        },
        "$sub$designs/37/top.sv:37$54_Y": {
          "hide_name": 1,
          "bits": [ 295, 296, 297, 298, 602, 603, 604, 605, 606, 607, 608, 609, 609, 609, 609, 609, 609, 609, 609, 609, 609, 609, 609, 609, 609, 609, 609, 609, 609, 609 ],
          "attributes": {
            "src": "designs/37/top.sv:37.24-37.65",
            "unused_bits": "4 5 6 7 8 9 10 11 12 13 14 15 16 17 18 19 20 21 22 23 24 25 26 27 28 29"
          }
        },
        "$sub$designs/37/top.sv:40$62_Y": {
          "hide_name": 1,
          "bits": [ 166, 167, 168, 169, 170, 171, 172, 173, 174, 175, 176, 177, 178, 179, 180, 181, 182, 182, 182, 182, 182, 182, 182, 182, 182 ],
          "attributes": {
            "src": "designs/37/top.sv:40.24-40.107"
          }
        },
        "$xor$designs/37/top.sv:34$34_Y": {
          "hide_name": 1,
          "bits": [ 287, 288, 289, 290, 139, 140, 141, 142, 143, 144, 145, 146, 147, 148, 743, 744, "0", "0", "0", "0", "0", "0", "0", "0", "0" ],
          "attributes": {
            "src": "designs/37/top.sv:34.23-34.114",
            "unused_bits": "14 15"
          }
        },
        "$xor$designs/37/top.sv:40$57_Y": {
          "hide_name": 1,
          "bits": [ 303, 304, 305, 306, 307, 308, 610, 611, 612, "0", "0", "0", "0", "0", "0", "0" ],
          "attributes": {
            "src": "designs/37/top.sv:40.37-40.52",
            "unused_bits": "6 7 8"
          }
        },
        "expr_981951": {
          "hide_name": 0,
          "bits": [ 27, 28, 29, 30, 31, 32, 33, 34, 35, "x", "x", "x", "x", "x", "x", "x", "x", "x", "x", "x", "x", "x", "x", "x", "x", "x", "x", "x", "x", "x", "x" ],
          "attributes": {
            "src": "designs/37/top.sv:26.18-26.29"
          }
        },
        "input_data": {
          "hide_name": 0,
          "bits": [ 2, 3, 4, 5 ],
          "attributes": {
            "src": "designs/37/top.sv:2.17-2.27"
          }
        },
        "output_data": {
          "hide_name": 0,
          "bits": [ 6, 7, 8, 9, 10, 11, 12, 13, 14, 15, 16, 17 ],
          "attributes": {
            "src": "designs/37/top.sv:3.19-3.30"
          }
        },
        "temp_1": {
          "hide_name": 0,
          "bits": [ 325, 326, 327, 328, 329, 330, 331, 332, 333 ],
          "attributes": {
            "src": "designs/37/top.sv:7.17-7.23"
          }
        },
        "temp_10": {
          "hide_name": 0,
          "bits": [ 299, 300, 301, 302, "0", "0", "0", "0", "0", "0", "0", "0", "0", "0", "0", "0", "0", "0", "0", "0", "0", "0", "0", "0", "0", "0", "0", "0", "0", "0" ],
          "attributes": {
            "src": "designs/37/top.sv:16.18-16.25"
          }
        },
        "temp_13": {
          "hide_name": 0,
          "bits": [ 183, 184, 185, 186, 187, 188, 189, 190, 191, 192, 193, 194, 195, 196, 197, 198, 199, 200, 201, 202, 203, 204, 205, 206, 207 ],
          "attributes": {
            "src": "designs/37/top.sv:19.18-19.25"
          }
        },
        "temp_15": {
          "hide_name": 0,
          "bits": [ 355, 356, 357, 358, 359, 360, "0", "0", "0", "0", "0", "0", "0" ],
          "attributes": {
            "src": "designs/37/top.sv:21.18-21.25"
          }
        },
        "temp_2": {
          "hide_name": 0,
          "bits": [ 41, 42, 43, 44, 45, 46, 47, 48, 49, 50, 51, 52, 53 ],
          "attributes": {
            "src": "designs/37/top.sv:8.18-8.24"
          }
        },
        "temp_3": {
          "hide_name": 0,
          "bits": [ 269, 270, 271 ],
          "attributes": {
            "src": "designs/37/top.sv:9.17-9.23"
          }
        },
        "temp_4": {
          "hide_name": 0,
          "bits": [ 93, 94, 95, 96, 97, 98 ],
          "attributes": {
            "src": "designs/37/top.sv:10.17-10.23"
          }
        },
        "temp_5": {
          "hide_name": 0,
          "bits": [ 581, 582, 583, 584, 585, 586, 587, 588, 589 ],
          "attributes": {
            "src": "designs/37/top.sv:11.17-11.23"
          }
        },
        "temp_6": {
          "hide_name": 0,
          "bits": [ 130, 131, 132, 133, 134, 134, 134, 134, 134, 134, 134, 134, 134, 134, 134, 134 ],
          "attributes": {
            "src": "designs/37/top.sv:12.18-12.24"
          }
        },
        "temp_7": {
          "hide_name": 0,
          "bits": [ 135, 136, 137, 138, 139, 140, 141, 142, 143, 144, 145, 146, 147, 148 ],
          "attributes": {
            "src": "designs/37/top.sv:13.18-13.24"
          }
        },
        "temp_9": {
          "hide_name": 0,
          "bits": [ 511, 512 ],
          "attributes": {
            "src": "designs/37/top.sv:15.17-15.23"
          }
        }
      }
    }
  }
}
