{
  "creator": "Yosys 0.60 (git sha1 5bafeb77dc71e054fa331ab9efa613e6fb0a1c49, clang++ 17.0.0 -fPIC -O3)",
  "modules": {
    "top": {
      "attributes": {
        "top": "00000000000000000000000000000001",
        "src": "designs/151/top.sv:1.1-36.10"
      },
      "ports": {
        "input_data": {
          "direction": "input",
          "bits": [ 2, 3, 4 ]
        },
        "output_data": {
          "direction": "output",
          "bits": [ 5, 6, 7, 8, 9, 9, 9, 9, 9, 9, 9, 9, 9, 9, 9, 9, 9, 9, 9 ]
        }
      },
      "cells": {
        "$add$designs/151/top.sv:20$3": {
          "hide_name": 1,
          "type": "$add",
          "parameters": {
            "A_SIGNED": "00000000000000000000000000000000",
            "A_WIDTH": "00000000000000000000000000000011",
            "B_SIGNED": "00000000000000000000000000000000",
            "B_WIDTH": "00000000000000000000000000001001",
            "Y_WIDTH": "00000000000000000000000000001001"
          },
          "attributes": {
            "src": "designs/151/top.sv:20.47-20.66"
          },
          "port_directions": {
            "A": "input",
            "B": "input",
            "Y": "output"
          },
          "connections": {
            "A": [ 2, 3, 4 ],
            "B": [ 10, 11, 12, 13, 14, 15, 16, 17, 18 ],
            "Y": [ 19, 20, 21, 22, 23, 24, 25, 26, 27 ]
          }
        },
        "$auto$opt_expr.cc:276:group_cell_inputs$56": {
          "hide_name": 1,
          "type": "$xor",
          "parameters": {
            "A_SIGNED": "00000000000000000000000000000000",
            "A_WIDTH": "00000000000000000000000000000011",
            "B_SIGNED": "00000000000000000000000000000000",
            "B_WIDTH": "00000000000000000000000000000011",
            "Y_WIDTH": "00000000000000000000000000000011"
          },
          "attributes": {
          },
          "port_directions": {
            "A": "input",
            "B": "input",
            "Y": "output"
          },
          "connections": {
            "A": [ 28, 29, 30 ],
            "B": [ 2, 3, 4 ],
            "Y": [ 31, 32, 33 ]
          }
        },
        "$auto$opt_expr.cc:276:group_cell_inputs$76": {
          "hide_name": 1,
          "type": "$not",
          "parameters": {
            "A_SIGNED": "00000000000000000000000000000000",
            "A_WIDTH": "00000000000000000000000000000010",
            "Y_WIDTH": "00000000000000000000000000000010"
          },
          "attributes": {
          },
          "port_directions": {
            "A": "input",
            "Y": "output"
          },
          "connections": {
            "A": [ 2, 3 ],
            "Y": [ 34, 35 ]
          }
        },
        "$mul$designs/151/top.sv:19$2": {
          "hide_name": 1,
          "type": "$mul",
          "parameters": {
            "A_SIGNED": "00000000000000000000000000000000",
            "A_WIDTH": "00000000000000000000000000001000",
            "B_SIGNED": "00000000000000000000000000000000",
            "B_WIDTH": "00000000000000000000000000000011",
            "Y_WIDTH": "00000000000000000000000000001001"
          },
          "attributes": {
            "src": "designs/151/top.sv:19.22-19.56"
          },
          "port_directions": {
            "A": "input",
            "B": "input",
            "Y": "output"
          },
          "connections": {
            "A": [ 34, 35, 4, "0", "0", "1", "0", "1" ],
            "B": [ 2, 3, 4 ],
            "Y": [ 10, 11, 12, 13, 14, 15, 16, 17, 18 ]
          }
        },
        "$mul$designs/151/top.sv:20$4": {
          "hide_name": 1,
          "type": "$mul",
          "parameters": {
            "A_SIGNED": "00000000000000000000000000000000",
            "A_WIDTH": "00000000000000000000000000001001",
            "B_SIGNED": "00000000000000000000000000000000",
            "B_WIDTH": "00000000000000000000000000001001",
            "Y_WIDTH": "00000000000000000000000000001001"
          },
          "attributes": {
            "src": "designs/151/top.sv:20.46-20.76"
          },
          "port_directions": {
            "A": "input",
            "B": "input",
            "Y": "output"
          },
          "connections": {
            "A": [ 19, 20, 21, 22, 23, 24, 25, 26, 27 ],
            "B": [ 10, 11, 12, 13, 14, 15, 16, 17, 18 ],
            "Y": [ 36, 37, 38, 39, 40, 41, 42, 43, 44 ]
          }
        },
        "$mul$designs/151/top.sv:20$5": {
          "hide_name": 1,
          "type": "$mul",
          "parameters": {
            "A_SIGNED": "00000000000000000000000000000000",
            "A_WIDTH": "00000000000000000000000000001001",
            "B_SIGNED": "00000000000000000000000000000000",
            "B_WIDTH": "00000000000000000000000000000011",
            "Y_WIDTH": "00000000000000000000000000001001"
          },
          "attributes": {
            "src": "designs/151/top.sv:20.45-20.90"
          },
          "port_directions": {
            "A": "input",
            "B": "input",
            "Y": "output"
          },
          "connections": {
            "A": [ 36, 37, 38, 39, 40, 41, 42, 43, 44 ],
            "B": [ 2, 3, 4 ],
            "Y": [ 45, 46, 47, 48, 49, 50, 51, 52, 53 ]
          }
        },
        "$mul$designs/151/top.sv:21$10": {
          "hide_name": 1,
          "type": "$mul",
          "parameters": {
            "A_SIGNED": "00000000000000000000000000000000",
            "A_WIDTH": "00000000000000000000000000001001",
            "B_SIGNED": "00000000000000000000000000000000",
            "B_WIDTH": "00000000000000000000000000001001",
            "Y_WIDTH": "00000000000000000000000000001001"
          },
          "attributes": {
            "src": "designs/151/top.sv:21.34-21.64"
          },
          "port_directions": {
            "A": "input",
            "B": "input",
            "Y": "output"
          },
          "connections": {
            "A": [ 54, 55, 56, 57, 58, 59, 60, 61, 62 ],
            "B": [ 10, 11, 12, 13, 14, 15, 16, 17, 18 ],
            "Y": [ 28, 29, 30, 63, 64, 65, 66, 67, 68 ]
          }
        },
        "$mul$designs/151/top.sv:22$13": {
          "hide_name": 1,
          "type": "$mul",
          "parameters": {
            "A_SIGNED": "00000000000000000000000000000000",
            "A_WIDTH": "00000000000000000000000000001001",
            "B_SIGNED": "00000000000000000000000000000000",
            "B_WIDTH": "00000000000000000000000000010110",
            "Y_WIDTH": "00000000000000000000000000011111"
          },
          "attributes": {
            "src": "designs/151/top.sv:22.35-22.56"
          },
          "port_directions": {
            "A": "input",
            "B": "input",
            "Y": "output"
          },
          "connections": {
            "A": [ 69, 70, 71, 72, 73, 74, 75, 76, 77 ],
            "B": [ 78, 79, 80, 81, 82, 83, 84, 85, 85, 85, 85, 85, 85, 85, 85, 85, 85, 85, 85, 85, 85, 85 ],
            "Y": [ 86, 87, 88, 89, 90, 91, 92, 93, 94, 95, 96, 97, 98, 99, 100, 101, 102, 103, 104, 105, 106, 107, 108, 109, 110, 111, 112, 113, 114, 115, 116 ]
          }
        },
        "$mul$designs/151/top.sv:22$14": {
          "hide_name": 1,
          "type": "$mul",
          "parameters": {
            "A_SIGNED": "00000000000000000000000000000000",
            "A_WIDTH": "00000000000000000000000000011111",
            "B_SIGNED": "00000000000000000000000000000000",
            "B_WIDTH": "00000000000000000000000000011000",
            "Y_WIDTH": "00000000000000000000000000011111"
          },
          "attributes": {
            "src": "designs/151/top.sv:22.34-22.66"
          },
          "port_directions": {
            "A": "input",
            "B": "input",
            "Y": "output"
          },
          "connections": {
            "A": [ 86, 87, 88, 89, 90, 91, 92, 93, 94, 95, 96, 97, 98, 99, 100, 101, 102, 103, 104, 105, 106, 107, 108, 109, 110, 111, 112, 113, 114, 115, 116 ],
            "B": [ 117, 118, 78, 79, 80, 81, 82, 83, 84, 85, 85, 85, 85, 85, 85, 85, 85, 85, 85, 85, 85, 85, 85, 85 ],
            "Y": [ 119, 120, 121, 122, 123, 124, 125, 126, 127, 128, 129, 130, 131, 132, 133, 134, 135, 136, 137, 138, 139, 140, 141, 142, 143, 144, 145, 146, 147, 148, 149 ]
          }
        },
        "$mul$designs/151/top.sv:22$15": {
          "hide_name": 1,
          "type": "$mul",
          "parameters": {
            "A_SIGNED": "00000000000000000000000000000000",
            "A_WIDTH": "00000000000000000000000000011111",
            "B_SIGNED": "00000000000000000000000000000000",
            "B_WIDTH": "00000000000000000000000000000011",
            "Y_WIDTH": "00000000000000000000000000000101"
          },
          "attributes": {
            "src": "designs/151/top.sv:22.33-22.80"
          },
          "port_directions": {
            "A": "input",
            "B": "input",
            "Y": "output"
          },
          "connections": {
            "A": [ 119, 120, 121, 122, 123, 124, 125, 126, 127, 128, 129, 130, 131, 132, 133, 134, 135, 136, 137, 138, 139, 140, 141, 142, 143, 144, 145, 146, 147, 148, 149 ],
            "B": [ 2, 3, 4 ],
            "Y": [ 150, 151, 152, 153, 154 ]
          }
        },
        "$or$designs/151/top.sv:20$7": {
          "hide_name": 1,
          "type": "$or",
          "parameters": {
            "A_SIGNED": "00000000000000000000000000000000",
            "A_WIDTH": "00000000000000000000000000001001",
            "B_SIGNED": "00000000000000000000000000000000",
            "B_WIDTH": "00000000000000000000000000001001",
            "Y_WIDTH": "00000000000000000000000000001001"
          },
          "attributes": {
            "src": "designs/151/top.sv:20.33-20.120"
          },
          "port_directions": {
            "A": "input",
            "B": "input",
            "Y": "output"
          },
          "connections": {
            "A": [ 155, 156, 157, 158, 159, 160, 161, 162, 163 ],
            "B": [ 10, 11, 12, 13, 14, 15, 16, 17, 18 ],
            "Y": [ 164, 165, 166, 167, 168, 169, 170, 171, 172 ]
          }
        },
        "$or$designs/151/top.sv:21$12": {
          "hide_name": 1,
          "type": "$or",
          "parameters": {
            "A_SIGNED": "00000000000000000000000000000000",
            "A_WIDTH": "00000000000000000000000000001001",
            "B_SIGNED": "00000000000000000000000000000000",
            "B_WIDTH": "00000000000000000000000000001001",
            "Y_WIDTH": "00000000000000000000000000001001"
          },
          "attributes": {
            "src": "designs/151/top.sv:21.32-21.88"
          },
          "port_directions": {
            "A": "input",
            "B": "input",
            "Y": "output"
          },
          "connections": {
            "A": [ 31, 32, 33, 63, 64, 65, 66, 67, 68 ],
            "B": [ 10, 11, 12, 13, 14, 15, 16, 17, 18 ],
            "Y": [ 69, 70, 71, 72, 73, 74, 75, 76, 77 ]
          }
        },
        "$or$designs/151/top.sv:22$16": {
          "hide_name": 1,
          "type": "$or",
          "parameters": {
            "A_SIGNED": "00000000000000000000000000000000",
            "A_WIDTH": "00000000000000000000000000000101",
            "B_SIGNED": "00000000000000000000000000000000",
            "B_WIDTH": "00000000000000000000000000000101",
            "Y_WIDTH": "00000000000000000000000000000101"
          },
          "attributes": {
            "src": "designs/151/top.sv:22.32-22.90"
          },
          "port_directions": {
            "A": "input",
            "B": "input",
            "Y": "output"
          },
          "connections": {
            "A": [ 150, 151, 152, 153, 154 ],
            "B": [ 10, 11, 12, 13, 14 ],
            "Y": [ 173, 174, 175, 176, 177 ]
          }
        },
        "$sub$designs/151/top.sv:20$6": {
          "hide_name": 1,
          "type": "$sub",
          "parameters": {
            "A_SIGNED": "00000000000000000000000000000000",
            "A_WIDTH": "00000000000000000000000000001001",
            "B_SIGNED": "00000000000000000000000000000000",
            "B_WIDTH": "00000000000000000000000000000011",
            "Y_WIDTH": "00000000000000000000000000001001"
          },
          "attributes": {
            "src": "designs/151/top.sv:20.44-20.104"
          },
          "port_directions": {
            "A": "input",
            "B": "input",
            "Y": "output"
          },
          "connections": {
            "A": [ 45, 46, 47, 48, 49, 50, 51, 52, 53 ],
            "B": [ 2, 3, 4 ],
            "Y": [ 155, 156, 157, 158, 159, 160, 161, 162, 163 ]
          }
        },
        "$sub$designs/151/top.sv:20$8": {
          "hide_name": 1,
          "type": "$sub",
          "parameters": {
            "A_SIGNED": "00000000000000000000000000000000",
            "A_WIDTH": "00000000000000000000000000001001",
            "B_SIGNED": "00000000000000000000000000000000",
            "B_WIDTH": "00000000000000000000000000001001",
            "Y_WIDTH": "00000000000000000000000000001010"
          },
          "attributes": {
            "src": "designs/151/top.sv:20.22-20.131"
          },
          "port_directions": {
            "A": "input",
            "B": "input",
            "Y": "output"
          },
          "connections": {
            "A": [ 164, 165, 166, 167, 168, 169, 170, 171, 172 ],
            "B": [ 10, 11, 12, 13, 14, 15, 16, 17, 18 ],
            "Y": [ 117, 118, 78, 79, 80, 81, 82, 83, 84, 85 ]
          }
        },
        "$sub$designs/151/top.sv:21$9": {
          "hide_name": 1,
          "type": "$sub",
          "parameters": {
            "A_SIGNED": "00000000000000000000000000000000",
            "A_WIDTH": "00000000000000000000000000001001",
            "B_SIGNED": "00000000000000000000000000000000",
            "B_WIDTH": "00000000000000000000000000000011",
            "Y_WIDTH": "00000000000000000000000000001001"
          },
          "attributes": {
            "src": "designs/151/top.sv:21.35-21.54"
          },
          "port_directions": {
            "A": "input",
            "B": "input",
            "Y": "output"
          },
          "connections": {
            "A": [ 10, 11, 12, 13, 14, 15, 16, 17, 18 ],
            "B": [ 2, 3, 4 ],
            "Y": [ 54, 55, 56, 57, 58, 59, 60, 61, 62 ]
          }
        },
        "$sub$designs/151/top.sv:22$17": {
          "hide_name": 1,
          "type": "$sub",
          "parameters": {
            "A_SIGNED": "00000000000000000000000000000000",
            "A_WIDTH": "00000000000000000000000000000101",
            "B_SIGNED": "00000000000000000000000000000000",
            "B_WIDTH": "00000000000000000000000000000101",
            "Y_WIDTH": "00000000000000000000000000000101"
          },
          "attributes": {
            "src": "designs/151/top.sv:22.31-22.100"
          },
          "port_directions": {
            "A": "input",
            "B": "input",
            "Y": "output"
          },
          "connections": {
            "A": [ 173, 174, 175, 176, 177 ],
            "B": [ 69, 70, 71, 72, 73 ],
            "Y": [ 178, 179, 180, 181, 182 ]
          }
        },
        "$sub$designs/151/top.sv:22$18": {
          "hide_name": 1,
          "type": "$sub",
          "parameters": {
            "A_SIGNED": "00000000000000000000000000000000",
            "A_WIDTH": "00000000000000000000000000000101",
            "B_SIGNED": "00000000000000000000000000000000",
            "B_WIDTH": "00000000000000000000000000000101",
            "Y_WIDTH": "00000000000000000000000000000101"
          },
          "attributes": {
            "src": "designs/151/top.sv:22.30-22.115"
          },
          "port_directions": {
            "A": "input",
            "B": "input",
            "Y": "output"
          },
          "connections": {
            "A": [ 178, 179, 180, 181, 182 ],
            "B": [ 10, 11, 12, 13, 14 ],
            "Y": [ 5, 6, 7, 8, 9 ]
          }
        }
      },
      "netnames": {
        "$add$designs/151/top.sv:20$3_Y": {
          "hide_name": 1,
          "bits": [ 19, 20, 21, 22, 23, 24, 25, 26, 27 ],
          "attributes": {
            "src": "designs/151/top.sv:20.47-20.66"
          }
        },
        "$auto$opt_expr.cc:205:group_cell_inputs$55": {
          "hide_name": 1,
          "bits": [ 31, 32, 33 ],
          "attributes": {
          }
        },
        "$auto$opt_expr.cc:205:group_cell_inputs$57": {
          "hide_name": 1,
          "bits": [ 63, 64, 65, 66, 67, 68 ],
          "attributes": {
          }
        },
        "$auto$opt_expr.cc:205:group_cell_inputs$75": {
          "hide_name": 1,
          "bits": [ 34, 35 ],
          "attributes": {
          }
        },
        "$auto$wreduce.cc:514:run$51": {
          "hide_name": 1,
          "bits": [ 178, 179, 180, 181, 182, 183, 184, 185, 186, 187, 188, 189, 190, 191, 192, 193, 194, 195, 196, 197, 198, 199, 200, 201, 202, 203, 204, 205, 206, 207, 208 ],
          "attributes": {
            "src": "designs/151/top.sv:22.31-22.100",
            "unused_bits": "5 6 7 8 9 10 11 12 13 14 15 16 17 18 19 20 21 22 23 24 25 26 27 28 29 30"
          }
        },
        "$auto$wreduce.cc:514:run$52": {
          "hide_name": 1,
          "bits": [ 173, 174, 175, 176, 177, 209, 210, 211, 212, 213, 214, 215, 216, 217, 218, 219, 220, 221, 222, 223, 224, 225, 226, 227, 228, 229, 230, 231, 232, 233, 234 ],
          "attributes": {
            "src": "designs/151/top.sv:22.32-22.90",
            "unused_bits": "5 6 7 8 9 10 11 12 13 14 15 16 17 18 19 20 21 22 23 24 25 26 27 28 29 30"
          }
        },
        "$mul$designs/151/top.sv:20$4_Y": {
          "hide_name": 1,
          "bits": [ 36, 37, 38, 39, 40, 41, 42, 43, 44 ],
          "attributes": {
            "src": "designs/151/top.sv:20.46-20.76"
          }
        },
        "$mul$designs/151/top.sv:20$5_Y": {
          "hide_name": 1,
          "bits": [ 45, 46, 47, 48, 49, 50, 51, 52, 53 ],
          "attributes": {
            "src": "designs/151/top.sv:20.45-20.90"
          }
        },
        "$mul$designs/151/top.sv:21$10_Y": {
          "hide_name": 1,
          "bits": [ 28, 29, 30, 63, 64, 65, 66, 67, 68 ],
          "attributes": {
            "src": "designs/151/top.sv:21.34-21.64"
          }
        },
        "$mul$designs/151/top.sv:22$13_Y": {
          "hide_name": 1,
          "bits": [ 86, 87, 88, 89, 90, 91, 92, 93, 94, 95, 96, 97, 98, 99, 100, 101, 102, 103, 104, 105, 106, 107, 108, 109, 110, 111, 112, 113, 114, 115, 116 ],
          "attributes": {
            "src": "designs/151/top.sv:22.35-22.56"
          }
        },
        "$mul$designs/151/top.sv:22$14_Y": {
          "hide_name": 1,
          "bits": [ 119, 120, 121, 122, 123, 124, 125, 126, 127, 128, 129, 130, 131, 132, 133, 134, 135, 136, 137, 138, 139, 140, 141, 142, 143, 144, 145, 146, 147, 148, 149 ],
          "attributes": {
            "src": "designs/151/top.sv:22.34-22.66"
          }
        },
        "$mul$designs/151/top.sv:22$15_Y": {
          "hide_name": 1,
          "bits": [ 150, 151, 152, 153, 154, 235, 236, 237, 238, 239, 240, 241, 242, 243, 244, 245, 246, 247, 248, 249, 250, 251, 252, 253, 254, 255, 256, 257, 258, 259, 260 ],
          "attributes": {
            "src": "designs/151/top.sv:22.33-22.80",
            "unused_bits": "5 6 7 8 9 10 11 12 13 14 15 16 17 18 19 20 21 22 23 24 25 26 27 28 29 30"
          }
        },
        "$or$designs/151/top.sv:20$7_Y": {
          "hide_name": 1,
          "bits": [ 164, 165, 166, 167, 168, 169, 170, 171, 172 ],
          "attributes": {
            "src": "designs/151/top.sv:20.33-20.120"
          }
        },
        "$sub$designs/151/top.sv:20$6_Y": {
          "hide_name": 1,
          "bits": [ 155, 156, 157, 158, 159, 160, 161, 162, 163 ],
          "attributes": {
            "src": "designs/151/top.sv:20.44-20.104"
          }
        },
        "$sub$designs/151/top.sv:21$9_Y": {
          "hide_name": 1,
          "bits": [ 54, 55, 56, 57, 58, 59, 60, 61, 62 ],
          "attributes": {
            "src": "designs/151/top.sv:21.35-21.54"
          }
        },
        "input_data": {
          "hide_name": 0,
          "bits": [ 2, 3, 4 ],
          "attributes": {
            "src": "designs/151/top.sv:2.17-2.27"
          }
        },
        "output_data": {
          "hide_name": 0,
          "bits": [ 5, 6, 7, 8, 9, 9, 9, 9, 9, 9, 9, 9, 9, 9, 9, 9, 9, 9, 9 ],
          "attributes": {
            "src": "designs/151/top.sv:3.19-3.30"
          }
        },
        "temp_0": {
          "hide_name": 0,
          "bits": [ 10, 11, 12, 13, 14, 15, 16, 17, 18 ],
          "attributes": {
            "src": "designs/151/top.sv:6.17-6.23"
          }
        },
        "temp_1": {
          "hide_name": 0,
          "bits": [ 117, 118, 78, 79, 80, 81, 82, 83, 84, 85, 85, 85, 85, 85, 85, 85, 85, 85, 85, 85, 85, 85, 85, 85 ],
          "attributes": {
            "src": "designs/151/top.sv:7.18-7.24"
          }
        },
        "temp_2": {
          "hide_name": 0,
          "bits": [ 69, 70, 71, 72, 73, 74, 75, 76, 77, "0", "0", "0", "0", "0", "0", "0", "0", "0", "0", "0", "0", "0", "0", "0", "0", "0", "0", "0", "0", "0", "0" ],
          "attributes": {
            "src": "designs/151/top.sv:8.18-8.24"
          }
        },
        "temp_3": {
          "hide_name": 0,
          "bits": [ 5, 6, 7, 8, 9 ],
          "attributes": {
            "src": "designs/151/top.sv:9.17-9.23"
          }
        }
      }
    }
  }
}
