{
  "creator": "Yosys 0.60 (git sha1 5bafeb77dc71e054fa331ab9efa613e6fb0a1c49, clang++ 17.0.0 -fPIC -O3)",
  "modules": {
    "top": {
      "attributes": {
        "top": "00000000000000000000000000000001",
        "src": "designs/7/top.sv:1.1-36.10"
      },
      "ports": {
        "input_data": {
          "direction": "input",
          "bits": [ 2, 3, 4, 5, 6, 7, 8, 9, 10, 11, 12, 13 ]
        },
        "output_data": {
          "direction": "output",
          "bits": [ 14, 15, 16 ]
        }
      },
      "cells": {
        "$add$designs/7/top.sv:18$2": {
          "hide_name": 1,
          "type": "$add",
          "parameters": {
            "A_SIGNED": "00000000000000000000000000000000",
            "A_WIDTH": "00000000000000000000000000100000",
            "B_SIGNED": "00000000000000000000000000000000",
            "B_WIDTH": "00000000000000000000000000001100",
            "Y_WIDTH": "00000000000000000000000000100000"
          },
          "attributes": {
            "src": "designs/7/top.sv:18.31-18.73"
          },
          "port_directions": {
            "A": "input",
            "B": "input",
            "Y": "output"
          },
          "connections": {
            "A": [ 2, 17, 4, 18, 6, 19, 20, 9, 10, 21, 22, 13, "0", "1", "1", "0", "0", "0", "0", "1", "1", "0", "0", "1", "0", "1", "0", "1", "1", "1", "0", "1" ],
            "B": [ 2, 3, 4, 5, 6, 7, 8, 9, 10, 11, 12, 13 ],
            "Y": [ 23, 24, 25, 26, 27, 28, 29, 30, 31, 32, 33, 34, 35, 36, 37, 38, 39, 40, 41, 42, 43, 44, 45, 46, 47, 48, 49, 50, 51, 52, 53, 54 ]
          }
        },
        "$add$designs/7/top.sv:18$3": {
          "hide_name": 1,
          "type": "$add",
          "parameters": {
            "A_SIGNED": "00000000000000000000000000000000",
            "A_WIDTH": "00000000000000000000000000100000",
            "B_SIGNED": "00000000000000000000000000000000",
            "B_WIDTH": "00000000000000000000000000001100",
            "Y_WIDTH": "00000000000000000000000000100000"
          },
          "attributes": {
            "src": "designs/7/top.sv:18.22-18.88"
          },
          "port_directions": {
            "A": "input",
            "B": "input",
            "Y": "output"
          },
          "connections": {
            "A": [ 23, 24, 25, 26, 27, 28, 29, 30, 31, 32, 33, 34, 35, 36, 37, 38, 39, 40, 41, 42, 43, 44, 45, 46, 47, 48, 49, 50, 51, 52, 53, 54 ],
            "B": [ 2, 3, 4, 5, 6, 7, 8, 9, 10, 11, 12, 13 ],
            "Y": [ 55, 56, 57, 58, 59, 60, 61, 62, 63, 64, 65, 66, 67, 68, 69, 70, 71, 72, 73, 74, 75, 76, 77, 78, 79, 80, 81, 82, 83, 84, 85, 86 ]
          }
        },
        "$add$designs/7/top.sv:20$5": {
          "hide_name": 1,
          "type": "$add",
          "parameters": {
            "A_SIGNED": "00000000000000000000000000000000",
            "A_WIDTH": "00000000000000000000000000000011",
            "B_SIGNED": "00000000000000000000000000000000",
            "B_WIDTH": "00000000000000000000000000000011",
            "Y_WIDTH": "00000000000000000000000000000011"
          },
          "attributes": {
            "src": "designs/7/top.sv:20.34-20.65"
          },
          "port_directions": {
            "A": "input",
            "B": "input",
            "Y": "output"
          },
          "connections": {
            "A": [ 10, 11, 12 ],
            "B": [ 55, 56, 57 ],
            "Y": [ 87, 88, 89 ]
          }
        },
        "$add$designs/7/top.sv:21$9": {
          "hide_name": 1,
          "type": "$add",
          "parameters": {
            "A_SIGNED": "00000000000000000000000000000000",
            "A_WIDTH": "00000000000000000000000000000001",
            "B_SIGNED": "00000000000000000000000000000000",
            "B_WIDTH": "00000000000000000000000000000001",
            "Y_WIDTH": "00000000000000000000000000000001"
          },
          "attributes": {
            "src": "designs/7/top.sv:21.23-21.69"
          },
          "port_directions": {
            "A": "input",
            "B": "input",
            "Y": "output"
          },
          "connections": {
            "A": [ 90 ],
            "B": [ 55 ],
            "Y": [ 91 ]
          }
        },
        "$and$designs/7/top.sv:29$23": {
          "hide_name": 1,
          "type": "$and",
          "parameters": {
            "A_SIGNED": "00000000000000000000000000000000",
            "A_WIDTH": "00000000000000000000000000000010",
            "B_SIGNED": "00000000000000000000000000000000",
            "B_WIDTH": "00000000000000000000000000000010",
            "Y_WIDTH": "00000000000000000000000000000010"
          },
          "attributes": {
            "src": "designs/7/top.sv:29.38-29.78"
          },
          "port_directions": {
            "A": "input",
            "B": "input",
            "Y": "output"
          },
          "connections": {
            "A": [ 92, 93 ],
            "B": [ 94, 95 ],
            "Y": [ 96, 97 ]
          }
        },
        "$auto$opt_expr.cc:250:group_cell_inputs$100": {
          "hide_name": 1,
          "type": "$not",
          "parameters": {
            "A_SIGNED": "00000000000000000000000000000000",
            "A_WIDTH": "00000000000000000000000000000001",
            "Y_WIDTH": "00000000000000000000000000000001"
          },
          "attributes": {
          },
          "port_directions": {
            "A": "input",
            "Y": "output"
          },
          "connections": {
            "A": [ 98 ],
            "Y": [ 99 ]
          }
        },
        "$auto$opt_expr.cc:250:group_cell_inputs$102": {
          "hide_name": 1,
          "type": "$not",
          "parameters": {
            "A_SIGNED": "00000000000000000000000000000000",
            "A_WIDTH": "00000000000000000000000000000001",
            "Y_WIDTH": "00000000000000000000000000000001"
          },
          "attributes": {
          },
          "port_directions": {
            "A": "input",
            "Y": "output"
          },
          "connections": {
            "A": [ 100 ],
            "Y": [ 101 ]
          }
        },
        "$auto$opt_expr.cc:250:group_cell_inputs$104": {
          "hide_name": 1,
          "type": "$not",
          "parameters": {
            "A_SIGNED": "00000000000000000000000000000000",
            "A_WIDTH": "00000000000000000000000000000001",
            "Y_WIDTH": "00000000000000000000000000000001"
          },
          "attributes": {
          },
          "port_directions": {
            "A": "input",
            "Y": "output"
          },
          "connections": {
            "A": [ 102 ],
            "Y": [ 103 ]
          }
        },
        "$auto$opt_expr.cc:250:group_cell_inputs$106": {
          "hide_name": 1,
          "type": "$not",
          "parameters": {
            "A_SIGNED": "00000000000000000000000000000000",
            "A_WIDTH": "00000000000000000000000000000001",
            "Y_WIDTH": "00000000000000000000000000000001"
          },
          "attributes": {
          },
          "port_directions": {
            "A": "input",
            "Y": "output"
          },
          "connections": {
            "A": [ 104 ],
            "Y": [ 105 ]
          }
        },
        "$auto$opt_expr.cc:250:group_cell_inputs$108": {
          "hide_name": 1,
          "type": "$not",
          "parameters": {
            "A_SIGNED": "00000000000000000000000000000000",
            "A_WIDTH": "00000000000000000000000000000001",
            "Y_WIDTH": "00000000000000000000000000000001"
          },
          "attributes": {
          },
          "port_directions": {
            "A": "input",
            "Y": "output"
          },
          "connections": {
            "A": [ 106 ],
            "Y": [ 107 ]
          }
        },
        "$auto$opt_expr.cc:250:group_cell_inputs$110": {
          "hide_name": 1,
          "type": "$not",
          "parameters": {
            "A_SIGNED": "00000000000000000000000000000000",
            "A_WIDTH": "00000000000000000000000000000001",
            "Y_WIDTH": "00000000000000000000000000000001"
          },
          "attributes": {
          },
          "port_directions": {
            "A": "input",
            "Y": "output"
          },
          "connections": {
            "A": [ 108 ],
            "Y": [ 109 ]
          }
        },
        "$auto$opt_expr.cc:250:group_cell_inputs$112": {
          "hide_name": 1,
          "type": "$not",
          "parameters": {
            "A_SIGNED": "00000000000000000000000000000000",
            "A_WIDTH": "00000000000000000000000000000001",
            "Y_WIDTH": "00000000000000000000000000000001"
          },
          "attributes": {
          },
          "port_directions": {
            "A": "input",
            "Y": "output"
          },
          "connections": {
            "A": [ 110 ],
            "Y": [ 111 ]
          }
        },
        "$auto$opt_expr.cc:250:group_cell_inputs$80": {
          "hide_name": 1,
          "type": "$not",
          "parameters": {
            "A_SIGNED": "00000000000000000000000000000000",
            "A_WIDTH": "00000000000000000000000000000001",
            "Y_WIDTH": "00000000000000000000000000000001"
          },
          "attributes": {
          },
          "port_directions": {
            "A": "input",
            "Y": "output"
          },
          "connections": {
            "A": [ 112 ],
            "Y": [ 113 ]
          }
        },
        "$auto$opt_expr.cc:250:group_cell_inputs$82": {
          "hide_name": 1,
          "type": "$not",
          "parameters": {
            "A_SIGNED": "00000000000000000000000000000000",
            "A_WIDTH": "00000000000000000000000000000001",
            "Y_WIDTH": "00000000000000000000000000000001"
          },
          "attributes": {
          },
          "port_directions": {
            "A": "input",
            "Y": "output"
          },
          "connections": {
            "A": [ 114 ],
            "Y": [ 115 ]
          }
        },
        "$auto$opt_expr.cc:250:group_cell_inputs$84": {
          "hide_name": 1,
          "type": "$not",
          "parameters": {
            "A_SIGNED": "00000000000000000000000000000000",
            "A_WIDTH": "00000000000000000000000000000001",
            "Y_WIDTH": "00000000000000000000000000000001"
          },
          "attributes": {
          },
          "port_directions": {
            "A": "input",
            "Y": "output"
          },
          "connections": {
            "A": [ 116 ],
            "Y": [ 117 ]
          }
        },
        "$auto$opt_expr.cc:250:group_cell_inputs$86": {
          "hide_name": 1,
          "type": "$not",
          "parameters": {
            "A_SIGNED": "00000000000000000000000000000000",
            "A_WIDTH": "00000000000000000000000000000001",
            "Y_WIDTH": "00000000000000000000000000000001"
          },
          "attributes": {
          },
          "port_directions": {
            "A": "input",
            "Y": "output"
          },
          "connections": {
            "A": [ 118 ],
            "Y": [ 119 ]
          }
        },
        "$auto$opt_expr.cc:250:group_cell_inputs$88": {
          "hide_name": 1,
          "type": "$not",
          "parameters": {
            "A_SIGNED": "00000000000000000000000000000000",
            "A_WIDTH": "00000000000000000000000000000001",
            "Y_WIDTH": "00000000000000000000000000000001"
          },
          "attributes": {
          },
          "port_directions": {
            "A": "input",
            "Y": "output"
          },
          "connections": {
            "A": [ 120 ],
            "Y": [ 121 ]
          }
        },
        "$auto$opt_expr.cc:250:group_cell_inputs$90": {
          "hide_name": 1,
          "type": "$not",
          "parameters": {
            "A_SIGNED": "00000000000000000000000000000000",
            "A_WIDTH": "00000000000000000000000000000001",
            "Y_WIDTH": "00000000000000000000000000000001"
          },
          "attributes": {
          },
          "port_directions": {
            "A": "input",
            "Y": "output"
          },
          "connections": {
            "A": [ 122 ],
            "Y": [ 123 ]
          }
        },
        "$auto$opt_expr.cc:250:group_cell_inputs$92": {
          "hide_name": 1,
          "type": "$not",
          "parameters": {
            "A_SIGNED": "00000000000000000000000000000000",
            "A_WIDTH": "00000000000000000000000000000001",
            "Y_WIDTH": "00000000000000000000000000000001"
          },
          "attributes": {
          },
          "port_directions": {
            "A": "input",
            "Y": "output"
          },
          "connections": {
            "A": [ 124 ],
            "Y": [ 125 ]
          }
        },
        "$auto$opt_expr.cc:250:group_cell_inputs$94": {
          "hide_name": 1,
          "type": "$not",
          "parameters": {
            "A_SIGNED": "00000000000000000000000000000000",
            "A_WIDTH": "00000000000000000000000000000001",
            "Y_WIDTH": "00000000000000000000000000000001"
          },
          "attributes": {
          },
          "port_directions": {
            "A": "input",
            "Y": "output"
          },
          "connections": {
            "A": [ 126 ],
            "Y": [ 127 ]
          }
        },
        "$auto$opt_expr.cc:250:group_cell_inputs$96": {
          "hide_name": 1,
          "type": "$not",
          "parameters": {
            "A_SIGNED": "00000000000000000000000000000000",
            "A_WIDTH": "00000000000000000000000000000001",
            "Y_WIDTH": "00000000000000000000000000000001"
          },
          "attributes": {
          },
          "port_directions": {
            "A": "input",
            "Y": "output"
          },
          "connections": {
            "A": [ 128 ],
            "Y": [ 129 ]
          }
        },
        "$auto$opt_expr.cc:250:group_cell_inputs$98": {
          "hide_name": 1,
          "type": "$not",
          "parameters": {
            "A_SIGNED": "00000000000000000000000000000000",
            "A_WIDTH": "00000000000000000000000000000001",
            "Y_WIDTH": "00000000000000000000000000000001"
          },
          "attributes": {
          },
          "port_directions": {
            "A": "input",
            "Y": "output"
          },
          "connections": {
            "A": [ 130 ],
            "Y": [ 131 ]
          }
        },
        "$auto$opt_expr.cc:276:group_cell_inputs$115": {
          "hide_name": 1,
          "type": "$or",
          "parameters": {
            "A_SIGNED": "00000000000000000000000000000000",
            "A_WIDTH": "00000000000000000000000000010001",
            "B_SIGNED": "00000000000000000000000000000000",
            "B_WIDTH": "00000000000000000000000000010001",
            "Y_WIDTH": "00000000000000000000000000010001"
          },
          "attributes": {
          },
          "port_directions": {
            "A": "input",
            "B": "input",
            "Y": "output"
          },
          "connections": {
            "A": [ 132, 133, 134, 135, 136, 137, 138, 113, 115, 117, 119, 121, 123, 125, 127, 129, 131 ],
            "B": [ 139, 140, 141, 142, 143, 144, 145, 146, 147, 148, 149, 150, 151, 152, 153, 154, 155 ],
            "Y": [ 156, 157, 158, 159, 160, 161, 162, 163, 164, 165, 166, 167, 168, 169, 170, 171, 172 ]
          }
        },
        "$auto$opt_expr.cc:276:group_cell_inputs$50": {
          "hide_name": 1,
          "type": "$xor",
          "parameters": {
            "A_SIGNED": "00000000000000000000000000000000",
            "A_WIDTH": "00000000000000000000000000001100",
            "B_SIGNED": "00000000000000000000000000000000",
            "B_WIDTH": "00000000000000000000000000001100",
            "Y_WIDTH": "00000000000000000000000000001100"
          },
          "attributes": {
          },
          "port_directions": {
            "A": "input",
            "B": "input",
            "Y": "output"
          },
          "connections": {
            "A": [ 2, 3, 4, 5, 6, 7, 8, 9, 10, 11, 12, 13 ],
            "B": [ 55, 56, 57, 58, 59, 60, 61, 62, 63, 64, 65, 66 ],
            "Y": [ 173, 174, 175, 176, 177, 178, 179, 180, 181, 182, 183, 184 ]
          }
        },
        "$auto$opt_expr.cc:276:group_cell_inputs$53": {
          "hide_name": 1,
          "type": "$and",
          "parameters": {
            "A_SIGNED": "00000000000000000000000000000000",
            "A_WIDTH": "00000000000000000000000000000011",
            "B_SIGNED": "00000000000000000000000000000000",
            "B_WIDTH": "00000000000000000000000000000011",
            "Y_WIDTH": "00000000000000000000000000000011"
          },
          "attributes": {
          },
          "port_directions": {
            "A": "input",
            "B": "input",
            "Y": "output"
          },
          "connections": {
            "A": [ 173, 174, 175 ],
            "B": [ 94, 95, 185 ],
            "Y": [ 186, 187, 188 ]
          }
        },
        "$auto$opt_expr.cc:276:group_cell_inputs$57": {
          "hide_name": 1,
          "type": "$xor",
          "parameters": {
            "A_SIGNED": "00000000000000000000000000000000",
            "A_WIDTH": "00000000000000000000000000000011",
            "B_SIGNED": "00000000000000000000000000000000",
            "B_WIDTH": "00000000000000000000000000000011",
            "Y_WIDTH": "00000000000000000000000000000011"
          },
          "attributes": {
          },
          "port_directions": {
            "A": "input",
            "B": "input",
            "Y": "output"
          },
          "connections": {
            "A": [ 189, 190, 191 ],
            "B": [ 192, 193, 194 ],
            "Y": [ 195, 196, 197 ]
          }
        },
        "$auto$opt_expr.cc:276:group_cell_inputs$60": {
          "hide_name": 1,
          "type": "$xor",
          "parameters": {
            "A_SIGNED": "00000000000000000000000000000000",
            "A_WIDTH": "00000000000000000000000000000001",
            "B_SIGNED": "00000000000000000000000000000000",
            "B_WIDTH": "00000000000000000000000000000001",
            "Y_WIDTH": "00000000000000000000000000000001"
          },
          "attributes": {
          },
          "port_directions": {
            "A": "input",
            "B": "input",
            "Y": "output"
          },
          "connections": {
            "A": [ 195 ],
            "B": [ 86 ],
            "Y": [ 198 ]
          }
        },
        "$auto$opt_expr.cc:276:group_cell_inputs$63": {
          "hide_name": 1,
          "type": "$not",
          "parameters": {
            "A_SIGNED": "00000000000000000000000000000000",
            "A_WIDTH": "00000000000000000000000000000111",
            "Y_WIDTH": "00000000000000000000000000000111"
          },
          "attributes": {
          },
          "port_directions": {
            "A": "input",
            "Y": "output"
          },
          "connections": {
            "A": [ 198, 196, 197, 199, 200, 201, 202 ],
            "Y": [ 203, 204, 205, 206, 207, 208, 209 ]
          }
        },
        "$auto$opt_expr.cc:276:group_cell_inputs$67": {
          "hide_name": 1,
          "type": "$not",
          "parameters": {
            "A_SIGNED": "00000000000000000000000000000000",
            "A_WIDTH": "00000000000000000000000000010001",
            "Y_WIDTH": "00000000000000000000000000010001"
          },
          "attributes": {
          },
          "port_directions": {
            "A": "input",
            "Y": "output"
          },
          "connections": {
            "A": [ 173, 174, 175, 176, 177, 178, 179, 180, 181, 182, 183, 184, 67, 68, 69, 70, 71 ],
            "Y": [ 139, 140, 141, 142, 143, 144, 145, 146, 147, 148, 149, 150, 151, 152, 153, 154, 155 ]
          }
        },
        "$auto$opt_expr.cc:276:group_cell_inputs$71": {
          "hide_name": 1,
          "type": "$xor",
          "parameters": {
            "A_SIGNED": "00000000000000000000000000000000",
            "A_WIDTH": "00000000000000000000000000000010",
            "B_SIGNED": "00000000000000000000000000000000",
            "B_WIDTH": "00000000000000000000000000000010",
            "Y_WIDTH": "00000000000000000000000000000010"
          },
          "attributes": {
          },
          "port_directions": {
            "A": "input",
            "B": "input",
            "Y": "output"
          },
          "connections": {
            "A": [ 210, 211 ],
            "B": [ 212, 213 ],
            "Y": [ 214, 215 ]
          }
        },
        "$auto$opt_expr.cc:276:group_cell_inputs$74": {
          "hide_name": 1,
          "type": "$not",
          "parameters": {
            "A_SIGNED": "00000000000000000000000000000000",
            "A_WIDTH": "00000000000000000000000000000110",
            "Y_WIDTH": "00000000000000000000000000000110"
          },
          "attributes": {
          },
          "port_directions": {
            "A": "input",
            "Y": "output"
          },
          "connections": {
            "A": [ 3, 5, 7, 8, 11, 12 ],
            "Y": [ 17, 18, 19, 20, 21, 22 ]
          }
        },
        "$auto$opt_expr.cc:276:group_cell_inputs$78": {
          "hide_name": 1,
          "type": "$xor",
          "parameters": {
            "A_SIGNED": "00000000000000000000000000000000",
            "A_WIDTH": "00000000000000000000000000000111",
            "B_SIGNED": "00000000000000000000000000000000",
            "B_WIDTH": "00000000000000000000000000000111",
            "Y_WIDTH": "00000000000000000000000000000111"
          },
          "attributes": {
          },
          "port_directions": {
            "A": "input",
            "B": "input",
            "Y": "output"
          },
          "connections": {
            "A": [ 216, 217, 218, 219, 220, 221, 222 ],
            "B": [ 203, 204, 205, 206, 207, 208, 209 ],
            "Y": [ 132, 133, 134, 135, 136, 137, 138 ]
          }
        },
        "$mul$designs/7/top.sv:23$12": {
          "hide_name": 1,
          "type": "$mul",
          "parameters": {
            "A_SIGNED": "00000000000000000000000000000000",
            "A_WIDTH": "00000000000000000000000000010001",
            "B_SIGNED": "00000000000000000000000000000000",
            "B_WIDTH": "00000000000000000000000000000001",
            "Y_WIDTH": "00000000000000000000000000000011"
          },
          "attributes": {
            "src": "designs/7/top.sv:23.36-23.62"
          },
          "port_directions": {
            "A": "input",
            "B": "input",
            "Y": "output"
          },
          "connections": {
            "A": [ 186, 187, 188, "0", "0", "0", "0", "0", "0", "0", "0", "0", "0", "0", "0", "0", "0" ],
            "B": [ 223 ],
            "Y": [ 224, 225, 226 ]
          }
        },
        "$mul$designs/7/top.sv:25$14": {
          "hide_name": 1,
          "type": "$mul",
          "parameters": {
            "A_SIGNED": "00000000000000000000000000000000",
            "A_WIDTH": "00000000000000000000000000010001",
            "B_SIGNED": "00000000000000000000000000000000",
            "B_WIDTH": "00000000000000000000000000010000",
            "Y_WIDTH": "00000000000000000000000000000111"
          },
          "attributes": {
            "src": "designs/7/top.sv:25.54-25.76"
          },
          "port_directions": {
            "A": "input",
            "B": "input",
            "Y": "output"
          },
          "connections": {
            "A": [ 173, 174, 175, 176, 177, 178, 179, 180, 181, 182, 183, 184, 67, 68, 69, 70, 71 ],
            "B": [ 71, 72, 73, 74, 75, 76, 77, 78, 79, 80, 81, 82, 83, 84, 85, 86 ],
            "Y": [ 189, 190, 191, 199, 200, 201, 202 ]
          }
        },
        "$mul$designs/7/top.sv:26$17": {
          "hide_name": 1,
          "type": "$mul",
          "parameters": {
            "A_SIGNED": "00000000000000000000000000000000",
            "A_WIDTH": "00000000000000000000000000011000",
            "B_SIGNED": "00000000000000000000000000000000",
            "B_WIDTH": "00000000000000000000000000001100",
            "Y_WIDTH": "00000000000000000000000000011000"
          },
          "attributes": {
            "src": "designs/7/top.sv:26.23-26.56"
          },
          "port_directions": {
            "A": "input",
            "B": "input",
            "Y": "output"
          },
          "connections": {
            "A": [ "1", "1", "0", "1", "1", "1", "1", "1", "0", "1", "0", "0", "0", "0", "1", "0", "1", "1", "1", "1", "0", "0", "0", "1" ],
            "B": [ 2, 3, 4, 5, 6, 7, 8, 9, 10, 11, 12, 13 ],
            "Y": [ 216, 217, 218, 219, 220, 221, 222, 112, 114, 116, 118, 120, 122, 124, 126, 128, 130, 98, 100, 102, 104, 106, 108, 110 ]
          }
        },
        "$mul$designs/7/top.sv:34$34": {
          "hide_name": 1,
          "type": "$mul",
          "parameters": {
            "A_SIGNED": "00000000000000000000000000000000",
            "A_WIDTH": "00000000000000000000000000010010",
            "B_SIGNED": "00000000000000000000000000000000",
            "B_WIDTH": "00000000000000000000000000011000",
            "Y_WIDTH": "00000000000000000000000000100000"
          },
          "attributes": {
            "src": "designs/7/top.sv:34.43-34.58"
          },
          "port_directions": {
            "A": "input",
            "B": "input",
            "Y": "output"
          },
          "connections": {
            "A": [ 227, 228, 229, 230, 231, 232, 233, 234, 235, 236, 237, 238, 239, 240, 241, 242, 243, 244 ],
            "B": [ 132, 133, 134, 135, 136, 137, 138, 113, 115, 117, 119, 121, 123, 125, 127, 129, 131, 99, 101, 103, 105, 107, 109, 111 ],
            "Y": [ 245, 246, 247, 248, 249, 250, 251, 252, 253, 254, 255, 256, 257, 258, 259, 260, 261, 262, 263, 264, 265, 266, 267, 268, 269, 270, 271, 272, 273, 274, 275, 276 ]
          }
        },
        "$not$designs/7/top.sv:29$25": {
          "hide_name": 1,
          "type": "$not",
          "parameters": {
            "A_SIGNED": "00000000000000000000000000000000",
            "A_WIDTH": "00000000000000000000000000000010",
            "Y_WIDTH": "00000000000000000000000000000010"
          },
          "attributes": {
            "src": "designs/7/top.sv:29.83-29.95"
          },
          "port_directions": {
            "A": "input",
            "Y": "output"
          },
          "connections": {
            "A": [ 94, 95 ],
            "Y": [ 277, 278 ]
          }
        },
        "$or$designs/7/top.sv:20$6": {
          "hide_name": 1,
          "type": "$or",
          "parameters": {
            "A_SIGNED": "00000000000000000000000000000000",
            "A_WIDTH": "00000000000000000000000000000011",
            "B_SIGNED": "00000000000000000000000000000000",
            "B_WIDTH": "00000000000000000000000000000011",
            "Y_WIDTH": "00000000000000000000000000000011"
          },
          "attributes": {
            "src": "designs/7/top.sv:20.33-20.75"
          },
          "port_directions": {
            "A": "input",
            "B": "input",
            "Y": "output"
          },
          "connections": {
            "A": [ 87, 88, 89 ],
            "B": [ 173, 174, 175 ],
            "Y": [ 279, 280, 281 ]
          }
        },
        "$or$designs/7/top.sv:21$10": {
          "hide_name": 1,
          "type": "$or",
          "parameters": {
            "A_SIGNED": "00000000000000000000000000000000",
            "A_WIDTH": "00000000000000000000000000000001",
            "B_SIGNED": "00000000000000000000000000000000",
            "B_WIDTH": "00000000000000000000000000000001",
            "Y_WIDTH": "00000000000000000000000000000001"
          },
          "attributes": {
            "src": "designs/7/top.sv:21.22-21.79"
          },
          "port_directions": {
            "A": "input",
            "B": "input",
            "Y": "output"
          },
          "connections": {
            "A": [ 91 ],
            "B": [ 173 ],
            "Y": [ 223 ]
          }
        },
        "$or$designs/7/top.sv:34$36": {
          "hide_name": 1,
          "type": "$or",
          "parameters": {
            "A_SIGNED": "00000000000000000000000000000000",
            "A_WIDTH": "00000000000000000000000000000011",
            "B_SIGNED": "00000000000000000000000000000000",
            "B_WIDTH": "00000000000000000000000000000011",
            "Y_WIDTH": "00000000000000000000000000000011"
          },
          "attributes": {
            "src": "designs/7/top.sv:34.41-34.79"
          },
          "port_directions": {
            "A": "input",
            "B": "input",
            "Y": "output"
          },
          "connections": {
            "A": [ 282, 283, 284 ],
            "B": [ 55, 56, 57 ],
            "Y": [ 285, 286, 287 ]
          }
        },
        "$reduce_bool$designs/7/top.sv:34$38": {
          "hide_name": 1,
          "type": "$reduce_bool",
          "parameters": {
            "A_SIGNED": "00000000000000000000000000000000",
            "A_WIDTH": "00000000000000000000000000000010",
            "Y_WIDTH": "00000000000000000000000000000001"
          },
          "attributes": {
            "src": "designs/7/top.sv:34.26-34.111"
          },
          "port_directions": {
            "A": "input",
            "Y": "output"
          },
          "connections": {
            "A": [ 198, 196 ],
            "Y": [ 288 ]
          }
        },
        "$shl$designs/7/top.sv:34$35": {
          "hide_name": 1,
          "type": "$shl",
          "parameters": {
            "A_SIGNED": "00000000000000000000000000000000",
            "A_WIDTH": "00000000000000000000000000100000",
            "B_SIGNED": "00000000000000000000000000000000",
            "B_WIDTH": "00000000000000000000000000010010",
            "Y_WIDTH": "00000000000000000000000000000011"
          },
          "attributes": {
            "src": "designs/7/top.sv:34.42-34.69"
          },
          "port_directions": {
            "A": "input",
            "B": "input",
            "Y": "output"
          },
          "connections": {
            "A": [ 245, 246, 247, 248, 249, 250, 251, 252, 253, 254, 255, 256, 257, 258, 259, 260, 261, 262, 263, 264, 265, 266, 267, 268, 269, 270, 271, 272, 273, 274, 275, 276 ],
            "B": [ 227, 228, 229, 230, 231, 232, 233, 234, 235, 236, 237, 238, 239, 240, 241, 242, 243, 244 ],
            "Y": [ 282, 283, 284 ]
          }
        },
        "$sub$designs/7/top.sv:20$7": {
          "hide_name": 1,
          "type": "$sub",
          "parameters": {
            "A_SIGNED": "00000000000000000000000000000000",
            "A_WIDTH": "00000000000000000000000000000011",
            "B_SIGNED": "00000000000000000000000000000000",
            "B_WIDTH": "00000000000000000000000000000011",
            "Y_WIDTH": "00000000000000000000000000000011"
          },
          "attributes": {
            "src": "designs/7/top.sv:20.22-20.92"
          },
          "port_directions": {
            "A": "input",
            "B": "input",
            "Y": "output"
          },
          "connections": {
            "A": [ 279, 280, 281 ],
            "B": [ 173, 174, 175 ],
            "Y": [ 94, 95, 185 ]
          }
        },
        "$sub$designs/7/top.sv:21$8": {
          "hide_name": 1,
          "type": "$sub",
          "parameters": {
            "A_SIGNED": "00000000000000000000000000000000",
            "A_WIDTH": "00000000000000000000000000000001",
            "B_SIGNED": "00000000000000000000000000000000",
            "B_WIDTH": "00000000000000000000000000000001",
            "Y_WIDTH": "00000000000000000000000000000001"
          },
          "attributes": {
            "src": "designs/7/top.sv:21.34-21.58"
          },
          "port_directions": {
            "A": "input",
            "B": "input",
            "Y": "output"
          },
          "connections": {
            "A": [ 94 ],
            "B": [ 9 ],
            "Y": [ 90 ]
          }
        },
        "$sub$designs/7/top.sv:27$21": {
          "hide_name": 1,
          "type": "$sub",
          "parameters": {
            "A_SIGNED": "00000000000000000000000000000000",
            "A_WIDTH": "00000000000000000000000000000011",
            "B_SIGNED": "00000000000000000000000000000000",
            "B_WIDTH": "00000000000000000000000000000001",
            "Y_WIDTH": "00000000000000000000000000000011"
          },
          "attributes": {
            "src": "designs/7/top.sv:27.32-27.47"
          },
          "port_directions": {
            "A": "input",
            "B": "input",
            "Y": "output"
          },
          "connections": {
            "A": [ 198, 196, 197 ],
            "B": [ 223 ],
            "Y": [ 210, 211, 289 ]
          }
        },
        "$sub$designs/7/top.sv:29$22": {
          "hide_name": 1,
          "type": "$sub",
          "parameters": {
            "A_SIGNED": "00000000000000000000000000000000",
            "A_WIDTH": "00000000000000000000000000000001",
            "B_SIGNED": "00000000000000000000000000000000",
            "B_WIDTH": "00000000000000000000000000000010",
            "Y_WIDTH": "00000000000000000000000000000010"
          },
          "attributes": {
            "src": "designs/7/top.sv:29.39-29.68"
          },
          "port_directions": {
            "A": "input",
            "B": "input",
            "Y": "output"
          },
          "connections": {
            "A": [ 185 ],
            "B": [ 55, 56 ],
            "Y": [ 92, 93 ]
          }
        },
        "$sub$designs/7/top.sv:31$30": {
          "hide_name": 1,
          "type": "$sub",
          "parameters": {
            "A_SIGNED": "00000000000000000000000000000000",
            "A_WIDTH": "00000000000000000000000000010010",
            "B_SIGNED": "00000000000000000000000000000000",
            "B_WIDTH": "00000000000000000000000000000010",
            "Y_WIDTH": "00000000000000000000000000010010"
          },
          "attributes": {
            "src": "designs/7/top.sv:31.22-31.67"
          },
          "port_directions": {
            "A": "input",
            "B": "input",
            "Y": "output"
          },
          "connections": {
            "A": [ 156, 157, 158, 159, 160, 161, 162, 163, 164, 165, 166, 167, 168, 169, 170, 171, 172, "1" ],
            "B": [ 94, 95 ],
            "Y": [ 227, 228, 229, 230, 231, 232, 233, 234, 235, 236, 237, 238, 239, 240, 241, 242, 243, 244 ]
          }
        },
        "$ternary$designs/7/top.sv:34$39": {
          "hide_name": 1,
          "type": "$mux",
          "parameters": {
            "WIDTH": "00000000000000000000000000000011"
          },
          "attributes": {
            "src": "designs/7/top.sv:34.26-34.111"
          },
          "port_directions": {
            "A": "input",
            "B": "input",
            "S": "input",
            "Y": "output"
          },
          "connections": {
            "A": [ 214, 215, 289 ],
            "B": [ 285, 286, 287 ],
            "S": [ 288 ],
            "Y": [ 14, 15, 16 ]
          }
        },
        "$xor$designs/7/top.sv:23$13": {
          "hide_name": 1,
          "type": "$xor",
          "parameters": {
            "A_SIGNED": "00000000000000000000000000000000",
            "A_WIDTH": "00000000000000000000000000000011",
            "B_SIGNED": "00000000000000000000000000000000",
            "B_WIDTH": "00000000000000000000000000000011",
            "Y_WIDTH": "00000000000000000000000000000011"
          },
          "attributes": {
            "src": "designs/7/top.sv:23.35-23.72"
          },
          "port_directions": {
            "A": "input",
            "B": "input",
            "Y": "output"
          },
          "connections": {
            "A": [ 224, 225, 226 ],
            "B": [ 94, 95, 185 ],
            "Y": [ 192, 193, 194 ]
          }
        },
        "$xor$designs/7/top.sv:29$26": {
          "hide_name": 1,
          "type": "$xor",
          "parameters": {
            "A_SIGNED": "00000000000000000000000000000000",
            "A_WIDTH": "00000000000000000000000000000010",
            "B_SIGNED": "00000000000000000000000000000000",
            "B_WIDTH": "00000000000000000000000000000010",
            "Y_WIDTH": "00000000000000000000000000000010"
          },
          "attributes": {
            "src": "designs/7/top.sv:29.37-29.96"
          },
          "port_directions": {
            "A": "input",
            "B": "input",
            "Y": "output"
          },
          "connections": {
            "A": [ 96, 97 ],
            "B": [ 277, 278 ],
            "Y": [ 212, 213 ]
          }
        }
      },
      "netnames": {
        "$add$designs/7/top.sv:18$2_Y": {
          "hide_name": 1,
          "bits": [ 23, 24, 25, 26, 27, 28, 29, 30, 31, 32, 33, 34, 35, 36, 37, 38, 39, 40, 41, 42, 43, 44, 45, 46, 47, 48, 49, 50, 51, 52, 53, 54 ],
          "attributes": {
            "src": "designs/7/top.sv:18.31-18.73"
          }
        },
        "$add$designs/7/top.sv:20$5_Y": {
          "hide_name": 1,
          "bits": [ 87, 88, 89, 290, 291, 292, 293, 294, 295, 296, 297, 298, 299, "0", "0", "0", "0" ],
          "attributes": {
            "src": "designs/7/top.sv:20.34-20.65",
            "unused_bits": "3 4 5 6 7 8 9 10 11 12"
          }
        },
        "$add$designs/7/top.sv:21$9_Y": {
          "hide_name": 1,
          "bits": [ 91, 300, 301, 302, 303, 304, 305, 306, 307, 308, 309, 310, 311, 312, 313, 314, 315, 316, 317, 318, 319, 320, 321, 322, 323, 324, 325, 326, 327, 328, 329, 330 ],
          "attributes": {
            "src": "designs/7/top.sv:21.23-21.69",
            "unused_bits": "1 2 3 4 5 6 7 8 9 10 11 12 13 14 15 16 17 18 19 20 21 22 23 24 25 26 27 28 29 30 31"
          }
        },
        "$and$designs/7/top.sv:23$11_Y": {
          "hide_name": 1,
          "bits": [ 186, 187, 188, "0", "0", "0", "0", "0", "0", "0", "0", "0", "0", "0", "0", "0", "0" ],
          "attributes": {
            "src": "designs/7/top.sv:23.37-23.52"
          }
        },
        "$and$designs/7/top.sv:29$23_Y": {
          "hide_name": 1,
          "bits": [ 96, 97 ],
          "attributes": {
          }
        },
        "$auto$opt_expr.cc:205:group_cell_inputs$114": {
          "hide_name": 1,
          "bits": [ 156, 157, 158, 159, 160, 161, 162, 163, 164, 165, 166, 167, 168, 169, 170, 171, 172 ],
          "attributes": {
          }
        },
        "$auto$opt_expr.cc:205:group_cell_inputs$56": {
          "hide_name": 1,
          "bits": [ 195, 196, 197 ],
          "attributes": {
          }
        },
        "$auto$opt_expr.cc:205:group_cell_inputs$62": {
          "hide_name": 1,
          "bits": [ 203, 204, 205, 206, 207, 208, 209 ],
          "attributes": {
          }
        },
        "$auto$opt_expr.cc:205:group_cell_inputs$66": {
          "hide_name": 1,
          "bits": [ 139, 140, 141, 142, 143, 144, 145, 146, 147, 148, 149, 150, 151, 152, 153, 154, 155 ],
          "attributes": {
          }
        },
        "$auto$opt_expr.cc:205:group_cell_inputs$70": {
          "hide_name": 1,
          "bits": [ 214, 215 ],
          "attributes": {
          }
        },
        "$auto$opt_expr.cc:205:group_cell_inputs$73": {
          "hide_name": 1,
          "bits": [ 17, 18, 19, 20, 21, 22 ],
          "attributes": {
          }
        },
        "$auto$wreduce.cc:514:run$41": {
          "hide_name": 1,
          "bits": [ 285, 286, 287, 331, 332, 333, 334, 335, 336, 337, 338, 339, 340, 341, 342, 343, 344, 345, 346, 347, 348, 349, 350, 351, 352, 353, 354, 355, 356, 357, 358, 359 ],
          "attributes": {
            "src": "designs/7/top.sv:34.41-34.79",
            "unused_bits": "3 4 5 6 7 8 9 10 11 12 13 14 15 16 17 18 19 20 21 22 23 24 25 26 27 28 29 30 31"
          }
        },
        "$auto$wreduce.cc:514:run$42": {
          "hide_name": 1,
          "bits": [ 282, 283, 284, 360, 361, 362, 363, 364, 365, 366, 367, 368, 369, 370, 371, 372, 373, 374, 375, 376, 377, 378, 379, 380, 381, 382, 383, 384, 385, 386, 387, 388 ],
          "attributes": {
            "src": "designs/7/top.sv:34.42-34.69",
            "unused_bits": "3 4 5 6 7 8 9 10 11 12 13 14 15 16 17 18 19 20 21 22 23 24 25 26 27 28 29 30 31"
          }
        },
        "$auto$wreduce.cc:514:run$44": {
          "hide_name": 1,
          "bits": [ 277, 278, 389, 390, 391, 392, 393, 394, 395, 396, 397, 398, 399, 400, 401, 402, 403, 404, 405, 406, 407, 408, 409, 410, 411, 412, 413, 414, 415, 416, 417, 418 ],
          "attributes": {
            "src": "designs/7/top.sv:29.83-29.95",
            "unused_bits": "2 3 4 5 6 7 8 9 10 11 12 13 14 15 16 17 18 19 20 21 22 23 24 25 26 27 28 29 30 31"
          }
        },
        "$mul$designs/7/top.sv:23$12_Y": {
          "hide_name": 1,
          "bits": [ 224, 225, 226, 419, 420, 421, 422, 423, 424, 425, 426, 427, 428, 429, 430, 431, 432 ],
          "attributes": {
            "src": "designs/7/top.sv:23.36-23.62",
            "unused_bits": "3 4 5 6 7 8 9 10 11 12 13 14 15 16"
          }
        },
        "$mul$designs/7/top.sv:25$14_Y": {
          "hide_name": 1,
          "bits": [ 189, 190, 191, 199, 200, 201, 202, 433, 434, 435, 436, 437, 438, 439, 440, 441, 442 ],
          "attributes": {
            "src": "designs/7/top.sv:25.54-25.76",
            "unused_bits": "7 8 9 10 11 12 13 14 15 16"
          }
        },
        "$mul$designs/7/top.sv:26$17_Y": {
          "hide_name": 1,
          "bits": [ 216, 217, 218, 219, 220, 221, 222, 112, 114, 116, 118, 120, 122, 124, 126, 128, 130, 98, 100, 102, 104, 106, 108, 110 ],
          "attributes": {
            "src": "designs/7/top.sv:26.23-26.56"
          }
        },
        "$mul$designs/7/top.sv:34$34_Y": {
          "hide_name": 1,
          "bits": [ 245, 246, 247, 248, 249, 250, 251, 252, 253, 254, 255, 256, 257, 258, 259, 260, 261, 262, 263, 264, 265, 266, 267, 268, 269, 270, 271, 272, 273, 274, 275, 276 ],
          "attributes": {
            "src": "designs/7/top.sv:34.43-34.58"
          }
        },
        "$or$designs/7/top.sv:20$6_Y": {
          "hide_name": 1,
          "bits": [ 279, 280, 281, 443, 444, 445, 446, 447, 448, 449, 450, 451, 452, 453, 454, 455, 456 ],
          "attributes": {
            "src": "designs/7/top.sv:20.33-20.75",
            "unused_bits": "3 4 5 6 7 8 9 10 11 12 13 14 15 16"
          }
        },
        "$reduce_bool$designs/7/top.sv:34$38_Y": {
          "hide_name": 1,
          "bits": [ 288 ],
          "attributes": {
            "src": "designs/7/top.sv:34.26-34.111"
          }
        },
        "$sub$designs/7/top.sv:21$8_Y": {
          "hide_name": 1,
          "bits": [ 90, 457, 458 ],
          "attributes": {
            "src": "designs/7/top.sv:21.34-21.58",
            "unused_bits": "1 2"
          }
        },
        "$sub$designs/7/top.sv:29$22_Y": {
          "hide_name": 1,
          "bits": [ 92, 93, 459, 460, 461, 462, 463, 464, 465, 466, 467, 468, 469, 470, 471, 472, 473, 474, 475, 476, 477, 478, 479, 480, 481, 482, 483, 484, 485, 486, 487, 488 ],
          "attributes": {
            "src": "designs/7/top.sv:29.39-29.68",
            "unused_bits": "2 3 4 5 6 7 8 9 10 11 12 13 14 15 16 17 18 19 20 21 22 23 24 25 26 27 28 29 30 31"
          }
        },
        "expr_845377": {
          "hide_name": 0,
          "bits": [ 192, 193, 194, "x", "x", "x", "x", "x", "x", "x", "x", "x", "x", "x", "x", "x", "x", "x", "x", "x" ],
          "attributes": {
            "src": "designs/7/top.sv:22.18-22.29"
          }
        },
        "input_data": {
          "hide_name": 0,
          "bits": [ 2, 3, 4, 5, 6, 7, 8, 9, 10, 11, 12, 13 ],
          "attributes": {
            "src": "designs/7/top.sv:2.18-2.28"
          }
        },
        "output_data": {
          "hide_name": 0,
          "bits": [ 14, 15, 16 ],
          "attributes": {
            "src": "designs/7/top.sv:3.18-3.29"
          }
        },
        "temp_0": {
          "hide_name": 0,
          "bits": [ 55, 56, 57, 58, 59, 60, 61, 62, 63, 64, 65, 66, 67, 68, 69, 70, 71, 72, 73, 74, 75, 76, 77, 78, 79, 80, 81, 82, 83, 84, 85, 86 ],
          "attributes": {
            "src": "designs/7/top.sv:6.18-6.24"
          }
        },
        "temp_1": {
          "hide_name": 0,
          "bits": [ 173, 174, 175, 176, 177, 178, 179, 180, 181, 182, 183, 184, 67, 68, 69, 70, 71 ],
          "attributes": {
            "src": "designs/7/top.sv:7.18-7.24"
          }
        },
        "temp_2": {
          "hide_name": 0,
          "bits": [ 94, 95, 185 ],
          "attributes": {
            "src": "designs/7/top.sv:8.17-8.23"
          }
        },
        "temp_3": {
          "hide_name": 0,
          "bits": [ 223 ],
          "attributes": {
            "single_bit_vector": "00000000000000000000000000000001",
            "src": "designs/7/top.sv:9.17-9.23"
          }
        },
        "temp_5": {
          "hide_name": 0,
          "bits": [ 198, 196, 197, 199, 200, 201, 202, "x", "x", "x", "x", "x", "x", "x", "x", "x", "x", "0", "0", "0", "0", "0", "0", "0", "0", "0", "0", "0", "0", "0", "0" ],
          "attributes": {
            "src": "designs/7/top.sv:11.18-11.24"
          }
        },
        "temp_6": {
          "hide_name": 0,
          "bits": [ 132, 133, 134, 135, 136, 137, 138, 113, 115, 117, 119, 121, 123, 125, 127, 129, 131, 99, 101, 103, 105, 107, 109, 111 ],
          "attributes": {
            "src": "designs/7/top.sv:12.18-12.24"
          }
        },
        "temp_7": {
          "hide_name": 0,
          "bits": [ 210, 211, 289, "x", "x", "x", "x", "x", "x", "x", "x", "x", "x", "x", "x", "x", "x", "x", "x", "x", "x" ],
          "attributes": {
            "src": "designs/7/top.sv:13.18-13.24"
          }
        },
        "temp_8": {
          "hide_name": 0,
          "bits": [ 212, 213 ],
          "attributes": {
            "src": "designs/7/top.sv:14.17-14.23"
          }
        },
        "temp_9": {
          "hide_name": 0,
          "bits": [ 227, 228, 229, 230, 231, 232, 233, 234, 235, 236, 237, 238, 239, 240, 241, 242, 243, 244 ],
          "attributes": {
            "src": "designs/7/top.sv:15.18-15.24"
          }
        }
      }
    }
  }
}
