{
  "creator": "Yosys 0.60 (git sha1 5bafeb77dc71e054fa331ab9efa613e6fb0a1c49, clang++ 17.0.0 -fPIC -O3)",
  "modules": {
    "top": {
      "attributes": {
        "top": "00000000000000000000000000000001",
        "src": "designs/239/top.sv:1.1-26.10"
      },
      "ports": {
        "input_data": {
          "direction": "input",
          "bits": [ 2, 3, 4, 5, 6, 7 ]
        },
        "output_data": {
          "direction": "output",
          "bits": [ 8, 9, 10, 11, 12, 13, 14, 15, 15, 15 ]
        }
      },
      "cells": {
        "$add$designs/239/top.sv:16$9": {
          "hide_name": 1,
          "type": "$add",
          "parameters": {
            "A_SIGNED": "00000000000000000000000000000000",
            "A_WIDTH": "00000000000000000000000000000111",
            "B_SIGNED": "00000000000000000000000000000000",
            "B_WIDTH": "00000000000000000000000000000110",
            "Y_WIDTH": "00000000000000000000000000000111"
          },
          "attributes": {
            "src": "designs/239/top.sv:16.43-16.116"
          },
          "port_directions": {
            "A": "input",
            "B": "input",
            "Y": "output"
          },
          "connections": {
            "A": [ 16, 17, 18, 19, 20, 21, "0" ],
            "B": [ 22, 23, 24, 25, 26, 27 ],
            "Y": [ 28, 29, 30, 31, 32, 33, 34 ]
          }
        },
        "$add$designs/239/top.sv:17$24": {
          "hide_name": 1,
          "type": "$add",
          "parameters": {
            "A_SIGNED": "00000000000000000000000000000000",
            "A_WIDTH": "00000000000000000000000000011010",
            "B_SIGNED": "00000000000000000000000000000000",
            "B_WIDTH": "00000000000000000000000000000110",
            "Y_WIDTH": "00000000000000000000000000011010"
          },
          "attributes": {
            "src": "designs/239/top.sv:17.53-17.248"
          },
          "port_directions": {
            "A": "input",
            "B": "input",
            "Y": "output"
          },
          "connections": {
            "A": [ 35, 36, 37, 38, 39, 40, 41, 42, 43, 44, 45, 46, 47, 48, 49, 50, 51, 52, 53, 54, 55, 56, 57, 58, 59, 60 ],
            "B": [ 22, 23, 24, 25, 26, 27 ],
            "Y": [ 61, 62, 63, 64, 65, 66, 67, 68, 69, 70, 71, 72, 73, 74, 75, 76, 77, 78, 79, 80, 81, 82, 83, 84, 85, 86 ]
          }
        },
        "$add$designs/239/top.sv:19$35": {
          "hide_name": 1,
          "type": "$add",
          "parameters": {
            "A_SIGNED": "00000000000000000000000000000000",
            "A_WIDTH": "00000000000000000000000000000110",
            "B_SIGNED": "00000000000000000000000000000000",
            "B_WIDTH": "00000000000000000000000000000110",
            "Y_WIDTH": "00000000000000000000000000000110"
          },
          "attributes": {
            "src": "designs/239/top.sv:19.31-19.112"
          },
          "port_directions": {
            "A": "input",
            "B": "input",
            "Y": "output"
          },
          "connections": {
            "A": [ 87, 88, 89, 90, 91, 92 ],
            "B": [ 93, 94, 95, 96, 97, 98 ],
            "Y": [ 99, 100, 101, 102, 103, 104 ]
          }
        },
        "$add$designs/239/top.sv:19$36": {
          "hide_name": 1,
          "type": "$add",
          "parameters": {
            "A_SIGNED": "00000000000000000000000000000000",
            "A_WIDTH": "00000000000000000000000000000110",
            "B_SIGNED": "00000000000000000000000000000000",
            "B_WIDTH": "00000000000000000000000000000110",
            "Y_WIDTH": "00000000000000000000000000000110"
          },
          "attributes": {
            "src": "designs/239/top.sv:19.22-19.123"
          },
          "port_directions": {
            "A": "input",
            "B": "input",
            "Y": "output"
          },
          "connections": {
            "A": [ 99, 100, 101, 102, 103, 104 ],
            "B": [ 105, 106, 107, 108, 32, 33 ],
            "Y": [ 109, 110, 111, 112, 113, 114 ]
          }
        },
        "$auto$opt_expr.cc:276:group_cell_inputs$105": {
          "hide_name": 1,
          "type": "$xor",
          "parameters": {
            "A_SIGNED": "00000000000000000000000000000000",
            "A_WIDTH": "00000000000000000000000000000110",
            "B_SIGNED": "00000000000000000000000000000000",
            "B_WIDTH": "00000000000000000000000000000110",
            "Y_WIDTH": "00000000000000000000000000000110"
          },
          "attributes": {
          },
          "port_directions": {
            "A": "input",
            "B": "input",
            "Y": "output"
          },
          "connections": {
            "A": [ 115, 116, 117, 118, 119, 120 ],
            "B": [ 109, 110, 111, 112, 113, 114 ],
            "Y": [ 8, 9, 10, 11, 12, 13 ]
          }
        },
        "$auto$opt_expr.cc:276:group_cell_inputs$61": {
          "hide_name": 1,
          "type": "$not",
          "parameters": {
            "A_SIGNED": "00000000000000000000000000000000",
            "A_WIDTH": "00000000000000000000000000000110",
            "Y_WIDTH": "00000000000000000000000000000110"
          },
          "attributes": {
          },
          "port_directions": {
            "A": "input",
            "Y": "output"
          },
          "connections": {
            "A": [ 22, 23, 24, 25, 26, 27 ],
            "Y": [ 121, 122, 123, 124, 125, 126 ]
          }
        },
        "$auto$opt_expr.cc:276:group_cell_inputs$65": {
          "hide_name": 1,
          "type": "$and",
          "parameters": {
            "A_SIGNED": "00000000000000000000000000000000",
            "A_WIDTH": "00000000000000000000000000000110",
            "B_SIGNED": "00000000000000000000000000000000",
            "B_WIDTH": "00000000000000000000000000000110",
            "Y_WIDTH": "00000000000000000000000000000110"
          },
          "attributes": {
          },
          "port_directions": {
            "A": "input",
            "B": "input",
            "Y": "output"
          },
          "connections": {
            "A": [ 2, 3, 4, 5, 6, 7 ],
            "B": [ 121, 122, 123, 124, 125, 126 ],
            "Y": [ 127, 128, 129, 130, 131, 132 ]
          }
        },
        "$auto$opt_expr.cc:276:group_cell_inputs$69": {
          "hide_name": 1,
          "type": "$and",
          "parameters": {
            "A_SIGNED": "00000000000000000000000000000000",
            "A_WIDTH": "00000000000000000000000000000110",
            "B_SIGNED": "00000000000000000000000000000000",
            "B_WIDTH": "00000000000000000000000000000110",
            "Y_WIDTH": "00000000000000000000000000000110"
          },
          "attributes": {
          },
          "port_directions": {
            "A": "input",
            "B": "input",
            "Y": "output"
          },
          "connections": {
            "A": [ 127, 128, 129, 130, 131, 132 ],
            "B": [ 22, 23, 24, 25, 26, 27 ],
            "Y": [ 16, 17, 18, 19, 20, 21 ]
          }
        },
        "$auto$opt_expr.cc:276:group_cell_inputs$73": {
          "hide_name": 1,
          "type": "$xor",
          "parameters": {
            "A_SIGNED": "00000000000000000000000000000000",
            "A_WIDTH": "00000000000000000000000000000100",
            "B_SIGNED": "00000000000000000000000000000000",
            "B_WIDTH": "00000000000000000000000000000100",
            "Y_WIDTH": "00000000000000000000000000000100"
          },
          "attributes": {
          },
          "port_directions": {
            "A": "input",
            "B": "input",
            "Y": "output"
          },
          "connections": {
            "A": [ 28, 29, 30, 31 ],
            "B": [ 24, 25, 26, 27 ],
            "Y": [ 105, 106, 107, 108 ]
          }
        },
        "$auto$opt_expr.cc:276:group_cell_inputs$76": {
          "hide_name": 1,
          "type": "$and",
          "parameters": {
            "A_SIGNED": "00000000000000000000000000000000",
            "A_WIDTH": "00000000000000000000000000000110",
            "B_SIGNED": "00000000000000000000000000000000",
            "B_WIDTH": "00000000000000000000000000000110",
            "Y_WIDTH": "00000000000000000000000000000110"
          },
          "attributes": {
          },
          "port_directions": {
            "A": "input",
            "B": "input",
            "Y": "output"
          },
          "connections": {
            "A": [ 105, 106, 107, 108, 32, 33 ],
            "B": [ 2, 3, 4, 5, 6, 7 ],
            "Y": [ 133, 134, 135, 136, 137, 138 ]
          }
        },
        "$auto$opt_expr.cc:276:group_cell_inputs$80": {
          "hide_name": 1,
          "type": "$not",
          "parameters": {
            "A_SIGNED": "00000000000000000000000000000000",
            "A_WIDTH": "00000000000000000000000000000111",
            "Y_WIDTH": "00000000000000000000000000000111"
          },
          "attributes": {
          },
          "port_directions": {
            "A": "input",
            "Y": "output"
          },
          "connections": {
            "A": [ 105, 106, 107, 108, 32, 33, 34 ],
            "Y": [ 139, 140, 141, 142, 143, 144, 145 ]
          }
        },
        "$auto$opt_expr.cc:276:group_cell_inputs$88": {
          "hide_name": 1,
          "type": "$or",
          "parameters": {
            "A_SIGNED": "00000000000000000000000000000000",
            "A_WIDTH": "00000000000000000000000000000111",
            "B_SIGNED": "00000000000000000000000000000000",
            "B_WIDTH": "00000000000000000000000000000111",
            "Y_WIDTH": "00000000000000000000000000000111"
          },
          "attributes": {
          },
          "port_directions": {
            "A": "input",
            "B": "input",
            "Y": "output"
          },
          "connections": {
            "A": [ 146, 147, 148, 149, 150, 151, 152 ],
            "B": [ 105, 106, 107, 108, 32, 33, 34 ],
            "Y": [ 153, 154, 155, 156, 157, 158, 159 ]
          }
        },
        "$auto$opt_expr.cc:276:group_cell_inputs$95": {
          "hide_name": 1,
          "type": "$xor",
          "parameters": {
            "A_SIGNED": "00000000000000000000000000000000",
            "A_WIDTH": "00000000000000000000000000000010",
            "B_SIGNED": "00000000000000000000000000000000",
            "B_WIDTH": "00000000000000000000000000000010",
            "Y_WIDTH": "00000000000000000000000000000010"
          },
          "attributes": {
          },
          "port_directions": {
            "A": "input",
            "B": "input",
            "Y": "output"
          },
          "connections": {
            "A": [ 105, 106 ],
            "B": [ 160, 161 ],
            "Y": [ 162, 163 ]
          }
        },
        "$mul$designs/239/top.sv:15$2": {
          "hide_name": 1,
          "type": "$mul",
          "parameters": {
            "A_SIGNED": "00000000000000000000000000000000",
            "A_WIDTH": "00000000000000000000000000000110",
            "B_SIGNED": "00000000000000000000000000000000",
            "B_WIDTH": "00000000000000000000000000000110",
            "Y_WIDTH": "00000000000000000000000000000110"
          },
          "attributes": {
            "src": "designs/239/top.sv:15.51-15.88"
          },
          "port_directions": {
            "A": "input",
            "B": "input",
            "Y": "output"
          },
          "connections": {
            "A": [ 2, 3, 4, 5, 6, 7 ],
            "B": [ 164, 165, 166, 167, 168, 169 ],
            "Y": [ 170, 171, 172, 173, 174, 175 ]
          }
        },
        "$mul$designs/239/top.sv:17$14": {
          "hide_name": 1,
          "type": "$mul",
          "parameters": {
            "A_SIGNED": "00000000000000000000000000000001",
            "A_WIDTH": "00000000000000000000000000001000",
            "B_SIGNED": "00000000000000000000000000000001",
            "B_WIDTH": "00000000000000000000000000011010",
            "Y_WIDTH": "00000000000000000000000000011010"
          },
          "attributes": {
            "src": "designs/239/top.sv:17.101-17.177"
          },
          "port_directions": {
            "A": "input",
            "B": "input",
            "Y": "output"
          },
          "connections": {
            "A": [ 176, 177, 178, 179, 180, 181, 182, 183 ],
            "B": [ 139, 140, 141, 142, 143, 144, 145, "1", "1", "1", "1", "1", "1", "1", "1", "1", "1", "1", "1", "1", "1", "1", "1", "1", "1", "1" ],
            "Y": [ 184, 185, 186, 187, 188, 189, 190, 191, 192, 193, 194, 195, 196, 197, 198, 199, 200, 201, 202, 203, 204, 205, 206, 207, 208, 209 ]
          }
        },
        "$mul$designs/239/top.sv:17$22": {
          "hide_name": 1,
          "type": "$mul",
          "parameters": {
            "A_SIGNED": "00000000000000000000000000000000",
            "A_WIDTH": "00000000000000000000000000011010",
            "B_SIGNED": "00000000000000000000000000000000",
            "B_WIDTH": "00000000000000000000000000000110",
            "Y_WIDTH": "00000000000000000000000000011010"
          },
          "attributes": {
            "src": "designs/239/top.sv:17.65-17.227"
          },
          "port_directions": {
            "A": "input",
            "B": "input",
            "Y": "output"
          },
          "connections": {
            "A": [ 210, 211, 212, 213, 214, 215, 216, 217, 218, 219, 220, 221, 222, 223, 224, 225, 226, 227, 228, 229, 230, 231, 232, 233, 234, 235 ],
            "B": [ 22, 23, 24, 25, 26, 27 ],
            "Y": [ 236, 237, 238, 239, 240, 241, 242, 243, 244, 245, 246, 247, 248, 249, 250, 251, 252, 253, 254, 255, 256, 257, 258, 259, 260, 261 ]
          }
        },
        "$mul$designs/239/top.sv:17$23": {
          "hide_name": 1,
          "type": "$mul",
          "parameters": {
            "A_SIGNED": "00000000000000000000000000000000",
            "A_WIDTH": "00000000000000000000000000011010",
            "B_SIGNED": "00000000000000000000000000000000",
            "B_WIDTH": "00000000000000000000000000000111",
            "Y_WIDTH": "00000000000000000000000000011010"
          },
          "attributes": {
            "src": "designs/239/top.sv:17.64-17.237"
          },
          "port_directions": {
            "A": "input",
            "B": "input",
            "Y": "output"
          },
          "connections": {
            "A": [ 236, 237, 238, 239, 240, 241, 242, 243, 244, 245, 246, 247, 248, 249, 250, 251, 252, 253, 254, 255, 256, 257, 258, 259, 260, 261 ],
            "B": [ 105, 106, 107, 108, 32, 33, 34 ],
            "Y": [ 35, 36, 37, 38, 39, 40, 41, 42, 43, 44, 45, 46, 47, 48, 49, 50, 51, 52, 53, 54, 55, 56, 57, 58, 59, 60 ]
          }
        },
        "$mul$designs/239/top.sv:17$25": {
          "hide_name": 1,
          "type": "$mul",
          "parameters": {
            "A_SIGNED": "00000000000000000000000000000000",
            "A_WIDTH": "00000000000000000000000000011010",
            "B_SIGNED": "00000000000000000000000000000000",
            "B_WIDTH": "00000000000000000000000000000111",
            "Y_WIDTH": "00000000000000000000000000000110"
          },
          "attributes": {
            "src": "designs/239/top.sv:17.42-17.259"
          },
          "port_directions": {
            "A": "input",
            "B": "input",
            "Y": "output"
          },
          "connections": {
            "A": [ 61, 62, 63, 64, 65, 66, 67, 68, 69, 70, 71, 72, 73, 74, 75, 76, 77, 78, 79, 80, 81, 82, 83, 84, 85, 86 ],
            "B": [ 105, 106, 107, 108, 32, 33, 34 ],
            "Y": [ 262, 263, 264, 265, 266, 267 ]
          }
        },
        "$not$designs/239/top.sv:15$1": {
          "hide_name": 1,
          "type": "$not",
          "parameters": {
            "A_SIGNED": "00000000000000000000000000000000",
            "A_WIDTH": "00000000000000000000000000000110",
            "Y_WIDTH": "00000000000000000000000000000110"
          },
          "attributes": {
            "src": "designs/239/top.sv:15.76-15.87"
          },
          "port_directions": {
            "A": "input",
            "Y": "output"
          },
          "connections": {
            "A": [ 2, 3, 4, 5, 6, 7 ],
            "Y": [ 164, 165, 166, 167, 168, 169 ]
          }
        },
        "$not$designs/239/top.sv:19$29": {
          "hide_name": 1,
          "type": "$not",
          "parameters": {
            "A_SIGNED": "00000000000000000000000000000000",
            "A_WIDTH": "00000000000000000000000000000110",
            "Y_WIDTH": "00000000000000000000000000000110"
          },
          "attributes": {
            "src": "designs/239/top.sv:19.66-19.73"
          },
          "port_directions": {
            "A": "input",
            "Y": "output"
          },
          "connections": {
            "A": [ 105, 106, 107, 108, 32, 33 ],
            "Y": [ 160, 161, 268, 269, 270, 271 ]
          }
        },
        "$or$designs/239/top.sv:15$5": {
          "hide_name": 1,
          "type": "$or",
          "parameters": {
            "A_SIGNED": "00000000000000000000000000000000",
            "A_WIDTH": "00000000000000000000000000000110",
            "B_SIGNED": "00000000000000000000000000000000",
            "B_WIDTH": "00000000000000000000000000000110",
            "Y_WIDTH": "00000000000000000000000000000110"
          },
          "attributes": {
            "src": "designs/239/top.sv:15.22-15.133"
          },
          "port_directions": {
            "A": "input",
            "B": "input",
            "Y": "output"
          },
          "connections": {
            "A": [ 272, 273, 274, 275, 276, 277 ],
            "B": [ 2, 3, 4, 5, 6, 7 ],
            "Y": [ 22, 23, 24, 25, 26, 27 ]
          }
        },
        "$or$designs/239/top.sv:19$33": {
          "hide_name": 1,
          "type": "$or",
          "parameters": {
            "A_SIGNED": "00000000000000000000000000000000",
            "A_WIDTH": "00000000000000000000000000000110",
            "B_SIGNED": "00000000000000000000000000000000",
            "B_WIDTH": "00000000000000000000000000000110",
            "Y_WIDTH": "00000000000000000000000000000110"
          },
          "attributes": {
            "src": "designs/239/top.sv:19.41-19.91"
          },
          "port_directions": {
            "A": "input",
            "B": "input",
            "Y": "output"
          },
          "connections": {
            "A": [ 162, 163, 268, 269, 270, 271 ],
            "B": [ 164, 165, 166, 167, 168, 169 ],
            "Y": [ 278, 279, 280, 281, 282, 283 ]
          }
        },
        "$or$designs/239/top.sv:19$34": {
          "hide_name": 1,
          "type": "$or",
          "parameters": {
            "A_SIGNED": "00000000000000000000000000000000",
            "A_WIDTH": "00000000000000000000000000000110",
            "B_SIGNED": "00000000000000000000000000000000",
            "B_WIDTH": "00000000000000000000000000000110",
            "Y_WIDTH": "00000000000000000000000000000110"
          },
          "attributes": {
            "src": "designs/239/top.sv:19.32-19.102"
          },
          "port_directions": {
            "A": "input",
            "B": "input",
            "Y": "output"
          },
          "connections": {
            "A": [ 278, 279, 280, 281, 282, 283 ],
            "B": [ 105, 106, 107, 108, 32, 33 ],
            "Y": [ 87, 88, 89, 90, 91, 92 ]
          }
        },
        "$reduce_bool$designs/239/top.sv:17$27": {
          "hide_name": 1,
          "type": "$reduce_bool",
          "parameters": {
            "A_SIGNED": "00000000000000000000000000000000",
            "A_WIDTH": "00000000000000000000000000000110",
            "Y_WIDTH": "00000000000000000000000000000001"
          },
          "attributes": {
            "src": "designs/239/top.sv:17.21-17.295"
          },
          "port_directions": {
            "A": "input",
            "Y": "output"
          },
          "connections": {
            "A": [ 22, 23, 24, 25, 26, 27 ],
            "Y": [ 284 ]
          }
        },
        "$sub$designs/239/top.sv:17$12": {
          "hide_name": 1,
          "type": "$sub",
          "parameters": {
            "A_SIGNED": "00000000000000000000000000000000",
            "A_WIDTH": "00000000000000000000000000000111",
            "B_SIGNED": "00000000000000000000000000000000",
            "B_WIDTH": "00000000000000000000000000000101",
            "Y_WIDTH": "00000000000000000000000000001000"
          },
          "attributes": {
            "src": "designs/239/top.sv:17.110-17.163"
          },
          "port_directions": {
            "A": "input",
            "B": "input",
            "Y": "output"
          },
          "connections": {
            "A": [ 133, 134, 135, 136, 137, 138, "0" ],
            "B": [ 23, 24, 25, 26, 27 ],
            "Y": [ 176, 177, 178, 179, 180, 181, 182, 183 ]
          }
        },
        "$sub$designs/239/top.sv:17$17": {
          "hide_name": 1,
          "type": "$sub",
          "parameters": {
            "A_SIGNED": "00000000000000000000000000000000",
            "A_WIDTH": "00000000000000000000000000011010",
            "B_SIGNED": "00000000000000000000000000000000",
            "B_WIDTH": "00000000000000000000000000011010",
            "Y_WIDTH": "00000000000000000000000000011010"
          },
          "attributes": {
            "src": "designs/239/top.sv:17.92-17.191"
          },
          "port_directions": {
            "A": "input",
            "B": "input",
            "Y": "output"
          },
          "connections": {
            "A": [ 184, 185, 186, 187, 188, 189, 190, 191, 192, 193, 194, 195, 196, 197, 198, 199, 200, 201, 202, 203, 204, 205, 206, 207, 208, 209 ],
            "B": [ 121, 122, 123, 124, 125, 126, "1", "1", "1", "1", "1", "1", "1", "1", "1", "1", "1", "1", "1", "1", "1", "1", "1", "1", "1", "1" ],
            "Y": [ 146, 147, 148, 149, 150, 151, 152, 285, 286, 287, 288, 289, 290, 291, 292, 293, 294, 295, 296, 297, 298, 299, 300, 301, 302, 303 ]
          }
        },
        "$sub$designs/239/top.sv:17$21": {
          "hide_name": 1,
          "type": "$sub",
          "parameters": {
            "A_SIGNED": "00000000000000000000000000000000",
            "A_WIDTH": "00000000000000000000000000011010",
            "B_SIGNED": "00000000000000000000000000000000",
            "B_WIDTH": "00000000000000000000000000011010",
            "Y_WIDTH": "00000000000000000000000000011010"
          },
          "attributes": {
            "src": "designs/239/top.sv:17.74-17.216"
          },
          "port_directions": {
            "A": "input",
            "B": "input",
            "Y": "output"
          },
          "connections": {
            "A": [ 153, 154, 155, 156, 157, 158, 159, 285, 286, 287, 288, 289, 290, 291, 292, 293, 294, 295, 296, 297, 298, 299, 300, 301, 302, 303 ],
            "B": [ 121, 122, 123, 124, 125, 126, "1", "1", "1", "1", "1", "1", "1", "1", "1", "1", "1", "1", "1", "1", "1", "1", "1", "1", "1", "1" ],
            "Y": [ 210, 211, 212, 213, 214, 215, 216, 217, 218, 219, 220, 221, 222, 223, 224, 225, 226, 227, 228, 229, 230, 231, 232, 233, 234, 235 ]
          }
        },
        "$sub$designs/239/top.sv:24$49": {
          "hide_name": 1,
          "type": "$sub",
          "parameters": {
            "A_SIGNED": "00000000000000000000000000000000",
            "A_WIDTH": "00000000000000000000000000000011",
            "B_SIGNED": "00000000000000000000000000000000",
            "B_WIDTH": "00000000000000000000000000000111",
            "Y_WIDTH": "00000000000000000000000000001000"
          },
          "attributes": {
            "src": "designs/239/top.sv:24.46-24.75"
          },
          "port_directions": {
            "A": "input",
            "B": "input",
            "Y": "output"
          },
          "connections": {
            "A": [ 109, 110, 111 ],
            "B": [ 105, 106, 107, 108, 32, 33, 34 ],
            "Y": [ 115, 116, 117, 118, 119, 120, 14, 15 ]
          }
        },
        "$ternary$designs/239/top.sv:17$28": {
          "hide_name": 1,
          "type": "$mux",
          "parameters": {
            "WIDTH": "00000000000000000000000000000110"
          },
          "attributes": {
            "src": "designs/239/top.sv:17.21-17.295"
          },
          "port_directions": {
            "A": "input",
            "B": "input",
            "S": "input",
            "Y": "output"
          },
          "connections": {
            "A": [ 105, 106, 107, 108, 32, 33 ],
            "B": [ "0", 263, 264, 265, "0", "0" ],
            "S": [ 284 ],
            "Y": [ 93, 94, 95, 96, 97, 98 ]
          }
        },
        "$xor$designs/239/top.sv:15$3": {
          "hide_name": 1,
          "type": "$xor",
          "parameters": {
            "A_SIGNED": "00000000000000000000000000000000",
            "A_WIDTH": "00000000000000000000000000000110",
            "B_SIGNED": "00000000000000000000000000000000",
            "B_WIDTH": "00000000000000000000000000000110",
            "Y_WIDTH": "00000000000000000000000000000110"
          },
          "attributes": {
            "src": "designs/239/top.sv:15.42-15.103"
          },
          "port_directions": {
            "A": "input",
            "B": "input",
            "Y": "output"
          },
          "connections": {
            "A": [ 170, 171, 172, 173, 174, 175 ],
            "B": [ 2, 3, 4, 5, 6, 7 ],
            "Y": [ 304, 305, 306, 307, 308, 309 ]
          }
        },
        "$xor$designs/239/top.sv:15$4": {
          "hide_name": 1,
          "type": "$xor",
          "parameters": {
            "A_SIGNED": "00000000000000000000000000000000",
            "A_WIDTH": "00000000000000000000000000000110",
            "B_SIGNED": "00000000000000000000000000000000",
            "B_WIDTH": "00000000000000000000000000000110",
            "Y_WIDTH": "00000000000000000000000000000110"
          },
          "attributes": {
            "src": "designs/239/top.sv:15.31-15.118"
          },
          "port_directions": {
            "A": "input",
            "B": "input",
            "Y": "output"
          },
          "connections": {
            "A": [ 304, 305, 306, 307, 308, 309 ],
            "B": [ 2, 3, 4, 5, 6, 7 ],
            "Y": [ 272, 273, 274, 275, 276, 277 ]
          }
        }
      },
      "netnames": {
        "$add$designs/239/top.sv:16$9_Y": {
          "hide_name": 1,
          "bits": [ 28, 29, 30, 31, 32, 33, 34 ],
          "attributes": {
            "src": "designs/239/top.sv:16.43-16.116"
          }
        },
        "$add$designs/239/top.sv:17$24_Y": {
          "hide_name": 1,
          "bits": [ 61, 62, 63, 64, 65, 66, 67, 68, 69, 70, 71, 72, 73, 74, 75, 76, 77, 78, 79, 80, 81, 82, 83, 84, 85, 86 ],
          "attributes": {
            "src": "designs/239/top.sv:17.53-17.248"
          }
        },
        "$add$designs/239/top.sv:19$35_Y": {
          "hide_name": 1,
          "bits": [ 99, 100, 101, 102, 103, 104 ],
          "attributes": {
          }
        },
        "$and$designs/239/top.sv:16$7_Y": {
          "hide_name": 1,
          "bits": [ 127, 128, 129, 130, 131, 132, "0" ],
          "attributes": {
            "src": "designs/239/top.sv:16.61-16.94"
          }
        },
        "$and$designs/239/top.sv:16$8_Y": {
          "hide_name": 1,
          "bits": [ 16, 17, 18, 19, 20, 21, "0" ],
          "attributes": {
            "src": "designs/239/top.sv:16.52-16.105"
          }
        },
        "$and$designs/239/top.sv:17$11_Y": {
          "hide_name": 1,
          "bits": [ 133, 134, 135, 136, 137, 138, "0", "0", "0", "0", "0", "0", "0", "0", "0", "0", "0", "0", "0", "0", "0", "0", "0", "0", "0", "0" ],
          "attributes": {
            "src": "designs/239/top.sv:17.119-17.147"
          }
        },
        "$and$designs/239/top.sv:17$26_Y": {
          "hide_name": 1,
          "bits": [ "0", 263, 264 ],
          "attributes": {
          }
        },
        "$auto$opt_expr.cc:205:group_cell_inputs$60": {
          "hide_name": 1,
          "bits": [ 121, 122, 123, 124, 125, 126 ],
          "attributes": {
          }
        },
        "$auto$opt_expr.cc:205:group_cell_inputs$79": {
          "hide_name": 1,
          "bits": [ 139, 140, 141, 142, 143, 144, 145 ],
          "attributes": {
          }
        },
        "$auto$opt_expr.cc:205:group_cell_inputs$87": {
          "hide_name": 1,
          "bits": [ 153, 154, 155, 156, 157, 158, 159 ],
          "attributes": {
          }
        },
        "$auto$opt_expr.cc:205:group_cell_inputs$89": {
          "hide_name": 1,
          "bits": [ 285, 286, 287, 288, 289, 290, 291, 292, 293, 294, 295, 296, 297, 298, 299, 300, 301, 302, 303 ],
          "attributes": {
          }
        },
        "$auto$opt_expr.cc:205:group_cell_inputs$94": {
          "hide_name": 1,
          "bits": [ 162, 163 ],
          "attributes": {
          }
        },
        "$auto$opt_expr.cc:205:group_cell_inputs$96": {
          "hide_name": 1,
          "bits": [ 268, 269, 270, 271 ],
          "attributes": {
          }
        },
        "$auto$wreduce.cc:514:run$57": {
          "hide_name": 1,
          "bits": [ 160, 161, 268, 269, 270, 271, 310, 311, 312, 313 ],
          "attributes": {
            "src": "designs/239/top.sv:19.66-19.73",
            "unused_bits": "6 7 8 9"
          }
        },
        "$auto$wreduce.cc:514:run$58": {
          "hide_name": 1,
          "bits": [ "0", 263, 264, 265, "0", "0", 314, 315, 316, 317, 318, 319, 320, 321, 322, 323, 324, 325, 326, 327, 328, 329, 330, 331, 332, 333, 334, 335, 336, 337, "0" ],
          "attributes": {
            "src": "designs/239/top.sv:17.31-17.277",
            "unused_bits": "6 7 8 9 10 11 12 13 14 15 16 17 18 19 20 21 22 23 24 25 26 27 28 29"
          }
        },
        "$auto$wreduce.cc:514:run$59": {
          "hide_name": 1,
          "bits": [ 236, 237, 238, 239, 240, 241, 242, 243, 244, 245, 246, 247, 248, 249, 250, 251, 252, 253, 254, 255, 256, 257, 258, 259, 260, 261 ],
          "attributes": {
            "src": "designs/239/top.sv:17.65-17.227"
          }
        },
        "$mul$designs/239/top.sv:15$2_Y": {
          "hide_name": 1,
          "bits": [ 170, 171, 172, 173, 174, 175 ],
          "attributes": {
            "src": "designs/239/top.sv:15.51-15.88"
          }
        },
        "$mul$designs/239/top.sv:17$14_Y": {
          "hide_name": 1,
          "bits": [ 184, 185, 186, 187, 188, 189, 190, 191, 192, 193, 194, 195, 196, 197, 198, 199, 200, 201, 202, 203, 204, 205, 206, 207, 208, 209 ],
          "attributes": {
            "src": "designs/239/top.sv:17.101-17.177"
          }
        },
        "$mul$designs/239/top.sv:17$23_Y": {
          "hide_name": 1,
          "bits": [ 35, 36, 37, 38, 39, 40, 41, 42, 43, 44, 45, 46, 47, 48, 49, 50, 51, 52, 53, 54, 55, 56, 57, 58, 59, 60 ],
          "attributes": {
            "src": "designs/239/top.sv:17.64-17.237"
          }
        },
        "$mul$designs/239/top.sv:17$25_Y": {
          "hide_name": 1,
          "bits": [ 262, 263, 264, 265, 266, 267, 338, 339, 340, 341, 342, 343, 344, 345, 346, 347, 348, 349, 350, 351, 352, 353, 354, 355, 356, 357 ],
          "attributes": {
            "src": "designs/239/top.sv:17.42-17.259",
            "unused_bits": "0 4 5 6 7 8 9 10 11 12 13 14 15 16 17 18 19 20 21 22 23 24 25"
          }
        },
        "$not$designs/239/top.sv:15$1_Y": {
          "hide_name": 1,
          "bits": [ 164, 165, 166, 167, 168, 169 ],
          "attributes": {
            "src": "designs/239/top.sv:15.76-15.87"
          }
        },
        "$or$designs/239/top.sv:19$33_Y": {
          "hide_name": 1,
          "bits": [ 278, 279, 280, 281, 282, 283, 358, 359, 360, 361 ],
          "attributes": {
            "src": "designs/239/top.sv:19.41-19.91",
            "unused_bits": "6 7 8 9"
          }
        },
        "$or$designs/239/top.sv:19$34_Y": {
          "hide_name": 1,
          "bits": [ 87, 88, 89, 90, 91, 92, 362, 363, 364, 365, "0", "0", "0", "0", "0", "0", "0", "0", "0", "0", "0", "0", "0", "0", "0", "0", "0", "0", "0", "0", "0" ],
          "attributes": {
            "src": "designs/239/top.sv:19.32-19.102",
            "unused_bits": "6 7 8 9"
          }
        },
        "$reduce_bool$designs/239/top.sv:17$27_Y": {
          "hide_name": 1,
          "bits": [ 284 ],
          "attributes": {
            "src": "designs/239/top.sv:17.21-17.295"
          }
        },
        "$sub$designs/239/top.sv:17$12_Y": {
          "hide_name": 1,
          "bits": [ 176, 177, 178, 179, 180, 181, 182, 183, 183, 183, 183, 183, 183, 183, 183, 183, 183, 183, 183, 183, 183, 183, 183, 183, 183, 183 ],
          "attributes": {
            "src": "designs/239/top.sv:17.110-17.163"
          }
        },
        "$sub$designs/239/top.sv:17$17_Y": {
          "hide_name": 1,
          "bits": [ 146, 147, 148, 149, 150, 151, 152, 285, 286, 287, 288, 289, 290, 291, 292, 293, 294, 295, 296, 297, 298, 299, 300, 301, 302, 303 ],
          "attributes": {
            "src": "designs/239/top.sv:17.92-17.191"
          }
        },
        "$sub$designs/239/top.sv:17$21_Y": {
          "hide_name": 1,
          "bits": [ 210, 211, 212, 213, 214, 215, 216, 217, 218, 219, 220, 221, 222, 223, 224, 225, 226, 227, 228, 229, 230, 231, 232, 233, 234, 235 ],
          "attributes": {
            "src": "designs/239/top.sv:17.74-17.216"
          }
        },
        "$sub$designs/239/top.sv:24$49_Y": {
          "hide_name": 1,
          "bits": [ 115, 116, 117, 118, 119, 120, 14, 15, 15, 15, 15, 15, 15, 15, 15, 15, 15, 15, 15, 15, 15, 15, 15, 15, 15, 15 ],
          "attributes": {
            "src": "designs/239/top.sv:24.46-24.75"
          }
        },
        "$xor$designs/239/top.sv:15$3_Y": {
          "hide_name": 1,
          "bits": [ 304, 305, 306, 307, 308, 309 ],
          "attributes": {
            "src": "designs/239/top.sv:15.42-15.103"
          }
        },
        "$xor$designs/239/top.sv:15$4_Y": {
          "hide_name": 1,
          "bits": [ 272, 273, 274, 275, 276, 277 ],
          "attributes": {
            "src": "designs/239/top.sv:15.31-15.118"
          }
        },
        "input_data": {
          "hide_name": 0,
          "bits": [ 2, 3, 4, 5, 6, 7 ],
          "attributes": {
            "src": "designs/239/top.sv:2.17-2.27"
          }
        },
        "output_data": {
          "hide_name": 0,
          "bits": [ 8, 9, 10, 11, 12, 13, 14, 15, 15, 15 ],
          "attributes": {
            "src": "designs/239/top.sv:3.18-3.29"
          }
        },
        "temp_0": {
          "hide_name": 0,
          "bits": [ 22, 23, 24, 25, 26, 27, "0" ],
          "attributes": {
            "src": "designs/239/top.sv:6.17-6.23"
          }
        },
        "temp_1": {
          "hide_name": 0,
          "bits": [ 105, 106, 107, 108, 32, 33, 34, "0", "0", "0", "0", "0", "0", "0", "0", "0", "0", "0", "0", "0", "0", "0", "0", "0", "0", "0" ],
          "attributes": {
            "src": "designs/239/top.sv:7.18-7.24"
          }
        },
        "temp_2": {
          "hide_name": 0,
          "bits": [ 93, 94, 95, 96, 97, 98, "x", "x", "x", "x", "x", "x", "x", "x", "x", "x", "x", "x", "x", "x", "x", "x", "x", "x", "x", "x", "x", "x", "x", "x", "0" ],
          "attributes": {
            "src": "designs/239/top.sv:8.18-8.24"
          }
        },
        "temp_4": {
          "hide_name": 0,
          "bits": [ 109, 110, 111, 112, 113, 114 ],
          "attributes": {
            "src": "designs/239/top.sv:10.17-10.23"
          }
        }
      }
    }
  }
}
