{
  "creator": "Yosys 0.60 (git sha1 5bafeb77dc71e054fa331ab9efa613e6fb0a1c49, clang++ 17.0.0 -fPIC -O3)",
  "modules": {
    "top": {
      "attributes": {
        "top": "00000000000000000000000000000001",
        "src": "designs/167/top.sv:1.1-38.10"
      },
      "ports": {
        "input_data": {
          "direction": "input",
          "bits": [ 2, 3, 4, 5 ]
        },
        "output_data": {
          "direction": "output",
          "bits": [ 6, 7, 8, 9, 10, 11, 12, 13, 14, 15, 16, 17, 18, 19, 20, 21, 22, 23, 24 ]
        }
      },
      "cells": {
        "$add$designs/167/top.sv:22$4": {
          "hide_name": 1,
          "type": "$add",
          "parameters": {
            "A_SIGNED": "00000000000000000000000000000000",
            "A_WIDTH": "00000000000000000000000000001001",
            "B_SIGNED": "00000000000000000000000000000000",
            "B_WIDTH": "00000000000000000000000000000100",
            "Y_WIDTH": "00000000000000000000000000001001"
          },
          "attributes": {
            "src": "designs/167/top.sv:22.45-22.119"
          },
          "port_directions": {
            "A": "input",
            "B": "input",
            "Y": "output"
          },
          "connections": {
            "A": [ 25, 26, 27, 28, 29, 30, 31, 32, 33 ],
            "B": [ 2, 3, 4, 5 ],
            "Y": [ 34, 35, 36, 37, 38, 39, 40, 41, 42 ]
          }
        },
        "$add$designs/167/top.sv:36$59": {
          "hide_name": 1,
          "type": "$add",
          "parameters": {
            "A_SIGNED": "00000000000000000000000000000000",
            "A_WIDTH": "00000000000000000000000000001111",
            "B_SIGNED": "00000000000000000000000000000000",
            "B_WIDTH": "00000000000000000000000000001111",
            "Y_WIDTH": "00000000000000000000000000010000"
          },
          "attributes": {
            "src": "designs/167/top.sv:36.28-36.96"
          },
          "port_directions": {
            "A": "input",
            "B": "input",
            "Y": "output"
          },
          "connections": {
            "A": [ 43, 44, 45, 46, 47, 48, 49, 50, 51, 52, 53, 54, 55, 56, 57 ],
            "B": [ 58, 59, 60, 61, 62, 63, 64, 65, 66, 67, 68, 69, 70, 71, 72 ],
            "Y": [ 73, 74, 75, 76, 77, 78, 79, 80, 81, 82, 83, 84, 85, 86, 87, 88 ]
          }
        },
        "$and$designs/167/top.sv:22$3": {
          "hide_name": 1,
          "type": "$and",
          "parameters": {
            "A_SIGNED": "00000000000000000000000000000000",
            "A_WIDTH": "00000000000000000000000000001001",
            "B_SIGNED": "00000000000000000000000000000000",
            "B_WIDTH": "00000000000000000000000000001001",
            "Y_WIDTH": "00000000000000000000000000001001"
          },
          "attributes": {
            "src": "designs/167/top.sv:22.54-22.104"
          },
          "port_directions": {
            "A": "input",
            "B": "input",
            "Y": "output"
          },
          "connections": {
            "A": [ 89, 90, 91, 92, 93, 94, 95, 96, 97 ],
            "B": [ 98, 99, 100, 101, 102, 102, 102, 102, 102 ],
            "Y": [ 25, 26, 27, 28, 29, 30, 31, 32, 33 ]
          }
        },
        "$auto$opt_expr.cc:276:group_cell_inputs$92": {
          "hide_name": 1,
          "type": "$xor",
          "parameters": {
            "A_SIGNED": "00000000000000000000000000000000",
            "A_WIDTH": "00000000000000000000000000000001",
            "B_SIGNED": "00000000000000000000000000000000",
            "B_WIDTH": "00000000000000000000000000000001",
            "Y_WIDTH": "00000000000000000000000000000001"
          },
          "attributes": {
          },
          "port_directions": {
            "A": "input",
            "B": "input",
            "Y": "output"
          },
          "connections": {
            "A": [ 103 ],
            "B": [ 58 ],
            "Y": [ 104 ]
          }
        },
        "$auto$opt_expr.cc:276:group_cell_inputs$95": {
          "hide_name": 1,
          "type": "$not",
          "parameters": {
            "A_SIGNED": "00000000000000000000000000000000",
            "A_WIDTH": "00000000000000000000000000000110",
            "Y_WIDTH": "00000000000000000000000000000110"
          },
          "attributes": {
          },
          "port_directions": {
            "A": "input",
            "Y": "output"
          },
          "connections": {
            "A": [ 105, 106, 107, 108, 109, 110 ],
            "Y": [ 111, 112, 113, 114, 115, 116 ]
          }
        },
        "$auto$opt_expr.cc:716:replace_const_cells$107": {
          "hide_name": 1,
          "type": "$not",
          "parameters": {
            "A_SIGNED": "00000000000000000000000000000000",
            "A_WIDTH": "00000000000000000000000000000010",
            "Y_WIDTH": "00000000000000000000000000000010"
          },
          "attributes": {
          },
          "port_directions": {
            "A": "input",
            "Y": "output"
          },
          "connections": {
            "A": [ 117, 118 ],
            "Y": [ 119, 120 ]
          }
        },
        "$mul$designs/167/top.sv:22$2": {
          "hide_name": 1,
          "type": "$mul",
          "parameters": {
            "A_SIGNED": "00000000000000000000000000000001",
            "A_WIDTH": "00000000000000000000000000000101",
            "B_SIGNED": "00000000000000000000000000000001",
            "B_WIDTH": "00000000000000000000000000000101",
            "Y_WIDTH": "00000000000000000000000000001001"
          },
          "attributes": {
            "src": "designs/167/top.sv:22.63-22.93"
          },
          "port_directions": {
            "A": "input",
            "B": "input",
            "Y": "output"
          },
          "connections": {
            "A": [ 2, 3, 4, 5, "0" ],
            "B": [ 98, 99, 100, 101, 102 ],
            "Y": [ 89, 90, 91, 92, 93, 94, 95, 96, 97 ]
          }
        },
        "$mul$designs/167/top.sv:27$22": {
          "hide_name": 1,
          "type": "$mul",
          "parameters": {
            "A_SIGNED": "00000000000000000000000000000000",
            "A_WIDTH": "00000000000000000000000000011111",
            "B_SIGNED": "00000000000000000000000000000000",
            "B_WIDTH": "00000000000000000000000000001001",
            "Y_WIDTH": "00000000000000000000000000011111"
          },
          "attributes": {
            "src": "designs/167/top.sv:27.30-27.104"
          },
          "port_directions": {
            "A": "input",
            "B": "input",
            "Y": "output"
          },
          "connections": {
            "A": [ 121, 122, 123, 124, 125, 126, 127, 128, 129, 130, 131, 132, 133, 134, 135, 136, 137, 138, 139, 140, 141, 142, 143, 144, 145, 146, 147, 148, 149, 149, 149 ],
            "B": [ 98, 99, 100, 101, 102, 102, 102, 102, 102 ],
            "Y": [ 150, 151, 152, 153, 154, 155, 156, 157, 158, 159, 160, 161, 162, 163, 164, 165, 166, 167, 168, 169, 170, 171, 172, 173, 174, 175, 176, 177, 178, 179, 180 ]
          }
        },
        "$mul$designs/167/top.sv:29$30": {
          "hide_name": 1,
          "type": "$mul",
          "parameters": {
            "A_SIGNED": "00000000000000000000000000000000",
            "A_WIDTH": "00000000000000000000000000010001",
            "B_SIGNED": "00000000000000000000000000000000",
            "B_WIDTH": "00000000000000000000000000011111",
            "Y_WIDTH": "00000000000000000000000000011111"
          },
          "attributes": {
            "src": "designs/167/top.sv:29.33-29.77"
          },
          "port_directions": {
            "A": "input",
            "B": "input",
            "Y": "output"
          },
          "connections": {
            "A": [ 181, 182, 183, 184, 185, 186, 187, 188, 189, 190, 190, 190, 190, 190, 190, 190, 190 ],
            "B": [ 150, 151, 152, 153, 154, 155, 156, 157, 158, 159, 160, 161, 162, 163, 164, 165, 166, 167, 168, 169, 170, 171, 172, 173, 174, 175, 176, 177, 178, 179, 180 ],
            "Y": [ 117, 191, 118, 192, 193, 194, 195, 196, 197, 198, 199, 200, 201, 202, 203, 204, 205, 206, 207, 208, 209, 210, 211, 212, 213, 214, 215, 216, 217, 218, 219 ]
          }
        },
        "$mul$designs/167/top.sv:29$33": {
          "hide_name": 1,
          "type": "$mul",
          "parameters": {
            "A_SIGNED": "00000000000000000000000000000000",
            "A_WIDTH": "00000000000000000000000000011111",
            "B_SIGNED": "00000000000000000000000000000000",
            "B_WIDTH": "00000000000000000000000000001111",
            "Y_WIDTH": "00000000000000000000000000001111"
          },
          "attributes": {
            "src": "designs/167/top.sv:29.22-29.118"
          },
          "port_directions": {
            "A": "input",
            "B": "input",
            "Y": "output"
          },
          "connections": {
            "A": [ 220, 221, 222, 223, 224, 225, 226, 227, 228, 229, 230, 231, 232, 233, 234, 235, 236, 237, 238, 239, 240, 241, 242, 243, 244, 245, 246, 247, 248, 249, 250 ],
            "B": [ "1", "1", "1", "1", "1", "0", "1", "0", "1", "1", "0", "1", "1", "1", "1" ],
            "Y": [ 58, 59, 60, 61, 62, 63, 64, 65, 66, 67, 68, 69, 70, 71, 72 ]
          }
        },
        "$not$designs/167/top.sv:34$55": {
          "hide_name": 1,
          "type": "$not",
          "parameters": {
            "A_SIGNED": "00000000000000000000000000000000",
            "A_WIDTH": "00000000000000000000000000001010",
            "Y_WIDTH": "00000000000000000000000000001010"
          },
          "attributes": {
            "src": "designs/167/top.sv:34.73-34.81"
          },
          "port_directions": {
            "A": "input",
            "Y": "output"
          },
          "connections": {
            "A": [ 251, 252, 253, 254, 255, 256, 257, 258, 259, 260 ],
            "Y": [ 261, 262, 263, 264, 265, 266, 267, 268, 269, 103 ]
          }
        },
        "$or$designs/167/top.sv:22$5": {
          "hide_name": 1,
          "type": "$or",
          "parameters": {
            "A_SIGNED": "00000000000000000000000000000000",
            "A_WIDTH": "00000000000000000000000000001001",
            "B_SIGNED": "00000000000000000000000000000000",
            "B_WIDTH": "00000000000000000000000000001001",
            "Y_WIDTH": "00000000000000000000000000001001"
          },
          "attributes": {
            "src": "designs/167/top.sv:22.36-22.130"
          },
          "port_directions": {
            "A": "input",
            "B": "input",
            "Y": "output"
          },
          "connections": {
            "A": [ 34, 35, 36, 37, 38, 39, 40, 41, 42 ],
            "B": [ 98, 99, 100, 101, 102, 102, 102, 102, 102 ],
            "Y": [ 270, 105, 271, 272, 106, 107, 108, 109, 110 ]
          }
        },
        "$sub$designs/167/top.sv:20$1": {
          "hide_name": 1,
          "type": "$sub",
          "parameters": {
            "A_SIGNED": "00000000000000000000000000000000",
            "A_WIDTH": "00000000000000000000000000000100",
            "B_SIGNED": "00000000000000000000000000000000",
            "B_WIDTH": "00000000000000000000000000000100",
            "Y_WIDTH": "00000000000000000000000000000101"
          },
          "attributes": {
            "src": "designs/167/top.sv:20.22-20.54"
          },
          "port_directions": {
            "A": "input",
            "B": "input",
            "Y": "output"
          },
          "connections": {
            "A": [ 2, 3, 4, 5 ],
            "B": [ 2, 3, 4, 5 ],
            "Y": [ 98, 99, 100, 101, 102 ]
          }
        },
        "$sub$designs/167/top.sv:27$21": {
          "hide_name": 1,
          "type": "$sub",
          "parameters": {
            "A_SIGNED": "00000000000000000000000000000000",
            "A_WIDTH": "00000000000000000000000000011100",
            "B_SIGNED": "00000000000000000000000000000000",
            "B_WIDTH": "00000000000000000000000000000100",
            "Y_WIDTH": "00000000000000000000000000011101"
          },
          "attributes": {
            "src": "designs/167/top.sv:27.31-27.94"
          },
          "port_directions": {
            "A": "input",
            "B": "input",
            "Y": "output"
          },
          "connections": {
            "A": [ "1", 3, "1", "1", "0", "1", "0", "1", "0", "1", "0", "1", "1", "1", "0", "0", "1", "1", "1", "1", "1", "1", "1", "1", "0", "0", "0", "1" ],
            "B": [ 2, 3, 4, 5 ],
            "Y": [ 121, 122, 123, 124, 125, 126, 127, 128, 129, 130, 131, 132, 133, 134, 135, 136, 137, 138, 139, 140, 141, 142, 143, 144, 145, 146, 147, 148, 149 ]
          }
        },
        "$sub$designs/167/top.sv:29$29": {
          "hide_name": 1,
          "type": "$sub",
          "parameters": {
            "A_SIGNED": "00000000000000000000000000000000",
            "A_WIDTH": "00000000000000000000000000001000",
            "B_SIGNED": "00000000000000000000000000000000",
            "B_WIDTH": "00000000000000000000000000001001",
            "Y_WIDTH": "00000000000000000000000000001010"
          },
          "attributes": {
            "src": "designs/167/top.sv:29.44-29.66"
          },
          "port_directions": {
            "A": "input",
            "B": "input",
            "Y": "output"
          },
          "connections": {
            "A": [ "1", "1", "1", "0", "1", "1", "0", "1" ],
            "B": [ 98, 99, 100, 101, 102, 102, 102, 102, 102 ],
            "Y": [ 181, 182, 183, 184, 185, 186, 187, 188, 189, 190 ]
          }
        },
        "$sub$designs/167/top.sv:29$32": {
          "hide_name": 1,
          "type": "$sub",
          "parameters": {
            "A_SIGNED": "00000000000000000000000000000000",
            "A_WIDTH": "00000000000000000000000000011111",
            "B_SIGNED": "00000000000000000000000000000000",
            "B_WIDTH": "00000000000000000000000000001001",
            "Y_WIDTH": "00000000000000000000000000011111"
          },
          "attributes": {
            "src": "designs/167/top.sv:29.23-29.105"
          },
          "port_directions": {
            "A": "input",
            "B": "input",
            "Y": "output"
          },
          "connections": {
            "A": [ 119, 191, 120, 192, 193, 194, 195, 196, 197, 198, 199, 200, 201, 202, 203, 204, 205, 206, 207, 208, 209, 210, 211, 212, 213, 214, 215, 216, 217, 218, 219 ],
            "B": [ 98, 99, 100, 101, 102, 102, 102, 102, 102 ],
            "Y": [ 220, 221, 222, 223, 224, 225, 226, 227, 228, 229, 230, 231, 232, 233, 234, 235, 236, 237, 238, 239, 240, 241, 242, 243, 244, 245, 246, 247, 248, 249, 250 ]
          }
        },
        "$sub$designs/167/top.sv:32$49": {
          "hide_name": 1,
          "type": "$sub",
          "parameters": {
            "A_SIGNED": "00000000000000000000000000000000",
            "A_WIDTH": "00000000000000000000000000000001",
            "B_SIGNED": "00000000000000000000000000000000",
            "B_WIDTH": "00000000000000000000000000001010",
            "Y_WIDTH": "00000000000000000000000000001010"
          },
          "attributes": {
            "src": "designs/167/top.sv:32.23-32.76"
          },
          "port_directions": {
            "A": "input",
            "B": "input",
            "Y": "output"
          },
          "connections": {
            "A": [ "0" ],
            "B": [ 58, 59, 60, 61, 62, 63, 64, 65, 66, 67 ],
            "Y": [ 251, 252, 253, 254, 255, 256, 257, 258, 259, 260 ]
          }
        },
        "$sub$designs/167/top.sv:36$58": {
          "hide_name": 1,
          "type": "$sub",
          "parameters": {
            "A_SIGNED": "00000000000000000000000000000000",
            "A_WIDTH": "00000000000000000000000000000110",
            "B_SIGNED": "00000000000000000000000000000000",
            "B_WIDTH": "00000000000000000000000000001111",
            "Y_WIDTH": "00000000000000000000000000001111"
          },
          "attributes": {
            "src": "designs/167/top.sv:36.39-36.85"
          },
          "port_directions": {
            "A": "input",
            "B": "input",
            "Y": "output"
          },
          "connections": {
            "A": [ 104, 59, 60, 61, 62, 63 ],
            "B": [ 58, 59, 60, 61, 62, 63, 64, 65, 66, 67, 68, 69, 70, 71, 72 ],
            "Y": [ 43, 44, 45, 46, 47, 48, 49, 50, 51, 52, 53, 54, 55, 56, 57 ]
          }
        },
        "$sub$designs/167/top.sv:36$60": {
          "hide_name": 1,
          "type": "$sub",
          "parameters": {
            "A_SIGNED": "00000000000000000000000000000000",
            "A_WIDTH": "00000000000000000000000000010000",
            "B_SIGNED": "00000000000000000000000000000000",
            "B_WIDTH": "00000000000000000000000000010011",
            "Y_WIDTH": "00000000000000000000000000010011"
          },
          "attributes": {
            "src": "designs/167/top.sv:36.27-36.106"
          },
          "port_directions": {
            "A": "input",
            "B": "input",
            "Y": "output"
          },
          "connections": {
            "A": [ 73, 74, 75, 76, 77, 78, 79, 80, 81, 82, 83, 84, 85, 86, 87, 88 ],
            "B": [ 270, 111, 271, 272, 112, 113, 114, 115, 116, "1", "1", "0", "1", "0", "1", "1", "1", "0", "1" ],
            "Y": [ 6, 7, 8, 9, 10, 11, 12, 13, 14, 15, 16, 17, 18, 19, 20, 21, 22, 23, 24 ]
          }
        }
      },
      "netnames": {
        "$add$designs/167/top.sv:22$4_Y": {
          "hide_name": 1,
          "bits": [ 34, 35, 36, 37, 38, 39, 40, 41, 42 ],
          "attributes": {
            "src": "designs/167/top.sv:22.45-22.119"
          }
        },
        "$add$designs/167/top.sv:36$59_Y": {
          "hide_name": 1,
          "bits": [ 73, 74, 75, 76, 77, 78, 79, 80, 81, 82, 83, 84, 85, 86, 87, 88 ],
          "attributes": {
          }
        },
        "$and$designs/167/top.sv:22$3_Y": {
          "hide_name": 1,
          "bits": [ 25, 26, 27, 28, 29, 30, 31, 32, 33 ],
          "attributes": {
            "src": "designs/167/top.sv:22.54-22.104"
          }
        },
        "$auto$opt_expr.cc:205:group_cell_inputs$68": {
          "hide_name": 1,
          "bits": [ 119, 120 ],
          "attributes": {
          }
        },
        "$auto$opt_expr.cc:205:group_cell_inputs$70": {
          "hide_name": 1,
          "bits": [ 191, 192, 193, 194, 195, 196, 197, 198, 199, 200, 201, 202, 203, 204, 205, 206, 207, 208, 209, 210, 211, 212, 213, 214, 215, 216, 217, 218, 219 ],
          "attributes": {
          }
        },
        "$auto$opt_expr.cc:205:group_cell_inputs$91": {
          "hide_name": 1,
          "bits": [ 104 ],
          "attributes": {
          }
        },
        "$auto$wreduce.cc:514:run$62": {
          "hide_name": 1,
          "bits": [ 43, 44, 45, 46, 47, 48, 49, 50, 51, 52, 53, 54, 55, 56, 57 ],
          "attributes": {
            "src": "designs/167/top.sv:36.39-36.85"
          }
        },
        "$auto$wreduce.cc:514:run$64": {
          "hide_name": 1,
          "bits": [ 261, 262, 263, 264, 265, 266, 267, 268, 269, 103, 273, 274, 275, 276, 277, 278, 279, 280, 281, 282, 283, 284, 285, 286, 287, 288, 289, 290, 291, 292, 293 ],
          "attributes": {
            "src": "designs/167/top.sv:34.73-34.81",
            "unused_bits": "0 1 2 3 4 5 6 7 8 10 11 12 13 14 15 16 17 18 19 20 21 22 23 24 25 26 27 28 29 30"
          }
        },
        "$mul$designs/167/top.sv:22$2_Y": {
          "hide_name": 1,
          "bits": [ 89, 90, 91, 92, 93, 94, 95, 96, 97 ],
          "attributes": {
            "src": "designs/167/top.sv:22.63-22.93"
          }
        },
        "$mul$designs/167/top.sv:29$30_Y": {
          "hide_name": 1,
          "bits": [ 117, 191, 118, 192, 193, 194, 195, 196, 197, 198, 199, 200, 201, 202, 203, 204, 205, 206, 207, 208, 209, 210, 211, 212, 213, 214, 215, 216, 217, 218, 219 ],
          "attributes": {
            "src": "designs/167/top.sv:29.33-29.77"
          }
        },
        "$or$designs/167/top.sv:22$5_Y": {
          "hide_name": 1,
          "bits": [ 270, 105, 271, 272, 106, 107, 108, 109, 110, "0", "0", "0", "0", "0", "0", "0", "0", "0", "0", "0", "0", "0", "0", "0" ],
          "attributes": {
            "src": "designs/167/top.sv:22.36-22.130"
          }
        },
        "$sub$designs/167/top.sv:27$21_Y": {
          "hide_name": 1,
          "bits": [ 121, 122, 123, 124, 125, 126, 127, 128, 129, 130, 131, 132, 133, 134, 135, 136, 137, 138, 139, 140, 141, 142, 143, 144, 145, 146, 147, 148, 149, 149, 149 ],
          "attributes": {
            "src": "designs/167/top.sv:27.31-27.94"
          }
        },
        "$sub$designs/167/top.sv:29$29_Y": {
          "hide_name": 1,
          "bits": [ 181, 182, 183, 184, 185, 186, 187, 188, 189, 190, 190, 190, 190, 190, 190, 190, 190 ],
          "attributes": {
            "src": "designs/167/top.sv:29.44-29.66"
          }
        },
        "$sub$designs/167/top.sv:29$32_Y": {
          "hide_name": 1,
          "bits": [ 220, 221, 222, 223, 224, 225, 226, 227, 228, 229, 230, 231, 232, 233, 234, 235, 236, 237, 238, 239, 240, 241, 242, 243, 244, 245, 246, 247, 248, 249, 250 ],
          "attributes": {
            "src": "designs/167/top.sv:29.23-29.105"
          }
        },
        "expr_634376": {
          "hide_name": 0,
          "bits": [ 270, 111, 271, 272, 112, 113, 114, 115, 116, "1", "1", "0", "1", "0", "1", "1", "1", "0", "1", "1", "0", "1", "0", "0", "0" ],
          "attributes": {
            "src": "designs/167/top.sv:21.18-21.29"
          }
        },
        "input_data": {
          "hide_name": 0,
          "bits": [ 2, 3, 4, 5 ],
          "attributes": {
            "src": "designs/167/top.sv:2.17-2.27"
          }
        },
        "output_data": {
          "hide_name": 0,
          "bits": [ 6, 7, 8, 9, 10, 11, 12, 13, 14, 15, 16, 17, 18, 19, 20, 21, 22, 23, 24 ],
          "attributes": {
            "src": "designs/167/top.sv:3.19-3.30"
          }
        },
        "temp_0": {
          "hide_name": 0,
          "bits": [ 98, 99, 100, 101, 102, 102, 102, 102, 102 ],
          "attributes": {
            "src": "designs/167/top.sv:6.17-6.23"
          }
        },
        "temp_10": {
          "hide_name": 0,
          "bits": [ 251, 252, 253, 254, 255, 256, 257, 258, 259, 260, "x", "x", "x", "x", "x", "x", "x", "x", "x", "x", "x", "x", "x", "x", "x", "x", "x", "x", "x", "x", "x" ],
          "attributes": {
            "src": "designs/167/top.sv:16.18-16.25"
          }
        },
        "temp_12": {
          "hide_name": 0,
          "bits": [ "x", 262, 263, 264, 265, 266, 267, 268, 269, 103 ],
          "attributes": {
            "src": "designs/167/top.sv:18.17-18.24",
            "unused_bits": "1 2 3 4 5 6 7 8"
          }
        },
        "temp_5": {
          "hide_name": 0,
          "bits": [ 150, 151, 152, 153, 154, 155, 156, 157, 158, 159, 160, 161, 162, 163, 164, 165, 166, 167, 168, 169, 170, 171, 172, 173, 174, 175, 176, 177, 178, 179, 180 ],
          "attributes": {
            "src": "designs/167/top.sv:11.18-11.24"
          }
        },
        "temp_7": {
          "hide_name": 0,
          "bits": [ 58, 59, 60, 61, 62, 63, 64, 65, 66, 67, 68, 69, 70, 71, 72 ],
          "attributes": {
            "src": "designs/167/top.sv:13.18-13.24"
          }
        }
      }
    }
  }
}
