{
  "creator": "Yosys 0.60 (git sha1 5bafeb77dc71e054fa331ab9efa613e6fb0a1c49, clang++ 17.0.0 -fPIC -O3)",
  "modules": {
    "top": {
      "attributes": {
        "top": "00000000000000000000000000000001",
        "src": "designs/214/top.sv:1.1-38.10"
      },
      "ports": {
        "input_data": {
          "direction": "input",
          "bits": [ 2, 3, 4, 5, 6 ]
        },
        "output_data": {
          "direction": "output",
          "bits": [ 7, 8, 9, 10, 11, 12, 13, 14, 14, 14 ]
        }
      },
      "cells": {
        "$add$designs/214/top.sv:23$3": {
          "hide_name": 1,
          "type": "$add",
          "parameters": {
            "A_SIGNED": "00000000000000000000000000000000",
            "A_WIDTH": "00000000000000000000000000000101",
            "B_SIGNED": "00000000000000000000000000000000",
            "B_WIDTH": "00000000000000000000000000000100",
            "Y_WIDTH": "00000000000000000000000000000101"
          },
          "attributes": {
            "src": "designs/214/top.sv:23.22-23.68"
          },
          "port_directions": {
            "A": "input",
            "B": "input",
            "Y": "output"
          },
          "connections": {
            "A": [ 15, 16, 17, 18, 19 ],
            "B": [ 2, 3, 4, 5 ],
            "Y": [ 20, 21, 22, 23, 24 ]
          }
        },
        "$add$designs/214/top.sv:24$6": {
          "hide_name": 1,
          "type": "$add",
          "parameters": {
            "A_SIGNED": "00000000000000000000000000000000",
            "A_WIDTH": "00000000000000000000000000000101",
            "B_SIGNED": "00000000000000000000000000000000",
            "B_WIDTH": "00000000000000000000000000000101",
            "Y_WIDTH": "00000000000000000000000000000110"
          },
          "attributes": {
            "src": "designs/214/top.sv:24.32-24.112"
          },
          "port_directions": {
            "A": "input",
            "B": "input",
            "Y": "output"
          },
          "connections": {
            "A": [ 25, 26, 27, 28, 29 ],
            "B": [ 2, 3, 4, 5, 6 ],
            "Y": [ 30, 31, 32, 33, 34, 35 ]
          }
        },
        "$add$designs/214/top.sv:24$7": {
          "hide_name": 1,
          "type": "$add",
          "parameters": {
            "A_SIGNED": "00000000000000000000000000000000",
            "A_WIDTH": "00000000000000000000000000000110",
            "B_SIGNED": "00000000000000000000000000000000",
            "B_WIDTH": "00000000000000000000000000000100",
            "Y_WIDTH": "00000000000000000000000000000111"
          },
          "attributes": {
            "src": "designs/214/top.sv:24.31-24.122"
          },
          "port_directions": {
            "A": "input",
            "B": "input",
            "Y": "output"
          },
          "connections": {
            "A": [ 30, 31, 32, 33, 34, 35 ],
            "B": [ 2, 3, 4, 5 ],
            "Y": [ 36, 37, 38, 39, 40, 41, 42 ]
          }
        },
        "$add$designs/214/top.sv:34$42": {
          "hide_name": 1,
          "type": "$add",
          "parameters": {
            "A_SIGNED": "00000000000000000000000000000000",
            "A_WIDTH": "00000000000000000000000000000110",
            "B_SIGNED": "00000000000000000000000000000000",
            "B_WIDTH": "00000000000000000000000000000101",
            "Y_WIDTH": "00000000000000000000000000000110"
          },
          "attributes": {
            "src": "designs/214/top.sv:34.33-34.55"
          },
          "port_directions": {
            "A": "input",
            "B": "input",
            "Y": "output"
          },
          "connections": {
            "A": [ 43, 44, 45, 46, 46, 46 ],
            "B": [ 2, 3, 4, 5, 6 ],
            "Y": [ 47, 48, 49, 50, 51, 52 ]
          }
        },
        "$add$designs/214/top.sv:34$43": {
          "hide_name": 1,
          "type": "$add",
          "parameters": {
            "A_SIGNED": "00000000000000000000000000000000",
            "A_WIDTH": "00000000000000000000000000000110",
            "B_SIGNED": "00000000000000000000000000000000",
            "B_WIDTH": "00000000000000000000000000000110",
            "Y_WIDTH": "00000000000000000000000000000110"
          },
          "attributes": {
            "src": "designs/214/top.sv:34.24-34.66"
          },
          "port_directions": {
            "A": "input",
            "B": "input",
            "Y": "output"
          },
          "connections": {
            "A": [ 47, 48, 49, 50, 51, 52 ],
            "B": [ 53, 54, 55, 56, 57, "0" ],
            "Y": [ 58, 59, 60, 61, 62, 63 ]
          }
        },
        "$and$designs/214/top.sv:26$13": {
          "hide_name": 1,
          "type": "$and",
          "parameters": {
            "A_SIGNED": "00000000000000000000000000000000",
            "A_WIDTH": "00000000000000000000000000000100",
            "B_SIGNED": "00000000000000000000000000000000",
            "B_WIDTH": "00000000000000000000000000000100",
            "Y_WIDTH": "00000000000000000000000000000100"
          },
          "attributes": {
            "src": "designs/214/top.sv:26.31-26.58"
          },
          "port_directions": {
            "A": "input",
            "B": "input",
            "Y": "output"
          },
          "connections": {
            "A": [ 20, 21, 22, 23 ],
            "B": [ 64, 65, 66, 67 ],
            "Y": [ 68, 69, 70, 71 ]
          }
        },
        "$and$designs/214/top.sv:30$28": {
          "hide_name": 1,
          "type": "$and",
          "parameters": {
            "A_SIGNED": "00000000000000000000000000000000",
            "A_WIDTH": "00000000000000000000000000000010",
            "B_SIGNED": "00000000000000000000000000000000",
            "B_WIDTH": "00000000000000000000000000000010",
            "Y_WIDTH": "00000000000000000000000000000010"
          },
          "attributes": {
            "src": "designs/214/top.sv:30.32-30.107"
          },
          "port_directions": {
            "A": "input",
            "B": "input",
            "Y": "output"
          },
          "connections": {
            "A": [ 72, 73 ],
            "B": [ 74, 75 ],
            "Y": [ 76, 77 ]
          }
        },
        "$and$designs/214/top.sv:31$31": {
          "hide_name": 1,
          "type": "$and",
          "parameters": {
            "A_SIGNED": "00000000000000000000000000000000",
            "A_WIDTH": "00000000000000000000000000000100",
            "B_SIGNED": "00000000000000000000000000000000",
            "B_WIDTH": "00000000000000000000000000000100",
            "Y_WIDTH": "00000000000000000000000000000100"
          },
          "attributes": {
            "src": "designs/214/top.sv:31.31-31.46"
          },
          "port_directions": {
            "A": "input",
            "B": "input",
            "Y": "output"
          },
          "connections": {
            "A": [ 74, 75, 78, 79 ],
            "B": [ 2, 3, 4, 5 ],
            "Y": [ 43, 44, 45, 46 ]
          }
        },
        "$and$designs/214/top.sv:34$44": {
          "hide_name": 1,
          "type": "$and",
          "parameters": {
            "A_SIGNED": "00000000000000000000000000000000",
            "A_WIDTH": "00000000000000000000000000000110",
            "B_SIGNED": "00000000000000000000000000000000",
            "B_WIDTH": "00000000000000000000000000000110",
            "Y_WIDTH": "00000000000000000000000000000110"
          },
          "attributes": {
            "src": "designs/214/top.sv:34.23-34.76"
          },
          "port_directions": {
            "A": "input",
            "B": "input",
            "Y": "output"
          },
          "connections": {
            "A": [ 58, 59, 60, 61, 62, 63 ],
            "B": [ 80, 81, 82, 83, 84, 84 ],
            "Y": [ 85, 86, 87, 88, 89, 90 ]
          }
        },
        "$auto$opt_expr.cc:276:group_cell_inputs$100": {
          "hide_name": 1,
          "type": "$and",
          "parameters": {
            "A_SIGNED": "00000000000000000000000000000000",
            "A_WIDTH": "00000000000000000000000000000010",
            "B_SIGNED": "00000000000000000000000000000000",
            "B_WIDTH": "00000000000000000000000000000010",
            "Y_WIDTH": "00000000000000000000000000000010"
          },
          "attributes": {
          },
          "port_directions": {
            "A": "input",
            "B": "input",
            "Y": "output"
          },
          "connections": {
            "A": [ 91, 92 ],
            "B": [ 93, 94 ],
            "Y": [ 95, 96 ]
          }
        },
        "$auto$opt_expr.cc:276:group_cell_inputs$103": {
          "hide_name": 1,
          "type": "$and",
          "parameters": {
            "A_SIGNED": "00000000000000000000000000000000",
            "A_WIDTH": "00000000000000000000000000001000",
            "B_SIGNED": "00000000000000000000000000000000",
            "B_WIDTH": "00000000000000000000000000001000",
            "Y_WIDTH": "00000000000000000000000000001000"
          },
          "attributes": {
          },
          "port_directions": {
            "A": "input",
            "B": "input",
            "Y": "output"
          },
          "connections": {
            "A": [ 97, 98, 99, 100, 101, 102, 103, 103 ],
            "B": [ 104, 105, 106, 107, 108, 109, 110, 111 ],
            "Y": [ 7, 8, 9, 10, 11, 12, 13, 14 ]
          }
        },
        "$auto$opt_expr.cc:276:group_cell_inputs$64": {
          "hide_name": 1,
          "type": "$not",
          "parameters": {
            "A_SIGNED": "00000000000000000000000000000000",
            "A_WIDTH": "00000000000000000000000000000101",
            "Y_WIDTH": "00000000000000000000000000000101"
          },
          "attributes": {
          },
          "port_directions": {
            "A": "input",
            "Y": "output"
          },
          "connections": {
            "A": [ 80, 81, 82, 83, 84 ],
            "Y": [ 112, 113, 114, 115, 116 ]
          }
        },
        "$auto$opt_expr.cc:276:group_cell_inputs$66": {
          "hide_name": 1,
          "type": "$and",
          "parameters": {
            "A_SIGNED": "00000000000000000000000000000000",
            "A_WIDTH": "00000000000000000000000000000101",
            "B_SIGNED": "00000000000000000000000000000000",
            "B_WIDTH": "00000000000000000000000000000101",
            "Y_WIDTH": "00000000000000000000000000000101"
          },
          "attributes": {
          },
          "port_directions": {
            "A": "input",
            "B": "input",
            "Y": "output"
          },
          "connections": {
            "A": [ 117, 118, 119, 120, 121 ],
            "B": [ 112, 113, 114, 115, 116 ],
            "Y": [ 53, 54, 55, 56, 57 ]
          }
        },
        "$auto$opt_expr.cc:276:group_cell_inputs$70": {
          "hide_name": 1,
          "type": "$and",
          "parameters": {
            "A_SIGNED": "00000000000000000000000000000000",
            "A_WIDTH": "00000000000000000000000000000011",
            "B_SIGNED": "00000000000000000000000000000000",
            "B_WIDTH": "00000000000000000000000000000011",
            "Y_WIDTH": "00000000000000000000000000000011"
          },
          "attributes": {
          },
          "port_directions": {
            "A": "input",
            "B": "input",
            "Y": "output"
          },
          "connections": {
            "A": [ 4, 5, 6 ],
            "B": [ 74, 75, 78 ],
            "Y": [ 122, 123, 124 ]
          }
        },
        "$auto$opt_expr.cc:276:group_cell_inputs$74": {
          "hide_name": 1,
          "type": "$and",
          "parameters": {
            "A_SIGNED": "00000000000000000000000000000000",
            "A_WIDTH": "00000000000000000000000000000011",
            "B_SIGNED": "00000000000000000000000000000000",
            "B_WIDTH": "00000000000000000000000000000011",
            "Y_WIDTH": "00000000000000000000000000000011"
          },
          "attributes": {
          },
          "port_directions": {
            "A": "input",
            "B": "input",
            "Y": "output"
          },
          "connections": {
            "A": [ 122, 123, 124 ],
            "B": [ 4, 5, 6 ],
            "Y": [ 125, 126, 127 ]
          }
        },
        "$auto$opt_expr.cc:276:group_cell_inputs$82": {
          "hide_name": 1,
          "type": "$or",
          "parameters": {
            "A_SIGNED": "00000000000000000000000000000000",
            "A_WIDTH": "00000000000000000000000000000100",
            "B_SIGNED": "00000000000000000000000000000000",
            "B_WIDTH": "00000000000000000000000000000100",
            "Y_WIDTH": "00000000000000000000000000000100"
          },
          "attributes": {
          },
          "port_directions": {
            "A": "input",
            "B": "input",
            "Y": "output"
          },
          "connections": {
            "A": [ 2, 3, 4, 5 ],
            "B": [ 80, 81, 82, 83 ],
            "Y": [ 128, 129, 130, 131 ]
          }
        },
        "$auto$opt_expr.cc:276:group_cell_inputs$85": {
          "hide_name": 1,
          "type": "$or",
          "parameters": {
            "A_SIGNED": "00000000000000000000000000000000",
            "A_WIDTH": "00000000000000000000000000000011",
            "B_SIGNED": "00000000000000000000000000000000",
            "B_WIDTH": "00000000000000000000000000000011",
            "Y_WIDTH": "00000000000000000000000000000011"
          },
          "attributes": {
          },
          "port_directions": {
            "A": "input",
            "B": "input",
            "Y": "output"
          },
          "connections": {
            "A": [ 132, 133, 134 ],
            "B": [ 135, 136, 137 ],
            "Y": [ 138, 139, 140 ]
          }
        },
        "$auto$opt_expr.cc:276:group_cell_inputs$88": {
          "hide_name": 1,
          "type": "$not",
          "parameters": {
            "A_SIGNED": "00000000000000000000000000000000",
            "A_WIDTH": "00000000000000000000000000000100",
            "Y_WIDTH": "00000000000000000000000000000100"
          },
          "attributes": {
          },
          "port_directions": {
            "A": "input",
            "Y": "output"
          },
          "connections": {
            "A": [ 43, 44, 45, 46 ],
            "Y": [ 141, 142, 143, 103 ]
          }
        },
        "$auto$opt_expr.cc:276:group_cell_inputs$90": {
          "hide_name": 1,
          "type": "$or",
          "parameters": {
            "A_SIGNED": "00000000000000000000000000000000",
            "A_WIDTH": "00000000000000000000000000000100",
            "B_SIGNED": "00000000000000000000000000000000",
            "B_WIDTH": "00000000000000000000000000000100",
            "Y_WIDTH": "00000000000000000000000000000100"
          },
          "attributes": {
          },
          "port_directions": {
            "A": "input",
            "B": "input",
            "Y": "output"
          },
          "connections": {
            "A": [ 74, 75, 78, 79 ],
            "B": [ 141, 142, 143, 103 ],
            "Y": [ 91, 92, 144, 145 ]
          }
        },
        "$auto$opt_expr.cc:276:group_cell_inputs$93": {
          "hide_name": 1,
          "type": "$not",
          "parameters": {
            "A_SIGNED": "00000000000000000000000000000000",
            "A_WIDTH": "00000000000000000000000000000010",
            "Y_WIDTH": "00000000000000000000000000000010"
          },
          "attributes": {
          },
          "port_directions": {
            "A": "input",
            "Y": "output"
          },
          "connections": {
            "A": [ 146, 147 ],
            "Y": [ 93, 94 ]
          }
        },
        "$auto$opt_expr.cc:276:group_cell_inputs$97": {
          "hide_name": 1,
          "type": "$or",
          "parameters": {
            "A_SIGNED": "00000000000000000000000000000000",
            "A_WIDTH": "00000000000000000000000000000110",
            "B_SIGNED": "00000000000000000000000000000000",
            "B_WIDTH": "00000000000000000000000000000110",
            "Y_WIDTH": "00000000000000000000000000000110"
          },
          "attributes": {
          },
          "port_directions": {
            "A": "input",
            "B": "input",
            "Y": "output"
          },
          "connections": {
            "A": [ 95, 96, 144, 145, 103, 103 ],
            "B": [ 85, 86, 87, 88, 89, 90 ],
            "Y": [ 97, 98, 99, 100, 101, 102 ]
          }
        },
        "$mul$designs/214/top.sv:24$4": {
          "hide_name": 1,
          "type": "$mul",
          "parameters": {
            "A_SIGNED": "00000000000000000000000000000000",
            "A_WIDTH": "00000000000000000000000000000010",
            "B_SIGNED": "00000000000000000000000000000000",
            "B_WIDTH": "00000000000000000000000000000100",
            "Y_WIDTH": "00000000000000000000000000000100"
          },
          "attributes": {
            "src": "designs/214/top.sv:24.50-24.86"
          },
          "port_directions": {
            "A": "input",
            "B": "input",
            "Y": "output"
          },
          "connections": {
            "A": [ 2, 3 ],
            "B": [ 20, 21, 22, 23 ],
            "Y": [ 148, 149, 150, 151 ]
          }
        },
        "$mul$designs/214/top.sv:24$5": {
          "hide_name": 1,
          "type": "$mul",
          "parameters": {
            "A_SIGNED": "00000000000000000000000000000000",
            "A_WIDTH": "00000000000000000000000000000100",
            "B_SIGNED": "00000000000000000000000000000000",
            "B_WIDTH": "00000000000000000000000000000101",
            "Y_WIDTH": "00000000000000000000000000000101"
          },
          "attributes": {
            "src": "designs/214/top.sv:24.41-24.101"
          },
          "port_directions": {
            "A": "input",
            "B": "input",
            "Y": "output"
          },
          "connections": {
            "A": [ 148, 149, 150, 151 ],
            "B": [ 2, 3, 4, 5, 6 ],
            "Y": [ 25, 26, 27, 28, 29 ]
          }
        },
        "$mul$designs/214/top.sv:24$8": {
          "hide_name": 1,
          "type": "$mul",
          "parameters": {
            "A_SIGNED": "00000000000000000000000000000000",
            "A_WIDTH": "00000000000000000000000000000111",
            "B_SIGNED": "00000000000000000000000000000000",
            "B_WIDTH": "00000000000000000000000000000101",
            "Y_WIDTH": "00000000000000000000000000000111"
          },
          "attributes": {
            "src": "designs/214/top.sv:24.30-24.136"
          },
          "port_directions": {
            "A": "input",
            "B": "input",
            "Y": "output"
          },
          "connections": {
            "A": [ 36, 37, 38, 39, 40, 41, 42 ],
            "B": [ 2, 3, 4, 5, 6 ],
            "Y": [ 152, 153, 154, 155, 156, 157, 158 ]
          }
        },
        "$mul$designs/214/top.sv:25$9": {
          "hide_name": 1,
          "type": "$mul",
          "parameters": {
            "A_SIGNED": "00000000000000000000000000000000",
            "A_WIDTH": "00000000000000000000000000000101",
            "B_SIGNED": "00000000000000000000000000000000",
            "B_WIDTH": "00000000000000000000000000000101",
            "Y_WIDTH": "00000000000000000000000000000101"
          },
          "attributes": {
            "src": "designs/214/top.sv:25.39-25.69"
          },
          "port_directions": {
            "A": "input",
            "B": "input",
            "Y": "output"
          },
          "connections": {
            "A": [ 20, 21, 22, 23, 24 ],
            "B": [ 2, 3, 4, 5, 6 ],
            "Y": [ 159, 160, 161, 162, 163 ]
          }
        },
        "$mul$designs/214/top.sv:27$19": {
          "hide_name": 1,
          "type": "$mul",
          "parameters": {
            "A_SIGNED": "00000000000000000000000000000000",
            "A_WIDTH": "00000000000000000000000000000101",
            "B_SIGNED": "00000000000000000000000000000000",
            "B_WIDTH": "00000000000000000000000000000101",
            "Y_WIDTH": "00000000000000000000000000000101"
          },
          "attributes": {
            "src": "designs/214/top.sv:27.33-27.76"
          },
          "port_directions": {
            "A": "input",
            "B": "input",
            "Y": "output"
          },
          "connections": {
            "A": [ 43, 44, 45, 46, "0" ],
            "B": [ 2, 3, 4, 5, 6 ],
            "Y": [ 117, 118, 119, 120, 121 ]
          }
        },
        "$mul$designs/214/top.sv:28$24": {
          "hide_name": 1,
          "type": "$mul",
          "parameters": {
            "A_SIGNED": "00000000000000000000000000000000",
            "A_WIDTH": "00000000000000000000000000000100",
            "B_SIGNED": "00000000000000000000000000000000",
            "B_WIDTH": "00000000000000000000000000000011",
            "Y_WIDTH": "00000000000000000000000000000011"
          },
          "attributes": {
            "src": "designs/214/top.sv:28.22-28.104"
          },
          "port_directions": {
            "A": "input",
            "B": "input",
            "Y": "output"
          },
          "connections": {
            "A": [ 125, 126, 127, "0" ],
            "B": [ 84, 84, 84 ],
            "Y": [ 135, 136, 137 ]
          }
        },
        "$mul$designs/214/top.sv:30$26": {
          "hide_name": 1,
          "type": "$mul",
          "parameters": {
            "A_SIGNED": "00000000000000000000000000000000",
            "A_WIDTH": "00000000000000000000000000000101",
            "B_SIGNED": "00000000000000000000000000000000",
            "B_WIDTH": "00000000000000000000000000000100",
            "Y_WIDTH": "00000000000000000000000000000110"
          },
          "attributes": {
            "src": "designs/214/top.sv:30.44-30.86"
          },
          "port_directions": {
            "A": "input",
            "B": "input",
            "Y": "output"
          },
          "connections": {
            "A": [ 164, 165, 166, 167, 168 ],
            "B": [ 74, 75, 78, 79 ],
            "Y": [ 169, 170, 171, 172, 173, 174 ]
          }
        },
        "$mul$designs/214/top.sv:30$27": {
          "hide_name": 1,
          "type": "$mul",
          "parameters": {
            "A_SIGNED": "00000000000000000000000000000000",
            "A_WIDTH": "00000000000000000000000000000110",
            "B_SIGNED": "00000000000000000000000000000000",
            "B_WIDTH": "00000000000000000000000000000100",
            "Y_WIDTH": "00000000000000000000000000000010"
          },
          "attributes": {
            "src": "designs/214/top.sv:30.43-30.96"
          },
          "port_directions": {
            "A": "input",
            "B": "input",
            "Y": "output"
          },
          "connections": {
            "A": [ 169, 170, 171, 172, 173, 174 ],
            "B": [ 2, 3, 4, 5 ],
            "Y": [ 72, 73 ]
          }
        },
        "$not$designs/214/top.sv:26$12": {
          "hide_name": 1,
          "type": "$not",
          "parameters": {
            "A_SIGNED": "00000000000000000000000000000000",
            "A_WIDTH": "00000000000000000000000000000100",
            "Y_WIDTH": "00000000000000000000000000000100"
          },
          "attributes": {
            "src": "designs/214/top.sv:26.50-26.57"
          },
          "port_directions": {
            "A": "input",
            "Y": "output"
          },
          "connections": {
            "A": [ 152, 153, 154, 155 ],
            "Y": [ 64, 65, 66, 67 ]
          }
        },
        "$or$designs/214/top.sv:26$14": {
          "hide_name": 1,
          "type": "$or",
          "parameters": {
            "A_SIGNED": "00000000000000000000000000000000",
            "A_WIDTH": "00000000000000000000000000000100",
            "B_SIGNED": "00000000000000000000000000000000",
            "B_WIDTH": "00000000000000000000000000000100",
            "Y_WIDTH": "00000000000000000000000000000100"
          },
          "attributes": {
            "src": "designs/214/top.sv:26.64-26.97"
          },
          "port_directions": {
            "A": "input",
            "B": "input",
            "Y": "output"
          },
          "connections": {
            "A": [ 2, 3, 4, 5 ],
            "B": [ 2, 3, 4, 5 ],
            "Y": [ 175, 176, 177, 178 ]
          }
        },
        "$or$designs/214/top.sv:26$15": {
          "hide_name": 1,
          "type": "$or",
          "parameters": {
            "A_SIGNED": "00000000000000000000000000000000",
            "A_WIDTH": "00000000000000000000000000000100",
            "B_SIGNED": "00000000000000000000000000000000",
            "B_WIDTH": "00000000000000000000000000000100",
            "Y_WIDTH": "00000000000000000000000000000100"
          },
          "attributes": {
            "src": "designs/214/top.sv:26.63-26.107"
          },
          "port_directions": {
            "A": "input",
            "B": "input",
            "Y": "output"
          },
          "connections": {
            "A": [ 175, 176, 177, 178 ],
            "B": [ 80, 81, 82, 83 ],
            "Y": [ 179, 180, 181, 182 ]
          }
        },
        "$or$designs/214/top.sv:30$29": {
          "hide_name": 1,
          "type": "$or",
          "parameters": {
            "A_SIGNED": "00000000000000000000000000000000",
            "A_WIDTH": "00000000000000000000000000000010",
            "B_SIGNED": "00000000000000000000000000000000",
            "B_WIDTH": "00000000000000000000000000000010",
            "Y_WIDTH": "00000000000000000000000000000010"
          },
          "attributes": {
            "src": "designs/214/top.sv:30.31-30.121"
          },
          "port_directions": {
            "A": "input",
            "B": "input",
            "Y": "output"
          },
          "connections": {
            "A": [ 76, 77 ],
            "B": [ 2, 3 ],
            "Y": [ 183, 184 ]
          }
        },
        "$reduce_bool$designs/214/top.sv:26$16": {
          "hide_name": 1,
          "type": "$reduce_bool",
          "parameters": {
            "A_SIGNED": "00000000000000000000000000000000",
            "A_WIDTH": "00000000000000000000000000000101",
            "Y_WIDTH": "00000000000000000000000000000001"
          },
          "attributes": {
            "src": "designs/214/top.sv:26.21-26.108"
          },
          "port_directions": {
            "A": "input",
            "Y": "output"
          },
          "connections": {
            "A": [ 2, 3, 4, 5, 6 ],
            "Y": [ 185 ]
          }
        },
        "$reduce_bool$designs/214/top.sv:33$40": {
          "hide_name": 1,
          "type": "$reduce_bool",
          "parameters": {
            "A_SIGNED": "00000000000000000000000000000000",
            "A_WIDTH": "00000000000000000000000000001010",
            "Y_WIDTH": "00000000000000000000000000000001"
          },
          "attributes": {
            "src": "designs/214/top.sv:33.22-33.105"
          },
          "port_directions": {
            "A": "input",
            "Y": "output"
          },
          "connections": {
            "A": [ 43, 44, 45, 46, 46, 46, 46, 46, 46, 46 ],
            "Y": [ 186 ]
          }
        },
        "$shl$designs/214/top.sv:25$10": {
          "hide_name": 1,
          "type": "$shl",
          "parameters": {
            "A_SIGNED": "00000000000000000000000000000001",
            "A_WIDTH": "00000000000000000000000000000101",
            "B_SIGNED": "00000000000000000000000000000000",
            "B_WIDTH": "00000000000000000000000000000111",
            "Y_WIDTH": "00000000000000000000000000000101"
          },
          "attributes": {
            "src": "designs/214/top.sv:25.30-25.81"
          },
          "port_directions": {
            "A": "input",
            "B": "input",
            "Y": "output"
          },
          "connections": {
            "A": [ 159, 160, 161, 162, 163 ],
            "B": [ 152, 153, 154, 155, 156, 157, 158 ],
            "Y": [ 80, 81, 82, 83, 84 ]
          }
        },
        "$sub$designs/214/top.sv:23$2": {
          "hide_name": 1,
          "type": "$sub",
          "parameters": {
            "A_SIGNED": "00000000000000000000000000000000",
            "A_WIDTH": "00000000000000000000000000000101",
            "B_SIGNED": "00000000000000000000000000000000",
            "B_WIDTH": "00000000000000000000000000000100",
            "Y_WIDTH": "00000000000000000000000000000101"
          },
          "attributes": {
            "src": "designs/214/top.sv:23.23-23.58"
          },
          "port_directions": {
            "A": "input",
            "B": "input",
            "Y": "output"
          },
          "connections": {
            "A": [ 175, 176, 177, 178, 6 ],
            "B": [ 2, 3, 4, 5 ],
            "Y": [ 15, 16, 17, 18, 19 ]
          }
        },
        "$sub$designs/214/top.sv:30$25": {
          "hide_name": 1,
          "type": "$sub",
          "parameters": {
            "A_SIGNED": "00000000000000000000000000000000",
            "A_WIDTH": "00000000000000000000000000000001",
            "B_SIGNED": "00000000000000000000000000000000",
            "B_WIDTH": "00000000000000000000000000000101",
            "Y_WIDTH": "00000000000000000000000000000101"
          },
          "attributes": {
            "src": "designs/214/top.sv:30.55-30.75"
          },
          "port_directions": {
            "A": "input",
            "B": "input",
            "Y": "output"
          },
          "connections": {
            "A": [ 24 ],
            "B": [ 20, 21, 22, 23, 24 ],
            "Y": [ 164, 165, 166, 167, 168 ]
          }
        },
        "$sub$designs/214/top.sv:30$30": {
          "hide_name": 1,
          "type": "$sub",
          "parameters": {
            "A_SIGNED": "00000000000000000000000000000000",
            "A_WIDTH": "00000000000000000000000000000010",
            "B_SIGNED": "00000000000000000000000000000000",
            "B_WIDTH": "00000000000000000000000000000010",
            "Y_WIDTH": "00000000000000000000000000000010"
          },
          "attributes": {
            "src": "designs/214/top.sv:30.22-30.136"
          },
          "port_directions": {
            "A": "input",
            "B": "input",
            "Y": "output"
          },
          "connections": {
            "A": [ 183, 184 ],
            "B": [ 2, 3 ],
            "Y": [ 146, 147 ]
          }
        },
        "$sub$designs/214/top.sv:33$38": {
          "hide_name": 1,
          "type": "$sub",
          "parameters": {
            "A_SIGNED": "00000000000000000000000000000000",
            "A_WIDTH": "00000000000000000000000000000111",
            "B_SIGNED": "00000000000000000000000000000000",
            "B_WIDTH": "00000000000000000000000000000101",
            "Y_WIDTH": "00000000000000000000000000001000"
          },
          "attributes": {
            "src": "designs/214/top.sv:33.67-33.93"
          },
          "port_directions": {
            "A": "input",
            "B": "input",
            "Y": "output"
          },
          "connections": {
            "A": [ 152, 153, 154, 155, 156, 157, 158 ],
            "B": [ 2, 3, 4, 5, 6 ],
            "Y": [ 132, 133, 134, 187, 188, 189, 190, 191 ]
          }
        },
        "$ternary$designs/214/top.sv:26$17": {
          "hide_name": 1,
          "type": "$mux",
          "parameters": {
            "WIDTH": "00000000000000000000000000000100"
          },
          "attributes": {
            "src": "designs/214/top.sv:26.21-26.108"
          },
          "port_directions": {
            "A": "input",
            "B": "input",
            "S": "input",
            "Y": "output"
          },
          "connections": {
            "A": [ 179, 180, 181, 182 ],
            "B": [ 68, 69, 70, 71 ],
            "S": [ 185 ],
            "Y": [ 74, 75, 78, 79 ]
          }
        },
        "$ternary$designs/214/top.sv:33$41": {
          "hide_name": 1,
          "type": "$mux",
          "parameters": {
            "WIDTH": "00000000000000000000000000001000"
          },
          "attributes": {
            "src": "designs/214/top.sv:33.22-33.105"
          },
          "port_directions": {
            "A": "input",
            "B": "input",
            "S": "input",
            "Y": "output"
          },
          "connections": {
            "A": [ 138, 139, 140, 187, 188, 189, 190, 191 ],
            "B": [ 128, 129, 130, 131, 84, 84, 84, 84 ],
            "S": [ 186 ],
            "Y": [ 104, 105, 106, 107, 108, 109, 110, 111 ]
          }
        }
      },
      "netnames": {
        "$add$designs/214/top.sv:24$6_Y": {
          "hide_name": 1,
          "bits": [ 30, 31, 32, 33, 34, 35, "0", "0", "0", "0", "0", "0", "0", "0", "0", "0", "0", "0", "0", "0", "0", "0", "0", "0", "0", "0" ],
          "attributes": {
            "src": "designs/214/top.sv:24.32-24.112"
          }
        },
        "$add$designs/214/top.sv:24$7_Y": {
          "hide_name": 1,
          "bits": [ 36, 37, 38, 39, 40, 41, 42, "0", "0", "0", "0", "0", "0", "0", "0", "0", "0", "0", "0", "0", "0", "0", "0", "0", "0", "0" ],
          "attributes": {
            "src": "designs/214/top.sv:24.31-24.122"
          }
        },
        "$add$designs/214/top.sv:34$42_Y": {
          "hide_name": 1,
          "bits": [ 47 ],
          "attributes": {
          }
        },
        "$add$designs/214/top.sv:34$43_Y": {
          "hide_name": 1,
          "bits": [ 58, 59, 60, 61, 62, 63, 192, 193, 194, 195, 196, 197, 198, 199, 200, 201, 202, 203, 204, 205, 206, 207, 208, 209, 210, 211, 212 ],
          "attributes": {
            "src": "designs/214/top.sv:34.24-34.66",
            "unused_bits": "6 7 8 9 10 11 12 13 14 15 16 17 18 19 20 21 22 23 24 25 26"
          }
        },
        "$and$designs/214/top.sv:26$13_Y": {
          "hide_name": 1,
          "bits": [ 68, 69, 70, 71, 213, 214, 215, 216, 217, 218, 219, 220, 221, 222, 223, 224, 225, 226, 227, 228, 229, 230, 231, 232, 233, 234 ],
          "attributes": {
            "src": "designs/214/top.sv:26.31-26.58",
            "unused_bits": "4 5 6 7 8 9 10 11 12 13 14 15 16 17 18 19 20 21 22 23 24 25"
          }
        },
        "$and$designs/214/top.sv:28$22_Y": {
          "hide_name": 1,
          "bits": [ 122, 123, 124, "0" ],
          "attributes": {
            "src": "designs/214/top.sv:28.34-28.67"
          }
        },
        "$and$designs/214/top.sv:28$23_Y": {
          "hide_name": 1,
          "bits": [ 125, 126, 127, "0" ],
          "attributes": {
            "src": "designs/214/top.sv:28.33-28.86"
          }
        },
        "$and$designs/214/top.sv:30$28_Y": {
          "hide_name": 1,
          "bits": [ 76, 77, 235, 236, 237, 238 ],
          "attributes": {
            "src": "designs/214/top.sv:30.32-30.107",
            "unused_bits": "2 3 4 5"
          }
        },
        "$and$designs/214/top.sv:36$49_Y": {
          "hide_name": 1,
          "bits": [ 95, 96, 144, 145, 103 ],
          "attributes": {
          }
        },
        "$auto$opt_expr.cc:205:group_cell_inputs$56": {
          "hide_name": 1,
          "bits": [ 175, 176, 177, 178 ],
          "attributes": {
          }
        },
        "$auto$opt_expr.cc:205:group_cell_inputs$63": {
          "hide_name": 1,
          "bits": [ 112, 113, 114, 115, 116 ],
          "attributes": {
          }
        },
        "$auto$opt_expr.cc:205:group_cell_inputs$81": {
          "hide_name": 1,
          "bits": [ 128, 129, 130, 131 ],
          "attributes": {
          }
        },
        "$auto$opt_expr.cc:205:group_cell_inputs$84": {
          "hide_name": 1,
          "bits": [ 138, 139, 140 ],
          "attributes": {
          }
        },
        "$auto$opt_expr.cc:205:group_cell_inputs$86": {
          "hide_name": 1,
          "bits": [ 187, 188, 189, 190, 191 ],
          "attributes": {
          }
        },
        "$auto$opt_expr.cc:205:group_cell_inputs$87": {
          "hide_name": 1,
          "bits": [ 141, 142, 143, 103 ],
          "attributes": {
          }
        },
        "$auto$opt_expr.cc:205:group_cell_inputs$89": {
          "hide_name": 1,
          "bits": [ 91, 92, 144, 145 ],
          "attributes": {
          }
        },
        "$auto$opt_expr.cc:205:group_cell_inputs$92": {
          "hide_name": 1,
          "bits": [ 93, 94 ],
          "attributes": {
          }
        },
        "$auto$opt_expr.cc:205:group_cell_inputs$96": {
          "hide_name": 1,
          "bits": [ 97, 98, 99, 100, 101, 102 ],
          "attributes": {
          }
        },
        "$auto$wreduce.cc:514:run$55": {
          "hide_name": 1,
          "bits": [ 47, 48, 49, 50, 51, 52, 239, 240, 241, 242, 243, 244, 245, 246, 247, 248, 249, 250, 251, 252, 253, 254, 255, 256, 257, 258, 259 ],
          "attributes": {
            "src": "designs/214/top.sv:34.33-34.55",
            "unused_bits": "6 7 8 9 10 11 12 13 14 15 16 17 18 19 20 21 22 23 24 25 26"
          }
        },
        "$mul$designs/214/top.sv:24$4_Y": {
          "hide_name": 1,
          "bits": [ 148, 149, 150, 151 ],
          "attributes": {
            "src": "designs/214/top.sv:24.50-24.86"
          }
        },
        "$mul$designs/214/top.sv:24$5_Y": {
          "hide_name": 1,
          "bits": [ 25, 26, 27, 28, 29 ],
          "attributes": {
            "src": "designs/214/top.sv:24.41-24.101"
          }
        },
        "$mul$designs/214/top.sv:25$9_Y": {
          "hide_name": 1,
          "bits": [ 159, 160, 161, 162, 163 ],
          "attributes": {
            "src": "designs/214/top.sv:25.39-25.69"
          }
        },
        "$mul$designs/214/top.sv:27$19_Y": {
          "hide_name": 1,
          "bits": [ 117, 118, 119, 120, 121 ],
          "attributes": {
            "src": "designs/214/top.sv:27.33-27.76"
          }
        },
        "$mul$designs/214/top.sv:30$26_Y": {
          "hide_name": 1,
          "bits": [ 169, 170, 171, 172, 173, 174 ],
          "attributes": {
            "src": "designs/214/top.sv:30.44-30.86"
          }
        },
        "$mul$designs/214/top.sv:30$27_Y": {
          "hide_name": 1,
          "bits": [ 72, 73, 260, 261, 262, 263 ],
          "attributes": {
            "src": "designs/214/top.sv:30.43-30.96",
            "unused_bits": "2 3 4 5"
          }
        },
        "$not$designs/214/top.sv:26$12_Y": {
          "hide_name": 1,
          "bits": [ 64, 65, 66, 67, 264, 265, 266, 267, 268, 269, 270, 271, 272, 273, 274, 275, 276, 277, 278, 279, 280, 281, 282, 283, 284, 285 ],
          "attributes": {
            "src": "designs/214/top.sv:26.50-26.57",
            "unused_bits": "4 5 6 7 8 9 10 11 12 13 14 15 16 17 18 19 20 21 22 23 24 25"
          }
        },
        "$or$designs/214/top.sv:26$15_Y": {
          "hide_name": 1,
          "bits": [ 179, 180, 181, 182, 286, 287, 288, 289, 290, 291, 292, 293, 294, 295, 296, 297, 298, 299, 300, 301, 302, 303, 304, 305, "0", "0" ],
          "attributes": {
            "src": "designs/214/top.sv:26.63-26.107",
            "unused_bits": "4 5 6 7 8 9 10 11 12 13 14 15 16 17 18 19 20 21 22 23"
          }
        },
        "$or$designs/214/top.sv:30$29_Y": {
          "hide_name": 1,
          "bits": [ 183, 184, 306, 307, 308, 309 ],
          "attributes": {
            "src": "designs/214/top.sv:30.31-30.121",
            "unused_bits": "2 3 4 5"
          }
        },
        "$reduce_bool$designs/214/top.sv:26$16_Y": {
          "hide_name": 1,
          "bits": [ 185 ],
          "attributes": {
            "src": "designs/214/top.sv:26.21-26.108"
          }
        },
        "$reduce_bool$designs/214/top.sv:33$40_Y": {
          "hide_name": 1,
          "bits": [ 186 ],
          "attributes": {
            "src": "designs/214/top.sv:33.22-33.105"
          }
        },
        "$sub$designs/214/top.sv:23$2_Y": {
          "hide_name": 1,
          "bits": [ 15, 16, 17, 18, 19, 310, 310, 310, 310, 310, 310, 310, 310, 310, 310, 310, 310, 310, 310, 310, 310, 310, 310, 310, 310, 310 ],
          "attributes": {
            "src": "designs/214/top.sv:23.23-23.58",
            "unused_bits": "5 6 7 8 9 10 11 12 13 14 15 16 17 18 19 20 21 22 23 24 25"
          }
        },
        "$sub$designs/214/top.sv:30$25_Y": {
          "hide_name": 1,
          "bits": [ 164, 165, 166, 167, 168 ],
          "attributes": {
            "src": "designs/214/top.sv:30.55-30.75"
          }
        },
        "$sub$designs/214/top.sv:33$38_Y": {
          "hide_name": 1,
          "bits": [ 132, 133, 134, 187, 188, 189, 190, 191, 191, 191, 191, 191, 191, 191, 191, 191, 191, 191, 191, 191, 191, 191, 191, 191, 191, 191 ],
          "attributes": {
            "src": "designs/214/top.sv:33.67-33.93"
          }
        },
        "input_data": {
          "hide_name": 0,
          "bits": [ 2, 3, 4, 5, 6 ],
          "attributes": {
            "src": "designs/214/top.sv:2.17-2.27"
          }
        },
        "output_data": {
          "hide_name": 0,
          "bits": [ 7, 8, 9, 10, 11, 12, 13, 14, 14, 14 ],
          "attributes": {
            "src": "designs/214/top.sv:3.18-3.29"
          }
        },
        "temp_10": {
          "hide_name": 0,
          "bits": [ 43, 44, 45, 46, 46, 46, 46, 46, 46, 46, 46, 46, 46, 46, 46, 46, 46, 46, 46, 46, 46, 46, 46, 46, 46, 46, 46 ],
          "attributes": {
            "src": "designs/214/top.sv:16.18-16.25"
          }
        },
        "temp_12": {
          "hide_name": 0,
          "bits": [ 104, 105, 106, 107, 108, 109, 110, 111, 111, 111, "x", "x", "x", "x", "x", "x" ],
          "attributes": {
            "src": "designs/214/top.sv:18.18-18.25"
          }
        },
        "temp_13": {
          "hide_name": 0,
          "bits": [ 85, 86, 87, 88, 89, 90 ],
          "attributes": {
            "src": "designs/214/top.sv:19.17-19.24"
          }
        },
        "temp_2": {
          "hide_name": 0,
          "bits": [ 20, 21, 22, 23, 24 ],
          "attributes": {
            "src": "designs/214/top.sv:8.17-8.23"
          }
        },
        "temp_3": {
          "hide_name": 0,
          "bits": [ 152, 153, 154, 155, 156, 157, 158 ],
          "attributes": {
            "src": "designs/214/top.sv:9.17-9.23"
          }
        },
        "temp_4": {
          "hide_name": 0,
          "bits": [ 80, 81, 82, 83, 84, 84, 84, 84, 84, 84, 84, 84, 84, 84, 84, 84, 84, 84, 84, 84, 84, 84, 84, 84 ],
          "attributes": {
            "src": "designs/214/top.sv:10.18-10.24"
          }
        },
        "temp_5": {
          "hide_name": 0,
          "bits": [ 74, 75, 78, 79 ],
          "attributes": {
            "src": "designs/214/top.sv:11.17-11.23"
          }
        },
        "temp_6": {
          "hide_name": 0,
          "bits": [ 53, 54, 55, 56, 57, "0", "x", "x", "x", "x", "x", "x", "x", "x" ],
          "attributes": {
            "src": "designs/214/top.sv:12.18-12.24"
          }
        },
        "temp_7": {
          "hide_name": 0,
          "bits": [ 135, 136, 137 ],
          "attributes": {
            "src": "designs/214/top.sv:13.17-13.23"
          }
        },
        "temp_9": {
          "hide_name": 0,
          "bits": [ 146, 147, "x", "x", "x", "x", "x", "x", "x", "x", "x", "x", "x", "x", "x", "x", "x", "x", "x", "x", "x", "x", "x", "x", "x", "x", "x", "x" ],
          "attributes": {
            "src": "designs/214/top.sv:15.18-15.24"
          }
        }
      }
    }
  }
}
