{
  "creator": "Yosys 0.60 (git sha1 5bafeb77dc71e054fa331ab9efa613e6fb0a1c49, clang++ 17.0.0 -fPIC -O3)",
  "modules": {
    "top": {
      "attributes": {
        "top": "00000000000000000000000000000001",
        "src": "designs/216/top.sv:1.1-22.10"
      },
      "ports": {
        "input_data": {
          "direction": "input",
          "bits": [ 2, 3, 4 ]
        },
        "output_data": {
          "direction": "output",
          "bits": [ 5, 6, 7, 8, 9, 10, 11, 12, 13, 14, 15, 16, 17, 18, 19, 20, 21, 22, 23, 23, 23, 23, 23, 23 ]
        }
      },
      "cells": {
        "$add$designs/216/top.sv:14$4": {
          "hide_name": 1,
          "type": "$add",
          "parameters": {
            "A_SIGNED": "00000000000000000000000000000000",
            "A_WIDTH": "00000000000000000000000000010010",
            "B_SIGNED": "00000000000000000000000000000000",
            "B_WIDTH": "00000000000000000000000000000011",
            "Y_WIDTH": "00000000000000000000000000010010"
          },
          "attributes": {
            "src": "designs/216/top.sv:14.38-14.96"
          },
          "port_directions": {
            "A": "input",
            "B": "input",
            "Y": "output"
          },
          "connections": {
            "A": [ 24, 25, 26, "0", "0", "0", "0", "0", "0", "0", "0", "0", "0", "0", "0", "0", "0", "0" ],
            "B": [ 2, 3, 4 ],
            "Y": [ 27, 28, 29, 30, 31, 32, 33, 34, 35, 36, 37, 38, 39, 40, 41, 42, 43, 44 ]
          }
        },
        "$add$designs/216/top.sv:14$6": {
          "hide_name": 1,
          "type": "$add",
          "parameters": {
            "A_SIGNED": "00000000000000000000000000000000",
            "A_WIDTH": "00000000000000000000000000010010",
            "B_SIGNED": "00000000000000000000000000000000",
            "B_WIDTH": "00000000000000000000000000000011",
            "Y_WIDTH": "00000000000000000000000000010010"
          },
          "attributes": {
            "src": "designs/216/top.sv:14.36-14.120"
          },
          "port_directions": {
            "A": "input",
            "B": "input",
            "Y": "output"
          },
          "connections": {
            "A": [ 27, 45, 46, 47, 48, 49, 50, 51, 52, 53, 54, 55, 56, 57, 58, 59, 60, 61 ],
            "B": [ 2, 3, 4 ],
            "Y": [ 62, 63, 64, 65, 66, 67, 68, 69, 70, 71, 72, 73, 74, 75, 76, 77, 78, 79 ]
          }
        },
        "$add$designs/216/top.sv:15$12": {
          "hide_name": 1,
          "type": "$add",
          "parameters": {
            "A_SIGNED": "00000000000000000000000000000000",
            "A_WIDTH": "00000000000000000000000000000011",
            "B_SIGNED": "00000000000000000000000000000000",
            "B_WIDTH": "00000000000000000000000000000001",
            "Y_WIDTH": "00000000000000000000000000000100"
          },
          "attributes": {
            "src": "designs/216/top.sv:15.51-15.105"
          },
          "port_directions": {
            "A": "input",
            "B": "input",
            "Y": "output"
          },
          "connections": {
            "A": [ 80, 81, 82 ],
            "B": [ 83 ],
            "Y": [ 84, 85, 86, 87 ]
          }
        },
        "$add$designs/216/top.sv:16$16": {
          "hide_name": 1,
          "type": "$add",
          "parameters": {
            "A_SIGNED": "00000000000000000000000000000000",
            "A_WIDTH": "00000000000000000000000000010010",
            "B_SIGNED": "00000000000000000000000000000000",
            "B_WIDTH": "00000000000000000000000000000001",
            "Y_WIDTH": "00000000000000000000000000010010"
          },
          "attributes": {
            "src": "designs/216/top.sv:16.44-16.59"
          },
          "port_directions": {
            "A": "input",
            "B": "input",
            "Y": "output"
          },
          "connections": {
            "A": [ 88, 89, 90, 90, 90, 90, 90, 90, 90, 90, 90, 90, 90, 90, 90, 90, 90, 90 ],
            "B": [ 83 ],
            "Y": [ 91, 92, 93, 94, 95, 96, 97, 98, 99, 100, 101, 102, 103, 104, 105, 106, 107, 108 ]
          }
        },
        "$add$designs/216/top.sv:16$18": {
          "hide_name": 1,
          "type": "$add",
          "parameters": {
            "A_SIGNED": "00000000000000000000000000000000",
            "A_WIDTH": "00000000000000000000000000010010",
            "B_SIGNED": "00000000000000000000000000000000",
            "B_WIDTH": "00000000000000000000000000010010",
            "Y_WIDTH": "00000000000000000000000000010010"
          },
          "attributes": {
            "src": "designs/216/top.sv:16.32-16.80"
          },
          "port_directions": {
            "A": "input",
            "B": "input",
            "Y": "output"
          },
          "connections": {
            "A": [ 109, 110, 111, 112, 113, 114, 115, 116, 117, 118, 119, 120, 121, 122, 123, 124, 125, 126 ],
            "B": [ 88, 89, 90, 90, 90, 90, 90, 90, 90, 90, 90, 90, 90, 90, 90, 90, 90, 90 ],
            "Y": [ 127, 128, 129, 130, 131, 132, 133, 134, 135, 136, 137, 138, 139, 140, 141, 142, 143, 144 ]
          }
        },
        "$add$designs/216/top.sv:16$19": {
          "hide_name": 1,
          "type": "$add",
          "parameters": {
            "A_SIGNED": "00000000000000000000000000000000",
            "A_WIDTH": "00000000000000000000000000010010",
            "B_SIGNED": "00000000000000000000000000000000",
            "B_WIDTH": "00000000000000000000000000000001",
            "Y_WIDTH": "00000000000000000000000000010010"
          },
          "attributes": {
            "src": "designs/216/top.sv:16.23-16.91"
          },
          "port_directions": {
            "A": "input",
            "B": "input",
            "Y": "output"
          },
          "connections": {
            "A": [ 127, 128, 129, 130, 131, 132, 133, 134, 135, 136, 137, 138, 139, 140, 141, 142, 143, 144 ],
            "B": [ 83 ],
            "Y": [ 145, 146, 147, 148, 149, 150, 151, 152, 153, 154, 155, 156, 157, 158, 159, 160, 161, 162 ]
          }
        },
        "$add$designs/216/top.sv:18$24": {
          "hide_name": 1,
          "type": "$add",
          "parameters": {
            "A_SIGNED": "00000000000000000000000000000000",
            "A_WIDTH": "00000000000000000000000000001010",
            "B_SIGNED": "00000000000000000000000000000000",
            "B_WIDTH": "00000000000000000000000000001001",
            "Y_WIDTH": "00000000000000000000000000001010"
          },
          "attributes": {
            "src": "designs/216/top.sv:18.22-18.73"
          },
          "port_directions": {
            "A": "input",
            "B": "input",
            "Y": "output"
          },
          "connections": {
            "A": [ 163, 164, 165, 166, 167, 168, 169, 170, 171, 172 ],
            "B": [ 173, 174, 175, 176, 177, 178, 179, 180, 181 ],
            "Y": [ 182, 183, 184, 185, 186, 187, 188, 189, 190, 191 ]
          }
        },
        "$add$designs/216/top.sv:20$25": {
          "hide_name": 1,
          "type": "$add",
          "parameters": {
            "A_SIGNED": "00000000000000000000000000000000",
            "A_WIDTH": "00000000000000000000000000000001",
            "B_SIGNED": "00000000000000000000000000000000",
            "B_WIDTH": "00000000000000000000000000010010",
            "Y_WIDTH": "00000000000000000000000000010010"
          },
          "attributes": {
            "src": "designs/216/top.sv:20.49-20.64"
          },
          "port_directions": {
            "A": "input",
            "B": "input",
            "Y": "output"
          },
          "connections": {
            "A": [ 83 ],
            "B": [ 88, 89, 90, 90, 90, 90, 90, 90, 90, 90, 90, 90, 90, 90, 90, 90, 90, 90 ],
            "Y": [ 192, 193, 194, 195, 196, 197, 198, 199, 200, 201, 202, 203, 204, 205, 206, 207, 208, 209 ]
          }
        },
        "$add$designs/216/top.sv:20$28": {
          "hide_name": 1,
          "type": "$add",
          "parameters": {
            "A_SIGNED": "00000000000000000000000000000000",
            "A_WIDTH": "00000000000000000000000000010010",
            "B_SIGNED": "00000000000000000000000000000000",
            "B_WIDTH": "00000000000000000000000000001001",
            "Y_WIDTH": "00000000000000000000000000010010"
          },
          "attributes": {
            "src": "designs/216/top.sv:20.36-20.107"
          },
          "port_directions": {
            "A": "input",
            "B": "input",
            "Y": "output"
          },
          "connections": {
            "A": [ 210, 211, 212, 213, 214, 215, 216, 217, 218, 219, 220, 221, 222, 223, 224, 225, 226, 227 ],
            "B": [ 90, 90, 90, 90, 90, 90, 90, 90, 90 ],
            "Y": [ 228, 229, 230, 231, 232, 233, 234, 235, 236, 237, 238, 239, 240, 241, 242, 243, 244, 245 ]
          }
        },
        "$and$designs/216/top.sv:15$11": {
          "hide_name": 1,
          "type": "$and",
          "parameters": {
            "A_SIGNED": "00000000000000000000000000000000",
            "A_WIDTH": "00000000000000000000000000000011",
            "B_SIGNED": "00000000000000000000000000000000",
            "B_WIDTH": "00000000000000000000000000000011",
            "Y_WIDTH": "00000000000000000000000000000011"
          },
          "attributes": {
            "src": "designs/216/top.sv:15.62-15.94"
          },
          "port_directions": {
            "A": "input",
            "B": "input",
            "Y": "output"
          },
          "connections": {
            "A": [ 2, 3, 4 ],
            "B": [ 2, 3, 4 ],
            "Y": [ 80, 81, 82 ]
          }
        },
        "$auto$opt_expr.cc:276:group_cell_inputs$34": {
          "hide_name": 1,
          "type": "$and",
          "parameters": {
            "A_SIGNED": "00000000000000000000000000000000",
            "A_WIDTH": "00000000000000000000000000000011",
            "B_SIGNED": "00000000000000000000000000000000",
            "B_WIDTH": "00000000000000000000000000000011",
            "Y_WIDTH": "00000000000000000000000000000011"
          },
          "attributes": {
          },
          "port_directions": {
            "A": "input",
            "B": "input",
            "Y": "output"
          },
          "connections": {
            "A": [ 80, 81, 82 ],
            "B": [ 88, 89, 90 ],
            "Y": [ 24, 25, 26 ]
          }
        },
        "$auto$opt_expr.cc:276:group_cell_inputs$38": {
          "hide_name": 1,
          "type": "$and",
          "parameters": {
            "A_SIGNED": "00000000000000000000000000000000",
            "A_WIDTH": "00000000000000000000000000000100",
            "B_SIGNED": "00000000000000000000000000000000",
            "B_WIDTH": "00000000000000000000000000000100",
            "Y_WIDTH": "00000000000000000000000000000100"
          },
          "attributes": {
          },
          "port_directions": {
            "A": "input",
            "B": "input",
            "Y": "output"
          },
          "connections": {
            "A": [ 84, 85, 86, 87 ],
            "B": [ 90, 90, 90, 90 ],
            "Y": [ 246, 247, 248, 249 ]
          }
        },
        "$auto$opt_expr.cc:276:group_cell_inputs$42": {
          "hide_name": 1,
          "type": "$or",
          "parameters": {
            "A_SIGNED": "00000000000000000000000000000000",
            "A_WIDTH": "00000000000000000000000000000001",
            "B_SIGNED": "00000000000000000000000000000000",
            "B_WIDTH": "00000000000000000000000000000001",
            "Y_WIDTH": "00000000000000000000000000000001"
          },
          "attributes": {
          },
          "port_directions": {
            "A": "input",
            "B": "input",
            "Y": "output"
          },
          "connections": {
            "A": [ 246 ],
            "B": [ 83 ],
            "Y": [ 250 ]
          }
        },
        "$auto$opt_expr.cc:276:group_cell_inputs$48": {
          "hide_name": 1,
          "type": "$or",
          "parameters": {
            "A_SIGNED": "00000000000000000000000000000000",
            "A_WIDTH": "00000000000000000000000000000001",
            "B_SIGNED": "00000000000000000000000000000000",
            "B_WIDTH": "00000000000000000000000000000001",
            "Y_WIDTH": "00000000000000000000000000000001"
          },
          "attributes": {
          },
          "port_directions": {
            "A": "input",
            "B": "input",
            "Y": "output"
          },
          "connections": {
            "A": [ 251 ],
            "B": [ 88 ],
            "Y": [ 252 ]
          }
        },
        "$ge$designs/216/top.sv:14$10": {
          "hide_name": 1,
          "type": "$ge",
          "parameters": {
            "A_SIGNED": "00000000000000000000000000000000",
            "A_WIDTH": "00000000000000000000000000000001",
            "B_SIGNED": "00000000000000000000000000000000",
            "B_WIDTH": "00000000000000000000000000010010",
            "Y_WIDTH": "00000000000000000000000000000001"
          },
          "attributes": {
            "src": "designs/216/top.sv:14.22-14.177"
          },
          "port_directions": {
            "A": "input",
            "B": "input",
            "Y": "output"
          },
          "connections": {
            "A": [ 253 ],
            "B": [ 88, 89, 90, 90, 90, 90, 90, 90, 90, 90, 90, 90, 90, 90, 90, 90, 90, 90 ],
            "Y": [ 83 ]
          }
        },
        "$ge$designs/216/top.sv:14$9": {
          "hide_name": 1,
          "type": "$ge",
          "parameters": {
            "A_SIGNED": "00000000000000000000000000000000",
            "A_WIDTH": "00000000000000000000000000000110",
            "B_SIGNED": "00000000000000000000000000000000",
            "B_WIDTH": "00000000000000000000000000000011",
            "Y_WIDTH": "00000000000000000000000000000001"
          },
          "attributes": {
            "src": "designs/216/top.sv:14.23-14.166"
          },
          "port_directions": {
            "A": "input",
            "B": "input",
            "Y": "output"
          },
          "connections": {
            "A": [ 254, 255, 256, 257, 258, 259 ],
            "B": [ 2, 3, 4 ],
            "Y": [ 253 ]
          }
        },
        "$le$designs/216/top.sv:14$7": {
          "hide_name": 1,
          "type": "$le",
          "parameters": {
            "A_SIGNED": "00000000000000000000000000000000",
            "A_WIDTH": "00000000000000000000000000010010",
            "B_SIGNED": "00000000000000000000000000000000",
            "B_WIDTH": "00000000000000000000000000000011",
            "Y_WIDTH": "00000000000000000000000000000001"
          },
          "attributes": {
            "src": "designs/216/top.sv:14.25-14.136"
          },
          "port_directions": {
            "A": "input",
            "B": "input",
            "Y": "output"
          },
          "connections": {
            "A": [ 62, 63, 64, 65, 66, 67, 68, 69, 70, 71, 72, 73, 74, 75, 76, 77, 78, 79 ],
            "B": [ 2, 3, 4 ],
            "Y": [ 260 ]
          }
        },
        "$mul$designs/216/top.sv:14$8": {
          "hide_name": 1,
          "type": "$mul",
          "parameters": {
            "A_SIGNED": "00000000000000000000000000000000",
            "A_WIDTH": "00000000000000000000000000000001",
            "B_SIGNED": "00000000000000000000000000000000",
            "B_WIDTH": "00000000000000000000000000000110",
            "Y_WIDTH": "00000000000000000000000000000110"
          },
          "attributes": {
            "src": "designs/216/top.sv:14.24-14.151"
          },
          "port_directions": {
            "A": "input",
            "B": "input",
            "Y": "output"
          },
          "connections": {
            "A": [ 260 ],
            "B": [ 88, 89, 90, 90, 90, 90 ],
            "Y": [ 254, 255, 256, 257, 258, 259 ]
          }
        },
        "$mul$designs/216/top.sv:16$20": {
          "hide_name": 1,
          "type": "$mul",
          "parameters": {
            "A_SIGNED": "00000000000000000000000000000000",
            "A_WIDTH": "00000000000000000000000000010010",
            "B_SIGNED": "00000000000000000000000000000000",
            "B_WIDTH": "00000000000000000000000000001011",
            "Y_WIDTH": "00000000000000000000000000000001"
          },
          "attributes": {
            "src": "designs/216/top.sv:16.22-16.107"
          },
          "port_directions": {
            "A": "input",
            "B": "input",
            "Y": "output"
          },
          "connections": {
            "A": [ 145, 146, 147, 148, 149, 150, 151, 152, 153, 154, 155, 156, 157, 158, 159, 160, 161, 162 ],
            "B": [ 173, 174, 175, 176, 177, 178, 179, 180, 181, 261, 262 ],
            "Y": [ 251 ]
          }
        },
        "$mul$designs/216/top.sv:20$27": {
          "hide_name": 1,
          "type": "$mul",
          "parameters": {
            "A_SIGNED": "00000000000000000000000000000000",
            "A_WIDTH": "00000000000000000000000000010010",
            "B_SIGNED": "00000000000000000000000000000000",
            "B_WIDTH": "00000000000000000000000000001001",
            "Y_WIDTH": "00000000000000000000000000010010"
          },
          "attributes": {
            "src": "designs/216/top.sv:20.37-20.91"
          },
          "port_directions": {
            "A": "input",
            "B": "input",
            "Y": "output"
          },
          "connections": {
            "A": [ 263, 264, 265, 266, 267, 268, 269, 270, 271, 272, 273, 274, 275, 276, 277, 278, 279, 280 ],
            "B": [ 90, 90, 90, 90, 90, 90, 90, 90, 90 ],
            "Y": [ 210, 211, 212, 213, 214, 215, 216, 217, 218, 219, 220, 221, 222, 223, 224, 225, 226, 227 ]
          }
        },
        "$sub$designs/216/top.sv:13$1": {
          "hide_name": 1,
          "type": "$sub",
          "parameters": {
            "A_SIGNED": "00000000000000000000000000000000",
            "A_WIDTH": "00000000000000000000000000000011",
            "B_SIGNED": "00000000000000000000000000000000",
            "B_WIDTH": "00000000000000000000000000000011",
            "Y_WIDTH": "00000000000000000000000000000011"
          },
          "attributes": {
            "src": "designs/216/top.sv:13.30-13.53"
          },
          "port_directions": {
            "A": "input",
            "B": "input",
            "Y": "output"
          },
          "connections": {
            "A": [ 2, 3, 4 ],
            "B": [ 2, 3, 4 ],
            "Y": [ 88, 89, 90 ]
          }
        },
        "$sub$designs/216/top.sv:14$5": {
          "hide_name": 1,
          "type": "$sub",
          "parameters": {
            "A_SIGNED": "00000000000000000000000000000000",
            "A_WIDTH": "00000000000000000000000000010001",
            "B_SIGNED": "00000000000000000000000000000000",
            "B_WIDTH": "00000000000000000000000000000111",
            "Y_WIDTH": "00000000000000000000000000010001"
          },
          "attributes": {
            "src": "designs/216/top.sv:14.37-14.106"
          },
          "port_directions": {
            "A": "input",
            "B": "input",
            "Y": "output"
          },
          "connections": {
            "A": [ 28, 29, 30, 31, 32, 33, 34, 35, 36, 37, 38, 39, 40, 41, 42, 43, 44 ],
            "B": [ "1", "0", "1", "0", "0", "1", "1" ],
            "Y": [ 45, 46, 47, 48, 49, 50, 51, 52, 53, 54, 55, 56, 57, 58, 59, 60, 61 ]
          }
        },
        "$sub$designs/216/top.sv:15$15": {
          "hide_name": 1,
          "type": "$sub",
          "parameters": {
            "A_SIGNED": "00000000000000000000000000000001",
            "A_WIDTH": "00000000000000000000000000001011",
            "B_SIGNED": "00000000000000000000000000000001",
            "B_WIDTH": "00000000000000000000000000000011",
            "Y_WIDTH": "00000000000000000000000000001011"
          },
          "attributes": {
            "src": "designs/216/top.sv:15.22-15.144"
          },
          "port_directions": {
            "A": "input",
            "B": "input",
            "Y": "output"
          },
          "connections": {
            "A": [ 250, 247, 248, 249, "0", "0", "0", "0", "0", "0", "0" ],
            "B": [ 88, 89, 90 ],
            "Y": [ 173, 174, 175, 176, 177, 178, 179, 180, 181, 261, 262 ]
          }
        },
        "$sub$designs/216/top.sv:16$17": {
          "hide_name": 1,
          "type": "$sub",
          "parameters": {
            "A_SIGNED": "00000000000000000000000000000000",
            "A_WIDTH": "00000000000000000000000000010010",
            "B_SIGNED": "00000000000000000000000000000000",
            "B_WIDTH": "00000000000000000000000000000001",
            "Y_WIDTH": "00000000000000000000000000010010"
          },
          "attributes": {
            "src": "designs/216/top.sv:16.43-16.69"
          },
          "port_directions": {
            "A": "input",
            "B": "input",
            "Y": "output"
          },
          "connections": {
            "A": [ 91, 92, 93, 94, 95, 96, 97, 98, 99, 100, 101, 102, 103, 104, 105, 106, 107, 108 ],
            "B": [ 83 ],
            "Y": [ 109, 110, 111, 112, 113, 114, 115, 116, 117, 118, 119, 120, 121, 122, 123, 124, 125, 126 ]
          }
        },
        "$sub$designs/216/top.sv:18$23": {
          "hide_name": 1,
          "type": "$sub",
          "parameters": {
            "A_SIGNED": "00000000000000000000000000000000",
            "A_WIDTH": "00000000000000000000000000001010",
            "B_SIGNED": "00000000000000000000000000000000",
            "B_WIDTH": "00000000000000000000000000001010",
            "Y_WIDTH": "00000000000000000000000000001010"
          },
          "attributes": {
            "src": "designs/216/top.sv:18.23-18.58"
          },
          "port_directions": {
            "A": "input",
            "B": "input",
            "Y": "output"
          },
          "connections": {
            "A": [ 252, 89, 90, 90, 90, 90, 90, 90, 90, 90 ],
            "B": [ 88, 89, 90, 90, 90, 90, 90, 90, 90, 90 ],
            "Y": [ 163, 164, 165, 166, 167, 168, 169, 170, 171, 172 ]
          }
        },
        "$sub$designs/216/top.sv:20$29": {
          "hide_name": 1,
          "type": "$sub",
          "parameters": {
            "A_SIGNED": "00000000000000000000000000000000",
            "A_WIDTH": "00000000000000000000000000010010",
            "B_SIGNED": "00000000000000000000000000000000",
            "B_WIDTH": "00000000000000000000000000001010",
            "Y_WIDTH": "00000000000000000000000000010011"
          },
          "attributes": {
            "src": "designs/216/top.sv:20.27-20.123"
          },
          "port_directions": {
            "A": "input",
            "B": "input",
            "Y": "output"
          },
          "connections": {
            "A": [ 228, 229, 230, 231, 232, 233, 234, 235, 236, 237, 238, 239, 240, 241, 242, 243, 244, 245 ],
            "B": [ 182, 183, 184, 185, 186, 187, 188, 189, 190, 191 ],
            "Y": [ 5, 6, 7, 8, 9, 10, 11, 12, 13, 14, 15, 16, 17, 18, 19, 20, 21, 22, 23 ]
          }
        },
        "$xor$designs/216/top.sv:20$26": {
          "hide_name": 1,
          "type": "$xor",
          "parameters": {
            "A_SIGNED": "00000000000000000000000000000000",
            "A_WIDTH": "00000000000000000000000000010010",
            "B_SIGNED": "00000000000000000000000000000000",
            "B_WIDTH": "00000000000000000000000000010010",
            "Y_WIDTH": "00000000000000000000000000010010"
          },
          "attributes": {
            "src": "designs/216/top.sv:20.38-20.75"
          },
          "port_directions": {
            "A": "input",
            "B": "input",
            "Y": "output"
          },
          "connections": {
            "A": [ 192, 193, 194, 195, 196, 197, 198, 199, 200, 201, 202, 203, 204, 205, 206, 207, 208, 209 ],
            "B": [ 88, 89, 90, 90, 90, 90, 90, 90, 90, 90, 90, 90, 90, 90, 90, 90, 90, 90 ],
            "Y": [ 263, 264, 265, 266, 267, 268, 269, 270, 271, 272, 273, 274, 275, 276, 277, 278, 279, 280 ]
          }
        }
      },
      "netnames": {
        "$add$designs/216/top.sv:14$4_Y": {
          "hide_name": 1,
          "bits": [ 27, 28, 29, 30, 31, 32, 33, 34, 35, 36, 37, 38, 39, 40, 41, 42, 43, 44 ],
          "attributes": {
            "src": "designs/216/top.sv:14.38-14.96"
          }
        },
        "$add$designs/216/top.sv:14$6_Y": {
          "hide_name": 1,
          "bits": [ 62, 63, 64, 65, 66, 67, 68, 69, 70, 71, 72, 73, 74, 75, 76, 77, 78, 79 ],
          "attributes": {
            "src": "designs/216/top.sv:14.36-14.120"
          }
        },
        "$add$designs/216/top.sv:15$12_Y": {
          "hide_name": 1,
          "bits": [ 84, 85, 86, 87, "0", "0", "0", "0", "0" ],
          "attributes": {
            "src": "designs/216/top.sv:15.51-15.105"
          }
        },
        "$add$designs/216/top.sv:16$16_Y": {
          "hide_name": 1,
          "bits": [ 91, 92, 93, 94, 95, 96, 97, 98, 99, 100, 101, 102, 103, 104, 105, 106, 107, 108 ],
          "attributes": {
            "src": "designs/216/top.sv:16.44-16.59"
          }
        },
        "$add$designs/216/top.sv:16$18_Y": {
          "hide_name": 1,
          "bits": [ 127, 128, 129, 130, 131, 132, 133, 134, 135, 136, 137, 138, 139, 140, 141, 142, 143, 144 ],
          "attributes": {
            "src": "designs/216/top.sv:16.32-16.80"
          }
        },
        "$add$designs/216/top.sv:16$19_Y": {
          "hide_name": 1,
          "bits": [ 145, 146, 147, 148, 149, 150, 151, 152, 153, 154, 155, 156, 157, 158, 159, 160, 161, 162 ],
          "attributes": {
            "src": "designs/216/top.sv:16.23-16.91"
          }
        },
        "$add$designs/216/top.sv:20$25_Y": {
          "hide_name": 1,
          "bits": [ 192, 193, 194, 195, 196, 197, 198, 199, 200, 201, 202, 203, 204, 205, 206, 207, 208, 209 ],
          "attributes": {
            "src": "designs/216/top.sv:20.49-20.64"
          }
        },
        "$add$designs/216/top.sv:20$28_Y": {
          "hide_name": 1,
          "bits": [ 228, 229, 230, 231, 232, 233, 234, 235, 236, 237, 238, 239, 240, 241, 242, 243, 244, 245 ],
          "attributes": {
            "src": "designs/216/top.sv:20.36-20.107"
          }
        },
        "$and$designs/216/top.sv:14$2_Y": {
          "hide_name": 1,
          "bits": [ 80, 81, 82, "0", "0", "0", "0", "0", "0", "0", "0", "0", "0", "0", "0", "0", "0", "0" ],
          "attributes": {
            "src": "designs/216/top.sv:14.48-14.71"
          }
        },
        "$and$designs/216/top.sv:14$3_Y": {
          "hide_name": 1,
          "bits": [ 24, 25, 26, "0", "0", "0", "0", "0", "0", "0", "0", "0", "0", "0", "0", "0", "0", "0" ],
          "attributes": {
            "src": "designs/216/top.sv:14.47-14.81"
          }
        },
        "$and$designs/216/top.sv:15$13_Y": {
          "hide_name": 1,
          "bits": [ 246, 247, 248, 249, "0", "0", "0", "0", "0", "0" ],
          "attributes": {
            "src": "designs/216/top.sv:15.40-15.122"
          }
        },
        "$auto$opt_expr.cc:205:group_cell_inputs$41": {
          "hide_name": 1,
          "bits": [ 250 ],
          "attributes": {
          }
        },
        "$auto$opt_expr.cc:205:group_cell_inputs$47": {
          "hide_name": 1,
          "bits": [ 252 ],
          "attributes": {
          }
        },
        "$auto$wreduce.cc:514:run$31": {
          "hide_name": 1,
          "bits": [ 163, 164, 165, 166, 167, 168, 169, 170, 171, 172, 281, 282, 283, 284, 285, 286, 287, 288, 289, 289, 289, 289, 289, 289, 289, 289, 289, 289, 289, 289 ],
          "attributes": {
            "src": "designs/216/top.sv:18.23-18.58",
            "unused_bits": "10 11 12 13 14 15 16 17 18 19 20 21 22 23 24 25 26 27 28 29"
          }
        },
        "$ge$designs/216/top.sv:14$9_Y": {
          "hide_name": 1,
          "bits": [ 253, "0", "0", "0", "0", "0", "0", "0", "0", "0", "0", "0", "0", "0", "0", "0", "0", "0" ],
          "attributes": {
            "src": "designs/216/top.sv:14.23-14.166"
          }
        },
        "$le$designs/216/top.sv:14$7_Y": {
          "hide_name": 1,
          "bits": [ 260, "0", "0", "0", "0", "0" ],
          "attributes": {
            "src": "designs/216/top.sv:14.25-14.136"
          }
        },
        "$mul$designs/216/top.sv:14$8_Y": {
          "hide_name": 1,
          "bits": [ 254, 255, 256, 257, 258, 259 ],
          "attributes": {
            "src": "designs/216/top.sv:14.24-14.151"
          }
        },
        "$mul$designs/216/top.sv:20$27_Y": {
          "hide_name": 1,
          "bits": [ 210, 211, 212, 213, 214, 215, 216, 217, 218, 219, 220, 221, 222, 223, 224, 225, 226, 227 ],
          "attributes": {
            "src": "designs/216/top.sv:20.37-20.91"
          }
        },
        "$sub$designs/216/top.sv:14$5_Y": {
          "hide_name": 1,
          "bits": [ 27, 45, 46, 47, 48, 49, 50, 51, 52, 53, 54, 55, 56, 57, 58, 59, 60, 61 ],
          "attributes": {
            "src": "designs/216/top.sv:14.37-14.106"
          }
        },
        "$sub$designs/216/top.sv:16$17_Y": {
          "hide_name": 1,
          "bits": [ 109, 110, 111, 112, 113, 114, 115, 116, 117, 118, 119, 120, 121, 122, 123, 124, 125, 126 ],
          "attributes": {
            "src": "designs/216/top.sv:16.43-16.69"
          }
        },
        "$xor$designs/216/top.sv:20$26_Y": {
          "hide_name": 1,
          "bits": [ 263, 264, 265, 266, 267, 268, 269, 270, 271, 272, 273, 274, 275, 276, 277, 278, 279, 280 ],
          "attributes": {
            "src": "designs/216/top.sv:20.38-20.75"
          }
        },
        "input_data": {
          "hide_name": 0,
          "bits": [ 2, 3, 4 ],
          "attributes": {
            "src": "designs/216/top.sv:2.17-2.27"
          }
        },
        "output_data": {
          "hide_name": 0,
          "bits": [ 5, 6, 7, 8, 9, 10, 11, 12, 13, 14, 15, 16, 17, 18, 19, 20, 21, 22, 23, 23, 23, 23, 23, 23 ],
          "attributes": {
            "src": "designs/216/top.sv:3.19-3.30"
          }
        },
        "temp_0": {
          "hide_name": 0,
          "bits": [ 88, 89, 90, 90, 90, 90, 90, 90, 90, 90, 90, 90, 90, 90, 90, 90, 90, 90 ],
          "attributes": {
            "src": "designs/216/top.sv:6.18-6.24"
          }
        },
        "temp_1": {
          "hide_name": 0,
          "bits": [ 83, "0", "0", "0", "0", "0", "0", "0", "0" ],
          "attributes": {
            "src": "designs/216/top.sv:7.17-7.23"
          }
        },
        "temp_2": {
          "hide_name": 0,
          "bits": [ 173, 174, 175, 176, 177, 178, 179, 180, 181, 261, 262, "x" ],
          "attributes": {
            "src": "designs/216/top.sv:8.18-8.24"
          }
        },
        "temp_3": {
          "hide_name": 0,
          "bits": [ 251 ],
          "attributes": {
            "single_bit_vector": "00000000000000000000000000000001",
            "src": "designs/216/top.sv:9.17-9.23"
          }
        },
        "temp_5": {
          "hide_name": 0,
          "bits": [ 182, 183, 184, 185, 186, 187, 188, 189, 190, 191, "x", "x", "x", "x", "x", "x", "x", "x", "x", "x", "x", "x", "x", "x", "x", "x", "x", "x", "x", "x" ],
          "attributes": {
            "src": "designs/216/top.sv:11.18-11.24"
          }
        }
      }
    }
  }
}
