{
  "creator": "Yosys 0.60 (git sha1 5bafeb77dc71e054fa331ab9efa613e6fb0a1c49, clang++ 17.0.0 -fPIC -O3)",
  "modules": {
    "top": {
      "attributes": {
        "top": "00000000000000000000000000000001",
        "src": "designs/5/top.sv:1.1-54.10"
      },
      "ports": {
        "input_data": {
          "direction": "input",
          "bits": [ 2, 3, 4 ]
        },
        "output_data": {
          "direction": "output",
          "bits": [ 5, 6, 7, 8, 9, 10, 11, 12, 13, 14, 15, "0", "0", "0", "0", "0", "0", "0", "0", "0", "0", "0", "0", "0", "0", "0", "0", "0", "0", "0", "0", "0", "0", "0", "0" ]
        }
      },
      "cells": {
        "$auto$opt_expr.cc:276:group_cell_inputs$104": {
          "hide_name": 1,
          "type": "$xor",
          "parameters": {
            "A_SIGNED": "00000000000000000000000000000000",
            "A_WIDTH": "00000000000000000000000000000001",
            "B_SIGNED": "00000000000000000000000000000000",
            "B_WIDTH": "00000000000000000000000000000001",
            "Y_WIDTH": "00000000000000000000000000000001"
          },
          "attributes": {
          },
          "port_directions": {
            "A": "input",
            "B": "input",
            "Y": "output"
          },
          "connections": {
            "A": [ 16 ],
            "B": [ 17 ],
            "Y": [ 18 ]
          }
        },
        "$auto$opt_expr.cc:276:group_cell_inputs$107": {
          "hide_name": 1,
          "type": "$or",
          "parameters": {
            "A_SIGNED": "00000000000000000000000000000000",
            "A_WIDTH": "00000000000000000000000000000001",
            "B_SIGNED": "00000000000000000000000000000000",
            "B_WIDTH": "00000000000000000000000000000001",
            "Y_WIDTH": "00000000000000000000000000000001"
          },
          "attributes": {
          },
          "port_directions": {
            "A": "input",
            "B": "input",
            "Y": "output"
          },
          "connections": {
            "A": [ 19 ],
            "B": [ 17 ],
            "Y": [ 20 ]
          }
        },
        "$auto$opt_expr.cc:276:group_cell_inputs$110": {
          "hide_name": 1,
          "type": "$or",
          "parameters": {
            "A_SIGNED": "00000000000000000000000000000000",
            "A_WIDTH": "00000000000000000000000000000011",
            "B_SIGNED": "00000000000000000000000000000000",
            "B_WIDTH": "00000000000000000000000000000011",
            "Y_WIDTH": "00000000000000000000000000000011"
          },
          "attributes": {
          },
          "port_directions": {
            "A": "input",
            "B": "input",
            "Y": "output"
          },
          "connections": {
            "A": [ 20, 21, 22 ],
            "B": [ 2, 3, 4 ],
            "Y": [ 23, 24, 25 ]
          }
        },
        "$auto$opt_expr.cc:276:group_cell_inputs$113": {
          "hide_name": 1,
          "type": "$and",
          "parameters": {
            "A_SIGNED": "00000000000000000000000000000000",
            "A_WIDTH": "00000000000000000000000000000011",
            "B_SIGNED": "00000000000000000000000000000000",
            "B_WIDTH": "00000000000000000000000000000011",
            "Y_WIDTH": "00000000000000000000000000000011"
          },
          "attributes": {
          },
          "port_directions": {
            "A": "input",
            "B": "input",
            "Y": "output"
          },
          "connections": {
            "A": [ 2, 3, 4 ],
            "B": [ 26, 27, 28 ],
            "Y": [ 29, 30, 31 ]
          }
        },
        "$auto$opt_expr.cc:276:group_cell_inputs$122": {
          "hide_name": 1,
          "type": "$or",
          "parameters": {
            "A_SIGNED": "00000000000000000000000000000000",
            "A_WIDTH": "00000000000000000000000000000011",
            "B_SIGNED": "00000000000000000000000000000000",
            "B_WIDTH": "00000000000000000000000000000011",
            "Y_WIDTH": "00000000000000000000000000000011"
          },
          "attributes": {
          },
          "port_directions": {
            "A": "input",
            "B": "input",
            "Y": "output"
          },
          "connections": {
            "A": [ 29, 30, 31 ],
            "B": [ 23, 24, 25 ],
            "Y": [ 5, 6, 7 ]
          }
        },
        "$auto$opt_expr.cc:276:group_cell_inputs$53": {
          "hide_name": 1,
          "type": "$xor",
          "parameters": {
            "A_SIGNED": "00000000000000000000000000000000",
            "A_WIDTH": "00000000000000000000000000000001",
            "B_SIGNED": "00000000000000000000000000000000",
            "B_WIDTH": "00000000000000000000000000000001",
            "Y_WIDTH": "00000000000000000000000000000001"
          },
          "attributes": {
          },
          "port_directions": {
            "A": "input",
            "B": "input",
            "Y": "output"
          },
          "connections": {
            "A": [ 32 ],
            "B": [ 2 ],
            "Y": [ 33 ]
          }
        },
        "$auto$opt_expr.cc:276:group_cell_inputs$77": {
          "hide_name": 1,
          "type": "$or",
          "parameters": {
            "A_SIGNED": "00000000000000000000000000000000",
            "A_WIDTH": "00000000000000000000000000000001",
            "B_SIGNED": "00000000000000000000000000000000",
            "B_WIDTH": "00000000000000000000000000000001",
            "Y_WIDTH": "00000000000000000000000000000001"
          },
          "attributes": {
          },
          "port_directions": {
            "A": "input",
            "B": "input",
            "Y": "output"
          },
          "connections": {
            "A": [ 17 ],
            "B": [ 2 ],
            "Y": [ 34 ]
          }
        },
        "$auto$opt_expr.cc:276:group_cell_inputs$80": {
          "hide_name": 1,
          "type": "$and",
          "parameters": {
            "A_SIGNED": "00000000000000000000000000000000",
            "A_WIDTH": "00000000000000000000000000000011",
            "B_SIGNED": "00000000000000000000000000000000",
            "B_WIDTH": "00000000000000000000000000000011",
            "Y_WIDTH": "00000000000000000000000000000011"
          },
          "attributes": {
          },
          "port_directions": {
            "A": "input",
            "B": "input",
            "Y": "output"
          },
          "connections": {
            "A": [ 2, 3, 4 ],
            "B": [ 2, 3, 4 ],
            "Y": [ 35, 36, 37 ]
          }
        },
        "$eq$designs/5/top.sv:26$4": {
          "hide_name": 1,
          "type": "$eq",
          "parameters": {
            "A_SIGNED": "00000000000000000000000000000000",
            "A_WIDTH": "00000000000000000000000000000001",
            "B_SIGNED": "00000000000000000000000000000000",
            "B_WIDTH": "00000000000000000000000000000001",
            "Y_WIDTH": "00000000000000000000000000000001"
          },
          "attributes": {
            "src": "designs/5/top.sv:26.22-26.91"
          },
          "port_directions": {
            "A": "input",
            "B": "input",
            "Y": "output"
          },
          "connections": {
            "A": [ 33 ],
            "B": [ 2 ],
            "Y": [ 17 ]
          }
        },
        "$gt$designs/5/top.sv:26$1": {
          "hide_name": 1,
          "type": "$gt",
          "parameters": {
            "A_SIGNED": "00000000000000000000000000000000",
            "A_WIDTH": "00000000000000000000000000000011",
            "B_SIGNED": "00000000000000000000000000000000",
            "B_WIDTH": "00000000000000000000000000000011",
            "Y_WIDTH": "00000000000000000000000000000001"
          },
          "attributes": {
            "src": "designs/5/top.sv:26.25-26.48"
          },
          "port_directions": {
            "A": "input",
            "B": "input",
            "Y": "output"
          },
          "connections": {
            "A": [ 2, 3, 4 ],
            "B": [ 2, 3, 4 ],
            "Y": [ 38 ]
          }
        },
        "$lt$designs/5/top.sv:26$2": {
          "hide_name": 1,
          "type": "$lt",
          "parameters": {
            "A_SIGNED": "00000000000000000000000000000000",
            "A_WIDTH": "00000000000000000000000000000001",
            "B_SIGNED": "00000000000000000000000000000000",
            "B_WIDTH": "00000000000000000000000000000011",
            "Y_WIDTH": "00000000000000000000000000000001"
          },
          "attributes": {
            "src": "designs/5/top.sv:26.24-26.62"
          },
          "port_directions": {
            "A": "input",
            "B": "input",
            "Y": "output"
          },
          "connections": {
            "A": [ 38 ],
            "B": [ 2, 3, 4 ],
            "Y": [ 32 ]
          }
        },
        "$or$designs/5/top.sv:43$34": {
          "hide_name": 1,
          "type": "$or",
          "parameters": {
            "A_SIGNED": "00000000000000000000000000000000",
            "A_WIDTH": "00000000000000000000000000000011",
            "B_SIGNED": "00000000000000000000000000000000",
            "B_WIDTH": "00000000000000000000000000000011",
            "Y_WIDTH": "00000000000000000000000000000011"
          },
          "attributes": {
            "src": "designs/5/top.sv:43.23-43.42"
          },
          "port_directions": {
            "A": "input",
            "B": "input",
            "Y": "output"
          },
          "connections": {
            "A": [ 2, 3, 4 ],
            "B": [ 2, 3, 4 ],
            "Y": [ 26, 27, 28 ]
          }
        },
        "$or$designs/5/top.sv:49$40": {
          "hide_name": 1,
          "type": "$or",
          "parameters": {
            "A_SIGNED": "00000000000000000000000000000000",
            "A_WIDTH": "00000000000000000000000000001011",
            "B_SIGNED": "00000000000000000000000000000000",
            "B_WIDTH": "00000000000000000000000000001011",
            "Y_WIDTH": "00000000000000000000000000001011"
          },
          "attributes": {
            "src": "designs/5/top.sv:49.45-49.112"
          },
          "port_directions": {
            "A": "input",
            "B": "input",
            "Y": "output"
          },
          "connections": {
            "A": [ 39, 40, 41, 42, 43, 44, 45, 46, 47, 48, 49 ],
            "B": [ 50, 51, 52, 53, 54, 55, 56, 57, 58, 59, 60 ],
            "Y": [ 19, 21, 22, 8, 9, 10, 11, 12, 13, 14, 15 ]
          }
        },
        "$shl$designs/5/top.sv:37$22": {
          "hide_name": 1,
          "type": "$shl",
          "parameters": {
            "A_SIGNED": "00000000000000000000000000000000",
            "A_WIDTH": "00000000000000000000000000000110",
            "B_SIGNED": "00000000000000000000000000000000",
            "B_WIDTH": "00000000000000000000000000011111",
            "Y_WIDTH": "00000000000000000000000000010001"
          },
          "attributes": {
            "src": "designs/5/top.sv:37.33-37.64"
          },
          "port_directions": {
            "A": "input",
            "B": "input",
            "Y": "output"
          },
          "connections": {
            "A": [ 35, 36, 37, "0", "0", "0" ],
            "B": [ 16, 61, 62, 63, 63, 63, 63, 63, 63, 63, 63, 63, 63, 63, 63, 63, 63, 63, 63, 63, 63, 63, 63, 63, 63, 63, 63, 63, 63, 63, 63 ],
            "Y": [ 50, 51, 52, 53, 54, 55, 56, 57, 58, 59, 60, 64, 65, 66, 67, 68, 69 ]
          }
        },
        "$shr$designs/5/top.sv:49$39": {
          "hide_name": 1,
          "type": "$shr",
          "parameters": {
            "A_SIGNED": "00000000000000000000000000000000",
            "A_WIDTH": "00000000000000000000000000010000",
            "B_SIGNED": "00000000000000000000000000000000",
            "B_WIDTH": "00000000000000000000000000000101",
            "Y_WIDTH": "00000000000000000000000000001011"
          },
          "attributes": {
            "src": "designs/5/top.sv:49.46-49.101"
          },
          "port_directions": {
            "A": "input",
            "B": "input",
            "Y": "output"
          },
          "connections": {
            "A": [ 18, 61, 62, 63, 63, 63, 63, 63, 63, 63, 63, 63, 63, 63, 63, 63 ],
            "B": [ 2, 3, 4, "0", "0" ],
            "Y": [ 39, 40, 41, 42, 43, 44, 45, 46, 47, 48, 49 ]
          }
        },
        "$sub$designs/5/top.sv:35$20": {
          "hide_name": 1,
          "type": "$sub",
          "parameters": {
            "A_SIGNED": "00000000000000000000000000000000",
            "A_WIDTH": "00000000000000000000000000000011",
            "B_SIGNED": "00000000000000000000000000000000",
            "B_WIDTH": "00000000000000000000000000000011",
            "Y_WIDTH": "00000000000000000000000000000100"
          },
          "attributes": {
            "src": "designs/5/top.sv:35.22-35.65"
          },
          "port_directions": {
            "A": "input",
            "B": "input",
            "Y": "output"
          },
          "connections": {
            "A": [ 34, 3, 4 ],
            "B": [ 2, 3, 4 ],
            "Y": [ 16, 61, 62, 63 ]
          }
        }
      },
      "netnames": {
        "$and$designs/5/top.sv:37$21_Y": {
          "hide_name": 1,
          "bits": [ 35, 36, 37, "0", "0", "0", "0", "0", "0", "0", "0", "0", "0", "0", "0", "0", "0" ],
          "attributes": {
            "src": "designs/5/top.sv:37.34-37.53"
          }
        },
        "$and$designs/5/top.sv:52$43_Y": {
          "hide_name": 1,
          "bits": [ 29, 30, 31, "0", "0", "0", "0", "0", "0", "0" ],
          "attributes": {
          }
        },
        "$auto$opt_expr.cc:205:group_cell_inputs$103": {
          "hide_name": 1,
          "bits": [ 18 ],
          "attributes": {
          }
        },
        "$auto$opt_expr.cc:205:group_cell_inputs$106": {
          "hide_name": 1,
          "bits": [ 20 ],
          "attributes": {
          }
        },
        "$auto$opt_expr.cc:205:group_cell_inputs$108": {
          "hide_name": 1,
          "bits": [ 21, 22, 8, 9, 10, 11, 12, 13, 14, 15 ],
          "attributes": {
          }
        },
        "$auto$opt_expr.cc:205:group_cell_inputs$52": {
          "hide_name": 1,
          "bits": [ 33 ],
          "attributes": {
          }
        },
        "$auto$opt_expr.cc:205:group_cell_inputs$67": {
          "hide_name": 1,
          "bits": [ 34 ],
          "attributes": {
          }
        },
        "$auto$wreduce.cc:514:run$48": {
          "hide_name": 1,
          "bits": [ 19, 21, 22, 8, 9, 10, 11, 12, 13, 14, 15, 70, 71, 72, 73, 74, 75, 76, 77, 78, 79, 80, 81, 82, 83, 84, 85, 86, 87, 88, 89 ],
          "attributes": {
            "src": "designs/5/top.sv:49.45-49.112",
            "unused_bits": "11 12 13 14 15 16 17 18 19 20 21 22 23 24 25 26 27 28 29 30"
          }
        },
        "$gt$designs/5/top.sv:26$1_Y": {
          "hide_name": 1,
          "bits": [ 38, "0", "0" ],
          "attributes": {
            "src": "designs/5/top.sv:26.25-26.48"
          }
        },
        "$lt$designs/5/top.sv:26$2_Y": {
          "hide_name": 1,
          "bits": [ 32, "0", "0" ],
          "attributes": {
            "src": "designs/5/top.sv:26.24-26.62"
          }
        },
        "$shr$designs/5/top.sv:49$39_Y": {
          "hide_name": 1,
          "bits": [ 39, 40, 41, 42, 43, 44, 45, 46, 47, 48, 49, 90, 91, 92, 93, 94, 95, 96, 97, 98, 99, 100, 101, 102, 103, 104, 105, 106, 107, 108, 109 ],
          "attributes": {
            "src": "designs/5/top.sv:49.46-49.101",
            "unused_bits": "11 12 13 14 15 16 17 18 19 20 21 22 23 24 25 26 27 28 29 30"
          }
        },
        "expr_586973": {
          "hide_name": 0,
          "bits": [ 23, 24, 25, 8, 9, 10, 11, 12, 13, 14, 15, "x", "x", "x", "x", "x", "x", "x", "x", "x", "x", "x", "x", "x", "x", "x", "x", "x", "x", "x", "x", "x", "x", "x", "x" ],
          "attributes": {
            "src": "designs/5/top.sv:48.18-48.29"
          }
        },
        "input_data": {
          "hide_name": 0,
          "bits": [ 2, 3, 4 ],
          "attributes": {
            "src": "designs/5/top.sv:2.17-2.27"
          }
        },
        "output_data": {
          "hide_name": 0,
          "bits": [ 5, 6, 7, 8, 9, 10, 11, 12, 13, 14, 15, "0", "0", "0", "0", "0", "0", "0", "0", "0", "0", "0", "0", "0", "0", "0", "0", "0", "0", "0", "0", "0", "0", "0", "0" ],
          "attributes": {
            "src": "designs/5/top.sv:3.19-3.30"
          }
        },
        "temp_0": {
          "hide_name": 0,
          "bits": [ 17, "0", "0", "0", "0", "0", "0", "0", "0" ],
          "attributes": {
            "src": "designs/5/top.sv:6.17-6.23"
          }
        },
        "temp_11": {
          "hide_name": 0,
          "bits": [ 50, 51, 52, 53, 54, 55, 56, 57, 58, 59, 60, 64, 65, 66, 67, 68, 69, "0", "0", "0", "0", "0", "0", "0", "0", "0" ],
          "attributes": {
            "src": "designs/5/top.sv:17.18-17.25",
            "unused_bits": "11 12 13 14 15 16"
          }
        },
        "temp_15": {
          "hide_name": 0,
          "bits": [ 26, 27, 28, "0", "0", "0", "0", "0", "0", "0", "0", "0", "0", "0", "0", "0", "0", "0", "0", "0", "0", "0", "0", "0", "0" ],
          "attributes": {
            "src": "designs/5/top.sv:21.18-21.25"
          }
        },
        "temp_9": {
          "hide_name": 0,
          "bits": [ 16, 61, 62, 63, 63, 63, 63, 63, 63, 63, 63, 63, 63, 63, 63, 63, 63, 63, 63, 63, 63, 63, 63, 63, 63, 63, 63, 63, 63, 63, 63 ],
          "attributes": {
            "src": "designs/5/top.sv:15.18-15.24"
          }
        }
      }
    }
  }
}
