{
  "creator": "Yosys 0.60 (git sha1 5bafeb77dc71e054fa331ab9efa613e6fb0a1c49, clang++ 17.0.0 -fPIC -O3)",
  "modules": {
    "top": {
      "attributes": {
        "top": "00000000000000000000000000000001",
        "src": "designs/97/top.sv:1.1-54.10"
      },
      "ports": {
        "input_data": {
          "direction": "input",
          "bits": [ 2, 3, 4, 5 ]
        },
        "output_data": {
          "direction": "output",
          "bits": [ 6, 7, 8, 9, 10, 11, 12, 13, 14, 15, 16, 17, 18, 19, 20, 21, 22, 23, 24, 25 ]
        }
      },
      "cells": {
        "$add$designs/97/top.sv:27$10": {
          "hide_name": 1,
          "type": "$add",
          "parameters": {
            "A_SIGNED": "00000000000000000000000000000000",
            "A_WIDTH": "00000000000000000000000000000111",
            "B_SIGNED": "00000000000000000000000000000000",
            "B_WIDTH": "00000000000000000000000000000111",
            "Y_WIDTH": "00000000000000000000000000001000"
          },
          "attributes": {
            "src": "designs/97/top.sv:27.23-27.157"
          },
          "port_directions": {
            "A": "input",
            "B": "input",
            "Y": "output"
          },
          "connections": {
            "A": [ 26, 27, 28, 29, 30, 31, 32 ],
            "B": [ 33, 34, 35, 36, 37, 37, 37 ],
            "Y": [ 38, 39, 40, 41, 42, 43, 44, 45 ]
          }
        },
        "$add$designs/97/top.sv:27$4": {
          "hide_name": 1,
          "type": "$add",
          "parameters": {
            "A_SIGNED": "00000000000000000000000000000000",
            "A_WIDTH": "00000000000000000000000000000111",
            "B_SIGNED": "00000000000000000000000000000000",
            "B_WIDTH": "00000000000000000000000000000111",
            "Y_WIDTH": "00000000000000000000000000000111"
          },
          "attributes": {
            "src": "designs/97/top.sv:27.69-27.84"
          },
          "port_directions": {
            "A": "input",
            "B": "input",
            "Y": "output"
          },
          "connections": {
            "A": [ 33, 34, 35, 36, 37, 37, 37 ],
            "B": [ 33, 34, 35, 36, 37, 37, 37 ],
            "Y": [ 46, 47, 48, 49, 50, 51, 52 ]
          }
        },
        "$add$designs/97/top.sv:27$8": {
          "hide_name": 1,
          "type": "$add",
          "parameters": {
            "A_SIGNED": "00000000000000000000000000000000",
            "A_WIDTH": "00000000000000000000000000000111",
            "B_SIGNED": "00000000000000000000000000000000",
            "B_WIDTH": "00000000000000000000000000000111",
            "Y_WIDTH": "00000000000000000000000000000111"
          },
          "attributes": {
            "src": "designs/97/top.sv:27.45-27.135"
          },
          "port_directions": {
            "A": "input",
            "B": "input",
            "Y": "output"
          },
          "connections": {
            "A": [ 53, 54, 55, 56, 57, 58, 59 ],
            "B": [ 33, 34, 35, 36, 37, 37, 37 ],
            "Y": [ 60, 61, 62, 63, 64, 65, 66 ]
          }
        },
        "$add$designs/97/top.sv:27$9": {
          "hide_name": 1,
          "type": "$add",
          "parameters": {
            "A_SIGNED": "00000000000000000000000000000000",
            "A_WIDTH": "00000000000000000000000000000111",
            "B_SIGNED": "00000000000000000000000000000000",
            "B_WIDTH": "00000000000000000000000000000111",
            "Y_WIDTH": "00000000000000000000000000000111"
          },
          "attributes": {
            "src": "designs/97/top.sv:27.34-27.146"
          },
          "port_directions": {
            "A": "input",
            "B": "input",
            "Y": "output"
          },
          "connections": {
            "A": [ 60, 61, 62, 63, 64, 65, 66 ],
            "B": [ 33, 34, 35, 36, 37, 37, 37 ],
            "Y": [ 26, 27, 28, 29, 30, 31, 32 ]
          }
        },
        "$add$designs/97/top.sv:28$12": {
          "hide_name": 1,
          "type": "$add",
          "parameters": {
            "A_SIGNED": "00000000000000000000000000000000",
            "A_WIDTH": "00000000000000000000000000000100",
            "B_SIGNED": "00000000000000000000000000000000",
            "B_WIDTH": "00000000000000000000000000000100",
            "Y_WIDTH": "00000000000000000000000000000100"
          },
          "attributes": {
            "src": "designs/97/top.sv:28.40-28.63"
          },
          "port_directions": {
            "A": "input",
            "B": "input",
            "Y": "output"
          },
          "connections": {
            "A": [ 2, 3, 4, 5 ],
            "B": [ 2, 3, 4, 5 ],
            "Y": [ 67, 68, 69, 70 ]
          }
        },
        "$add$designs/97/top.sv:28$14": {
          "hide_name": 1,
          "type": "$add",
          "parameters": {
            "A_SIGNED": "00000000000000000000000000000000",
            "A_WIDTH": "00000000000000000000000000000100",
            "B_SIGNED": "00000000000000000000000000000000",
            "B_WIDTH": "00000000000000000000000000001000",
            "Y_WIDTH": "00000000000000000000000000001001"
          },
          "attributes": {
            "src": "designs/97/top.sv:28.30-28.88"
          },
          "port_directions": {
            "A": "input",
            "B": "input",
            "Y": "output"
          },
          "connections": {
            "A": [ 71, 72, 73, 74 ],
            "B": [ 75, 76, 77, 78, 79, 80, 81, 45 ],
            "Y": [ 82, 83, 84, 85, 86, 87, 88, 89, 90 ]
          }
        },
        "$add$designs/97/top.sv:30$19": {
          "hide_name": 1,
          "type": "$add",
          "parameters": {
            "A_SIGNED": "00000000000000000000000000000000",
            "A_WIDTH": "00000000000000000000000000000001",
            "B_SIGNED": "00000000000000000000000000000000",
            "B_WIDTH": "00000000000000000000000000000110",
            "Y_WIDTH": "00000000000000000000000000000110"
          },
          "attributes": {
            "src": "designs/97/top.sv:30.33-30.86"
          },
          "port_directions": {
            "A": "input",
            "B": "input",
            "Y": "output"
          },
          "connections": {
            "A": [ 91 ],
            "B": [ 75, 76, 77, 78, 79, 80 ],
            "Y": [ 92, 93, 94, 95, 96, 97 ]
          }
        },
        "$add$designs/97/top.sv:33$32": {
          "hide_name": 1,
          "type": "$add",
          "parameters": {
            "A_SIGNED": "00000000000000000000000000000000",
            "A_WIDTH": "00000000000000000000000000001000",
            "B_SIGNED": "00000000000000000000000000000000",
            "B_WIDTH": "00000000000000000000000000000110",
            "Y_WIDTH": "00000000000000000000000000001001"
          },
          "attributes": {
            "src": "designs/97/top.sv:33.33-33.82"
          },
          "port_directions": {
            "A": "input",
            "B": "input",
            "Y": "output"
          },
          "connections": {
            "A": [ 98, 99, 100, 101, 102, 103, 104, 105 ],
            "B": [ 106, 107, 108, 109, "0", "0" ],
            "Y": [ 110, 111, 112, 113, 114, 115, 116, 117, 118 ]
          }
        },
        "$add$designs/97/top.sv:33$33": {
          "hide_name": 1,
          "type": "$add",
          "parameters": {
            "A_SIGNED": "00000000000000000000000000000000",
            "A_WIDTH": "00000000000000000000000000001001",
            "B_SIGNED": "00000000000000000000000000000000",
            "B_WIDTH": "00000000000000000000000000001010",
            "Y_WIDTH": "00000000000000000000000000001011"
          },
          "attributes": {
            "src": "designs/97/top.sv:33.32-33.92"
          },
          "port_directions": {
            "A": "input",
            "B": "input",
            "Y": "output"
          },
          "connections": {
            "A": [ 110, 111, 112, 113, 114, 115, 116, 117, 118 ],
            "B": [ 119, 120, 121, 122, 123, 124, 125, 126, 127, 128 ],
            "Y": [ 129, 130, 131, 132, 133, 134, 135, 136, 137, 138, 139 ]
          }
        },
        "$add$designs/97/top.sv:33$39": {
          "hide_name": 1,
          "type": "$add",
          "parameters": {
            "A_SIGNED": "00000000000000000000000000000000",
            "A_WIDTH": "00000000000000000000000000001010",
            "B_SIGNED": "00000000000000000000000000000000",
            "B_WIDTH": "00000000000000000000000000000010",
            "Y_WIDTH": "00000000000000000000000000001011"
          },
          "attributes": {
            "src": "designs/97/top.sv:33.119-33.202"
          },
          "port_directions": {
            "A": "input",
            "B": "input",
            "Y": "output"
          },
          "connections": {
            "A": [ 140, 141, 142, 143, 144, 145, 146, 147, 148, 149 ],
            "B": [ 150, 151 ],
            "Y": [ 152, 153, 154, 155, 156, 157, 158, 159, 160, 161, 162 ]
          }
        },
        "$add$designs/97/top.sv:34$44": {
          "hide_name": 1,
          "type": "$add",
          "parameters": {
            "A_SIGNED": "00000000000000000000000000000000",
            "A_WIDTH": "00000000000000000000000000001001",
            "B_SIGNED": "00000000000000000000000000000000",
            "B_WIDTH": "00000000000000000000000000001001",
            "Y_WIDTH": "00000000000000000000000000001010"
          },
          "attributes": {
            "src": "designs/97/top.sv:34.44-34.96"
          },
          "port_directions": {
            "A": "input",
            "B": "input",
            "Y": "output"
          },
          "connections": {
            "A": [ 163, 164, 165, 166, 86, 87, 88, 89, 90 ],
            "B": [ 82, 83, 84, 85, 86, 87, 88, 89, 90 ],
            "Y": [ 167, 168, 169, 170, 171, 172, 173, 174, 175, 176 ]
          }
        },
        "$add$designs/97/top.sv:35$51": {
          "hide_name": 1,
          "type": "$add",
          "parameters": {
            "A_SIGNED": "00000000000000000000000000000000",
            "A_WIDTH": "00000000000000000000000000000100",
            "B_SIGNED": "00000000000000000000000000000000",
            "B_WIDTH": "00000000000000000000000000000100",
            "Y_WIDTH": "00000000000000000000000000000100"
          },
          "attributes": {
            "src": "designs/97/top.sv:35.51-35.104"
          },
          "port_directions": {
            "A": "input",
            "B": "input",
            "Y": "output"
          },
          "connections": {
            "A": [ 177, 178, 179, 180 ],
            "B": [ 2, 3, 4, 5 ],
            "Y": [ 181, 182, 183, 184 ]
          }
        },
        "$add$designs/97/top.sv:37$58": {
          "hide_name": 1,
          "type": "$add",
          "parameters": {
            "A_SIGNED": "00000000000000000000000000000000",
            "A_WIDTH": "00000000000000000000000000000100",
            "B_SIGNED": "00000000000000000000000000000000",
            "B_WIDTH": "00000000000000000000000000000110",
            "Y_WIDTH": "00000000000000000000000000000111"
          },
          "attributes": {
            "src": "designs/97/top.sv:37.32-37.128"
          },
          "port_directions": {
            "A": "input",
            "B": "input",
            "Y": "output"
          },
          "connections": {
            "A": [ 185, 186, 4, 5 ],
            "B": [ 106, 107, 108, 109, "0", "0" ],
            "Y": [ 187, 188, 189, 190, 191, 192, 193 ]
          }
        },
        "$add$designs/97/top.sv:41$66": {
          "hide_name": 1,
          "type": "$add",
          "parameters": {
            "A_SIGNED": "00000000000000000000000000000000",
            "A_WIDTH": "00000000000000000000000000001010",
            "B_SIGNED": "00000000000000000000000000000000",
            "B_WIDTH": "00000000000000000000000000000110",
            "Y_WIDTH": "00000000000000000000000000001010"
          },
          "attributes": {
            "src": "designs/97/top.sv:41.35-41.61"
          },
          "port_directions": {
            "A": "input",
            "B": "input",
            "Y": "output"
          },
          "connections": {
            "A": [ 194, 195, 196, 197, 123, 124, 125, 126, 127, 128 ],
            "B": [ 106, 107, 108, 109, "0", "0" ],
            "Y": [ 198, 199, 200, 201, 202, 203, 204, 205, 206, 207 ]
          }
        },
        "$add$designs/97/top.sv:41$67": {
          "hide_name": 1,
          "type": "$add",
          "parameters": {
            "A_SIGNED": "00000000000000000000000000000000",
            "A_WIDTH": "00000000000000000000000000001010",
            "B_SIGNED": "00000000000000000000000000000000",
            "B_WIDTH": "00000000000000000000000000000100",
            "Y_WIDTH": "00000000000000000000000000001011"
          },
          "attributes": {
            "src": "designs/97/top.sv:41.24-41.76"
          },
          "port_directions": {
            "A": "input",
            "B": "input",
            "Y": "output"
          },
          "connections": {
            "A": [ 198, 199, 200, 201, 202, 203, 204, 205, 206, 207 ],
            "B": [ 2, 3, 4, 5 ],
            "Y": [ 208, 209, 210, 211, 212, 213, 214, 215, 216, 217, 218 ]
          }
        },
        "$add$designs/97/top.sv:46$80": {
          "hide_name": 1,
          "type": "$add",
          "parameters": {
            "A_SIGNED": "00000000000000000000000000000000",
            "A_WIDTH": "00000000000000000000000000011010",
            "B_SIGNED": "00000000000000000000000000000000",
            "B_WIDTH": "00000000000000000000000000001000",
            "Y_WIDTH": "00000000000000000000000000011010"
          },
          "attributes": {
            "src": "designs/97/top.sv:46.50-46.99"
          },
          "port_directions": {
            "A": "input",
            "B": "input",
            "Y": "output"
          },
          "connections": {
            "A": [ 219, 220, 221, 222, 223, 224, 225, 226, 227, 228, 229, 230, 231, 232, 233, 234, 235, 236, 237, 238, 239, 240, 241, 242, 243, 244 ],
            "B": [ 75, 76, 77, 78, 79, 80, 81, 45 ],
            "Y": [ 245, 246, 247, 248, 249, 250, 251, 252, 253, 254, 255, 256, 257, 258, 259, 260, 261, 262, 263, 264, 265, 266, 267, 268, 269, 270 ]
          }
        },
        "$add$designs/97/top.sv:52$92": {
          "hide_name": 1,
          "type": "$add",
          "parameters": {
            "A_SIGNED": "00000000000000000000000000000000",
            "A_WIDTH": "00000000000000000000000000000101",
            "B_SIGNED": "00000000000000000000000000000000",
            "B_WIDTH": "00000000000000000000000000010001",
            "Y_WIDTH": "00000000000000000000000000010001"
          },
          "attributes": {
            "src": "designs/97/top.sv:52.68-52.85"
          },
          "port_directions": {
            "A": "input",
            "B": "input",
            "Y": "output"
          },
          "connections": {
            "A": [ 271, 272, 273, 274, 275 ],
            "B": [ 276, 277, 278, 279, 280, 281, 282, 283, 284, 285, 286, 287, 288, 289, 290, 291, 292 ],
            "Y": [ 293, 294, 295, 296, 297, 298, 299, 300, 301, 302, 303, 304, 305, 306, 307, 308, 309 ]
          }
        },
        "$and$designs/97/top.sv:33$30": {
          "hide_name": 1,
          "type": "$and",
          "parameters": {
            "A_SIGNED": "00000000000000000000000000000000",
            "A_WIDTH": "00000000000000000000000000000100",
            "B_SIGNED": "00000000000000000000000000000000",
            "B_WIDTH": "00000000000000000000000000000100",
            "Y_WIDTH": "00000000000000000000000000000100"
          },
          "attributes": {
            "src": "designs/97/top.sv:33.35-33.58"
          },
          "port_directions": {
            "A": "input",
            "B": "input",
            "Y": "output"
          },
          "connections": {
            "A": [ 2, 3, 4, 5 ],
            "B": [ 2, 3, 4, 5 ],
            "Y": [ 310, 311, 312, 313 ]
          }
        },
        "$and$designs/97/top.sv:33$38": {
          "hide_name": 1,
          "type": "$and",
          "parameters": {
            "A_SIGNED": "00000000000000000000000000000000",
            "A_WIDTH": "00000000000000000000000000001010",
            "B_SIGNED": "00000000000000000000000000000000",
            "B_WIDTH": "00000000000000000000000000001010",
            "Y_WIDTH": "00000000000000000000000000001010"
          },
          "attributes": {
            "src": "designs/97/top.sv:33.120-33.192"
          },
          "port_directions": {
            "A": "input",
            "B": "input",
            "Y": "output"
          },
          "connections": {
            "A": [ 314, 315, 316, 317, 318, 319, 320, 321, 322, 323 ],
            "B": [ 119, 120, 121, 122, 123, 124, 125, 126, 127, 128 ],
            "Y": [ 140, 141, 142, 143, 144, 145, 146, 147, 148, 149 ]
          }
        },
        "$auto$opt_expr.cc:276:group_cell_inputs$104": {
          "hide_name": 1,
          "type": "$or",
          "parameters": {
            "A_SIGNED": "00000000000000000000000000000000",
            "A_WIDTH": "00000000000000000000000000000100",
            "B_SIGNED": "00000000000000000000000000000000",
            "B_WIDTH": "00000000000000000000000000000100",
            "Y_WIDTH": "00000000000000000000000000000100"
          },
          "attributes": {
          },
          "port_directions": {
            "A": "input",
            "B": "input",
            "Y": "output"
          },
          "connections": {
            "A": [ 324, 325, 326, 327 ],
            "B": [ 2, 3, 4, 5 ],
            "Y": [ 33, 34, 35, 36 ]
          }
        },
        "$auto$opt_expr.cc:276:group_cell_inputs$107": {
          "hide_name": 1,
          "type": "$or",
          "parameters": {
            "A_SIGNED": "00000000000000000000000000000000",
            "A_WIDTH": "00000000000000000000000000000111",
            "B_SIGNED": "00000000000000000000000000000000",
            "B_WIDTH": "00000000000000000000000000000111",
            "Y_WIDTH": "00000000000000000000000000000111"
          },
          "attributes": {
          },
          "port_directions": {
            "A": "input",
            "B": "input",
            "Y": "output"
          },
          "connections": {
            "A": [ 38, 39, 40, 41, 42, 43, 44 ],
            "B": [ 33, 34, 35, 36, 37, 37, 37 ],
            "Y": [ 75, 76, 77, 78, 79, 80, 81 ]
          }
        },
        "$auto$opt_expr.cc:276:group_cell_inputs$110": {
          "hide_name": 1,
          "type": "$and",
          "parameters": {
            "A_SIGNED": "00000000000000000000000000000000",
            "A_WIDTH": "00000000000000000000000000000100",
            "B_SIGNED": "00000000000000000000000000000000",
            "B_WIDTH": "00000000000000000000000000000100",
            "Y_WIDTH": "00000000000000000000000000000100"
          },
          "attributes": {
          },
          "port_directions": {
            "A": "input",
            "B": "input",
            "Y": "output"
          },
          "connections": {
            "A": [ 75, 76, 77, 78 ],
            "B": [ 2, 3, 4, 5 ],
            "Y": [ 328, 329, 330, 331 ]
          }
        },
        "$auto$opt_expr.cc:276:group_cell_inputs$114": {
          "hide_name": 1,
          "type": "$or",
          "parameters": {
            "A_SIGNED": "00000000000000000000000000000000",
            "A_WIDTH": "00000000000000000000000000000100",
            "B_SIGNED": "00000000000000000000000000000000",
            "B_WIDTH": "00000000000000000000000000000100",
            "Y_WIDTH": "00000000000000000000000000000100"
          },
          "attributes": {
          },
          "port_directions": {
            "A": "input",
            "B": "input",
            "Y": "output"
          },
          "connections": {
            "A": [ 328, 329, 330, 331 ],
            "B": [ 2, 3, 4, 5 ],
            "Y": [ 332, 333, 334, 335 ]
          }
        },
        "$auto$opt_expr.cc:276:group_cell_inputs$117": {
          "hide_name": 1,
          "type": "$and",
          "parameters": {
            "A_SIGNED": "00000000000000000000000000000000",
            "A_WIDTH": "00000000000000000000000000000100",
            "B_SIGNED": "00000000000000000000000000000000",
            "B_WIDTH": "00000000000000000000000000000100",
            "Y_WIDTH": "00000000000000000000000000000100"
          },
          "attributes": {
          },
          "port_directions": {
            "A": "input",
            "B": "input",
            "Y": "output"
          },
          "connections": {
            "A": [ 92, 93, 94, 95 ],
            "B": [ 2, 3, 4, 5 ],
            "Y": [ 106, 107, 108, 109 ]
          }
        },
        "$auto$opt_expr.cc:276:group_cell_inputs$121": {
          "hide_name": 1,
          "type": "$xor",
          "parameters": {
            "A_SIGNED": "00000000000000000000000000000000",
            "A_WIDTH": "00000000000000000000000000000001",
            "B_SIGNED": "00000000000000000000000000000000",
            "B_WIDTH": "00000000000000000000000000000001",
            "Y_WIDTH": "00000000000000000000000000000001"
          },
          "attributes": {
          },
          "port_directions": {
            "A": "input",
            "B": "input",
            "Y": "output"
          },
          "connections": {
            "A": [ 336 ],
            "B": [ 119 ],
            "Y": [ 337 ]
          }
        },
        "$auto$opt_expr.cc:276:group_cell_inputs$124": {
          "hide_name": 1,
          "type": "$or",
          "parameters": {
            "A_SIGNED": "00000000000000000000000000000000",
            "A_WIDTH": "00000000000000000000000000001001",
            "B_SIGNED": "00000000000000000000000000000000",
            "B_WIDTH": "00000000000000000000000000001001",
            "Y_WIDTH": "00000000000000000000000000001001"
          },
          "attributes": {
          },
          "port_directions": {
            "A": "input",
            "B": "input",
            "Y": "output"
          },
          "connections": {
            "A": [ 338, 339, 340, 341, 342, 343, 344, 345, 346 ],
            "B": [ 82, 83, 84, 85, 86, 87, 88, 89, 90 ],
            "Y": [ 347, 348, 349, 350, 318, 319, 320, 321, 322 ]
          }
        },
        "$auto$opt_expr.cc:276:group_cell_inputs$127": {
          "hide_name": 1,
          "type": "$xor",
          "parameters": {
            "A_SIGNED": "00000000000000000000000000000000",
            "A_WIDTH": "00000000000000000000000000000100",
            "B_SIGNED": "00000000000000000000000000000000",
            "B_WIDTH": "00000000000000000000000000000100",
            "Y_WIDTH": "00000000000000000000000000000100"
          },
          "attributes": {
          },
          "port_directions": {
            "A": "input",
            "B": "input",
            "Y": "output"
          },
          "connections": {
            "A": [ 347, 348, 349, 350 ],
            "B": [ 2, 3, 4, 5 ],
            "Y": [ 314, 315, 316, 317 ]
          }
        },
        "$auto$opt_expr.cc:276:group_cell_inputs$130": {
          "hide_name": 1,
          "type": "$xor",
          "parameters": {
            "A_SIGNED": "00000000000000000000000000000000",
            "A_WIDTH": "00000000000000000000000000000010",
            "B_SIGNED": "00000000000000000000000000000000",
            "B_WIDTH": "00000000000000000000000000000010",
            "Y_WIDTH": "00000000000000000000000000000010"
          },
          "attributes": {
          },
          "port_directions": {
            "A": "input",
            "B": "input",
            "Y": "output"
          },
          "connections": {
            "A": [ 2, 3 ],
            "B": [ 150, 151 ],
            "Y": [ 351, 352 ]
          }
        },
        "$auto$opt_expr.cc:276:group_cell_inputs$133": {
          "hide_name": 1,
          "type": "$xor",
          "parameters": {
            "A_SIGNED": "00000000000000000000000000000000",
            "A_WIDTH": "00000000000000000000000000000100",
            "B_SIGNED": "00000000000000000000000000000000",
            "B_WIDTH": "00000000000000000000000000000100",
            "Y_WIDTH": "00000000000000000000000000000100"
          },
          "attributes": {
          },
          "port_directions": {
            "A": "input",
            "B": "input",
            "Y": "output"
          },
          "connections": {
            "A": [ 351, 352, 4, 5 ],
            "B": [ 82, 83, 84, 85 ],
            "Y": [ 163, 164, 165, 166 ]
          }
        },
        "$auto$opt_expr.cc:276:group_cell_inputs$136": {
          "hide_name": 1,
          "type": "$not",
          "parameters": {
            "A_SIGNED": "00000000000000000000000000000000",
            "A_WIDTH": "00000000000000000000000000000100",
            "Y_WIDTH": "00000000000000000000000000000100"
          },
          "attributes": {
          },
          "port_directions": {
            "A": "input",
            "Y": "output"
          },
          "connections": {
            "A": [ 2, 3, 4, 5 ],
            "Y": [ 353, 354, 355, 356 ]
          }
        },
        "$auto$opt_expr.cc:276:group_cell_inputs$140": {
          "hide_name": 1,
          "type": "$and",
          "parameters": {
            "A_SIGNED": "00000000000000000000000000000000",
            "A_WIDTH": "00000000000000000000000000000010",
            "B_SIGNED": "00000000000000000000000000000000",
            "B_WIDTH": "00000000000000000000000000000010",
            "Y_WIDTH": "00000000000000000000000000000010"
          },
          "attributes": {
          },
          "port_directions": {
            "A": "input",
            "B": "input",
            "Y": "output"
          },
          "connections": {
            "A": [ 150, 151 ],
            "B": [ 2, 3 ],
            "Y": [ 357, 358 ]
          }
        },
        "$auto$opt_expr.cc:276:group_cell_inputs$144": {
          "hide_name": 1,
          "type": "$xor",
          "parameters": {
            "A_SIGNED": "00000000000000000000000000000000",
            "A_WIDTH": "00000000000000000000000000000101",
            "B_SIGNED": "00000000000000000000000000000000",
            "B_WIDTH": "00000000000000000000000000000101",
            "Y_WIDTH": "00000000000000000000000000000101"
          },
          "attributes": {
          },
          "port_directions": {
            "A": "input",
            "B": "input",
            "Y": "output"
          },
          "connections": {
            "A": [ 271, 272, 273, 274, 275 ],
            "B": [ 75, 76, 77, 78, 79 ],
            "Y": [ 359, 360, 361, 362, 363 ]
          }
        },
        "$auto$opt_expr.cc:276:group_cell_inputs$153": {
          "hide_name": 1,
          "type": "$or",
          "parameters": {
            "A_SIGNED": "00000000000000000000000000000000",
            "A_WIDTH": "00000000000000000000000000000100",
            "B_SIGNED": "00000000000000000000000000000000",
            "B_WIDTH": "00000000000000000000000000000100",
            "Y_WIDTH": "00000000000000000000000000000100"
          },
          "attributes": {
          },
          "port_directions": {
            "A": "input",
            "B": "input",
            "Y": "output"
          },
          "connections": {
            "A": [ 364, 365, 366, 367 ],
            "B": [ 119, 120, 121, 122 ],
            "Y": [ 194, 195, 196, 197 ]
          }
        },
        "$auto$opt_expr.cc:276:group_cell_inputs$166": {
          "hide_name": 1,
          "type": "$and",
          "parameters": {
            "A_SIGNED": "00000000000000000000000000000000",
            "A_WIDTH": "00000000000000000000000000000101",
            "B_SIGNED": "00000000000000000000000000000000",
            "B_WIDTH": "00000000000000000000000000000101",
            "Y_WIDTH": "00000000000000000000000000000101"
          },
          "attributes": {
          },
          "port_directions": {
            "A": "input",
            "B": "input",
            "Y": "output"
          },
          "connections": {
            "A": [ 271, 272, 273, 274, 275 ],
            "B": [ 368, 369, 370, 371, 372 ],
            "Y": [ 373, 374, 375, 376, 377 ]
          }
        },
        "$auto$opt_expr.cc:276:group_cell_inputs$170": {
          "hide_name": 1,
          "type": "$xor",
          "parameters": {
            "A_SIGNED": "00000000000000000000000000000000",
            "A_WIDTH": "00000000000000000000000000000101",
            "B_SIGNED": "00000000000000000000000000000000",
            "B_WIDTH": "00000000000000000000000000000101",
            "Y_WIDTH": "00000000000000000000000000000101"
          },
          "attributes": {
          },
          "port_directions": {
            "A": "input",
            "B": "input",
            "Y": "output"
          },
          "connections": {
            "A": [ 245, 246, 247, 248, 249 ],
            "B": [ 271, 272, 273, 274, 275 ],
            "Y": [ 378, 379, 380, 381, 382 ]
          }
        },
        "$auto$opt_expr.cc:276:group_cell_inputs$177": {
          "hide_name": 1,
          "type": "$or",
          "parameters": {
            "A_SIGNED": "00000000000000000000000000000000",
            "A_WIDTH": "00000000000000000000000000000101",
            "B_SIGNED": "00000000000000000000000000000000",
            "B_WIDTH": "00000000000000000000000000000101",
            "Y_WIDTH": "00000000000000000000000000000101"
          },
          "attributes": {
          },
          "port_directions": {
            "A": "input",
            "B": "input",
            "Y": "output"
          },
          "connections": {
            "A": [ 293, 294, 295, 296, 297 ],
            "B": [ 271, 272, 273, 274, 275 ],
            "Y": [ 383, 384, 385, 386, 387 ]
          }
        },
        "$auto$opt_expr.cc:276:group_cell_inputs$180": {
          "hide_name": 1,
          "type": "$xor",
          "parameters": {
            "A_SIGNED": "00000000000000000000000000000000",
            "A_WIDTH": "00000000000000000000000000001111",
            "B_SIGNED": "00000000000000000000000000000000",
            "B_WIDTH": "00000000000000000000000000001111",
            "Y_WIDTH": "00000000000000000000000000001111"
          },
          "attributes": {
          },
          "port_directions": {
            "A": "input",
            "B": "input",
            "Y": "output"
          },
          "connections": {
            "A": [ 383, 384, 385, 386, 387, 298, 299, 300, 301, 302, 303, 304, 305, 306, 307 ],
            "B": [ 388, 389, 390, 391, 392, 393, 394, 395, 396, 397, 398, 399, 400, 401, 402 ],
            "Y": [ 403, 404, 405, 406, 407, 408, 409, 410, 411, 412, 413, 414, 415, 416, 417 ]
          }
        },
        "$auto$opt_expr.cc:276:group_cell_inputs$183": {
          "hide_name": 1,
          "type": "$and",
          "parameters": {
            "A_SIGNED": "00000000000000000000000000000000",
            "A_WIDTH": "00000000000000000000000000001100",
            "B_SIGNED": "00000000000000000000000000000000",
            "B_WIDTH": "00000000000000000000000000001100",
            "Y_WIDTH": "00000000000000000000000000001100"
          },
          "attributes": {
          },
          "port_directions": {
            "A": "input",
            "B": "input",
            "Y": "output"
          },
          "connections": {
            "A": [ 403, 404, 405, 406, 407, 408, 409, 410, 411, 412, 413, 414 ],
            "B": [ 418, 419, 420, 421, 422, 423, 424, 425, 426, 427, 428, 429 ],
            "Y": [ 430, 431, 432, 433, 434, 435, 436, 437, 438, 439, 440, 441 ]
          }
        },
        "$auto$opt_expr.cc:276:group_cell_inputs$191": {
          "hide_name": 1,
          "type": "$and",
          "parameters": {
            "A_SIGNED": "00000000000000000000000000000000",
            "A_WIDTH": "00000000000000000000000000000010",
            "B_SIGNED": "00000000000000000000000000000000",
            "B_WIDTH": "00000000000000000000000000000010",
            "Y_WIDTH": "00000000000000000000000000000010"
          },
          "attributes": {
          },
          "port_directions": {
            "A": "input",
            "B": "input",
            "Y": "output"
          },
          "connections": {
            "A": [ 357, 358 ],
            "B": [ 364, 365 ],
            "Y": [ 442, 443 ]
          }
        },
        "$auto$opt_expr.cc:276:group_cell_inputs$195": {
          "hide_name": 1,
          "type": "$and",
          "parameters": {
            "A_SIGNED": "00000000000000000000000000000000",
            "A_WIDTH": "00000000000000000000000000001100",
            "B_SIGNED": "00000000000000000000000000000000",
            "B_WIDTH": "00000000000000000000000000001100",
            "Y_WIDTH": "00000000000000000000000000001100"
          },
          "attributes": {
          },
          "port_directions": {
            "A": "input",
            "B": "input",
            "Y": "output"
          },
          "connections": {
            "A": [ 430, 431, 432, 433, 434, 435, 436, 437, 438, 439, 440, 441 ],
            "B": [ 368, 369, 370, 371, 372, 444, 445, 446, 447, 447, 447, 447 ],
            "Y": [ 448, 449, 450, 451, 452, 453, 454, 455, 456, 457, 458, 459 ]
          }
        },
        "$auto$opt_expr.cc:276:group_cell_inputs$199": {
          "hide_name": 1,
          "type": "$xor",
          "parameters": {
            "A_SIGNED": "00000000000000000000000000000000",
            "A_WIDTH": "00000000000000000000000000000010",
            "B_SIGNED": "00000000000000000000000000000000",
            "B_WIDTH": "00000000000000000000000000000010",
            "Y_WIDTH": "00000000000000000000000000000010"
          },
          "attributes": {
          },
          "port_directions": {
            "A": "input",
            "B": "input",
            "Y": "output"
          },
          "connections": {
            "A": [ 442, 443 ],
            "B": [ 2, 3 ],
            "Y": [ 185, 186 ]
          }
        },
        "$eq$designs/97/top.sv:31$25": {
          "hide_name": 1,
          "type": "$eq",
          "parameters": {
            "A_SIGNED": "00000000000000000000000000000000",
            "A_WIDTH": "00000000000000000000000000000001",
            "B_SIGNED": "00000000000000000000000000000000",
            "B_WIDTH": "00000000000000000000000000000001",
            "Y_WIDTH": "00000000000000000000000000000001"
          },
          "attributes": {
            "src": "designs/97/top.sv:31.32-31.148"
          },
          "port_directions": {
            "A": "input",
            "B": "input",
            "Y": "output"
          },
          "connections": {
            "A": [ 337 ],
            "B": [ 119 ],
            "Y": [ 460 ]
          }
        },
        "$ge$designs/97/top.sv:31$21": {
          "hide_name": 1,
          "type": "$ge",
          "parameters": {
            "A_SIGNED": "00000000000000000000000000000000",
            "A_WIDTH": "00000000000000000000000000000100",
            "B_SIGNED": "00000000000000000000000000000000",
            "B_WIDTH": "00000000000000000000000000000100",
            "Y_WIDTH": "00000000000000000000000000000001"
          },
          "attributes": {
            "src": "designs/97/top.sv:31.74-31.97"
          },
          "port_directions": {
            "A": "input",
            "B": "input",
            "Y": "output"
          },
          "connections": {
            "A": [ 2, 3, 4, 5 ],
            "B": [ "0", "1", "1", "1" ],
            "Y": [ 461 ]
          }
        },
        "$lt$designs/97/top.sv:31$23": {
          "hide_name": 1,
          "type": "$lt",
          "parameters": {
            "A_SIGNED": "00000000000000000000000000000000",
            "A_WIDTH": "00000000000000000000000000000001",
            "B_SIGNED": "00000000000000000000000000000000",
            "B_WIDTH": "00000000000000000000000000001010",
            "Y_WIDTH": "00000000000000000000000000000001"
          },
          "attributes": {
            "src": "designs/97/top.sv:31.54-31.125"
          },
          "port_directions": {
            "A": "input",
            "B": "input",
            "Y": "output"
          },
          "connections": {
            "A": [ 462 ],
            "B": [ 119, 120, 121, 122, 123, 124, 125, 126, 127, 128 ],
            "Y": [ 336 ]
          }
        },
        "$mul$designs/97/top.sv:27$5": {
          "hide_name": 1,
          "type": "$mul",
          "parameters": {
            "A_SIGNED": "00000000000000000000000000000000",
            "A_WIDTH": "00000000000000000000000000000111",
            "B_SIGNED": "00000000000000000000000000000000",
            "B_WIDTH": "00000000000000000000000000000011",
            "Y_WIDTH": "00000000000000000000000000000111"
          },
          "attributes": {
            "src": "designs/97/top.sv:27.68-27.99"
          },
          "port_directions": {
            "A": "input",
            "B": "input",
            "Y": "output"
          },
          "connections": {
            "A": [ 46, 47, 48, 49, 50, 51, 52 ],
            "B": [ 33, 34, 35 ],
            "Y": [ 463, 464, 465, 466, 467, 468, 469 ]
          }
        },
        "$mul$designs/97/top.sv:27$7": {
          "hide_name": 1,
          "type": "$mul",
          "parameters": {
            "A_SIGNED": "00000000000000000000000000000000",
            "A_WIDTH": "00000000000000000000000000000111",
            "B_SIGNED": "00000000000000000000000000000000",
            "B_WIDTH": "00000000000000000000000000000100",
            "Y_WIDTH": "00000000000000000000000000000111"
          },
          "attributes": {
            "src": "designs/97/top.sv:27.46-27.125"
          },
          "port_directions": {
            "A": "input",
            "B": "input",
            "Y": "output"
          },
          "connections": {
            "A": [ 470, 471, 472, 473, 474, 475, 476 ],
            "B": [ 2, 3, 4, 5 ],
            "Y": [ 53, 54, 55, 56, 57, 58, 59 ]
          }
        },
        "$mul$designs/97/top.sv:29$17": {
          "hide_name": 1,
          "type": "$mul",
          "parameters": {
            "A_SIGNED": "00000000000000000000000000000000",
            "A_WIDTH": "00000000000000000000000000001000",
            "B_SIGNED": "00000000000000000000000000000000",
            "B_WIDTH": "00000000000000000000000000000100",
            "Y_WIDTH": "00000000000000000000000000001010"
          },
          "attributes": {
            "src": "designs/97/top.sv:29.22-29.98"
          },
          "port_directions": {
            "A": "input",
            "B": "input",
            "Y": "output"
          },
          "connections": {
            "A": [ 332, 333, 334, 335, "0", "0", "0", "0" ],
            "B": [ 2, 3, 4, 5 ],
            "Y": [ 119, 120, 121, 122, 123, 124, 125, 126, 127, 128 ]
          }
        },
        "$mul$designs/97/top.sv:31$26": {
          "hide_name": 1,
          "type": "$mul",
          "parameters": {
            "A_SIGNED": "00000000000000000000000000000000",
            "A_WIDTH": "00000000000000000000000000000001",
            "B_SIGNED": "00000000000000000000000000000000",
            "B_WIDTH": "00000000000000000000000000001001",
            "Y_WIDTH": "00000000000000000000000000000101"
          },
          "attributes": {
            "src": "designs/97/top.sv:31.23-31.159"
          },
          "port_directions": {
            "A": "input",
            "B": "input",
            "Y": "output"
          },
          "connections": {
            "A": [ 460 ],
            "B": [ 82, 83, 84, 85, 86, 87, 88, 89, 90 ],
            "Y": [ 477, 478, 479, 480, 481 ]
          }
        },
        "$mul$designs/97/top.sv:33$31": {
          "hide_name": 1,
          "type": "$mul",
          "parameters": {
            "A_SIGNED": "00000000000000000000000000000000",
            "A_WIDTH": "00000000000000000000000000000100",
            "B_SIGNED": "00000000000000000000000000000000",
            "B_WIDTH": "00000000000000000000000000000100",
            "Y_WIDTH": "00000000000000000000000000001000"
          },
          "attributes": {
            "src": "designs/97/top.sv:33.34-33.72"
          },
          "port_directions": {
            "A": "input",
            "B": "input",
            "Y": "output"
          },
          "connections": {
            "A": [ 310, 311, 312, 313 ],
            "B": [ 2, 3, 4, 5 ],
            "Y": [ 98, 99, 100, 101, 102, 103, 104, 105 ]
          }
        },
        "$mul$designs/97/top.sv:33$34": {
          "hide_name": 1,
          "type": "$mul",
          "parameters": {
            "A_SIGNED": "00000000000000000000000000000000",
            "A_WIDTH": "00000000000000000000000000001011",
            "B_SIGNED": "00000000000000000000000000000000",
            "B_WIDTH": "00000000000000000000000000000100",
            "Y_WIDTH": "00000000000000000000000000001111"
          },
          "attributes": {
            "src": "designs/97/top.sv:33.31-33.106"
          },
          "port_directions": {
            "A": "input",
            "B": "input",
            "Y": "output"
          },
          "connections": {
            "A": [ 129, 130, 131, 132, 133, 134, 135, 136, 137, 138, 139 ],
            "B": [ 2, 3, 4, 5 ],
            "Y": [ 482, 483, 484, 485, 486, 487, 488, 489, 490, 491, 492, 493, 494, 495, 496 ]
          }
        },
        "$mul$designs/97/top.sv:33$35": {
          "hide_name": 1,
          "type": "$mul",
          "parameters": {
            "A_SIGNED": "00000000000000000000000000000000",
            "A_WIDTH": "00000000000000000000000000000010",
            "B_SIGNED": "00000000000000000000000000000000",
            "B_WIDTH": "00000000000000000000000000001010",
            "Y_WIDTH": "00000000000000000000000000001010"
          },
          "attributes": {
            "src": "designs/97/top.sv:33.141-33.156"
          },
          "port_directions": {
            "A": "input",
            "B": "input",
            "Y": "output"
          },
          "connections": {
            "A": [ 150, 151 ],
            "B": [ 119, 120, 121, 122, 123, 124, 125, 126, 127, 128 ],
            "Y": [ 338, 339, 340, 341, 342, 343, 344, 345, 346, 323 ]
          }
        },
        "$mul$designs/97/top.sv:34$45": {
          "hide_name": 1,
          "type": "$mul",
          "parameters": {
            "A_SIGNED": "00000000000000000000000000000000",
            "A_WIDTH": "00000000000000000000000000001010",
            "B_SIGNED": "00000000000000000000000000000000",
            "B_WIDTH": "00000000000000000000000000000001",
            "Y_WIDTH": "00000000000000000000000000001011"
          },
          "attributes": {
            "src": "designs/97/top.sv:34.33-34.112"
          },
          "port_directions": {
            "A": "input",
            "B": "input",
            "Y": "output"
          },
          "connections": {
            "A": [ 167, 168, 169, 170, 171, 172, 173, 174, 175, 176 ],
            "B": [ 37 ],
            "Y": [ 497, 498, 499, 500, 501, 502, 503, 504, 505, 506, 507 ]
          }
        },
        "$mul$designs/97/top.sv:35$49": {
          "hide_name": 1,
          "type": "$mul",
          "parameters": {
            "A_SIGNED": "00000000000000000000000000000000",
            "A_WIDTH": "00000000000000000000000000000111",
            "B_SIGNED": "00000000000000000000000000000000",
            "B_WIDTH": "00000000000000000000000000000111",
            "Y_WIDTH": "00000000000000000000000000000100"
          },
          "attributes": {
            "src": "designs/97/top.sv:35.53-35.80"
          },
          "port_directions": {
            "A": "input",
            "B": "input",
            "Y": "output"
          },
          "connections": {
            "A": [ 119, 120, 121, 122, 123, 124, 125 ],
            "B": [ 353, 354, 355, 356, "1", "1", "1" ],
            "Y": [ 508, 509, 510, 511 ]
          }
        },
        "$mul$designs/97/top.sv:41$68": {
          "hide_name": 1,
          "type": "$mul",
          "parameters": {
            "A_SIGNED": "00000000000000000000000000000000",
            "A_WIDTH": "00000000000000000000000000001011",
            "B_SIGNED": "00000000000000000000000000000000",
            "B_WIDTH": "00000000000000000000000000001111",
            "Y_WIDTH": "00000000000000000000000000001100"
          },
          "attributes": {
            "src": "designs/97/top.sv:41.23-41.86"
          },
          "port_directions": {
            "A": "input",
            "B": "input",
            "Y": "output"
          },
          "connections": {
            "A": [ 208, 209, 210, 211, 212, 213, 214, 215, 216, 217, 218 ],
            "B": [ 388, 389, 390, 391, 392, 393, 394, 395, 396, 397, 398, 399, 400, 401, 402 ],
            "Y": [ 418, 419, 420, 421, 422, 423, 424, 425, 426, 427, 428, 429 ]
          }
        },
        "$mul$designs/97/top.sv:46$83": {
          "hide_name": 1,
          "type": "$mul",
          "parameters": {
            "A_SIGNED": "00000000000000000000000000000000",
            "A_WIDTH": "00000000000000000000000000011010",
            "B_SIGNED": "00000000000000000000000000000000",
            "B_WIDTH": "00000000000000000000000000010011",
            "Y_WIDTH": "00000000000000000000000000010001"
          },
          "attributes": {
            "src": "designs/97/top.sv:46.27-46.133"
          },
          "port_directions": {
            "A": "input",
            "B": "input",
            "Y": "output"
          },
          "connections": {
            "A": [ 378, 379, 380, 381, 382, 250, 251, 252, 253, 254, 255, 256, 257, 258, 259, 260, 261, 262, 263, 264, 265, 266, 267, 268, 269, 270 ],
            "B": [ 512, 513, 514, 515, 516, 517, 518, 519, 520, 521, 522, 523, 523, 523, 523, 523, 523, 523, 523 ],
            "Y": [ 276, 277, 278, 279, 280, 281, 282, 283, 284, 285, 286, 287, 288, 289, 290, 291, 292 ]
          }
        },
        "$mul$designs/97/top.sv:52$97": {
          "hide_name": 1,
          "type": "$mul",
          "parameters": {
            "A_SIGNED": "00000000000000000000000000000000",
            "A_WIDTH": "00000000000000000000000000011000",
            "B_SIGNED": "00000000000000000000000000000000",
            "B_WIDTH": "00000000000000000000000000000010",
            "Y_WIDTH": "00000000000000000000000000010100"
          },
          "attributes": {
            "src": "designs/97/top.sv:52.27-52.142"
          },
          "port_directions": {
            "A": "input",
            "B": "input",
            "Y": "output"
          },
          "connections": {
            "A": [ 448, 449, 450, 451, 452, 453, 454, 455, 456, 457, 458, 459, "0", "0", "0", "0", "0", "0", "0", "0", "0", "0", "0", "0" ],
            "B": [ 524, 525 ],
            "Y": [ 6, 7, 8, 9, 10, 11, 12, 13, 14, 15, 16, 17, 18, 19, 20, 21, 22, 23, 24, 25 ]
          }
        },
        "$ne$designs/97/top.sv:30$18": {
          "hide_name": 1,
          "type": "$ne",
          "parameters": {
            "A_SIGNED": "00000000000000000000000000000000",
            "A_WIDTH": "00000000000000000000000000000011",
            "B_SIGNED": "00000000000000000000000000000000",
            "B_WIDTH": "00000000000000000000000000000100",
            "Y_WIDTH": "00000000000000000000000000000001"
          },
          "attributes": {
            "src": "designs/97/top.sv:30.44-30.70"
          },
          "port_directions": {
            "A": "input",
            "B": "input",
            "Y": "output"
          },
          "connections": {
            "A": [ 88, 89, 90 ],
            "B": [ 2, 3, 4, 5 ],
            "Y": [ 91 ]
          }
        },
        "$or$designs/97/top.sv:28$13": {
          "hide_name": 1,
          "type": "$or",
          "parameters": {
            "A_SIGNED": "00000000000000000000000000000000",
            "A_WIDTH": "00000000000000000000000000000100",
            "B_SIGNED": "00000000000000000000000000000000",
            "B_WIDTH": "00000000000000000000000000000100",
            "Y_WIDTH": "00000000000000000000000000000100"
          },
          "attributes": {
            "src": "designs/97/top.sv:28.31-28.78"
          },
          "port_directions": {
            "A": "input",
            "B": "input",
            "Y": "output"
          },
          "connections": {
            "A": [ 67, 68, 69, 70 ],
            "B": [ 2, 3, 4, 5 ],
            "Y": [ 71, 72, 73, 74 ]
          }
        },
        "$or$designs/97/top.sv:32$28": {
          "hide_name": 1,
          "type": "$or",
          "parameters": {
            "A_SIGNED": "00000000000000000000000000000000",
            "A_WIDTH": "00000000000000000000000000000010",
            "B_SIGNED": "00000000000000000000000000000000",
            "B_WIDTH": "00000000000000000000000000000010",
            "Y_WIDTH": "00000000000000000000000000000010"
          },
          "attributes": {
            "src": "designs/97/top.sv:32.23-32.67"
          },
          "port_directions": {
            "A": "input",
            "B": "input",
            "Y": "output"
          },
          "connections": {
            "A": [ 3, 4 ],
            "B": [ 4, 5 ],
            "Y": [ 526, 527 ]
          }
        },
        "$or$designs/97/top.sv:32$29": {
          "hide_name": 1,
          "type": "$or",
          "parameters": {
            "A_SIGNED": "00000000000000000000000000000000",
            "A_WIDTH": "00000000000000000000000000000010",
            "B_SIGNED": "00000000000000000000000000000000",
            "B_WIDTH": "00000000000000000000000000000010",
            "Y_WIDTH": "00000000000000000000000000000010"
          },
          "attributes": {
            "src": "designs/97/top.sv:32.22-32.86"
          },
          "port_directions": {
            "A": "input",
            "B": "input",
            "Y": "output"
          },
          "connections": {
            "A": [ 526, 527 ],
            "B": [ 3, 4 ],
            "Y": [ 150, 151 ]
          }
        },
        "$or$designs/97/top.sv:35$52": {
          "hide_name": 1,
          "type": "$or",
          "parameters": {
            "A_SIGNED": "00000000000000000000000000000000",
            "A_WIDTH": "00000000000000000000000000000100",
            "B_SIGNED": "00000000000000000000000000000000",
            "B_WIDTH": "00000000000000000000000000000100",
            "Y_WIDTH": "00000000000000000000000000000100"
          },
          "attributes": {
            "src": "designs/97/top.sv:35.40-35.115"
          },
          "port_directions": {
            "A": "input",
            "B": "input",
            "Y": "output"
          },
          "connections": {
            "A": [ 181, 182, 183, 184 ],
            "B": [ 388, 389, 390, 391 ],
            "Y": [ 528, 529, 530, 531 ]
          }
        },
        "$or$designs/97/top.sv:35$53": {
          "hide_name": 1,
          "type": "$or",
          "parameters": {
            "A_SIGNED": "00000000000000000000000000000000",
            "A_WIDTH": "00000000000000000000000000000100",
            "B_SIGNED": "00000000000000000000000000000000",
            "B_WIDTH": "00000000000000000000000000000100",
            "Y_WIDTH": "00000000000000000000000000000100"
          },
          "attributes": {
            "src": "designs/97/top.sv:35.31-35.130"
          },
          "port_directions": {
            "A": "input",
            "B": "input",
            "Y": "output"
          },
          "connections": {
            "A": [ 528, 529, 530, 531 ],
            "B": [ 2, 3, 4, 5 ],
            "Y": [ 532, 533, 534, 535 ]
          }
        },
        "$reduce_bool$designs/97/top.sv:33$40": {
          "hide_name": 1,
          "type": "$reduce_bool",
          "parameters": {
            "A_SIGNED": "00000000000000000000000000000000",
            "A_WIDTH": "00000000000000000000000000000010",
            "Y_WIDTH": "00000000000000000000000000000001"
          },
          "attributes": {
            "src": "designs/97/top.sv:33.21-33.204"
          },
          "port_directions": {
            "A": "input",
            "Y": "output"
          },
          "connections": {
            "A": [ 150, 151 ],
            "Y": [ 536 ]
          }
        },
        "$reduce_bool$designs/97/top.sv:37$61": {
          "hide_name": 1,
          "type": "$reduce_bool",
          "parameters": {
            "A_SIGNED": "00000000000000000000000000000000",
            "A_WIDTH": "00000000000000000000000000001000",
            "Y_WIDTH": "00000000000000000000000000000001"
          },
          "attributes": {
            "src": "designs/97/top.sv:37.22-37.165"
          },
          "port_directions": {
            "A": "input",
            "Y": "output"
          },
          "connections": {
            "A": [ 75, 76, 77, 78, 79, 80, 81, 45 ],
            "Y": [ 537 ]
          }
        },
        "$shl$designs/97/top.sv:46$79": {
          "hide_name": 1,
          "type": "$shl",
          "parameters": {
            "A_SIGNED": "00000000000000000000000000000000",
            "A_WIDTH": "00000000000000000000000000011000",
            "B_SIGNED": "00000000000000000000000000000000",
            "B_WIDTH": "00000000000000000000000000010011",
            "Y_WIDTH": "00000000000000000000000000011010"
          },
          "attributes": {
            "src": "designs/97/top.sv:46.51-46.89"
          },
          "port_directions": {
            "A": "input",
            "B": "input",
            "Y": "output"
          },
          "connections": {
            "A": [ 373, 374, 375, 376, 377, "0", "0", "0", "0", "0", "0", "0", "0", "0", "0", "0", "0", "0", "0", "0", "0", "0", "0", "0" ],
            "B": [ 512, 513, 514, 515, 516, 517, 518, 519, 520, 521, 522, 523, 523, 523, 523, 523, 523, 523, 523 ],
            "Y": [ 219, 220, 221, 222, 223, 224, 225, 226, 227, 228, 229, 230, 231, 232, 233, 234, 235, 236, 237, 238, 239, 240, 241, 242, 243, 244 ]
          }
        },
        "$shr$designs/97/top.sv:31$22": {
          "hide_name": 1,
          "type": "$shr",
          "parameters": {
            "A_SIGNED": "00000000000000000000000000000001",
            "A_WIDTH": "00000000000000000000000000000001",
            "B_SIGNED": "00000000000000000000000000000000",
            "B_WIDTH": "00000000000000000000000000000110",
            "Y_WIDTH": "00000000000000000000000000000001"
          },
          "attributes": {
            "src": "designs/97/top.sv:31.65-31.114"
          },
          "port_directions": {
            "A": "input",
            "B": "input",
            "Y": "output"
          },
          "connections": {
            "A": [ 461 ],
            "B": [ 33, 34, 35, 36, 37, 37 ],
            "Y": [ 462 ]
          }
        },
        "$sub$designs/97/top.sv:26$2": {
          "hide_name": 1,
          "type": "$sub",
          "parameters": {
            "A_SIGNED": "00000000000000000000000000000000",
            "A_WIDTH": "00000000000000000000000000000100",
            "B_SIGNED": "00000000000000000000000000000000",
            "B_WIDTH": "00000000000000000000000000000100",
            "Y_WIDTH": "00000000000000000000000000000101"
          },
          "attributes": {
            "src": "designs/97/top.sv:26.23-26.72"
          },
          "port_directions": {
            "A": "input",
            "B": "input",
            "Y": "output"
          },
          "connections": {
            "A": [ 67, 68, 69, 70 ],
            "B": [ 2, 3, 4, 5 ],
            "Y": [ 324, 325, 326, 327, 37 ]
          }
        },
        "$sub$designs/97/top.sv:27$6": {
          "hide_name": 1,
          "type": "$sub",
          "parameters": {
            "A_SIGNED": "00000000000000000000000000000000",
            "A_WIDTH": "00000000000000000000000000000111",
            "B_SIGNED": "00000000000000000000000000000000",
            "B_WIDTH": "00000000000000000000000000000111",
            "Y_WIDTH": "00000000000000000000000000000111"
          },
          "attributes": {
            "src": "designs/97/top.sv:27.57-27.110"
          },
          "port_directions": {
            "A": "input",
            "B": "input",
            "Y": "output"
          },
          "connections": {
            "A": [ 463, 464, 465, 466, 467, 468, 469 ],
            "B": [ 33, 34, 35, 36, 37, 37, 37 ],
            "Y": [ 470, 471, 472, 473, 474, 475, 476 ]
          }
        },
        "$sub$designs/97/top.sv:31$27": {
          "hide_name": 1,
          "type": "$sub",
          "parameters": {
            "A_SIGNED": "00000000000000000000000000000000",
            "A_WIDTH": "00000000000000000000000000000101",
            "B_SIGNED": "00000000000000000000000000000000",
            "B_WIDTH": "00000000000000000000000000000101",
            "Y_WIDTH": "00000000000000000000000000000101"
          },
          "attributes": {
            "src": "designs/97/top.sv:31.22-31.169"
          },
          "port_directions": {
            "A": "input",
            "B": "input",
            "Y": "output"
          },
          "connections": {
            "A": [ 477, 478, 479, 480, 481 ],
            "B": [ 119, 120, 121, 122, 123 ],
            "Y": [ 271, 272, 273, 274, 275 ]
          }
        },
        "$sub$designs/97/top.sv:34$46": {
          "hide_name": 1,
          "type": "$sub",
          "parameters": {
            "A_SIGNED": "00000000000000000000000000000000",
            "A_WIDTH": "00000000000000000000000000001011",
            "B_SIGNED": "00000000000000000000000000000000",
            "B_WIDTH": "00000000000000000000000000000111",
            "Y_WIDTH": "00000000000000000000000000001100"
          },
          "attributes": {
            "src": "designs/97/top.sv:34.22-34.123"
          },
          "port_directions": {
            "A": "input",
            "B": "input",
            "Y": "output"
          },
          "connections": {
            "A": [ 497, 498, 499, 500, 501, 502, 503, 504, 505, 506, 507 ],
            "B": [ 33, 34, 35, 36, 37, 37, 37 ],
            "Y": [ 512, 513, 514, 515, 516, 517, 518, 519, 520, 521, 522, 523 ]
          }
        },
        "$sub$designs/97/top.sv:35$54": {
          "hide_name": 1,
          "type": "$sub",
          "parameters": {
            "A_SIGNED": "00000000000000000000000000000000",
            "A_WIDTH": "00000000000000000000000000000100",
            "B_SIGNED": "00000000000000000000000000000000",
            "B_WIDTH": "00000000000000000000000000000100",
            "Y_WIDTH": "00000000000000000000000000000100"
          },
          "attributes": {
            "src": "designs/97/top.sv:35.22-35.145"
          },
          "port_directions": {
            "A": "input",
            "B": "input",
            "Y": "output"
          },
          "connections": {
            "A": [ 532, 533, 534, 535 ],
            "B": [ 2, 3, 4, 5 ],
            "Y": [ 364, 365, 366, 367 ]
          }
        },
        "$sub$designs/97/top.sv:37$60": {
          "hide_name": 1,
          "type": "$sub",
          "parameters": {
            "A_SIGNED": "00000000000000000000000000000000",
            "A_WIDTH": "00000000000000000000000000001000",
            "B_SIGNED": "00000000000000000000000000000000",
            "B_WIDTH": "00000000000000000000000000000100",
            "Y_WIDTH": "00000000000000000000000000001001"
          },
          "attributes": {
            "src": "designs/97/top.sv:37.133-37.164"
          },
          "port_directions": {
            "A": "input",
            "B": "input",
            "Y": "output"
          },
          "connections": {
            "A": [ 359, 360, 361, 362, 363, 80, 81, 45 ],
            "B": [ 106, 107, 108, 109 ],
            "Y": [ 538, 539, 540, 541, 542, 543, 544, 545, 546 ]
          }
        },
        "$ternary$designs/97/top.sv:33$41": {
          "hide_name": 1,
          "type": "$mux",
          "parameters": {
            "WIDTH": "00000000000000000000000000001111"
          },
          "attributes": {
            "src": "designs/97/top.sv:33.21-33.204"
          },
          "port_directions": {
            "A": "input",
            "B": "input",
            "S": "input",
            "Y": "output"
          },
          "connections": {
            "A": [ 152, 153, 154, 155, 156, 157, 158, 159, 160, 161, 162, "0", "0", "0", "0" ],
            "B": [ 482, 483, 484, 485, 486, 487, 488, 489, 490, 491, 492, 493, 494, 495, 496 ],
            "S": [ 536 ],
            "Y": [ 388, 389, 390, 391, 392, 393, 394, 395, 396, 397, 398, 399, 400, 401, 402 ]
          }
        },
        "$ternary$designs/97/top.sv:37$62": {
          "hide_name": 1,
          "type": "$mux",
          "parameters": {
            "WIDTH": "00000000000000000000000000001001"
          },
          "attributes": {
            "src": "designs/97/top.sv:37.22-37.165"
          },
          "port_directions": {
            "A": "input",
            "B": "input",
            "S": "input",
            "Y": "output"
          },
          "connections": {
            "A": [ 538, 539, 540, 541, 542, 543, 544, 545, 546 ],
            "B": [ 187, 188, 189, 190, 191, 192, 193, "0", "0" ],
            "S": [ 537 ],
            "Y": [ 368, 369, 370, 371, 372, 444, 445, 446, 447 ]
          }
        },
        "$xor$designs/97/top.sv:35$50": {
          "hide_name": 1,
          "type": "$xor",
          "parameters": {
            "A_SIGNED": "00000000000000000000000000000000",
            "A_WIDTH": "00000000000000000000000000000100",
            "B_SIGNED": "00000000000000000000000000000000",
            "B_WIDTH": "00000000000000000000000000000100",
            "Y_WIDTH": "00000000000000000000000000000100"
          },
          "attributes": {
            "src": "designs/97/top.sv:35.52-35.90"
          },
          "port_directions": {
            "A": "input",
            "B": "input",
            "Y": "output"
          },
          "connections": {
            "A": [ 508, 509, 510, 511 ],
            "B": [ 106, 107, 108, 109 ],
            "Y": [ 177, 178, 179, 180 ]
          }
        },
        "$xor$designs/97/top.sv:49$87": {
          "hide_name": 1,
          "type": "$xor",
          "parameters": {
            "A_SIGNED": "00000000000000000000000000000000",
            "A_WIDTH": "00000000000000000000000000000010",
            "B_SIGNED": "00000000000000000000000000000000",
            "B_WIDTH": "00000000000000000000000000000010",
            "Y_WIDTH": "00000000000000000000000000000010"
          },
          "attributes": {
            "src": "designs/97/top.sv:49.24-49.49"
          },
          "port_directions": {
            "A": "input",
            "B": "input",
            "Y": "output"
          },
          "connections": {
            "A": [ 2, 3 ],
            "B": [ 418, 419 ],
            "Y": [ 524, 525 ]
          }
        }
      },
      "netnames": {
        "$add$designs/97/top.sv:26$1_Y": {
          "hide_name": 1,
          "bits": [ 67, 68, 69, 70 ],
          "attributes": {
            "src": "designs/97/top.sv:26.34-26.57"
          }
        },
        "$add$designs/97/top.sv:27$10_Y": {
          "hide_name": 1,
          "bits": [ 38, 39, 40, 41, 42, 43, 44, 45, "0", "0", "0", "0", "0", "0", "0", "0", "0", "0", "0", "0", "0", "0", "0", "0", "0", "0" ],
          "attributes": {
            "src": "designs/97/top.sv:27.23-27.157"
          }
        },
        "$add$designs/97/top.sv:27$4_Y": {
          "hide_name": 1,
          "bits": [ 46, 47, 48, 49, 50, 51, 52 ],
          "attributes": {
            "src": "designs/97/top.sv:27.69-27.84"
          }
        },
        "$add$designs/97/top.sv:27$8_Y": {
          "hide_name": 1,
          "bits": [ 60, 61, 62, 63, 64, 65, 66 ],
          "attributes": {
            "src": "designs/97/top.sv:27.45-27.135"
          }
        },
        "$add$designs/97/top.sv:27$9_Y": {
          "hide_name": 1,
          "bits": [ 26, 27, 28, 29, 30, 31, 32 ],
          "attributes": {
            "src": "designs/97/top.sv:27.34-27.146"
          }
        },
        "$add$designs/97/top.sv:30$19_Y": {
          "hide_name": 1,
          "bits": [ 92, 93, 94, 95, 96, 97, 547, 548, 549, "0" ],
          "attributes": {
            "src": "designs/97/top.sv:30.33-30.86",
            "unused_bits": "4 5 6 7 8"
          }
        },
        "$add$designs/97/top.sv:33$32_Y": {
          "hide_name": 1,
          "bits": [ 110, 111, 112, 113, 114, 115, 116, 117, 118, "0", "0", "0", "0", "0", "0", "0", "0", "0", "0", "0", "0", "0", "0", "0", "0", "0", "0", "0", "0", "0", "0" ],
          "attributes": {
            "src": "designs/97/top.sv:33.33-33.82"
          }
        },
        "$add$designs/97/top.sv:33$33_Y": {
          "hide_name": 1,
          "bits": [ 129, 130, 131, 132, 133, 134, 135, 136, 137, 138, 139, "0", "0", "0", "0", "0", "0", "0", "0", "0", "0", "0", "0", "0", "0", "0", "0", "0", "0", "0", "0" ],
          "attributes": {
            "src": "designs/97/top.sv:33.32-33.92"
          }
        },
        "$add$designs/97/top.sv:33$39_Y": {
          "hide_name": 1,
          "bits": [ 152, 153, 154, 155, 156, 157, 158, 159, 160, 161, 162, "0", "0", "0", "0", "0", "0", "0", "0", "0", "0", "0", "0", "0", "0", "0", "0", "0", "0", "0", "0" ],
          "attributes": {
            "src": "designs/97/top.sv:33.119-33.202"
          }
        },
        "$add$designs/97/top.sv:34$44_Y": {
          "hide_name": 1,
          "bits": [ 167, 168, 169, 170, 171, 172, 173, 174, 175, 176, "0", "0", "0", "0", "0", "0", "0", "0", "0", "0", "0", "0", "0", "0", "0", "0", "0", "0", "0", "0", "0" ],
          "attributes": {
            "src": "designs/97/top.sv:34.44-34.96"
          }
        },
        "$add$designs/97/top.sv:35$51_Y": {
          "hide_name": 1,
          "bits": [ 181, 182, 183, 184, 550, 551, 552 ],
          "attributes": {
            "src": "designs/97/top.sv:35.51-35.104",
            "unused_bits": "4 5 6"
          }
        },
        "$add$designs/97/top.sv:37$58_Y": {
          "hide_name": 1,
          "bits": [ 187, 188, 189, 190, 191, 192, 193, "0", "0", "0", "0", "0", "0", "0", "0", "0", "0", "0", "0", "0", "0", "0", "0", "0", "0", "0" ],
          "attributes": {
            "src": "designs/97/top.sv:37.32-37.128"
          }
        },
        "$add$designs/97/top.sv:41$66_Y": {
          "hide_name": 1,
          "bits": [ 198, 199, 200, 201, 202, 203, 204, 205, 206, 207 ],
          "attributes": {
            "src": "designs/97/top.sv:41.35-41.61"
          }
        },
        "$add$designs/97/top.sv:41$67_Y": {
          "hide_name": 1,
          "bits": [ 208, 209, 210, 211, 212, 213, 214, 215, 216, 217, 218, "0", "0", "0", "0", "0", "0", "0", "0", "0", "0", "0", "0", "0", "0", "0" ],
          "attributes": {
            "src": "designs/97/top.sv:41.24-41.76"
          }
        },
        "$add$designs/97/top.sv:46$80_Y": {
          "hide_name": 1,
          "bits": [ 245, 246, 247, 248, 249, 250, 251, 252, 253, 254, 255, 256, 257, 258, 259, 260, 261, 262, 263, 264, 265, 266, 267, 268, 269, 270 ],
          "attributes": {
            "src": "designs/97/top.sv:46.50-46.99"
          }
        },
        "$add$designs/97/top.sv:46$82_Y": {
          "hide_name": 1,
          "bits": [ 378, 379, 380, 381, 382, 250, 251, 252, 253, 254, 255, 256, 257, 258, 259, 260, 261, 262, 263, 264, 265, 266, 267, 268, 269, 270 ],
          "attributes": {
            "src": "designs/97/top.sv:46.38-46.122"
          }
        },
        "$add$designs/97/top.sv:52$92_Y": {
          "hide_name": 1,
          "bits": [ 293, 294, 295, 296 ],
          "attributes": {
          }
        },
        "$and$designs/97/top.sv:29$15_Y": {
          "hide_name": 1,
          "bits": [ 328, 329, 330, 331, "0", "0", "0", "0", "0", "0", "0", "0", "0", "0", "0", "0", "0", "0", "0", "0", "0", "0", "0", "0", "0", "0" ],
          "attributes": {
            "src": "designs/97/top.sv:29.40-29.68"
          }
        },
        "$and$designs/97/top.sv:33$30_Y": {
          "hide_name": 1,
          "bits": [ 310, 311, 312, 313, "0", "0", "0", "0", "0", "0", "0", "0", "0", "0", "0", "0", "0", "0", "0", "0", "0", "0", "0", "0", "0", "0", "0", "0", "0", "0", "0" ],
          "attributes": {
            "src": "designs/97/top.sv:33.35-33.58"
          }
        },
        "$and$designs/97/top.sv:33$38_Y": {
          "hide_name": 1,
          "bits": [ 140, 141, 142, 143, 144, 145, 146, 147, 148, 149, "0", "0", "0", "0", "0", "0", "0", "0", "0", "0", "0", "0", "0", "0", "0", "0", "0", "0", "0", "0", "0" ],
          "attributes": {
            "src": "designs/97/top.sv:33.120-33.192"
          }
        },
        "$and$designs/97/top.sv:37$55_Y": {
          "hide_name": 1,
          "bits": [ 357, 358, "0", "0" ],
          "attributes": {
            "src": "designs/97/top.sv:37.61-37.91"
          }
        },
        "$and$designs/97/top.sv:37$56_Y": {
          "hide_name": 1,
          "bits": [ 442, 443, "0", "0" ],
          "attributes": {
            "src": "designs/97/top.sv:37.52-37.102"
          }
        },
        "$and$designs/97/top.sv:46$78_Y": {
          "hide_name": 1,
          "bits": [ 373, 374, 375, 376, 377, "0", "0", "0", "0", "0", "0", "0", "0", "0", "0", "0", "0", "0", "0", "0", "0", "0", "0", "0" ],
          "attributes": {
          }
        },
        "$and$designs/97/top.sv:52$95_Y": {
          "hide_name": 1,
          "bits": [ 430, 431, 432, 433, 434, 435, 436, 437, 438, 439, 440, 441 ],
          "attributes": {
          }
        },
        "$and$designs/97/top.sv:52$96_Y": {
          "hide_name": 1,
          "bits": [ 448, 449, 450, 451, 452, 453, 454, 455, 456, 457, 458, 459, "0", "0", "0", "0", "0", "0", "0", "0", "0", "0", "0", "0" ],
          "attributes": {
          }
        },
        "$auto$opt_expr.cc:205:group_cell_inputs$113": {
          "hide_name": 1,
          "bits": [ 332, 333, 334, 335 ],
          "attributes": {
          }
        },
        "$auto$opt_expr.cc:205:group_cell_inputs$120": {
          "hide_name": 1,
          "bits": [ 337 ],
          "attributes": {
          }
        },
        "$auto$opt_expr.cc:205:group_cell_inputs$123": {
          "hide_name": 1,
          "bits": [ 347, 348, 349, 350, 318, 319, 320, 321, 322 ],
          "attributes": {
          }
        },
        "$auto$opt_expr.cc:205:group_cell_inputs$125": {
          "hide_name": 1,
          "bits": [ 323 ],
          "attributes": {
          }
        },
        "$auto$opt_expr.cc:205:group_cell_inputs$126": {
          "hide_name": 1,
          "bits": [ 314, 315, 316, 317 ],
          "attributes": {
          }
        },
        "$auto$opt_expr.cc:205:group_cell_inputs$129": {
          "hide_name": 1,
          "bits": [ 351, 352 ],
          "attributes": {
          }
        },
        "$auto$opt_expr.cc:205:group_cell_inputs$132": {
          "hide_name": 1,
          "bits": [ 163, 164, 165, 166 ],
          "attributes": {
          }
        },
        "$auto$opt_expr.cc:205:group_cell_inputs$135": {
          "hide_name": 1,
          "bits": [ 353, 354, 355, 356 ],
          "attributes": {
          }
        },
        "$auto$opt_expr.cc:205:group_cell_inputs$143": {
          "hide_name": 1,
          "bits": [ 359, 360, 361, 362, 363 ],
          "attributes": {
          }
        },
        "$auto$opt_expr.cc:205:group_cell_inputs$152": {
          "hide_name": 1,
          "bits": [ 194, 195, 196, 197 ],
          "attributes": {
          }
        },
        "$auto$opt_expr.cc:205:group_cell_inputs$176": {
          "hide_name": 1,
          "bits": [ 383, 384, 385, 386, 387 ],
          "attributes": {
          }
        },
        "$auto$opt_expr.cc:205:group_cell_inputs$178": {
          "hide_name": 1,
          "bits": [ 298, 299, 300, 301, 302, 303, 304, 305, 306, 307, 308, 309 ],
          "attributes": {
            "unused_bits": "10 11"
          }
        },
        "$auto$opt_expr.cc:205:group_cell_inputs$179": {
          "hide_name": 1,
          "bits": [ 403, 404, 405, 406, 407, 408, 409, 410, 411, 412, 413, 414, 415, 416, 417 ],
          "attributes": {
            "unused_bits": "12 13 14"
          }
        },
        "$auto$opt_expr.cc:205:group_cell_inputs$198": {
          "hide_name": 1,
          "bits": [ 185, 186 ],
          "attributes": {
          }
        },
        "$auto$wreduce.cc:514:run$100": {
          "hide_name": 1,
          "bits": [ 293, 294, 295, 296, 297, 298, 299, 300, 301, 302, 303, 304, 305, 306, 307, 308, 309 ],
          "attributes": {
            "src": "designs/97/top.sv:52.68-52.85",
            "unused_bits": "15 16"
          }
        },
        "$eq$designs/97/top.sv:31$25_Y": {
          "hide_name": 1,
          "bits": [ 460 ],
          "attributes": {
            "src": "designs/97/top.sv:31.32-31.148"
          }
        },
        "$ge$designs/97/top.sv:31$21_Y": {
          "hide_name": 1,
          "bits": [ 461 ],
          "attributes": {
            "src": "designs/97/top.sv:31.74-31.97"
          }
        },
        "$lt$designs/97/top.sv:31$23_Y": {
          "hide_name": 1,
          "bits": [ 336 ],
          "attributes": {
            "src": "designs/97/top.sv:31.54-31.125"
          }
        },
        "$mul$designs/97/top.sv:27$5_Y": {
          "hide_name": 1,
          "bits": [ 463, 464, 465, 466, 467, 468, 469 ],
          "attributes": {
            "src": "designs/97/top.sv:27.68-27.99"
          }
        },
        "$mul$designs/97/top.sv:27$7_Y": {
          "hide_name": 1,
          "bits": [ 53, 54, 55, 56, 57, 58, 59 ],
          "attributes": {
            "src": "designs/97/top.sv:27.46-27.125"
          }
        },
        "$mul$designs/97/top.sv:31$26_Y": {
          "hide_name": 1,
          "bits": [ 477, 478, 479, 480, 481, 553, 554, 555, 556, 557, "0", "0", "0", "0", "0", "0", "0", "0", "0", "0", "0", "0", "0", "0", "0", "0", "0", "0", "0", "0", "0" ],
          "attributes": {
            "src": "designs/97/top.sv:31.23-31.159",
            "unused_bits": "5 6 7 8 9"
          }
        },
        "$mul$designs/97/top.sv:33$31_Y": {
          "hide_name": 1,
          "bits": [ 98, 99, 100, 101, 102, 103, 104, 105, "0", "0", "0", "0", "0", "0", "0", "0", "0", "0", "0", "0", "0", "0", "0", "0", "0", "0", "0", "0", "0", "0", "0" ],
          "attributes": {
            "src": "designs/97/top.sv:33.34-33.72"
          }
        },
        "$mul$designs/97/top.sv:33$34_Y": {
          "hide_name": 1,
          "bits": [ 482, 483, 484, 485, 486, 487, 488, 489, 490, 491, 492, 493, 494, 495, 496, "0", "0", "0", "0", "0", "0", "0", "0", "0", "0", "0", "0", "0", "0", "0", "0" ],
          "attributes": {
            "src": "designs/97/top.sv:33.31-33.106"
          }
        },
        "$mul$designs/97/top.sv:33$35_Y": {
          "hide_name": 1,
          "bits": [ 338, 339, 340, 341, 342, 343, 344, 345, 346, 323 ],
          "attributes": {
            "src": "designs/97/top.sv:33.141-33.156"
          }
        },
        "$mul$designs/97/top.sv:34$45_Y": {
          "hide_name": 1,
          "bits": [ 497, 498, 499, 500, 501, 502, 503, 504, 505, 506, 507, "0", "0", "0", "0", "0", "0", "0", "0", "0", "0", "0", "0", "0", "0", "0", "0", "0", "0", "0", "0" ],
          "attributes": {
            "src": "designs/97/top.sv:34.33-34.112"
          }
        },
        "$mul$designs/97/top.sv:35$49_Y": {
          "hide_name": 1,
          "bits": [ 508, 509, 510, 511, 558, 559, 560 ],
          "attributes": {
            "src": "designs/97/top.sv:35.53-35.80",
            "unused_bits": "4 5 6"
          }
        },
        "$ne$designs/97/top.sv:30$18_Y": {
          "hide_name": 1,
          "bits": [ 91 ],
          "attributes": {
            "src": "designs/97/top.sv:30.44-30.70"
          }
        },
        "$or$designs/97/top.sv:28$13_Y": {
          "hide_name": 1,
          "bits": [ 71, 72, 73, 74, "0", "0", "0", "0", "0", "0", "0", "0", "0", "0", "0", "0", "0", "0", "0", "0", "0", "0", "0", "0", "0", "0" ],
          "attributes": {
            "src": "designs/97/top.sv:28.31-28.78"
          }
        },
        "$or$designs/97/top.sv:32$28_Y": {
          "hide_name": 1,
          "bits": [ 526, 527 ],
          "attributes": {
            "src": "designs/97/top.sv:32.23-32.67"
          }
        },
        "$or$designs/97/top.sv:35$52_Y": {
          "hide_name": 1,
          "bits": [ 528, 529, 530, 531, 561, 562, 563, 564, 565, 566, 567, 568, 569, 570, 571, "0", "0", "0", "0", "0", "0", "0", "0", "0", "0", "0" ],
          "attributes": {
            "src": "designs/97/top.sv:35.40-35.115",
            "unused_bits": "4 5 6 7 8 9 10 11 12 13 14"
          }
        },
        "$or$designs/97/top.sv:35$53_Y": {
          "hide_name": 1,
          "bits": [ 532, 533, 534, 535, 572, 573, 574, 575, 576, 577, 578, 579, 580, 581, 582, "0", "0", "0", "0", "0", "0", "0", "0", "0", "0", "0" ],
          "attributes": {
            "src": "designs/97/top.sv:35.31-35.130",
            "unused_bits": "4 5 6 7 8 9 10 11 12 13 14"
          }
        },
        "$reduce_bool$designs/97/top.sv:33$40_Y": {
          "hide_name": 1,
          "bits": [ 536 ],
          "attributes": {
            "src": "designs/97/top.sv:33.21-33.204"
          }
        },
        "$reduce_bool$designs/97/top.sv:37$61_Y": {
          "hide_name": 1,
          "bits": [ 537 ],
          "attributes": {
            "src": "designs/97/top.sv:37.22-37.165"
          }
        },
        "$shl$designs/97/top.sv:46$79_Y": {
          "hide_name": 1,
          "bits": [ 219, 220, 221, 222, 223, 224, 225, 226, 227, 228, 229, 230, 231, 232, 233, 234, 235, 236, 237, 238, 239, 240, 241, 242, 243, 244 ],
          "attributes": {
            "src": "designs/97/top.sv:46.51-46.89"
          }
        },
        "$shr$designs/97/top.sv:31$22_Y": {
          "hide_name": 1,
          "bits": [ 462 ],
          "signed": 1,
          "attributes": {
            "src": "designs/97/top.sv:31.65-31.114"
          }
        },
        "$sub$designs/97/top.sv:26$2_Y": {
          "hide_name": 1,
          "bits": [ 324, 325, 326, 327, 37, 37, 37 ],
          "attributes": {
            "src": "designs/97/top.sv:26.23-26.72"
          }
        },
        "$sub$designs/97/top.sv:27$6_Y": {
          "hide_name": 1,
          "bits": [ 470, 471, 472, 473, 474, 475, 476 ],
          "attributes": {
            "src": "designs/97/top.sv:27.57-27.110"
          }
        },
        "$sub$designs/97/top.sv:37$60_Y": {
          "hide_name": 1,
          "bits": [ 538, 539, 540, 541, 542, 543, 544, 545, 546, 546, 546, 546, 546, 546, 546, 546, 546, 546, 546, 546, 546, 546, 546, 546, 546, 546 ],
          "attributes": {
            "src": "designs/97/top.sv:37.133-37.164"
          }
        },
        "$xor$designs/97/top.sv:35$50_Y": {
          "hide_name": 1,
          "bits": [ 177, 178, 179, 180, 583, 584, 585 ],
          "attributes": {
            "src": "designs/97/top.sv:35.52-35.90",
            "unused_bits": "4 5 6"
          }
        },
        "input_data": {
          "hide_name": 0,
          "bits": [ 2, 3, 4, 5 ],
          "attributes": {
            "src": "designs/97/top.sv:2.17-2.27"
          }
        },
        "output_data": {
          "hide_name": 0,
          "bits": [ 6, 7, 8, 9, 10, 11, 12, 13, 14, 15, 16, 17, 18, 19, 20, 21, 22, 23, 24, 25 ],
          "attributes": {
            "src": "designs/97/top.sv:3.19-3.30"
          }
        },
        "temp_0": {
          "hide_name": 0,
          "bits": [ 33, 34, 35, 36, 37, 37, 37 ],
          "attributes": {
            "src": "designs/97/top.sv:6.17-6.23"
          }
        },
        "temp_1": {
          "hide_name": 0,
          "bits": [ 75, 76, 77, 78, 79, 80, 81, 45, "0", "0", "0", "0", "0", "0", "0", "0", "0", "0", "0", "0", "0", "0", "0", "0", "0", "0" ],
          "attributes": {
            "src": "designs/97/top.sv:7.18-7.24"
          }
        },
        "temp_11": {
          "hide_name": 0,
          "bits": [ 368, 369, 370, 371, 372, 444, 445, 446, 447, 447, 447, 447, 447, 447, 447, 447, 447, 447, 447, 447, 447, 447, 447, 447 ],
          "attributes": {
            "src": "designs/97/top.sv:17.18-17.25"
          }
        },
        "temp_13": {
          "hide_name": 0,
          "bits": [ 418, 419, 420, 421, 422, 423, 424, 425, 426, 427, 428, 429 ],
          "attributes": {
            "src": "designs/97/top.sv:19.18-19.25"
          }
        },
        "temp_15": {
          "hide_name": 0,
          "bits": [ 276, 277, 278, 279, 280, 281, 282, 283, 284, 285, 286, 287, 288, 289, 290, 291, 292 ],
          "attributes": {
            "src": "designs/97/top.sv:21.18-21.25"
          }
        },
        "temp_17": {
          "hide_name": 0,
          "bits": [ 524, 525 ],
          "attributes": {
            "src": "designs/97/top.sv:23.17-23.24"
          }
        },
        "temp_2": {
          "hide_name": 0,
          "bits": [ 82, 83, 84, 85, 86, 87, 88, 89, 90, "0", "0", "0", "0", "0", "0", "0", "0", "0", "0", "0", "0", "0", "0", "0", "0", "0", "0", "0", "0", "0", "0" ],
          "attributes": {
            "src": "designs/97/top.sv:8.18-8.24"
          }
        },
        "temp_3": {
          "hide_name": 0,
          "bits": [ 119, 120, 121, 122, 123, 124, 125, 126, 127, 128 ],
          "attributes": {
            "src": "designs/97/top.sv:9.17-9.23"
          }
        },
        "temp_4": {
          "hide_name": 0,
          "bits": [ 106, 107, 108, 109, "0", "0" ],
          "attributes": {
            "src": "designs/97/top.sv:10.17-10.23"
          }
        },
        "temp_5": {
          "hide_name": 0,
          "bits": [ 271, 272, 273, 274, 275 ],
          "attributes": {
            "src": "designs/97/top.sv:11.17-11.23"
          }
        },
        "temp_6": {
          "hide_name": 0,
          "bits": [ 150, 151 ],
          "attributes": {
            "src": "designs/97/top.sv:12.17-12.23"
          }
        },
        "temp_7": {
          "hide_name": 0,
          "bits": [ 388, 389, 390, 391, 392, 393, 394, 395, 396, 397, 398, 399, 400, 401, 402, "0", "0", "0", "0", "0", "0", "0", "0", "0", "0", "0" ],
          "attributes": {
            "src": "designs/97/top.sv:13.18-13.24"
          }
        },
        "temp_8": {
          "hide_name": 0,
          "bits": [ 512, 513, 514, 515, 516, 517, 518, 519, 520, 521, 522, 523, 523, 523, 523, 523, 523, 523, 523 ],
          "attributes": {
            "src": "designs/97/top.sv:14.18-14.24"
          }
        },
        "temp_9": {
          "hide_name": 0,
          "bits": [ 364, 365, 366, 367 ],
          "attributes": {
            "src": "designs/97/top.sv:15.17-15.23"
          }
        }
      }
    }
  }
}
