{
  "creator": "Yosys 0.60 (git sha1 5bafeb77dc71e054fa331ab9efa613e6fb0a1c49, clang++ 17.0.0 -fPIC -O3)",
  "modules": {
    "top": {
      "attributes": {
        "top": "00000000000000000000000000000001",
        "src": "designs/62/top.sv:1.1-52.10"
      },
      "ports": {
        "input_data": {
          "direction": "input",
          "bits": [ 2, 3, 4, 5, 6, 7 ]
        },
        "output_data": {
          "direction": "output",
          "bits": [ 8, 4, "0", "0", "0", "0", "0", "0", "0", "0", "0", "0", "0", "0", "0", "0", "0", "0", "0", "0", "0", "0", "0", "0" ]
        }
      },
      "cells": {
        "$add$designs/62/top.sv:28$22": {
          "hide_name": 1,
          "type": "$add",
          "parameters": {
            "A_SIGNED": "00000000000000000000000000000000",
            "A_WIDTH": "00000000000000000000000000000110",
            "B_SIGNED": "00000000000000000000000000000000",
            "B_WIDTH": "00000000000000000000000000000110",
            "Y_WIDTH": "00000000000000000000000000000111"
          },
          "attributes": {
            "src": "designs/62/top.sv:28.44-28.68"
          },
          "port_directions": {
            "A": "input",
            "B": "input",
            "Y": "output"
          },
          "connections": {
            "A": [ 2, 3, 4, 5, 6, 7 ],
            "B": [ 2, 3, 4, 5, 6, 7 ],
            "Y": [ 9, 10, 11, 12, 13, 14, 15 ]
          }
        },
        "$add$designs/62/top.sv:28$23": {
          "hide_name": 1,
          "type": "$add",
          "parameters": {
            "A_SIGNED": "00000000000000000000000000000000",
            "A_WIDTH": "00000000000000000000000000000111",
            "B_SIGNED": "00000000000000000000000000000000",
            "B_WIDTH": "00000000000000000000000000000110",
            "Y_WIDTH": "00000000000000000000000000001000"
          },
          "attributes": {
            "src": "designs/62/top.sv:28.35-28.83"
          },
          "port_directions": {
            "A": "input",
            "B": "input",
            "Y": "output"
          },
          "connections": {
            "A": [ 9, 10, 11, 12, 13, 14, 15 ],
            "B": [ 2, 3, 4, 5, 6, 7 ],
            "Y": [ 16, 17, 18, 19, 20, 21, 22, 23 ]
          }
        },
        "$add$designs/62/top.sv:28$27": {
          "hide_name": 1,
          "type": "$add",
          "parameters": {
            "A_SIGNED": "00000000000000000000000000000000",
            "A_WIDTH": "00000000000000000000000000001011",
            "B_SIGNED": "00000000000000000000000000000000",
            "B_WIDTH": "00000000000000000000000000000001",
            "Y_WIDTH": "00000000000000000000000000001100"
          },
          "attributes": {
            "src": "designs/62/top.sv:28.31-28.129"
          },
          "port_directions": {
            "A": "input",
            "B": "input",
            "Y": "output"
          },
          "connections": {
            "A": [ 24, 3, 4, 5, 6, 7, "0", "0", "0", "0", "0" ],
            "B": [ 25 ],
            "Y": [ 26, 27, 28, 29, 30, 31, 32, 33, 34, 35, 36, 37 ]
          }
        },
        "$add$designs/62/top.sv:30$30": {
          "hide_name": 1,
          "type": "$add",
          "parameters": {
            "A_SIGNED": "00000000000000000000000000000000",
            "A_WIDTH": "00000000000000000000000000000110",
            "B_SIGNED": "00000000000000000000000000000000",
            "B_WIDTH": "00000000000000000000000000000001",
            "Y_WIDTH": "00000000000000000000000000000110"
          },
          "attributes": {
            "src": "designs/62/top.sv:30.42-30.61"
          },
          "port_directions": {
            "A": "input",
            "B": "input",
            "Y": "output"
          },
          "connections": {
            "A": [ 2, 3, 4, 5, 6, 7 ],
            "B": [ 25 ],
            "Y": [ 38, 39, 40, 41, 42, 43 ]
          }
        },
        "$add$designs/62/top.sv:33$50": {
          "hide_name": 1,
          "type": "$add",
          "parameters": {
            "A_SIGNED": "00000000000000000000000000000000",
            "A_WIDTH": "00000000000000000000000000000110",
            "B_SIGNED": "00000000000000000000000000000000",
            "B_WIDTH": "00000000000000000000000000001001",
            "Y_WIDTH": "00000000000000000000000000001001"
          },
          "attributes": {
            "src": "designs/62/top.sv:33.69-33.100"
          },
          "port_directions": {
            "A": "input",
            "B": "input",
            "Y": "output"
          },
          "connections": {
            "A": [ 2, 3, 4, 5, 6, 7 ],
            "B": [ 44, "1", "1", "1", "1", "1", "1", "1", "1" ],
            "Y": [ 45, 46, 47, 48, 49, 50, 51, 52, 53 ]
          }
        },
        "$add$designs/62/top.sv:35$57": {
          "hide_name": 1,
          "type": "$add",
          "parameters": {
            "A_SIGNED": "00000000000000000000000000000000",
            "A_WIDTH": "00000000000000000000000000001001",
            "B_SIGNED": "00000000000000000000000000000000",
            "B_WIDTH": "00000000000000000000000000010000",
            "Y_WIDTH": "00000000000000000000000000010000"
          },
          "attributes": {
            "src": "designs/62/top.sv:35.97-35.130"
          },
          "port_directions": {
            "A": "input",
            "B": "input",
            "Y": "output"
          },
          "connections": {
            "A": [ 54, "0", "0", "0", "0", "0", "0", "0", "0" ],
            "B": [ 55, 56, 57, 58, 59, 60, "1", "1", "1", "1", "1", "1", "1", "1", "1", "1" ],
            "Y": [ 61, 62, 63, 64, 65, 66, 67, 68, 69, 70, 71, 72, 73, 74, 75, 76 ]
          }
        },
        "$add$designs/62/top.sv:35$64": {
          "hide_name": 1,
          "type": "$add",
          "parameters": {
            "A_SIGNED": "00000000000000000000000000000000",
            "A_WIDTH": "00000000000000000000000000010000",
            "B_SIGNED": "00000000000000000000000000000000",
            "B_WIDTH": "00000000000000000000000000000110",
            "Y_WIDTH": "00000000000000000000000000010000"
          },
          "attributes": {
            "src": "designs/62/top.sv:35.66-35.199"
          },
          "port_directions": {
            "A": "input",
            "B": "input",
            "Y": "output"
          },
          "connections": {
            "A": [ 77, 78, 79, 80, 81, 82, "1", "1", "1", "1", "1", "1", "1", "1", "1", "1" ],
            "B": [ 2, 3, 4, 5, 6, 7 ],
            "Y": [ 83, 84, 85, 86, 87, 88, 89, 90, 91, 92, 93, 94, 95, 96, 97, 98 ]
          }
        },
        "$add$designs/62/top.sv:39$73": {
          "hide_name": 1,
          "type": "$add",
          "parameters": {
            "A_SIGNED": "00000000000000000000000000000000",
            "A_WIDTH": "00000000000000000000000000001110",
            "B_SIGNED": "00000000000000000000000000000000",
            "B_WIDTH": "00000000000000000000000000001110",
            "Y_WIDTH": "00000000000000000000000000001110"
          },
          "attributes": {
            "src": "designs/62/top.sv:39.89-39.145"
          },
          "port_directions": {
            "A": "input",
            "B": "input",
            "Y": "output"
          },
          "connections": {
            "A": [ 99, "0", "0", "0", "0", "0", "0", "0", "0", "0", "0", "0", "0", "0" ],
            "B": [ 100, 101, 102, 103, 104, 105, 106, 107, 108, 109, 110, 111, 112, 113 ],
            "Y": [ 114, 115, 116, 117, 118, 119, 120, 121, 122, 123, 124, 125, 126, 127 ]
          }
        },
        "$add$designs/62/top.sv:39$75": {
          "hide_name": 1,
          "type": "$add",
          "parameters": {
            "A_SIGNED": "00000000000000000000000000000000",
            "A_WIDTH": "00000000000000000000000000001110",
            "B_SIGNED": "00000000000000000000000000000000",
            "B_WIDTH": "00000000000000000000000000000010",
            "Y_WIDTH": "00000000000000000000000000001111"
          },
          "attributes": {
            "src": "designs/62/top.sv:39.77-39.166"
          },
          "port_directions": {
            "A": "input",
            "B": "input",
            "Y": "output"
          },
          "connections": {
            "A": [ 128, 115, 116, 117, 118, 119, 120, 121, 122, 123, 124, 125, 126, 127 ],
            "B": [ 3, 4 ],
            "Y": [ 129, 130, 131, 132, 133, 134, 135, 136, 137, 138, 139, 140, 141, 142, 143 ]
          }
        },
        "$add$designs/62/top.sv:43$96": {
          "hide_name": 1,
          "type": "$add",
          "parameters": {
            "A_SIGNED": "00000000000000000000000000000000",
            "A_WIDTH": "00000000000000000000000000000001",
            "B_SIGNED": "00000000000000000000000000000000",
            "B_WIDTH": "00000000000000000000000000000001",
            "Y_WIDTH": "00000000000000000000000000000010"
          },
          "attributes": {
            "src": "designs/62/top.sv:43.87-43.119"
          },
          "port_directions": {
            "A": "input",
            "B": "input",
            "Y": "output"
          },
          "connections": {
            "A": [ 25 ],
            "B": [ 7 ],
            "Y": [ 144, 145 ]
          }
        },
        "$add$designs/62/top.sv:44$119": {
          "hide_name": 1,
          "type": "$add",
          "parameters": {
            "A_SIGNED": "00000000000000000000000000000000",
            "A_WIDTH": "00000000000000000000000000011010",
            "B_SIGNED": "00000000000000000000000000000000",
            "B_WIDTH": "00000000000000000000000000000010",
            "Y_WIDTH": "00000000000000000000000000011011"
          },
          "attributes": {
            "src": "designs/62/top.sv:44.23-44.204"
          },
          "port_directions": {
            "A": "input",
            "B": "input",
            "Y": "output"
          },
          "connections": {
            "A": [ 146, 147, 148, 149, 150, 151, 152, 153, 154, 155, 156, 157, 158, 159, 160, 161, 162, 163, 164, 165, 166, 167, 168, 169, 170, 171 ],
            "B": [ 42, 43 ],
            "Y": [ 172, 173, 174, 175, 176, 177, 178, 179, 180, 181, 182, 183, 184, 185, 186, 187, 188, 189, 190, 191, 192, 193, 194, 195, 196, 197, 198 ]
          }
        },
        "$and$designs/62/top.sv:39$71": {
          "hide_name": 1,
          "type": "$and",
          "parameters": {
            "A_SIGNED": "00000000000000000000000000000000",
            "A_WIDTH": "00000000000000000000000000000001",
            "B_SIGNED": "00000000000000000000000000000000",
            "B_WIDTH": "00000000000000000000000000000001",
            "Y_WIDTH": "00000000000000000000000000000001"
          },
          "attributes": {
            "src": "designs/62/top.sv:39.91-39.125"
          },
          "port_directions": {
            "A": "input",
            "B": "input",
            "Y": "output"
          },
          "connections": {
            "A": [ 4 ],
            "B": [ 25 ],
            "Y": [ 199 ]
          }
        },
        "$auto$opt_expr.cc:250:group_cell_inputs$392": {
          "hide_name": 1,
          "type": "$not",
          "parameters": {
            "A_SIGNED": "00000000000000000000000000000000",
            "A_WIDTH": "00000000000000000000000000000001",
            "Y_WIDTH": "00000000000000000000000000000001"
          },
          "attributes": {
          },
          "port_directions": {
            "A": "input",
            "Y": "output"
          },
          "connections": {
            "A": [ 200 ],
            "Y": [ 79 ]
          }
        },
        "$auto$opt_expr.cc:250:group_cell_inputs$394": {
          "hide_name": 1,
          "type": "$not",
          "parameters": {
            "A_SIGNED": "00000000000000000000000000000000",
            "A_WIDTH": "00000000000000000000000000000001",
            "Y_WIDTH": "00000000000000000000000000000001"
          },
          "attributes": {
          },
          "port_directions": {
            "A": "input",
            "Y": "output"
          },
          "connections": {
            "A": [ 201 ],
            "Y": [ 80 ]
          }
        },
        "$auto$opt_expr.cc:250:group_cell_inputs$396": {
          "hide_name": 1,
          "type": "$not",
          "parameters": {
            "A_SIGNED": "00000000000000000000000000000000",
            "A_WIDTH": "00000000000000000000000000000001",
            "Y_WIDTH": "00000000000000000000000000000001"
          },
          "attributes": {
          },
          "port_directions": {
            "A": "input",
            "Y": "output"
          },
          "connections": {
            "A": [ 202 ],
            "Y": [ 81 ]
          }
        },
        "$auto$opt_expr.cc:250:group_cell_inputs$398": {
          "hide_name": 1,
          "type": "$not",
          "parameters": {
            "A_SIGNED": "00000000000000000000000000000000",
            "A_WIDTH": "00000000000000000000000000000001",
            "Y_WIDTH": "00000000000000000000000000000001"
          },
          "attributes": {
          },
          "port_directions": {
            "A": "input",
            "Y": "output"
          },
          "connections": {
            "A": [ 203 ],
            "Y": [ 82 ]
          }
        },
        "$auto$opt_expr.cc:276:group_cell_inputs$160": {
          "hide_name": 1,
          "type": "$not",
          "parameters": {
            "A_SIGNED": "00000000000000000000000000000000",
            "A_WIDTH": "00000000000000000000000000000110",
            "Y_WIDTH": "00000000000000000000000000000110"
          },
          "attributes": {
          },
          "port_directions": {
            "A": "input",
            "Y": "output"
          },
          "connections": {
            "A": [ 2, 3, 4, 5, 6, 7 ],
            "Y": [ 55, 56, 57, 58, 59, 60 ]
          }
        },
        "$auto$opt_expr.cc:276:group_cell_inputs$171": {
          "hide_name": 1,
          "type": "$not",
          "parameters": {
            "A_SIGNED": "00000000000000000000000000000000",
            "A_WIDTH": "00000000000000000000000000000011",
            "Y_WIDTH": "00000000000000000000000000000011"
          },
          "attributes": {
          },
          "port_directions": {
            "A": "input",
            "Y": "output"
          },
          "connections": {
            "A": [ 5, 6, 7 ],
            "Y": [ 204, 205, 206 ]
          }
        },
        "$auto$opt_expr.cc:276:group_cell_inputs$175": {
          "hide_name": 1,
          "type": "$and",
          "parameters": {
            "A_SIGNED": "00000000000000000000000000000000",
            "A_WIDTH": "00000000000000000000000000000010",
            "B_SIGNED": "00000000000000000000000000000000",
            "B_WIDTH": "00000000000000000000000000000010",
            "Y_WIDTH": "00000000000000000000000000000010"
          },
          "attributes": {
          },
          "port_directions": {
            "A": "input",
            "B": "input",
            "Y": "output"
          },
          "connections": {
            "A": [ 2, 4 ],
            "B": [ 204, 206 ],
            "Y": [ 207, 208 ]
          }
        },
        "$auto$opt_expr.cc:276:group_cell_inputs$187": {
          "hide_name": 1,
          "type": "$or",
          "parameters": {
            "A_SIGNED": "00000000000000000000000000000000",
            "A_WIDTH": "00000000000000000000000000000001",
            "B_SIGNED": "00000000000000000000000000000000",
            "B_WIDTH": "00000000000000000000000000000001",
            "Y_WIDTH": "00000000000000000000000000000001"
          },
          "attributes": {
          },
          "port_directions": {
            "A": "input",
            "B": "input",
            "Y": "output"
          },
          "connections": {
            "A": [ 209 ],
            "B": [ 55 ],
            "Y": [ 210 ]
          }
        },
        "$auto$opt_expr.cc:276:group_cell_inputs$190": {
          "hide_name": 1,
          "type": "$and",
          "parameters": {
            "A_SIGNED": "00000000000000000000000000000000",
            "A_WIDTH": "00000000000000000000000000000001",
            "B_SIGNED": "00000000000000000000000000000000",
            "B_WIDTH": "00000000000000000000000000000001",
            "Y_WIDTH": "00000000000000000000000000000001"
          },
          "attributes": {
          },
          "port_directions": {
            "A": "input",
            "B": "input",
            "Y": "output"
          },
          "connections": {
            "A": [ 16 ],
            "B": [ 25 ],
            "Y": [ 211 ]
          }
        },
        "$auto$opt_expr.cc:276:group_cell_inputs$197": {
          "hide_name": 1,
          "type": "$and",
          "parameters": {
            "A_SIGNED": "00000000000000000000000000000000",
            "A_WIDTH": "00000000000000000000000000000001",
            "B_SIGNED": "00000000000000000000000000000000",
            "B_WIDTH": "00000000000000000000000000000001",
            "Y_WIDTH": "00000000000000000000000000000001"
          },
          "attributes": {
          },
          "port_directions": {
            "A": "input",
            "B": "input",
            "Y": "output"
          },
          "connections": {
            "A": [ 26 ],
            "B": [ 25 ],
            "Y": [ 212 ]
          }
        },
        "$auto$opt_expr.cc:276:group_cell_inputs$204": {
          "hide_name": 1,
          "type": "$xor",
          "parameters": {
            "A_SIGNED": "00000000000000000000000000000000",
            "A_WIDTH": "00000000000000000000000000000001",
            "B_SIGNED": "00000000000000000000000000000000",
            "B_WIDTH": "00000000000000000000000000000001",
            "Y_WIDTH": "00000000000000000000000000000001"
          },
          "attributes": {
          },
          "port_directions": {
            "A": "input",
            "B": "input",
            "Y": "output"
          },
          "connections": {
            "A": [ 213 ],
            "B": [ 25 ],
            "Y": [ 214 ]
          }
        },
        "$auto$opt_expr.cc:276:group_cell_inputs$211": {
          "hide_name": 1,
          "type": "$xor",
          "parameters": {
            "A_SIGNED": "00000000000000000000000000000000",
            "A_WIDTH": "00000000000000000000000000000001",
            "B_SIGNED": "00000000000000000000000000000000",
            "B_WIDTH": "00000000000000000000000000000001",
            "Y_WIDTH": "00000000000000000000000000000001"
          },
          "attributes": {
          },
          "port_directions": {
            "A": "input",
            "B": "input",
            "Y": "output"
          },
          "connections": {
            "A": [ 215 ],
            "B": [ 216 ],
            "Y": [ 217 ]
          }
        },
        "$auto$opt_expr.cc:276:group_cell_inputs$218": {
          "hide_name": 1,
          "type": "$or",
          "parameters": {
            "A_SIGNED": "00000000000000000000000000000000",
            "A_WIDTH": "00000000000000000000000000000001",
            "B_SIGNED": "00000000000000000000000000000000",
            "B_WIDTH": "00000000000000000000000000000001",
            "Y_WIDTH": "00000000000000000000000000000001"
          },
          "attributes": {
          },
          "port_directions": {
            "A": "input",
            "B": "input",
            "Y": "output"
          },
          "connections": {
            "A": [ 218 ],
            "B": [ 55 ],
            "Y": [ 219 ]
          }
        },
        "$auto$opt_expr.cc:276:group_cell_inputs$221": {
          "hide_name": 1,
          "type": "$xor",
          "parameters": {
            "A_SIGNED": "00000000000000000000000000000000",
            "A_WIDTH": "00000000000000000000000000000001",
            "B_SIGNED": "00000000000000000000000000000000",
            "B_WIDTH": "00000000000000000000000000000001",
            "Y_WIDTH": "00000000000000000000000000000001"
          },
          "attributes": {
          },
          "port_directions": {
            "A": "input",
            "B": "input",
            "Y": "output"
          },
          "connections": {
            "A": [ 220 ],
            "B": [ 212 ],
            "Y": [ 54 ]
          }
        },
        "$auto$opt_expr.cc:276:group_cell_inputs$224": {
          "hide_name": 1,
          "type": "$not",
          "parameters": {
            "A_SIGNED": "00000000000000000000000000000000",
            "A_WIDTH": "00000000000000000000000000000001",
            "Y_WIDTH": "00000000000000000000000000000001"
          },
          "attributes": {
          },
          "port_directions": {
            "A": "input",
            "Y": "output"
          },
          "connections": {
            "A": [ 25 ],
            "Y": [ 44 ]
          }
        },
        "$auto$opt_expr.cc:276:group_cell_inputs$235": {
          "hide_name": 1,
          "type": "$xor",
          "parameters": {
            "A_SIGNED": "00000000000000000000000000000000",
            "A_WIDTH": "00000000000000000000000000000110",
            "B_SIGNED": "00000000000000000000000000000000",
            "B_WIDTH": "00000000000000000000000000000110",
            "Y_WIDTH": "00000000000000000000000000000110"
          },
          "attributes": {
          },
          "port_directions": {
            "A": "input",
            "B": "input",
            "Y": "output"
          },
          "connections": {
            "A": [ 221, 222, 223, 224, 225, 226 ],
            "B": [ 227, 39, 40, 41, 42, 43 ],
            "Y": [ 228, 229, 230, 231, 232, 233 ]
          }
        },
        "$auto$opt_expr.cc:276:group_cell_inputs$238": {
          "hide_name": 1,
          "type": "$and",
          "parameters": {
            "A_SIGNED": "00000000000000000000000000000000",
            "A_WIDTH": "00000000000000000000000000000110",
            "B_SIGNED": "00000000000000000000000000000000",
            "B_WIDTH": "00000000000000000000000000000110",
            "Y_WIDTH": "00000000000000000000000000000110"
          },
          "attributes": {
          },
          "port_directions": {
            "A": "input",
            "B": "input",
            "Y": "output"
          },
          "connections": {
            "A": [ 228, 229, 230, 231, 232, 233 ],
            "B": [ 2, 3, 4, 5, 6, 7 ],
            "Y": [ 234, 235, 200, 201, 202, 203 ]
          }
        },
        "$auto$opt_expr.cc:276:group_cell_inputs$242": {
          "hide_name": 1,
          "type": "$not",
          "parameters": {
            "A_SIGNED": "00000000000000000000000000000000",
            "A_WIDTH": "00000000000000000000000000000010",
            "Y_WIDTH": "00000000000000000000000000000010"
          },
          "attributes": {
          },
          "port_directions": {
            "A": "input",
            "Y": "output"
          },
          "connections": {
            "A": [ 42, 43 ],
            "Y": [ 236, 237 ]
          }
        },
        "$auto$opt_expr.cc:276:group_cell_inputs$246": {
          "hide_name": 1,
          "type": "$xor",
          "parameters": {
            "A_SIGNED": "00000000000000000000000000000000",
            "A_WIDTH": "00000000000000000000000000000110",
            "B_SIGNED": "00000000000000000000000000000000",
            "B_WIDTH": "00000000000000000000000000000110",
            "Y_WIDTH": "00000000000000000000000000000110"
          },
          "attributes": {
          },
          "port_directions": {
            "A": "input",
            "B": "input",
            "Y": "output"
          },
          "connections": {
            "A": [ 238, 239, 240, 241, 242, 243 ],
            "B": [ 2, 3, 4, 5, 6, 7 ],
            "Y": [ 244, 245, 246, 103, 104, 105 ]
          }
        },
        "$auto$opt_expr.cc:276:group_cell_inputs$249": {
          "hide_name": 1,
          "type": "$or",
          "parameters": {
            "A_SIGNED": "00000000000000000000000000000000",
            "A_WIDTH": "00000000000000000000000000000011",
            "B_SIGNED": "00000000000000000000000000000000",
            "B_WIDTH": "00000000000000000000000000000011",
            "Y_WIDTH": "00000000000000000000000000000011"
          },
          "attributes": {
          },
          "port_directions": {
            "A": "input",
            "B": "input",
            "Y": "output"
          },
          "connections": {
            "A": [ 244, 245, 246 ],
            "B": [ 216, 247, 248 ],
            "Y": [ 100, 101, 102 ]
          }
        },
        "$auto$opt_expr.cc:276:group_cell_inputs$252": {
          "hide_name": 1,
          "type": "$and",
          "parameters": {
            "A_SIGNED": "00000000000000000000000000000000",
            "A_WIDTH": "00000000000000000000000000000001",
            "B_SIGNED": "00000000000000000000000000000000",
            "B_WIDTH": "00000000000000000000000000000001",
            "Y_WIDTH": "00000000000000000000000000000001"
          },
          "attributes": {
          },
          "port_directions": {
            "A": "input",
            "B": "input",
            "Y": "output"
          },
          "connections": {
            "A": [ 199 ],
            "B": [ 100 ],
            "Y": [ 99 ]
          }
        },
        "$auto$opt_expr.cc:276:group_cell_inputs$256": {
          "hide_name": 1,
          "type": "$xor",
          "parameters": {
            "A_SIGNED": "00000000000000000000000000000000",
            "A_WIDTH": "00000000000000000000000000000001",
            "B_SIGNED": "00000000000000000000000000000000",
            "B_WIDTH": "00000000000000000000000000000001",
            "Y_WIDTH": "00000000000000000000000000000001"
          },
          "attributes": {
          },
          "port_directions": {
            "A": "input",
            "B": "input",
            "Y": "output"
          },
          "connections": {
            "A": [ 114 ],
            "B": [ 25 ],
            "Y": [ 128 ]
          }
        },
        "$auto$opt_expr.cc:276:group_cell_inputs$262": {
          "hide_name": 1,
          "type": "$xor",
          "parameters": {
            "A_SIGNED": "00000000000000000000000000000000",
            "A_WIDTH": "00000000000000000000000000000110",
            "B_SIGNED": "00000000000000000000000000000000",
            "B_WIDTH": "00000000000000000000000000000110",
            "Y_WIDTH": "00000000000000000000000000000110"
          },
          "attributes": {
          },
          "port_directions": {
            "A": "input",
            "B": "input",
            "Y": "output"
          },
          "connections": {
            "A": [ 249, 250, 251, 252, 253, 254 ],
            "B": [ 2, 3, 4, 5, 6, 7 ],
            "Y": [ 255, 256, 257, 258, 259, 260 ]
          }
        },
        "$auto$opt_expr.cc:276:group_cell_inputs$290": {
          "hide_name": 1,
          "type": "$or",
          "parameters": {
            "A_SIGNED": "00000000000000000000000000000000",
            "A_WIDTH": "00000000000000000000000000000010",
            "B_SIGNED": "00000000000000000000000000000000",
            "B_WIDTH": "00000000000000000000000000000010",
            "Y_WIDTH": "00000000000000000000000000000010"
          },
          "attributes": {
          },
          "port_directions": {
            "A": "input",
            "B": "input",
            "Y": "output"
          },
          "connections": {
            "A": [ 261, 262 ],
            "B": [ 3, 4 ],
            "Y": [ 263, 264 ]
          }
        },
        "$auto$opt_expr.cc:276:group_cell_inputs$293": {
          "hide_name": 1,
          "type": "$xor",
          "parameters": {
            "A_SIGNED": "00000000000000000000000000000000",
            "A_WIDTH": "00000000000000000000000000000110",
            "B_SIGNED": "00000000000000000000000000000000",
            "B_WIDTH": "00000000000000000000000000000110",
            "Y_WIDTH": "00000000000000000000000000000110"
          },
          "attributes": {
          },
          "port_directions": {
            "A": "input",
            "B": "input",
            "Y": "output"
          },
          "connections": {
            "A": [ 263, 264, 265, 266, 267, 268 ],
            "B": [ 2, 3, 4, 5, 6, 7 ],
            "Y": [ 269, 270, 271, 272, 273, 274 ]
          }
        },
        "$auto$opt_expr.cc:276:group_cell_inputs$296": {
          "hide_name": 1,
          "type": "$or",
          "parameters": {
            "A_SIGNED": "00000000000000000000000000000000",
            "A_WIDTH": "00000000000000000000000000000110",
            "B_SIGNED": "00000000000000000000000000000000",
            "B_WIDTH": "00000000000000000000000000000110",
            "Y_WIDTH": "00000000000000000000000000000110"
          },
          "attributes": {
          },
          "port_directions": {
            "A": "input",
            "B": "input",
            "Y": "output"
          },
          "connections": {
            "A": [ 275, 276, 277, 278, 279, 280 ],
            "B": [ 227, 39, 40, 41, 42, 43 ],
            "Y": [ 281, 282, 283, 284, 285, 286 ]
          }
        },
        "$auto$opt_expr.cc:276:group_cell_inputs$311": {
          "hide_name": 1,
          "type": "$and",
          "parameters": {
            "A_SIGNED": "00000000000000000000000000000000",
            "A_WIDTH": "00000000000000000000000000000110",
            "B_SIGNED": "00000000000000000000000000000000",
            "B_WIDTH": "00000000000000000000000000000110",
            "Y_WIDTH": "00000000000000000000000000000110"
          },
          "attributes": {
          },
          "port_directions": {
            "A": "input",
            "B": "input",
            "Y": "output"
          },
          "connections": {
            "A": [ 287, 288, 289, 290, 291, 292 ],
            "B": [ 2, 3, 4, 5, 6, 7 ],
            "Y": [ 293, 294, 295, 296, 297, 298 ]
          }
        },
        "$auto$opt_expr.cc:276:group_cell_inputs$352": {
          "hide_name": 1,
          "type": "$not",
          "parameters": {
            "A_SIGNED": "00000000000000000000000000000000",
            "A_WIDTH": "00000000000000000000000000011011",
            "Y_WIDTH": "00000000000000000000000000011011"
          },
          "attributes": {
          },
          "port_directions": {
            "A": "input",
            "Y": "output"
          },
          "connections": {
            "A": [ 299, 300, 301, 302, 303, 304, 305, 306, 307, 308, 309, 310, 311, 312, 313, 314, 315, 316, 317, 318, 319, 320, 321, 322, 323, 324, 325 ],
            "Y": [ 326, 327, 328, 329, 330, 331, 332, 333, 334, 335, 336, 337, 338, 339, 340, 341, 342, 343, 344, 345, 346, 347, 348, 349, 350, 351, 352 ]
          }
        },
        "$auto$opt_expr.cc:276:group_cell_inputs$356": {
          "hide_name": 1,
          "type": "$or",
          "parameters": {
            "A_SIGNED": "00000000000000000000000000000000",
            "A_WIDTH": "00000000000000000000000000000001",
            "B_SIGNED": "00000000000000000000000000000000",
            "B_WIDTH": "00000000000000000000000000000001",
            "Y_WIDTH": "00000000000000000000000000000001"
          },
          "attributes": {
          },
          "port_directions": {
            "A": "input",
            "B": "input",
            "Y": "output"
          },
          "connections": {
            "A": [ 353 ],
            "B": [ 326 ],
            "Y": [ 354 ]
          }
        },
        "$auto$opt_expr.cc:276:group_cell_inputs$363": {
          "hide_name": 1,
          "type": "$xor",
          "parameters": {
            "A_SIGNED": "00000000000000000000000000000000",
            "A_WIDTH": "00000000000000000000000000000001",
            "B_SIGNED": "00000000000000000000000000000000",
            "B_WIDTH": "00000000000000000000000000000001",
            "Y_WIDTH": "00000000000000000000000000000001"
          },
          "attributes": {
          },
          "port_directions": {
            "A": "input",
            "B": "input",
            "Y": "output"
          },
          "connections": {
            "A": [ 355 ],
            "B": [ 3 ],
            "Y": [ 8 ]
          }
        },
        "$auto$opt_expr.cc:276:group_cell_inputs$366": {
          "hide_name": 1,
          "type": "$xor",
          "parameters": {
            "A_SIGNED": "00000000000000000000000000000000",
            "A_WIDTH": "00000000000000000000000000000001",
            "B_SIGNED": "00000000000000000000000000000000",
            "B_WIDTH": "00000000000000000000000000000001",
            "Y_WIDTH": "00000000000000000000000000000001"
          },
          "attributes": {
          },
          "port_directions": {
            "A": "input",
            "B": "input",
            "Y": "output"
          },
          "connections": {
            "A": [ 211 ],
            "B": [ 2 ],
            "Y": [ 24 ]
          }
        },
        "$auto$opt_expr.cc:276:group_cell_inputs$369": {
          "hide_name": 1,
          "type": "$or",
          "parameters": {
            "A_SIGNED": "00000000000000000000000000000000",
            "A_WIDTH": "00000000000000000000000000000001",
            "B_SIGNED": "00000000000000000000000000000000",
            "B_WIDTH": "00000000000000000000000000000001",
            "Y_WIDTH": "00000000000000000000000000000001"
          },
          "attributes": {
          },
          "port_directions": {
            "A": "input",
            "B": "input",
            "Y": "output"
          },
          "connections": {
            "A": [ 38 ],
            "B": [ 212 ],
            "Y": [ 227 ]
          }
        },
        "$auto$opt_expr.cc:276:group_cell_inputs$376": {
          "hide_name": 1,
          "type": "$and",
          "parameters": {
            "A_SIGNED": "00000000000000000000000000000000",
            "A_WIDTH": "00000000000000000000000000000100",
            "B_SIGNED": "00000000000000000000000000000000",
            "B_WIDTH": "00000000000000000000000000000100",
            "Y_WIDTH": "00000000000000000000000000000100"
          },
          "attributes": {
          },
          "port_directions": {
            "A": "input",
            "B": "input",
            "Y": "output"
          },
          "connections": {
            "A": [ 356, 357, 358, 359 ],
            "B": [ 360, 361, 362, 363 ],
            "Y": [ 364, 365, 366, 367 ]
          }
        },
        "$auto$opt_expr.cc:276:group_cell_inputs$383": {
          "hide_name": 1,
          "type": "$xor",
          "parameters": {
            "A_SIGNED": "00000000000000000000000000000000",
            "A_WIDTH": "00000000000000000000000000000001",
            "B_SIGNED": "00000000000000000000000000000000",
            "B_WIDTH": "00000000000000000000000000000001",
            "Y_WIDTH": "00000000000000000000000000000001"
          },
          "attributes": {
          },
          "port_directions": {
            "A": "input",
            "B": "input",
            "Y": "output"
          },
          "connections": {
            "A": [ 212 ],
            "B": [ 2 ],
            "Y": [ 368 ]
          }
        },
        "$auto$opt_expr.cc:276:group_cell_inputs$390": {
          "hide_name": 1,
          "type": "$xor",
          "parameters": {
            "A_SIGNED": "00000000000000000000000000000000",
            "A_WIDTH": "00000000000000000000000000000010",
            "B_SIGNED": "00000000000000000000000000000000",
            "B_WIDTH": "00000000000000000000000000000010",
            "Y_WIDTH": "00000000000000000000000000000010"
          },
          "attributes": {
          },
          "port_directions": {
            "A": "input",
            "B": "input",
            "Y": "output"
          },
          "connections": {
            "A": [ 234, 235 ],
            "B": [ 236, 237 ],
            "Y": [ 77, 78 ]
          }
        },
        "$auto$opt_expr.cc:276:group_cell_inputs$403": {
          "hide_name": 1,
          "type": "$or",
          "parameters": {
            "A_SIGNED": "00000000000000000000000000000000",
            "A_WIDTH": "00000000000000000000000000000100",
            "B_SIGNED": "00000000000000000000000000000000",
            "B_WIDTH": "00000000000000000000000000000100",
            "Y_WIDTH": "00000000000000000000000000000100"
          },
          "attributes": {
          },
          "port_directions": {
            "A": "input",
            "B": "input",
            "Y": "output"
          },
          "connections": {
            "A": [ 130, 131, 132, 135 ],
            "B": [ 360, 361, 362, 363 ],
            "Y": [ 369, 370, 371, 372 ]
          }
        },
        "$auto$opt_expr.cc:276:group_cell_inputs$408": {
          "hide_name": 1,
          "type": "$or",
          "parameters": {
            "A_SIGNED": "00000000000000000000000000000000",
            "A_WIDTH": "00000000000000000000000000000001",
            "B_SIGNED": "00000000000000000000000000000000",
            "B_WIDTH": "00000000000000000000000000000001",
            "Y_WIDTH": "00000000000000000000000000000001"
          },
          "attributes": {
          },
          "port_directions": {
            "A": "input",
            "B": "input",
            "Y": "output"
          },
          "connections": {
            "A": [ 255 ],
            "B": [ 44 ],
            "Y": [ 373 ]
          }
        },
        "$auto$opt_expr.cc:276:group_cell_inputs$412": {
          "hide_name": 1,
          "type": "$xor",
          "parameters": {
            "A_SIGNED": "00000000000000000000000000000000",
            "A_WIDTH": "00000000000000000000000000000001",
            "B_SIGNED": "00000000000000000000000000000000",
            "B_WIDTH": "00000000000000000000000000000001",
            "Y_WIDTH": "00000000000000000000000000000001"
          },
          "attributes": {
          },
          "port_directions": {
            "A": "input",
            "B": "input",
            "Y": "output"
          },
          "connections": {
            "A": [ 281 ],
            "B": [ 54 ],
            "Y": [ 374 ]
          }
        },
        "$auto$opt_expr.cc:276:group_cell_inputs$418": {
          "hide_name": 1,
          "type": "$or",
          "parameters": {
            "A_SIGNED": "00000000000000000000000000000000",
            "A_WIDTH": "00000000000000000000000000000110",
            "B_SIGNED": "00000000000000000000000000000000",
            "B_WIDTH": "00000000000000000000000000000110",
            "Y_WIDTH": "00000000000000000000000000000110"
          },
          "attributes": {
          },
          "port_directions": {
            "A": "input",
            "B": "input",
            "Y": "output"
          },
          "connections": {
            "A": [ 375, 376, 377, 378, 379, 380 ],
            "B": [ 55, 56, 57, 58, 59, 60 ],
            "Y": [ 381, 382, 383, 384, 385, 386 ]
          }
        },
        "$auto$opt_expr.cc:276:group_cell_inputs$459": {
          "hide_name": 1,
          "type": "$not",
          "parameters": {
            "A_SIGNED": "00000000000000000000000000000000",
            "A_WIDTH": "00000000000000000000000000000100",
            "Y_WIDTH": "00000000000000000000000000000100"
          },
          "attributes": {
          },
          "port_directions": {
            "A": "input",
            "Y": "output"
          },
          "connections": {
            "A": [ 360, 361, 362, 363 ],
            "Y": [ 387, 388, 389, 390 ]
          }
        },
        "$auto$opt_expr.cc:276:group_cell_inputs$467": {
          "hide_name": 1,
          "type": "$xor",
          "parameters": {
            "A_SIGNED": "00000000000000000000000000000000",
            "A_WIDTH": "00000000000000000000000000001010",
            "B_SIGNED": "00000000000000000000000000000000",
            "B_WIDTH": "00000000000000000000000000001010",
            "Y_WIDTH": "00000000000000000000000000001010"
          },
          "attributes": {
          },
          "port_directions": {
            "A": "input",
            "B": "input",
            "Y": "output"
          },
          "connections": {
            "A": [ 364, 365, 366, 367, 391, 392, 393, 394, 395, 396 ],
            "B": [ 397, 398, 399, 400, 374, 401, 402, 403, 404, 405 ],
            "Y": [ 288, 289, 290, 406, 287, 291, 292, 407, 408, 409 ]
          }
        },
        "$auto$opt_expr.cc:276:group_cell_inputs$474": {
          "hide_name": 1,
          "type": "$not",
          "parameters": {
            "A_SIGNED": "00000000000000000000000000000000",
            "A_WIDTH": "00000000000000000000000000000001",
            "Y_WIDTH": "00000000000000000000000000000001"
          },
          "attributes": {
          },
          "port_directions": {
            "A": "input",
            "Y": "output"
          },
          "connections": {
            "A": [ 54 ],
            "Y": [ 410 ]
          }
        },
        "$auto$opt_expr.cc:276:group_cell_inputs$482": {
          "hide_name": 1,
          "type": "$or",
          "parameters": {
            "A_SIGNED": "00000000000000000000000000000000",
            "A_WIDTH": "00000000000000000000000000000001",
            "B_SIGNED": "00000000000000000000000000000000",
            "B_WIDTH": "00000000000000000000000000000001",
            "Y_WIDTH": "00000000000000000000000000000001"
          },
          "attributes": {
          },
          "port_directions": {
            "A": "input",
            "B": "input",
            "Y": "output"
          },
          "connections": {
            "A": [ 354 ],
            "B": [ 410 ],
            "Y": [ 411 ]
          }
        },
        "$auto$opt_expr.cc:716:replace_const_cells$298": {
          "hide_name": 1,
          "type": "$not",
          "parameters": {
            "A_SIGNED": "00000000000000000000000000000000",
            "A_WIDTH": "00000000000000000000000000001110",
            "Y_WIDTH": "00000000000000000000000000001110"
          },
          "attributes": {
          },
          "port_directions": {
            "A": "input",
            "Y": "output"
          },
          "connections": {
            "A": [ 282, 283, 284, 285, 286, 412, 413, 414, 415, 416, 417, 418, 419, 420 ],
            "Y": [ 397, 398, 399, 401, 402, 400, 421, 422, 423, 424, 425, 426, 427, 428 ]
          }
        },
        "$ge$designs/62/top.sv:27$19": {
          "hide_name": 1,
          "type": "$ge",
          "parameters": {
            "A_SIGNED": "00000000000000000000000000000000",
            "A_WIDTH": "00000000000000000000000000010001",
            "B_SIGNED": "00000000000000000000000000000000",
            "B_WIDTH": "00000000000000000000000000000110",
            "Y_WIDTH": "00000000000000000000000000000001"
          },
          "attributes": {
            "src": "designs/62/top.sv:27.31-27.322"
          },
          "port_directions": {
            "A": "input",
            "B": "input",
            "Y": "output"
          },
          "connections": {
            "A": [ 210, 56, 57, 58, 59, 60, "1", "1", "1", "1", "1", "1", "1", "1", "1", "1", "1" ],
            "B": [ 2, 3, 4, 5, 6, 7 ],
            "Y": [ 429 ]
          }
        },
        "$ge$designs/62/top.sv:50$149": {
          "hide_name": 1,
          "type": "$ge",
          "parameters": {
            "A_SIGNED": "00000000000000000000000000000000",
            "A_WIDTH": "00000000000000000000000000011110",
            "B_SIGNED": "00000000000000000000000000000000",
            "B_WIDTH": "00000000000000000000000000011011",
            "Y_WIDTH": "00000000000000000000000000000001"
          },
          "attributes": {
            "src": "designs/62/top.sv:50.38-50.237"
          },
          "port_directions": {
            "A": "input",
            "B": "input",
            "Y": "output"
          },
          "connections": {
            "A": [ 411, "1", "1", "1", "1", "1", "1", "1", "1", "1", "1", "1", "1", "1", "1", "1", "1", "1", "1", "1", "1", "1", "1", "1", "1", "1", "1", "1", "1", "1" ],
            "B": [ 172, 173, 174, 175, 176, 177, 178, 179, 180, 181, 182, 183, 184, 185, 186, 187, 188, 189, 190, 191, 192, 193, 194, 195, 196, 197, 198 ],
            "Y": [ 355 ]
          }
        },
        "$gt$designs/62/top.sv:27$21": {
          "hide_name": 1,
          "type": "$gt",
          "parameters": {
            "A_SIGNED": "00000000000000000000000000000000",
            "A_WIDTH": "00000000000000000000000000000001",
            "B_SIGNED": "00000000000000000000000000000000",
            "B_WIDTH": "00000000000000000000000000000110",
            "Y_WIDTH": "00000000000000000000000000000001"
          },
          "attributes": {
            "src": "designs/62/top.sv:27.22-27.340"
          },
          "port_directions": {
            "A": "input",
            "B": "input",
            "Y": "output"
          },
          "connections": {
            "A": [ 429 ],
            "B": [ 55, 56, 57, 58, 59, 60 ],
            "Y": [ 25 ]
          }
        },
        "$gt$designs/62/top.sv:31$40": {
          "hide_name": 1,
          "type": "$gt",
          "parameters": {
            "A_SIGNED": "00000000000000000000000000000000",
            "A_WIDTH": "00000000000000000000000000000001",
            "B_SIGNED": "00000000000000000000000000000000",
            "B_WIDTH": "00000000000000000000000000000110",
            "Y_WIDTH": "00000000000000000000000000000001"
          },
          "attributes": {
            "src": "designs/62/top.sv:31.81-31.201"
          },
          "port_directions": {
            "A": "input",
            "B": "input",
            "Y": "output"
          },
          "connections": {
            "A": [ 430 ],
            "B": [ 227, 39, 40, 41, 42, 43 ],
            "Y": [ 215 ]
          }
        },
        "$gt$designs/62/top.sv:50$143": {
          "hide_name": 1,
          "type": "$gt",
          "parameters": {
            "A_SIGNED": "00000000000000000000000000000000",
            "A_WIDTH": "00000000000000000000000000000001",
            "B_SIGNED": "00000000000000000000000000000000",
            "B_WIDTH": "00000000000000000000000000000110",
            "Y_WIDTH": "00000000000000000000000000000001"
          },
          "attributes": {
            "src": "designs/62/top.sv:50.67-50.195"
          },
          "port_directions": {
            "A": "input",
            "B": "input",
            "Y": "output"
          },
          "connections": {
            "A": [ 431 ],
            "B": [ 227, 39, 40, 41, 42, 43 ],
            "Y": [ 353 ]
          }
        },
        "$le$designs/62/top.sv:31$43": {
          "hide_name": 1,
          "type": "$le",
          "parameters": {
            "A_SIGNED": "00000000000000000000000000000000",
            "A_WIDTH": "00000000000000000000000000000011",
            "B_SIGNED": "00000000000000000000000000000000",
            "B_WIDTH": "00000000000000000000000000000001",
            "Y_WIDTH": "00000000000000000000000000000001"
          },
          "attributes": {
            "src": "designs/62/top.sv:31.60-31.234"
          },
          "port_directions": {
            "A": "input",
            "B": "input",
            "Y": "output"
          },
          "connections": {
            "A": [ 432, 433, 434 ],
            "B": [ 25 ],
            "Y": [ 218 ]
          }
        },
        "$lt$designs/62/top.sv:31$47": {
          "hide_name": 1,
          "type": "$lt",
          "parameters": {
            "A_SIGNED": "00000000000000000000000000000000",
            "A_WIDTH": "00000000000000000000000000011001",
            "B_SIGNED": "00000000000000000000000000000000",
            "B_WIDTH": "00000000000000000000000000000001",
            "Y_WIDTH": "00000000000000000000000000000001"
          },
          "attributes": {
            "src": "designs/62/top.sv:31.31-31.275"
          },
          "port_directions": {
            "A": "input",
            "B": "input",
            "Y": "output"
          },
          "connections": {
            "A": [ 435, 436, 437, 438, 439, 440, 441, 442, 443, 444, 445, 446, 447, 448, 449, 450, 451, 452, 453, 454, 455, 456, 457, 458, 459 ],
            "B": [ 43 ],
            "Y": [ 220 ]
          }
        },
        "$lt$designs/62/top.sv:50$142": {
          "hide_name": 1,
          "type": "$lt",
          "parameters": {
            "A_SIGNED": "00000000000000000000000000000000",
            "A_WIDTH": "00000000000000000000000000000001",
            "B_SIGNED": "00000000000000000000000000000000",
            "B_WIDTH": "00000000000000000000000000011110",
            "Y_WIDTH": "00000000000000000000000000000001"
          },
          "attributes": {
            "src": "designs/62/top.sv:50.78-50.184"
          },
          "port_directions": {
            "A": "input",
            "B": "input",
            "Y": "output"
          },
          "connections": {
            "A": [ "0" ],
            "B": [ 326, 327, 328, 329, 330, 331, 332, 333, 334, 335, 336, 337, 338, 339, 340, 341, 342, 343, 344, 345, 346, 347, 348, 349, 350, 351, 352, "1", "1", "1" ],
            "Y": [ 431 ]
          }
        },
        "$mul$designs/62/top.sv:29$29": {
          "hide_name": 1,
          "type": "$mul",
          "parameters": {
            "A_SIGNED": "00000000000000000000000000000000",
            "A_WIDTH": "00000000000000000000000000000011",
            "B_SIGNED": "00000000000000000000000000000000",
            "B_WIDTH": "00000000000000000000000000001100",
            "Y_WIDTH": "00000000000000000000000000000011"
          },
          "attributes": {
            "src": "designs/62/top.sv:29.22-29.55"
          },
          "port_directions": {
            "A": "input",
            "B": "input",
            "Y": "output"
          },
          "connections": {
            "A": [ 4, 5, 6 ],
            "B": [ 212, "0", "0", "0", "0", "0", "0", "0", "0", "0", "0", "0" ],
            "Y": [ 216, 247, 248 ]
          }
        },
        "$mul$designs/62/top.sv:31$34": {
          "hide_name": 1,
          "type": "$mul",
          "parameters": {
            "A_SIGNED": "00000000000000000000000000000000",
            "A_WIDTH": "00000000000000000000000000001100",
            "B_SIGNED": "00000000000000000000000000000000",
            "B_WIDTH": "00000000000000000000000000000110",
            "Y_WIDTH": "00000000000000000000000000010010"
          },
          "attributes": {
            "src": "designs/62/top.sv:31.105-31.149"
          },
          "port_directions": {
            "A": "input",
            "B": "input",
            "Y": "output"
          },
          "connections": {
            "A": [ 368, 3, 4, 5, 6, 7, "0", "0", "0", "0", "0", "0" ],
            "B": [ 2, 3, 4, 5, 6, 7 ],
            "Y": [ 460, 461, 462, 463, 464, 465, 466, 467, 468, 469, 470, 471, 472, 473, 474, 475, 476, 477 ]
          }
        },
        "$mul$designs/62/top.sv:31$46": {
          "hide_name": 1,
          "type": "$mul",
          "parameters": {
            "A_SIGNED": "00000000000000000000000000000000",
            "A_WIDTH": "00000000000000000000000000011001",
            "B_SIGNED": "00000000000000000000000000000000",
            "B_WIDTH": "00000000000000000000000000001001",
            "Y_WIDTH": "00000000000000000000000000011001"
          },
          "attributes": {
            "src": "designs/62/top.sv:31.42-31.259"
          },
          "port_directions": {
            "A": "input",
            "B": "input",
            "Y": "output"
          },
          "connections": {
            "A": [ 219, 56, 57, 58, 59, 60, "1", "1", "1", "1", "1", "1", "1", "1", "1", "1", "1", "1", "1", "1", "1", "1", "1", "1", "1" ],
            "B": [ "1", "1", "0", "1", "0", "0", "1", "1", "1" ],
            "Y": [ 435, 436, 437, 438, 439, 440, 441, 442, 443, 444, 445, 446, 447, 448, 449, 450, 451, 452, 453, 454, 455, 456, 457, 458, 459 ]
          }
        },
        "$mul$designs/62/top.sv:33$51": {
          "hide_name": 1,
          "type": "$mul",
          "parameters": {
            "A_SIGNED": "00000000000000000000000000000000",
            "A_WIDTH": "00000000000000000000000000001001",
            "B_SIGNED": "00000000000000000000000000000000",
            "B_WIDTH": "00000000000000000000000000000110",
            "Y_WIDTH": "00000000000000000000000000001001"
          },
          "attributes": {
            "src": "designs/62/top.sv:33.60-33.115"
          },
          "port_directions": {
            "A": "input",
            "B": "input",
            "Y": "output"
          },
          "connections": {
            "A": [ 45, 46, 47, 48, 49, 50, 51, 52, 53 ],
            "B": [ 2, 3, 4, 5, 6, 7 ],
            "Y": [ 478, 479, 480, 481, 482, 483, 484, 485, 486 ]
          }
        },
        "$mul$designs/62/top.sv:33$52": {
          "hide_name": 1,
          "type": "$mul",
          "parameters": {
            "A_SIGNED": "00000000000000000000000000000000",
            "A_WIDTH": "00000000000000000000000000001001",
            "B_SIGNED": "00000000000000000000000000000000",
            "B_WIDTH": "00000000000000000000000000000011",
            "Y_WIDTH": "00000000000000000000000000001001"
          },
          "attributes": {
            "src": "designs/62/top.sv:33.49-33.126"
          },
          "port_directions": {
            "A": "input",
            "B": "input",
            "Y": "output"
          },
          "connections": {
            "A": [ 478, 479, 480, 481, 482, 483, 484, 485, 486 ],
            "B": [ 216, 247, 248 ],
            "Y": [ 487, 360, 361, 362, 488, 489, 363, 490, 491 ]
          }
        },
        "$mul$designs/62/top.sv:35$65": {
          "hide_name": 1,
          "type": "$mul",
          "parameters": {
            "A_SIGNED": "00000000000000000000000000000000",
            "A_WIDTH": "00000000000000000000000000010000",
            "B_SIGNED": "00000000000000000000000000000000",
            "B_WIDTH": "00000000000000000000000000001100",
            "Y_WIDTH": "00000000000000000000000000001110"
          },
          "attributes": {
            "src": "designs/62/top.sv:35.55-35.210"
          },
          "port_directions": {
            "A": "input",
            "B": "input",
            "Y": "output"
          },
          "connections": {
            "A": [ 83, 84, 85, 86, 87, 88, 89, 90, 91, 92, 93, 94, 95, 96, 97, 98 ],
            "B": [ 212, "0", "0", "0", "0", "0", "0", "0", "0", "0", "0", "0" ],
            "Y": [ 492, 493, 494, 495, 496, 497, 498, 499, 500, 501, 502, 503, 504, 505 ]
          }
        },
        "$mul$designs/62/top.sv:39$77": {
          "hide_name": 1,
          "type": "$mul",
          "parameters": {
            "A_SIGNED": "00000000000000000000000000000000",
            "A_WIDTH": "00000000000000000000000000010000",
            "B_SIGNED": "00000000000000000000000000000000",
            "B_WIDTH": "00000000000000000000000000000110",
            "Y_WIDTH": "00000000000000000000000000010110"
          },
          "attributes": {
            "src": "designs/62/top.sv:39.57-39.188"
          },
          "port_directions": {
            "A": "input",
            "B": "input",
            "Y": "output"
          },
          "connections": {
            "A": [ "1", 369, 370, 371, "1", "1", 372, "1", "1", 138, 139, "1", 141, "1", "1", "1" ],
            "B": [ 2, 3, 4, 5, 6, 7 ],
            "Y": [ 249, 250, 251, 252, 253, 254, 506, 507, 508, 509, 510, 511, 512, 513, 514, 515, 516, 517, 518, 519, 520, 521 ]
          }
        },
        "$mul$designs/62/top.sv:39$85": {
          "hide_name": 1,
          "type": "$mul",
          "parameters": {
            "A_SIGNED": "00000000000000000000000000000000",
            "A_WIDTH": "00000000000000000000000000011010",
            "B_SIGNED": "00000000000000000000000000000000",
            "B_WIDTH": "00000000000000000000000000000001",
            "Y_WIDTH": "00000000000000000000000000011011"
          },
          "attributes": {
            "src": "designs/62/top.sv:39.27-39.241"
          },
          "port_directions": {
            "A": "input",
            "B": "input",
            "Y": "output"
          },
          "connections": {
            "A": [ 522, 523, 524, 525, 526, 527, 528, 529, 530, 531, 532, 533, 534, 535, 536, 537, 538, 539, 540, 541, 542, 543, 544, 545, 546, 547 ],
            "B": [ 25 ],
            "Y": [ 299, 300, 301, 302, 303, 304, 305, 306, 307, 308, 309, 310, 311, 312, 313, 314, 315, 316, 317, 318, 319, 320, 321, 322, 323, 324, 325 ]
          }
        },
        "$mul$designs/62/top.sv:43$102": {
          "hide_name": 1,
          "type": "$mul",
          "parameters": {
            "A_SIGNED": "00000000000000000000000000000000",
            "A_WIDTH": "00000000000000000000000000011110",
            "B_SIGNED": "00000000000000000000000000000000",
            "B_WIDTH": "00000000000000000000000000000110",
            "Y_WIDTH": "00000000000000000000000000011001"
          },
          "attributes": {
            "src": "designs/62/top.sv:43.45-43.189"
          },
          "port_directions": {
            "A": "input",
            "B": "input",
            "Y": "output"
          },
          "connections": {
            "A": [ 269, 270, 271, 272, 273, 274, 548, 549, 550, 551, 552, 553, 554, 555, 556, 557, 558, 559, 560, 561, 562, 563, 564, 565, 566, 567, 568, 569, 570, 571 ],
            "B": [ 227, 39, 40, 41, 42, 43 ],
            "Y": [ 275, 276, 277, 278, 279, 280, 412, 403, 404, 413, 572, 405, 414, 573, 574, 415, 575, 416, 576, 417, 577, 418, 419, 420, 578 ]
          }
        },
        "$mul$designs/62/top.sv:43$97": {
          "hide_name": 1,
          "type": "$mul",
          "parameters": {
            "A_SIGNED": "00000000000000000000000000000000",
            "A_WIDTH": "00000000000000000000000000000010",
            "B_SIGNED": "00000000000000000000000000000000",
            "B_WIDTH": "00000000000000000000000000011011",
            "Y_WIDTH": "00000000000000000000000000011101"
          },
          "attributes": {
            "src": "designs/62/top.sv:43.76-43.131"
          },
          "port_directions": {
            "A": "input",
            "B": "input",
            "Y": "output"
          },
          "connections": {
            "A": [ 144, 145 ],
            "B": [ 299, 300, 301, 302, 303, 304, 305, 306, 307, 308, 309, 310, 311, 312, 313, 314, 315, 316, 317, 318, 319, 320, 321, 322, 323, 324, 325 ],
            "Y": [ 579, 580, 581, 582, 583, 584, 585, 586, 587, 588, 589, 590, 591, 592, 593, 594, 595, 596, 597, 598, 599, 600, 601, 602, 603, 604, 605, 606, 607 ]
          }
        },
        "$mul$designs/62/top.sv:43$99": {
          "hide_name": 1,
          "type": "$mul",
          "parameters": {
            "A_SIGNED": "00000000000000000000000000000000",
            "A_WIDTH": "00000000000000000000000000011110",
            "B_SIGNED": "00000000000000000000000000000000",
            "B_WIDTH": "00000000000000000000000000000011",
            "Y_WIDTH": "00000000000000000000000000011110"
          },
          "attributes": {
            "src": "designs/62/top.sv:43.66-43.157"
          },
          "port_directions": {
            "A": "input",
            "B": "input",
            "Y": "output"
          },
          "connections": {
            "A": [ 608, 609, 610, 611, 612, 613, 614, 615, 616, 617, 618, 619, 620, 621, 622, 623, 624, 625, 626, 627, 628, 629, 630, 631, 632, 633, 634, 635, 636, 637 ],
            "B": [ 41, 42, 43 ],
            "Y": [ 261, 262, 265, 266, 267, 268, 548, 549, 550, 551, 552, 553, 554, 555, 556, 557, 558, 559, 560, 561, 562, 563, 564, 565, 566, 567, 568, 569, 570, 571 ]
          }
        },
        "$mul$designs/62/top.sv:44$107": {
          "hide_name": 1,
          "type": "$mul",
          "parameters": {
            "A_SIGNED": "00000000000000000000000000000000",
            "A_WIDTH": "00000000000000000000000000001100",
            "B_SIGNED": "00000000000000000000000000000000",
            "B_WIDTH": "00000000000000000000000000000001",
            "Y_WIDTH": "00000000000000000000000000001101"
          },
          "attributes": {
            "src": "designs/62/top.sv:44.77-44.103"
          },
          "port_directions": {
            "A": "input",
            "B": "input",
            "Y": "output"
          },
          "connections": {
            "A": [ 212, "0", "0", "0", "0", "0", "0", "0", "0", "0", "0", "0" ],
            "B": [ 25 ],
            "Y": [ 391, 356, 357, 358, 392, 393, 359, 394, 395, 638, 639, 396, 640 ]
          }
        },
        "$mul$designs/62/top.sv:44$114": {
          "hide_name": 1,
          "type": "$mul",
          "parameters": {
            "A_SIGNED": "00000000000000000000000000000000",
            "A_WIDTH": "00000000000000000000000000011010",
            "B_SIGNED": "00000000000000000000000000000000",
            "B_WIDTH": "00000000000000000000000000010000",
            "Y_WIDTH": "00000000000000000000000000011010"
          },
          "attributes": {
            "src": "designs/62/top.sv:44.44-44.160"
          },
          "port_directions": {
            "A": "input",
            "B": "input",
            "Y": "output"
          },
          "connections": {
            "A": [ 293, 641, 642, 643, 644, 645, 646, 647, 648, 649, 650, 651, 652, 653, 654, 655, 656, 657, 658, 659, 660, 661, 662, 663, 664, 665 ],
            "B": [ "1", 360, 361, 362, "1", "1", 363, "1", "1", "0", "0", "1", "0", "1", "1", "1" ],
            "Y": [ 375, 376, 377, 378, 379, 380, 666, 667, 668, 669, 670, 671, 672, 673, 674, 675, 676, 677, 678, 679, 680, 681, 682, 683, 684, 685 ]
          }
        },
        "$ne$designs/62/top.sv:27$16": {
          "hide_name": 1,
          "type": "$ne",
          "parameters": {
            "A_SIGNED": "00000000000000000000000000000000",
            "A_WIDTH": "00000000000000000000000000011001",
            "B_SIGNED": "00000000000000000000000000000000",
            "B_WIDTH": "00000000000000000000000000011001",
            "Y_WIDTH": "00000000000000000000000000000001"
          },
          "attributes": {
            "src": "designs/62/top.sv:27.53-27.290"
          },
          "port_directions": {
            "A": "input",
            "B": "input",
            "Y": "output"
          },
          "connections": {
            "A": [ 686, 687, 688, 689, 690, 691, 692, 693, 694, 695, 696, 697, 698, 699, 700, 701, 702, 703, 704, 705, 706, 707, 708, 709, 710 ],
            "B": [ 55, 56, 57, 58, 59, 60, "1", "1", "1", "1", "1", "1", "1", "1", "1", "1", "1", "1", "1", "1", "1", "1", "1", "1", "1" ],
            "Y": [ 209 ]
          }
        },
        "$ne$designs/62/top.sv:31$39": {
          "hide_name": 1,
          "type": "$ne",
          "parameters": {
            "A_SIGNED": "00000000000000000000000000000000",
            "A_WIDTH": "00000000000000000000000000010011",
            "B_SIGNED": "00000000000000000000000000000000",
            "B_WIDTH": "00000000000000000000000000010011",
            "Y_WIDTH": "00000000000000000000000000000001"
          },
          "attributes": {
            "src": "designs/62/top.sv:31.92-31.190"
          },
          "port_directions": {
            "A": "input",
            "B": "input",
            "Y": "output"
          },
          "connections": {
            "A": [ 214, 711, 712, 713, 714, 715, 716, 717, 718, 719, 720, 721, 722, 723, 724, 725, 726, 727, 728 ],
            "B": [ "1", "1", "1", "1", "1", "1", "1", "1", "1", "1", "1", "1", "1", "1", "1", "1", "1", "1", "1" ],
            "Y": [ 430 ]
          }
        },
        "$or$designs/62/top.sv:31$42": {
          "hide_name": 1,
          "type": "$or",
          "parameters": {
            "A_SIGNED": "00000000000000000000000000000000",
            "A_WIDTH": "00000000000000000000000000000011",
            "B_SIGNED": "00000000000000000000000000000000",
            "B_WIDTH": "00000000000000000000000000000011",
            "Y_WIDTH": "00000000000000000000000000000011"
          },
          "attributes": {
            "src": "designs/62/top.sv:31.69-31.222"
          },
          "port_directions": {
            "A": "input",
            "B": "input",
            "Y": "output"
          },
          "connections": {
            "A": [ 217, 247, 248 ],
            "B": [ 216, 247, 248 ],
            "Y": [ 432, 433, 434 ]
          }
        },
        "$sub$designs/62/top.sv:27$14": {
          "hide_name": 1,
          "type": "$sub",
          "parameters": {
            "A_SIGNED": "00000000000000000000000000000000",
            "A_WIDTH": "00000000000000000000000000011001",
            "B_SIGNED": "00000000000000000000000000000000",
            "B_WIDTH": "00000000000000000000000000000110",
            "Y_WIDTH": "00000000000000000000000000011001"
          },
          "attributes": {
            "src": "designs/62/top.sv:27.64-27.275"
          },
          "port_directions": {
            "A": "input",
            "B": "input",
            "Y": "output"
          },
          "connections": {
            "A": [ 207, "0", 208, "0", "0", "0", "0", "0", "0", "0", "0", "0", "0", "0", "0", "0", "0", "0", "0", "0", "0", "0", "0", "0", "0" ],
            "B": [ 2, 3, 4, 5, 6, 7 ],
            "Y": [ 686, 687, 688, 689, 690, 691, 692, 693, 694, 695, 696, 697, 698, 699, 700, 701, 702, 703, 704, 705, 706, 707, 708, 709, 710 ]
          }
        },
        "$sub$designs/62/top.sv:31$35": {
          "hide_name": 1,
          "type": "$sub",
          "parameters": {
            "A_SIGNED": "00000000000000000000000000000000",
            "A_WIDTH": "00000000000000000000000000010010",
            "B_SIGNED": "00000000000000000000000000000000",
            "B_WIDTH": "00000000000000000000000000001000",
            "Y_WIDTH": "00000000000000000000000000010011"
          },
          "attributes": {
            "src": "designs/62/top.sv:31.104-31.159"
          },
          "port_directions": {
            "A": "input",
            "B": "input",
            "Y": "output"
          },
          "connections": {
            "A": [ 460, 461, 462, 463, 464, 465, 466, 467, 468, 469, 470, 471, 472, 473, 474, 475, 476, 477 ],
            "B": [ "1", "0", "1", "0", "1", "1", "0", "1" ],
            "Y": [ 213, 711, 712, 713, 714, 715, 716, 717, 718, 719, 720, 721, 722, 723, 724, 725, 726, 727, 728 ]
          }
        },
        "$sub$designs/62/top.sv:35$58": {
          "hide_name": 1,
          "type": "$sub",
          "parameters": {
            "A_SIGNED": "00000000000000000000000000000000",
            "A_WIDTH": "00000000000000000000000000010000",
            "B_SIGNED": "00000000000000000000000000000000",
            "B_WIDTH": "00000000000000000000000000010000",
            "Y_WIDTH": "00000000000000000000000000010000"
          },
          "attributes": {
            "src": "designs/62/top.sv:35.96-35.140"
          },
          "port_directions": {
            "A": "input",
            "B": "input",
            "Y": "output"
          },
          "connections": {
            "A": [ 61, 62, 63, 64, 65, 66, 67, 68, 69, 70, 71, 72, 73, 74, 75, 76 ],
            "B": [ "1", 360, 361, 362, "1", "1", 363, "1", "1", "0", "0", "1", "0", "1", "1", "1" ],
            "Y": [ 221, 222, 223, 224, 225, 226, 729, 730, 731, 732, 733, 734, 735, 736, 737, 738 ]
          }
        },
        "$sub$designs/62/top.sv:35$66": {
          "hide_name": 1,
          "type": "$sub",
          "parameters": {
            "A_SIGNED": "00000000000000000000000000000000",
            "A_WIDTH": "00000000000000000000000000001110",
            "B_SIGNED": "00000000000000000000000000000000",
            "B_WIDTH": "00000000000000000000000000001110",
            "Y_WIDTH": "00000000000000000000000000001110"
          },
          "attributes": {
            "src": "designs/62/top.sv:35.54-35.220"
          },
          "port_directions": {
            "A": "input",
            "B": "input",
            "Y": "output"
          },
          "connections": {
            "A": [ 492, 493, 494, 495, 496, 497, 498, 499, 500, 501, 502, 503, 504, 505 ],
            "B": [ "1", 360, 361, 362, "1", "1", 363, "1", "1", "0", "0", "1", "0", "1" ],
            "Y": [ 238, 239, 240, 241, 242, 243, 106, 107, 108, 109, 110, 111, 112, 113 ]
          }
        },
        "$sub$designs/62/top.sv:39$84": {
          "hide_name": 1,
          "type": "$sub",
          "parameters": {
            "A_SIGNED": "00000000000000000000000000000000",
            "A_WIDTH": "00000000000000000000000000011010",
            "B_SIGNED": "00000000000000000000000000000000",
            "B_WIDTH": "00000000000000000000000000011010",
            "Y_WIDTH": "00000000000000000000000000011010"
          },
          "attributes": {
            "src": "designs/62/top.sv:39.36-39.230"
          },
          "port_directions": {
            "A": "input",
            "B": "input",
            "Y": "output"
          },
          "connections": {
            "A": [ 373, "1", "1", "1", "1", "1", "1", "1", "1", "1", "1", "1", "1", "1", "1", "1", "1", "1", "1", "1", "1", "1", "1", "1", "1", "1" ],
            "B": [ 410, "1", "1", "1", "1", "1", "1", "1", "1", "1", "1", "1", "1", "1", "1", "1", "1", "1", "1", "1", "1", "1", "1", "1", "1", "1" ],
            "Y": [ 522, 523, 524, 525, 526, 527, 528, 529, 530, 531, 532, 533, 534, 535, 536, 537, 538, 539, 540, 541, 542, 543, 544, 545, 546, 547 ]
          }
        },
        "$sub$designs/62/top.sv:43$98": {
          "hide_name": 1,
          "type": "$sub",
          "parameters": {
            "A_SIGNED": "00000000000000000000000000000000",
            "A_WIDTH": "00000000000000000000000000011101",
            "B_SIGNED": "00000000000000000000000000000000",
            "B_WIDTH": "00000000000000000000000000000110",
            "Y_WIDTH": "00000000000000000000000000011110"
          },
          "attributes": {
            "src": "designs/62/top.sv:43.67-43.142"
          },
          "port_directions": {
            "A": "input",
            "B": "input",
            "Y": "output"
          },
          "connections": {
            "A": [ 579, 580, 581, 582, 583, 584, 585, 586, 587, 588, 589, 590, 591, 592, 593, 594, 595, 596, 597, 598, 599, 600, 601, 602, 603, 604, 605, 606, 607 ],
            "B": [ 227, 39, 40, 41, 42, 43 ],
            "Y": [ 608, 609, 610, 611, 612, 613, 614, 615, 616, 617, 618, 619, 620, 621, 622, 623, 624, 625, 626, 627, 628, 629, 630, 631, 632, 633, 634, 635, 636, 637 ]
          }
        },
        "$sub$designs/62/top.sv:44$113": {
          "hide_name": 1,
          "type": "$sub",
          "parameters": {
            "A_SIGNED": "00000000000000000000000000000000",
            "A_WIDTH": "00000000000000000000000000011000",
            "B_SIGNED": "00000000000000000000000000000000",
            "B_WIDTH": "00000000000000000000000000011001",
            "Y_WIDTH": "00000000000000000000000000011001"
          },
          "attributes": {
            "src": "designs/62/top.sv:44.53-44.149"
          },
          "port_directions": {
            "A": "input",
            "B": "input",
            "Y": "output"
          },
          "connections": {
            "A": [ 294, 295, 296, 297, 298, "0", "0", "0", "0", "0", "0", "0", "0", "0", "0", "0", "0", "0", "0", "0", "0", "0", "0", "0" ],
            "B": [ 387, 388, 389, "0", "0", 390, "0", "0", "1", "1", "0", "1", "0", "0", "0", "1", "1", "1", "1", "1", "1", "1", "1", "1", "1" ],
            "Y": [ 641, 642, 643, 644, 645, 646, 647, 648, 649, 650, 651, 652, 653, 654, 655, 656, 657, 658, 659, 660, 661, 662, 663, 664, 665 ]
          }
        },
        "$sub$designs/62/top.sv:44$118": {
          "hide_name": 1,
          "type": "$sub",
          "parameters": {
            "A_SIGNED": "00000000000000000000000000000000",
            "A_WIDTH": "00000000000000000000000000011010",
            "B_SIGNED": "00000000000000000000000000000000",
            "B_WIDTH": "00000000000000000000000000000110",
            "Y_WIDTH": "00000000000000000000000000011010"
          },
          "attributes": {
            "src": "designs/62/top.sv:44.34-44.188"
          },
          "port_directions": {
            "A": "input",
            "B": "input",
            "Y": "output"
          },
          "connections": {
            "A": [ 381, 382, 383, 384, 385, 386, "1", "1", "1", "1", "1", "1", "1", "1", "1", "1", "1", "1", "1", "1", "1", "1", "1", "1", "1", "1" ],
            "B": [ 2, 3, 4, 5, 6, 7 ],
            "Y": [ 146, 147, 148, 149, 150, 151, 152, 153, 154, 155, 156, 157, 158, 159, 160, 161, 162, 163, 164, 165, 166, 167, 168, 169, 170, 171 ]
          }
        }
      },
      "netnames": {
        "$add$designs/62/top.sv:28$22_Y": {
          "hide_name": 1,
          "bits": [ 9, 10, 11, 12, 13, 14, 15, "0", "0", "0", "0", "0", "0", "0", "0", "0", "0", "0", "0", "0", "0", "0", "0", "0", "0" ],
          "attributes": {
            "src": "designs/62/top.sv:28.44-28.68"
          }
        },
        "$add$designs/62/top.sv:28$23_Y": {
          "hide_name": 1,
          "bits": [ 16, 17, 18, 19, 20, 21, 22, 23, "0", "0", "0", "0", "0", "0", "0", "0", "0", "0", "0", "0", "0", "0", "0", "0", "0" ],
          "attributes": {
            "src": "designs/62/top.sv:28.35-28.83",
            "unused_bits": "1 2 3 4 5 6 7"
          }
        },
        "$add$designs/62/top.sv:28$27_Y": {
          "hide_name": 1,
          "bits": [ 26, 27, 28, 29, 30, 31, 32, 33, 34, 35, 36, 37, "0", "0", "0", "0", "0", "0", "0", "0", "0", "0", "0", "0", "0" ],
          "attributes": {
            "src": "designs/62/top.sv:28.31-28.129",
            "unused_bits": "1 2 3 4 5 6 7 8 9 10 11"
          }
        },
        "$add$designs/62/top.sv:30$30_Y": {
          "hide_name": 1,
          "bits": [ 38, 39, 40, 41, 42, 43, 739, "0", "0" ],
          "attributes": {
            "src": "designs/62/top.sv:30.42-30.61",
            "unused_bits": "6"
          }
        },
        "$add$designs/62/top.sv:33$50_Y": {
          "hide_name": 1,
          "bits": [ 45, 46, 47, 48, 49, 50, 51, 52, 53 ],
          "attributes": {
            "src": "designs/62/top.sv:33.69-33.100"
          }
        },
        "$add$designs/62/top.sv:35$57_Y": {
          "hide_name": 1,
          "bits": [ 61, 62, 63, 64, 65, 66, 67, 68, 69, 70, 71, 72, 73, 74, 75, 76 ],
          "attributes": {
            "src": "designs/62/top.sv:35.97-35.130"
          }
        },
        "$add$designs/62/top.sv:35$64_Y": {
          "hide_name": 1,
          "bits": [ 83, 84, 85, 86, 87, 88, 89, 90, 91, 92, 93, 94, 95, 96, 97, 98 ],
          "attributes": {
            "src": "designs/62/top.sv:35.66-35.199"
          }
        },
        "$add$designs/62/top.sv:39$73_Y": {
          "hide_name": 1,
          "bits": [ 114, 115, 116, 117, 118, 119, 120, 121, 122, 123, 124, 125, 126, 127 ],
          "attributes": {
            "src": "designs/62/top.sv:39.89-39.145"
          }
        },
        "$add$designs/62/top.sv:39$75_Y": {
          "hide_name": 1,
          "bits": [ 129, 130, 131, 132, 133, 134, 135, 136, 137, 138, 139, 140, 141, 142, 143, "0", "0", "0", "0", "0", "0", "0", "0", "0", "0", "0" ],
          "attributes": {
            "src": "designs/62/top.sv:39.77-39.166",
            "unused_bits": "0 4 5 7 8 11 13 14"
          }
        },
        "$add$designs/62/top.sv:43$96_Y": {
          "hide_name": 1,
          "bits": [ 144, 145, "0", "0", "0", "0", "0", "0", "0", "0", "0", "0", "0", "0", "0", "0", "0", "0", "0", "0" ],
          "attributes": {
            "src": "designs/62/top.sv:43.87-43.119"
          }
        },
        "$and$designs/62/top.sv:27$13_Y": {
          "hide_name": 1,
          "bits": [ 207, "0", 208, "0", "0", "0", "0", "0", "0", "0", "0", "0", "0", "0", "0", "0", "0", "0", "0", "0", "0", "0", "0", "0", "0" ],
          "attributes": {
            "src": "designs/62/top.sv:27.65-27.261"
          }
        },
        "$and$designs/62/top.sv:28$25_Y": {
          "hide_name": 1,
          "bits": [ 211, "0", "0", "0", "0", "0", "0", "0", "0", "0", "0", "0", "0", "0", "0", "0", "0", "0", "0", "0", "0", "0", "0", "0", "0" ],
          "attributes": {
            "src": "designs/62/top.sv:28.33-28.105"
          }
        },
        "$and$designs/62/top.sv:35$60_Y": {
          "hide_name": 1,
          "bits": [ 234, 235, 200, 201, 202, 203, "0", "0", "0", "0", "0", "0", "0", "0", "0", "0" ],
          "attributes": {
            "src": "designs/62/top.sv:35.84-35.165"
          }
        },
        "$and$designs/62/top.sv:39$71_Y": {
          "hide_name": 1,
          "bits": [ 199, "0", "0", "0", "0", "0", "0", "0", "0", "0", "0", "0", "0", "0" ],
          "attributes": {
            "src": "designs/62/top.sv:39.91-39.125"
          }
        },
        "$and$designs/62/top.sv:39$72_Y": {
          "hide_name": 1,
          "bits": [ 99, "0", "0", "0", "0", "0", "0", "0", "0", "0", "0", "0", "0", "0" ],
          "attributes": {
            "src": "designs/62/top.sv:39.90-39.135"
          }
        },
        "$and$designs/62/top.sv:44$108_Y": {
          "hide_name": 1,
          "bits": [ 391, 364, 365, 366, 392, 393, 367, 394, 395, "0", "0", 396, "0", "0", "0", "0", "0", "0", "0", "0", "0", "0", "0", "0", "0", "0" ],
          "attributes": {
            "src": "designs/62/top.sv:44.66-44.114"
          }
        },
        "$and$designs/62/top.sv:44$110_Y": {
          "hide_name": 1,
          "bits": [ 293, 294, 295, 296, 297, 298, "0", "0", "0", "0", "0", "0", "0", "0", "0", "0", "0", "0", "0", "0", "0", "0", "0", "0", "0", "0" ],
          "attributes": {
            "src": "designs/62/top.sv:44.64-44.135"
          }
        },
        "$auto$opt_expr.cc:205:group_cell_inputs$159": {
          "hide_name": 1,
          "bits": [ 55, 56, 57, 58, 59, 60 ],
          "attributes": {
          }
        },
        "$auto$opt_expr.cc:205:group_cell_inputs$170": {
          "hide_name": 1,
          "bits": [ 204, 205, 206 ],
          "attributes": {
            "unused_bits": "1 "
          }
        },
        "$auto$opt_expr.cc:205:group_cell_inputs$186": {
          "hide_name": 1,
          "bits": [ 210 ],
          "attributes": {
          }
        },
        "$auto$opt_expr.cc:205:group_cell_inputs$193": {
          "hide_name": 1,
          "bits": [ 24, 3, 4, 5, 6, 7 ],
          "attributes": {
          }
        },
        "$auto$opt_expr.cc:205:group_cell_inputs$200": {
          "hide_name": 1,
          "bits": [ 368, 3, 4, 5, 6, 7 ],
          "attributes": {
          }
        },
        "$auto$opt_expr.cc:205:group_cell_inputs$203": {
          "hide_name": 1,
          "bits": [ 214 ],
          "attributes": {
          }
        },
        "$auto$opt_expr.cc:205:group_cell_inputs$205": {
          "hide_name": 1,
          "bits": [ 711, 712, 713, 714, 715, 716, 717, 718, 719, 720, 721, 722, 723, 724, 725, 726, 727, 728 ],
          "attributes": {
          }
        },
        "$auto$opt_expr.cc:205:group_cell_inputs$210": {
          "hide_name": 1,
          "bits": [ 217 ],
          "attributes": {
          }
        },
        "$auto$opt_expr.cc:205:group_cell_inputs$217": {
          "hide_name": 1,
          "bits": [ 219 ],
          "attributes": {
          }
        },
        "$auto$opt_expr.cc:205:group_cell_inputs$223": {
          "hide_name": 1,
          "bits": [ 44 ],
          "attributes": {
          }
        },
        "$auto$opt_expr.cc:205:group_cell_inputs$234": {
          "hide_name": 1,
          "bits": [ 228, 229, 230, 231, 232, 233 ],
          "attributes": {
          }
        },
        "$auto$opt_expr.cc:205:group_cell_inputs$236": {
          "hide_name": 1,
          "bits": [ 729, 730, 731, 732, 733, 734, 735, 736, 737, 738 ],
          "attributes": {
            "unused_bits": "0 1 2 3 4 5 6 7 8 9"
          }
        },
        "$auto$opt_expr.cc:205:group_cell_inputs$241": {
          "hide_name": 1,
          "bits": [ 236, 237 ],
          "attributes": {
          }
        },
        "$auto$opt_expr.cc:205:group_cell_inputs$245": {
          "hide_name": 1,
          "bits": [ 244, 245, 246, 103, 104, 105 ],
          "attributes": {
          }
        },
        "$auto$opt_expr.cc:205:group_cell_inputs$255": {
          "hide_name": 1,
          "bits": [ 128 ],
          "attributes": {
          }
        },
        "$auto$opt_expr.cc:205:group_cell_inputs$258": {
          "hide_name": 1,
          "bits": [ "1", 369, 370, 371, "1", "1", 372, "1", "1", 138, 139, "1", 141, "1", "1" ],
          "attributes": {
          }
        },
        "$auto$opt_expr.cc:205:group_cell_inputs$261": {
          "hide_name": 1,
          "bits": [ 255, 256, 257, 258, 259, 260 ],
          "attributes": {
            "unused_bits": "1 2 3 4 5"
          }
        },
        "$auto$opt_expr.cc:205:group_cell_inputs$263": {
          "hide_name": 1,
          "bits": [ 506, 507, 508, 509, 510, 511, 512, 513, 514, 515, 516, 517, 518, 519, 520, 521 ],
          "attributes": {
            "unused_bits": "0 1 2 3 4 5 6 7 8 9 10 11 12 13 14 15"
          }
        },
        "$auto$opt_expr.cc:205:group_cell_inputs$268": {
          "hide_name": 1,
          "bits": [ 373, "1", "1", "1", "1", "1", "1", "1", "1", "1", "1", "1", "1", "1", "1", "1", "1", "1", "1", "1", "1", "1" ],
          "attributes": {
          }
        },
        "$auto$opt_expr.cc:205:group_cell_inputs$271": {
          "hide_name": 1,
          "bits": [ 410, "1", "1", "1", "1", "1", "1", "1", "1" ],
          "attributes": {
          }
        },
        "$auto$opt_expr.cc:205:group_cell_inputs$275": {
          "hide_name": 1,
          "bits": [ "0", 387, 388, 389, "0", "0", 390, "0", "0", "1", "1", "0", "1", "0", "0", "0" ],
          "attributes": {
          }
        },
        "$auto$opt_expr.cc:205:group_cell_inputs$289": {
          "hide_name": 1,
          "bits": [ 263, 264 ],
          "attributes": {
          }
        },
        "$auto$opt_expr.cc:205:group_cell_inputs$291": {
          "hide_name": 1,
          "bits": [ 265, 266, 267, 268, 548, 549, 550, 551, 552, 553, 554, 555, 556, 557, 558, 559, 560, 561, 562, 563, 564, 565, 566, 567, 568, 569, 570, 571 ],
          "attributes": {
          }
        },
        "$auto$opt_expr.cc:205:group_cell_inputs$292": {
          "hide_name": 1,
          "bits": [ 269, 270, 271, 272, 273, 274 ],
          "attributes": {
          }
        },
        "$auto$opt_expr.cc:205:group_cell_inputs$295": {
          "hide_name": 1,
          "bits": [ 281, 282, 283, 284, 285, 286 ],
          "attributes": {
          }
        },
        "$auto$opt_expr.cc:205:group_cell_inputs$297": {
          "hide_name": 1,
          "bits": [ 412, 403, 404, 413, 572, 405, 414, 573, 574, 415, 575, 416, 576, 417, 577, 418, 419, 420, 578 ],
          "attributes": {
            "unused_bits": "4 7 8 10 12 14 18"
          }
        },
        "$auto$opt_expr.cc:205:group_cell_inputs$307": {
          "hide_name": 1,
          "bits": [ 287, 288, 289, 290, 291, 292, 406, 407, 408, 421, 572, 409, 422, 573, 574, 423 ],
          "attributes": {
            "unused_bits": "6 7 8 9 10 11 12 13 14 15"
          }
        },
        "$auto$opt_expr.cc:205:group_cell_inputs$347": {
          "hide_name": 1,
          "bits": [ 326, 327, 328, 329, 330, 331, 332, 333, 334, 335, 336, 337, 338, 339, 340, 341, 342, 343, 344, 345, 346, 347, 348, 349, 350, 351, 352 ],
          "attributes": {
          }
        },
        "$auto$opt_expr.cc:205:group_cell_inputs$355": {
          "hide_name": 1,
          "bits": [ 354 ],
          "attributes": {
          }
        },
        "$auto$opt_expr.cc:205:group_cell_inputs$389": {
          "hide_name": 1,
          "bits": [ 77, 78 ],
          "attributes": {
          }
        },
        "$auto$opt_expr.cc:205:group_cell_inputs$391": {
          "hide_name": 1,
          "bits": [ 79, 80, 81, 82 ],
          "attributes": {
          }
        },
        "$auto$opt_expr.cc:205:group_cell_inputs$417": {
          "hide_name": 1,
          "bits": [ 381, 382, 383, 384, 385, 386 ],
          "attributes": {
          }
        },
        "$auto$opt_expr.cc:205:group_cell_inputs$425": {
          "hide_name": 1,
          "bits": [ 411, "1", "1", "1", "1", "1", "1", "1", "1" ],
          "attributes": {
          }
        },
        "$ge$designs/62/top.sv:27$19_Y": {
          "hide_name": 1,
          "bits": [ 429 ],
          "attributes": {
            "src": "designs/62/top.sv:27.31-27.322"
          }
        },
        "$ge$designs/62/top.sv:50$149_Y": {
          "hide_name": 1,
          "bits": [ 355 ],
          "attributes": {
            "src": "designs/62/top.sv:50.38-50.237"
          }
        },
        "$gt$designs/62/top.sv:31$40_Y": {
          "hide_name": 1,
          "bits": [ 215, "0", "0" ],
          "attributes": {
            "src": "designs/62/top.sv:31.81-31.201"
          }
        },
        "$gt$designs/62/top.sv:50$143_Y": {
          "hide_name": 1,
          "bits": [ 353 ],
          "attributes": {
            "src": "designs/62/top.sv:50.67-50.195"
          }
        },
        "$le$designs/62/top.sv:31$43_Y": {
          "hide_name": 1,
          "bits": [ 218 ],
          "attributes": {
            "src": "designs/62/top.sv:31.60-31.234"
          }
        },
        "$lt$designs/62/top.sv:31$47_Y": {
          "hide_name": 1,
          "bits": [ 220 ],
          "attributes": {
            "src": "designs/62/top.sv:31.31-31.275"
          }
        },
        "$lt$designs/62/top.sv:50$142_Y": {
          "hide_name": 1,
          "bits": [ 431 ],
          "attributes": {
            "src": "designs/62/top.sv:50.78-50.184"
          }
        },
        "$mul$designs/62/top.sv:31$34_Y": {
          "hide_name": 1,
          "bits": [ 460, 461, 462, 463, 464, 465, 466, 467, 468, 469, 470, 471, 472, 473, 474, 475, 476, 477, "0", "0", "0", "0", "0", "0", "0" ],
          "attributes": {
            "src": "designs/62/top.sv:31.105-31.149"
          }
        },
        "$mul$designs/62/top.sv:31$46_Y": {
          "hide_name": 1,
          "bits": [ 435, 436, 437, 438, 439, 440, 441, 442, 443, 444, 445, 446, 447, 448, 449, 450, 451, 452, 453, 454, 455, 456, 457, 458, 459 ],
          "attributes": {
            "src": "designs/62/top.sv:31.42-31.259"
          }
        },
        "$mul$designs/62/top.sv:33$51_Y": {
          "hide_name": 1,
          "bits": [ 478, 479, 480, 481, 482, 483, 484, 485, 486 ],
          "attributes": {
            "src": "designs/62/top.sv:33.60-33.115"
          }
        },
        "$mul$designs/62/top.sv:33$52_Y": {
          "hide_name": 1,
          "bits": [ 487, 360, 361, 362, 488, 489, 363, 490, 491 ],
          "attributes": {
            "src": "designs/62/top.sv:33.49-33.126",
            "unused_bits": "0 4 5 7 8"
          }
        },
        "$mul$designs/62/top.sv:35$65_Y": {
          "hide_name": 1,
          "bits": [ 492, 493, 494, 495, 496, 497, 498, 499, 500, 501, 502, 503, 504, 505, 740, 741 ],
          "attributes": {
            "src": "designs/62/top.sv:35.55-35.210",
            "unused_bits": "14 15"
          }
        },
        "$mul$designs/62/top.sv:39$77_Y": {
          "hide_name": 1,
          "bits": [ 249, 250, 251, 252, 253, 254, 506, 507, 508, 509, 510, 511, 512, 513, 514, 515, 516, 517, 518, 519, 520, 521, "0", "0", "0", "0" ],
          "attributes": {
            "src": "designs/62/top.sv:39.57-39.188",
            "unused_bits": "6 7 8 9 10 11 12 13 14 15 16 17 18 19 20 21"
          }
        },
        "$mul$designs/62/top.sv:43$102_Y": {
          "hide_name": 1,
          "bits": [ 275, 276, 277, 278, 279, 280, 412, 403, 404, 413, 572, 405, 414, 573, 574, 415, 575, 416, 576, 417, 577, 418, 419, 420, 578, 742, 743, 744, 745, 746 ],
          "attributes": {
            "src": "designs/62/top.sv:43.45-43.189",
            "unused_bits": "10 13 14 16 18 20 24 25 26 27 28 29"
          }
        },
        "$mul$designs/62/top.sv:43$97_Y": {
          "hide_name": 1,
          "bits": [ 579, 580, 581, 582, 583, 584, 585, 586, 587, 588, 589, 590, 591, 592, 593, 594, 595, 596, 597, 598, 599, 600, 601, 602, 603, 604, 605, 606, 607, "0" ],
          "attributes": {
            "src": "designs/62/top.sv:43.76-43.131"
          }
        },
        "$mul$designs/62/top.sv:43$99_Y": {
          "hide_name": 1,
          "bits": [ 261, 262, 265, 266, 267, 268, 548, 549, 550, 551, 552, 553, 554, 555, 556, 557, 558, 559, 560, 561, 562, 563, 564, 565, 566, 567, 568, 569, 570, 571 ],
          "attributes": {
            "src": "designs/62/top.sv:43.66-43.157"
          }
        },
        "$mul$designs/62/top.sv:44$107_Y": {
          "hide_name": 1,
          "bits": [ 391, 356, 357, 358, 392, 393, 359, 394, 395, 638, 639, 396, 640, "0", "0", "0", "0", "0", "0", "0", "0", "0", "0", "0", "0", "0" ],
          "attributes": {
            "src": "designs/62/top.sv:44.77-44.103",
            "unused_bits": "9 10 12"
          }
        },
        "$mul$designs/62/top.sv:44$114_Y": {
          "hide_name": 1,
          "bits": [ 375, 376, 377, 378, 379, 380, 666, 667, 668, 669, 670, 671, 672, 673, 674, 675, 676, 677, 678, 679, 680, 681, 682, 683, 684, 685 ],
          "attributes": {
            "src": "designs/62/top.sv:44.44-44.160",
            "unused_bits": "6 7 8 9 10 11 12 13 14 15 16 17 18 19 20 21 22 23 24 25"
          }
        },
        "$ne$designs/62/top.sv:27$16_Y": {
          "hide_name": 1,
          "bits": [ 209 ],
          "attributes": {
            "src": "designs/62/top.sv:27.53-27.290"
          }
        },
        "$ne$designs/62/top.sv:31$39_Y": {
          "hide_name": 1,
          "bits": [ 430 ],
          "attributes": {
            "src": "designs/62/top.sv:31.92-31.190"
          }
        },
        "$or$designs/62/top.sv:31$42_Y": {
          "hide_name": 1,
          "bits": [ 432, 433, 434 ],
          "attributes": {
            "src": "designs/62/top.sv:31.69-31.222"
          }
        },
        "$sub$designs/62/top.sv:27$14_Y": {
          "hide_name": 1,
          "bits": [ 686, 687, 688, 689, 690, 691, 692, 693, 694, 695, 696, 697, 698, 699, 700, 701, 702, 703, 704, 705, 706, 707, 708, 709, 710 ],
          "attributes": {
            "src": "designs/62/top.sv:27.64-27.275"
          }
        },
        "$sub$designs/62/top.sv:31$35_Y": {
          "hide_name": 1,
          "bits": [ 213, 711, 712, 713, 714, 715, 716, 717, 718, 719, 720, 721, 722, 723, 724, 725, 726, 727, 728, 728, 728, 728, 728, 728, 728 ],
          "attributes": {
            "src": "designs/62/top.sv:31.104-31.159"
          }
        },
        "$sub$designs/62/top.sv:35$58_Y": {
          "hide_name": 1,
          "bits": [ 221, 222, 223, 224, 225, 226, 729, 730, 731, 732, 733, 734, 735, 736, 737, 738 ],
          "attributes": {
            "src": "designs/62/top.sv:35.96-35.140",
            "unused_bits": "6 7 8 9 10 11 12 13 14 15"
          }
        },
        "$sub$designs/62/top.sv:35$66_Y": {
          "hide_name": 1,
          "bits": [ 238, 239, 240, 241, 242, 243, 106, 107, 108, 109, 110, 111, 112, 113, 747, 748 ],
          "attributes": {
            "src": "designs/62/top.sv:35.54-35.220",
            "unused_bits": "14 15"
          }
        },
        "$sub$designs/62/top.sv:39$84_Y": {
          "hide_name": 1,
          "bits": [ 522, 523, 524, 525, 526, 527, 528, 529, 530, 531, 532, 533, 534, 535, 536, 537, 538, 539, 540, 541, 542, 543, 544, 545, 546, 547 ],
          "attributes": {
            "src": "designs/62/top.sv:39.36-39.230"
          }
        },
        "$sub$designs/62/top.sv:43$98_Y": {
          "hide_name": 1,
          "bits": [ 608, 609, 610, 611, 612, 613, 614, 615, 616, 617, 618, 619, 620, 621, 622, 623, 624, 625, 626, 627, 628, 629, 630, 631, 632, 633, 634, 635, 636, 637 ],
          "attributes": {
            "src": "designs/62/top.sv:43.67-43.142"
          }
        },
        "$sub$designs/62/top.sv:44$113_Y": {
          "hide_name": 1,
          "bits": [ 293, 641, 642, 643, 644, 645, 646, 647, 648, 649, 650, 651, 652, 653, 654, 655, 656, 657, 658, 659, 660, 661, 662, 663, 664, 665 ],
          "attributes": {
            "src": "designs/62/top.sv:44.53-44.149"
          }
        },
        "$sub$designs/62/top.sv:44$118_Y": {
          "hide_name": 1,
          "bits": [ 146, 147, 148, 149, 150, 151, 152, 153, 154, 155, 156, 157, 158, 159, 160, 161, 162, 163, 164, 165, 166, 167, 168, 169, 170, 171 ],
          "attributes": {
            "src": "designs/62/top.sv:44.34-44.188"
          }
        },
        "expr_202684": {
          "hide_name": 0,
          "bits": [ 299, 300, 301, 302, 303, 304, 305, 306, 307, 308, 309, 310, 311, 312, 313, 314, 315, 316, 317, 318, 319, 320, 321, 322, 323, 324, 325, "0", "0", "0", "x", "x", "x", "x" ],
          "attributes": {
            "src": "designs/62/top.sv:38.18-38.29"
          }
        },
        "expr_420250": {
          "hide_name": 0,
          "bits": [ "1", 360, 361, 362, "1", "1", 363, "1", "1", "0", "0", "1", "0", "1", "1", "1", "x", "x" ],
          "attributes": {
            "src": "designs/62/top.sv:32.18-32.29"
          }
        },
        "input_data": {
          "hide_name": 0,
          "bits": [ 2, 3, 4, 5, 6, 7 ],
          "attributes": {
            "src": "designs/62/top.sv:2.17-2.27"
          }
        },
        "output_data": {
          "hide_name": 0,
          "bits": [ 8, 4, "0", "0", "0", "0", "0", "0", "0", "0", "0", "0", "0", "0", "0", "0", "0", "0", "0", "0", "0", "0", "0", "0" ],
          "attributes": {
            "src": "designs/62/top.sv:3.19-3.30"
          }
        },
        "temp_1": {
          "hide_name": 0,
          "bits": [ 25, "0", "0", "0", "0", "0", "0", "0", "0" ],
          "attributes": {
            "src": "designs/62/top.sv:7.17-7.23"
          }
        },
        "temp_13": {
          "hide_name": 0,
          "bits": [ 374, 397, 398, 399, 401, 402, 400, 403, 404, 421, 572, 405, 422, 573, 574, 423, 575, 424, 576, 425, 577, 426, 427, 428, 578 ],
          "attributes": {
            "src": "designs/62/top.sv:19.18-19.25",
            "unused_bits": "9 10 12 13 14 15 16 17 18 19 20 21 22 23 24"
          }
        },
        "temp_14": {
          "hide_name": 0,
          "bits": [ 172, 173, 174, 175, 176, 177, 178, 179, 180, 181, 182, 183, 184, 185, 186, 187, 188, 189, 190, 191, 192, 193, 194, 195, 196, 197, 198, "0", "0", "0", "0", "0" ],
          "attributes": {
            "src": "designs/62/top.sv:20.18-20.25"
          }
        },
        "temp_2": {
          "hide_name": 0,
          "bits": [ 212, "0", "0", "0", "0", "0", "0", "0", "0", "0", "0", "0", "0" ],
          "attributes": {
            "src": "designs/62/top.sv:8.18-8.24"
          }
        },
        "temp_3": {
          "hide_name": 0,
          "bits": [ 216, 247, 248 ],
          "attributes": {
            "src": "designs/62/top.sv:9.17-9.23"
          }
        },
        "temp_4": {
          "hide_name": 0,
          "bits": [ 227, 39, 40, 41, 42, 43 ],
          "attributes": {
            "src": "designs/62/top.sv:10.17-10.23"
          }
        },
        "temp_5": {
          "hide_name": 0,
          "bits": [ 54, "0", "0", "0", "0", "0", "0", "0", "0" ],
          "attributes": {
            "src": "designs/62/top.sv:11.17-11.23"
          }
        },
        "temp_7": {
          "hide_name": 0,
          "bits": [ 100, 101, 102, 103, 104, 105, 106, 107, 108, 109, 110, 111, 112, 113 ],
          "attributes": {
            "src": "designs/62/top.sv:13.18-13.24"
          }
        }
      }
    }
  }
}
