{
  "creator": "Yosys 0.60 (git sha1 5bafeb77dc71e054fa331ab9efa613e6fb0a1c49, clang++ 17.0.0 -fPIC -O3)",
  "modules": {
    "top": {
      "attributes": {
        "top": "00000000000000000000000000000001",
        "src": "designs/117/top.sv:1.1-28.10"
      },
      "ports": {
        "input_data": {
          "direction": "input",
          "bits": [ 2, 3, 4, 5, 6, 7 ]
        },
        "output_data": {
          "direction": "output",
          "bits": [ 8, 9, 10, 11, 12, 13, 14, 15, 16, 17, 18, 19, 20, 21, 22, 23, 24, 25, 26, 27 ]
        }
      },
      "cells": {
        "$add$designs/117/top.sv:18$2": {
          "hide_name": 1,
          "type": "$add",
          "parameters": {
            "A_SIGNED": "00000000000000000000000000000000",
            "A_WIDTH": "00000000000000000000000000000110",
            "B_SIGNED": "00000000000000000000000000000000",
            "B_WIDTH": "00000000000000000000000000000110",
            "Y_WIDTH": "00000000000000000000000000000111"
          },
          "attributes": {
            "src": "designs/117/top.sv:18.22-18.56"
          },
          "port_directions": {
            "A": "input",
            "B": "input",
            "Y": "output"
          },
          "connections": {
            "A": [ 28, 29, 30, 31, 32, 33 ],
            "B": [ 2, 3, 4, 5, 6, 7 ],
            "Y": [ 34, 35, 36, 37, 38, 39, 40 ]
          }
        },
        "$add$designs/117/top.sv:23$17": {
          "hide_name": 1,
          "type": "$add",
          "parameters": {
            "A_SIGNED": "00000000000000000000000000000000",
            "A_WIDTH": "00000000000000000000000000011010",
            "B_SIGNED": "00000000000000000000000000000000",
            "B_WIDTH": "00000000000000000000000000000001",
            "Y_WIDTH": "00000000000000000000000000011010"
          },
          "attributes": {
            "src": "designs/117/top.sv:23.22-23.69"
          },
          "port_directions": {
            "A": "input",
            "B": "input",
            "Y": "output"
          },
          "connections": {
            "A": [ 41, 42, 43, 44, 45, 46, 47, 48, 49, 50, 51, 52, 53, 54, 55, 56, 57, 58, 59, 60, 61, 62, 63, 64, 65, 66 ],
            "B": [ 67 ],
            "Y": [ 68, 69, 70, 71, 72, 73, 74, 75, 76, 77, 78, 79, 80, 81, 82, 83, 84, 85, 86, 87, 88, 89, 90, 91, 92, 93 ]
          }
        },
        "$and$designs/117/top.sv:18$1": {
          "hide_name": 1,
          "type": "$and",
          "parameters": {
            "A_SIGNED": "00000000000000000000000000000000",
            "A_WIDTH": "00000000000000000000000000000110",
            "B_SIGNED": "00000000000000000000000000000000",
            "B_WIDTH": "00000000000000000000000000000110",
            "Y_WIDTH": "00000000000000000000000000000110"
          },
          "attributes": {
            "src": "designs/117/top.sv:18.23-18.42"
          },
          "port_directions": {
            "A": "input",
            "B": "input",
            "Y": "output"
          },
          "connections": {
            "A": [ 2, 3, 4, 5, 6, 7 ],
            "B": [ 2, 3, 4, 5, 6, 7 ],
            "Y": [ 28, 29, 30, 31, 32, 33 ]
          }
        },
        "$auto$opt_expr.cc:276:group_cell_inputs$34": {
          "hide_name": 1,
          "type": "$not",
          "parameters": {
            "A_SIGNED": "00000000000000000000000000000000",
            "A_WIDTH": "00000000000000000000000000000110",
            "Y_WIDTH": "00000000000000000000000000000110"
          },
          "attributes": {
          },
          "port_directions": {
            "A": "input",
            "Y": "output"
          },
          "connections": {
            "A": [ 2, 3, 4, 5, 6, 7 ],
            "Y": [ 94, 95, 96, 97, 98, 99 ]
          }
        },
        "$auto$opt_expr.cc:276:group_cell_inputs$38": {
          "hide_name": 1,
          "type": "$xor",
          "parameters": {
            "A_SIGNED": "00000000000000000000000000000000",
            "A_WIDTH": "00000000000000000000000000000100",
            "B_SIGNED": "00000000000000000000000000000000",
            "B_WIDTH": "00000000000000000000000000000100",
            "Y_WIDTH": "00000000000000000000000000000100"
          },
          "attributes": {
          },
          "port_directions": {
            "A": "input",
            "B": "input",
            "Y": "output"
          },
          "connections": {
            "A": [ 4, 5, 6, 7 ],
            "B": [ 94, 95, 96, 97 ],
            "Y": [ 100, 101, 102, 103 ]
          }
        },
        "$auto$opt_expr.cc:276:group_cell_inputs$41": {
          "hide_name": 1,
          "type": "$and",
          "parameters": {
            "A_SIGNED": "00000000000000000000000000000000",
            "A_WIDTH": "00000000000000000000000000000011",
            "B_SIGNED": "00000000000000000000000000000000",
            "B_WIDTH": "00000000000000000000000000000011",
            "Y_WIDTH": "00000000000000000000000000000011"
          },
          "attributes": {
          },
          "port_directions": {
            "A": "input",
            "B": "input",
            "Y": "output"
          },
          "connections": {
            "A": [ 34, 35, 36 ],
            "B": [ 2, 3, 4 ],
            "Y": [ 104, 105, 106 ]
          }
        },
        "$auto$opt_expr.cc:276:group_cell_inputs$51": {
          "hide_name": 1,
          "type": "$or",
          "parameters": {
            "A_SIGNED": "00000000000000000000000000000000",
            "A_WIDTH": "00000000000000000000000000000101",
            "B_SIGNED": "00000000000000000000000000000000",
            "B_WIDTH": "00000000000000000000000000000101",
            "Y_WIDTH": "00000000000000000000000000000101"
          },
          "attributes": {
          },
          "port_directions": {
            "A": "input",
            "B": "input",
            "Y": "output"
          },
          "connections": {
            "A": [ 107, 108, 109, 110, 111 ],
            "B": [ 2, 3, 4, 5, 6 ],
            "Y": [ 41, 42, 43, 44, 45 ]
          }
        },
        "$auto$opt_expr.cc:276:group_cell_inputs$54": {
          "hide_name": 1,
          "type": "$not",
          "parameters": {
            "A_SIGNED": "00000000000000000000000000000000",
            "A_WIDTH": "00000000000000000000000000000110",
            "Y_WIDTH": "00000000000000000000000000000110"
          },
          "attributes": {
          },
          "port_directions": {
            "A": "input",
            "Y": "output"
          },
          "connections": {
            "A": [ 112, 113, 114, 115, 116, 117 ],
            "Y": [ 118, 119, 120, 121, 122, 123 ]
          }
        },
        "$auto$opt_expr.cc:276:group_cell_inputs$68": {
          "hide_name": 1,
          "type": "$or",
          "parameters": {
            "A_SIGNED": "00000000000000000000000000000000",
            "A_WIDTH": "00000000000000000000000000000001",
            "B_SIGNED": "00000000000000000000000000000000",
            "B_WIDTH": "00000000000000000000000000000001",
            "Y_WIDTH": "00000000000000000000000000000001"
          },
          "attributes": {
          },
          "port_directions": {
            "A": "input",
            "B": "input",
            "Y": "output"
          },
          "connections": {
            "A": [ 124 ],
            "B": [ 115 ],
            "Y": [ 125 ]
          }
        },
        "$le$designs/117/top.sv:22$12": {
          "hide_name": 1,
          "type": "$le",
          "parameters": {
            "A_SIGNED": "00000000000000000000000000000000",
            "A_WIDTH": "00000000000000000000000000011111",
            "B_SIGNED": "00000000000000000000000000000000",
            "B_WIDTH": "00000000000000000000000000001010",
            "Y_WIDTH": "00000000000000000000000000000001"
          },
          "attributes": {
            "src": "designs/117/top.sv:22.22-22.77"
          },
          "port_directions": {
            "A": "input",
            "B": "input",
            "Y": "output"
          },
          "connections": {
            "A": [ 126, 127, 128, 129, 130, 131, 132, 133, 134, 135, 136, 137, 138, 139, 140, 141, 142, 143, 144, 145, 146, 147, 148, 149, 150, 151, 152, 153, 154, 155, 156 ],
            "B": [ "0", "1", "1", "1", "1", "1", "0", "0", "0", "1" ],
            "Y": [ 67 ]
          }
        },
        "$mul$designs/117/top.sv:20$7": {
          "hide_name": 1,
          "type": "$mul",
          "parameters": {
            "A_SIGNED": "00000000000000000000000000000000",
            "A_WIDTH": "00000000000000000000000000011000",
            "B_SIGNED": "00000000000000000000000000000000",
            "B_WIDTH": "00000000000000000000000000000111",
            "Y_WIDTH": "00000000000000000000000000000110"
          },
          "attributes": {
            "src": "designs/117/top.sv:20.22-20.71"
          },
          "port_directions": {
            "A": "input",
            "B": "input",
            "Y": "output"
          },
          "connections": {
            "A": [ 100, 101, 102, 103, 98, 99, "1", "1", "1", "1", "1", "1", "1", "1", "1", "1", "1", "1", "1", "1", "1", "1", "1", "1" ],
            "B": [ 34, 35, 36, 37, 38, 39, 40 ],
            "Y": [ 112, 113, 114, 115, 116, 117 ]
          }
        },
        "$mul$designs/117/top.sv:22$11": {
          "hide_name": 1,
          "type": "$mul",
          "parameters": {
            "A_SIGNED": "00000000000000000000000000000000",
            "A_WIDTH": "00000000000000000000000000000111",
            "B_SIGNED": "00000000000000000000000000000000",
            "B_WIDTH": "00000000000000000000000000011111",
            "Y_WIDTH": "00000000000000000000000000011111"
          },
          "attributes": {
            "src": "designs/117/top.sv:22.23-22.66"
          },
          "port_directions": {
            "A": "input",
            "B": "input",
            "Y": "output"
          },
          "connections": {
            "A": [ 104, 105, 106, "0", "0", "0", "0" ],
            "B": [ 118, 119, 120, 121, 122, 123, "1", "1", "1", "1", "1", "1", "1", "1", "1", "1", "1", "1", "1", "1", "1", "1", "1", "1", "1", "1", "1", "1", "1", "1", "1" ],
            "Y": [ 126, 127, 128, 129, 130, 131, 132, 133, 134, 135, 136, 137, 138, 139, 140, 141, 142, 143, 144, 145, 146, 147, 148, 149, 150, 151, 152, 153, 154, 155, 156 ]
          }
        },
        "$mul$designs/117/top.sv:26$26": {
          "hide_name": 1,
          "type": "$mul",
          "parameters": {
            "A_SIGNED": "00000000000000000000000000000000",
            "A_WIDTH": "00000000000000000000000000011010",
            "B_SIGNED": "00000000000000000000000000000000",
            "B_WIDTH": "00000000000000000000000000000001",
            "Y_WIDTH": "00000000000000000000000000010100"
          },
          "attributes": {
            "src": "designs/117/top.sv:26.27-26.99"
          },
          "port_directions": {
            "A": "input",
            "B": "input",
            "Y": "output"
          },
          "connections": {
            "A": [ 125, "1", "1", "1", "1", "1", 157, 158, 159, "1", 160, 161, 162, 163, 164, 165, 166, 167, 168, 169, 170, 171, 172, 173, 174, 175 ],
            "B": [ 6 ],
            "Y": [ 8, 9, 10, 11, 12, 13, 14, 15, 16, 17, 18, 19, 20, 21, 22, 23, 24, 25, 26, 27 ]
          }
        },
        "$not$designs/117/top.sv:26$23": {
          "hide_name": 1,
          "type": "$not",
          "parameters": {
            "A_SIGNED": "00000000000000000000000000000000",
            "A_WIDTH": "00000000000000000000000000011010",
            "Y_WIDTH": "00000000000000000000000000011010"
          },
          "attributes": {
            "src": "designs/117/top.sv:26.60-26.67"
          },
          "port_directions": {
            "A": "input",
            "Y": "output"
          },
          "connections": {
            "A": [ 68, 69, 70, 71, 72, 73, 74, 75, 76, 77, 78, 79, 80, 81, 82, 83, 84, 85, 86, 87, 88, 89, 90, 91, 92, 93 ],
            "Y": [ 124, 176, 177, 178, 179, 180, 157, 158, 159, 181, 160, 161, 162, 163, 164, 165, 166, 167, 168, 169, 170, 171, 172, 173, 174, 175 ]
          }
        },
        "$sub$designs/117/top.sv:23$15": {
          "hide_name": 1,
          "type": "$sub",
          "parameters": {
            "A_SIGNED": "00000000000000000000000000000000",
            "A_WIDTH": "00000000000000000000000000000111",
            "B_SIGNED": "00000000000000000000000000000000",
            "B_WIDTH": "00000000000000000000000000011010",
            "Y_WIDTH": "00000000000000000000000000011010"
          },
          "attributes": {
            "src": "designs/117/top.sv:23.24-23.49"
          },
          "port_directions": {
            "A": "input",
            "B": "input",
            "Y": "output"
          },
          "connections": {
            "A": [ 34, 35, 36, 37, 38, 39, 40 ],
            "B": [ "1", "1", "1", "1", "1", "1", "1", "1", "1", "1", "1", "1", "1", "1", "1", "1", "1", "1", "1", "1", "1", "1", "1", "1", "1", "1" ],
            "Y": [ 107, 108, 109, 110, 111, 46, 47, 48, 49, 50, 51, 52, 53, 54, 55, 56, 57, 58, 59, 60, 61, 62, 63, 64, 65, 66 ]
          }
        }
      },
      "netnames": {
        "$and$designs/117/top.sv:18$1_Y": {
          "hide_name": 1,
          "bits": [ 28, 29, 30, 31, 32, 33, "0", "0", "0", "0", "0", "0", "0", "0", "0", "0", "0", "0", "0", "0", "0", "0", "0", "0", "0", "0", "0", "0", "0", "0", "0" ],
          "attributes": {
            "src": "designs/117/top.sv:18.23-18.42"
          }
        },
        "$and$designs/117/top.sv:22$8_Y": {
          "hide_name": 1,
          "bits": [ 104, 105, 106, "0", "0", "0", "0", "0", "0", "0", "0", "0", "0", "0", "0", "0", "0", "0", "0", "0", "0", "0", "0", "0", "0", "0", "0", "0", "0", "0", "0" ],
          "attributes": {
            "src": "designs/117/top.sv:22.24-22.53"
          }
        },
        "$auto$opt_expr.cc:205:group_cell_inputs$33": {
          "hide_name": 1,
          "bits": [ 94, 95, 96, 97, 98, 99 ],
          "attributes": {
          }
        },
        "$auto$opt_expr.cc:205:group_cell_inputs$37": {
          "hide_name": 1,
          "bits": [ 100, 101, 102, 103 ],
          "attributes": {
          }
        },
        "$auto$opt_expr.cc:205:group_cell_inputs$44": {
          "hide_name": 1,
          "bits": [ 118, 119, 120, 121, 122, 123 ],
          "attributes": {
          }
        },
        "$auto$opt_expr.cc:205:group_cell_inputs$50": {
          "hide_name": 1,
          "bits": [ 41, 42, 43, 44, 45 ],
          "attributes": {
          }
        },
        "$auto$opt_expr.cc:205:group_cell_inputs$52": {
          "hide_name": 1,
          "bits": [ 46, 47, 48, 49, 50, 51, 52, 53, 54, 55, 56, 57, 58, 59, 60, 61, 62, 63, 64, 65, 66 ],
          "attributes": {
          }
        },
        "$auto$opt_expr.cc:205:group_cell_inputs$61": {
          "hide_name": 1,
          "bits": [ 124, "1", "1", "1", "1", "1", 157, 158, 159, "1" ],
          "attributes": {
          }
        },
        "$auto$opt_expr.cc:205:group_cell_inputs$63": {
          "hide_name": 1,
          "bits": [ 160, 161, 162, 163, 164, 165, 166, 167, 168, 169, 170, 171, 172, 173, 174, 175 ],
          "attributes": {
          }
        },
        "$auto$opt_expr.cc:205:group_cell_inputs$64": {
          "hide_name": 1,
          "bits": [ 125, "1", "1" ],
          "attributes": {
          }
        },
        "$auto$wreduce.cc:514:run$29": {
          "hide_name": 1,
          "bits": [ 107, 108, 109, 110, 111, 46, 47, 48, 49, 50, 51, 52, 53, 54, 55, 56, 57, 58, 59, 60, 61, 62, 63, 64, 65, 66, 182, 183, 184, 185, 186 ],
          "attributes": {
            "src": "designs/117/top.sv:23.24-23.49",
            "unused_bits": "26 27 28 29 30"
          }
        },
        "$mul$designs/117/top.sv:22$11_Y": {
          "hide_name": 1,
          "bits": [ 126, 127, 128, 129, 130, 131, 132, 133, 134, 135, 136, 137, 138, 139, 140, 141, 142, 143, 144, 145, 146, 147, 148, 149, 150, 151, 152, 153, 154, 155, 156 ],
          "attributes": {
            "src": "designs/117/top.sv:22.23-22.66"
          }
        },
        "$not$designs/117/top.sv:26$23_Y": {
          "hide_name": 1,
          "bits": [ 124, 176, 177, 178, 179, 180, 157, 158, 159, 181, 160, 161, 162, 163, 164, 165, 166, 167, 168, 169, 170, 171, 172, 173, 174, 175 ],
          "attributes": {
            "src": "designs/117/top.sv:26.60-26.67",
            "unused_bits": "1 2 3 4 5 9"
          }
        },
        "input_data": {
          "hide_name": 0,
          "bits": [ 2, 3, 4, 5, 6, 7 ],
          "attributes": {
            "src": "designs/117/top.sv:2.17-2.27"
          }
        },
        "output_data": {
          "hide_name": 0,
          "bits": [ 8, 9, 10, 11, 12, 13, 14, 15, 16, 17, 18, 19, 20, 21, 22, 23, 24, 25, 26, 27 ],
          "attributes": {
            "src": "designs/117/top.sv:3.19-3.30"
          }
        },
        "temp_2": {
          "hide_name": 0,
          "bits": [ 34, 35, 36, 37, 38, 39, 40, "0", "0", "0", "0", "0", "0", "0", "0", "0", "0", "0", "0", "0", "0", "0", "0", "0", "0", "0", "0", "0", "0", "0", "0" ],
          "attributes": {
            "src": "designs/117/top.sv:8.18-8.24"
          }
        },
        "temp_4": {
          "hide_name": 0,
          "bits": [ 112, 113, 114, 115, 116, 117 ],
          "attributes": {
            "src": "designs/117/top.sv:10.17-10.23"
          }
        },
        "temp_6": {
          "hide_name": 0,
          "bits": [ 67, "0" ],
          "attributes": {
            "src": "designs/117/top.sv:12.17-12.23"
          }
        },
        "temp_7": {
          "hide_name": 0,
          "bits": [ 68, 69, 70, 71, 72, 73, 74, 75, 76, 77, 78, 79, 80, 81, 82, 83, 84, 85, 86, 87, 88, 89, 90, 91, 92, 93 ],
          "attributes": {
            "src": "designs/117/top.sv:13.18-13.24"
          }
        }
      }
    }
  }
}
