{
  "creator": "Yosys 0.60 (git sha1 5bafeb77dc71e054fa331ab9efa613e6fb0a1c49, clang++ 17.0.0 -fPIC -O3)",
  "modules": {
    "top": {
      "attributes": {
        "top": "00000000000000000000000000000001",
        "src": "designs/152/top.sv:1.1-42.10"
      },
      "ports": {
        "input_data": {
          "direction": "input",
          "bits": [ 2, 3, 4, 5 ]
        },
        "output_data": {
          "direction": "output",
          "bits": [ 6, 7, 8, 9, 10, 11, 12, 13, 14, 15, 16, 17, 18, 19, 20, 21, 22, 23, 24, 25, 26, 27, 28, 29, "0", "0", "0", "0", "0", "0", "0", "0", "0", "0", "0", "0", "0" ]
        }
      },
      "cells": {
        "$add$designs/152/top.sv:25$10": {
          "hide_name": 1,
          "type": "$add",
          "parameters": {
            "A_SIGNED": "00000000000000000000000000000000",
            "A_WIDTH": "00000000000000000000000000010001",
            "B_SIGNED": "00000000000000000000000000000000",
            "B_WIDTH": "00000000000000000000000000000010",
            "Y_WIDTH": "00000000000000000000000000010001"
          },
          "attributes": {
            "src": "designs/152/top.sv:25.33-25.78"
          },
          "port_directions": {
            "A": "input",
            "B": "input",
            "Y": "output"
          },
          "connections": {
            "A": [ 30, 31, 32, 33, 34, 35, 36, 37, 38, 39, 40, 41, 42, 43, 44, 45, 46 ],
            "B": [ 47, 48 ],
            "Y": [ 49, 50, 51, 52, 53, 54, 55, 56, 57, 58, 59, 60, 61, 62, 63, 64, 65 ]
          }
        },
        "$add$designs/152/top.sv:26$15": {
          "hide_name": 1,
          "type": "$add",
          "parameters": {
            "A_SIGNED": "00000000000000000000000000000000",
            "A_WIDTH": "00000000000000000000000000010001",
            "B_SIGNED": "00000000000000000000000000000000",
            "B_WIDTH": "00000000000000000000000000000101",
            "Y_WIDTH": "00000000000000000000000000010010"
          },
          "attributes": {
            "src": "designs/152/top.sv:26.22-26.68"
          },
          "port_directions": {
            "A": "input",
            "B": "input",
            "Y": "output"
          },
          "connections": {
            "A": [ 66, 67, 68, 69, 70, 71, 72, 73, 74, 75, 75, 75, 75, 75, 75, 75, 75 ],
            "B": [ 76, 77, 78, 79, "0" ],
            "Y": [ 80, 81, 82, 83, 84, 85, 86, 87, 88, 89, 90, 91, 92, 93, 94, 95, 96, 97 ]
          }
        },
        "$add$designs/152/top.sv:28$18": {
          "hide_name": 1,
          "type": "$add",
          "parameters": {
            "A_SIGNED": "00000000000000000000000000000000",
            "A_WIDTH": "00000000000000000000000000001110",
            "B_SIGNED": "00000000000000000000000000000000",
            "B_WIDTH": "00000000000000000000000000001110",
            "Y_WIDTH": "00000000000000000000000000001110"
          },
          "attributes": {
            "src": "designs/152/top.sv:28.41-28.98"
          },
          "port_directions": {
            "A": "input",
            "B": "input",
            "Y": "output"
          },
          "connections": {
            "A": [ 98, 99, 47, 48, "0", "0", "0", "0", "0", "0", "0", "0", "0", "0" ],
            "B": [ 100, 101, 102, 103, 104, 104, 104, 104, 104, 104, 104, 104, 104, 104 ],
            "Y": [ 105, 106, 107, 108, 109, 110, 111, 112, 113, 114, 115, 116, 117, 118 ]
          }
        },
        "$add$designs/152/top.sv:30$25": {
          "hide_name": 1,
          "type": "$add",
          "parameters": {
            "A_SIGNED": "00000000000000000000000000000000",
            "A_WIDTH": "00000000000000000000000000000101",
            "B_SIGNED": "00000000000000000000000000000000",
            "B_WIDTH": "00000000000000000000000000010011",
            "Y_WIDTH": "00000000000000000000000000010100"
          },
          "attributes": {
            "src": "designs/152/top.sv:30.23-30.92"
          },
          "port_directions": {
            "A": "input",
            "B": "input",
            "Y": "output"
          },
          "connections": {
            "A": [ 119, 120, "0", "0", "0" ],
            "B": [ 121, 122, 123, 124, 125, 126, 127, 128, 129, 130, 131, 132, 133, 134, 135, 136, 137, 138, 139 ],
            "Y": [ 140, 141, 142, 143, 144, 145, 146, 147, 148, 149, 150, 151, 152, 153, 154, 155, 156, 157, 158, 159 ]
          }
        },
        "$add$designs/152/top.sv:30$26": {
          "hide_name": 1,
          "type": "$add",
          "parameters": {
            "A_SIGNED": "00000000000000000000000000000000",
            "A_WIDTH": "00000000000000000000000000010100",
            "B_SIGNED": "00000000000000000000000000000000",
            "B_WIDTH": "00000000000000000000000000000101",
            "Y_WIDTH": "00000000000000000000000000010101"
          },
          "attributes": {
            "src": "designs/152/top.sv:30.22-30.102"
          },
          "port_directions": {
            "A": "input",
            "B": "input",
            "Y": "output"
          },
          "connections": {
            "A": [ 140, 141, 142, 143, 144, 145, 146, 147, 148, 149, 150, 151, 152, 153, 154, 155, 156, 157, 158, 159 ],
            "B": [ 160, 161, 162, 163, 164 ],
            "Y": [ 165, 166, 167, 168, 169, 170, 171, 172, 173, 174, 175, 176, 177, 178, 179, 180, 181, 182, 183, 184, 185 ]
          }
        },
        "$add$designs/152/top.sv:32$29": {
          "hide_name": 1,
          "type": "$add",
          "parameters": {
            "A_SIGNED": "00000000000000000000000000000000",
            "A_WIDTH": "00000000000000000000000000010011",
            "B_SIGNED": "00000000000000000000000000000000",
            "B_WIDTH": "00000000000000000000000000010101",
            "Y_WIDTH": "00000000000000000000000000010110"
          },
          "attributes": {
            "src": "designs/152/top.sv:32.38-32.81"
          },
          "port_directions": {
            "A": "input",
            "B": "input",
            "Y": "output"
          },
          "connections": {
            "A": [ 186, 187, 188, 189, 190, 191, 192, 193, 194, 195, 196, 197, "0", "0", "0", "0", "0", "0", "0" ],
            "B": [ 165, 166, 167, 168, 169, 170, 171, 172, 173, 174, 175, 176, 177, 178, 179, 180, 181, 182, 183, 184, 185 ],
            "Y": [ 198, 199, 200, 201, 202, 203, 204, 205, 206, 207, 208, 209, 210, 211, 212, 213, 214, 215, 216, 217, 218, 219 ]
          }
        },
        "$add$designs/152/top.sv:33$32": {
          "hide_name": 1,
          "type": "$add",
          "parameters": {
            "A_SIGNED": "00000000000000000000000000000000",
            "A_WIDTH": "00000000000000000000000000000010",
            "B_SIGNED": "00000000000000000000000000000000",
            "B_WIDTH": "00000000000000000000000000000010",
            "Y_WIDTH": "00000000000000000000000000000010"
          },
          "attributes": {
            "src": "designs/152/top.sv:33.59-33.96"
          },
          "port_directions": {
            "A": "input",
            "B": "input",
            "Y": "output"
          },
          "connections": {
            "A": [ 220, 221 ],
            "B": [ 160, 161 ],
            "Y": [ 222, 223 ]
          }
        },
        "$auto$opt_expr.cc:276:group_cell_inputs$55": {
          "hide_name": 1,
          "type": "$and",
          "parameters": {
            "A_SIGNED": "00000000000000000000000000000000",
            "A_WIDTH": "00000000000000000000000000000100",
            "B_SIGNED": "00000000000000000000000000000000",
            "B_WIDTH": "00000000000000000000000000000100",
            "Y_WIDTH": "00000000000000000000000000000100"
          },
          "attributes": {
          },
          "port_directions": {
            "A": "input",
            "B": "input",
            "Y": "output"
          },
          "connections": {
            "A": [ 160, 161, 162, 163 ],
            "B": [ 2, 3, 4, 5 ],
            "Y": [ 224, 225, 226, 227 ]
          }
        },
        "$auto$opt_expr.cc:276:group_cell_inputs$59": {
          "hide_name": 1,
          "type": "$or",
          "parameters": {
            "A_SIGNED": "00000000000000000000000000000000",
            "A_WIDTH": "00000000000000000000000000000100",
            "B_SIGNED": "00000000000000000000000000000000",
            "B_WIDTH": "00000000000000000000000000000100",
            "Y_WIDTH": "00000000000000000000000000000100"
          },
          "attributes": {
          },
          "port_directions": {
            "A": "input",
            "B": "input",
            "Y": "output"
          },
          "connections": {
            "A": [ 224, 225, 226, 227 ],
            "B": [ 98, 99, 47, 48 ],
            "Y": [ 76, 77, 78, 79 ]
          }
        },
        "$auto$opt_expr.cc:276:group_cell_inputs$62": {
          "hide_name": 1,
          "type": "$not",
          "parameters": {
            "A_SIGNED": "00000000000000000000000000000000",
            "A_WIDTH": "00000000000000000000000000000101",
            "Y_WIDTH": "00000000000000000000000000000101"
          },
          "attributes": {
          },
          "port_directions": {
            "A": "input",
            "Y": "output"
          },
          "connections": {
            "A": [ 100, 101, 102, 103, 104 ],
            "Y": [ 228, 229, 230, 231, 232 ]
          }
        },
        "$auto$opt_expr.cc:276:group_cell_inputs$64": {
          "hide_name": 1,
          "type": "$xor",
          "parameters": {
            "A_SIGNED": "00000000000000000000000000000000",
            "A_WIDTH": "00000000000000000000000000000100",
            "B_SIGNED": "00000000000000000000000000000000",
            "B_WIDTH": "00000000000000000000000000000100",
            "Y_WIDTH": "00000000000000000000000000000100"
          },
          "attributes": {
          },
          "port_directions": {
            "A": "input",
            "B": "input",
            "Y": "output"
          },
          "connections": {
            "A": [ 98, 99, 47, 48 ],
            "B": [ 228, 229, 230, 231 ],
            "Y": [ 233, 234, 235, 236 ]
          }
        },
        "$auto$opt_expr.cc:276:group_cell_inputs$67": {
          "hide_name": 1,
          "type": "$not",
          "parameters": {
            "A_SIGNED": "00000000000000000000000000000000",
            "A_WIDTH": "00000000000000000000000000000100",
            "Y_WIDTH": "00000000000000000000000000000100"
          },
          "attributes": {
          },
          "port_directions": {
            "A": "input",
            "Y": "output"
          },
          "connections": {
            "A": [ 2, 3, 4, 5 ],
            "Y": [ 237, 238, 239, 240 ]
          }
        },
        "$auto$opt_expr.cc:276:group_cell_inputs$73": {
          "hide_name": 1,
          "type": "$xor",
          "parameters": {
            "A_SIGNED": "00000000000000000000000000000000",
            "A_WIDTH": "00000000000000000000000000000101",
            "B_SIGNED": "00000000000000000000000000000000",
            "B_WIDTH": "00000000000000000000000000000101",
            "Y_WIDTH": "00000000000000000000000000000101"
          },
          "attributes": {
          },
          "port_directions": {
            "A": "input",
            "B": "input",
            "Y": "output"
          },
          "connections": {
            "A": [ 105, 106, 107, 108, 109 ],
            "B": [ 160, 161, 162, 163, 164 ],
            "Y": [ 241, 242, 243, 244, 245 ]
          }
        },
        "$auto$opt_expr.cc:276:group_cell_inputs$76": {
          "hide_name": 1,
          "type": "$xor",
          "parameters": {
            "A_SIGNED": "00000000000000000000000000000000",
            "A_WIDTH": "00000000000000000000000000000100",
            "B_SIGNED": "00000000000000000000000000000000",
            "B_WIDTH": "00000000000000000000000000000100",
            "Y_WIDTH": "00000000000000000000000000000100"
          },
          "attributes": {
          },
          "port_directions": {
            "A": "input",
            "B": "input",
            "Y": "output"
          },
          "connections": {
            "A": [ 246, 247, 248, 249 ],
            "B": [ 98, 99, 47, 48 ],
            "Y": [ 250, 251, 252, 253 ]
          }
        },
        "$auto$opt_expr.cc:276:group_cell_inputs$79": {
          "hide_name": 1,
          "type": "$and",
          "parameters": {
            "A_SIGNED": "00000000000000000000000000000000",
            "A_WIDTH": "00000000000000000000000000000100",
            "B_SIGNED": "00000000000000000000000000000000",
            "B_WIDTH": "00000000000000000000000000000100",
            "Y_WIDTH": "00000000000000000000000000000100"
          },
          "attributes": {
          },
          "port_directions": {
            "A": "input",
            "B": "input",
            "Y": "output"
          },
          "connections": {
            "A": [ 254, 255, 256, 257 ],
            "B": [ 98, 99, 47, 48 ],
            "Y": [ 258, 259, 260, 261 ]
          }
        },
        "$auto$opt_expr.cc:276:group_cell_inputs$83": {
          "hide_name": 1,
          "type": "$and",
          "parameters": {
            "A_SIGNED": "00000000000000000000000000000000",
            "A_WIDTH": "00000000000000000000000000000010",
            "B_SIGNED": "00000000000000000000000000000000",
            "B_WIDTH": "00000000000000000000000000000010",
            "Y_WIDTH": "00000000000000000000000000000010"
          },
          "attributes": {
          },
          "port_directions": {
            "A": "input",
            "B": "input",
            "Y": "output"
          },
          "connections": {
            "A": [ 258, 259 ],
            "B": [ 257, 262 ],
            "Y": [ 119, 120 ]
          }
        },
        "$auto$opt_expr.cc:276:group_cell_inputs$87": {
          "hide_name": 1,
          "type": "$and",
          "parameters": {
            "A_SIGNED": "00000000000000000000000000000000",
            "A_WIDTH": "00000000000000000000000000001100",
            "B_SIGNED": "00000000000000000000000000000000",
            "B_WIDTH": "00000000000000000000000000001100",
            "Y_WIDTH": "00000000000000000000000000001100"
          },
          "attributes": {
          },
          "port_directions": {
            "A": "input",
            "B": "input",
            "Y": "output"
          },
          "connections": {
            "A": [ 263, 264, 265, 266, 267, 268, 269, 270, 271, 272, 273, 274 ],
            "B": [ 100, 101, 102, 103, 104, 104, 104, 104, 104, 104, 104, 104 ],
            "Y": [ 186, 187, 188, 189, 190, 191, 192, 193, 194, 195, 196, 197 ]
          }
        },
        "$le$designs/152/top.sv:29$21": {
          "hide_name": 1,
          "type": "$le",
          "parameters": {
            "A_SIGNED": "00000000000000000000000000000000",
            "A_WIDTH": "00000000000000000000000000001000",
            "B_SIGNED": "00000000000000000000000000000000",
            "B_WIDTH": "00000000000000000000000000001110",
            "Y_WIDTH": "00000000000000000000000000000001"
          },
          "attributes": {
            "src": "designs/152/top.sv:29.23-29.64"
          },
          "port_directions": {
            "A": "input",
            "B": "input",
            "Y": "output"
          },
          "connections": {
            "A": [ 250, 251, 252, 253, 275, 276, 277, 278 ],
            "B": [ 241, 242, 243, 244, 245, 110, 111, 112, 113, 114, 115, 116, 117, 118 ],
            "Y": [ 279 ]
          }
        },
        "$mul$designs/152/top.sv:25$9": {
          "hide_name": 1,
          "type": "$mul",
          "parameters": {
            "A_SIGNED": "00000000000000000000000000000001",
            "A_WIDTH": "00000000000000000000000000010001",
            "B_SIGNED": "00000000000000000000000000000001",
            "B_WIDTH": "00000000000000000000000000000101",
            "Y_WIDTH": "00000000000000000000000000010001"
          },
          "attributes": {
            "src": "designs/152/top.sv:25.34-25.63"
          },
          "port_directions": {
            "A": "input",
            "B": "input",
            "Y": "output"
          },
          "connections": {
            "A": [ 233, 234, 235, 236, 232, 232, 232, 232, 232, 232, 232, 232, 232, 232, 232, 232, 232 ],
            "B": [ 100, 101, 102, 103, 104 ],
            "Y": [ 30, 31, 32, 33, 34, 35, 36, 37, 38, 39, 40, 41, 42, 43, 44, 45, 46 ]
          }
        },
        "$mul$designs/152/top.sv:26$14": {
          "hide_name": 1,
          "type": "$mul",
          "parameters": {
            "A_SIGNED": "00000000000000000000000000000001",
            "A_WIDTH": "00000000000000000000000000000101",
            "B_SIGNED": "00000000000000000000000000000001",
            "B_WIDTH": "00000000000000000000000000000101",
            "Y_WIDTH": "00000000000000000000000000001010"
          },
          "attributes": {
            "src": "designs/152/top.sv:26.31-26.57"
          },
          "port_directions": {
            "A": "input",
            "B": "input",
            "Y": "output"
          },
          "connections": {
            "A": [ 98, 99, 47, 48, "0" ],
            "B": [ 100, 101, 102, 103, 104 ],
            "Y": [ 66, 67, 68, 69, 70, 71, 72, 73, 74, 75 ]
          }
        },
        "$mul$designs/152/top.sv:29$22": {
          "hide_name": 1,
          "type": "$mul",
          "parameters": {
            "A_SIGNED": "00000000000000000000000000000000",
            "A_WIDTH": "00000000000000000000000000000001",
            "B_SIGNED": "00000000000000000000000000000000",
            "B_WIDTH": "00000000000000000000000000000100",
            "Y_WIDTH": "00000000000000000000000000000101"
          },
          "attributes": {
            "src": "designs/152/top.sv:29.22-29.78"
          },
          "port_directions": {
            "A": "input",
            "B": "input",
            "Y": "output"
          },
          "connections": {
            "A": [ 279 ],
            "B": [ 2, 3, 4, 5 ],
            "Y": [ 254, 255, 256, 257, 262 ]
          }
        },
        "$mul$designs/152/top.sv:32$27": {
          "hide_name": 1,
          "type": "$mul",
          "parameters": {
            "A_SIGNED": "00000000000000000000000000000000",
            "A_WIDTH": "00000000000000000000000000001110",
            "B_SIGNED": "00000000000000000000000000000000",
            "B_WIDTH": "00000000000000000000000000000101",
            "Y_WIDTH": "00000000000000000000000000010011"
          },
          "attributes": {
            "src": "designs/152/top.sv:32.40-32.55"
          },
          "port_directions": {
            "A": "input",
            "B": "input",
            "Y": "output"
          },
          "connections": {
            "A": [ 241, 242, 243, 244, 245, 110, 111, 112, 113, 114, 115, 116, 117, 118 ],
            "B": [ 160, 161, 162, 163, 164 ],
            "Y": [ 263, 264, 265, 266, 267, 268, 269, 270, 271, 272, 273, 274, 280, 281, 282, 283, 284, 285, 286 ]
          }
        },
        "$mul$designs/152/top.sv:32$30": {
          "hide_name": 1,
          "type": "$mul",
          "parameters": {
            "A_SIGNED": "00000000000000000000000000000000",
            "A_WIDTH": "00000000000000000000000000010110",
            "B_SIGNED": "00000000000000000000000000000000",
            "B_WIDTH": "00000000000000000000000000000101",
            "Y_WIDTH": "00000000000000000000000000000010"
          },
          "attributes": {
            "src": "designs/152/top.sv:32.27-32.92"
          },
          "port_directions": {
            "A": "input",
            "B": "input",
            "Y": "output"
          },
          "connections": {
            "A": [ 198, 199, 200, 201, 202, 203, 204, 205, 206, 207, 208, 209, 210, 211, 212, 213, 214, 215, 216, 217, 218, 219 ],
            "B": [ 254, 255, 256, 257, 262 ],
            "Y": [ 287, 288 ]
          }
        },
        "$or$designs/152/top.sv:23$4": {
          "hide_name": 1,
          "type": "$or",
          "parameters": {
            "A_SIGNED": "00000000000000000000000000000000",
            "A_WIDTH": "00000000000000000000000000000100",
            "B_SIGNED": "00000000000000000000000000000000",
            "B_WIDTH": "00000000000000000000000000000100",
            "Y_WIDTH": "00000000000000000000000000000100"
          },
          "attributes": {
            "src": "designs/152/top.sv:23.22-23.45"
          },
          "port_directions": {
            "A": "input",
            "B": "input",
            "Y": "output"
          },
          "connections": {
            "A": [ 2, 3, 4, 5 ],
            "B": [ 2, 3, 4, 5 ],
            "Y": [ 98, 99, 47, 48 ]
          }
        },
        "$or$designs/152/top.sv:33$31": {
          "hide_name": 1,
          "type": "$or",
          "parameters": {
            "A_SIGNED": "00000000000000000000000000000000",
            "A_WIDTH": "00000000000000000000000000000010",
            "B_SIGNED": "00000000000000000000000000000000",
            "B_WIDTH": "00000000000000000000000000000010",
            "Y_WIDTH": "00000000000000000000000000000010"
          },
          "attributes": {
            "src": "designs/152/top.sv:33.70-33.85"
          },
          "port_directions": {
            "A": "input",
            "B": "input",
            "Y": "output"
          },
          "connections": {
            "A": [ 80, 81 ],
            "B": [ 246, 247 ],
            "Y": [ 220, 221 ]
          }
        },
        "$reduce_bool$designs/152/top.sv:33$33": {
          "hide_name": 1,
          "type": "$reduce_bool",
          "parameters": {
            "A_SIGNED": "00000000000000000000000000000000",
            "A_WIDTH": "00000000000000000000000000010001",
            "Y_WIDTH": "00000000000000000000000000000001"
          },
          "attributes": {
            "src": "designs/152/top.sv:33.22-33.98"
          },
          "port_directions": {
            "A": "input",
            "Y": "output"
          },
          "connections": {
            "A": [ 100, 101, 102, 103, 104, 104, 104, 104, 104, 104, 104, 104, 104, 104, 104, 104, 104 ],
            "Y": [ 289 ]
          }
        },
        "$reduce_bool$designs/152/top.sv:40$45": {
          "hide_name": 1,
          "type": "$reduce_bool",
          "parameters": {
            "A_SIGNED": "00000000000000000000000000000000",
            "A_WIDTH": "00000000000000000000000000011101",
            "Y_WIDTH": "00000000000000000000000000000001"
          },
          "attributes": {
            "src": "designs/152/top.sv:40.26-40.77"
          },
          "port_directions": {
            "A": "input",
            "Y": "output"
          },
          "connections": {
            "A": [ 246, 247, 248, 249, 275, 276, 277, 278, 290, 291, 121, 122, 123, 124, 125, 126, 127, 128, 129, 130, 131, 132, 133, 134, 135, 136, 137, 138, 139 ],
            "Y": [ 292 ]
          }
        },
        "$sub$designs/152/top.sv:21$2": {
          "hide_name": 1,
          "type": "$sub",
          "parameters": {
            "A_SIGNED": "00000000000000000000000000000000",
            "A_WIDTH": "00000000000000000000000000000101",
            "B_SIGNED": "00000000000000000000000000000000",
            "B_WIDTH": "00000000000000000000000000000100",
            "Y_WIDTH": "00000000000000000000000000000101"
          },
          "attributes": {
            "src": "designs/152/top.sv:21.22-21.54"
          },
          "port_directions": {
            "A": "input",
            "B": "input",
            "Y": "output"
          },
          "connections": {
            "A": [ 2, 3, 4, 5, "0" ],
            "B": [ 2, 3, 4, 5 ],
            "Y": [ 160, 161, 162, 163, 164 ]
          }
        },
        "$sub$designs/152/top.sv:22$3": {
          "hide_name": 1,
          "type": "$sub",
          "parameters": {
            "A_SIGNED": "00000000000000000000000000000000",
            "A_WIDTH": "00000000000000000000000000000100",
            "B_SIGNED": "00000000000000000000000000000000",
            "B_WIDTH": "00000000000000000000000000000100",
            "Y_WIDTH": "00000000000000000000000000000101"
          },
          "attributes": {
            "src": "designs/152/top.sv:22.22-22.54"
          },
          "port_directions": {
            "A": "input",
            "B": "input",
            "Y": "output"
          },
          "connections": {
            "A": [ 2, 3, 4, 5 ],
            "B": [ 2, 3, 4, 5 ],
            "Y": [ 100, 101, 102, 103, 104 ]
          }
        },
        "$sub$designs/152/top.sv:25$13": {
          "hide_name": 1,
          "type": "$sub",
          "parameters": {
            "A_SIGNED": "00000000000000000000000000000000",
            "A_WIDTH": "00000000000000000000000000010001",
            "B_SIGNED": "00000000000000000000000000000000",
            "B_WIDTH": "00000000000000000000000000011101",
            "Y_WIDTH": "00000000000000000000000000011101"
          },
          "attributes": {
            "src": "designs/152/top.sv:25.22-25.96"
          },
          "port_directions": {
            "A": "input",
            "B": "input",
            "Y": "output"
          },
          "connections": {
            "A": [ 49, 50, 51, 52, 53, 54, 55, 56, 57, 58, 59, 60, 61, 62, 63, 64, 65 ],
            "B": [ 237, 238, 239, 240, "1", "1", "1", "1", "1", "1", "1", "1", "1", "1", "1", "1", "1", "1", "1", "1", "1", "1", "1", "1", "1", "1", "1", "1", "1" ],
            "Y": [ 246, 247, 248, 249, 275, 276, 277, 278, 290, 291, 121, 122, 123, 124, 125, 126, 127, 128, 129, 130, 131, 132, 133, 134, 135, 136, 137, 138, 139 ]
          }
        },
        "$ternary$designs/152/top.sv:33$35": {
          "hide_name": 1,
          "type": "$mux",
          "parameters": {
            "WIDTH": "00000000000000000000000000000010"
          },
          "attributes": {
            "src": "designs/152/top.sv:33.22-33.98"
          },
          "port_directions": {
            "A": "input",
            "B": "input",
            "S": "input",
            "Y": "output"
          },
          "connections": {
            "A": [ 222, 223 ],
            "B": [ 287, 288 ],
            "S": [ 289 ],
            "Y": [ 293, 294 ]
          }
        },
        "$ternary$designs/152/top.sv:40$47": {
          "hide_name": 1,
          "type": "$mux",
          "parameters": {
            "WIDTH": "00000000000000000000000000011000"
          },
          "attributes": {
            "src": "designs/152/top.sv:40.26-40.77"
          },
          "port_directions": {
            "A": "input",
            "B": "input",
            "S": "input",
            "Y": "output"
          },
          "connections": {
            "A": [ 276, 277, 278, 290, 291, 121, 122, 123, 124, 125, 126, 127, 128, 129, 130, 131, 132, 133, 134, 135, 136, 137, 138, 139 ],
            "B": [ 293, 294, "0", "0", "0", "0", "0", "0", "0", "0", "0", "0", "0", "0", "0", "0", "0", "0", "0", "0", "0", "0", "0", "0" ],
            "S": [ 292 ],
            "Y": [ 6, 7, 8, 9, 10, 11, 12, 13, 14, 15, 16, 17, 18, 19, 20, 21, 22, 23, 24, 25, 26, 27, 28, 29 ]
          }
        }
      },
      "netnames": {
        "$add$designs/152/top.sv:25$10_Y": {
          "hide_name": 1,
          "bits": [ 49, 50, 51, 52, 53, 54, 55, 56, 57, 58, 59, 60, 61, 62, 63, 64, 65 ],
          "attributes": {
            "src": "designs/152/top.sv:25.33-25.78"
          }
        },
        "$add$designs/152/top.sv:28$18_Y": {
          "hide_name": 1,
          "bits": [ 105, 106, 107, 108, 109, 110, 111, 112, 113, 114, 115, 116, 117, 118, 295, 296, 297, 298, 299, 300, "0", "0", "0", "0", "0", "0", "0", "0", "0", "0", "0" ],
          "attributes": {
            "src": "designs/152/top.sv:28.41-28.98",
            "unused_bits": "14 15 16 17 18 19"
          }
        },
        "$add$designs/152/top.sv:30$25_Y": {
          "hide_name": 1,
          "bits": [ 140, 141, 142, 143, 144, 145, 146, 147, 148, 149, 150, 151, 152, 153, 154, 155, 156, 157, 158, 159, "0", "0", "0", "0", "0", "0", "0", "0", "0", "0", "0", "0" ],
          "attributes": {
            "src": "designs/152/top.sv:30.23-30.92"
          }
        },
        "$add$designs/152/top.sv:32$29_Y": {
          "hide_name": 1,
          "bits": [ 198, 199, 200, 201, 202, 203, 204, 205, 206, 207, 208, 209, 210, 211 ],
          "attributes": {
          }
        },
        "$add$designs/152/top.sv:33$32_Y": {
          "hide_name": 1,
          "bits": [ 222, 223, 301, 302, 303, 304, 305, 306, 307, 308, 309, 310, 311, 312, 313, 314, 315, 316, 317, 318, 319, 320, 321, 322, 323, 324, 325, 326, 327, 328, "0" ],
          "attributes": {
            "src": "designs/152/top.sv:33.59-33.96",
            "unused_bits": "2 3 4 5 6 7 8 9 10 11 12 13 14 15 16 17 18 19 20 21 22 23 24 25 26 27 28 29"
          }
        },
        "$and$designs/152/top.sv:24$5_Y": {
          "hide_name": 1,
          "bits": [ 224, 225, 226, 227, "0", "0", "0", "0", "0", "0", "0", "0", "0", "0", "0", "0", "0", "0", "0", "0", "0", "0", "0", "0", "0", "0", "0", "0", "0", "0", "0", "0" ],
          "attributes": {
            "src": "designs/152/top.sv:24.23-24.42"
          }
        },
        "$and$designs/152/top.sv:30$23_Y": {
          "hide_name": 1,
          "bits": [ 258, 259, 260, 261, "0", "0", "0", "0" ],
          "attributes": {
            "src": "designs/152/top.sv:30.43-30.58",
            "unused_bits": "2 3"
          }
        },
        "$and$designs/152/top.sv:30$24_Y": {
          "hide_name": 1,
          "bits": [ 119, 120, "0", "0", "0", "0", "0", "0" ],
          "attributes": {
            "src": "designs/152/top.sv:30.34-30.74"
          }
        },
        "$and$designs/152/top.sv:32$28_Y": {
          "hide_name": 1,
          "bits": [ 186, 187, 188, 189, 190, 191, 192, 193, 194, 195, 196, 197, "0", "0", "0", "0", "0", "0", "0", "0", "0", "0", "0", "0", "0", "0", "0", "0", "0", "0", "0", "0" ],
          "attributes": {
            "src": "designs/152/top.sv:32.39-32.71"
          }
        },
        "$auto$opt_expr.cc:205:group_cell_inputs$61": {
          "hide_name": 1,
          "bits": [ 228, 229, 230, 231, 232 ],
          "attributes": {
          }
        },
        "$auto$opt_expr.cc:205:group_cell_inputs$63": {
          "hide_name": 1,
          "bits": [ 233, 234, 235, 236 ],
          "attributes": {
          }
        },
        "$auto$opt_expr.cc:205:group_cell_inputs$66": {
          "hide_name": 1,
          "bits": [ 237, 238, 239, 240 ],
          "attributes": {
          }
        },
        "$auto$opt_expr.cc:205:group_cell_inputs$75": {
          "hide_name": 1,
          "bits": [ 250, 251, 252, 253 ],
          "attributes": {
          }
        },
        "$auto$wreduce.cc:514:run$52": {
          "hide_name": 1,
          "bits": [ 198, 199, 200, 201, 202, 203, 204, 205, 206, 207, 208, 209, 210, 211, 212, 213, 214, 215, 216, 217, 218, 219, "0", "0", "0", "0", "0", "0", "0", "0", "0", "0" ],
          "attributes": {
            "src": "designs/152/top.sv:32.38-32.81"
          }
        },
        "$le$designs/152/top.sv:29$21_Y": {
          "hide_name": 1,
          "bits": [ 279, "0", "0", "0", "0", "0", "0" ],
          "attributes": {
            "src": "designs/152/top.sv:29.23-29.64"
          }
        },
        "$mul$designs/152/top.sv:25$9_Y": {
          "hide_name": 1,
          "bits": [ 30, 31, 32, 33, 34, 35, 36, 37, 38, 39, 40, 41, 42, 43, 44, 45, 46 ],
          "attributes": {
            "src": "designs/152/top.sv:25.34-25.63"
          }
        },
        "$mul$designs/152/top.sv:26$14_Y": {
          "hide_name": 1,
          "bits": [ 66, 67, 68, 69, 70, 71, 72, 73, 74, 75, 75, 75, 75, 75, 75, 75, 75 ],
          "attributes": {
            "src": "designs/152/top.sv:26.31-26.57"
          }
        },
        "$mul$designs/152/top.sv:32$27_Y": {
          "hide_name": 1,
          "bits": [ 263, 264, 265, 266, 267, 268, 269, 270, 271, 272, 273, 274, 280, 281, 282, 283, 284, 285, 286, "0", "0", "0", "0", "0", "0", "0", "0", "0", "0", "0", "0", "0" ],
          "attributes": {
            "src": "designs/152/top.sv:32.40-32.55",
            "unused_bits": "12 13 14 15 16 17 18"
          }
        },
        "$or$designs/152/top.sv:33$31_Y": {
          "hide_name": 1,
          "bits": [ 220, 221, 329, 330, 331, 332, 333, 334, 335, 336, 337, 338, 339, 340, 341, 342, 343, 344, 345, 346, 347, 348, 349, 350, 351, 352, 353, 354, 355, "0", "0" ],
          "attributes": {
            "src": "designs/152/top.sv:33.70-33.85",
            "unused_bits": "2 3 4 5 6 7 8 9 10 11 12 13 14 15 16 17 18 19 20 21 22 23 24 25 26 27 28"
          }
        },
        "$reduce_bool$designs/152/top.sv:33$33_Y": {
          "hide_name": 1,
          "bits": [ 289 ],
          "attributes": {
            "src": "designs/152/top.sv:33.22-33.98"
          }
        },
        "$reduce_bool$designs/152/top.sv:40$45_Y": {
          "hide_name": 1,
          "bits": [ 292 ],
          "attributes": {
            "src": "designs/152/top.sv:40.26-40.77"
          }
        },
        "expr_602256": {
          "hide_name": 0,
          "bits": [ 287, 288, "x", "x", "x", "x", "x", "x", "x", "x", "x", "x", "x", "x", "x", "x", "x", "x", "x", "x", "x", "x", "x", "x", "x", "x", "x", "x", "x", "x", "x", "x", "x", "x" ],
          "attributes": {
            "src": "designs/152/top.sv:31.18-31.29"
          }
        },
        "input_data": {
          "hide_name": 0,
          "bits": [ 2, 3, 4, 5 ],
          "attributes": {
            "src": "designs/152/top.sv:2.17-2.27"
          }
        },
        "output_data": {
          "hide_name": 0,
          "bits": [ 6, 7, 8, 9, 10, 11, 12, 13, 14, 15, 16, 17, 18, 19, 20, 21, 22, 23, 24, 25, 26, 27, 28, 29, "0", "0", "0", "0", "0", "0", "0", "0", "0", "0", "0", "0", "0" ],
          "attributes": {
            "src": "designs/152/top.sv:3.19-3.30"
          }
        },
        "temp_0": {
          "hide_name": 0,
          "bits": [ 160, 161, 162, 163, 164 ],
          "attributes": {
            "src": "designs/152/top.sv:6.17-6.23"
          }
        },
        "temp_1": {
          "hide_name": 0,
          "bits": [ 100, 101, 102, 103, 104, 104, 104, 104, 104, 104, 104, 104, 104, 104, 104, 104, 104 ],
          "attributes": {
            "src": "designs/152/top.sv:7.18-7.24"
          }
        },
        "temp_10": {
          "hide_name": 0,
          "bits": [ 293, 294 ],
          "attributes": {
            "src": "designs/152/top.sv:16.17-16.24"
          }
        },
        "temp_2": {
          "hide_name": 0,
          "bits": [ 98, 99, 47, 48, "0", "0", "0", "0" ],
          "attributes": {
            "src": "designs/152/top.sv:8.17-8.23"
          }
        },
        "temp_3": {
          "hide_name": 0,
          "bits": [ 76, 77, 78, 79, "0", "0", "0", "0", "0", "0", "0", "0", "0", "0", "0", "0", "0", "0", "0", "0", "0", "0", "0", "0", "0", "0", "0", "0", "0", "0", "0", "0" ],
          "attributes": {
            "src": "designs/152/top.sv:9.18-9.24"
          }
        },
        "temp_4": {
          "hide_name": 0,
          "bits": [ 246, 247, 248, 249, 275, 276, 277, 278, 290, 291, 121, 122, 123, 124, 125, 126, 127, 128, 129, 130, 131, 132, 133, 134, 135, 136, 137, 138, 139 ],
          "attributes": {
            "src": "designs/152/top.sv:10.18-10.24"
          }
        },
        "temp_5": {
          "hide_name": 0,
          "bits": [ 80, 81, 82, 83, 84, 85, 86, 87, 88, 89, 90, 91, 92, 93, 94, 95, 96, 97, "0", "0", "0", "0", "0", "0", "0", "0", "0", "0", "0", "0", "0" ],
          "attributes": {
            "src": "designs/152/top.sv:11.18-11.24",
            "unused_bits": "2 3 4 5 6 7 8 9 10 11 12 13 14 15 16 17"
          }
        },
        "temp_7": {
          "hide_name": 0,
          "bits": [ 241, 242, 243, 244, 245, 110, 111, 112, 113, 114, 115, 116, 117, 118 ],
          "attributes": {
            "src": "designs/152/top.sv:13.18-13.24"
          }
        },
        "temp_8": {
          "hide_name": 0,
          "bits": [ 254, 255, 256, 257, 262, "0", "0" ],
          "attributes": {
            "src": "designs/152/top.sv:14.17-14.23"
          }
        },
        "temp_9": {
          "hide_name": 0,
          "bits": [ 165, 166, 167, 168, 169, 170, 171, 172, 173, 174, 175, 176, 177, 178, 179, 180, 181, 182, 183, 184, 185, "0", "0", "0", "0", "0", "0", "0", "0", "0", "0", "0" ],
          "attributes": {
            "src": "designs/152/top.sv:15.18-15.24"
          }
        }
      }
    }
  }
}
