{
  "creator": "Yosys 0.60 (git sha1 5bafeb77dc71e054fa331ab9efa613e6fb0a1c49, clang++ 17.0.0 -fPIC -O3)",
  "modules": {
    "top": {
      "attributes": {
        "top": "00000000000000000000000000000001",
        "src": "designs/105/top.sv:1.1-24.10"
      },
      "ports": {
        "input_data": {
          "direction": "input",
          "bits": [ 2, 3, 4, 5, 6, 7, 8, 9 ]
        },
        "output_data": {
          "direction": "output",
          "bits": [ 10, 11, 12, 13, 14 ]
        }
      },
      "cells": {
        "$add$designs/105/top.sv:22$63": {
          "hide_name": 1,
          "type": "$add",
          "parameters": {
            "A_SIGNED": "00000000000000000000000000000000",
            "A_WIDTH": "00000000000000000000000000000101",
            "B_SIGNED": "00000000000000000000000000000000",
            "B_WIDTH": "00000000000000000000000000000010",
            "Y_WIDTH": "00000000000000000000000000000101"
          },
          "attributes": {
            "src": "designs/105/top.sv:22.27-22.157"
          },
          "port_directions": {
            "A": "input",
            "B": "input",
            "Y": "output"
          },
          "connections": {
            "A": [ 15, 16, 17, 18, 19 ],
            "B": [ 20, "0" ],
            "Y": [ 10, 11, 12, 13, 14 ]
          }
        },
        "$and$designs/105/top.sv:14$1": {
          "hide_name": 1,
          "type": "$and",
          "parameters": {
            "A_SIGNED": "00000000000000000000000000000000",
            "A_WIDTH": "00000000000000000000000000001000",
            "B_SIGNED": "00000000000000000000000000000000",
            "B_WIDTH": "00000000000000000000000000001000",
            "Y_WIDTH": "00000000000000000000000000001000"
          },
          "attributes": {
            "src": "designs/105/top.sv:14.50-14.73"
          },
          "port_directions": {
            "A": "input",
            "B": "input",
            "Y": "output"
          },
          "connections": {
            "A": [ 2, 3, 4, 5, 6, 7, 8, 9 ],
            "B": [ 2, 3, 4, 5, 6, 7, 8, 9 ],
            "Y": [ 21, 22, 23, 24, 25, 26, 27, 28 ]
          }
        },
        "$eq$designs/105/top.sv:17$30": {
          "hide_name": 1,
          "type": "$eq",
          "parameters": {
            "A_SIGNED": "00000000000000000000000000000000",
            "A_WIDTH": "00000000000000000000000000000111",
            "B_SIGNED": "00000000000000000000000000000000",
            "B_WIDTH": "00000000000000000000000000000101",
            "Y_WIDTH": "00000000000000000000000000000001"
          },
          "attributes": {
            "src": "designs/105/top.sv:17.34-17.82"
          },
          "port_directions": {
            "A": "input",
            "B": "input",
            "Y": "output"
          },
          "connections": {
            "A": [ 29, 30, 31, 32, 33, 34, 35 ],
            "B": [ 20, "0", "0", "0", "0" ],
            "Y": [ 36 ]
          }
        },
        "$ge$designs/105/top.sv:14$3": {
          "hide_name": 1,
          "type": "$ge",
          "parameters": {
            "A_SIGNED": "00000000000000000000000000000000",
            "A_WIDTH": "00000000000000000000000000011010",
            "B_SIGNED": "00000000000000000000000000000000",
            "B_WIDTH": "00000000000000000000000000001000",
            "Y_WIDTH": "00000000000000000000000000000001"
          },
          "attributes": {
            "src": "designs/105/top.sv:14.48-14.104"
          },
          "port_directions": {
            "A": "input",
            "B": "input",
            "Y": "output"
          },
          "connections": {
            "A": [ "0", "0", 23, 24, "0", 26, "0", 28, "0", "0", "0", "0", "0", "0", "0", "0", "0", "0", "0", "0", "0", "0", "0", "0", "0", "0" ],
            "B": [ 2, 3, 4, 5, 6, 7, 8, 9 ],
            "Y": [ 37 ]
          }
        },
        "$ge$designs/105/top.sv:17$32": {
          "hide_name": 1,
          "type": "$ge",
          "parameters": {
            "A_SIGNED": "00000000000000000000000000000000",
            "A_WIDTH": "00000000000000000000000000000111",
            "B_SIGNED": "00000000000000000000000000000000",
            "B_WIDTH": "00000000000000000000000000000111",
            "Y_WIDTH": "00000000000000000000000000000001"
          },
          "attributes": {
            "src": "designs/105/top.sv:17.32-17.112"
          },
          "port_directions": {
            "A": "input",
            "B": "input",
            "Y": "output"
          },
          "connections": {
            "A": [ 38, 39, 40, 41, 42, 43, 44 ],
            "B": [ 3, 4, 5, 6, 7, 8, 9 ],
            "Y": [ 45 ]
          }
        },
        "$gt$designs/105/top.sv:14$12": {
          "hide_name": 1,
          "type": "$gt",
          "parameters": {
            "A_SIGNED": "00000000000000000000000000000000",
            "A_WIDTH": "00000000000000000000000000001000",
            "B_SIGNED": "00000000000000000000000000000000",
            "B_WIDTH": "00000000000000000000000000001000",
            "Y_WIDTH": "00000000000000000000000000000001"
          },
          "attributes": {
            "src": "designs/105/top.sv:14.110-14.255"
          },
          "port_directions": {
            "A": "input",
            "B": "input",
            "Y": "output"
          },
          "connections": {
            "A": [ 2, 3, 4, 5, 6, 7, 8, 9 ],
            "B": [ 2, 3, 4, 5, 6, 7, 8, 9 ],
            "Y": [ 46 ]
          }
        },
        "$mul$designs/105/top.sv:17$31": {
          "hide_name": 1,
          "type": "$mul",
          "parameters": {
            "A_SIGNED": "00000000000000000000000000000000",
            "A_WIDTH": "00000000000000000000000000000001",
            "B_SIGNED": "00000000000000000000000000000000",
            "B_WIDTH": "00000000000000000000000000000111",
            "Y_WIDTH": "00000000000000000000000000000111"
          },
          "attributes": {
            "src": "designs/105/top.sv:17.33-17.92"
          },
          "port_directions": {
            "A": "input",
            "B": "input",
            "Y": "output"
          },
          "connections": {
            "A": [ 36 ],
            "B": [ "1", "1", "1", "0", "1", "1", "1" ],
            "Y": [ 38, 39, 40, 41, 42, 43, 44 ]
          }
        },
        "$sub$designs/105/top.sv:17$29": {
          "hide_name": 1,
          "type": "$sub",
          "parameters": {
            "A_SIGNED": "00000000000000000000000000000000",
            "A_WIDTH": "00000000000000000000000000000001",
            "B_SIGNED": "00000000000000000000000000000000",
            "B_WIDTH": "00000000000000000000000000000111",
            "Y_WIDTH": "00000000000000000000000000000111"
          },
          "attributes": {
            "src": "designs/105/top.sv:17.35-17.71"
          },
          "port_directions": {
            "A": "input",
            "B": "input",
            "Y": "output"
          },
          "connections": {
            "A": [ "1" ],
            "B": [ 2, 3, 4, 5, 6, 7, 8 ],
            "Y": [ 29, 30, 31, 32, 33, 34, 35 ]
          }
        },
        "$sub$designs/105/top.sv:22$62": {
          "hide_name": 1,
          "type": "$sub",
          "parameters": {
            "A_SIGNED": "00000000000000000000000000000000",
            "A_WIDTH": "00000000000000000000000000000101",
            "B_SIGNED": "00000000000000000000000000000000",
            "B_WIDTH": "00000000000000000000000000000001",
            "Y_WIDTH": "00000000000000000000000000000101"
          },
          "attributes": {
            "src": "designs/105/top.sv:22.28-22.147"
          },
          "port_directions": {
            "A": "input",
            "B": "input",
            "Y": "output"
          },
          "connections": {
            "A": [ "0", "0", "0", "0", "0" ],
            "B": [ 45 ],
            "Y": [ 15, 16, 17, 18, 19 ]
          }
        },
        "$ternary$designs/105/top.sv:14$13": {
          "hide_name": 1,
          "type": "$mux",
          "parameters": {
            "WIDTH": "00000000000000000000000000000001"
          },
          "attributes": {
            "src": "designs/105/top.sv:14.21-14.256"
          },
          "port_directions": {
            "A": "input",
            "B": "input",
            "S": "input",
            "Y": "output"
          },
          "connections": {
            "A": [ 46 ],
            "B": [ 37 ],
            "S": [ 3 ],
            "Y": [ 20 ]
          }
        }
      },
      "netnames": {
        "$and$designs/105/top.sv:14$1_Y": {
          "hide_name": 1,
          "bits": [ 21, 22, 23, 24, 25, 26, 27, 28, "0", "0", "0", "0", "0", "0", "0", "0", "0", "0", "0", "0", "0", "0", "0", "0", "0", "0" ],
          "attributes": {
            "src": "designs/105/top.sv:14.50-14.73",
            "unused_bits": "0 1 4 6"
          }
        },
        "$auto$wreduce.cc:514:run$64": {
          "hide_name": 1,
          "bits": [ 15, 16, 17, 18, 19, 47, 48, 49, 50, 51, 52, 53, 54, 55, 56, 57, 58, 59, 60, 61, 62, 63, 64, 65, 66, 67 ],
          "attributes": {
            "src": "designs/105/top.sv:22.28-22.147",
            "unused_bits": "5 6 7 8 9 10 11 12 13 14 15 16 17 18 19 20 21 22 23 24 25"
          }
        },
        "$auto$wreduce.cc:514:run$68": {
          "hide_name": 1,
          "bits": [ 36, "0", "0", "0", "0", "0", "0" ],
          "attributes": {
            "src": "designs/105/top.sv:17.34-17.82"
          }
        },
        "$ge$designs/105/top.sv:14$3_Y": {
          "hide_name": 1,
          "bits": [ 37 ],
          "attributes": {
            "src": "designs/105/top.sv:14.48-14.104"
          }
        },
        "$gt$designs/105/top.sv:14$12_Y": {
          "hide_name": 1,
          "bits": [ 46, "0", "0", "0", "0", "0", "0", "0", "0", "0", "0", "0", "0", "0", "0", "0", "0", "0", "0", "0", "0", "0", "0", "0", "0", "0" ],
          "attributes": {
            "src": "designs/105/top.sv:14.110-14.255"
          }
        },
        "$mul$designs/105/top.sv:17$31_Y": {
          "hide_name": 1,
          "bits": [ 38, 39, 40, 41, 42, 43, 44 ],
          "attributes": {
            "src": "designs/105/top.sv:17.33-17.92"
          }
        },
        "$sub$designs/105/top.sv:17$29_Y": {
          "hide_name": 1,
          "bits": [ 29, 30, 31, 32, 33, 34, 35 ],
          "attributes": {
            "src": "designs/105/top.sv:17.35-17.71"
          }
        },
        "input_data": {
          "hide_name": 0,
          "bits": [ 2, 3, 4, 5, 6, 7, 8, 9 ],
          "attributes": {
            "src": "designs/105/top.sv:2.17-2.27"
          }
        },
        "output_data": {
          "hide_name": 0,
          "bits": [ 10, 11, 12, 13, 14 ],
          "attributes": {
            "src": "designs/105/top.sv:3.18-3.29"
          }
        },
        "temp_0": {
          "hide_name": 0,
          "bits": [ 20, "0", "0", "0", "0", "0", "0", "0", "0", "0", "0", "0", "0", "0", "0", "0", "0", "0", "0", "0", "0", "0", "0", "0", "0", "0" ],
          "attributes": {
            "src": "designs/105/top.sv:6.18-6.24"
          }
        },
        "temp_3": {
          "hide_name": 0,
          "bits": [ 45, "0", "0", "0", "0", "0", "0" ],
          "attributes": {
            "src": "designs/105/top.sv:9.17-9.23"
          }
        }
      }
    }
  }
}
