{
  "creator": "Yosys 0.60 (git sha1 5bafeb77dc71e054fa331ab9efa613e6fb0a1c49, clang++ 17.0.0 -fPIC -O3)",
  "modules": {
    "top": {
      "attributes": {
        "top": "00000000000000000000000000000001",
        "src": "designs/172/top.sv:1.1-50.10"
      },
      "ports": {
        "input_data": {
          "direction": "input",
          "bits": [ 2, 3, 4, 5 ]
        },
        "output_data": {
          "direction": "output",
          "bits": [ 6, 7, 8, 9, 10, 11, 12, 13, 14, 15, 16, 17, 18, 19, 20, 21, 22, 23, 24, 25, 26, 27, 28, 29, 30, "0", "0", "0", "0", "0", "0", "0", "0", "0", "0", "0", "0", "0" ]
        }
      },
      "cells": {
        "$add$designs/172/top.sv:27$6": {
          "hide_name": 1,
          "type": "$add",
          "parameters": {
            "A_SIGNED": "00000000000000000000000000000000",
            "A_WIDTH": "00000000000000000000000000001001",
            "B_SIGNED": "00000000000000000000000000000000",
            "B_WIDTH": "00000000000000000000000000000100",
            "Y_WIDTH": "00000000000000000000000000001001"
          },
          "attributes": {
            "src": "designs/172/top.sv:27.39-27.127"
          },
          "port_directions": {
            "A": "input",
            "B": "input",
            "Y": "output"
          },
          "connections": {
            "A": [ 31, 32, 33, 34, 35, 36, 37, 38, 39 ],
            "B": [ 2, 3, 4, 5 ],
            "Y": [ 40, 41, 42, 43, 44, 45, 46, 47, 48 ]
          }
        },
        "$add$designs/172/top.sv:28$7": {
          "hide_name": 1,
          "type": "$add",
          "parameters": {
            "A_SIGNED": "00000000000000000000000000000000",
            "A_WIDTH": "00000000000000000000000000000100",
            "B_SIGNED": "00000000000000000000000000000000",
            "B_WIDTH": "00000000000000000000000000000100",
            "Y_WIDTH": "00000000000000000000000000000101"
          },
          "attributes": {
            "src": "designs/172/top.sv:28.36-28.51"
          },
          "port_directions": {
            "A": "input",
            "B": "input",
            "Y": "output"
          },
          "connections": {
            "A": [ 2, 3, 4, 5 ],
            "B": [ 2, 3, 4, 5 ],
            "Y": [ 49, 50, 51, 52, 53 ]
          }
        },
        "$add$designs/172/top.sv:29$12": {
          "hide_name": 1,
          "type": "$add",
          "parameters": {
            "A_SIGNED": "00000000000000000000000000000000",
            "A_WIDTH": "00000000000000000000000000010010",
            "B_SIGNED": "00000000000000000000000000000000",
            "B_WIDTH": "00000000000000000000000000000100",
            "Y_WIDTH": "00000000000000000000000000010011"
          },
          "attributes": {
            "src": "designs/172/top.sv:29.46-29.71"
          },
          "port_directions": {
            "A": "input",
            "B": "input",
            "Y": "output"
          },
          "connections": {
            "A": [ 54, 55, 56, 57, 58, 59, 60, 61, 62, 63, 64, 65, 66, 67, 68, 69, 70, 71 ],
            "B": [ 2, 3, 4, 5 ],
            "Y": [ 72, 73, 74, 75, 76, 77, 78, 79, 80, 81, 82, 83, 84, 85, 86, 87, 88, 89, 90 ]
          }
        },
        "$add$designs/172/top.sv:29$14": {
          "hide_name": 1,
          "type": "$add",
          "parameters": {
            "A_SIGNED": "00000000000000000000000000000000",
            "A_WIDTH": "00000000000000000000000000010101",
            "B_SIGNED": "00000000000000000000000000000000",
            "B_WIDTH": "00000000000000000000000000000001",
            "Y_WIDTH": "00000000000000000000000000010101"
          },
          "attributes": {
            "src": "designs/172/top.sv:29.44-29.89"
          },
          "port_directions": {
            "A": "input",
            "B": "input",
            "Y": "output"
          },
          "connections": {
            "A": [ 91, 92, 93, 94, 95, 96, 97, 98, 99, 100, 101, 102, 103, 104, 105, 106, 107, 107, 107, 107, 107 ],
            "B": [ "1" ],
            "Y": [ 108, 109, 110, 111, 112, 113, 114, 115, 116, 117, 118, 119, 120, 121, 122, 123, 124, 125, 126, 127, 128 ]
          }
        },
        "$add$designs/172/top.sv:32$20": {
          "hide_name": 1,
          "type": "$add",
          "parameters": {
            "A_SIGNED": "00000000000000000000000000000000",
            "A_WIDTH": "00000000000000000000000000010001",
            "B_SIGNED": "00000000000000000000000000000000",
            "B_WIDTH": "00000000000000000000000000010001",
            "Y_WIDTH": "00000000000000000000000000010001"
          },
          "attributes": {
            "src": "designs/172/top.sv:32.25-32.71"
          },
          "port_directions": {
            "A": "input",
            "B": "input",
            "Y": "output"
          },
          "connections": {
            "A": [ 129, 130, 131, 132, 133, 134, 135, 136, 137, 138, 139, 140, 141, 142, 143, 144, 145 ],
            "B": [ 146, 147, 148, 149, 150, "0", "0", "0", "0", "0", "0", "0", "0", "0", "0", "0", "0" ],
            "Y": [ 151, 152, 153, 154, 155, 156, 157, 158, 159, 160, 161, 162, 163, 164, 165, 166, 167 ]
          }
        },
        "$add$designs/172/top.sv:34$33": {
          "hide_name": 1,
          "type": "$add",
          "parameters": {
            "A_SIGNED": "00000000000000000000000000000000",
            "A_WIDTH": "00000000000000000000000000001100",
            "B_SIGNED": "00000000000000000000000000000000",
            "B_WIDTH": "00000000000000000000000000000100",
            "Y_WIDTH": "00000000000000000000000000001100"
          },
          "attributes": {
            "src": "designs/172/top.sv:34.22-34.133"
          },
          "port_directions": {
            "A": "input",
            "B": "input",
            "Y": "output"
          },
          "connections": {
            "A": [ 168, "0", 169, 170, "0", 171, "0", "0", 172, 173, "0", "0" ],
            "B": [ 41, 42, 43, 44 ],
            "Y": [ 174, 175, 176, 177, 178, 179, 180, 181, 182, 183, 184, 185 ]
          }
        },
        "$add$designs/172/top.sv:48$66": {
          "hide_name": 1,
          "type": "$add",
          "parameters": {
            "A_SIGNED": "00000000000000000000000000000000",
            "A_WIDTH": "00000000000000000000000000010000",
            "B_SIGNED": "00000000000000000000000000000000",
            "B_WIDTH": "00000000000000000000000000001001",
            "Y_WIDTH": "00000000000000000000000000010001"
          },
          "attributes": {
            "src": "designs/172/top.sv:48.50-48.92"
          },
          "port_directions": {
            "A": "input",
            "B": "input",
            "Y": "output"
          },
          "connections": {
            "A": [ 186, 187, 188, 189, 190, 191, 192, 193, 194, 195, 196, 197, 198, 199, 200, "0" ],
            "B": [ 40, 41, 42, 43, 44, 45, 46, 47, 48 ],
            "Y": [ 201, 202, 203, 204, 205, 206, 207, 208, 209, 210, 211, 212, 213, 214, 215, 216, 217 ]
          }
        },
        "$auto$opt_expr.cc:276:group_cell_inputs$101": {
          "hide_name": 1,
          "type": "$or",
          "parameters": {
            "A_SIGNED": "00000000000000000000000000000000",
            "A_WIDTH": "00000000000000000000000000000100",
            "B_SIGNED": "00000000000000000000000000000000",
            "B_WIDTH": "00000000000000000000000000000100",
            "Y_WIDTH": "00000000000000000000000000000100"
          },
          "attributes": {
          },
          "port_directions": {
            "A": "input",
            "B": "input",
            "Y": "output"
          },
          "connections": {
            "A": [ 151, 152, 153, 154 ],
            "B": [ 2, 3, 4, 5 ],
            "Y": [ 218, 219, 220, 221 ]
          }
        },
        "$auto$opt_expr.cc:276:group_cell_inputs$104": {
          "hide_name": 1,
          "type": "$or",
          "parameters": {
            "A_SIGNED": "00000000000000000000000000000000",
            "A_WIDTH": "00000000000000000000000000000100",
            "B_SIGNED": "00000000000000000000000000000000",
            "B_WIDTH": "00000000000000000000000000000100",
            "Y_WIDTH": "00000000000000000000000000000100"
          },
          "attributes": {
          },
          "port_directions": {
            "A": "input",
            "B": "input",
            "Y": "output"
          },
          "connections": {
            "A": [ 218, 219, 220, 221 ],
            "B": [ 2, 3, 4, 5 ],
            "Y": [ 222, 223, 224, 225 ]
          }
        },
        "$auto$opt_expr.cc:276:group_cell_inputs$107": {
          "hide_name": 1,
          "type": "$or",
          "parameters": {
            "A_SIGNED": "00000000000000000000000000000000",
            "A_WIDTH": "00000000000000000000000000000100",
            "B_SIGNED": "00000000000000000000000000000000",
            "B_WIDTH": "00000000000000000000000000000100",
            "Y_WIDTH": "00000000000000000000000000000100"
          },
          "attributes": {
          },
          "port_directions": {
            "A": "input",
            "B": "input",
            "Y": "output"
          },
          "connections": {
            "A": [ 2, 3, 4, 5 ],
            "B": [ 54, 55, 56, 57 ],
            "Y": [ 226, 227, 228, 229 ]
          }
        },
        "$auto$opt_expr.cc:276:group_cell_inputs$110": {
          "hide_name": 1,
          "type": "$xor",
          "parameters": {
            "A_SIGNED": "00000000000000000000000000000000",
            "A_WIDTH": "00000000000000000000000000000100",
            "B_SIGNED": "00000000000000000000000000000000",
            "B_WIDTH": "00000000000000000000000000000100",
            "Y_WIDTH": "00000000000000000000000000000100"
          },
          "attributes": {
          },
          "port_directions": {
            "A": "input",
            "B": "input",
            "Y": "output"
          },
          "connections": {
            "A": [ 230, 231, 232, 233 ],
            "B": [ 2, 3, 4, 5 ],
            "Y": [ 234, 168, 235, 169 ]
          }
        },
        "$auto$opt_expr.cc:276:group_cell_inputs$113": {
          "hide_name": 1,
          "type": "$not",
          "parameters": {
            "A_SIGNED": "00000000000000000000000000000000",
            "A_WIDTH": "00000000000000000000000000000010",
            "Y_WIDTH": "00000000000000000000000000000010"
          },
          "attributes": {
          },
          "port_directions": {
            "A": "input",
            "Y": "output"
          },
          "connections": {
            "A": [ 236, 237 ],
            "Y": [ 238, 239 ]
          }
        },
        "$auto$opt_expr.cc:276:group_cell_inputs$124": {
          "hide_name": 1,
          "type": "$xor",
          "parameters": {
            "A_SIGNED": "00000000000000000000000000000000",
            "A_WIDTH": "00000000000000000000000000001001",
            "B_SIGNED": "00000000000000000000000000000000",
            "B_WIDTH": "00000000000000000000000000001001",
            "Y_WIDTH": "00000000000000000000000000001001"
          },
          "attributes": {
          },
          "port_directions": {
            "A": "input",
            "B": "input",
            "Y": "output"
          },
          "connections": {
            "A": [ 40, 41, 42, 43, 44, 45, 46, 47, 48 ],
            "B": [ 186, 187, 188, 189, 190, 191, 192, 193, 194 ],
            "Y": [ 240, 241, 242, 243, 244, 245, 246, 247, 248 ]
          }
        },
        "$auto$opt_expr.cc:276:group_cell_inputs$127": {
          "hide_name": 1,
          "type": "$or",
          "parameters": {
            "A_SIGNED": "00000000000000000000000000000000",
            "A_WIDTH": "00000000000000000000000000000101",
            "B_SIGNED": "00000000000000000000000000000000",
            "B_WIDTH": "00000000000000000000000000000101",
            "Y_WIDTH": "00000000000000000000000000000101"
          },
          "attributes": {
          },
          "port_directions": {
            "A": "input",
            "B": "input",
            "Y": "output"
          },
          "connections": {
            "A": [ 240, 241, 242, 243, 244 ],
            "B": [ 236, 237, 249, 250, 251 ],
            "Y": [ 252, 253, 254, 255, 256 ]
          }
        },
        "$auto$opt_expr.cc:276:group_cell_inputs$157": {
          "hide_name": 1,
          "type": "$xor",
          "parameters": {
            "A_SIGNED": "00000000000000000000000000000000",
            "A_WIDTH": "00000000000000000000000000000010",
            "B_SIGNED": "00000000000000000000000000000000",
            "B_WIDTH": "00000000000000000000000000000010",
            "Y_WIDTH": "00000000000000000000000000000010"
          },
          "attributes": {
          },
          "port_directions": {
            "A": "input",
            "B": "input",
            "Y": "output"
          },
          "connections": {
            "A": [ 257, 258 ],
            "B": [ 236, 237 ],
            "Y": [ 259, 260 ]
          }
        },
        "$auto$opt_expr.cc:276:group_cell_inputs$174": {
          "hide_name": 1,
          "type": "$or",
          "parameters": {
            "A_SIGNED": "00000000000000000000000000000000",
            "A_WIDTH": "00000000000000000000000000000011",
            "B_SIGNED": "00000000000000000000000000000000",
            "B_WIDTH": "00000000000000000000000000000011",
            "Y_WIDTH": "00000000000000000000000000000011"
          },
          "attributes": {
          },
          "port_directions": {
            "A": "input",
            "B": "input",
            "Y": "output"
          },
          "connections": {
            "A": [ 261, 262, 263 ],
            "B": [ 2, 3, 4 ],
            "Y": [ 6, 7, 8 ]
          }
        },
        "$auto$opt_expr.cc:276:group_cell_inputs$177": {
          "hide_name": 1,
          "type": "$or",
          "parameters": {
            "A_SIGNED": "00000000000000000000000000000000",
            "A_WIDTH": "00000000000000000000000000000001",
            "B_SIGNED": "00000000000000000000000000000000",
            "B_WIDTH": "00000000000000000000000000000001",
            "Y_WIDTH": "00000000000000000000000000000001"
          },
          "attributes": {
          },
          "port_directions": {
            "A": "input",
            "B": "input",
            "Y": "output"
          },
          "connections": {
            "A": [ 264 ],
            "B": [ 2 ],
            "Y": [ 265 ]
          }
        },
        "$auto$opt_expr.cc:276:group_cell_inputs$180": {
          "hide_name": 1,
          "type": "$and",
          "parameters": {
            "A_SIGNED": "00000000000000000000000000000000",
            "A_WIDTH": "00000000000000000000000000000010",
            "B_SIGNED": "00000000000000000000000000000000",
            "B_WIDTH": "00000000000000000000000000000010",
            "Y_WIDTH": "00000000000000000000000000000010"
          },
          "attributes": {
          },
          "port_directions": {
            "A": "input",
            "B": "input",
            "Y": "output"
          },
          "connections": {
            "A": [ 236, 237 ],
            "B": [ 238, 239 ],
            "Y": [ 266, 267 ]
          }
        },
        "$auto$opt_expr.cc:276:group_cell_inputs$183": {
          "hide_name": 1,
          "type": "$or",
          "parameters": {
            "A_SIGNED": "00000000000000000000000000000000",
            "A_WIDTH": "00000000000000000000000000000101",
            "B_SIGNED": "00000000000000000000000000000000",
            "B_WIDTH": "00000000000000000000000000000101",
            "Y_WIDTH": "00000000000000000000000000000101"
          },
          "attributes": {
          },
          "port_directions": {
            "A": "input",
            "B": "input",
            "Y": "output"
          },
          "connections": {
            "A": [ 266, 267, 249, 250, 251 ],
            "B": [ 268, 269, 270, 271, 272 ],
            "Y": [ 273, 274, 275, 276, 277 ]
          }
        },
        "$auto$opt_expr.cc:276:group_cell_inputs$190": {
          "hide_name": 1,
          "type": "$not",
          "parameters": {
            "A_SIGNED": "00000000000000000000000000000000",
            "A_WIDTH": "00000000000000000000000000000101",
            "Y_WIDTH": "00000000000000000000000000000101"
          },
          "attributes": {
          },
          "port_directions": {
            "A": "input",
            "Y": "output"
          },
          "connections": {
            "A": [ 146, 147, 148, 149, 150 ],
            "Y": [ 278, 279, 280, 281, 282 ]
          }
        },
        "$auto$opt_expr.cc:276:group_cell_inputs$194": {
          "hide_name": 1,
          "type": "$xor",
          "parameters": {
            "A_SIGNED": "00000000000000000000000000000000",
            "A_WIDTH": "00000000000000000000000000001001",
            "B_SIGNED": "00000000000000000000000000000000",
            "B_WIDTH": "00000000000000000000000000001001",
            "Y_WIDTH": "00000000000000000000000000001001"
          },
          "attributes": {
          },
          "port_directions": {
            "A": "input",
            "B": "input",
            "Y": "output"
          },
          "connections": {
            "A": [ 283, 284, 285, 286, 287, 45, 46, 47, 48 ],
            "B": [ 252, 253, 254, 255, 256, 245, 246, 247, 248 ],
            "Y": [ 257, 258, 288, 289, 290, 291, 292, 293, 294 ]
          }
        },
        "$auto$opt_expr.cc:276:group_cell_inputs$203": {
          "hide_name": 1,
          "type": "$or",
          "parameters": {
            "A_SIGNED": "00000000000000000000000000000000",
            "A_WIDTH": "00000000000000000000000000000101",
            "B_SIGNED": "00000000000000000000000000000000",
            "B_WIDTH": "00000000000000000000000000000101",
            "Y_WIDTH": "00000000000000000000000000000101"
          },
          "attributes": {
          },
          "port_directions": {
            "A": "input",
            "B": "input",
            "Y": "output"
          },
          "connections": {
            "A": [ 40, 174, 175, 176, 177 ],
            "B": [ 278, 279, 280, 281, 282 ],
            "Y": [ 295, 296, 297, 298, 299 ]
          }
        },
        "$auto$opt_expr.cc:276:group_cell_inputs$207": {
          "hide_name": 1,
          "type": "$not",
          "parameters": {
            "A_SIGNED": "00000000000000000000000000000000",
            "A_WIDTH": "00000000000000000000000000010001",
            "Y_WIDTH": "00000000000000000000000000010001"
          },
          "attributes": {
          },
          "port_directions": {
            "A": "input",
            "Y": "output"
          },
          "connections": {
            "A": [ 273, 274, 275, 276, 277, 300, 301, 302, 303, 304, 305, 306, 307, 308, 309, 310, 311 ],
            "Y": [ 312, 313, 314, 315, 316, 317, 318, 319, 320, 321, 322, 323, 324, 325, 326, 327, 328 ]
          }
        },
        "$auto$opt_expr.cc:276:group_cell_inputs$211": {
          "hide_name": 1,
          "type": "$and",
          "parameters": {
            "A_SIGNED": "00000000000000000000000000000000",
            "A_WIDTH": "00000000000000000000000000000101",
            "B_SIGNED": "00000000000000000000000000000000",
            "B_WIDTH": "00000000000000000000000000000101",
            "Y_WIDTH": "00000000000000000000000000000101"
          },
          "attributes": {
          },
          "port_directions": {
            "A": "input",
            "B": "input",
            "Y": "output"
          },
          "connections": {
            "A": [ 295, 296, 297, 298, 299 ],
            "B": [ 40, 41, 42, 43, 44 ],
            "Y": [ 283, 284, 285, 286, 287 ]
          }
        },
        "$auto$opt_expr.cc:276:group_cell_inputs$77": {
          "hide_name": 1,
          "type": "$and",
          "parameters": {
            "A_SIGNED": "00000000000000000000000000000000",
            "A_WIDTH": "00000000000000000000000000000001",
            "B_SIGNED": "00000000000000000000000000000000",
            "B_WIDTH": "00000000000000000000000000000001",
            "Y_WIDTH": "00000000000000000000000000000001"
          },
          "attributes": {
          },
          "port_directions": {
            "A": "input",
            "B": "input",
            "Y": "output"
          },
          "connections": {
            "A": [ 5 ],
            "B": [ 2 ],
            "Y": [ 264 ]
          }
        },
        "$auto$opt_expr.cc:276:group_cell_inputs$81": {
          "hide_name": 1,
          "type": "$or",
          "parameters": {
            "A_SIGNED": "00000000000000000000000000000000",
            "A_WIDTH": "00000000000000000000000000000100",
            "B_SIGNED": "00000000000000000000000000000000",
            "B_WIDTH": "00000000000000000000000000000100",
            "Y_WIDTH": "00000000000000000000000000000100"
          },
          "attributes": {
          },
          "port_directions": {
            "A": "input",
            "B": "input",
            "Y": "output"
          },
          "connections": {
            "A": [ 329, 330, 331, 332 ],
            "B": [ 2, 3, 4, 5 ],
            "Y": [ 333, 334, 335, 336 ]
          }
        },
        "$auto$opt_expr.cc:276:group_cell_inputs$84": {
          "hide_name": 1,
          "type": "$xor",
          "parameters": {
            "A_SIGNED": "00000000000000000000000000000000",
            "A_WIDTH": "00000000000000000000000000000101",
            "B_SIGNED": "00000000000000000000000000000000",
            "B_WIDTH": "00000000000000000000000000000101",
            "Y_WIDTH": "00000000000000000000000000000101"
          },
          "attributes": {
          },
          "port_directions": {
            "A": "input",
            "B": "input",
            "Y": "output"
          },
          "connections": {
            "A": [ 49, 50, 51, 52, 53 ],
            "B": [ 40, 41, 42, 43, 44 ],
            "Y": [ 337, 338, 339, 340, 341 ]
          }
        },
        "$auto$opt_expr.cc:276:group_cell_inputs$87": {
          "hide_name": 1,
          "type": "$and",
          "parameters": {
            "A_SIGNED": "00000000000000000000000000000000",
            "A_WIDTH": "00000000000000000000000000000100",
            "B_SIGNED": "00000000000000000000000000000000",
            "B_WIDTH": "00000000000000000000000000000100",
            "Y_WIDTH": "00000000000000000000000000000100"
          },
          "attributes": {
          },
          "port_directions": {
            "A": "input",
            "B": "input",
            "Y": "output"
          },
          "connections": {
            "A": [ 337, 338, 339, 340 ],
            "B": [ 2, 3, 4, 5 ],
            "Y": [ 342, 343, 344, 345 ]
          }
        },
        "$auto$opt_expr.cc:276:group_cell_inputs$91": {
          "hide_name": 1,
          "type": "$or",
          "parameters": {
            "A_SIGNED": "00000000000000000000000000000000",
            "A_WIDTH": "00000000000000000000000000000100",
            "B_SIGNED": "00000000000000000000000000000000",
            "B_WIDTH": "00000000000000000000000000000100",
            "Y_WIDTH": "00000000000000000000000000000100"
          },
          "attributes": {
          },
          "port_directions": {
            "A": "input",
            "B": "input",
            "Y": "output"
          },
          "connections": {
            "A": [ 342, 343, 344, 345 ],
            "B": [ 2, 3, 4, 5 ],
            "Y": [ 346, 347, 348, 349 ]
          }
        },
        "$auto$opt_expr.cc:276:group_cell_inputs$94": {
          "hide_name": 1,
          "type": "$xor",
          "parameters": {
            "A_SIGNED": "00000000000000000000000000000000",
            "A_WIDTH": "00000000000000000000000000000100",
            "B_SIGNED": "00000000000000000000000000000000",
            "B_WIDTH": "00000000000000000000000000000100",
            "Y_WIDTH": "00000000000000000000000000000100"
          },
          "attributes": {
          },
          "port_directions": {
            "A": "input",
            "B": "input",
            "Y": "output"
          },
          "connections": {
            "A": [ 350, 351, 352, 353 ],
            "B": [ 2, 3, 4, 5 ],
            "Y": [ 236, 237, 249, 250 ]
          }
        },
        "$auto$opt_expr.cc:276:group_cell_inputs$97": {
          "hide_name": 1,
          "type": "$and",
          "parameters": {
            "A_SIGNED": "00000000000000000000000000000000",
            "A_WIDTH": "00000000000000000000000000000101",
            "B_SIGNED": "00000000000000000000000000000000",
            "B_WIDTH": "00000000000000000000000000000101",
            "Y_WIDTH": "00000000000000000000000000000101"
          },
          "attributes": {
          },
          "port_directions": {
            "A": "input",
            "B": "input",
            "Y": "output"
          },
          "connections": {
            "A": [ 54, 55, 56, 57, 58 ],
            "B": [ 236, 237, 249, 250, 251 ],
            "Y": [ 146, 147, 148, 149, 150 ]
          }
        },
        "$mul$designs/172/top.sv:27$3": {
          "hide_name": 1,
          "type": "$mul",
          "parameters": {
            "A_SIGNED": "00000000000000000000000000000000",
            "A_WIDTH": "00000000000000000000000000000100",
            "B_SIGNED": "00000000000000000000000000000000",
            "B_WIDTH": "00000000000000000000000000000100",
            "Y_WIDTH": "00000000000000000000000000001000"
          },
          "attributes": {
            "src": "designs/172/top.sv:27.42-27.88"
          },
          "port_directions": {
            "A": "input",
            "B": "input",
            "Y": "output"
          },
          "connections": {
            "A": [ 265, 3, 4, 5 ],
            "B": [ 2, 3, 4, 5 ],
            "Y": [ 329, 330, 331, 332, 354, 355, 356, 357 ]
          }
        },
        "$mul$designs/172/top.sv:27$5": {
          "hide_name": 1,
          "type": "$mul",
          "parameters": {
            "A_SIGNED": "00000000000000000000000000000000",
            "A_WIDTH": "00000000000000000000000000001000",
            "B_SIGNED": "00000000000000000000000000000000",
            "B_WIDTH": "00000000000000000000000000000100",
            "Y_WIDTH": "00000000000000000000000000001001"
          },
          "attributes": {
            "src": "designs/172/top.sv:27.40-27.112"
          },
          "port_directions": {
            "A": "input",
            "B": "input",
            "Y": "output"
          },
          "connections": {
            "A": [ 333, 334, 335, 336, 354, 355, 356, 357 ],
            "B": [ 2, 3, 4, 5 ],
            "Y": [ 31, 32, 33, 34, 35, 36, 37, 38, 39 ]
          }
        },
        "$mul$designs/172/top.sv:28$11": {
          "hide_name": 1,
          "type": "$mul",
          "parameters": {
            "A_SIGNED": "00000000000000000000000000000000",
            "A_WIDTH": "00000000000000000000000000001001",
            "B_SIGNED": "00000000000000000000000000000000",
            "B_WIDTH": "00000000000000000000000000001001",
            "Y_WIDTH": "00000000000000000000000000010010"
          },
          "attributes": {
            "src": "designs/172/top.sv:28.32-28.95"
          },
          "port_directions": {
            "A": "input",
            "B": "input",
            "Y": "output"
          },
          "connections": {
            "A": [ 346, 347, 348, 349, "0", "0", "0", "0", "0" ],
            "B": [ 40, 41, 42, 43, 44, 45, 46, 47, 48 ],
            "Y": [ 54, 55, 56, 57, 58, 59, 60, 61, 62, 63, 64, 65, 66, 67, 68, 69, 70, 71 ]
          }
        },
        "$mul$designs/172/top.sv:29$15": {
          "hide_name": 1,
          "type": "$mul",
          "parameters": {
            "A_SIGNED": "00000000000000000000000000000000",
            "A_WIDTH": "00000000000000000000000000011000",
            "B_SIGNED": "00000000000000000000000000000000",
            "B_WIDTH": "00000000000000000000000000000100",
            "Y_WIDTH": "00000000000000000000000000000101"
          },
          "attributes": {
            "src": "designs/172/top.sv:29.33-29.100"
          },
          "port_directions": {
            "A": "input",
            "B": "input",
            "Y": "output"
          },
          "connections": {
            "A": [ 358, 359, 360, 108, 109, 110, 111, 112, 113, 114, 115, 116, 117, 118, 119, 120, 121, 122, 123, 124, 125, 126, 127, 128 ],
            "B": [ 2, 3, 4, 5 ],
            "Y": [ 350, 351, 352, 353, 251 ]
          }
        },
        "$mul$designs/172/top.sv:48$67": {
          "hide_name": 1,
          "type": "$mul",
          "parameters": {
            "A_SIGNED": "00000000000000000000000000000000",
            "A_WIDTH": "00000000000000000000000000010001",
            "B_SIGNED": "00000000000000000000000000000000",
            "B_WIDTH": "00000000000000000000000000011001",
            "Y_WIDTH": "00000000000000000000000000011001"
          },
          "attributes": {
            "src": "designs/172/top.sv:48.49-48.103"
          },
          "port_directions": {
            "A": "input",
            "B": "input",
            "Y": "output"
          },
          "connections": {
            "A": [ 201, 202, 203, 204, 205, 206, 207, 208, 209, 210, 211, 212, 213, 214, 215, 216, 217 ],
            "B": [ 259, 260, 288, 289, 290, 291, 292, 293, 294, 195, 196, 197, 198, 199, 200, "0", "0", "0", "0", "0", "0", "0", "0", "0", "0" ],
            "Y": [ 361, 362, 363, 364, 365, 366, 367, 368, 369, 370, 371, 372, 373, 374, 375, 376, 377, 378, 379, 380, 381, 382, 383, 384, 385 ]
          }
        },
        "$mul$designs/172/top.sv:48$70": {
          "hide_name": 1,
          "type": "$mul",
          "parameters": {
            "A_SIGNED": "00000000000000000000000000000000",
            "A_WIDTH": "00000000000000000000000000011001",
            "B_SIGNED": "00000000000000000000000000000000",
            "B_WIDTH": "00000000000000000000000000011001",
            "Y_WIDTH": "00000000000000000000000000011001"
          },
          "attributes": {
            "src": "designs/172/top.sv:48.48-48.123"
          },
          "port_directions": {
            "A": "input",
            "B": "input",
            "Y": "output"
          },
          "connections": {
            "A": [ 361, 362, 363, 364, 365, 366, 367, 368, 369, 370, 371, 372, 373, 374, 375, 376, 377, 378, 379, 380, 381, 382, 383, 384, 385 ],
            "B": [ 312, 313, 314, 315, 316, 317, 318, 319, 320, 321, 322, 323, 324, 325, 326, 327, 328, "1", "1", "1", "1", "1", "1", "1", "1" ],
            "Y": [ 261, 262, 263, 9, 10, 11, 12, 13, 14, 15, 16, 17, 18, 19, 20, 21, 22, 23, 24, 25, 26, 27, 28, 29, 30 ]
          }
        },
        "$not$designs/172/top.sv:32$23": {
          "hide_name": 1,
          "type": "$not",
          "parameters": {
            "A_SIGNED": "00000000000000000000000000000000",
            "A_WIDTH": "00000000000000000000000000010001",
            "Y_WIDTH": "00000000000000000000000000010001"
          },
          "attributes": {
            "src": "designs/172/top.sv:32.96-32.103"
          },
          "port_directions": {
            "A": "input",
            "Y": "output"
          },
          "connections": {
            "A": [ 54, 55, 56, 57, 58, 59, 60, 61, 62, 63, 64, 65, 66, 67, 68, 69, 70 ],
            "Y": [ 386, 387, 388, 389, 390, 391, 392, 393, 394, 395, 396, 397, 398, 399, 400, 401, 402 ]
          }
        },
        "$reduce_bool$designs/172/top.sv:33$26": {
          "hide_name": 1,
          "type": "$reduce_bool",
          "parameters": {
            "A_SIGNED": "00000000000000000000000000000000",
            "A_WIDTH": "00000000000000000000000000010010",
            "Y_WIDTH": "00000000000000000000000000000001"
          },
          "attributes": {
            "src": "designs/172/top.sv:33.21-33.92"
          },
          "port_directions": {
            "A": "input",
            "Y": "output"
          },
          "connections": {
            "A": [ 54, 55, 56, 57, 58, 59, 60, 61, 62, 63, 64, 65, 66, 67, 68, 69, 70, 71 ],
            "Y": [ 403 ]
          }
        },
        "$shl$designs/172/top.sv:34$28": {
          "hide_name": 1,
          "type": "$shl",
          "parameters": {
            "A_SIGNED": "00000000000000000000000000000000",
            "A_WIDTH": "00000000000000000000000000001101",
            "B_SIGNED": "00000000000000000000000000000000",
            "B_WIDTH": "00000000000000000000000000000100",
            "Y_WIDTH": "00000000000000000000000000001101"
          },
          "attributes": {
            "src": "designs/172/top.sv:34.37-34.59"
          },
          "port_directions": {
            "A": "input",
            "B": "input",
            "Y": "output"
          },
          "connections": {
            "A": [ "0", "0", "0", "1", "0", "1", "0", "0", "0", "0", "1", "0", "1" ],
            "B": [ 2, 3, 4, 5 ],
            "Y": [ 404, 405, 406, 407, 408, 409, 410, 411, 412, 413, 414, 415, 416 ]
          }
        },
        "$sub$designs/172/top.sv:29$13": {
          "hide_name": 1,
          "type": "$sub",
          "parameters": {
            "A_SIGNED": "00000000000000000000000000000000",
            "A_WIDTH": "00000000000000000000000000010011",
            "B_SIGNED": "00000000000000000000000000000000",
            "B_WIDTH": "00000000000000000000000000001001",
            "Y_WIDTH": "00000000000000000000000000010100"
          },
          "attributes": {
            "src": "designs/172/top.sv:29.45-29.81"
          },
          "port_directions": {
            "A": "input",
            "B": "input",
            "Y": "output"
          },
          "connections": {
            "A": [ 72, 73, 74, 75, 76, 77, 78, 79, 80, 81, 82, 83, 84, 85, 86, 87, 88, 89, 90 ],
            "B": [ 40, 41, 42, 43, 44, 45, 46, 47, 48 ],
            "Y": [ 358, 359, 360, 91, 92, 93, 94, 95, 96, 97, 98, 99, 100, 101, 102, 103, 104, 105, 106, 107 ]
          }
        },
        "$sub$designs/172/top.sv:32$19": {
          "hide_name": 1,
          "type": "$sub",
          "parameters": {
            "A_SIGNED": "00000000000000000000000000000000",
            "A_WIDTH": "00000000000000000000000000010001",
            "B_SIGNED": "00000000000000000000000000000000",
            "B_WIDTH": "00000000000000000000000000010001",
            "Y_WIDTH": "00000000000000000000000000010001"
          },
          "attributes": {
            "src": "designs/172/top.sv:32.26-32.55"
          },
          "port_directions": {
            "A": "input",
            "B": "input",
            "Y": "output"
          },
          "connections": {
            "A": [ 40, "1", 42, "1", "1", "1", "1", "1", "1", "1", "1", "0", "0", "1", "0", "0", "1" ],
            "B": [ 146, 147, 148, 149, 150, "0", "0", "0", "0", "0", "0", "0", "0", "0", "0", "0", "0" ],
            "Y": [ 129, 130, 131, 132, 133, 134, 135, 136, 137, 138, 139, 140, 141, 142, 143, 144, 145 ]
          }
        },
        "$sub$designs/172/top.sv:32$24": {
          "hide_name": 1,
          "type": "$sub",
          "parameters": {
            "A_SIGNED": "00000000000000000000000000000000",
            "A_WIDTH": "00000000000000000000000000010001",
            "B_SIGNED": "00000000000000000000000000000000",
            "B_WIDTH": "00000000000000000000000000010001",
            "Y_WIDTH": "00000000000000000000000000010001"
          },
          "attributes": {
            "src": "designs/172/top.sv:32.22-32.104"
          },
          "port_directions": {
            "A": "input",
            "B": "input",
            "Y": "output"
          },
          "connections": {
            "A": [ 222, 223, 224, 225, 155, 156, 157, 158, 159, 160, 161, 162, 163, 164, 165, 166, 167 ],
            "B": [ 386, 387, 388, 389, 390, 391, 392, 393, 394, 395, 396, 397, 398, 399, 400, 401, 402 ],
            "Y": [ 268, 269, 270, 271, 272, 300, 301, 302, 303, 304, 305, 306, 307, 308, 309, 310, 311 ]
          }
        },
        "$sub$designs/172/top.sv:34$29": {
          "hide_name": 1,
          "type": "$sub",
          "parameters": {
            "A_SIGNED": "00000000000000000000000000000000",
            "A_WIDTH": "00000000000000000000000000001101",
            "B_SIGNED": "00000000000000000000000000000000",
            "B_WIDTH": "00000000000000000000000000000100",
            "Y_WIDTH": "00000000000000000000000000001101"
          },
          "attributes": {
            "src": "designs/172/top.sv:34.36-34.73"
          },
          "port_directions": {
            "A": "input",
            "B": "input",
            "Y": "output"
          },
          "connections": {
            "A": [ 404, 405, 406, 407, 408, 409, 410, 411, 412, 413, 414, 415, 416 ],
            "B": [ 2, 3, 4, 5 ],
            "Y": [ 230, 231, 232, 233, 170, 417, 171, 418, 419, 172, 173, 420, 421 ]
          }
        },
        "$ternary$designs/172/top.sv:33$27": {
          "hide_name": 1,
          "type": "$mux",
          "parameters": {
            "WIDTH": "00000000000000000000000000001111"
          },
          "attributes": {
            "src": "designs/172/top.sv:33.21-33.92"
          },
          "port_directions": {
            "A": "input",
            "B": "input",
            "S": "input",
            "Y": "output"
          },
          "connections": {
            "A": [ 226, 227, 228, 229, 58, 59, 60, 61, 62, 63, 64, 65, 66, 67, 68 ],
            "B": [ 3, 4, 5, "0", "0", "0", "0", "0", "0", "0", "0", "0", "0", "0", "0" ],
            "S": [ 403 ],
            "Y": [ 186, 187, 188, 189, 190, 191, 192, 193, 194, 195, 196, 197, 198, 199, 200 ]
          }
        }
      },
      "netnames": {
        "$add$designs/172/top.sv:28$7_Y": {
          "hide_name": 1,
          "bits": [ 49, 50, 51, 52, 53, "0", "0", "0", "0", "0", "0", "0", "0", "0", "0", "0", "0", "0", "0", "0", "0", "0", "0", "0" ],
          "attributes": {
            "src": "designs/172/top.sv:28.36-28.51"
          }
        },
        "$add$designs/172/top.sv:29$12_Y": {
          "hide_name": 1,
          "bits": [ 72, 73, 74, 75, 76, 77, 78, 79, 80, 81, 82, 83, 84, 85, 86, 87, 88, 89, 90, "0", "0", "0", "0", "0" ],
          "attributes": {
            "src": "designs/172/top.sv:29.46-29.71"
          }
        },
        "$add$designs/172/top.sv:29$14_Y": {
          "hide_name": 1,
          "bits": [ 358, 359, 360, 108, 109, 110, 111, 112, 113, 114, 115, 116, 117, 118, 119, 120, 121, 122, 123, 124, 125, 126, 127, 128 ],
          "attributes": {
            "src": "designs/172/top.sv:29.44-29.89"
          }
        },
        "$add$designs/172/top.sv:32$20_Y": {
          "hide_name": 1,
          "bits": [ 151, 152, 153, 154, 155, 156, 157, 158, 159, 160, 161, 162, 163, 164, 165, 166, 167, 422, 423, 424, 425, 426, 427, 428, 429, 430, 431, 432, 433, 434, 435 ],
          "attributes": {
            "src": "designs/172/top.sv:32.25-32.71",
            "unused_bits": "17 18 19 20 21 22 23 24 25 26 27 28 29 30"
          }
        },
        "$add$designs/172/top.sv:48$66_Y": {
          "hide_name": 1,
          "bits": [ 201, 202, 203, 204, 205, 206, 207, 208, 209, 210, 211, 212, 213, 214, 215, 216, 217, "0", "0", "0", "0", "0", "0", "0", "0" ],
          "attributes": {
            "src": "designs/172/top.sv:48.50-48.92"
          }
        },
        "$and$designs/172/top.sv:27$1_Y": {
          "hide_name": 1,
          "bits": [ 264, "0", "0", "0", "0", "0", "0", "0", "0" ],
          "attributes": {
            "src": "designs/172/top.sv:27.44-27.64"
          }
        },
        "$and$designs/172/top.sv:28$9_Y": {
          "hide_name": 1,
          "bits": [ 342, 343, 344, 345, "0", "0", "0", "0", "0", "0", "0", "0", "0", "0", "0", "0", "0", "0", "0", "0", "0", "0", "0", "0" ],
          "attributes": {
            "src": "designs/172/top.sv:28.34-28.75"
          }
        },
        "$and$designs/172/top.sv:34$32_Y": {
          "hide_name": 1,
          "bits": [ "0", 168, "0", 169, 170, "0", 171, "0", "0", 172, 173, "0", "0" ],
          "attributes": {
            "src": "designs/172/top.sv:34.23-34.118"
          }
        },
        "$and$designs/172/top.sv:36$35_Y": {
          "hide_name": 1,
          "bits": [ 266, 267, 249, 250, 251, "0", "0", "0", "0", "0", "0", "0", "0", "0", "0", "0", "0", "0", "0", "0", "0", "0", "0", 436, 437, 438, 439, 440, 441, 442, 443 ],
          "attributes": {
            "src": "designs/172/top.sv:36.24-36.42",
            "unused_bits": "23 24 25 26 27 28 29 30"
          }
        },
        "$and$designs/172/top.sv:41$53_Y": {
          "hide_name": 1,
          "bits": [ 283, 284, 285, 286, 287, 45, 46, 47, 48 ],
          "attributes": {
          }
        },
        "$auto$opt_expr.cc:205:group_cell_inputs$100": {
          "hide_name": 1,
          "bits": [ 218, 219, 220, 221 ],
          "attributes": {
          }
        },
        "$auto$opt_expr.cc:205:group_cell_inputs$103": {
          "hide_name": 1,
          "bits": [ 222, 223, 224, 225 ],
          "attributes": {
          }
        },
        "$auto$opt_expr.cc:205:group_cell_inputs$106": {
          "hide_name": 1,
          "bits": [ 226, 227, 228, 229 ],
          "attributes": {
          }
        },
        "$auto$opt_expr.cc:205:group_cell_inputs$109": {
          "hide_name": 1,
          "bits": [ 234, 168, 235, 169 ],
          "attributes": {
            "unused_bits": "0 2"
          }
        },
        "$auto$opt_expr.cc:205:group_cell_inputs$111": {
          "hide_name": 1,
          "bits": [ 170, 417, 171, 418, 419, 172, 173, 420, 421 ],
          "attributes": {
            "unused_bits": "1 3 4 7 8"
          }
        },
        "$auto$opt_expr.cc:205:group_cell_inputs$112": {
          "hide_name": 1,
          "bits": [ 238, 239 ],
          "attributes": {
          }
        },
        "$auto$opt_expr.cc:205:group_cell_inputs$123": {
          "hide_name": 1,
          "bits": [ 240, 241, 242, 243, 244, 245, 246, 247, 248 ],
          "attributes": {
          }
        },
        "$auto$opt_expr.cc:205:group_cell_inputs$142": {
          "hide_name": 1,
          "bits": [ 278, 279, 280, 281, 282, "1", "1", "1", "1", "1", "1", "1", "1", "1", "1", "1", "1", "1" ],
          "attributes": {
          }
        },
        "$auto$opt_expr.cc:205:group_cell_inputs$146": {
          "hide_name": 1,
          "bits": [ 295, 296, 297, 298, 299, "1", "1", "1", "1", "1", "1", "1", "1" ],
          "attributes": {
          }
        },
        "$auto$opt_expr.cc:205:group_cell_inputs$153": {
          "hide_name": 1,
          "bits": [ 257, 258, 288, 289, 290, 291, 292, 293, 294, 195, 196, 197, 198, 199, 200 ],
          "attributes": {
          }
        },
        "$auto$opt_expr.cc:205:group_cell_inputs$169": {
          "hide_name": 1,
          "bits": [ 312, 313, 314, 315, 316, 317, 318, 319, 320, 321, 322, 323, 324, 325, 326, 327, 328, "1", "1", "1", "1", "1", "1" ],
          "attributes": {
          }
        },
        "$auto$opt_expr.cc:205:group_cell_inputs$176": {
          "hide_name": 1,
          "bits": [ 265 ],
          "attributes": {
          }
        },
        "$auto$opt_expr.cc:205:group_cell_inputs$80": {
          "hide_name": 1,
          "bits": [ 333, 334, 335, 336 ],
          "attributes": {
          }
        },
        "$auto$opt_expr.cc:205:group_cell_inputs$82": {
          "hide_name": 1,
          "bits": [ 354, 355, 356, 357 ],
          "attributes": {
          }
        },
        "$auto$opt_expr.cc:205:group_cell_inputs$83": {
          "hide_name": 1,
          "bits": [ 337, 338, 339, 340, 341 ],
          "attributes": {
            "unused_bits": "4"
          }
        },
        "$auto$opt_expr.cc:205:group_cell_inputs$90": {
          "hide_name": 1,
          "bits": [ 346, 347, 348, 349 ],
          "attributes": {
          }
        },
        "$auto$wreduce.cc:514:run$73": {
          "hide_name": 1,
          "bits": [ 361, 362, 363, 364, 365, 366, 367, 368, 369, 370, 371, 372, 373, 374, 375, 376, 377, 378, 379, 380, 381, 382, 383, 384, 385 ],
          "attributes": {
            "src": "designs/172/top.sv:48.49-48.103"
          }
        },
        "$mul$designs/172/top.sv:27$3_Y": {
          "hide_name": 1,
          "bits": [ 329, 330, 331, 332, 354, 355, 356, 357, "0" ],
          "attributes": {
            "src": "designs/172/top.sv:27.42-27.88"
          }
        },
        "$mul$designs/172/top.sv:27$5_Y": {
          "hide_name": 1,
          "bits": [ 31, 32, 33, 34, 35, 36, 37, 38, 39 ],
          "attributes": {
            "src": "designs/172/top.sv:27.40-27.112"
          }
        },
        "$mul$designs/172/top.sv:29$15_Y": {
          "hide_name": 1,
          "bits": [ 350, 351, 352, 353, 251, 444, 445, 446, 447, 448, 449, 450, 451, 452, 453, 454, 455, 456, 457, 458, 459, 460, 461, 462 ],
          "attributes": {
            "src": "designs/172/top.sv:29.33-29.100",
            "unused_bits": "5 6 7 8 9 10 11 12 13 14 15 16 17 18 19 20 21 22 23"
          }
        },
        "$mul$designs/172/top.sv:48$70_Y": {
          "hide_name": 1,
          "bits": [ 261, 262, 263, 9, 10, 11, 12, 13, 14, 15, 16, 17, 18, 19, 20, 21, 22, 23, 24, 25, 26, 27, 28, 29, 30 ],
          "attributes": {
            "src": "designs/172/top.sv:48.48-48.123"
          }
        },
        "$not$designs/172/top.sv:32$23_Y": {
          "hide_name": 1,
          "bits": [ 386, 387, 388, 389, 390, 391, 392, 393, 394, 395, 396, 397, 398, 399, 400, 401, 402, 463, 464, 465, 466, 467, 468, 469, 470, 471, 472, 473, 474, 475, 476 ],
          "attributes": {
            "src": "designs/172/top.sv:32.96-32.103",
            "unused_bits": "17 18 19 20 21 22 23 24 25 26 27 28 29 30"
          }
        },
        "$reduce_bool$designs/172/top.sv:33$26_Y": {
          "hide_name": 1,
          "bits": [ 403 ],
          "attributes": {
            "src": "designs/172/top.sv:33.21-33.92"
          }
        },
        "$shl$designs/172/top.sv:34$28_Y": {
          "hide_name": 1,
          "bits": [ 404, 405, 406, 407, 408, 409, 410, 411, 412, 413, 414, 415, 416 ],
          "attributes": {
            "src": "designs/172/top.sv:34.37-34.59"
          }
        },
        "$sub$designs/172/top.sv:29$13_Y": {
          "hide_name": 1,
          "bits": [ 358, 359, 360, 91, 92, 93, 94, 95, 96, 97, 98, 99, 100, 101, 102, 103, 104, 105, 106, 107, 107, 107, 107, 107 ],
          "attributes": {
            "src": "designs/172/top.sv:29.45-29.81"
          }
        },
        "$sub$designs/172/top.sv:32$19_Y": {
          "hide_name": 1,
          "bits": [ 129, 130, 131, 132, 133, 134, 135, 136, 137, 138, 139, 140, 141, 142, 143, 144, 145, 477, 478, 478, 478, 478, 478, 478, 478, 478, 478, 478, 478, 478, 478 ],
          "attributes": {
            "src": "designs/172/top.sv:32.26-32.55",
            "unused_bits": "17 18 19 20 21 22 23 24 25 26 27 28 29 30"
          }
        },
        "$sub$designs/172/top.sv:34$29_Y": {
          "hide_name": 1,
          "bits": [ 230, 231, 232, 233, 170, 417, 171, 418, 419, 172, 173, 420, 421 ],
          "attributes": {
            "src": "designs/172/top.sv:34.36-34.73",
            "unused_bits": "5 7 8 11 12"
          }
        },
        "input_data": {
          "hide_name": 0,
          "bits": [ 2, 3, 4, 5 ],
          "attributes": {
            "src": "designs/172/top.sv:2.17-2.27"
          }
        },
        "output_data": {
          "hide_name": 0,
          "bits": [ 6, 7, 8, 9, 10, 11, 12, 13, 14, 15, 16, 17, 18, 19, 20, 21, 22, 23, 24, 25, 26, 27, 28, 29, 30, "0", "0", "0", "0", "0", "0", "0", "0", "0", "0", "0", "0", "0" ],
          "attributes": {
            "src": "designs/172/top.sv:3.19-3.30"
          }
        },
        "temp_1": {
          "hide_name": 0,
          "bits": [ 40, 41, 42, 43, 44, 45, 46, 47, 48, "0", "0", "0", "0", "0", "0", "0", "0", "0", "0", "0", "0", "0", "0", "0" ],
          "attributes": {
            "src": "designs/172/top.sv:7.18-7.24"
          }
        },
        "temp_10": {
          "hide_name": 0,
          "bits": [ 273, 274, 275, 276, 277, 300, 301, 302, 303, 304, 305, 306, 307, 308, 309, 310, 311, "0", "0", "0", "0", "0", "0", "x", "x", "x", "x", "x", "x", "x", "x" ],
          "attributes": {
            "src": "designs/172/top.sv:16.18-16.25"
          }
        },
        "temp_11": {
          "hide_name": 0,
          "bits": [ 252, 253, 254, 255, 256, 245, 246, 247, 248, 195, 196, 197, 198, 199, 200, "0", "0", "0", "0", "0", "0", "0", "0", "0", "0", "0" ],
          "attributes": {
            "src": "designs/172/top.sv:17.18-17.25"
          }
        },
        "temp_12": {
          "hide_name": 0,
          "bits": [ "x", "x", "x", "x", 251, "0", "0", "0", "0", "0" ],
          "attributes": {
            "src": "designs/172/top.sv:18.17-18.24"
          }
        },
        "temp_15": {
          "hide_name": 0,
          "bits": [ 259, 260, 288, 289, 290, 291, 292, 293, 294, 195, 196, 197, 198, 199, 200, "0", "0", "0", "0", "0", "0", "0", "0", "0", "0" ],
          "attributes": {
            "src": "designs/172/top.sv:21.18-21.25"
          }
        },
        "temp_2": {
          "hide_name": 0,
          "bits": [ 54, 55, 56, 57, 58, 59, 60, 61, 62, 63, 64, 65, 66, 67, 68, 69, 70, 71, "0", "0", "0", "0", "0", "0", "0", "0", "0", "0", "0", "0", "0" ],
          "attributes": {
            "src": "designs/172/top.sv:8.18-8.24"
          }
        },
        "temp_3": {
          "hide_name": 0,
          "bits": [ 236, 237, 249, 250, 251 ],
          "attributes": {
            "src": "designs/172/top.sv:9.17-9.23"
          }
        },
        "temp_5": {
          "hide_name": 0,
          "bits": [ 146, 147, 148, 149, 150, "0", "0", "0", "0", "0", "0", "0", "0", "0", "0", "0", "0", "0", "0", "0", "0", "0", "0", "0", "0", "0", "0", "0", "0", "0", "0" ],
          "attributes": {
            "src": "designs/172/top.sv:11.18-11.24"
          }
        },
        "temp_6": {
          "hide_name": 0,
          "bits": [ 268, 269, 270, 271, 272, 300, 301, 302, 303, 304, 305, 306, 307, 308, 309, 310, 311 ],
          "attributes": {
            "src": "designs/172/top.sv:12.18-12.24"
          }
        },
        "temp_7": {
          "hide_name": 0,
          "bits": [ 186, 187, 188, 189, 190, 191, 192, 193, 194, 195, 196, 197, 198, 199, 200 ],
          "attributes": {
            "src": "designs/172/top.sv:13.18-13.24"
          }
        },
        "temp_8": {
          "hide_name": 0,
          "bits": [ 40, 174, 175, 176, 177, 178, 179, 180, 181, 182, 183, 184, 185 ],
          "attributes": {
            "src": "designs/172/top.sv:14.18-14.24",
            "unused_bits": "5 6 7 8 9 10 11 12"
          }
        }
      }
    }
  }
}
