{
  "creator": "Yosys 0.60 (git sha1 5bafeb77dc71e054fa331ab9efa613e6fb0a1c49, clang++ 17.0.0 -fPIC -O3)",
  "modules": {
    "top": {
      "attributes": {
        "top": "00000000000000000000000000000001",
        "src": "designs/153/top.sv:1.1-28.10"
      },
      "ports": {
        "input_data": {
          "direction": "input",
          "bits": [ 2, 3, 4, 5, 6, 7, 8, 9, 10, 11 ]
        },
        "output_data": {
          "direction": "output",
          "bits": [ 12, 13, 14, 15, 16, 17, 18, 19, 20, 21, 22, 23, 24, 25, 26, 27, 28, 29, 30, 31, 32, 33, 34, 35, 36, 37, 38, 39, 40, 41, 42, 43, 44, 45, 46, 47, 48, 49, 50, 51 ]
        }
      },
      "cells": {
        "$add$designs/153/top.sv:20$15": {
          "hide_name": 1,
          "type": "$add",
          "parameters": {
            "A_SIGNED": "00000000000000000000000000000000",
            "A_WIDTH": "00000000000000000000000000000001",
            "B_SIGNED": "00000000000000000000000000000000",
            "B_WIDTH": "00000000000000000000000000000001",
            "Y_WIDTH": "00000000000000000000000000000001"
          },
          "attributes": {
            "src": "designs/153/top.sv:20.22-20.107"
          },
          "port_directions": {
            "A": "input",
            "B": "input",
            "Y": "output"
          },
          "connections": {
            "A": [ 52 ],
            "B": [ 2 ],
            "Y": [ 53 ]
          }
        },
        "$add$designs/153/top.sv:21$20": {
          "hide_name": 1,
          "type": "$add",
          "parameters": {
            "A_SIGNED": "00000000000000000000000000000000",
            "A_WIDTH": "00000000000000000000000000000001",
            "B_SIGNED": "00000000000000000000000000000000",
            "B_WIDTH": "00000000000000000000000000000001",
            "Y_WIDTH": "00000000000000000000000000000001"
          },
          "attributes": {
            "src": "designs/153/top.sv:21.22-21.69"
          },
          "port_directions": {
            "A": "input",
            "B": "input",
            "Y": "output"
          },
          "connections": {
            "A": [ 54 ],
            "B": [ "1" ],
            "Y": [ 55 ]
          }
        },
        "$add$designs/153/top.sv:23$26": {
          "hide_name": 1,
          "type": "$add",
          "parameters": {
            "A_SIGNED": "00000000000000000000000000000000",
            "A_WIDTH": "00000000000000000000000000011000",
            "B_SIGNED": "00000000000000000000000000000000",
            "B_WIDTH": "00000000000000000000000000000001",
            "Y_WIDTH": "00000000000000000000000000011000"
          },
          "attributes": {
            "src": "designs/153/top.sv:23.30-23.62"
          },
          "port_directions": {
            "A": "input",
            "B": "input",
            "Y": "output"
          },
          "connections": {
            "A": [ 56, 57, 58, 59, 60, 61, 62, 63, "0", 11, "0", "0", 11, 11, 11, "0", "0", "0", "0", "0", "0", "0", "0", "0" ],
            "B": [ 64 ],
            "Y": [ 65, 66, 67, 68, 69, 70, 71, 72, 73, 74, 75, 76, 77, 78, 79, 80, 81, 82, 83, 84, 85, 86, 87, 88 ]
          }
        },
        "$add$designs/153/top.sv:26$28": {
          "hide_name": 1,
          "type": "$add",
          "parameters": {
            "A_SIGNED": "00000000000000000000000000000000",
            "A_WIDTH": "00000000000000000000000000011111",
            "B_SIGNED": "00000000000000000000000000000000",
            "B_WIDTH": "00000000000000000000000000011000",
            "Y_WIDTH": "00000000000000000000000000100000"
          },
          "attributes": {
            "src": "designs/153/top.sv:26.28-26.54"
          },
          "port_directions": {
            "A": "input",
            "B": "input",
            "Y": "output"
          },
          "connections": {
            "A": [ 89, 90, 91, 92, 93, 94, 95, 96, 97, 98, 99, 100, 101, 102, 103, 104, 105, 106, 107, 108, 109, 110, 111, 112, 113, 114, 115, 116, 117, 118, 119 ],
            "B": [ 2, 3, 4, 5, 6, 7, 8, 9, 10, 11, 11, 11, 11, 11, 11, 11, 11, 11, 11, 11, 11, 11, 11, 11 ],
            "Y": [ 120, 121, 122, 123, 124, 125, 126, 127, 128, 129, 130, 131, 132, 133, 134, 135, 136, 137, 138, 139, 140, 141, 142, 143, 144, 145, 146, 147, 148, 149, 150, 151 ]
          }
        },
        "$and$designs/153/top.sv:22$22": {
          "hide_name": 1,
          "type": "$and",
          "parameters": {
            "A_SIGNED": "00000000000000000000000000000000",
            "A_WIDTH": "00000000000000000000000000000001",
            "B_SIGNED": "00000000000000000000000000000000",
            "B_WIDTH": "00000000000000000000000000000001",
            "Y_WIDTH": "00000000000000000000000000000001"
          },
          "attributes": {
            "src": "designs/153/top.sv:22.42-22.83"
          },
          "port_directions": {
            "A": "input",
            "B": "input",
            "Y": "output"
          },
          "connections": {
            "A": [ 152 ],
            "B": [ 55 ],
            "Y": [ 153 ]
          }
        },
        "$auto$opt_expr.cc:276:group_cell_inputs$49": {
          "hide_name": 1,
          "type": "$not",
          "parameters": {
            "A_SIGNED": "00000000000000000000000000000000",
            "A_WIDTH": "00000000000000000000000000000111",
            "Y_WIDTH": "00000000000000000000000000000111"
          },
          "attributes": {
          },
          "port_directions": {
            "A": "input",
            "Y": "output"
          },
          "connections": {
            "A": [ 3, 4, 5, 6, 8, 10, 11 ],
            "Y": [ 154, 155, 156, 157, 158, 159, 160 ]
          }
        },
        "$auto$opt_expr.cc:276:group_cell_inputs$67": {
          "hide_name": 1,
          "type": "$and",
          "parameters": {
            "A_SIGNED": "00000000000000000000000000000000",
            "A_WIDTH": "00000000000000000000000000001000",
            "B_SIGNED": "00000000000000000000000000000000",
            "B_WIDTH": "00000000000000000000000000001000",
            "Y_WIDTH": "00000000000000000000000000001000"
          },
          "attributes": {
          },
          "port_directions": {
            "A": "input",
            "B": "input",
            "Y": "output"
          },
          "connections": {
            "A": [ 2, 3, 4, 5, 6, 7, 8, 9 ],
            "B": [ 155, 156, 157, 7, 158, 9, 159, 160 ],
            "Y": [ 56, 57, 58, 59, 60, 61, 62, 63 ]
          }
        },
        "$eq$designs/153/top.sv:22$23": {
          "hide_name": 1,
          "type": "$eq",
          "parameters": {
            "A_SIGNED": "00000000000000000000000000000000",
            "A_WIDTH": "00000000000000000000000000000001",
            "B_SIGNED": "00000000000000000000000000000000",
            "B_WIDTH": "00000000000000000000000000000001",
            "Y_WIDTH": "00000000000000000000000000000001"
          },
          "attributes": {
            "src": "designs/153/top.sv:22.41-22.94"
          },
          "port_directions": {
            "A": "input",
            "B": "input",
            "Y": "output"
          },
          "connections": {
            "A": [ 153 ],
            "B": [ 55 ],
            "Y": [ 161 ]
          }
        },
        "$gt$designs/153/top.sv:22$21": {
          "hide_name": 1,
          "type": "$gt",
          "parameters": {
            "A_SIGNED": "00000000000000000000000000000000",
            "A_WIDTH": "00000000000000000000000000011000",
            "B_SIGNED": "00000000000000000000000000000000",
            "B_WIDTH": "00000000000000000000000000001010",
            "Y_WIDTH": "00000000000000000000000000000001"
          },
          "attributes": {
            "src": "designs/153/top.sv:22.53-22.72"
          },
          "port_directions": {
            "A": "input",
            "B": "input",
            "Y": "output"
          },
          "connections": {
            "A": [ 2, 3, 4, 5, 6, 7, 8, 9, 10, 11, 11, 11, 11, 11, 11, 11, 11, 11, 11, 11, 11, 11, 11, 11 ],
            "B": [ 2, 3, 4, 5, 6, 7, 8, 9, 10, 11 ],
            "Y": [ 152 ]
          }
        },
        "$lt$designs/153/top.sv:20$12": {
          "hide_name": 1,
          "type": "$lt",
          "parameters": {
            "A_SIGNED": "00000000000000000000000000000000",
            "A_WIDTH": "00000000000000000000000000000001",
            "B_SIGNED": "00000000000000000000000000000000",
            "B_WIDTH": "00000000000000000000000000000001",
            "Y_WIDTH": "00000000000000000000000000000001"
          },
          "attributes": {
            "src": "designs/153/top.sv:20.34-20.83"
          },
          "port_directions": {
            "A": "input",
            "B": "input",
            "Y": "output"
          },
          "connections": {
            "A": [ 162 ],
            "B": [ 11 ],
            "Y": [ 163 ]
          }
        },
        "$mul$designs/153/top.sv:26$27": {
          "hide_name": 1,
          "type": "$mul",
          "parameters": {
            "A_SIGNED": "00000000000000000000000000000000",
            "A_WIDTH": "00000000000000000000000000000001",
            "B_SIGNED": "00000000000000000000000000000000",
            "B_WIDTH": "00000000000000000000000000011110",
            "Y_WIDTH": "00000000000000000000000000011111"
          },
          "attributes": {
            "src": "designs/153/top.sv:26.29-26.44"
          },
          "port_directions": {
            "A": "input",
            "B": "input",
            "Y": "output"
          },
          "connections": {
            "A": [ 11 ],
            "B": [ 65, 66, 67, 68, 69, 70, 71, 72, 73, 74, 75, 76, 77, 78, 79, 80, 81, 82, 83, 84, 85, 86, 87, 88, 88, 88, 88, 88, 88, 88 ],
            "Y": [ 89, 90, 91, 92, 93, 94, 95, 96, 97, 98, 99, 100, 101, 102, 103, 104, 105, 106, 107, 108, 109, 110, 111, 112, 113, 114, 115, 116, 117, 118, 119 ]
          }
        },
        "$mul$designs/153/top.sv:26$29": {
          "hide_name": 1,
          "type": "$mul",
          "parameters": {
            "A_SIGNED": "00000000000000000000000000000000",
            "A_WIDTH": "00000000000000000000000000100000",
            "B_SIGNED": "00000000000000000000000000000000",
            "B_WIDTH": "00000000000000000000000000010100",
            "Y_WIDTH": "00000000000000000000000000101000"
          },
          "attributes": {
            "src": "designs/153/top.sv:26.27-26.71"
          },
          "port_directions": {
            "A": "input",
            "B": "input",
            "Y": "output"
          },
          "connections": {
            "A": [ 120, 121, 122, 123, 124, 125, 126, 127, 128, 129, 130, 131, 132, 133, 134, 135, 136, 137, 138, 139, 140, 141, 142, 143, 144, 145, 146, 147, 148, 149, 150, 151 ],
            "B": [ 75, 76, 77, 78, 79, 80, 81, 82, 83, 84, 85, 86, 87, 88, 88, 88, 88, 88, 88, 88 ],
            "Y": [ 12, 13, 14, 15, 16, 17, 18, 19, 20, 21, 22, 23, 24, 25, 26, 27, 28, 29, 30, 31, 32, 33, 34, 35, 36, 37, 38, 39, 40, 41, 42, 43, 44, 45, 46, 47, 48, 49, 50, 51 ]
          }
        },
        "$ne$designs/153/top.sv:20$11": {
          "hide_name": 1,
          "type": "$ne",
          "parameters": {
            "A_SIGNED": "00000000000000000000000000000000",
            "A_WIDTH": "00000000000000000000000000011000",
            "B_SIGNED": "00000000000000000000000000000000",
            "B_WIDTH": "00000000000000000000000000001010",
            "Y_WIDTH": "00000000000000000000000000000001"
          },
          "attributes": {
            "src": "designs/153/top.sv:20.35-20.73"
          },
          "port_directions": {
            "A": "input",
            "B": "input",
            "Y": "output"
          },
          "connections": {
            "A": [ 164, 165, 166, 167, 168, 169, 170, 171, 172, 173, 174, 175, 176, 177, 178, 179, 180, 181, 182, 183, 184, 185, 186, 187 ],
            "B": [ 2, 3, 4, 5, 6, 7, 8, 9, 10, 11 ],
            "Y": [ 162 ]
          }
        },
        "$not$designs/153/top.sv:20$13": {
          "hide_name": 1,
          "type": "$not",
          "parameters": {
            "A_SIGNED": "00000000000000000000000000000000",
            "A_WIDTH": "00000000000000000000000000000001",
            "Y_WIDTH": "00000000000000000000000000000001"
          },
          "attributes": {
            "src": "designs/153/top.sv:20.88-20.95"
          },
          "port_directions": {
            "A": "input",
            "Y": "output"
          },
          "connections": {
            "A": [ 2 ],
            "Y": [ 188 ]
          }
        },
        "$not$designs/153/top.sv:21$16": {
          "hide_name": 1,
          "type": "$not",
          "parameters": {
            "A_SIGNED": "00000000000000000000000000000000",
            "A_WIDTH": "00000000000000000000000000000001",
            "Y_WIDTH": "00000000000000000000000000000001"
          },
          "attributes": {
            "src": "designs/153/top.sv:21.35-21.42"
          },
          "port_directions": {
            "A": "input",
            "Y": "output"
          },
          "connections": {
            "A": [ 53 ],
            "Y": [ 189 ]
          }
        },
        "$or$designs/153/top.sv:20$14": {
          "hide_name": 1,
          "type": "$or",
          "parameters": {
            "A_SIGNED": "00000000000000000000000000000000",
            "A_WIDTH": "00000000000000000000000000000001",
            "B_SIGNED": "00000000000000000000000000000000",
            "B_WIDTH": "00000000000000000000000000000001",
            "Y_WIDTH": "00000000000000000000000000000001"
          },
          "attributes": {
            "src": "designs/153/top.sv:20.33-20.96"
          },
          "port_directions": {
            "A": "input",
            "B": "input",
            "Y": "output"
          },
          "connections": {
            "A": [ 163 ],
            "B": [ 188 ],
            "Y": [ 52 ]
          }
        },
        "$or$designs/153/top.sv:21$19": {
          "hide_name": 1,
          "type": "$or",
          "parameters": {
            "A_SIGNED": "00000000000000000000000000000000",
            "A_WIDTH": "00000000000000000000000000000001",
            "B_SIGNED": "00000000000000000000000000000000",
            "B_WIDTH": "00000000000000000000000000000001",
            "Y_WIDTH": "00000000000000000000000000000001"
          },
          "attributes": {
            "src": "designs/153/top.sv:21.23-21.61"
          },
          "port_directions": {
            "A": "input",
            "B": "input",
            "Y": "output"
          },
          "connections": {
            "A": [ 190 ],
            "B": [ 53 ],
            "Y": [ 54 ]
          }
        },
        "$sub$designs/153/top.sv:20$10": {
          "hide_name": 1,
          "type": "$sub",
          "parameters": {
            "A_SIGNED": "00000000000000000000000000000000",
            "A_WIDTH": "00000000000000000000000000000111",
            "B_SIGNED": "00000000000000000000000000000000",
            "B_WIDTH": "00000000000000000000000000011000",
            "Y_WIDTH": "00000000000000000000000000011000"
          },
          "attributes": {
            "src": "designs/153/top.sv:20.36-20.58"
          },
          "port_directions": {
            "A": "input",
            "B": "input",
            "Y": "output"
          },
          "connections": {
            "A": [ "0", "1", "0", "0", "1", "1", "1" ],
            "B": [ 2, 3, 4, 5, 6, 7, 8, 9, 10, 11, 11, 11, 11, 11, 11, 11, 11, 11, 11, 11, 11, 11, 11, 11 ],
            "Y": [ 164, 165, 166, 167, 168, 169, 170, 171, 172, 173, 174, 175, 176, 177, 178, 179, 180, 181, 182, 183, 184, 185, 186, 187 ]
          }
        },
        "$sub$designs/153/top.sv:22$24": {
          "hide_name": 1,
          "type": "$sub",
          "parameters": {
            "A_SIGNED": "00000000000000000000000000000000",
            "A_WIDTH": "00000000000000000000000000000001",
            "B_SIGNED": "00000000000000000000000000000000",
            "B_WIDTH": "00000000000000000000000000000001",
            "Y_WIDTH": "00000000000000000000000000000001"
          },
          "attributes": {
            "src": "designs/153/top.sv:22.30-22.105"
          },
          "port_directions": {
            "A": "input",
            "B": "input",
            "Y": "output"
          },
          "connections": {
            "A": [ 161 ],
            "B": [ 55 ],
            "Y": [ 64 ]
          }
        },
        "$xor$designs/153/top.sv:21$17": {
          "hide_name": 1,
          "type": "$xor",
          "parameters": {
            "A_SIGNED": "00000000000000000000000000000000",
            "A_WIDTH": "00000000000000000000000000000001",
            "B_SIGNED": "00000000000000000000000000000000",
            "B_WIDTH": "00000000000000000000000000000001",
            "Y_WIDTH": "00000000000000000000000000000001"
          },
          "attributes": {
            "src": "designs/153/top.sv:21.25-21.43"
          },
          "port_directions": {
            "A": "input",
            "B": "input",
            "Y": "output"
          },
          "connections": {
            "A": [ 53 ],
            "B": [ 189 ],
            "Y": [ 190 ]
          }
        }
      },
      "netnames": {
        "$add$designs/153/top.sv:26$28_Y": {
          "hide_name": 1,
          "bits": [ 120, 121, 122, 123, 124, 125, 126, 127, 128, 129, 130, 131, 132, 133, 134, 135, 136, 137, 138, 139, 140, 141, 142, 143, 144, 145, 146, 147, 148, 149, 150, 151 ],
          "attributes": {
          }
        },
        "$and$designs/153/top.sv:22$22_Y": {
          "hide_name": 1,
          "bits": [ 153 ],
          "attributes": {
            "src": "designs/153/top.sv:22.42-22.83"
          }
        },
        "$and$designs/153/top.sv:23$25_Y": {
          "hide_name": 1,
          "bits": [ 56, 57, 58, 59, 60, 61, 62, 63, "0", 11, "0", "0", 11, 11, 11, "0", "0", "0", "0", "0", "0", "0", "0", "0" ],
          "attributes": {
            "src": "designs/153/top.sv:23.31-23.52"
          }
        },
        "$auto$wreduce.cc:514:run$31": {
          "hide_name": 1,
          "bits": [ 89, 90, 91, 92, 93, 94, 95, 96, 97, 98, 99, 100, 101, 102, 103, 104, 105, 106, 107, 108, 109, 110, 111, 112, 113, 114, 115, 116, 117, 118, 119, "0", "0", "0", "0", "0", "0", "0", "0", "0" ],
          "attributes": {
            "src": "designs/153/top.sv:26.29-26.44"
          }
        },
        "$auto$wreduce.cc:514:run$33": {
          "hide_name": 1,
          "bits": [ 52, 191, 192, 193, 194, 195, 196, 197, 198, 199, 200, 201, 202, 203, 204, 205, 206, 207, 208, 209, 210, 211, 212, 213 ],
          "attributes": {
            "src": "designs/153/top.sv:20.33-20.96",
            "unused_bits": "1 2 3 4 5 6 7 8 9 10 11 12 13 14 15 16 17 18 19 20 21 22 23"
          }
        },
        "$eq$designs/153/top.sv:22$23_Y": {
          "hide_name": 1,
          "bits": [ 161 ],
          "attributes": {
            "src": "designs/153/top.sv:22.41-22.94"
          }
        },
        "$gt$designs/153/top.sv:22$21_Y": {
          "hide_name": 1,
          "bits": [ 152 ],
          "attributes": {
            "src": "designs/153/top.sv:22.53-22.72"
          }
        },
        "$lt$designs/153/top.sv:20$12_Y": {
          "hide_name": 1,
          "bits": [ 163, "0", "0", "0", "0", "0", "0", "0", "0", "0", "0", "0", "0", "0", "0", "0", "0", "0", "0", "0", "0", "0", "0", "0" ],
          "attributes": {
            "src": "designs/153/top.sv:20.34-20.83"
          }
        },
        "$ne$designs/153/top.sv:20$11_Y": {
          "hide_name": 1,
          "bits": [ 162, "0", "0", "0", "0", "0", "0", "0", "0" ],
          "attributes": {
            "src": "designs/153/top.sv:20.35-20.73"
          }
        },
        "$not$designs/153/top.sv:20$13_Y": {
          "hide_name": 1,
          "bits": [ 188, 214, 215, 216, 217, 218, 219, 220, 221, 222, 223, 224, 225, 226, 227, 228, 229, 230, 231, 232, 233, 234, 235, 236 ],
          "attributes": {
            "src": "designs/153/top.sv:20.88-20.95",
            "unused_bits": "1 2 3 4 5 6 7 8 9 10 11 12 13 14 15 16 17 18 19 20 21 22 23"
          }
        },
        "$not$designs/153/top.sv:21$16_Y": {
          "hide_name": 1,
          "bits": [ 189, 237, 238, 239, 240, 241, 242, 243, 244, 245, 246, 247 ],
          "attributes": {
            "src": "designs/153/top.sv:21.35-21.42",
            "unused_bits": "1 2 3 4 5 6 7 8 9 10 11"
          }
        },
        "$or$designs/153/top.sv:21$19_Y": {
          "hide_name": 1,
          "bits": [ 54, 248, 249, 250, 251, 252, 253, 254, 255, 256, 257, 258 ],
          "attributes": {
            "src": "designs/153/top.sv:21.23-21.61",
            "unused_bits": "1 2 3 4 5 6 7 8 9 10 11"
          }
        },
        "$sub$designs/153/top.sv:20$10_Y": {
          "hide_name": 1,
          "bits": [ 164, 165, 166, 167, 168, 169, 170, 171, 172, 173, 174, 175, 176, 177, 178, 179, 180, 181, 182, 183, 184, 185, 186, 187 ],
          "attributes": {
            "src": "designs/153/top.sv:20.36-20.58"
          }
        },
        "$xor$designs/153/top.sv:21$17_Y": {
          "hide_name": 1,
          "bits": [ 190, 259, 260, 261, 262, 263, 264, 265, 266, 267, 268, 269 ],
          "attributes": {
            "src": "designs/153/top.sv:21.25-21.43",
            "unused_bits": "1 2 3 4 5 6 7 8 9 10 11"
          }
        },
        "expr_743231": {
          "hide_name": 0,
          "bits": [ 2, 154, 155, 156, 157, 7, 158, 9, 159, 160, "0", "1", "0", "0", "1", "1", "1", "0", "x" ],
          "attributes": {
            "src": "designs/153/top.sv:16.18-16.29",
            "unused_bits": "1 "
          }
        },
        "input_data": {
          "hide_name": 0,
          "bits": [ 2, 3, 4, 5, 6, 7, 8, 9, 10, 11 ],
          "attributes": {
            "src": "designs/153/top.sv:2.17-2.27"
          }
        },
        "output_data": {
          "hide_name": 0,
          "bits": [ 12, 13, 14, 15, 16, 17, 18, 19, 20, 21, 22, 23, 24, 25, 26, 27, 28, 29, 30, 31, 32, 33, 34, 35, 36, 37, 38, 39, 40, 41, 42, 43, 44, 45, 46, 47, 48, 49, 50, 51 ],
          "attributes": {
            "src": "designs/153/top.sv:3.19-3.30"
          }
        },
        "temp_3": {
          "hide_name": 0,
          "bits": [ 53, "x", "x", "x", "x", "x", "x", "x", "x", "x", "x", "x" ],
          "attributes": {
            "src": "designs/153/top.sv:9.18-9.24"
          }
        },
        "temp_4": {
          "hide_name": 0,
          "bits": [ 55 ],
          "attributes": {
            "single_bit_vector": "00000000000000000000000000000001",
            "src": "designs/153/top.sv:10.17-10.23"
          }
        },
        "temp_5": {
          "hide_name": 0,
          "bits": [ 64, "0", "0", "0", "0", "0", "0", "0", "0", "0", "0", "0", "0", "0", "0", "0", "0", "0", "0", "0", "0", "0" ],
          "attributes": {
            "src": "designs/153/top.sv:11.18-11.24"
          }
        },
        "temp_6": {
          "hide_name": 0,
          "bits": [ 65, 66, 67, 68, 69, 70, 71, 72, 73, 74, 75, 76, 77, 78, 79, 80, 81, 82, 83, 84, 85, 86, 87, 88, 88, 88, 88, 88, 88, 88 ],
          "attributes": {
            "src": "designs/153/top.sv:12.18-12.24"
          }
        }
      }
    }
  }
}
