{
  "creator": "Yosys 0.60 (git sha1 5bafeb77dc71e054fa331ab9efa613e6fb0a1c49, clang++ 17.0.0 -fPIC -O3)",
  "modules": {
    "top": {
      "attributes": {
        "top": "00000000000000000000000000000001",
        "src": "designs/141/top.sv:1.1-20.10"
      },
      "ports": {
        "input_data": {
          "direction": "input",
          "bits": [ 2, 3, 4, 5 ]
        },
        "output_data": {
          "direction": "output",
          "bits": [ 6, 7, 8, 9, 10, 11, 12, 13, 14, 15, 16, 17, 18, 19, 20, 20, 20, 20, 20, 20, 20, 20, 20, 20, 20, 20, 20, 20, 20, 20, 20, 20, 20, 20, 20 ]
        }
      },
      "cells": {
        "$add$designs/141/top.sv:12$3": {
          "hide_name": 1,
          "type": "$add",
          "parameters": {
            "A_SIGNED": "00000000000000000000000000000000",
            "A_WIDTH": "00000000000000000000000000000100",
            "B_SIGNED": "00000000000000000000000000000000",
            "B_WIDTH": "00000000000000000000000000000100",
            "Y_WIDTH": "00000000000000000000000000000101"
          },
          "attributes": {
            "src": "designs/141/top.sv:12.22-12.95"
          },
          "port_directions": {
            "A": "input",
            "B": "input",
            "Y": "output"
          },
          "connections": {
            "A": [ 21, 22, 23, 24 ],
            "B": [ 2, 3, 4, 5 ],
            "Y": [ 25, 26, 27, 28, 29 ]
          }
        },
        "$and$designs/141/top.sv:15$10": {
          "hide_name": 1,
          "type": "$and",
          "parameters": {
            "A_SIGNED": "00000000000000000000000000000000",
            "A_WIDTH": "00000000000000000000000000000101",
            "B_SIGNED": "00000000000000000000000000000000",
            "B_WIDTH": "00000000000000000000000000000101",
            "Y_WIDTH": "00000000000000000000000000000101"
          },
          "attributes": {
            "src": "designs/141/top.sv:15.58-15.76"
          },
          "port_directions": {
            "A": "input",
            "B": "input",
            "Y": "output"
          },
          "connections": {
            "A": [ 30, 31, 32, 33, 29 ],
            "B": [ 34, 35, 36, 37, 38 ],
            "Y": [ 39, 40, 41, 42, 43 ]
          }
        },
        "$auto$opt_expr.cc:276:group_cell_inputs$33": {
          "hide_name": 1,
          "type": "$and",
          "parameters": {
            "A_SIGNED": "00000000000000000000000000000000",
            "A_WIDTH": "00000000000000000000000000000010",
            "B_SIGNED": "00000000000000000000000000000000",
            "B_WIDTH": "00000000000000000000000000000010",
            "Y_WIDTH": "00000000000000000000000000000010"
          },
          "attributes": {
          },
          "port_directions": {
            "A": "input",
            "B": "input",
            "Y": "output"
          },
          "connections": {
            "A": [ 28, 29 ],
            "B": [ 25, 26 ],
            "Y": [ 44, 45 ]
          }
        },
        "$auto$opt_expr.cc:276:group_cell_inputs$37": {
          "hide_name": 1,
          "type": "$or",
          "parameters": {
            "A_SIGNED": "00000000000000000000000000000000",
            "A_WIDTH": "00000000000000000000000000000100",
            "B_SIGNED": "00000000000000000000000000000000",
            "B_WIDTH": "00000000000000000000000000000100",
            "Y_WIDTH": "00000000000000000000000000000100"
          },
          "attributes": {
          },
          "port_directions": {
            "A": "input",
            "B": "input",
            "Y": "output"
          },
          "connections": {
            "A": [ 46, 47, 27, 28 ],
            "B": [ 2, 3, 4, 5 ],
            "Y": [ 30, 31, 32, 33 ]
          }
        },
        "$auto$opt_expr.cc:276:group_cell_inputs$42": {
          "hide_name": 1,
          "type": "$xor",
          "parameters": {
            "A_SIGNED": "00000000000000000000000000000000",
            "A_WIDTH": "00000000000000000000000000000101",
            "B_SIGNED": "00000000000000000000000000000000",
            "B_WIDTH": "00000000000000000000000000000101",
            "Y_WIDTH": "00000000000000000000000000000101"
          },
          "attributes": {
          },
          "port_directions": {
            "A": "input",
            "B": "input",
            "Y": "output"
          },
          "connections": {
            "A": [ 48, 49, 50, 51, 52 ],
            "B": [ 30, 31, 32, 33, 29 ],
            "Y": [ 53, 54, 55, 56, 57 ]
          }
        },
        "$auto$opt_expr.cc:276:group_cell_inputs$45": {
          "hide_name": 1,
          "type": "$not",
          "parameters": {
            "A_SIGNED": "00000000000000000000000000000000",
            "A_WIDTH": "00000000000000000000000000000101",
            "Y_WIDTH": "00000000000000000000000000000101"
          },
          "attributes": {
          },
          "port_directions": {
            "A": "input",
            "Y": "output"
          },
          "connections": {
            "A": [ 30, 31, 32, 33, 29 ],
            "Y": [ 58, 59, 60, 61, 62 ]
          }
        },
        "$auto$opt_expr.cc:276:group_cell_inputs$49": {
          "hide_name": 1,
          "type": "$and",
          "parameters": {
            "A_SIGNED": "00000000000000000000000000000000",
            "A_WIDTH": "00000000000000000000000000000101",
            "B_SIGNED": "00000000000000000000000000000000",
            "B_WIDTH": "00000000000000000000000000000101",
            "Y_WIDTH": "00000000000000000000000000000101"
          },
          "attributes": {
          },
          "port_directions": {
            "A": "input",
            "B": "input",
            "Y": "output"
          },
          "connections": {
            "A": [ 48, 49, 50, 51, 52 ],
            "B": [ 30, 31, 32, 33, 29 ],
            "Y": [ 63, 64, 65, 66, 67 ]
          }
        },
        "$auto$opt_expr.cc:276:group_cell_inputs$53": {
          "hide_name": 1,
          "type": "$not",
          "parameters": {
            "A_SIGNED": "00000000000000000000000000000000",
            "A_WIDTH": "00000000000000000000000000000101",
            "Y_WIDTH": "00000000000000000000000000000101"
          },
          "attributes": {
          },
          "port_directions": {
            "A": "input",
            "Y": "output"
          },
          "connections": {
            "A": [ 68, 69, 70, 71, 72 ],
            "Y": [ 73, 74, 75, 76, 77 ]
          }
        },
        "$auto$opt_expr.cc:276:group_cell_inputs$60": {
          "hide_name": 1,
          "type": "$or",
          "parameters": {
            "A_SIGNED": "00000000000000000000000000000000",
            "A_WIDTH": "00000000000000000000000000000010",
            "B_SIGNED": "00000000000000000000000000000000",
            "B_WIDTH": "00000000000000000000000000000010",
            "Y_WIDTH": "00000000000000000000000000000010"
          },
          "attributes": {
          },
          "port_directions": {
            "A": "input",
            "B": "input",
            "Y": "output"
          },
          "connections": {
            "A": [ 44, 45 ],
            "B": [ 25, 26 ],
            "Y": [ 46, 47 ]
          }
        },
        "$auto$opt_expr.cc:276:group_cell_inputs$63": {
          "hide_name": 1,
          "type": "$or",
          "parameters": {
            "A_SIGNED": "00000000000000000000000000000000",
            "A_WIDTH": "00000000000000000000000000000101",
            "B_SIGNED": "00000000000000000000000000000000",
            "B_WIDTH": "00000000000000000000000000000101",
            "Y_WIDTH": "00000000000000000000000000000101"
          },
          "attributes": {
          },
          "port_directions": {
            "A": "input",
            "B": "input",
            "Y": "output"
          },
          "connections": {
            "A": [ 63, 64, 65, 66, 67 ],
            "B": [ 73, 74, 75, 76, 77 ],
            "Y": [ 78, 79, 80, 81, 82 ]
          }
        },
        "$mul$designs/141/top.sv:15$16": {
          "hide_name": 1,
          "type": "$mul",
          "parameters": {
            "A_SIGNED": "00000000000000000000000000000000",
            "A_WIDTH": "00000000000000000000000000001001",
            "B_SIGNED": "00000000000000000000000000000000",
            "B_WIDTH": "00000000000000000000000000011111",
            "Y_WIDTH": "00000000000000000000000000000101"
          },
          "attributes": {
            "src": "designs/141/top.sv:15.103-15.132"
          },
          "port_directions": {
            "A": "input",
            "B": "input",
            "Y": "output"
          },
          "connections": {
            "A": [ 53, 54, 55, 56, 57, 83, 83, 83, 83 ],
            "B": [ 58, 59, 60, 61, 62, "1", "1", "1", "1", "1", "1", "1", "1", "1", "1", "1", "1", "1", "1", "1", "1", "1", "1", "1", "1", "1", "1", "1", "1", "1", "1" ],
            "Y": [ 84, 85, 86, 87, 88 ]
          }
        },
        "$mul$designs/141/top.sv:18$20": {
          "hide_name": 1,
          "type": "$mul",
          "parameters": {
            "A_SIGNED": "00000000000000000000000000000000",
            "A_WIDTH": "00000000000000000000000000000101",
            "B_SIGNED": "00000000000000000000000000000000",
            "B_WIDTH": "00000000000000000000000000001001",
            "Y_WIDTH": "00000000000000000000000000001110"
          },
          "attributes": {
            "src": "designs/141/top.sv:18.36-18.62"
          },
          "port_directions": {
            "A": "input",
            "B": "input",
            "Y": "output"
          },
          "connections": {
            "A": [ 30, 31, 32, 33, 29 ],
            "B": [ 48, 49, 50, 51, 52, 83, 83, 83, 83 ],
            "Y": [ 89, 90, 91, 92, 93, 94, 95, 96, 97, 98, 99, 100, 101, 102 ]
          }
        },
        "$not$designs/141/top.sv:15$9": {
          "hide_name": 1,
          "type": "$not",
          "parameters": {
            "A_SIGNED": "00000000000000000000000000000000",
            "A_WIDTH": "00000000000000000000000000000101",
            "Y_WIDTH": "00000000000000000000000000000101"
          },
          "attributes": {
            "src": "designs/141/top.sv:15.68-15.75"
          },
          "port_directions": {
            "A": "input",
            "Y": "output"
          },
          "connections": {
            "A": [ 48, 49, 50, 51, 52 ],
            "Y": [ 34, 35, 36, 37, 38 ]
          }
        },
        "$or$designs/141/top.sv:12$1": {
          "hide_name": 1,
          "type": "$or",
          "parameters": {
            "A_SIGNED": "00000000000000000000000000000000",
            "A_WIDTH": "00000000000000000000000000000100",
            "B_SIGNED": "00000000000000000000000000000000",
            "B_WIDTH": "00000000000000000000000000000100",
            "Y_WIDTH": "00000000000000000000000000000100"
          },
          "attributes": {
            "src": "designs/141/top.sv:12.32-12.66"
          },
          "port_directions": {
            "A": "input",
            "B": "input",
            "Y": "output"
          },
          "connections": {
            "A": [ 2, 3, 4, 5 ],
            "B": [ 2, 3, 4, 5 ],
            "Y": [ 103, 104, 105, 106 ]
          }
        },
        "$or$designs/141/top.sv:15$11": {
          "hide_name": 1,
          "type": "$or",
          "parameters": {
            "A_SIGNED": "00000000000000000000000000000000",
            "A_WIDTH": "00000000000000000000000000000101",
            "B_SIGNED": "00000000000000000000000000000000",
            "B_WIDTH": "00000000000000000000000000000101",
            "Y_WIDTH": "00000000000000000000000000000101"
          },
          "attributes": {
            "src": "designs/141/top.sv:15.47-15.87"
          },
          "port_directions": {
            "A": "input",
            "B": "input",
            "Y": "output"
          },
          "connections": {
            "A": [ 39, 40, 41, 42, 43 ],
            "B": [ 48, 49, 50, 51, 52 ],
            "Y": [ 107, 108, 109, 110, 111 ]
          }
        },
        "$or$designs/141/top.sv:15$12": {
          "hide_name": 1,
          "type": "$or",
          "parameters": {
            "A_SIGNED": "00000000000000000000000000000000",
            "A_WIDTH": "00000000000000000000000000000101",
            "B_SIGNED": "00000000000000000000000000000000",
            "B_WIDTH": "00000000000000000000000000000101",
            "Y_WIDTH": "00000000000000000000000000000101"
          },
          "attributes": {
            "src": "designs/141/top.sv:15.36-15.98"
          },
          "port_directions": {
            "A": "input",
            "B": "input",
            "Y": "output"
          },
          "connections": {
            "A": [ 107, 108, 109, 110, 111 ],
            "B": [ 30, 31, 32, 33, 29 ],
            "Y": [ 112, 113, 114, 115, 116 ]
          }
        },
        "$reduce_bool$designs/141/top.sv:15$17": {
          "hide_name": 1,
          "type": "$reduce_bool",
          "parameters": {
            "A_SIGNED": "00000000000000000000000000000000",
            "A_WIDTH": "00000000000000000000000000001000",
            "Y_WIDTH": "00000000000000000000000000000001"
          },
          "attributes": {
            "src": "designs/141/top.sv:15.21-15.133"
          },
          "port_directions": {
            "A": "input",
            "Y": "output"
          },
          "connections": {
            "A": [ 48, 49, 50, 51, 52, 83, 83, 83 ],
            "Y": [ 117 ]
          }
        },
        "$reduce_bool$designs/141/top.sv:18$25": {
          "hide_name": 1,
          "type": "$reduce_bool",
          "parameters": {
            "A_SIGNED": "00000000000000000000000000000000",
            "A_WIDTH": "00000000000000000000000000000101",
            "Y_WIDTH": "00000000000000000000000000000001"
          },
          "attributes": {
            "src": "designs/141/top.sv:18.26-18.97"
          },
          "port_directions": {
            "A": "input",
            "Y": "output"
          },
          "connections": {
            "A": [ 30, 31, 32, 33, 29 ],
            "Y": [ 118 ]
          }
        },
        "$sub$designs/141/top.sv:12$2": {
          "hide_name": 1,
          "type": "$sub",
          "parameters": {
            "A_SIGNED": "00000000000000000000000000000000",
            "A_WIDTH": "00000000000000000000000000000100",
            "B_SIGNED": "00000000000000000000000000000000",
            "B_WIDTH": "00000000000000000000000000000100",
            "Y_WIDTH": "00000000000000000000000000000100"
          },
          "attributes": {
            "src": "designs/141/top.sv:12.31-12.80"
          },
          "port_directions": {
            "A": "input",
            "B": "input",
            "Y": "output"
          },
          "connections": {
            "A": [ 103, 104, 105, 106 ],
            "B": [ 2, 3, 4, 5 ],
            "Y": [ 21, 22, 23, 24 ]
          }
        },
        "$sub$designs/141/top.sv:14$8": {
          "hide_name": 1,
          "type": "$sub",
          "parameters": {
            "A_SIGNED": "00000000000000000000000000000000",
            "A_WIDTH": "00000000000000000000000000000100",
            "B_SIGNED": "00000000000000000000000000000000",
            "B_WIDTH": "00000000000000000000000000000101",
            "Y_WIDTH": "00000000000000000000000000000110"
          },
          "attributes": {
            "src": "designs/141/top.sv:14.38-14.81"
          },
          "port_directions": {
            "A": "input",
            "B": "input",
            "Y": "output"
          },
          "connections": {
            "A": [ "0", "0", "0", "0" ],
            "B": [ 25, 26, 27, 28, 29 ],
            "Y": [ 48, 49, 50, 51, 52, 83 ]
          }
        },
        "$ternary$designs/141/top.sv:15$18": {
          "hide_name": 1,
          "type": "$mux",
          "parameters": {
            "WIDTH": "00000000000000000000000000000101"
          },
          "attributes": {
            "src": "designs/141/top.sv:15.21-15.133"
          },
          "port_directions": {
            "A": "input",
            "B": "input",
            "S": "input",
            "Y": "output"
          },
          "connections": {
            "A": [ 84, 85, 86, 87, 88 ],
            "B": [ 112, 113, 114, 115, 116 ],
            "S": [ 117 ],
            "Y": [ 68, 69, 70, 71, 72 ]
          }
        },
        "$ternary$designs/141/top.sv:18$26": {
          "hide_name": 1,
          "type": "$mux",
          "parameters": {
            "WIDTH": "00000000000000000000000000001111"
          },
          "attributes": {
            "src": "designs/141/top.sv:18.26-18.97"
          },
          "port_directions": {
            "A": "input",
            "B": "input",
            "S": "input",
            "Y": "output"
          },
          "connections": {
            "A": [ 78, 79, 80, 81, 82, "1", "1", "1", "1", "1", "1", "1", "1", "1", "1" ],
            "B": [ 89, 90, 91, 92, 93, 94, 95, 96, 97, 98, 99, 100, 101, 102, "0" ],
            "S": [ 118 ],
            "Y": [ 6, 7, 8, 9, 10, 11, 12, 13, 14, 15, 16, 17, 18, 19, 20 ]
          }
        }
      },
      "netnames": {
        "$and$designs/141/top.sv:13$4_Y": {
          "hide_name": 1,
          "bits": [ 44, 45, "0", "0", "0", "0", "0", "0", "0", "0", "0", "0", "0", "0", "0", "0", "0", "0", "0", "0", "0", "0", "0", "0" ],
          "attributes": {
            "src": "designs/141/top.sv:13.24-13.55"
          }
        },
        "$and$designs/141/top.sv:15$10_Y": {
          "hide_name": 1,
          "bits": [ 39, 40, 41, 42, 43, 119, 120, 121, 122, 123, 124, 125, 126, 127, 128, 129, 130, 131, 132, 133, 134, 135, 136, 137, 138, 139, 140, 141, 142, 143, 144 ],
          "attributes": {
            "src": "designs/141/top.sv:15.58-15.76",
            "unused_bits": "5 6 7 8 9 10 11 12 13 14 15 16 17 18 19 20 21 22 23 24 25 26 27 28 29 30"
          }
        },
        "$and$designs/141/top.sv:18$21_Y": {
          "hide_name": 1,
          "bits": [ 63, 64, 65, 66, 67, "0", "0", "0", "0" ],
          "attributes": {
          }
        },
        "$auto$opt_expr.cc:205:group_cell_inputs$41": {
          "hide_name": 1,
          "bits": [ 53, 54, 55, 56, 57 ],
          "attributes": {
          }
        },
        "$auto$opt_expr.cc:205:group_cell_inputs$44": {
          "hide_name": 1,
          "bits": [ 58, 59, 60, 61, 62 ],
          "attributes": {
          }
        },
        "$auto$opt_expr.cc:205:group_cell_inputs$52": {
          "hide_name": 1,
          "bits": [ 73, 74, 75, 76, 77 ],
          "attributes": {
          }
        },
        "$auto$opt_expr.cc:205:group_cell_inputs$56": {
          "hide_name": 1,
          "bits": [ 78, 79, 80, 81, 82, "1", "1", "1", "1" ],
          "attributes": {
          }
        },
        "$auto$opt_expr.cc:205:group_cell_inputs$59": {
          "hide_name": 1,
          "bits": [ 46, 47 ],
          "attributes": {
          }
        },
        "$auto$wreduce.cc:514:run$29": {
          "hide_name": 1,
          "bits": [ 89, 90, 91, 92, 93, 94, 95, 96, 97, 98, 99, 100, 101, 102, "0", "0", "0", "0", "0", "0", "0", "0", "0", "0", "0", "0", "0", "0", "0", "0", "0", "0", "0", "0", "0" ],
          "attributes": {
            "src": "designs/141/top.sv:18.36-18.62"
          }
        },
        "$auto$wreduce.cc:514:run$30": {
          "hide_name": 1,
          "bits": [ 84, 85, 86, 87, 88, 145, 146, 147, 148, 149, 150, 151, 152, 153, 154, 155, 156, 157, 158, 159, 160, 161, 162, 163, 164, 165, 166, 167, 168, 169, 170 ],
          "attributes": {
            "src": "designs/141/top.sv:15.103-15.132",
            "unused_bits": "5 6 7 8 9 10 11 12 13 14 15 16 17 18 19 20 21 22 23 24 25 26 27 28 29 30"
          }
        },
        "$auto$wreduce.cc:514:run$31": {
          "hide_name": 1,
          "bits": [ 112, 113, 114, 115, 116, 171, 172, 173, 174, 175, 176, 177, 178, 179, 180, 181, 182, 183, 184, 185, 186, 187, 188, 189, 190, 191, 192, 193, 194, 195, 196 ],
          "attributes": {
            "src": "designs/141/top.sv:15.36-15.98",
            "unused_bits": "5 6 7 8 9 10 11 12 13 14 15 16 17 18 19 20 21 22 23 24 25 26 27 28 29 30"
          }
        },
        "$not$designs/141/top.sv:15$9_Y": {
          "hide_name": 1,
          "bits": [ 34, 35, 36, 37, 38, 197, 198, 199, 200, 201, 202, 203, 204, 205, 206, 207, 208, 209, 210, 211, 212, 213, 214, 215, 216, 217, 218, 219, 220, 221, 222 ],
          "attributes": {
            "src": "designs/141/top.sv:15.68-15.75",
            "unused_bits": "5 6 7 8 9 10 11 12 13 14 15 16 17 18 19 20 21 22 23 24 25 26 27 28 29 30"
          }
        },
        "$or$designs/141/top.sv:12$1_Y": {
          "hide_name": 1,
          "bits": [ 103, 104, 105, 106 ],
          "attributes": {
            "src": "designs/141/top.sv:12.32-12.66"
          }
        },
        "$or$designs/141/top.sv:15$11_Y": {
          "hide_name": 1,
          "bits": [ 107, 108, 109, 110, 111, 223, 224, 225, 226, 227, 228, 229, 230, 231, 232, 233, 234, 235, 236, 237, 238, 239, 240, 241, 242, 243, 244, 245, 246, 247, 248 ],
          "attributes": {
            "src": "designs/141/top.sv:15.47-15.87",
            "unused_bits": "5 6 7 8 9 10 11 12 13 14 15 16 17 18 19 20 21 22 23 24 25 26 27 28 29 30"
          }
        },
        "$reduce_bool$designs/141/top.sv:15$17_Y": {
          "hide_name": 1,
          "bits": [ 117 ],
          "attributes": {
            "src": "designs/141/top.sv:15.21-15.133"
          }
        },
        "$reduce_bool$designs/141/top.sv:18$25_Y": {
          "hide_name": 1,
          "bits": [ 118 ],
          "attributes": {
            "src": "designs/141/top.sv:18.26-18.97"
          }
        },
        "$sub$designs/141/top.sv:12$2_Y": {
          "hide_name": 1,
          "bits": [ 21, 22, 23, 24 ],
          "attributes": {
            "src": "designs/141/top.sv:12.31-12.80"
          }
        },
        "input_data": {
          "hide_name": 0,
          "bits": [ 2, 3, 4, 5 ],
          "attributes": {
            "src": "designs/141/top.sv:2.17-2.27"
          }
        },
        "output_data": {
          "hide_name": 0,
          "bits": [ 6, 7, 8, 9, 10, 11, 12, 13, 14, 15, 16, 17, 18, 19, 20, 20, 20, 20, 20, 20, 20, 20, 20, 20, 20, 20, 20, 20, 20, 20, 20, 20, 20, 20, 20 ],
          "attributes": {
            "src": "designs/141/top.sv:3.19-3.30"
          }
        },
        "temp_0": {
          "hide_name": 0,
          "bits": [ 25, 26, 27, 28, 29, "0", "0", "0", "0" ],
          "attributes": {
            "src": "designs/141/top.sv:6.17-6.23"
          }
        },
        "temp_1": {
          "hide_name": 0,
          "bits": [ 30, 31, 32, 33, 29, "0", "0", "0", "0", "0", "0", "0", "0", "0", "0", "0", "0", "0", "0", "0", "0", "0", "0", "0" ],
          "attributes": {
            "src": "designs/141/top.sv:7.18-7.24"
          }
        },
        "temp_2": {
          "hide_name": 0,
          "bits": [ 48, 49, 50, 51, 52, 83, 83, 83, 83, "0", "0", "0", "0", "0", "0", "0", "0", "0", "0", "0", "0", "0", "0", "0", "0", "0", "0", "0", "0", "0", "0" ],
          "attributes": {
            "src": "designs/141/top.sv:8.18-8.24"
          }
        },
        "temp_3": {
          "hide_name": 0,
          "bits": [ 68, 69, 70, 71, 72 ],
          "attributes": {
            "src": "designs/141/top.sv:9.17-9.23"
          }
        }
      }
    }
  }
}
