{
  "creator": "Yosys 0.60 (git sha1 5bafeb77dc71e054fa331ab9efa613e6fb0a1c49, clang++ 17.0.0 -fPIC -O3)",
  "modules": {
    "top": {
      "attributes": {
        "top": "00000000000000000000000000000001",
        "src": "designs/183/top.sv:1.1-48.10"
      },
      "ports": {
        "input_data": {
          "direction": "input",
          "bits": [ 2, 3, 4, 5, 6, 7 ]
        },
        "output_data": {
          "direction": "output",
          "bits": [ 8, 9, 10, 11, 12 ]
        }
      },
      "cells": {
        "$add$designs/183/top.sv:25$1": {
          "hide_name": 1,
          "type": "$add",
          "parameters": {
            "A_SIGNED": "00000000000000000000000000000000",
            "A_WIDTH": "00000000000000000000000000000110",
            "B_SIGNED": "00000000000000000000000000000000",
            "B_WIDTH": "00000000000000000000000000000110",
            "Y_WIDTH": "00000000000000000000000000000110"
          },
          "attributes": {
            "src": "designs/183/top.sv:25.53-25.87"
          },
          "port_directions": {
            "A": "input",
            "B": "input",
            "Y": "output"
          },
          "connections": {
            "A": [ 2, 3, 4, 5, 6, 7 ],
            "B": [ 2, 3, 4, 5, 6, 7 ],
            "Y": [ 13, 14, 15, 16, 17, 18 ]
          }
        },
        "$add$designs/183/top.sv:26$14": {
          "hide_name": 1,
          "type": "$add",
          "parameters": {
            "A_SIGNED": "00000000000000000000000000000000",
            "A_WIDTH": "00000000000000000000000000000111",
            "B_SIGNED": "00000000000000000000000000000000",
            "B_WIDTH": "00000000000000000000000000000111",
            "Y_WIDTH": "00000000000000000000000000000111"
          },
          "attributes": {
            "src": "designs/183/top.sv:26.33-26.172"
          },
          "port_directions": {
            "A": "input",
            "B": "input",
            "Y": "output"
          },
          "connections": {
            "A": [ 19, 20, 21, 22, 23, 24, 25 ],
            "B": [ 26, 27, 28, 29, 30, 31, "1" ],
            "Y": [ 32, 33, 34, 35, 36, 37, 38 ]
          }
        },
        "$add$designs/183/top.sv:26$7": {
          "hide_name": 1,
          "type": "$add",
          "parameters": {
            "A_SIGNED": "00000000000000000000000000000000",
            "A_WIDTH": "00000000000000000000000000000110",
            "B_SIGNED": "00000000000000000000000000000000",
            "B_WIDTH": "00000000000000000000000000000110",
            "Y_WIDTH": "00000000000000000000000000000110"
          },
          "attributes": {
            "src": "designs/183/top.sv:26.65-26.120"
          },
          "port_directions": {
            "A": "input",
            "B": "input",
            "Y": "output"
          },
          "connections": {
            "A": [ 39, 40, 41, 42, 43, 44 ],
            "B": [ 2, 3, 4, 5, 6, 7 ],
            "Y": [ 45, 46, 47, 48, 49, 50 ]
          }
        },
        "$add$designs/183/top.sv:26$9": {
          "hide_name": 1,
          "type": "$add",
          "parameters": {
            "A_SIGNED": "00000000000000000000000000000000",
            "A_WIDTH": "00000000000000000000000000000110",
            "B_SIGNED": "00000000000000000000000000000000",
            "B_WIDTH": "00000000000000000000000000000111",
            "Y_WIDTH": "00000000000000000000000000000111"
          },
          "attributes": {
            "src": "designs/183/top.sv:26.54-26.134"
          },
          "port_directions": {
            "A": "input",
            "B": "input",
            "Y": "output"
          },
          "connections": {
            "A": [ 45, 46, 47, 48, 49, 50 ],
            "B": [ 26, 27, 28, 29, 30, 31, "1" ],
            "Y": [ 51, 52, 53, 54, 55, 56, 57 ]
          }
        },
        "$add$designs/183/top.sv:27$21": {
          "hide_name": 1,
          "type": "$add",
          "parameters": {
            "A_SIGNED": "00000000000000000000000000000000",
            "A_WIDTH": "00000000000000000000000000000111",
            "B_SIGNED": "00000000000000000000000000000000",
            "B_WIDTH": "00000000000000000000000000011010",
            "Y_WIDTH": "00000000000000000000000000011010"
          },
          "attributes": {
            "src": "designs/183/top.sv:27.33-27.128"
          },
          "port_directions": {
            "A": "input",
            "B": "input",
            "Y": "output"
          },
          "connections": {
            "A": [ 58, 59, 60, 61, 62, 63, "0" ],
            "B": [ 26, 27, 28, 29, 30, 31, "1", "1", "1", "1", "1", "1", "1", "1", "1", "1", "1", "1", "1", "1", "1", "1", "1", "1", "1", "1" ],
            "Y": [ 64, 65, 66, 67, 68, 69, 70, 71, 72, 73, 74, 75, 76, 77, 78, 79, 80, 81, 82, 83, 84, 85, 86, 87, 88, 89 ]
          }
        },
        "$add$designs/183/top.sv:29$27": {
          "hide_name": 1,
          "type": "$add",
          "parameters": {
            "A_SIGNED": "00000000000000000000000000000000",
            "A_WIDTH": "00000000000000000000000000000110",
            "B_SIGNED": "00000000000000000000000000000000",
            "B_WIDTH": "00000000000000000000000000000110",
            "Y_WIDTH": "00000000000000000000000000000110"
          },
          "attributes": {
            "src": "designs/183/top.sv:29.44-29.129"
          },
          "port_directions": {
            "A": "input",
            "B": "input",
            "Y": "output"
          },
          "connections": {
            "A": [ 90, 91, 92, 93, 94, 95 ],
            "B": [ 96, 97, 98, 99, 100, 101 ],
            "Y": [ 102, 103, 104, 105, 106, 107 ]
          }
        },
        "$add$designs/183/top.sv:32$35": {
          "hide_name": 1,
          "type": "$add",
          "parameters": {
            "A_SIGNED": "00000000000000000000000000000000",
            "A_WIDTH": "00000000000000000000000000011010",
            "B_SIGNED": "00000000000000000000000000000000",
            "B_WIDTH": "00000000000000000000000000000110",
            "Y_WIDTH": "00000000000000000000000000011010"
          },
          "attributes": {
            "src": "designs/183/top.sv:32.53-32.147"
          },
          "port_directions": {
            "A": "input",
            "B": "input",
            "Y": "output"
          },
          "connections": {
            "A": [ 108, 109, 110, 111, 112, 113, 114, 115, 116, 117, 118, 119, 120, 121, 122, 123, 124, 125, 126, 127, 128, 129, 130, 131, 132, 133 ],
            "B": [ 2, 3, 4, 5, 6, 7 ],
            "Y": [ 134, 135, 136, 137, 138, 139, 140, 141, 142, 143, 144, 145, 146, 147, 148, 149, 150, 151, 152, 153, 154, 155, 156, 157, 158, 159 ]
          }
        },
        "$add$designs/183/top.sv:33$42": {
          "hide_name": 1,
          "type": "$add",
          "parameters": {
            "A_SIGNED": "00000000000000000000000000000000",
            "A_WIDTH": "00000000000000000000000000010011",
            "B_SIGNED": "00000000000000000000000000000000",
            "B_WIDTH": "00000000000000000000000000000110",
            "Y_WIDTH": "00000000000000000000000000010011"
          },
          "attributes": {
            "src": "designs/183/top.sv:33.41-33.122"
          },
          "port_directions": {
            "A": "input",
            "B": "input",
            "Y": "output"
          },
          "connections": {
            "A": [ 160, 161, 162, 163, 164, 165, 166, 167, 168, 169, 170, 171, 172, 173, 174, 175, 176, 177, 178 ],
            "B": [ 179, 180, 181, 182, 183, 184 ],
            "Y": [ 185, 186, 187, 188, 189, 190, 191, 192, 193, 194, 195, 196, 197, 198, 199, 200, 201, 202, 203 ]
          }
        },
        "$add$designs/183/top.sv:33$43": {
          "hide_name": 1,
          "type": "$add",
          "parameters": {
            "A_SIGNED": "00000000000000000000000000000000",
            "A_WIDTH": "00000000000000000000000000010011",
            "B_SIGNED": "00000000000000000000000000000000",
            "B_WIDTH": "00000000000000000000000000000110",
            "Y_WIDTH": "00000000000000000000000000010011"
          },
          "attributes": {
            "src": "designs/183/top.sv:33.30-33.133"
          },
          "port_directions": {
            "A": "input",
            "B": "input",
            "Y": "output"
          },
          "connections": {
            "A": [ 185, 186, 187, 188, 189, 190, 191, 192, 193, 194, 195, 196, 197, 198, 199, 200, 201, 202, 203 ],
            "B": [ 204, 205, 206, 207, 208, 209 ],
            "Y": [ 210, 211, 212, 213, 214, 215, 216, 217, 218, 219, 220, 221, 222, 223, 224, 225, 226, 227, 228 ]
          }
        },
        "$add$designs/183/top.sv:40$66": {
          "hide_name": 1,
          "type": "$add",
          "parameters": {
            "A_SIGNED": "00000000000000000000000000000000",
            "A_WIDTH": "00000000000000000000000000011010",
            "B_SIGNED": "00000000000000000000000000000000",
            "B_WIDTH": "00000000000000000000000000000101",
            "Y_WIDTH": "00000000000000000000000000011010"
          },
          "attributes": {
            "src": "designs/183/top.sv:40.51-40.98"
          },
          "port_directions": {
            "A": "input",
            "B": "input",
            "Y": "output"
          },
          "connections": {
            "A": [ 229, 230, 231, 232, 233, 234, "0", "0", "0", "0", "0", "0", "0", "0", "0", "0", "0", "0", "0", "0", "0", "0", "0", "0", "0", "0" ],
            "B": [ 235, 236, 237, 238, 239 ],
            "Y": [ 240, 241, 242, 243, 244, 245, 246, 247, 248, 249, 250, 251, 252, 253, 254, 255, 256, 257, 258, 259, 260, 261, 262, 263, 264, 265 ]
          }
        },
        "$and$designs/183/top.sv:25$2": {
          "hide_name": 1,
          "type": "$and",
          "parameters": {
            "A_SIGNED": "00000000000000000000000000000000",
            "A_WIDTH": "00000000000000000000000000000110",
            "B_SIGNED": "00000000000000000000000000000000",
            "B_WIDTH": "00000000000000000000000000000110",
            "Y_WIDTH": "00000000000000000000000000000110"
          },
          "attributes": {
            "src": "designs/183/top.sv:25.44-25.102"
          },
          "port_directions": {
            "A": "input",
            "B": "input",
            "Y": "output"
          },
          "connections": {
            "A": [ 13, 14, 15, 16, 17, 18 ],
            "B": [ 2, 3, 4, 5, 6, 7 ],
            "Y": [ 266, 267, 268, 269, 270, 271 ]
          }
        },
        "$and$designs/183/top.sv:32$38": {
          "hide_name": 1,
          "type": "$and",
          "parameters": {
            "A_SIGNED": "00000000000000000000000000000000",
            "A_WIDTH": "00000000000000000000000000011010",
            "B_SIGNED": "00000000000000000000000000000000",
            "B_WIDTH": "00000000000000000000000000011010",
            "Y_WIDTH": "00000000000000000000000000011010"
          },
          "attributes": {
            "src": "designs/183/top.sv:32.22-32.184"
          },
          "port_directions": {
            "A": "input",
            "B": "input",
            "Y": "output"
          },
          "connections": {
            "A": [ 272, 273, 274, 275, 276, 277, 278, 279, 280, 281, 282, 283, 284, 285, 286, 287, 288, 289, 290, 291, 292, 293, 294, 295, 296, 297 ],
            "B": [ 96, 97, 98, 99, 100, 101, 70, 71, 72, 73, 74, 75, 76, 77, 78, 79, 80, 81, 82, 83, 84, 85, 86, 87, 88, 89 ],
            "Y": [ 298, 299, 300, 301, 302, 303, 304, 305, 306, 307, 308, 309, 310, 311, 312, 313, 314, 315, 316, 317, 318, 319, 320, 321, 322, 323 ]
          }
        },
        "$and$designs/183/top.sv:33$41": {
          "hide_name": 1,
          "type": "$and",
          "parameters": {
            "A_SIGNED": "00000000000000000000000000000000",
            "A_WIDTH": "00000000000000000000000000010011",
            "B_SIGNED": "00000000000000000000000000000000",
            "B_WIDTH": "00000000000000000000000000010011",
            "Y_WIDTH": "00000000000000000000000000010011"
          },
          "attributes": {
            "src": "designs/183/top.sv:33.50-33.111"
          },
          "port_directions": {
            "A": "input",
            "B": "input",
            "Y": "output"
          },
          "connections": {
            "A": [ 324, 325, 326, 327, 328, 329, 70, 71, 72, 73, 74, 75, 76, 77, 78, 79, 80, 81, 82 ],
            "B": [ 298, 299, 300, 301, 302, 303, 304, 305, 306, 307, 308, 309, 310, 311, 312, 313, 314, 315, 316 ],
            "Y": [ 160, 161, 162, 163, 164, 165, 166, 167, 168, 169, 170, 171, 172, 173, 174, 175, 176, 177, 178 ]
          }
        },
        "$auto$opt_expr.cc:276:group_cell_inputs$101": {
          "hide_name": 1,
          "type": "$not",
          "parameters": {
            "A_SIGNED": "00000000000000000000000000000000",
            "A_WIDTH": "00000000000000000000000000000110",
            "Y_WIDTH": "00000000000000000000000000000110"
          },
          "attributes": {
          },
          "port_directions": {
            "A": "input",
            "Y": "output"
          },
          "connections": {
            "A": [ 204, 205, 206, 207, 208, 209 ],
            "Y": [ 26, 27, 28, 29, 30, 31 ]
          }
        },
        "$auto$opt_expr.cc:276:group_cell_inputs$105": {
          "hide_name": 1,
          "type": "$and",
          "parameters": {
            "A_SIGNED": "00000000000000000000000000000000",
            "A_WIDTH": "00000000000000000000000000000110",
            "B_SIGNED": "00000000000000000000000000000000",
            "B_WIDTH": "00000000000000000000000000000110",
            "Y_WIDTH": "00000000000000000000000000000110"
          },
          "attributes": {
          },
          "port_directions": {
            "A": "input",
            "B": "input",
            "Y": "output"
          },
          "connections": {
            "A": [ 32, 33, 34, 35, 36, 37 ],
            "B": [ 204, 205, 206, 207, 208, 209 ],
            "Y": [ 330, 331, 332, 333, 334, 335 ]
          }
        },
        "$auto$opt_expr.cc:276:group_cell_inputs$109": {
          "hide_name": 1,
          "type": "$and",
          "parameters": {
            "A_SIGNED": "00000000000000000000000000000000",
            "A_WIDTH": "00000000000000000000000000000110",
            "B_SIGNED": "00000000000000000000000000000000",
            "B_WIDTH": "00000000000000000000000000000110",
            "Y_WIDTH": "00000000000000000000000000000110"
          },
          "attributes": {
          },
          "port_directions": {
            "A": "input",
            "B": "input",
            "Y": "output"
          },
          "connections": {
            "A": [ 336, 337, 338, 339, 340, 341 ],
            "B": [ 204, 205, 206, 207, 208, 209 ],
            "Y": [ 342, 343, 344, 345, 346, 347 ]
          }
        },
        "$auto$opt_expr.cc:276:group_cell_inputs$113": {
          "hide_name": 1,
          "type": "$or",
          "parameters": {
            "A_SIGNED": "00000000000000000000000000000000",
            "A_WIDTH": "00000000000000000000000000000110",
            "B_SIGNED": "00000000000000000000000000000000",
            "B_WIDTH": "00000000000000000000000000000110",
            "Y_WIDTH": "00000000000000000000000000000110"
          },
          "attributes": {
          },
          "port_directions": {
            "A": "input",
            "B": "input",
            "Y": "output"
          },
          "connections": {
            "A": [ 342, 343, 344, 345, 346, 347 ],
            "B": [ 204, 205, 206, 207, 208, 209 ],
            "Y": [ 58, 59, 60, 61, 62, 63 ]
          }
        },
        "$auto$opt_expr.cc:276:group_cell_inputs$123": {
          "hide_name": 1,
          "type": "$or",
          "parameters": {
            "A_SIGNED": "00000000000000000000000000000000",
            "A_WIDTH": "00000000000000000000000000000110",
            "B_SIGNED": "00000000000000000000000000000000",
            "B_WIDTH": "00000000000000000000000000000110",
            "Y_WIDTH": "00000000000000000000000000000110"
          },
          "attributes": {
          },
          "port_directions": {
            "A": "input",
            "B": "input",
            "Y": "output"
          },
          "connections": {
            "A": [ 134, 135, 136, 137, 138, 139 ],
            "B": [ 2, 3, 4, 5, 6, 7 ],
            "Y": [ 348, 349, 350, 351, 352, 353 ]
          }
        },
        "$auto$opt_expr.cc:276:group_cell_inputs$126": {
          "hide_name": 1,
          "type": "$or",
          "parameters": {
            "A_SIGNED": "00000000000000000000000000000000",
            "A_WIDTH": "00000000000000000000000000000101",
            "B_SIGNED": "00000000000000000000000000000000",
            "B_WIDTH": "00000000000000000000000000000101",
            "Y_WIDTH": "00000000000000000000000000000101"
          },
          "attributes": {
          },
          "port_directions": {
            "A": "input",
            "B": "input",
            "Y": "output"
          },
          "connections": {
            "A": [ 96, 97, 98, 99, 100 ],
            "B": [ 235, 236, 237, 238, 239 ],
            "Y": [ 354, 355, 356, 357, 358 ]
          }
        },
        "$auto$opt_expr.cc:276:group_cell_inputs$129": {
          "hide_name": 1,
          "type": "$xor",
          "parameters": {
            "A_SIGNED": "00000000000000000000000000000000",
            "A_WIDTH": "00000000000000000000000000000110",
            "B_SIGNED": "00000000000000000000000000000000",
            "B_WIDTH": "00000000000000000000000000000110",
            "Y_WIDTH": "00000000000000000000000000000110"
          },
          "attributes": {
          },
          "port_directions": {
            "A": "input",
            "B": "input",
            "Y": "output"
          },
          "connections": {
            "A": [ 354, 355, 356, 357, 358, 101 ],
            "B": [ 2, 3, 4, 5, 6, 7 ],
            "Y": [ 324, 325, 326, 327, 328, 329 ]
          }
        },
        "$auto$opt_expr.cc:276:group_cell_inputs$132": {
          "hide_name": 1,
          "type": "$not",
          "parameters": {
            "A_SIGNED": "00000000000000000000000000000000",
            "A_WIDTH": "00000000000000000000000000000110",
            "Y_WIDTH": "00000000000000000000000000000110"
          },
          "attributes": {
          },
          "port_directions": {
            "A": "input",
            "Y": "output"
          },
          "connections": {
            "A": [ 2, 3, 4, 5, 6, 7 ],
            "Y": [ 359, 360, 361, 362, 363, 364 ]
          }
        },
        "$auto$opt_expr.cc:276:group_cell_inputs$136": {
          "hide_name": 1,
          "type": "$xor",
          "parameters": {
            "A_SIGNED": "00000000000000000000000000000000",
            "A_WIDTH": "00000000000000000000000000000010",
            "B_SIGNED": "00000000000000000000000000000000",
            "B_WIDTH": "00000000000000000000000000000010",
            "Y_WIDTH": "00000000000000000000000000000010"
          },
          "attributes": {
          },
          "port_directions": {
            "A": "input",
            "B": "input",
            "Y": "output"
          },
          "connections": {
            "A": [ 365, 366 ],
            "B": [ 367, 368 ],
            "Y": [ 369, 370 ]
          }
        },
        "$auto$opt_expr.cc:276:group_cell_inputs$143": {
          "hide_name": 1,
          "type": "$not",
          "parameters": {
            "A_SIGNED": "00000000000000000000000000000000",
            "A_WIDTH": "00000000000000000000000000010011",
            "Y_WIDTH": "00000000000000000000000000010011"
          },
          "attributes": {
          },
          "port_directions": {
            "A": "input",
            "Y": "output"
          },
          "connections": {
            "A": [ 210, 211, 212, 213, 214, 215, 216, 217, 218, 219, 220, 221, 222, 223, 224, 225, 226, 227, 228 ],
            "Y": [ 371, 372, 373, 374, 375, 376, 377, 378, 379, 380, 381, 382, 383, 384, 385, 386, 387, 388, 389 ]
          }
        },
        "$auto$opt_expr.cc:276:group_cell_inputs$151": {
          "hide_name": 1,
          "type": "$not",
          "parameters": {
            "A_SIGNED": "00000000000000000000000000000000",
            "A_WIDTH": "00000000000000000000000000011010",
            "Y_WIDTH": "00000000000000000000000000011010"
          },
          "attributes": {
          },
          "port_directions": {
            "A": "input",
            "Y": "output"
          },
          "connections": {
            "A": [ 96, 97, 98, 99, 100, 101, 70, 71, 72, 73, 74, 75, 76, 77, 78, 79, 80, 81, 82, 83, 84, 85, 86, 87, 88, 89 ],
            "Y": [ 390, 391, 392, 393, 394, 395, 396, 397, 398, 399, 400, 401, 402, 403, 404, 405, 406, 407, 408, 409, 410, 411, 412, 413, 414, 415 ]
          }
        },
        "$auto$opt_expr.cc:276:group_cell_inputs$155": {
          "hide_name": 1,
          "type": "$and",
          "parameters": {
            "A_SIGNED": "00000000000000000000000000000000",
            "A_WIDTH": "00000000000000000000000000000110",
            "B_SIGNED": "00000000000000000000000000000000",
            "B_WIDTH": "00000000000000000000000000000110",
            "Y_WIDTH": "00000000000000000000000000000110"
          },
          "attributes": {
          },
          "port_directions": {
            "A": "input",
            "B": "input",
            "Y": "output"
          },
          "connections": {
            "A": [ 330, 331, 332, 333, 334, 335 ],
            "B": [ 330, 331, 332, 333, 334, 335 ],
            "Y": [ 336, 337, 338, 339, 340, 341 ]
          }
        },
        "$auto$opt_expr.cc:276:group_cell_inputs$159": {
          "hide_name": 1,
          "type": "$or",
          "parameters": {
            "A_SIGNED": "00000000000000000000000000000000",
            "A_WIDTH": "00000000000000000000000000000110",
            "B_SIGNED": "00000000000000000000000000000000",
            "B_WIDTH": "00000000000000000000000000000110",
            "Y_WIDTH": "00000000000000000000000000000110"
          },
          "attributes": {
          },
          "port_directions": {
            "A": "input",
            "B": "input",
            "Y": "output"
          },
          "connections": {
            "A": [ 64, 65, 66, 67, 68, 69 ],
            "B": [ 330, 331, 332, 333, 334, 335 ],
            "Y": [ 96, 97, 98, 99, 100, 101 ]
          }
        },
        "$auto$opt_expr.cc:276:group_cell_inputs$162": {
          "hide_name": 1,
          "type": "$and",
          "parameters": {
            "A_SIGNED": "00000000000000000000000000000000",
            "A_WIDTH": "00000000000000000000000000000110",
            "B_SIGNED": "00000000000000000000000000000000",
            "B_WIDTH": "00000000000000000000000000000110",
            "Y_WIDTH": "00000000000000000000000000000110"
          },
          "attributes": {
          },
          "port_directions": {
            "A": "input",
            "B": "input",
            "Y": "output"
          },
          "connections": {
            "A": [ 330, 331, 332, 333, 334, 335 ],
            "B": [ 371, 372, 373, 374, 375, 376 ],
            "Y": [ 229, 230, 231, 232, 233, 234 ]
          }
        },
        "$auto$opt_expr.cc:276:group_cell_inputs$94": {
          "hide_name": 1,
          "type": "$or",
          "parameters": {
            "A_SIGNED": "00000000000000000000000000000000",
            "A_WIDTH": "00000000000000000000000000000110",
            "B_SIGNED": "00000000000000000000000000000000",
            "B_WIDTH": "00000000000000000000000000000110",
            "Y_WIDTH": "00000000000000000000000000000110"
          },
          "attributes": {
          },
          "port_directions": {
            "A": "input",
            "B": "input",
            "Y": "output"
          },
          "connections": {
            "A": [ 51, 52, 53, 54, 55, 56 ],
            "B": [ 204, 205, 206, 207, 208, 209 ],
            "Y": [ 416, 417, 418, 419, 420, 421 ]
          }
        },
        "$mul$designs/183/top.sv:25$3": {
          "hide_name": 1,
          "type": "$mul",
          "parameters": {
            "A_SIGNED": "00000000000000000000000000000000",
            "A_WIDTH": "00000000000000000000000000000110",
            "B_SIGNED": "00000000000000000000000000000000",
            "B_WIDTH": "00000000000000000000000000000110",
            "Y_WIDTH": "00000000000000000000000000000110"
          },
          "attributes": {
            "src": "designs/183/top.sv:25.33-25.117"
          },
          "port_directions": {
            "A": "input",
            "B": "input",
            "Y": "output"
          },
          "connections": {
            "A": [ 266, 267, 268, 269, 270, 271 ],
            "B": [ 2, 3, 4, 5, 6, 7 ],
            "Y": [ 422, 423, 424, 425, 426, 427 ]
          }
        },
        "$mul$designs/183/top.sv:32$32": {
          "hide_name": 1,
          "type": "$mul",
          "parameters": {
            "A_SIGNED": "00000000000000000000000000000000",
            "A_WIDTH": "00000000000000000000000000000010",
            "B_SIGNED": "00000000000000000000000000000000",
            "B_WIDTH": "00000000000000000000000000000110",
            "Y_WIDTH": "00000000000000000000000000000111"
          },
          "attributes": {
            "src": "designs/183/top.sv:32.86-32.110"
          },
          "port_directions": {
            "A": "input",
            "B": "input",
            "Y": "output"
          },
          "connections": {
            "A": [ 367, 368 ],
            "B": [ 204, 205, 206, 207, 208, 209 ],
            "Y": [ 428, 429, 430, 431, 432, 433, 434 ]
          }
        },
        "$mul$designs/183/top.sv:32$34": {
          "hide_name": 1,
          "type": "$mul",
          "parameters": {
            "A_SIGNED": "00000000000000000000000000000001",
            "A_WIDTH": "00000000000000000000000000011011",
            "B_SIGNED": "00000000000000000000000000000001",
            "B_WIDTH": "00000000000000000000000000011011",
            "Y_WIDTH": "00000000000000000000000000011010"
          },
          "attributes": {
            "src": "designs/183/top.sv:32.64-32.132"
          },
          "port_directions": {
            "A": "input",
            "B": "input",
            "Y": "output"
          },
          "connections": {
            "A": [ 435, 436, 437, 438, 439, 440, 441, 442, 443, 444, 445, 446, 447, 448, 449, 450, 451, 452, 453, 454, 455, 456, 457, 458, 459, 460, 461 ],
            "B": [ 96, 97, 98, 99, 100, 101, 70, 71, 72, 73, 74, 75, 76, 77, 78, 79, 80, 81, 82, 83, 84, 85, 86, 87, 88, 89, "0" ],
            "Y": [ 108, 109, 110, 111, 112, 113, 114, 115, 116, 117, 118, 119, 120, 121, 122, 123, 124, 125, 126, 127, 128, 129, 130, 131, 132, 133 ]
          }
        },
        "$mul$designs/183/top.sv:35$47": {
          "hide_name": 1,
          "type": "$mul",
          "parameters": {
            "A_SIGNED": "00000000000000000000000000000000",
            "A_WIDTH": "00000000000000000000000000000110",
            "B_SIGNED": "00000000000000000000000000000000",
            "B_WIDTH": "00000000000000000000000000011010",
            "Y_WIDTH": "00000000000000000000000000011010"
          },
          "attributes": {
            "src": "designs/183/top.sv:35.62-35.95"
          },
          "port_directions": {
            "A": "input",
            "B": "input",
            "Y": "output"
          },
          "connections": {
            "A": [ 204, 205, 206, 207, 208, 209 ],
            "B": [ 359, 360, 361, 362, 363, 364, "1", "1", "1", "1", "1", "1", "1", "1", "1", "1", "1", "1", "1", "1", "1", "1", "1", "1", "1", "1" ],
            "Y": [ 462, 463, 464, 465, 466, 467, 468, 469, 470, 471, 472, 473, 474, 475, 476, 477, 478, 479, 480, 481, 482, 483, 484, 485, 486, 487 ]
          }
        },
        "$mul$designs/183/top.sv:35$50": {
          "hide_name": 1,
          "type": "$mul",
          "parameters": {
            "A_SIGNED": "00000000000000000000000000000000",
            "A_WIDTH": "00000000000000000000000000011010",
            "B_SIGNED": "00000000000000000000000000000000",
            "B_WIDTH": "00000000000000000000000000000010",
            "Y_WIDTH": "00000000000000000000000000011010"
          },
          "attributes": {
            "src": "designs/183/top.sv:35.43-35.127"
          },
          "port_directions": {
            "A": "input",
            "B": "input",
            "Y": "output"
          },
          "connections": {
            "A": [ 369, 370, 488, 489, 490, 491, 492, 493, 494, 495, 496, 497, 498, 499, 500, 501, 502, 503, 504, 505, 506, 507, 508, 509, 510, 511 ],
            "B": [ 367, 368 ],
            "Y": [ 512, 513, 514, 515, 516, 517, 518, 519, 520, 521, 522, 523, 524, 525, 526, 527, 528, 529, 530, 531, 532, 533, 534, 535, 536, 537 ]
          }
        },
        "$mul$designs/183/top.sv:35$52": {
          "hide_name": 1,
          "type": "$mul",
          "parameters": {
            "A_SIGNED": "00000000000000000000000000000000",
            "A_WIDTH": "00000000000000000000000000011010",
            "B_SIGNED": "00000000000000000000000000000000",
            "B_WIDTH": "00000000000000000000000000000110",
            "Y_WIDTH": "00000000000000000000000000001111"
          },
          "attributes": {
            "src": "designs/183/top.sv:35.31-35.152"
          },
          "port_directions": {
            "A": "input",
            "B": "input",
            "Y": "output"
          },
          "connections": {
            "A": [ 538, 539, 540, 541, 542, 543, 544, 545, 546, 547, 548, 549, 550, 551, 552, 553, 554, 555, 556, 557, 558, 559, 560, 561, 562, 563 ],
            "B": [ 2, 3, 4, 5, 6, 7 ],
            "Y": [ 564, 565, 566, 567, 568, 569, 570, 571, 572, 573, 574, 575, 576, 577, 578 ]
          }
        },
        "$mul$designs/183/top.sv:40$67": {
          "hide_name": 1,
          "type": "$mul",
          "parameters": {
            "A_SIGNED": "00000000000000000000000000000000",
            "A_WIDTH": "00000000000000000000000000011010",
            "B_SIGNED": "00000000000000000000000000000000",
            "B_WIDTH": "00000000000000000000000000010011",
            "Y_WIDTH": "00000000000000000000000000000101"
          },
          "attributes": {
            "src": "designs/183/top.sv:40.42-40.109"
          },
          "port_directions": {
            "A": "input",
            "B": "input",
            "Y": "output"
          },
          "connections": {
            "A": [ 240, 241, 242, 243, 244, 245, 246, 247, 248, 249, 250, 251, 252, 253, 254, 255, 256, 257, 258, 259, 260, 261, 262, 263, 264, 265 ],
            "B": [ 210, 211, 212, 213, 214, 215, 216, 217, 218, 219, 220, 221, 222, 223, 224, 225, 226, 227, 228 ],
            "Y": [ 579, 580, 581, 582, 583 ]
          }
        },
        "$mul$designs/183/top.sv:45$75": {
          "hide_name": 1,
          "type": "$mul",
          "parameters": {
            "A_SIGNED": "00000000000000000000000000000001",
            "A_WIDTH": "00000000000000000000000000000111",
            "B_SIGNED": "00000000000000000000000000000001",
            "B_WIDTH": "00000000000000000000000000011111",
            "Y_WIDTH": "00000000000000000000000000000101"
          },
          "attributes": {
            "src": "designs/183/top.sv:45.37-45.89"
          },
          "port_directions": {
            "A": "input",
            "B": "input",
            "Y": "output"
          },
          "connections": {
            "A": [ 584, 585, 586, 587, 588, 589, 590 ],
            "B": [ 390, 391, 392, 393, 394, 395, 396, 397, 398, 399, 400, 401, 402, 403, 404, 405, 406, 407, 408, 409, 410, 411, 412, 413, 414, 415, "1", "1", "1", "1", "1" ],
            "Y": [ 591, 592, 593, 594, 595 ]
          }
        },
        "$not$designs/183/top.sv:45$78": {
          "hide_name": 1,
          "type": "$not",
          "parameters": {
            "A_SIGNED": "00000000000000000000000000000000",
            "A_WIDTH": "00000000000000000000000000000101",
            "Y_WIDTH": "00000000000000000000000000000101"
          },
          "attributes": {
            "src": "designs/183/top.sv:45.105-45.113"
          },
          "port_directions": {
            "A": "input",
            "Y": "output"
          },
          "connections": {
            "A": [ 596, 597, 598, 599, 600 ],
            "Y": [ 601, 602, 603, 604, 605 ]
          }
        },
        "$or$designs/183/top.sv:29$28": {
          "hide_name": 1,
          "type": "$or",
          "parameters": {
            "A_SIGNED": "00000000000000000000000000000000",
            "A_WIDTH": "00000000000000000000000000000110",
            "B_SIGNED": "00000000000000000000000000000000",
            "B_WIDTH": "00000000000000000000000000000110",
            "Y_WIDTH": "00000000000000000000000000000110"
          },
          "attributes": {
            "src": "designs/183/top.sv:29.33-29.140"
          },
          "port_directions": {
            "A": "input",
            "B": "input",
            "Y": "output"
          },
          "connections": {
            "A": [ 102, 103, 104, 105, 106, 107 ],
            "B": [ 606, 607, 608, 609, 610, 611 ],
            "Y": [ 612, 613, 614, 615, 616, 617 ]
          }
        },
        "$or$designs/183/top.sv:45$72": {
          "hide_name": 1,
          "type": "$or",
          "parameters": {
            "A_SIGNED": "00000000000000000000000000000000",
            "A_WIDTH": "00000000000000000000000000000010",
            "B_SIGNED": "00000000000000000000000000000000",
            "B_WIDTH": "00000000000000000000000000000010",
            "Y_WIDTH": "00000000000000000000000000000010"
          },
          "attributes": {
            "src": "designs/183/top.sv:45.39-45.66"
          },
          "port_directions": {
            "A": "input",
            "B": "input",
            "Y": "output"
          },
          "connections": {
            "A": [ 564, 565 ],
            "B": [ 367, 368 ],
            "Y": [ 618, 619 ]
          }
        },
        "$shl$designs/183/top.sv:29$24": {
          "hide_name": 1,
          "type": "$shl",
          "parameters": {
            "A_SIGNED": "00000000000000000000000000000000",
            "A_WIDTH": "00000000000000000000000000000100",
            "B_SIGNED": "00000000000000000000000000000000",
            "B_WIDTH": "00000000000000000000000000000110",
            "Y_WIDTH": "00000000000000000000000000000110"
          },
          "attributes": {
            "src": "designs/183/top.sv:29.63-29.93"
          },
          "port_directions": {
            "A": "input",
            "B": "input",
            "Y": "output"
          },
          "connections": {
            "A": [ "0", "1", "1", "1" ],
            "B": [ 2, 3, 4, 5, 6, 7 ],
            "Y": [ 620, 621, 622, 623, 624, 625 ]
          }
        },
        "$shr$designs/183/top.sv:26$6": {
          "hide_name": 1,
          "type": "$shr",
          "parameters": {
            "A_SIGNED": "00000000000000000000000000000001",
            "A_WIDTH": "00000000000000000000000000000110",
            "B_SIGNED": "00000000000000000000000000000000",
            "B_WIDTH": "00000000000000000000000000000110",
            "Y_WIDTH": "00000000000000000000000000000110"
          },
          "attributes": {
            "src": "designs/183/top.sv:26.76-26.105"
          },
          "port_directions": {
            "A": "input",
            "B": "input",
            "Y": "output"
          },
          "connections": {
            "A": [ 2, 3, 4, 5, 6, 7 ],
            "B": [ 204, 205, 206, 207, 208, 209 ],
            "Y": [ 39, 40, 41, 42, 43, 44 ]
          }
        },
        "$sub$designs/183/top.sv:25$5": {
          "hide_name": 1,
          "type": "$sub",
          "parameters": {
            "A_SIGNED": "00000000000000000000000000000000",
            "A_WIDTH": "00000000000000000000000000000110",
            "B_SIGNED": "00000000000000000000000000000000",
            "B_WIDTH": "00000000000000000000000000000110",
            "Y_WIDTH": "00000000000000000000000000000110"
          },
          "attributes": {
            "src": "designs/183/top.sv:25.32-25.134"
          },
          "port_directions": {
            "A": "input",
            "B": "input",
            "Y": "output"
          },
          "connections": {
            "A": [ 422, 423, 424, 425, 426, 427 ],
            "B": [ 359, 360, 361, 362, 363, 364 ],
            "Y": [ 204, 205, 206, 207, 208, 209 ]
          }
        },
        "$sub$designs/183/top.sv:26$12": {
          "hide_name": 1,
          "type": "$sub",
          "parameters": {
            "A_SIGNED": "00000000000000000000000000000000",
            "A_WIDTH": "00000000000000000000000000000111",
            "B_SIGNED": "00000000000000000000000000000000",
            "B_WIDTH": "00000000000000000000000000000111",
            "Y_WIDTH": "00000000000000000000000000000111"
          },
          "attributes": {
            "src": "designs/183/top.sv:26.42-26.158"
          },
          "port_directions": {
            "A": "input",
            "B": "input",
            "Y": "output"
          },
          "connections": {
            "A": [ 416, 417, 418, 419, 420, 421, 57 ],
            "B": [ 26, 27, 28, 29, 30, 31, "1" ],
            "Y": [ 19, 20, 21, 22, 23, 24, 25 ]
          }
        },
        "$sub$designs/183/top.sv:28$23": {
          "hide_name": 1,
          "type": "$sub",
          "parameters": {
            "A_SIGNED": "00000000000000000000000000000000",
            "A_WIDTH": "00000000000000000000000000000110",
            "B_SIGNED": "00000000000000000000000000000000",
            "B_WIDTH": "00000000000000000000000000000110",
            "Y_WIDTH": "00000000000000000000000000000111"
          },
          "attributes": {
            "src": "designs/183/top.sv:28.22-28.41"
          },
          "port_directions": {
            "A": "input",
            "B": "input",
            "Y": "output"
          },
          "connections": {
            "A": [ 204, 205, 206, 207, 208, 209 ],
            "B": [ 2, 3, 4, 5, 6, 7 ],
            "Y": [ 606, 607, 608, 609, 610, 611, 626 ]
          }
        },
        "$sub$designs/183/top.sv:29$26": {
          "hide_name": 1,
          "type": "$sub",
          "parameters": {
            "A_SIGNED": "00000000000000000000000000000000",
            "A_WIDTH": "00000000000000000000000000000110",
            "B_SIGNED": "00000000000000000000000000000000",
            "B_WIDTH": "00000000000000000000000000000110",
            "Y_WIDTH": "00000000000000000000000000000110"
          },
          "attributes": {
            "src": "designs/183/top.sv:29.53-29.118"
          },
          "port_directions": {
            "A": "input",
            "B": "input",
            "Y": "output"
          },
          "connections": {
            "A": [ 627, 628, 629, 630, 631, 632 ],
            "B": [ 204, 205, 206, 207, 208, 209 ],
            "Y": [ 90, 91, 92, 93, 94, 95 ]
          }
        },
        "$sub$designs/183/top.sv:32$33": {
          "hide_name": 1,
          "type": "$sub",
          "parameters": {
            "A_SIGNED": "00000000000000000000000000000000",
            "A_WIDTH": "00000000000000000000000000000111",
            "B_SIGNED": "00000000000000000000000000000000",
            "B_WIDTH": "00000000000000000000000000011010",
            "Y_WIDTH": "00000000000000000000000000011011"
          },
          "attributes": {
            "src": "designs/183/top.sv:32.75-32.121"
          },
          "port_directions": {
            "A": "input",
            "B": "input",
            "Y": "output"
          },
          "connections": {
            "A": [ 428, 429, 430, 431, 432, 433, 434 ],
            "B": [ 96, 97, 98, 99, 100, 101, 70, 71, 72, 73, 74, 75, 76, 77, 78, 79, 80, 81, 82, 83, 84, 85, 86, 87, 88, 89 ],
            "Y": [ 435, 436, 437, 438, 439, 440, 441, 442, 443, 444, 445, 446, 447, 448, 449, 450, 451, 452, 453, 454, 455, 456, 457, 458, 459, 460, 461 ]
          }
        },
        "$sub$designs/183/top.sv:32$37": {
          "hide_name": 1,
          "type": "$sub",
          "parameters": {
            "A_SIGNED": "00000000000000000000000000000000",
            "A_WIDTH": "00000000000000000000000000011010",
            "B_SIGNED": "00000000000000000000000000000000",
            "B_WIDTH": "00000000000000000000000000000010",
            "Y_WIDTH": "00000000000000000000000000011010"
          },
          "attributes": {
            "src": "designs/183/top.sv:32.33-32.173"
          },
          "port_directions": {
            "A": "input",
            "B": "input",
            "Y": "output"
          },
          "connections": {
            "A": [ 348, 349, 350, 351, 352, 353, 140, 141, 142, 143, 144, 145, 146, 147, 148, 149, 150, 151, 152, 153, 154, 155, 156, 157, 158, 159 ],
            "B": [ 367, 368 ],
            "Y": [ 272, 273, 274, 275, 276, 277, 278, 279, 280, 281, 282, 283, 284, 285, 286, 287, 288, 289, 290, 291, 292, 293, 294, 295, 296, 297 ]
          }
        },
        "$sub$designs/183/top.sv:35$48": {
          "hide_name": 1,
          "type": "$sub",
          "parameters": {
            "A_SIGNED": "00000000000000000000000000000000",
            "A_WIDTH": "00000000000000000000000000011010",
            "B_SIGNED": "00000000000000000000000000000000",
            "B_WIDTH": "00000000000000000000000000011010",
            "Y_WIDTH": "00000000000000000000000000011010"
          },
          "attributes": {
            "src": "designs/183/top.sv:35.61-35.105"
          },
          "port_directions": {
            "A": "input",
            "B": "input",
            "Y": "output"
          },
          "connections": {
            "A": [ 462, 463, 464, 465, 466, 467, 468, 469, 470, 471, 472, 473, 474, 475, 476, 477, 478, 479, 480, 481, 482, 483, 484, 485, 486, 487 ],
            "B": [ 298, 299, 300, 301, 302, 303, 304, 305, 306, 307, 308, 309, 310, 311, 312, 313, 314, 315, 316, 317, 318, 319, 320, 321, 322, 323 ],
            "Y": [ 365, 366, 488, 489, 490, 491, 492, 493, 494, 495, 496, 497, 498, 499, 500, 501, 502, 503, 504, 505, 506, 507, 508, 509, 510, 511 ]
          }
        },
        "$sub$designs/183/top.sv:40$68": {
          "hide_name": 1,
          "type": "$sub",
          "parameters": {
            "A_SIGNED": "00000000000000000000000000000000",
            "A_WIDTH": "00000000000000000000000000000101",
            "B_SIGNED": "00000000000000000000000000000000",
            "B_WIDTH": "00000000000000000000000000000101",
            "Y_WIDTH": "00000000000000000000000000000101"
          },
          "attributes": {
            "src": "designs/183/top.sv:40.31-40.120"
          },
          "port_directions": {
            "A": "input",
            "B": "input",
            "Y": "output"
          },
          "connections": {
            "A": [ 579, 580, 581, 582, 583 ],
            "B": [ 330, 331, 332, 333, 334 ],
            "Y": [ 596, 597, 598, 599, 600 ]
          }
        },
        "$sub$designs/183/top.sv:45$73": {
          "hide_name": 1,
          "type": "$sub",
          "parameters": {
            "A_SIGNED": "00000000000000000000000000000000",
            "A_WIDTH": "00000000000000000000000000000010",
            "B_SIGNED": "00000000000000000000000000000000",
            "B_WIDTH": "00000000000000000000000000000110",
            "Y_WIDTH": "00000000000000000000000000000111"
          },
          "attributes": {
            "src": "designs/183/top.sv:45.38-45.76"
          },
          "port_directions": {
            "A": "input",
            "B": "input",
            "Y": "output"
          },
          "connections": {
            "A": [ 618, 619 ],
            "B": [ 179, 180, 181, 182, 183, 184 ],
            "Y": [ 584, 585, 586, 587, 588, 589, 590 ]
          }
        },
        "$sub$designs/183/top.sv:45$76": {
          "hide_name": 1,
          "type": "$sub",
          "parameters": {
            "A_SIGNED": "00000000000000000000000000000000",
            "A_WIDTH": "00000000000000000000000000000101",
            "B_SIGNED": "00000000000000000000000000000000",
            "B_WIDTH": "00000000000000000000000000000101",
            "Y_WIDTH": "00000000000000000000000000000101"
          },
          "attributes": {
            "src": "designs/183/top.sv:45.36-45.99"
          },
          "port_directions": {
            "A": "input",
            "B": "input",
            "Y": "output"
          },
          "connections": {
            "A": [ 591, 592, 593, 594, 595 ],
            "B": [ 210, 211, 212, 213, 214 ],
            "Y": [ 633, 634, 635, 636, 637 ]
          }
        },
        "$xor$designs/183/top.sv:29$25": {
          "hide_name": 1,
          "type": "$xor",
          "parameters": {
            "A_SIGNED": "00000000000000000000000000000000",
            "A_WIDTH": "00000000000000000000000000000110",
            "B_SIGNED": "00000000000000000000000000000000",
            "B_WIDTH": "00000000000000000000000000000110",
            "Y_WIDTH": "00000000000000000000000000000110"
          },
          "attributes": {
            "src": "designs/183/top.sv:29.62-29.107"
          },
          "port_directions": {
            "A": "input",
            "B": "input",
            "Y": "output"
          },
          "connections": {
            "A": [ 620, 621, 622, 623, 624, 625 ],
            "B": [ 2, 3, 4, 5, 6, 7 ],
            "Y": [ 627, 628, 629, 630, 631, 632 ]
          }
        },
        "$xor$designs/183/top.sv:29$29": {
          "hide_name": 1,
          "type": "$xor",
          "parameters": {
            "A_SIGNED": "00000000000000000000000000000000",
            "A_WIDTH": "00000000000000000000000000000110",
            "B_SIGNED": "00000000000000000000000000000000",
            "B_WIDTH": "00000000000000000000000000000110",
            "Y_WIDTH": "00000000000000000000000000000110"
          },
          "attributes": {
            "src": "designs/183/top.sv:29.22-29.151"
          },
          "port_directions": {
            "A": "input",
            "B": "input",
            "Y": "output"
          },
          "connections": {
            "A": [ 612, 613, 614, 615, 616, 617 ],
            "B": [ 606, 607, 608, 609, 610, 611 ],
            "Y": [ 179, 180, 181, 182, 183, 184 ]
          }
        },
        "$xor$designs/183/top.sv:30$30": {
          "hide_name": 1,
          "type": "$xor",
          "parameters": {
            "A_SIGNED": "00000000000000000000000000000000",
            "A_WIDTH": "00000000000000000000000000000101",
            "B_SIGNED": "00000000000000000000000000000000",
            "B_WIDTH": "00000000000000000000000000000101",
            "Y_WIDTH": "00000000000000000000000000000101"
          },
          "attributes": {
            "src": "designs/183/top.sv:30.30-30.63"
          },
          "port_directions": {
            "A": "input",
            "B": "input",
            "Y": "output"
          },
          "connections": {
            "A": [ 2, 3, 4, 5, 6 ],
            "B": [ 96, 97, 98, 99, 100 ],
            "Y": [ 235, 236, 237, 238, 239 ]
          }
        },
        "$xor$designs/183/top.sv:31$31": {
          "hide_name": 1,
          "type": "$xor",
          "parameters": {
            "A_SIGNED": "00000000000000000000000000000000",
            "A_WIDTH": "00000000000000000000000000000010",
            "B_SIGNED": "00000000000000000000000000000000",
            "B_WIDTH": "00000000000000000000000000000010",
            "Y_WIDTH": "00000000000000000000000000000010"
          },
          "attributes": {
            "src": "designs/183/top.sv:31.22-31.37"
          },
          "port_directions": {
            "A": "input",
            "B": "input",
            "Y": "output"
          },
          "connections": {
            "A": [ 330, 331 ],
            "B": [ 204, 205 ],
            "Y": [ 367, 368 ]
          }
        },
        "$xor$designs/183/top.sv:35$51": {
          "hide_name": 1,
          "type": "$xor",
          "parameters": {
            "A_SIGNED": "00000000000000000000000000000000",
            "A_WIDTH": "00000000000000000000000000011010",
            "B_SIGNED": "00000000000000000000000000000000",
            "B_WIDTH": "00000000000000000000000000011010",
            "Y_WIDTH": "00000000000000000000000000011010"
          },
          "attributes": {
            "src": "designs/183/top.sv:35.42-35.137"
          },
          "port_directions": {
            "A": "input",
            "B": "input",
            "Y": "output"
          },
          "connections": {
            "A": [ 512, 513, 514, 515, 516, 517, 518, 519, 520, 521, 522, 523, 524, 525, 526, 527, 528, 529, 530, 531, 532, 533, 534, 535, 536, 537 ],
            "B": [ 298, 299, 300, 301, 302, 303, 304, 305, 306, 307, 308, 309, 310, 311, 312, 313, 314, 315, 316, 317, 318, 319, 320, 321, 322, 323 ],
            "Y": [ 538, 539, 540, 541, 542, 543, 544, 545, 546, 547, 548, 549, 550, 551, 552, 553, 554, 555, 556, 557, 558, 559, 560, 561, 562, 563 ]
          }
        },
        "$xor$designs/183/top.sv:45$79": {
          "hide_name": 1,
          "type": "$xor",
          "parameters": {
            "A_SIGNED": "00000000000000000000000000000000",
            "A_WIDTH": "00000000000000000000000000000101",
            "B_SIGNED": "00000000000000000000000000000000",
            "B_WIDTH": "00000000000000000000000000000101",
            "Y_WIDTH": "00000000000000000000000000000101"
          },
          "attributes": {
            "src": "designs/183/top.sv:45.27-45.114"
          },
          "port_directions": {
            "A": "input",
            "B": "input",
            "Y": "output"
          },
          "connections": {
            "A": [ 633, 634, 635, 636, 637 ],
            "B": [ 601, 602, 603, 604, 605 ],
            "Y": [ 8, 9, 10, 11, 12 ]
          }
        }
      },
      "netnames": {
        "$add$designs/183/top.sv:25$1_Y": {
          "hide_name": 1,
          "bits": [ 13, 14, 15, 16, 17, 18 ],
          "attributes": {
            "src": "designs/183/top.sv:25.53-25.87"
          }
        },
        "$add$designs/183/top.sv:26$14_Y": {
          "hide_name": 1,
          "bits": [ 32, 33, 34, 35, 36, 37, 38 ],
          "attributes": {
            "src": "designs/183/top.sv:26.33-26.172",
            "unused_bits": "6"
          }
        },
        "$add$designs/183/top.sv:26$7_Y": {
          "hide_name": 1,
          "bits": [ 45, 46, 47, 48, 49, 50 ],
          "attributes": {
            "src": "designs/183/top.sv:26.65-26.120"
          }
        },
        "$add$designs/183/top.sv:26$9_Y": {
          "hide_name": 1,
          "bits": [ 51, 52, 53, 54, 55, 56, 57 ],
          "attributes": {
            "src": "designs/183/top.sv:26.54-26.134"
          }
        },
        "$add$designs/183/top.sv:27$21_Y": {
          "hide_name": 1,
          "bits": [ 64, 65, 66, 67, 68, 69, 70, 71, 72, 73, 74, 75, 76, 77, 78, 79, 80, 81, 82, 83, 84, 85, 86, 87, 88, 89 ],
          "attributes": {
            "src": "designs/183/top.sv:27.33-27.128"
          }
        },
        "$add$designs/183/top.sv:29$27_Y": {
          "hide_name": 1,
          "bits": [ 102, 103, 104, 105, 106, 107, 638, 639, 640, 641, 642, 643, 644, 645, 646, 647, 648, 649, 650, 651, 652, 653, 654, 655, 656, 657, 658, "0", "0", "0", "0" ],
          "attributes": {
            "src": "designs/183/top.sv:29.44-29.129",
            "unused_bits": "6 7 8 9 10 11 12 13 14 15 16 17 18 19 20 21 22 23 24 25 26"
          }
        },
        "$add$designs/183/top.sv:32$35_Y": {
          "hide_name": 1,
          "bits": [ 134, 135, 136, 137, 138, 139, 140, 141, 142, 143, 144, 145, 146, 147, 148, 149, 150, 151, 152, 153, 154, 155, 156, 157, 158, 159, 659, 660, 661, 662, 663 ],
          "attributes": {
            "src": "designs/183/top.sv:32.53-32.147",
            "unused_bits": "26 27 28 29 30"
          }
        },
        "$add$designs/183/top.sv:33$42_Y": {
          "hide_name": 1,
          "bits": [ 185, 186, 187, 188, 189, 190, 191, 192, 193, 194, 195, 196, 197, 198, 199, 200, 201, 202, 203 ],
          "attributes": {
          }
        },
        "$add$designs/183/top.sv:40$66_Y": {
          "hide_name": 1,
          "bits": [ 240, 241, 242, 243, 244, 245, 246, 247, 248, 249, 250, 251, 252, 253, 254, 255, 256, 257, 258, 259, 260, 261, 262, 263, 264, 265 ],
          "attributes": {
            "src": "designs/183/top.sv:40.51-40.98"
          }
        },
        "$and$designs/183/top.sv:25$2_Y": {
          "hide_name": 1,
          "bits": [ 266, 267, 268, 269, 270, 271 ],
          "attributes": {
            "src": "designs/183/top.sv:25.44-25.102"
          }
        },
        "$and$designs/183/top.sv:27$16_Y": {
          "hide_name": 1,
          "bits": [ 336, 337, 338, 339, 340, 341, "0", "0", "0", "0", "0", "0", "0", "0", "0", "0", "0", "0", "0", "0", "0", "0", "0", "0", "0", "0" ],
          "attributes": {
            "src": "designs/183/top.sv:27.66-27.92"
          }
        },
        "$and$designs/183/top.sv:27$17_Y": {
          "hide_name": 1,
          "bits": [ 342, 343, 344, 345, 346, 347, "0", "0", "0", "0", "0", "0", "0", "0", "0", "0", "0", "0", "0", "0", "0", "0", "0", "0", "0", "0" ],
          "attributes": {
            "src": "designs/183/top.sv:27.55-27.103"
          }
        },
        "$and$designs/183/top.sv:33$41_Y": {
          "hide_name": 1,
          "bits": [ 160 ],
          "attributes": {
          }
        },
        "$and$designs/183/top.sv:40$65_Y": {
          "hide_name": 1,
          "bits": [ 229, 230, 231, 232, 233, 234, "0", "0", "0", "0", "0", "0", "0", "0", "0", "0", "0", "0", "0", "0", "0", "0", "0", "0", "0", "0" ],
          "attributes": {
            "src": "designs/183/top.sv:40.60-40.87"
          }
        },
        "$auto$opt_expr.cc:205:group_cell_inputs$100": {
          "hide_name": 1,
          "bits": [ 26, 27, 28, 29, 30, 31 ],
          "attributes": {
          }
        },
        "$auto$opt_expr.cc:205:group_cell_inputs$112": {
          "hide_name": 1,
          "bits": [ 58, 59, 60, 61, 62, 63 ],
          "attributes": {
          }
        },
        "$auto$opt_expr.cc:205:group_cell_inputs$122": {
          "hide_name": 1,
          "bits": [ 348, 349, 350, 351, 352, 353 ],
          "attributes": {
          }
        },
        "$auto$opt_expr.cc:205:group_cell_inputs$125": {
          "hide_name": 1,
          "bits": [ 354, 355, 356, 357, 358 ],
          "attributes": {
          }
        },
        "$auto$opt_expr.cc:205:group_cell_inputs$128": {
          "hide_name": 1,
          "bits": [ 324, 325, 326, 327, 328, 329 ],
          "attributes": {
          }
        },
        "$auto$opt_expr.cc:205:group_cell_inputs$131": {
          "hide_name": 1,
          "bits": [ 359, 360, 361, 362, 363, 364 ],
          "attributes": {
          }
        },
        "$auto$opt_expr.cc:205:group_cell_inputs$135": {
          "hide_name": 1,
          "bits": [ 369, 370 ],
          "attributes": {
          }
        },
        "$auto$opt_expr.cc:205:group_cell_inputs$137": {
          "hide_name": 1,
          "bits": [ 488, 489, 490, 491, 492, 493, 494, 495, 496, 497, 498, 499, 500, 501, 502, 503, 504, 505, 506, 507, 508, 509, 510, 511 ],
          "attributes": {
          }
        },
        "$auto$opt_expr.cc:205:group_cell_inputs$142": {
          "hide_name": 1,
          "bits": [ 371, 372, 373, 374, 375, 376, 377, 378, 379, 380, 381, 382, 383, 384, 385, 386, 387, 388, 389 ],
          "attributes": {
            "unused_bits": "6 7 8 9 10 11 12 13 14 15 16 17 18"
          }
        },
        "$auto$opt_expr.cc:205:group_cell_inputs$150": {
          "hide_name": 1,
          "bits": [ 390, 391, 392, 393, 394, 395, 396, 397, 398, 399, 400, 401, 402, 403, 404, 405, 406, 407, 408, 409, 410, 411, 412, 413, 414, 415 ],
          "attributes": {
          }
        },
        "$auto$opt_expr.cc:205:group_cell_inputs$93": {
          "hide_name": 1,
          "bits": [ 416, 417, 418, 419, 420, 421 ],
          "attributes": {
          }
        },
        "$auto$wreduce.cc:514:run$80": {
          "hide_name": 1,
          "bits": [ 601, 602, 603, 604, 605, 664, 665, 666, 667, 668, 669, 670, 671, 672, 673, 674, 675, 676, 677, 678, 679, 680, 681, 682, 683, 684, 685, 686, 687, 688, 689, 690, 691, 692 ],
          "attributes": {
            "src": "designs/183/top.sv:45.105-45.113",
            "unused_bits": "5 6 7 8 9 10 11 12 13 14 15 16 17 18 19 20 21 22 23 24 25 26 27 28 29 30 31 32 33"
          }
        },
        "$auto$wreduce.cc:514:run$81": {
          "hide_name": 1,
          "bits": [ 633, 634, 635, 636, 637, 693, 694, 695, 696, 697, 698, 699, 700, 701, 702, 703, 704, 705, 706, 707, 708, 709, 710, 711, 712, 713, 714, 715, 716, 717, 718 ],
          "attributes": {
            "src": "designs/183/top.sv:45.36-45.99",
            "unused_bits": "5 6 7 8 9 10 11 12 13 14 15 16 17 18 19 20 21 22 23 24 25 26 27 28 29 30"
          }
        },
        "$auto$wreduce.cc:514:run$82": {
          "hide_name": 1,
          "bits": [ 584, 585, 586, 587, 588, 589, 590, 590, 590, 590, 590, 590, 590, 590, 590, 590, 590, 590, 590, 590, 590, 590, 590, 590, 590, 590, 590, 590, 590, 590, 590 ],
          "attributes": {
            "src": "designs/183/top.sv:45.38-45.76"
          }
        },
        "$auto$wreduce.cc:514:run$86": {
          "hide_name": 1,
          "bits": [ 160, 161, 162, 163, 164, 165, 166, 167, 168, 169, 170, 171, 172, 173, 174, 175, 176, 177, 178, 719, 720, 721, 722, 723, 724, 725, "0", "0", "0", "0", "0" ],
          "attributes": {
            "src": "designs/183/top.sv:33.50-33.111",
            "unused_bits": "19 20 21 22 23 24 25"
          }
        },
        "$auto$wreduce.cc:514:run$88": {
          "hide_name": 1,
          "bits": [ 108, 109, 110, 111, 112, 113, 114, 115, 116, 117, 118, 119, 120, 121, 122, 123, 124, 125, 126, 127, 128, 129, 130, 131, 132, 133, 726, 727, 728, 729, 730 ],
          "attributes": {
            "src": "designs/183/top.sv:32.64-32.132",
            "unused_bits": "26 27 28 29 30"
          }
        },
        "$mul$designs/183/top.sv:25$3_Y": {
          "hide_name": 1,
          "bits": [ 422, 423, 424, 425, 426, 427 ],
          "attributes": {
            "src": "designs/183/top.sv:25.33-25.117"
          }
        },
        "$mul$designs/183/top.sv:32$32_Y": {
          "hide_name": 1,
          "bits": [ 428, 429, 430, 431, 432, 433, 434 ],
          "attributes": {
            "src": "designs/183/top.sv:32.86-32.110"
          }
        },
        "$mul$designs/183/top.sv:35$47_Y": {
          "hide_name": 1,
          "bits": [ 462, 463, 464, 465, 466, 467, 468, 469, 470, 471, 472, 473, 474, 475, 476, 477, 478, 479, 480, 481, 482, 483, 484, 485, 486, 487 ],
          "attributes": {
            "src": "designs/183/top.sv:35.62-35.95"
          }
        },
        "$mul$designs/183/top.sv:35$50_Y": {
          "hide_name": 1,
          "bits": [ 512, 513, 514, 515, 516, 517, 518, 519, 520, 521, 522, 523, 524, 525, 526, 527, 528, 529, 530, 531, 532, 533, 534, 535, 536, 537 ],
          "attributes": {
            "src": "designs/183/top.sv:35.43-35.127"
          }
        },
        "$mul$designs/183/top.sv:40$67_Y": {
          "hide_name": 1,
          "bits": [ 579, 580, 581, 582, 583, 731, 732, 733, 734, 735, 736, 737, 738, 739, 740, 741, 742, 743, 744, 745, 746, 747, 748, 749, 750, 751 ],
          "attributes": {
            "src": "designs/183/top.sv:40.42-40.109",
            "unused_bits": "5 6 7 8 9 10 11 12 13 14 15 16 17 18 19 20 21 22 23 24 25"
          }
        },
        "$mul$designs/183/top.sv:45$75_Y": {
          "hide_name": 1,
          "bits": [ 591, 592, 593, 594, 595, 752, 753, 754, 755, 756, 757, 758, 759, 760, 761, 762, 763, 764, 765, 766, 767, 768, 769, 770, 771, 772, 773, 774, 775, 776, 777 ],
          "attributes": {
            "src": "designs/183/top.sv:45.37-45.89",
            "unused_bits": "5 6 7 8 9 10 11 12 13 14 15 16 17 18 19 20 21 22 23 24 25 26 27 28 29 30"
          }
        },
        "$or$designs/183/top.sv:29$28_Y": {
          "hide_name": 1,
          "bits": [ 612, 613, 614, 615, 616, 617, 778, 779, 780, 781, 782, 783, 784, 785, 786, 787, 788, 789, 790, 791, 792, 793, 794, 795, 796, 797, 798, "0", "0", "0", "0" ],
          "attributes": {
            "src": "designs/183/top.sv:29.33-29.140",
            "unused_bits": "6 7 8 9 10 11 12 13 14 15 16 17 18 19 20 21 22 23 24 25 26"
          }
        },
        "$or$designs/183/top.sv:45$72_Y": {
          "hide_name": 1,
          "bits": [ 618, 619, "0", "0", "0", "0", "0", "0", "0", "0", "0", "0", "0", "0", "0", "0", "0", "0", "0", "0", "0", "0", "0", "0", "0", "0", "0", "0", "0", "0", "0" ],
          "attributes": {
            "src": "designs/183/top.sv:45.39-45.66"
          }
        },
        "$shl$designs/183/top.sv:29$24_Y": {
          "hide_name": 1,
          "bits": [ 620, 621, 622, 623, 624, 625 ],
          "attributes": {
            "src": "designs/183/top.sv:29.63-29.93"
          }
        },
        "$shr$designs/183/top.sv:26$6_Y": {
          "hide_name": 1,
          "bits": [ 39, 40, 41, 42, 43, 44 ],
          "signed": 1,
          "attributes": {
            "src": "designs/183/top.sv:26.76-26.105"
          }
        },
        "$sub$designs/183/top.sv:26$12_Y": {
          "hide_name": 1,
          "bits": [ 19, 20, 21, 22, 23, 24, 25 ],
          "attributes": {
            "src": "designs/183/top.sv:26.42-26.158"
          }
        },
        "$sub$designs/183/top.sv:29$26_Y": {
          "hide_name": 1,
          "bits": [ 90, 91, 92, 93, 94, 95, 799 ],
          "attributes": {
            "src": "designs/183/top.sv:29.53-29.118",
            "unused_bits": "6"
          }
        },
        "$sub$designs/183/top.sv:32$33_Y": {
          "hide_name": 1,
          "bits": [ 435, 436, 437, 438, 439, 440, 441, 442, 443, 444, 445, 446, 447, 448, 449, 450, 451, 452, 453, 454, 455, 456, 457, 458, 459, 460, 461, 461, 461, 461, 461 ],
          "attributes": {
            "src": "designs/183/top.sv:32.75-32.121"
          }
        },
        "$sub$designs/183/top.sv:32$37_Y": {
          "hide_name": 1,
          "bits": [ 272, 273, 274, 275, 276, 277, 278, 279, 280, 281, 282, 283, 284, 285, 286, 287, 288, 289, 290, 291, 292, 293, 294, 295, 296, 297, 800, 801, 802, 803, 804 ],
          "attributes": {
            "src": "designs/183/top.sv:32.33-32.173",
            "unused_bits": "26 27 28 29 30"
          }
        },
        "$sub$designs/183/top.sv:35$48_Y": {
          "hide_name": 1,
          "bits": [ 365, 366, 488, 489, 490, 491, 492, 493, 494, 495, 496, 497, 498, 499, 500, 501, 502, 503, 504, 505, 506, 507, 508, 509, 510, 511 ],
          "attributes": {
            "src": "designs/183/top.sv:35.61-35.105"
          }
        },
        "$xor$designs/183/top.sv:29$25_Y": {
          "hide_name": 1,
          "bits": [ 627, 628, 629, 630, 631, 632 ],
          "attributes": {
            "src": "designs/183/top.sv:29.62-29.107"
          }
        },
        "$xor$designs/183/top.sv:35$51_Y": {
          "hide_name": 1,
          "bits": [ 538, 539, 540, 541, 542, 543, 544, 545, 546, 547, 548, 549, 550, 551, 552, 553, 554, 555, 556, 557, 558, 559, 560, 561, 562, 563 ],
          "attributes": {
            "src": "designs/183/top.sv:35.42-35.137"
          }
        },
        "input_data": {
          "hide_name": 0,
          "bits": [ 2, 3, 4, 5, 6, 7 ],
          "attributes": {
            "src": "designs/183/top.sv:2.17-2.27"
          }
        },
        "output_data": {
          "hide_name": 0,
          "bits": [ 8, 9, 10, 11, 12 ],
          "attributes": {
            "src": "designs/183/top.sv:3.18-3.29"
          }
        },
        "temp_0": {
          "hide_name": 0,
          "bits": [ 204, 205, 206, 207, 208, 209, "0" ],
          "attributes": {
            "src": "designs/183/top.sv:6.17-6.23"
          }
        },
        "temp_1": {
          "hide_name": 0,
          "bits": [ 330, 331, 332, 333, 334, 335, "0", "0", "0", "0", "0", "0", "0", "0", "0", "0", "0", "0", "0", "0", "0", "0", "0", "0", "0", "0" ],
          "attributes": {
            "src": "designs/183/top.sv:7.18-7.24"
          }
        },
        "temp_10": {
          "hide_name": 0,
          "bits": [ 564, 565, 566, 567, 568, 569, 570, 571, 572, 573, 574, 575, 576, 577, 578 ],
          "attributes": {
            "src": "designs/183/top.sv:16.18-16.25",
            "unused_bits": "2 3 4 5 6 7 8 9 10 11 12 13 14"
          }
        },
        "temp_13": {
          "hide_name": 0,
          "bits": [ 606, 607, 608, 609, 610, 611, 626, 626, 626, 626, "0", "0" ],
          "attributes": {
            "src": "designs/183/top.sv:19.18-19.25",
            "unused_bits": "6 7 8 9"
          }
        },
        "temp_15": {
          "hide_name": 0,
          "bits": [ 596, 597, 598, 599, 600, "x", "x", "x", "x", "x", "x", "x", "x", "x", "x", "x", "x" ],
          "attributes": {
            "src": "designs/183/top.sv:21.18-21.25"
          }
        },
        "temp_2": {
          "hide_name": 0,
          "bits": [ 96, 97, 98, 99, 100, 101, 70, 71, 72, 73, 74, 75, 76, 77, 78, 79, 80, 81, 82, 83, 84, 85, 86, 87, 88, 89, "0", "0", "0", "0", "0" ],
          "attributes": {
            "src": "designs/183/top.sv:8.18-8.24"
          }
        },
        "temp_4": {
          "hide_name": 0,
          "bits": [ 179, 180, 181, 182, 183, 184 ],
          "attributes": {
            "src": "designs/183/top.sv:10.17-10.23"
          }
        },
        "temp_5": {
          "hide_name": 0,
          "bits": [ 235, 236, 237, 238, 239 ],
          "attributes": {
            "src": "designs/183/top.sv:11.17-11.23"
          }
        },
        "temp_6": {
          "hide_name": 0,
          "bits": [ 367, 368 ],
          "attributes": {
            "src": "designs/183/top.sv:12.17-12.23"
          }
        },
        "temp_7": {
          "hide_name": 0,
          "bits": [ 298, 299, 300, 301, 302, 303, 304, 305, 306, 307, 308, 309, 310, 311, 312, 313, 314, 315, 316, 317, 318, 319, 320, 321, 322, 323 ],
          "attributes": {
            "src": "designs/183/top.sv:13.18-13.24"
          }
        },
        "temp_8": {
          "hide_name": 0,
          "bits": [ 210, 211, 212, 213, 214, 215, 216, 217, 218, 219, 220, 221, 222, 223, 224, 225, 226, 227, 228 ],
          "attributes": {
            "src": "designs/183/top.sv:14.18-14.24"
          }
        }
      }
    }
  }
}
