{
  "creator": "Yosys 0.60 (git sha1 5bafeb77dc71e054fa331ab9efa613e6fb0a1c49, clang++ 17.0.0 -fPIC -O3)",
  "modules": {
    "top": {
      "attributes": {
        "top": "00000000000000000000000000000001",
        "src": "designs/203/top.sv:1.1-24.10"
      },
      "ports": {
        "input_data": {
          "direction": "input",
          "bits": [ 2, 3, 4, 5, 6, 7 ]
        },
        "output_data": {
          "direction": "output",
          "bits": [ 8, 9, 10, 11, 12 ]
        }
      },
      "cells": {
        "$add$designs/203/top.sv:14$2": {
          "hide_name": 1,
          "type": "$add",
          "parameters": {
            "A_SIGNED": "00000000000000000000000000000000",
            "A_WIDTH": "00000000000000000000000000000110",
            "B_SIGNED": "00000000000000000000000000000000",
            "B_WIDTH": "00000000000000000000000000000110",
            "Y_WIDTH": "00000000000000000000000000000110"
          },
          "attributes": {
            "src": "designs/203/top.sv:14.34-14.72"
          },
          "port_directions": {
            "A": "input",
            "B": "input",
            "Y": "output"
          },
          "connections": {
            "A": [ 13, 14, 15, 16, 17, 18 ],
            "B": [ 2, 3, 4, 5, 6, 7 ],
            "Y": [ 19, 20, 21, 22, 23, 24 ]
          }
        },
        "$add$designs/203/top.sv:15$6": {
          "hide_name": 1,
          "type": "$add",
          "parameters": {
            "A_SIGNED": "00000000000000000000000000000000",
            "A_WIDTH": "00000000000000000000000000000001",
            "B_SIGNED": "00000000000000000000000000000000",
            "B_WIDTH": "00000000000000000000000000000111",
            "Y_WIDTH": "00000000000000000000000000001000"
          },
          "attributes": {
            "src": "designs/203/top.sv:15.24-15.50"
          },
          "port_directions": {
            "A": "input",
            "B": "input",
            "Y": "output"
          },
          "connections": {
            "A": [ 25 ],
            "B": [ 26, 27, 28, 29, 30, 31, 32 ],
            "Y": [ 33, 34, 35, 36, 37, 38, 39, 40 ]
          }
        },
        "$add$designs/203/top.sv:16$9": {
          "hide_name": 1,
          "type": "$add",
          "parameters": {
            "A_SIGNED": "00000000000000000000000000000000",
            "A_WIDTH": "00000000000000000000000000000111",
            "B_SIGNED": "00000000000000000000000000000000",
            "B_WIDTH": "00000000000000000000000000000110",
            "Y_WIDTH": "00000000000000000000000000001000"
          },
          "attributes": {
            "src": "designs/203/top.sv:16.24-16.57"
          },
          "port_directions": {
            "A": "input",
            "B": "input",
            "Y": "output"
          },
          "connections": {
            "A": [ 26, 27, 28, 29, 30, 31, 32 ],
            "B": [ 2, 3, 4, 5, 6, 7 ],
            "Y": [ 41, 42, 43, 44, 45, 46, 47, 48 ]
          }
        },
        "$add$designs/203/top.sv:17$13": {
          "hide_name": 1,
          "type": "$add",
          "parameters": {
            "A_SIGNED": "00000000000000000000000000000001",
            "A_WIDTH": "00000000000000000000000000000101",
            "B_SIGNED": "00000000000000000000000000000001",
            "B_WIDTH": "00000000000000000000000000000101",
            "Y_WIDTH": "00000000000000000000000000000101"
          },
          "attributes": {
            "src": "designs/203/top.sv:17.27-17.58"
          },
          "port_directions": {
            "A": "input",
            "B": "input",
            "Y": "output"
          },
          "connections": {
            "A": [ 49, 50, 51, 52, 53 ],
            "B": [ 54, 55, 56, 57, 58 ],
            "Y": [ 59, 60, 61, 62, 63 ]
          }
        },
        "$add$designs/203/top.sv:17$17": {
          "hide_name": 1,
          "type": "$add",
          "parameters": {
            "A_SIGNED": "00000000000000000000000000000000",
            "A_WIDTH": "00000000000000000000000000000101",
            "B_SIGNED": "00000000000000000000000000000000",
            "B_WIDTH": "00000000000000000000000000000101",
            "Y_WIDTH": "00000000000000000000000000000101"
          },
          "attributes": {
            "src": "designs/203/top.sv:17.23-17.113"
          },
          "port_directions": {
            "A": "input",
            "B": "input",
            "Y": "output"
          },
          "connections": {
            "A": [ 64, 65, 66, 67, 68 ],
            "B": [ 2, 3, 4, 5, 6 ],
            "Y": [ 69, 70, 71, 72, 73 ]
          }
        },
        "$add$designs/203/top.sv:18$19": {
          "hide_name": 1,
          "type": "$add",
          "parameters": {
            "A_SIGNED": "00000000000000000000000000000000",
            "A_WIDTH": "00000000000000000000000000001000",
            "B_SIGNED": "00000000000000000000000000000000",
            "B_WIDTH": "00000000000000000000000000001000",
            "Y_WIDTH": "00000000000000000000000000001001"
          },
          "attributes": {
            "src": "designs/203/top.sv:18.29-18.55"
          },
          "port_directions": {
            "A": "input",
            "B": "input",
            "Y": "output"
          },
          "connections": {
            "A": [ 54, 55, 56, 57, 58, 74, "0", "0" ],
            "B": [ 54, 55, 56, 57, 58, 74, "0", "0" ],
            "Y": [ 75, 76, 77, 78, 79, 80, 81, 82, 83 ]
          }
        },
        "$add$designs/203/top.sv:18$23": {
          "hide_name": 1,
          "type": "$add",
          "parameters": {
            "A_SIGNED": "00000000000000000000000000000000",
            "A_WIDTH": "00000000000000000000000000000110",
            "B_SIGNED": "00000000000000000000000000000000",
            "B_WIDTH": "00000000000000000000000000000110",
            "Y_WIDTH": "00000000000000000000000000000110"
          },
          "attributes": {
            "src": "designs/203/top.sv:18.25-18.105"
          },
          "port_directions": {
            "A": "input",
            "B": "input",
            "Y": "output"
          },
          "connections": {
            "A": [ 84, 85, 86, 87, 88, 89 ],
            "B": [ 90, 91, 92, 93, 94, 95 ],
            "Y": [ 96, 97, 98, 99, 100, 101 ]
          }
        },
        "$add$designs/203/top.sv:20$34": {
          "hide_name": 1,
          "type": "$add",
          "parameters": {
            "A_SIGNED": "00000000000000000000000000000000",
            "A_WIDTH": "00000000000000000000000000000010",
            "B_SIGNED": "00000000000000000000000000000000",
            "B_WIDTH": "00000000000000000000000000000010",
            "Y_WIDTH": "00000000000000000000000000000010"
          },
          "attributes": {
            "src": "designs/203/top.sv:20.25-20.67"
          },
          "port_directions": {
            "A": "input",
            "B": "input",
            "Y": "output"
          },
          "connections": {
            "A": [ 102, 103 ],
            "B": [ 90, 91 ],
            "Y": [ 104, 105 ]
          }
        },
        "$add$designs/203/top.sv:20$37": {
          "hide_name": 1,
          "type": "$add",
          "parameters": {
            "A_SIGNED": "00000000000000000000000000000000",
            "A_WIDTH": "00000000000000000000000000000010",
            "B_SIGNED": "00000000000000000000000000000000",
            "B_WIDTH": "00000000000000000000000000000010",
            "Y_WIDTH": "00000000000000000000000000000010"
          },
          "attributes": {
            "src": "designs/203/top.sv:20.22-20.97"
          },
          "port_directions": {
            "A": "input",
            "B": "input",
            "Y": "output"
          },
          "connections": {
            "A": [ 106, 107 ],
            "B": [ 108, 109 ],
            "Y": [ 110, 111 ]
          }
        },
        "$add$designs/203/top.sv:22$47": {
          "hide_name": 1,
          "type": "$add",
          "parameters": {
            "A_SIGNED": "00000000000000000000000000000000",
            "A_WIDTH": "00000000000000000000000000000101",
            "B_SIGNED": "00000000000000000000000000000000",
            "B_WIDTH": "00000000000000000000000000000101",
            "Y_WIDTH": "00000000000000000000000000000101"
          },
          "attributes": {
            "src": "designs/203/top.sv:22.28-22.151"
          },
          "port_directions": {
            "A": "input",
            "B": "input",
            "Y": "output"
          },
          "connections": {
            "A": [ 112, 113, "0", "0", "0" ],
            "B": [ 114, 115, 92, 93, "0" ],
            "Y": [ 116, 117, 118, 119, 120 ]
          }
        },
        "$add$designs/203/top.sv:22$48": {
          "hide_name": 1,
          "type": "$add",
          "parameters": {
            "A_SIGNED": "00000000000000000000000000000000",
            "A_WIDTH": "00000000000000000000000000000101",
            "B_SIGNED": "00000000000000000000000000000000",
            "B_WIDTH": "00000000000000000000000000000101",
            "Y_WIDTH": "00000000000000000000000000000101"
          },
          "attributes": {
            "src": "designs/203/top.sv:22.27-22.161"
          },
          "port_directions": {
            "A": "input",
            "B": "input",
            "Y": "output"
          },
          "connections": {
            "A": [ 116, 117, 118, 119, 120 ],
            "B": [ 26, 27, 28, 29, 30 ],
            "Y": [ 8, 9, 10, 11, 12 ]
          }
        },
        "$and$designs/203/top.sv:17$15": {
          "hide_name": 1,
          "type": "$and",
          "parameters": {
            "A_SIGNED": "00000000000000000000000000000000",
            "A_WIDTH": "00000000000000000000000000000101",
            "B_SIGNED": "00000000000000000000000000000000",
            "B_WIDTH": "00000000000000000000000000000101",
            "Y_WIDTH": "00000000000000000000000000000101"
          },
          "attributes": {
            "src": "designs/203/top.sv:17.25-17.84"
          },
          "port_directions": {
            "A": "input",
            "B": "input",
            "Y": "output"
          },
          "connections": {
            "A": [ 121, 122, 123, 124, 125 ],
            "B": [ 126, 127, 128, 129, 130 ],
            "Y": [ 131, 132, 133, 134, 135 ]
          }
        },
        "$and$designs/203/top.sv:18$21": {
          "hide_name": 1,
          "type": "$and",
          "parameters": {
            "A_SIGNED": "00000000000000000000000000000000",
            "A_WIDTH": "00000000000000000000000000000110",
            "B_SIGNED": "00000000000000000000000000000000",
            "B_WIDTH": "00000000000000000000000000000110",
            "Y_WIDTH": "00000000000000000000000000000110"
          },
          "attributes": {
            "src": "designs/203/top.sv:18.27-18.79"
          },
          "port_directions": {
            "A": "input",
            "B": "input",
            "Y": "output"
          },
          "connections": {
            "A": [ 136, 137, 138, 139, 140, 141 ],
            "B": [ 2, 3, 4, 5, 6, 7 ],
            "Y": [ 142, 143, 144, 145, 146, 147 ]
          }
        },
        "$auto$opt_expr.cc:276:group_cell_inputs$111": {
          "hide_name": 1,
          "type": "$not",
          "parameters": {
            "A_SIGNED": "00000000000000000000000000000000",
            "A_WIDTH": "00000000000000000000000000000010",
            "Y_WIDTH": "00000000000000000000000000000010"
          },
          "attributes": {
          },
          "port_directions": {
            "A": "input",
            "Y": "output"
          },
          "connections": {
            "A": [ 92, 93 ],
            "Y": [ 148, 149 ]
          }
        },
        "$auto$opt_expr.cc:276:group_cell_inputs$115": {
          "hide_name": 1,
          "type": "$and",
          "parameters": {
            "A_SIGNED": "00000000000000000000000000000000",
            "A_WIDTH": "00000000000000000000000000000010",
            "B_SIGNED": "00000000000000000000000000000000",
            "B_WIDTH": "00000000000000000000000000000010",
            "Y_WIDTH": "00000000000000000000000000000010"
          },
          "attributes": {
          },
          "port_directions": {
            "A": "input",
            "B": "input",
            "Y": "output"
          },
          "connections": {
            "A": [ 150, 151 ],
            "B": [ 148, 149 ],
            "Y": [ 152, 153 ]
          }
        },
        "$auto$opt_expr.cc:276:group_cell_inputs$53": {
          "hide_name": 1,
          "type": "$or",
          "parameters": {
            "A_SIGNED": "00000000000000000000000000000000",
            "A_WIDTH": "00000000000000000000000000000110",
            "B_SIGNED": "00000000000000000000000000000000",
            "B_WIDTH": "00000000000000000000000000000110",
            "Y_WIDTH": "00000000000000000000000000000110"
          },
          "attributes": {
          },
          "port_directions": {
            "A": "input",
            "B": "input",
            "Y": "output"
          },
          "connections": {
            "A": [ 154, 155, 156, 157, 158, 159 ],
            "B": [ 2, 3, 4, 5, 6, 7 ],
            "Y": [ 26, 27, 28, 29, 30, 31 ]
          }
        },
        "$auto$opt_expr.cc:276:group_cell_inputs$56": {
          "hide_name": 1,
          "type": "$xor",
          "parameters": {
            "A_SIGNED": "00000000000000000000000000000000",
            "A_WIDTH": "00000000000000000000000000000011",
            "B_SIGNED": "00000000000000000000000000000000",
            "B_WIDTH": "00000000000000000000000000000011",
            "Y_WIDTH": "00000000000000000000000000000011"
          },
          "attributes": {
          },
          "port_directions": {
            "A": "input",
            "B": "input",
            "Y": "output"
          },
          "connections": {
            "A": [ 33, 34, 35 ],
            "B": [ 26, 27, 28 ],
            "Y": [ 160, 161, 162 ]
          }
        },
        "$auto$opt_expr.cc:276:group_cell_inputs$59": {
          "hide_name": 1,
          "type": "$xor",
          "parameters": {
            "A_SIGNED": "00000000000000000000000000000000",
            "A_WIDTH": "00000000000000000000000000000111",
            "B_SIGNED": "00000000000000000000000000000000",
            "B_WIDTH": "00000000000000000000000000000111",
            "Y_WIDTH": "00000000000000000000000000000111"
          },
          "attributes": {
          },
          "port_directions": {
            "A": "input",
            "B": "input",
            "Y": "output"
          },
          "connections": {
            "A": [ 41, 42, 43, 44, 45, 46, 47 ],
            "B": [ 26, 27, 28, 29, 30, 31, 32 ],
            "Y": [ 163, 164, 165, 166, 167, 168, 169 ]
          }
        },
        "$auto$opt_expr.cc:276:group_cell_inputs$62": {
          "hide_name": 1,
          "type": "$and",
          "parameters": {
            "A_SIGNED": "00000000000000000000000000000000",
            "A_WIDTH": "00000000000000000000000000000110",
            "B_SIGNED": "00000000000000000000000000000000",
            "B_WIDTH": "00000000000000000000000000000110",
            "Y_WIDTH": "00000000000000000000000000000110"
          },
          "attributes": {
          },
          "port_directions": {
            "A": "input",
            "B": "input",
            "Y": "output"
          },
          "connections": {
            "A": [ 163, 164, 165, 166, 167, 168 ],
            "B": [ 27, 28, 29, 30, 31, 32 ],
            "Y": [ 54, 55, 56, 57, 58, 74 ]
          }
        },
        "$auto$opt_expr.cc:276:group_cell_inputs$66": {
          "hide_name": 1,
          "type": "$and",
          "parameters": {
            "A_SIGNED": "00000000000000000000000000000000",
            "A_WIDTH": "00000000000000000000000000000010",
            "B_SIGNED": "00000000000000000000000000000000",
            "B_WIDTH": "00000000000000000000000000000010",
            "Y_WIDTH": "00000000000000000000000000000010"
          },
          "attributes": {
          },
          "port_directions": {
            "A": "input",
            "B": "input",
            "Y": "output"
          },
          "connections": {
            "A": [ 96, 97 ],
            "B": [ 108, 109 ],
            "Y": [ 170, 171 ]
          }
        },
        "$auto$opt_expr.cc:276:group_cell_inputs$73": {
          "hide_name": 1,
          "type": "$xor",
          "parameters": {
            "A_SIGNED": "00000000000000000000000000000000",
            "A_WIDTH": "00000000000000000000000000000001",
            "B_SIGNED": "00000000000000000000000000000000",
            "B_WIDTH": "00000000000000000000000000000001",
            "Y_WIDTH": "00000000000000000000000000000001"
          },
          "attributes": {
          },
          "port_directions": {
            "A": "input",
            "B": "input",
            "Y": "output"
          },
          "connections": {
            "A": [ 172 ],
            "B": [ 29 ],
            "Y": [ 173 ]
          }
        },
        "$auto$opt_expr.cc:276:group_cell_inputs$76": {
          "hide_name": 1,
          "type": "$or",
          "parameters": {
            "A_SIGNED": "00000000000000000000000000000000",
            "A_WIDTH": "00000000000000000000000000000001",
            "B_SIGNED": "00000000000000000000000000000000",
            "B_WIDTH": "00000000000000000000000000000001",
            "Y_WIDTH": "00000000000000000000000000000001"
          },
          "attributes": {
          },
          "port_directions": {
            "A": "input",
            "B": "input",
            "Y": "output"
          },
          "connections": {
            "A": [ 174 ],
            "B": [ 175 ],
            "Y": [ 106 ]
          }
        },
        "$auto$opt_expr.cc:276:group_cell_inputs$79": {
          "hide_name": 1,
          "type": "$and",
          "parameters": {
            "A_SIGNED": "00000000000000000000000000000000",
            "A_WIDTH": "00000000000000000000000000000010",
            "B_SIGNED": "00000000000000000000000000000000",
            "B_WIDTH": "00000000000000000000000000000010",
            "Y_WIDTH": "00000000000000000000000000000010"
          },
          "attributes": {
          },
          "port_directions": {
            "A": "input",
            "B": "input",
            "Y": "output"
          },
          "connections": {
            "A": [ 176, 177 ],
            "B": [ 110, 111 ],
            "Y": [ 178, 179 ]
          }
        },
        "$auto$opt_expr.cc:276:group_cell_inputs$83": {
          "hide_name": 1,
          "type": "$or",
          "parameters": {
            "A_SIGNED": "00000000000000000000000000000000",
            "A_WIDTH": "00000000000000000000000000000010",
            "B_SIGNED": "00000000000000000000000000000000",
            "B_WIDTH": "00000000000000000000000000000010",
            "Y_WIDTH": "00000000000000000000000000000010"
          },
          "attributes": {
          },
          "port_directions": {
            "A": "input",
            "B": "input",
            "Y": "output"
          },
          "connections": {
            "A": [ 180, 181 ],
            "B": [ 26, 27 ],
            "Y": [ 182, 183 ]
          }
        },
        "$auto$opt_expr.cc:276:group_cell_inputs$90": {
          "hide_name": 1,
          "type": "$and",
          "parameters": {
            "A_SIGNED": "00000000000000000000000000000000",
            "A_WIDTH": "00000000000000000000000000000010",
            "B_SIGNED": "00000000000000000000000000000000",
            "B_WIDTH": "00000000000000000000000000000010",
            "Y_WIDTH": "00000000000000000000000000000010"
          },
          "attributes": {
          },
          "port_directions": {
            "A": "input",
            "B": "input",
            "Y": "output"
          },
          "connections": {
            "A": [ 152, 153 ],
            "B": [ 110, 111 ],
            "Y": [ 112, 113 ]
          }
        },
        "$auto$opt_expr.cc:276:group_cell_inputs$94": {
          "hide_name": 1,
          "type": "$or",
          "parameters": {
            "A_SIGNED": "00000000000000000000000000000000",
            "A_WIDTH": "00000000000000000000000000000010",
            "B_SIGNED": "00000000000000000000000000000000",
            "B_WIDTH": "00000000000000000000000000000010",
            "Y_WIDTH": "00000000000000000000000000000010"
          },
          "attributes": {
          },
          "port_directions": {
            "A": "input",
            "B": "input",
            "Y": "output"
          },
          "connections": {
            "A": [ 170, 171 ],
            "B": [ 90, 91 ],
            "Y": [ 114, 115 ]
          }
        },
        "$auto$opt_expr.cc:276:group_cell_inputs$97": {
          "hide_name": 1,
          "type": "$or",
          "parameters": {
            "A_SIGNED": "00000000000000000000000000000000",
            "A_WIDTH": "00000000000000000000000000000010",
            "B_SIGNED": "00000000000000000000000000000000",
            "B_WIDTH": "00000000000000000000000000000010",
            "Y_WIDTH": "00000000000000000000000000000010"
          },
          "attributes": {
          },
          "port_directions": {
            "A": "input",
            "B": "input",
            "Y": "output"
          },
          "connections": {
            "A": [ 178, 179 ],
            "B": [ 108, 109 ],
            "Y": [ 180, 181 ]
          }
        },
        "$ge$designs/203/top.sv:19$30": {
          "hide_name": 1,
          "type": "$ge",
          "parameters": {
            "A_SIGNED": "00000000000000000000000000000000",
            "A_WIDTH": "00000000000000000000000000000100",
            "B_SIGNED": "00000000000000000000000000000000",
            "B_WIDTH": "00000000000000000000000000000111",
            "Y_WIDTH": "00000000000000000000000000000001"
          },
          "attributes": {
            "src": "designs/203/top.sv:19.24-19.102"
          },
          "port_directions": {
            "A": "input",
            "B": "input",
            "Y": "output"
          },
          "connections": {
            "A": [ 173, 30, 31, 32 ],
            "B": [ 26, 27, 28, 29, 30, 31, 32 ],
            "Y": [ 184 ]
          }
        },
        "$gt$designs/203/top.sv:19$28": {
          "hide_name": 1,
          "type": "$gt",
          "parameters": {
            "A_SIGNED": "00000000000000000000000000000000",
            "A_WIDTH": "00000000000000000000000000000001",
            "B_SIGNED": "00000000000000000000000000000000",
            "B_WIDTH": "00000000000000000000000000000011",
            "Y_WIDTH": "00000000000000000000000000000001"
          },
          "attributes": {
            "src": "designs/203/top.sv:19.34-19.75"
          },
          "port_directions": {
            "A": "input",
            "B": "input",
            "Y": "output"
          },
          "connections": {
            "A": [ 185 ],
            "B": [ 114, 115, 92 ],
            "Y": [ 172 ]
          }
        },
        "$gt$designs/203/top.sv:19$32": {
          "hide_name": 1,
          "type": "$gt",
          "parameters": {
            "A_SIGNED": "00000000000000000000000000000000",
            "A_WIDTH": "00000000000000000000000000000110",
            "B_SIGNED": "00000000000000000000000000000000",
            "B_WIDTH": "00000000000000000000000000000110",
            "Y_WIDTH": "00000000000000000000000000000001"
          },
          "attributes": {
            "src": "designs/203/top.sv:19.22-19.131"
          },
          "port_directions": {
            "A": "input",
            "B": "input",
            "Y": "output"
          },
          "connections": {
            "A": [ 186, 187, 188, 189, 190, 191 ],
            "B": [ 114, 115, 92, 93, "0", "0" ],
            "Y": [ 175 ]
          }
        },
        "$lt$designs/203/top.sv:15$5": {
          "hide_name": 1,
          "type": "$lt",
          "parameters": {
            "A_SIGNED": "00000000000000000000000000000000",
            "A_WIDTH": "00000000000000000000000000000111",
            "B_SIGNED": "00000000000000000000000000000000",
            "B_WIDTH": "00000000000000000000000000000111",
            "Y_WIDTH": "00000000000000000000000000000001"
          },
          "attributes": {
            "src": "designs/203/top.sv:15.25-15.40"
          },
          "port_directions": {
            "A": "input",
            "B": "input",
            "Y": "output"
          },
          "connections": {
            "A": [ 26, 27, 28, 29, 30, 31, 32 ],
            "B": [ 26, 27, 28, 29, 30, 31, 32 ],
            "Y": [ 25 ]
          }
        },
        "$mul$designs/203/top.sv:14$1": {
          "hide_name": 1,
          "type": "$mul",
          "parameters": {
            "A_SIGNED": "00000000000000000000000000000000",
            "A_WIDTH": "00000000000000000000000000000110",
            "B_SIGNED": "00000000000000000000000000000000",
            "B_WIDTH": "00000000000000000000000000000110",
            "Y_WIDTH": "00000000000000000000000000000110"
          },
          "attributes": {
            "src": "designs/203/top.sv:14.35-14.58"
          },
          "port_directions": {
            "A": "input",
            "B": "input",
            "Y": "output"
          },
          "connections": {
            "A": [ 2, 3, 4, 5, 6, 7 ],
            "B": [ 2, 3, 4, 5, 6, 7 ],
            "Y": [ 13, 14, 15, 16, 17, 18 ]
          }
        },
        "$mul$designs/203/top.sv:14$3": {
          "hide_name": 1,
          "type": "$mul",
          "parameters": {
            "A_SIGNED": "00000000000000000000000000000000",
            "A_WIDTH": "00000000000000000000000000000110",
            "B_SIGNED": "00000000000000000000000000000000",
            "B_WIDTH": "00000000000000000000000000000110",
            "Y_WIDTH": "00000000000000000000000000000111"
          },
          "attributes": {
            "src": "designs/203/top.sv:14.23-14.87"
          },
          "port_directions": {
            "A": "input",
            "B": "input",
            "Y": "output"
          },
          "connections": {
            "A": [ 19, 20, 21, 22, 23, 24 ],
            "B": [ 2, 3, 4, 5, 6, 7 ],
            "Y": [ 154, 155, 156, 157, 158, 159, 32 ]
          }
        },
        "$mul$designs/203/top.sv:15$8": {
          "hide_name": 1,
          "type": "$mul",
          "parameters": {
            "A_SIGNED": "00000000000000000000000000000000",
            "A_WIDTH": "00000000000000000000000000001000",
            "B_SIGNED": "00000000000000000000000000000000",
            "B_WIDTH": "00000000000000000000000000000111",
            "Y_WIDTH": "00000000000000000000000000001111"
          },
          "attributes": {
            "src": "designs/203/top.sv:15.22-15.75"
          },
          "port_directions": {
            "A": "input",
            "B": "input",
            "Y": "output"
          },
          "connections": {
            "A": [ 160, 161, 162, 36, 37, 38, 39, 40 ],
            "B": [ 26, 27, 28, 29, 30, 31, 32 ],
            "Y": [ 90, 91, 92, 93, 94, 95, 192, 193, 194, 126, 127, 128, 129, 130, 195 ]
          }
        },
        "$mul$designs/203/top.sv:18$20": {
          "hide_name": 1,
          "type": "$mul",
          "parameters": {
            "A_SIGNED": "00000000000000000000000000000000",
            "A_WIDTH": "00000000000000000000000000001001",
            "B_SIGNED": "00000000000000000000000000000000",
            "B_WIDTH": "00000000000000000000000000000111",
            "Y_WIDTH": "00000000000000000000000000000110"
          },
          "attributes": {
            "src": "designs/203/top.sv:18.28-18.65"
          },
          "port_directions": {
            "A": "input",
            "B": "input",
            "Y": "output"
          },
          "connections": {
            "A": [ 75, 76, 77, 78, 79, 80, 81, 82, 83 ],
            "B": [ 26, 27, 28, 29, 30, 31, 32 ],
            "Y": [ 136, 137, 138, 139, 140, 141 ]
          }
        },
        "$mul$designs/203/top.sv:19$31": {
          "hide_name": 1,
          "type": "$mul",
          "parameters": {
            "A_SIGNED": "00000000000000000000000000000000",
            "A_WIDTH": "00000000000000000000000000000001",
            "B_SIGNED": "00000000000000000000000000000000",
            "B_WIDTH": "00000000000000000000000000000101",
            "Y_WIDTH": "00000000000000000000000000000110"
          },
          "attributes": {
            "src": "designs/203/top.sv:19.23-19.121"
          },
          "port_directions": {
            "A": "input",
            "B": "input",
            "Y": "output"
          },
          "connections": {
            "A": [ 184 ],
            "B": [ 2, 3, 4, 5, 6 ],
            "Y": [ 186, 187, 188, 189, 190, 191 ]
          }
        },
        "$mul$designs/203/top.sv:22$38": {
          "hide_name": 1,
          "type": "$mul",
          "parameters": {
            "A_SIGNED": "00000000000000000000000000000000",
            "A_WIDTH": "00000000000000000000000000001111",
            "B_SIGNED": "00000000000000000000000000000000",
            "B_WIDTH": "00000000000000000000000000000110",
            "Y_WIDTH": "00000000000000000000000000000101"
          },
          "attributes": {
            "src": "designs/203/top.sv:22.51-22.66"
          },
          "port_directions": {
            "A": "input",
            "B": "input",
            "Y": "output"
          },
          "connections": {
            "A": [ 90, 91, 92, 93, 94, 95, 192, 193, 194, 126, 127, 128, 129, 130, 195 ],
            "B": [ 114, 115, 92, 93, "0", "0" ],
            "Y": [ 176, 177, 196, 197, 198 ]
          }
        },
        "$ne$designs/203/top.sv:19$27": {
          "hide_name": 1,
          "type": "$ne",
          "parameters": {
            "A_SIGNED": "00000000000000000000000000000000",
            "A_WIDTH": "00000000000000000000000000000111",
            "B_SIGNED": "00000000000000000000000000000000",
            "B_WIDTH": "00000000000000000000000000000111",
            "Y_WIDTH": "00000000000000000000000000000001"
          },
          "attributes": {
            "src": "designs/203/top.sv:19.43-19.59"
          },
          "port_directions": {
            "A": "input",
            "B": "input",
            "Y": "output"
          },
          "connections": {
            "A": [ 54, 55, 56, 57, 58, 74, "0" ],
            "B": [ 26, 27, 28, 29, 30, 31, 32 ],
            "Y": [ 185 ]
          }
        },
        "$or$designs/203/top.sv:18$22": {
          "hide_name": 1,
          "type": "$or",
          "parameters": {
            "A_SIGNED": "00000000000000000000000000000000",
            "A_WIDTH": "00000000000000000000000000000110",
            "B_SIGNED": "00000000000000000000000000000000",
            "B_WIDTH": "00000000000000000000000000000110",
            "Y_WIDTH": "00000000000000000000000000000110"
          },
          "attributes": {
            "src": "designs/203/top.sv:18.26-18.89"
          },
          "port_directions": {
            "A": "input",
            "B": "input",
            "Y": "output"
          },
          "connections": {
            "A": [ 142, 143, 144, 145, 146, 147 ],
            "B": [ 26, 27, 28, 29, 30, 31 ],
            "Y": [ 84, 85, 86, 87, 88, 89 ]
          }
        },
        "$or$designs/203/top.sv:20$35": {
          "hide_name": 1,
          "type": "$or",
          "parameters": {
            "A_SIGNED": "00000000000000000000000000000000",
            "A_WIDTH": "00000000000000000000000000000010",
            "B_SIGNED": "00000000000000000000000000000000",
            "B_WIDTH": "00000000000000000000000000000010",
            "Y_WIDTH": "00000000000000000000000000000010"
          },
          "attributes": {
            "src": "designs/203/top.sv:20.24-20.77"
          },
          "port_directions": {
            "A": "input",
            "B": "input",
            "Y": "output"
          },
          "connections": {
            "A": [ 104, 105 ],
            "B": [ 26, 27 ],
            "Y": [ 174, 107 ]
          }
        },
        "$sub$designs/203/top.sv:17$12": {
          "hide_name": 1,
          "type": "$sub",
          "parameters": {
            "A_SIGNED": "00000000000000000000000000000000",
            "A_WIDTH": "00000000000000000000000000000101",
            "B_SIGNED": "00000000000000000000000000000000",
            "B_WIDTH": "00000000000000000000000000000101",
            "Y_WIDTH": "00000000000000000000000000000101"
          },
          "attributes": {
            "src": "designs/203/top.sv:17.28-17.48"
          },
          "port_directions": {
            "A": "input",
            "B": "input",
            "Y": "output"
          },
          "connections": {
            "A": [ 26, 27, 28, 29, 30 ],
            "B": [ 26, 27, 28, 29, 30 ],
            "Y": [ 49, 50, 51, 52, 53 ]
          }
        },
        "$sub$designs/203/top.sv:17$14": {
          "hide_name": 1,
          "type": "$sub",
          "parameters": {
            "A_SIGNED": "00000000000000000000000000000000",
            "A_WIDTH": "00000000000000000000000000000101",
            "B_SIGNED": "00000000000000000000000000000000",
            "B_WIDTH": "00000000000000000000000000000101",
            "Y_WIDTH": "00000000000000000000000000000101"
          },
          "attributes": {
            "src": "designs/203/top.sv:17.26-17.68"
          },
          "port_directions": {
            "A": "input",
            "B": "input",
            "Y": "output"
          },
          "connections": {
            "A": [ 59, 60, 61, 62, 63 ],
            "B": [ 90, 91, 92, 93, 94 ],
            "Y": [ 121, 122, 123, 124, 125 ]
          }
        },
        "$sub$designs/203/top.sv:17$16": {
          "hide_name": 1,
          "type": "$sub",
          "parameters": {
            "A_SIGNED": "00000000000000000000000000000000",
            "A_WIDTH": "00000000000000000000000000000101",
            "B_SIGNED": "00000000000000000000000000000000",
            "B_WIDTH": "00000000000000000000000000000011",
            "Y_WIDTH": "00000000000000000000000000000101"
          },
          "attributes": {
            "src": "designs/203/top.sv:17.24-17.99"
          },
          "port_directions": {
            "A": "input",
            "B": "input",
            "Y": "output"
          },
          "connections": {
            "A": [ 131, 132, 133, 134, 135 ],
            "B": [ 90, 91, 92 ],
            "Y": [ 64, 65, 66, 67, 68 ]
          }
        },
        "$sub$designs/203/top.sv:17$18": {
          "hide_name": 1,
          "type": "$sub",
          "parameters": {
            "A_SIGNED": "00000000000000000000000000000000",
            "A_WIDTH": "00000000000000000000000000000101",
            "B_SIGNED": "00000000000000000000000000000000",
            "B_WIDTH": "00000000000000000000000000000101",
            "Y_WIDTH": "00000000000000000000000000000101"
          },
          "attributes": {
            "src": "designs/203/top.sv:17.22-17.127"
          },
          "port_directions": {
            "A": "input",
            "B": "input",
            "Y": "output"
          },
          "connections": {
            "A": [ 69, 70, 71, 72, 73 ],
            "B": [ 2, 3, 4, 5, 6 ],
            "Y": [ 108, 109, 199, 200, 201 ]
          }
        },
        "$sub$designs/203/top.sv:20$33": {
          "hide_name": 1,
          "type": "$sub",
          "parameters": {
            "A_SIGNED": "00000000000000000000000000000000",
            "A_WIDTH": "00000000000000000000000000000010",
            "B_SIGNED": "00000000000000000000000000000000",
            "B_WIDTH": "00000000000000000000000000000010",
            "Y_WIDTH": "00000000000000000000000000000010"
          },
          "attributes": {
            "src": "designs/203/top.sv:20.36-20.56"
          },
          "port_directions": {
            "A": "input",
            "B": "input",
            "Y": "output"
          },
          "connections": {
            "A": [ 114, 115 ],
            "B": [ 54, 55 ],
            "Y": [ 102, 103 ]
          }
        },
        "$xor$designs/203/top.sv:22$42": {
          "hide_name": 1,
          "type": "$xor",
          "parameters": {
            "A_SIGNED": "00000000000000000000000000000000",
            "A_WIDTH": "00000000000000000000000000000101",
            "B_SIGNED": "00000000000000000000000000000000",
            "B_WIDTH": "00000000000000000000000000000101",
            "Y_WIDTH": "00000000000000000000000000000101"
          },
          "attributes": {
            "src": "designs/203/top.sv:22.39-22.112"
          },
          "port_directions": {
            "A": "input",
            "B": "input",
            "Y": "output"
          },
          "connections": {
            "A": [ 182, 183, 199, 200, 201 ],
            "B": [ 54, 55, 56, 57, 58 ],
            "Y": [ 150, 151, 202, 203, 204 ]
          }
        }
      },
      "netnames": {
        "$add$designs/203/top.sv:14$2_Y": {
          "hide_name": 1,
          "bits": [ 19, 20, 21, 22, 23, 24 ],
          "attributes": {
            "src": "designs/203/top.sv:14.34-14.72"
          }
        },
        "$add$designs/203/top.sv:15$6_Y": {
          "hide_name": 1,
          "bits": [ 33, 34, 35, 36, 37, 38, 39, 40, "0", "0", "0", "0", "0", "0", "0", "0", "0", "0", "0", "0", "0", "0", "0", "0", "0", "0" ],
          "attributes": {
            "src": "designs/203/top.sv:15.24-15.50"
          }
        },
        "$add$designs/203/top.sv:16$9_Y": {
          "hide_name": 1,
          "bits": [ 41, 42, 43, 44, 45, 46, 47, 48, "0", "0", "0", "0", "0", "0", "0", "0", "0", "0", "0", "0", "0", "0", "0", "0", "0", "0", "0", "0", "0", "0", "0" ],
          "attributes": {
            "src": "designs/203/top.sv:16.24-16.57",
            "unused_bits": "7"
          }
        },
        "$add$designs/203/top.sv:17$13_Y": {
          "hide_name": 1,
          "bits": [ 59, 60, 61, 62, 63, 205, 206, 207, 208, 209, 209, 209, 209, 209, 209, 209, 209, 209, 209, 209, 209, 209, 209, 209, 209, 209, 209, 209, 209, 209, 209 ],
          "attributes": {
            "src": "designs/203/top.sv:17.27-17.58",
            "unused_bits": "5 6 7 8 9 10 11 12 13 14 15 16 17 18 19 20 21 22 23 24 25 26 27 28 29 30"
          }
        },
        "$add$designs/203/top.sv:17$17_Y": {
          "hide_name": 1,
          "bits": [ 69, 70, 71, 72, 73, 210, 211, 212, 213, 214, 215, 216, 217, 218, 219, 220, 221, 222, 223, 224, 225, 226, 227, 228, 229, 230, 231, 232, 233, 234, 235 ],
          "attributes": {
            "src": "designs/203/top.sv:17.23-17.113",
            "unused_bits": "5 6 7 8 9 10 11 12 13 14 15 16 17 18 19 20 21 22 23 24 25 26 27 28 29 30"
          }
        },
        "$add$designs/203/top.sv:18$19_Y": {
          "hide_name": 1,
          "bits": [ 75, 76, 77, 78, 79, 80, 81, 82, 83, "0", "0", "0", "0", "0", "0", "0", "0", "0", "0", "0", "0", "0", "0", "0", "0", "0", "0", "0", "0", "0", "0" ],
          "attributes": {
            "src": "designs/203/top.sv:18.29-18.55"
          }
        },
        "$add$designs/203/top.sv:18$23_Y": {
          "hide_name": 1,
          "bits": [ 96, 97, 98, 99, 100, 101, 236, 237, 238, 239, 240, 241, 242, 243, 244, 245, 246, "0", "0", "0", "0", "0", "0", "0", "0", "0", "0", "0", "0", "0", "0" ],
          "attributes": {
            "src": "designs/203/top.sv:18.25-18.105",
            "unused_bits": "2 3 4 5 6 7 8 9 10 11 12 13 14 15 16"
          }
        },
        "$add$designs/203/top.sv:20$34_Y": {
          "hide_name": 1,
          "bits": [ 104, 105, 247, 248, 249, 250, 251, 252, 253, 254, 255, 256, 257, 258, 259, 260, 261, 262, 263, 264, 265, 266, 267, 268, 269, 270, 271, 272, 273, 274, 275 ],
          "attributes": {
            "src": "designs/203/top.sv:20.25-20.67",
            "unused_bits": "2 3 4 5 6 7 8 9 10 11 12 13 14 15 16 17 18 19 20 21 22 23 24 25 26 27 28 29 30"
          }
        },
        "$add$designs/203/top.sv:22$47_Y": {
          "hide_name": 1,
          "bits": [ 116, 117, 118, 119, 120 ],
          "attributes": {
          }
        },
        "$and$designs/203/top.sv:17$15_Y": {
          "hide_name": 1,
          "bits": [ 131, 132, 133, 134, 135, 276, 277, 278, 279, 280, 281, 282, 283, 284, 285, 286, 287, 288, 289, 290, 291, 292, 293, 294, 295, 296, 297, 298, 299, 300, 301 ],
          "attributes": {
            "src": "designs/203/top.sv:17.25-17.84",
            "unused_bits": "5 6 7 8 9 10 11 12 13 14 15 16 17 18 19 20 21 22 23 24 25 26 27 28 29 30"
          }
        },
        "$and$designs/203/top.sv:18$21_Y": {
          "hide_name": 1,
          "bits": [ 142, 143, 144, 145, 146, 147, 302, 303, 304, 305, 306, 307, 308, 309, 310, 311, "0", "0", "0", "0", "0", "0", "0", "0", "0", "0", "0", "0", "0", "0", "0" ],
          "attributes": {
            "src": "designs/203/top.sv:18.27-18.79",
            "unused_bits": "6 7 8 9 10 11 12 13 14 15"
          }
        },
        "$and$designs/203/top.sv:18$24_Y": {
          "hide_name": 1,
          "bits": [ 170, 171, "0", "0", "0", "0", 312, 313, 314, 315, 316, 317, 318, 319, 320, 321, 322, "0", "0", "0", "0", "0", "0", "0", "0", "0", "0", "0", "0", "0", "0" ],
          "attributes": {
            "src": "designs/203/top.sv:18.24-18.120",
            "unused_bits": "6 7 8 9 10 11 12 13 14 15 16"
          }
        },
        "$and$designs/203/top.sv:22$39_Y": {
          "hide_name": 1,
          "bits": [ 178, 179, "0", "0", "0", 323, 324, 325, 326, 327, 328, 329, 330, 331, 332, 333, 334, 335, 336, 337, 338, "0", "0", "0", "0", "0" ],
          "attributes": {
            "src": "designs/203/top.sv:22.50-22.76",
            "unused_bits": "5 6 7 8 9 10 11 12 13 14 15 16 17 18 19 20"
          }
        },
        "$and$designs/203/top.sv:22$45_Y": {
          "hide_name": 1,
          "bits": [ 152, 153, 202, 203, 204 ],
          "attributes": {
            "unused_bits": "2 3 4"
          }
        },
        "$and$designs/203/top.sv:22$46_Y": {
          "hide_name": 1,
          "bits": [ 112, 113, "0", "0", "0", 339, 340, 341, 342, 343, 344, 345, 346, 347, 348, 349, 350, 351, 352, 353, 354, 355, 356, 357, 358, 359, 360, 361, 362, 363, 364 ],
          "attributes": {
            "src": "designs/203/top.sv:22.29-22.141",
            "unused_bits": "5 6 7 8 9 10 11 12 13 14 15 16 17 18 19 20 21 22 23 24 25 26 27 28 29 30"
          }
        },
        "$auto$opt_expr.cc:205:group_cell_inputs$110": {
          "hide_name": 1,
          "bits": [ 148, 149 ],
          "attributes": {
          }
        },
        "$auto$opt_expr.cc:205:group_cell_inputs$55": {
          "hide_name": 1,
          "bits": [ 160, 161, 162 ],
          "attributes": {
          }
        },
        "$auto$opt_expr.cc:205:group_cell_inputs$58": {
          "hide_name": 1,
          "bits": [ 163, 164, 165, 166, 167, 168, 169 ],
          "attributes": {
            "unused_bits": "6"
          }
        },
        "$auto$opt_expr.cc:205:group_cell_inputs$72": {
          "hide_name": 1,
          "bits": [ 173 ],
          "attributes": {
          }
        },
        "$auto$opt_expr.cc:205:group_cell_inputs$75": {
          "hide_name": 1,
          "bits": [ 106 ],
          "attributes": {
          }
        },
        "$auto$opt_expr.cc:205:group_cell_inputs$77": {
          "hide_name": 1,
          "bits": [ 107 ],
          "attributes": {
          }
        },
        "$auto$opt_expr.cc:205:group_cell_inputs$82": {
          "hide_name": 1,
          "bits": [ 182, 183 ],
          "attributes": {
          }
        },
        "$auto$opt_expr.cc:205:group_cell_inputs$96": {
          "hide_name": 1,
          "bits": [ 180, 181 ],
          "attributes": {
          }
        },
        "$ge$designs/203/top.sv:19$30_Y": {
          "hide_name": 1,
          "bits": [ 184, "0", "0", "0", "0", "0" ],
          "attributes": {
            "src": "designs/203/top.sv:19.24-19.102"
          }
        },
        "$gt$designs/203/top.sv:19$28_Y": {
          "hide_name": 1,
          "bits": [ 172 ],
          "attributes": {
            "src": "designs/203/top.sv:19.34-19.75"
          }
        },
        "$lt$designs/203/top.sv:15$5_Y": {
          "hide_name": 1,
          "bits": [ 25, "0", "0", "0", "0", "0", "0", "0", "0", "0", "0", "0", "0", "0", "0", "0", "0", "0", "0", "0", "0", "0", "0", "0", "0", "0" ],
          "attributes": {
            "src": "designs/203/top.sv:15.25-15.40"
          }
        },
        "$mul$designs/203/top.sv:14$1_Y": {
          "hide_name": 1,
          "bits": [ 13, 14, 15, 16, 17, 18 ],
          "attributes": {
            "src": "designs/203/top.sv:14.35-14.58"
          }
        },
        "$mul$designs/203/top.sv:14$3_Y": {
          "hide_name": 1,
          "bits": [ 154, 155, 156, 157, 158, 159, 32 ],
          "attributes": {
            "src": "designs/203/top.sv:14.23-14.87"
          }
        },
        "$mul$designs/203/top.sv:18$20_Y": {
          "hide_name": 1,
          "bits": [ 136, 137, 138, 139, 140, 141, 365, 366, 367, 368, 369, 370, 371, 372, 373, 374, "0", "0", "0", "0", "0", "0", "0", "0", "0", "0", "0", "0", "0", "0", "0" ],
          "attributes": {
            "src": "designs/203/top.sv:18.28-18.65",
            "unused_bits": "6 7 8 9 10 11 12 13 14 15"
          }
        },
        "$mul$designs/203/top.sv:19$31_Y": {
          "hide_name": 1,
          "bits": [ 186, 187, 188, 189, 190, 191 ],
          "attributes": {
            "src": "designs/203/top.sv:19.23-19.121"
          }
        },
        "$mul$designs/203/top.sv:22$38_Y": {
          "hide_name": 1,
          "bits": [ 176, 177, 196, 197, 198, 375, 376, 377, 378, 379, 380, 381, 382, 383, 384, 385, 386, 387, 388, 389, 390, "0", "0", "0", "0", "0" ],
          "attributes": {
            "src": "designs/203/top.sv:22.51-22.66",
            "unused_bits": "2 3 4 5 6 7 8 9 10 11 12 13 14 15 16 17 18 19 20"
          }
        },
        "$ne$designs/203/top.sv:19$27_Y": {
          "hide_name": 1,
          "bits": [ 185 ],
          "attributes": {
            "src": "designs/203/top.sv:19.43-19.59"
          }
        },
        "$or$designs/203/top.sv:18$22_Y": {
          "hide_name": 1,
          "bits": [ 84, 85, 86, 87, 88, 89, 391, 392, 393, 394, 395, 396, 397, 398, 399, 400, "0", "0", "0", "0", "0", "0", "0", "0", "0", "0", "0", "0", "0", "0", "0" ],
          "attributes": {
            "src": "designs/203/top.sv:18.26-18.89",
            "unused_bits": "6 7 8 9 10 11 12 13 14 15"
          }
        },
        "$or$designs/203/top.sv:20$35_Y": {
          "hide_name": 1,
          "bits": [ 174, 107, 401, 402, 403, 404, 405, 406, 407, 408, 409, 410, 411, 412, 413, 414, 415, 416, 417, 418, 419, 420, 421, 422, 423, 424, 425, 426, 427, 428, 429 ],
          "attributes": {
            "src": "designs/203/top.sv:20.24-20.77",
            "unused_bits": "2 3 4 5 6 7 8 9 10 11 12 13 14 15 16 17 18 19 20 21 22 23 24 25 26 27 28 29 30"
          }
        },
        "$sub$designs/203/top.sv:17$12_Y": {
          "hide_name": 1,
          "bits": [ 49, 50, 51, 52, 53, 430, 431, 432, 432, 432, 432, 432, 432, 432, 432, 432, 432, 432, 432, 432, 432, 432, 432, 432, 432, 432, 432, 432, 432, 432, 432 ],
          "attributes": {
            "src": "designs/203/top.sv:17.28-17.48",
            "unused_bits": "5 6 7 8 9 10 11 12 13 14 15 16 17 18 19 20 21 22 23 24 25 26 27 28 29 30"
          }
        },
        "$sub$designs/203/top.sv:17$14_Y": {
          "hide_name": 1,
          "bits": [ 121, 122, 123, 124, 125, 433, 434, 435, 436, 437, 438, 439, 440, 441, 442, 443, 444, 445, 446, 447, 448, 449, 450, 451, 452, 453, 454, 455, 456, 457, 458 ],
          "attributes": {
            "src": "designs/203/top.sv:17.26-17.68",
            "unused_bits": "5 6 7 8 9 10 11 12 13 14 15 16 17 18 19 20 21 22 23 24 25 26 27 28 29 30"
          }
        },
        "$sub$designs/203/top.sv:17$16_Y": {
          "hide_name": 1,
          "bits": [ 64, 65, 66, 67, 68, 459, 460, 461, 462, 463, 464, 465, 466, 467, 468, 469, 470, 471, 472, 473, 474, 475, 476, 477, 478, 479, 480, 481, 482, 483, 484 ],
          "attributes": {
            "src": "designs/203/top.sv:17.24-17.99",
            "unused_bits": "5 6 7 8 9 10 11 12 13 14 15 16 17 18 19 20 21 22 23 24 25 26 27 28 29 30"
          }
        },
        "$sub$designs/203/top.sv:20$33_Y": {
          "hide_name": 1,
          "bits": [ 102, 103, 485, 486, 487, 488, 489, 490, 491, 491, 491, 491, 491, 491, 491, 491, 491, 491, 491, 491, 491, 491, 491, 491, 491, 491, 491, 491, 491, 491, 491 ],
          "attributes": {
            "src": "designs/203/top.sv:20.36-20.56",
            "unused_bits": "2 3 4 5 6 7 8 9 10 11 12 13 14 15 16 17 18 19 20 21 22 23 24 25 26 27 28 29 30"
          }
        },
        "$xor$designs/203/top.sv:22$42_Y": {
          "hide_name": 1,
          "bits": [ 150, 151, 202, 203, 204, 492, 493, 494, 495, 496, 497, 498, 499, 500, 501, 502, 503, 504, 505, 506, 507, "0", "0", "0", "0", "0", "0", "0", "0", "0", "0" ],
          "attributes": {
            "src": "designs/203/top.sv:22.39-22.112",
            "unused_bits": "2 3 4 5 6 7 8 9 10 11 12 13 14 15 16 17 18 19 20"
          }
        },
        "input_data": {
          "hide_name": 0,
          "bits": [ 2, 3, 4, 5, 6, 7 ],
          "attributes": {
            "src": "designs/203/top.sv:2.17-2.27"
          }
        },
        "output_data": {
          "hide_name": 0,
          "bits": [ 8, 9, 10, 11, 12 ],
          "attributes": {
            "src": "designs/203/top.sv:3.18-3.29"
          }
        },
        "temp_0": {
          "hide_name": 0,
          "bits": [ 26, 27, 28, 29, 30, 31, 32 ],
          "attributes": {
            "src": "designs/203/top.sv:6.17-6.23"
          }
        },
        "temp_1": {
          "hide_name": 0,
          "bits": [ 90, 91, 92, 93, 94, 95, 192, 193, 194, 126, 127, 128, 129, 130, 195, "0", "0", "0", "0", "0", "0", "0", "0", "0", "0", "0" ],
          "attributes": {
            "src": "designs/203/top.sv:7.18-7.24"
          }
        },
        "temp_2": {
          "hide_name": 0,
          "bits": [ 54, 55, 56, 57, 58, 74, "0", "0", "0", "0", "0", "0", "0", "0", "0", "0", "0", "0", "0", "0", "0", "0", "0", "0", "0", "0", "0", "0", "0", "0", "0" ],
          "attributes": {
            "src": "designs/203/top.sv:8.18-8.24"
          }
        },
        "temp_3": {
          "hide_name": 0,
          "bits": [ 108, 109, 199, 200, 201, "x", "x", "x", "x", "x" ],
          "attributes": {
            "src": "designs/203/top.sv:9.17-9.23"
          }
        },
        "temp_4": {
          "hide_name": 0,
          "bits": [ 114, 115, 92, 93, "0", "0" ],
          "attributes": {
            "src": "designs/203/top.sv:10.17-10.23"
          }
        },
        "temp_5": {
          "hide_name": 0,
          "bits": [ 175, "0", "0", "0", "0" ],
          "attributes": {
            "src": "designs/203/top.sv:11.17-11.23"
          }
        },
        "temp_6": {
          "hide_name": 0,
          "bits": [ 110, 111 ],
          "attributes": {
            "src": "designs/203/top.sv:12.17-12.23"
          }
        }
      }
    }
  }
}
