{
  "creator": "Yosys 0.60 (git sha1 5bafeb77dc71e054fa331ab9efa613e6fb0a1c49, clang++ 17.0.0 -fPIC -O3)",
  "modules": {
    "top": {
      "attributes": {
        "top": "00000000000000000000000000000001",
        "src": "designs/207/top.sv:1.1-30.10"
      },
      "ports": {
        "input_data": {
          "direction": "input",
          "bits": [ 2, 3, 4, 5, 6, 7 ]
        },
        "output_data": {
          "direction": "output",
          "bits": [ 8, 9, 10, 11, 12, 13, 13, 13, 13, 13, 13, 13, 13, 13, 13, 13, 13, 13, 13, 13, 13, "0", "0", "0", "0", "0", "0", "0", "0", "0", "0", "0", "0", "0", "0", "0", "0", "0", "0", "0" ]
        }
      },
      "cells": {
        "$sub$designs/207/top.sv:21$14": {
          "hide_name": 1,
          "type": "$sub",
          "parameters": {
            "A_SIGNED": "00000000000000000000000000000000",
            "A_WIDTH": "00000000000000000000000000000110",
            "B_SIGNED": "00000000000000000000000000000000",
            "B_WIDTH": "00000000000000000000000000000110",
            "Y_WIDTH": "00000000000000000000000000000111"
          },
          "attributes": {
            "src": "designs/207/top.sv:21.22-21.52"
          },
          "port_directions": {
            "A": "input",
            "B": "input",
            "Y": "output"
          },
          "connections": {
            "A": [ "0", "0", "0", "0", "0", "0" ],
            "B": [ 2, 3, 4, 5, 6, 7 ],
            "Y": [ 14, 8, 9, 10, 11, 12, 13 ]
          }
        }
      },
      "netnames": {
        "input_data": {
          "hide_name": 0,
          "bits": [ 2, 3, 4, 5, 6, 7 ],
          "attributes": {
            "src": "designs/207/top.sv:2.17-2.27"
          }
        },
        "output_data": {
          "hide_name": 0,
          "bits": [ 8, 9, 10, 11, 12, 13, 13, 13, 13, 13, 13, 13, 13, 13, 13, 13, 13, 13, 13, 13, 13, "0", "0", "0", "0", "0", "0", "0", "0", "0", "0", "0", "0", "0", "0", "0", "0", "0", "0", "0" ],
          "attributes": {
            "src": "designs/207/top.sv:3.19-3.30"
          }
        },
        "temp_5": {
          "hide_name": 0,
          "bits": [ 14, 8, 9, 10, 11, 12, 13, 13, 13, 13, 13, 13, 13, 13, 13, 13, 13, 13, 13, 13, 13, 13 ],
          "attributes": {
            "src": "designs/207/top.sv:11.18-11.24",
            "unused_bits": "0 "
          }
        }
      }
    }
  }
}
