{
  "creator": "Yosys 0.60 (git sha1 5bafeb77dc71e054fa331ab9efa613e6fb0a1c49, clang++ 17.0.0 -fPIC -O3)",
  "modules": {
    "top": {
      "attributes": {
        "top": "00000000000000000000000000000001",
        "src": "designs/109/top.sv:1.1-50.10"
      },
      "ports": {
        "input_data": {
          "direction": "input",
          "bits": [ 2, 3, 4, 5, 6, 7 ]
        },
        "output_data": {
          "direction": "output",
          "bits": [ 8, 9, 10, 11, 12, 13, 14, 15, 16, 17, 18, 19, 20, 21, 22, 23, 24, 25, 26, "0" ]
        }
      },
      "cells": {
        "$add$designs/109/top.sv:25$1": {
          "hide_name": 1,
          "type": "$add",
          "parameters": {
            "A_SIGNED": "00000000000000000000000000000000",
            "A_WIDTH": "00000000000000000000000000000110",
            "B_SIGNED": "00000000000000000000000000000000",
            "B_WIDTH": "00000000000000000000000000000110",
            "Y_WIDTH": "00000000000000000000000000000110"
          },
          "attributes": {
            "src": "designs/109/top.sv:25.53-25.87"
          },
          "port_directions": {
            "A": "input",
            "B": "input",
            "Y": "output"
          },
          "connections": {
            "A": [ 2, 3, 4, 5, 6, 7 ],
            "B": [ 2, 3, 4, 5, 6, 7 ],
            "Y": [ 27, 28, 29, 30, 31, 32 ]
          }
        },
        "$add$designs/109/top.sv:26$10": {
          "hide_name": 1,
          "type": "$add",
          "parameters": {
            "A_SIGNED": "00000000000000000000000000000000",
            "A_WIDTH": "00000000000000000000000000000111",
            "B_SIGNED": "00000000000000000000000000000000",
            "B_WIDTH": "00000000000000000000000000000110",
            "Y_WIDTH": "00000000000000000000000000000111"
          },
          "attributes": {
            "src": "designs/109/top.sv:26.34-26.131"
          },
          "port_directions": {
            "A": "input",
            "B": "input",
            "Y": "output"
          },
          "connections": {
            "A": [ 33, 34, 35, 36, 37, 38, 39 ],
            "B": [ 40, 41, 42, 43, 44, 45 ],
            "Y": [ 46, 47, 48, 49, 50, 51, 52 ]
          }
        },
        "$add$designs/109/top.sv:26$13": {
          "hide_name": 1,
          "type": "$add",
          "parameters": {
            "A_SIGNED": "00000000000000000000000000000000",
            "A_WIDTH": "00000000000000000000000000000111",
            "B_SIGNED": "00000000000000000000000000000000",
            "B_WIDTH": "00000000000000000000000000011010",
            "Y_WIDTH": "00000000000000000000000000011010"
          },
          "attributes": {
            "src": "designs/109/top.sv:26.23-26.145"
          },
          "port_directions": {
            "A": "input",
            "B": "input",
            "Y": "output"
          },
          "connections": {
            "A": [ 46, 47, 48, 49, 50, 51, 52 ],
            "B": [ 53, 54, 55, 56, 57, 58, "1", "1", "1", "1", "1", "1", "1", "1", "1", "1", "1", "1", "1", "1", "1", "1", "1", "1", "1", "1" ],
            "Y": [ 59, 60, 61, 62, 63, 64, 65, 66, 67, 68, 69, 70, 71, 72, 73, 74, 75, 76, 77, 78, 79, 80, 81, 82, 83, 84 ]
          }
        },
        "$add$designs/109/top.sv:26$9": {
          "hide_name": 1,
          "type": "$add",
          "parameters": {
            "A_SIGNED": "00000000000000000000000000000000",
            "A_WIDTH": "00000000000000000000000000000111",
            "B_SIGNED": "00000000000000000000000000000000",
            "B_WIDTH": "00000000000000000000000000000110",
            "Y_WIDTH": "00000000000000000000000000000111"
          },
          "attributes": {
            "src": "designs/109/top.sv:26.45-26.120"
          },
          "port_directions": {
            "A": "input",
            "B": "input",
            "Y": "output"
          },
          "connections": {
            "A": [ 85, 86, 87, 88, 89, 90, 91 ],
            "B": [ 40, 41, 42, 43, 44, 45 ],
            "Y": [ 33, 34, 35, 36, 37, 38, 39 ]
          }
        },
        "$add$designs/109/top.sv:29$24": {
          "hide_name": 1,
          "type": "$add",
          "parameters": {
            "A_SIGNED": "00000000000000000000000000000000",
            "A_WIDTH": "00000000000000000000000000001010",
            "B_SIGNED": "00000000000000000000000000000000",
            "B_WIDTH": "00000000000000000000000000001010",
            "Y_WIDTH": "00000000000000000000000000001010"
          },
          "attributes": {
            "src": "designs/109/top.sv:29.52-29.115"
          },
          "port_directions": {
            "A": "input",
            "B": "input",
            "Y": "output"
          },
          "connections": {
            "A": [ 92, 93, 94, 95, 96, 97, 98, 99, 100, 101 ],
            "B": [ 102, 103, 104, 105, 106, 107, "1", "1", "1", "1" ],
            "Y": [ 108, 109, 110, 111, 112, 113, 114, 115, 116, 117 ]
          }
        },
        "$add$designs/109/top.sv:31$46": {
          "hide_name": 1,
          "type": "$add",
          "parameters": {
            "A_SIGNED": "00000000000000000000000000000000",
            "A_WIDTH": "00000000000000000000000000000010",
            "B_SIGNED": "00000000000000000000000000000000",
            "B_WIDTH": "00000000000000000000000000000010",
            "Y_WIDTH": "00000000000000000000000000000010"
          },
          "attributes": {
            "src": "designs/109/top.sv:31.34-31.248"
          },
          "port_directions": {
            "A": "input",
            "B": "input",
            "Y": "output"
          },
          "connections": {
            "A": [ 118, 119 ],
            "B": [ 120, 121 ],
            "Y": [ 122, 123 ]
          }
        },
        "$add$designs/109/top.sv:31$48": {
          "hide_name": 1,
          "type": "$add",
          "parameters": {
            "A_SIGNED": "00000000000000000000000000000000",
            "A_WIDTH": "00000000000000000000000000000010",
            "B_SIGNED": "00000000000000000000000000000000",
            "B_WIDTH": "00000000000000000000000000000010",
            "Y_WIDTH": "00000000000000000000000000000010"
          },
          "attributes": {
            "src": "designs/109/top.sv:31.22-31.278"
          },
          "port_directions": {
            "A": "input",
            "B": "input",
            "Y": "output"
          },
          "connections": {
            "A": [ 124, 125 ],
            "B": [ 126, 127 ],
            "Y": [ 128, 129 ]
          }
        },
        "$add$designs/109/top.sv:32$54": {
          "hide_name": 1,
          "type": "$add",
          "parameters": {
            "A_SIGNED": "00000000000000000000000000000000",
            "A_WIDTH": "00000000000000000000000000011010",
            "B_SIGNED": "00000000000000000000000000000000",
            "B_WIDTH": "00000000000000000000000000000010",
            "Y_WIDTH": "00000000000000000000000000011010"
          },
          "attributes": {
            "src": "designs/109/top.sv:32.33-32.144"
          },
          "port_directions": {
            "A": "input",
            "B": "input",
            "Y": "output"
          },
          "connections": {
            "A": [ 130, 131, 132, 133, 134, 135, "0", "0", "0", "0", "0", "0", "0", "0", "0", "0", "0", "0", "0", "0", "0", "0", "0", "0", "0", "0" ],
            "B": [ 128, 129 ],
            "Y": [ 136, 137, 138, 139, 140, 141, 142, 143, 144, 145, 146, 147, 148, 149, 150, 151, 152, 153, 154, 155, 156, 157, 158, 159, 160, 161 ]
          }
        },
        "$add$designs/109/top.sv:32$57": {
          "hide_name": 1,
          "type": "$add",
          "parameters": {
            "A_SIGNED": "00000000000000000000000000000000",
            "A_WIDTH": "00000000000000000000000000011010",
            "B_SIGNED": "00000000000000000000000000000000",
            "B_WIDTH": "00000000000000000000000000011010",
            "Y_WIDTH": "00000000000000000000000000011010"
          },
          "attributes": {
            "src": "designs/109/top.sv:32.32-32.157"
          },
          "port_directions": {
            "A": "input",
            "B": "input",
            "Y": "output"
          },
          "connections": {
            "A": [ 136, 137, 138, 139, 140, 141, 142, 143, 144, 145, 146, 147, 148, 149, 150, 151, 152, 153, 154, 155, 156, 157, 158, 159, 160, 161 ],
            "B": [ 162, 163, 164, 165, 166, 167, 168, 169, 170, 171, 172, 173, 174, 175, 176, 177, 178, 179, 180, 181, 182, 183, 184, 185, 186, 187 ],
            "Y": [ 188, 189, 190, 191, 192, 193, 194, 195, 196, 197, 198, 199, 200, 201, 202, 203, 204, 205, 206, 207, 208, 209, 210, 211, 212, 213 ]
          }
        },
        "$add$designs/109/top.sv:34$66": {
          "hide_name": 1,
          "type": "$add",
          "parameters": {
            "A_SIGNED": "00000000000000000000000000000000",
            "A_WIDTH": "00000000000000000000000000010011",
            "B_SIGNED": "00000000000000000000000000000000",
            "B_WIDTH": "00000000000000000000000000000110",
            "Y_WIDTH": "00000000000000000000000000010011"
          },
          "attributes": {
            "src": "designs/109/top.sv:34.46-34.240"
          },
          "port_directions": {
            "A": "input",
            "B": "input",
            "Y": "output"
          },
          "connections": {
            "A": [ 214, 215, 216, 217, 218, 219, 220, 221, 222, 223, 224, 225, 226, 227, 228, 229, 230, 231, 232 ],
            "B": [ 2, 3, 4, 5, 6, 7 ],
            "Y": [ 233, 234, 235, 236, 12, 13, 14, 15, 16, 17, 18, 19, 20, 21, 22, 23, 24, 25, 26 ]
          }
        },
        "$and$designs/109/top.sv:25$2": {
          "hide_name": 1,
          "type": "$and",
          "parameters": {
            "A_SIGNED": "00000000000000000000000000000000",
            "A_WIDTH": "00000000000000000000000000000110",
            "B_SIGNED": "00000000000000000000000000000000",
            "B_WIDTH": "00000000000000000000000000000110",
            "Y_WIDTH": "00000000000000000000000000000110"
          },
          "attributes": {
            "src": "designs/109/top.sv:25.44-25.102"
          },
          "port_directions": {
            "A": "input",
            "B": "input",
            "Y": "output"
          },
          "connections": {
            "A": [ 27, 28, 29, 30, 31, 32 ],
            "B": [ 2, 3, 4, 5, 6, 7 ],
            "Y": [ 237, 238, 239, 240, 241, 242 ]
          }
        },
        "$and$designs/109/top.sv:27$19": {
          "hide_name": 1,
          "type": "$and",
          "parameters": {
            "A_SIGNED": "00000000000000000000000000000000",
            "A_WIDTH": "00000000000000000000000000011010",
            "B_SIGNED": "00000000000000000000000000000000",
            "B_WIDTH": "00000000000000000000000000011010",
            "Y_WIDTH": "00000000000000000000000000011010"
          },
          "attributes": {
            "src": "designs/109/top.sv:27.30-27.107"
          },
          "port_directions": {
            "A": "input",
            "B": "input",
            "Y": "output"
          },
          "connections": {
            "A": [ 243, 244, 245, 246, 247, 248, 65, 66, 67, 68, 69, 70, 71, 72, 73, 74, 75, 76, 77, 78, 79, 80, 81, 82, 83, 84 ],
            "B": [ 249, 250, 251, 252, 253, 254, 65, 66, 67, 68, 69, 70, 71, 72, 73, 74, 75, 76, 77, 78, 79, 80, 81, 82, 83, 84 ],
            "Y": [ 126, 127, 255, 256, 257, 258, 259, 260, 261, 262, 263, 264, 265, 266, 267, 268, 269, 270, 271, 272, 273, 274, 275, 276, 277, 278 ]
          }
        },
        "$and$designs/109/top.sv:29$29": {
          "hide_name": 1,
          "type": "$and",
          "parameters": {
            "A_SIGNED": "00000000000000000000000000000000",
            "A_WIDTH": "00000000000000000000000000000110",
            "B_SIGNED": "00000000000000000000000000000000",
            "B_WIDTH": "00000000000000000000000000000110",
            "Y_WIDTH": "00000000000000000000000000000110"
          },
          "attributes": {
            "src": "designs/109/top.sv:29.31-29.159"
          },
          "port_directions": {
            "A": "input",
            "B": "input",
            "Y": "output"
          },
          "connections": {
            "A": [ 279, 280, 281, 282, 283, 284 ],
            "B": [ 2, 3, 4, 5, 6, 7 ],
            "Y": [ 285, 286, 287, 288, 289, 290 ]
          }
        },
        "$and$designs/109/top.sv:34$63": {
          "hide_name": 1,
          "type": "$and",
          "parameters": {
            "A_SIGNED": "00000000000000000000000000000000",
            "A_WIDTH": "00000000000000000000000000011111",
            "B_SIGNED": "00000000000000000000000000000000",
            "B_WIDTH": "00000000000000000000000000011111",
            "Y_WIDTH": "00000000000000000000000000011111"
          },
          "attributes": {
            "src": "designs/109/top.sv:34.67-34.200"
          },
          "port_directions": {
            "A": "input",
            "B": "input",
            "Y": "output"
          },
          "connections": {
            "A": [ 291, 292, 293, 294, 295, 296, 297, 298, 299, 300, 301, 302, 303, 304, 305, 306, 307, 308, 309, 310, 311, 312, 313, 314, 315, 316, 317, 318, 319, 320, 321 ],
            "B": [ 126, 127, 255, 256, 257, 258, 259, 260, 261, 262, 263, 264, 265, 266, 267, 268, 269, 270, 271, 272, 273, 274, 275, 276, 277, 278, 278, 278, 278, 278, 278 ],
            "Y": [ 322, 323, 324, 325, 326, 327, 328, 329, 330, 331, 332, 333, 334, 335, 336, 337, 338, 339, 340, 341, 342, 343, 344, 345, 346, 347, 348, 349, 350, 351, 352 ]
          }
        },
        "$auto$opt_expr.cc:276:group_cell_inputs$134": {
          "hide_name": 1,
          "type": "$or",
          "parameters": {
            "A_SIGNED": "00000000000000000000000000000000",
            "A_WIDTH": "00000000000000000000000000000110",
            "B_SIGNED": "00000000000000000000000000000000",
            "B_WIDTH": "00000000000000000000000000000110",
            "Y_WIDTH": "00000000000000000000000000000110"
          },
          "attributes": {
          },
          "port_directions": {
            "A": "input",
            "B": "input",
            "Y": "output"
          },
          "connections": {
            "A": [ 353, 354, 355, 356, 357, 358 ],
            "B": [ 2, 3, 4, 5, 6, 7 ],
            "Y": [ 85, 86, 87, 88, 89, 90 ]
          }
        },
        "$auto$opt_expr.cc:276:group_cell_inputs$137": {
          "hide_name": 1,
          "type": "$not",
          "parameters": {
            "A_SIGNED": "00000000000000000000000000000000",
            "A_WIDTH": "00000000000000000000000000000110",
            "Y_WIDTH": "00000000000000000000000000000110"
          },
          "attributes": {
          },
          "port_directions": {
            "A": "input",
            "Y": "output"
          },
          "connections": {
            "A": [ 40, 41, 42, 43, 44, 45 ],
            "Y": [ 53, 54, 55, 56, 57, 58 ]
          }
        },
        "$auto$opt_expr.cc:276:group_cell_inputs$141": {
          "hide_name": 1,
          "type": "$or",
          "parameters": {
            "A_SIGNED": "00000000000000000000000000000000",
            "A_WIDTH": "00000000000000000000000000000110",
            "B_SIGNED": "00000000000000000000000000000000",
            "B_WIDTH": "00000000000000000000000000000110",
            "Y_WIDTH": "00000000000000000000000000000110"
          },
          "attributes": {
          },
          "port_directions": {
            "A": "input",
            "B": "input",
            "Y": "output"
          },
          "connections": {
            "A": [ 59, 60, 61, 62, 63, 64 ],
            "B": [ 40, 41, 42, 43, 44, 45 ],
            "Y": [ 249, 250, 251, 252, 253, 254 ]
          }
        },
        "$auto$opt_expr.cc:276:group_cell_inputs$144": {
          "hide_name": 1,
          "type": "$or",
          "parameters": {
            "A_SIGNED": "00000000000000000000000000000000",
            "A_WIDTH": "00000000000000000000000000000110",
            "B_SIGNED": "00000000000000000000000000000000",
            "B_WIDTH": "00000000000000000000000000000110",
            "Y_WIDTH": "00000000000000000000000000000110"
          },
          "attributes": {
          },
          "port_directions": {
            "A": "input",
            "B": "input",
            "Y": "output"
          },
          "connections": {
            "A": [ 2, 3, 4, 5, 6, 7 ],
            "B": [ 249, 250, 251, 252, 253, 254 ],
            "Y": [ 359, 360, 361, 362, 363, 364 ]
          }
        },
        "$auto$opt_expr.cc:276:group_cell_inputs$151": {
          "hide_name": 1,
          "type": "$xor",
          "parameters": {
            "A_SIGNED": "00000000000000000000000000000000",
            "A_WIDTH": "00000000000000000000000000000110",
            "B_SIGNED": "00000000000000000000000000000000",
            "B_WIDTH": "00000000000000000000000000000110",
            "Y_WIDTH": "00000000000000000000000000000110"
          },
          "attributes": {
          },
          "port_directions": {
            "A": "input",
            "B": "input",
            "Y": "output"
          },
          "connections": {
            "A": [ 365, 366, 367, 368, 369, 370 ],
            "B": [ 2, 3, 4, 5, 6, 7 ],
            "Y": [ 92, 93, 94, 95, 96, 97 ]
          }
        },
        "$auto$opt_expr.cc:276:group_cell_inputs$154": {
          "hide_name": 1,
          "type": "$not",
          "parameters": {
            "A_SIGNED": "00000000000000000000000000000000",
            "A_WIDTH": "00000000000000000000000000000110",
            "Y_WIDTH": "00000000000000000000000000000110"
          },
          "attributes": {
          },
          "port_directions": {
            "A": "input",
            "Y": "output"
          },
          "connections": {
            "A": [ 2, 3, 4, 5, 6, 7 ],
            "Y": [ 102, 103, 104, 105, 106, 107 ]
          }
        },
        "$auto$opt_expr.cc:276:group_cell_inputs$158": {
          "hide_name": 1,
          "type": "$not",
          "parameters": {
            "A_SIGNED": "00000000000000000000000000000000",
            "A_WIDTH": "00000000000000000000000000000001",
            "Y_WIDTH": "00000000000000000000000000000001"
          },
          "attributes": {
          },
          "port_directions": {
            "A": "input",
            "Y": "output"
          },
          "connections": {
            "A": [ 45 ],
            "Y": [ 371 ]
          }
        },
        "$auto$opt_expr.cc:276:group_cell_inputs$162": {
          "hide_name": 1,
          "type": "$and",
          "parameters": {
            "A_SIGNED": "00000000000000000000000000000000",
            "A_WIDTH": "00000000000000000000000000000010",
            "B_SIGNED": "00000000000000000000000000000000",
            "B_WIDTH": "00000000000000000000000000000010",
            "Y_WIDTH": "00000000000000000000000000000010"
          },
          "attributes": {
          },
          "port_directions": {
            "A": "input",
            "B": "input",
            "Y": "output"
          },
          "connections": {
            "A": [ 4, 5 ],
            "B": [ 372, 373 ],
            "Y": [ 374, 375 ]
          }
        },
        "$auto$opt_expr.cc:276:group_cell_inputs$166": {
          "hide_name": 1,
          "type": "$or",
          "parameters": {
            "A_SIGNED": "00000000000000000000000000000000",
            "A_WIDTH": "00000000000000000000000000000100",
            "B_SIGNED": "00000000000000000000000000000000",
            "B_WIDTH": "00000000000000000000000000000100",
            "Y_WIDTH": "00000000000000000000000000000100"
          },
          "attributes": {
          },
          "port_directions": {
            "A": "input",
            "B": "input",
            "Y": "output"
          },
          "connections": {
            "A": [ 376, 377, 378, 379 ],
            "B": [ 40, 41, 42, 43 ],
            "Y": [ 380, 381, 382, 383 ]
          }
        },
        "$auto$opt_expr.cc:276:group_cell_inputs$169": {
          "hide_name": 1,
          "type": "$and",
          "parameters": {
            "A_SIGNED": "00000000000000000000000000000000",
            "A_WIDTH": "00000000000000000000000000000110",
            "B_SIGNED": "00000000000000000000000000000000",
            "B_WIDTH": "00000000000000000000000000000110",
            "Y_WIDTH": "00000000000000000000000000000110"
          },
          "attributes": {
          },
          "port_directions": {
            "A": "input",
            "B": "input",
            "Y": "output"
          },
          "connections": {
            "A": [ 126, 127, 255, 256, 257, 258 ],
            "B": [ 2, 3, 4, 5, 6, 7 ],
            "Y": [ 384, 385, 386, 387, 388, 389 ]
          }
        },
        "$auto$opt_expr.cc:276:group_cell_inputs$173": {
          "hide_name": 1,
          "type": "$and",
          "parameters": {
            "A_SIGNED": "00000000000000000000000000000000",
            "A_WIDTH": "00000000000000000000000000000110",
            "B_SIGNED": "00000000000000000000000000000000",
            "B_WIDTH": "00000000000000000000000000000110",
            "Y_WIDTH": "00000000000000000000000000000110"
          },
          "attributes": {
          },
          "port_directions": {
            "A": "input",
            "B": "input",
            "Y": "output"
          },
          "connections": {
            "A": [ 384, 385, 386, 387, 388, 389 ],
            "B": [ 40, 41, 42, 43, 44, 45 ],
            "Y": [ 390, 391, 392, 393, 394, 395 ]
          }
        },
        "$auto$opt_expr.cc:276:group_cell_inputs$177": {
          "hide_name": 1,
          "type": "$and",
          "parameters": {
            "A_SIGNED": "00000000000000000000000000000000",
            "A_WIDTH": "00000000000000000000000000000110",
            "B_SIGNED": "00000000000000000000000000000000",
            "B_WIDTH": "00000000000000000000000000000110",
            "Y_WIDTH": "00000000000000000000000000000110"
          },
          "attributes": {
          },
          "port_directions": {
            "A": "input",
            "B": "input",
            "Y": "output"
          },
          "connections": {
            "A": [ 390, 391, 392, 393, 394, 395 ],
            "B": [ 2, 3, 4, 5, 6, 7 ],
            "Y": [ 396, 397, 398, 399, 400, 401 ]
          }
        },
        "$auto$opt_expr.cc:276:group_cell_inputs$181": {
          "hide_name": 1,
          "type": "$xor",
          "parameters": {
            "A_SIGNED": "00000000000000000000000000000000",
            "A_WIDTH": "00000000000000000000000000000110",
            "B_SIGNED": "00000000000000000000000000000000",
            "B_WIDTH": "00000000000000000000000000000110",
            "Y_WIDTH": "00000000000000000000000000000110"
          },
          "attributes": {
          },
          "port_directions": {
            "A": "input",
            "B": "input",
            "Y": "output"
          },
          "connections": {
            "A": [ 396, 397, 398, 399, 400, 401 ],
            "B": [ 2, 3, 4, 5, 6, 7 ],
            "Y": [ 402, 403, 404, 405, 406, 407 ]
          }
        },
        "$auto$opt_expr.cc:276:group_cell_inputs$188": {
          "hide_name": 1,
          "type": "$or",
          "parameters": {
            "A_SIGNED": "00000000000000000000000000000000",
            "A_WIDTH": "00000000000000000000000000000110",
            "B_SIGNED": "00000000000000000000000000000000",
            "B_WIDTH": "00000000000000000000000000000110",
            "Y_WIDTH": "00000000000000000000000000000110"
          },
          "attributes": {
          },
          "port_directions": {
            "A": "input",
            "B": "input",
            "Y": "output"
          },
          "connections": {
            "A": [ 126, 127, 255, 256, 257, 258 ],
            "B": [ 40, 41, 42, 43, 44, 45 ],
            "Y": [ 408, 409, 410, 411, 412, 413 ]
          }
        },
        "$auto$opt_expr.cc:276:group_cell_inputs$191": {
          "hide_name": 1,
          "type": "$and",
          "parameters": {
            "A_SIGNED": "00000000000000000000000000000000",
            "A_WIDTH": "00000000000000000000000000000010",
            "B_SIGNED": "00000000000000000000000000000000",
            "B_WIDTH": "00000000000000000000000000000010",
            "Y_WIDTH": "00000000000000000000000000000010"
          },
          "attributes": {
          },
          "port_directions": {
            "A": "input",
            "B": "input",
            "Y": "output"
          },
          "connections": {
            "A": [ 408, 409 ],
            "B": [ 128, 129 ],
            "Y": [ 414, 415 ]
          }
        },
        "$auto$opt_expr.cc:276:group_cell_inputs$195": {
          "hide_name": 1,
          "type": "$and",
          "parameters": {
            "A_SIGNED": "00000000000000000000000000000000",
            "A_WIDTH": "00000000000000000000000000000010",
            "B_SIGNED": "00000000000000000000000000000000",
            "B_WIDTH": "00000000000000000000000000000010",
            "Y_WIDTH": "00000000000000000000000000000010"
          },
          "attributes": {
          },
          "port_directions": {
            "A": "input",
            "B": "input",
            "Y": "output"
          },
          "connections": {
            "A": [ 414, 415 ],
            "B": [ 128, 129 ],
            "Y": [ 416, 417 ]
          }
        },
        "$auto$opt_expr.cc:276:group_cell_inputs$199": {
          "hide_name": 1,
          "type": "$xor",
          "parameters": {
            "A_SIGNED": "00000000000000000000000000000000",
            "A_WIDTH": "00000000000000000000000000011010",
            "B_SIGNED": "00000000000000000000000000000000",
            "B_WIDTH": "00000000000000000000000000011010",
            "Y_WIDTH": "00000000000000000000000000011010"
          },
          "attributes": {
          },
          "port_directions": {
            "A": "input",
            "B": "input",
            "Y": "output"
          },
          "connections": {
            "A": [ 418, 419, 420, 421, 422, 423, 424, 425, 426, 427, 428, 429, 430, 431, 432, 433, 434, 435, 436, 437, 438, 439, 440, 441, 442, 443 ],
            "B": [ 188, 189, 190, 191, 192, 193, 194, 195, 196, 197, 198, 199, 200, 201, 202, 203, 204, 205, 206, 207, 208, 209, 210, 211, 212, 213 ],
            "Y": [ 291, 292, 293, 294, 295, 296, 297, 298, 299, 300, 301, 302, 303, 304, 305, 306, 307, 308, 309, 310, 311, 312, 313, 314, 315, 316 ]
          }
        },
        "$auto$opt_expr.cc:276:group_cell_inputs$202": {
          "hide_name": 1,
          "type": "$or",
          "parameters": {
            "A_SIGNED": "00000000000000000000000000000000",
            "A_WIDTH": "00000000000000000000000000000100",
            "B_SIGNED": "00000000000000000000000000000000",
            "B_WIDTH": "00000000000000000000000000000100",
            "Y_WIDTH": "00000000000000000000000000000100"
          },
          "attributes": {
          },
          "port_directions": {
            "A": "input",
            "B": "input",
            "Y": "output"
          },
          "connections": {
            "A": [ 233, 234, 235, 236 ],
            "B": [ 444, 445, 446, 447 ],
            "Y": [ 8, 9, 10, 11 ]
          }
        },
        "$auto$opt_expr.cc:276:group_cell_inputs$280": {
          "hide_name": 1,
          "type": "$and",
          "parameters": {
            "A_SIGNED": "00000000000000000000000000000000",
            "A_WIDTH": "00000000000000000000000000000110",
            "B_SIGNED": "00000000000000000000000000000000",
            "B_WIDTH": "00000000000000000000000000000110",
            "Y_WIDTH": "00000000000000000000000000000110"
          },
          "attributes": {
          },
          "port_directions": {
            "A": "input",
            "B": "input",
            "Y": "output"
          },
          "connections": {
            "A": [ 359, 360, 361, 362, 363, 364 ],
            "B": [ 102, 103, 104, 105, 106, 107 ],
            "Y": [ 243, 244, 245, 246, 247, 248 ]
          }
        },
        "$auto$opt_expr.cc:276:group_cell_inputs$283": {
          "hide_name": 1,
          "type": "$and",
          "parameters": {
            "A_SIGNED": "00000000000000000000000000000000",
            "A_WIDTH": "00000000000000000000000000000001",
            "B_SIGNED": "00000000000000000000000000000000",
            "B_WIDTH": "00000000000000000000000000000001",
            "Y_WIDTH": "00000000000000000000000000000001"
          },
          "attributes": {
          },
          "port_directions": {
            "A": "input",
            "B": "input",
            "Y": "output"
          },
          "connections": {
            "A": [ 448 ],
            "B": [ 371 ],
            "Y": [ 279 ]
          }
        },
        "$auto$opt_expr.cc:276:group_cell_inputs$286": {
          "hide_name": 1,
          "type": "$xor",
          "parameters": {
            "A_SIGNED": "00000000000000000000000000000000",
            "A_WIDTH": "00000000000000000000000000000100",
            "B_SIGNED": "00000000000000000000000000000000",
            "B_WIDTH": "00000000000000000000000000000100",
            "Y_WIDTH": "00000000000000000000000000000100"
          },
          "attributes": {
          },
          "port_directions": {
            "A": "input",
            "B": "input",
            "Y": "output"
          },
          "connections": {
            "A": [ 380, 381, 382, 383 ],
            "B": [ 40, 41, 42, 43 ],
            "Y": [ 449, 450, 451, 452 ]
          }
        },
        "$auto$opt_expr.cc:276:group_cell_inputs$297": {
          "hide_name": 1,
          "type": "$and",
          "parameters": {
            "A_SIGNED": "00000000000000000000000000000000",
            "A_WIDTH": "00000000000000000000000000000110",
            "B_SIGNED": "00000000000000000000000000000000",
            "B_WIDTH": "00000000000000000000000000000110",
            "Y_WIDTH": "00000000000000000000000000000110"
          },
          "attributes": {
          },
          "port_directions": {
            "A": "input",
            "B": "input",
            "Y": "output"
          },
          "connections": {
            "A": [ 402, 403, 404, 405, 406, 407 ],
            "B": [ 126, 127, 255, 256, 257, 258 ],
            "Y": [ 130, 131, 132, 133, 134, 135 ]
          }
        },
        "$auto$opt_expr.cc:276:group_cell_inputs$322": {
          "hide_name": 1,
          "type": "$or",
          "parameters": {
            "A_SIGNED": "00000000000000000000000000000000",
            "A_WIDTH": "00000000000000000000000000000100",
            "B_SIGNED": "00000000000000000000000000000000",
            "B_WIDTH": "00000000000000000000000000000100",
            "Y_WIDTH": "00000000000000000000000000000100"
          },
          "attributes": {
          },
          "port_directions": {
            "A": "input",
            "B": "input",
            "Y": "output"
          },
          "connections": {
            "A": [ 449, 450, 451, 452 ],
            "B": [ 372, 373, 453, 454 ],
            "Y": [ 455, 456, 457, 458 ]
          }
        },
        "$mul$designs/109/top.sv:25$3": {
          "hide_name": 1,
          "type": "$mul",
          "parameters": {
            "A_SIGNED": "00000000000000000000000000000000",
            "A_WIDTH": "00000000000000000000000000000110",
            "B_SIGNED": "00000000000000000000000000000000",
            "B_WIDTH": "00000000000000000000000000000110",
            "Y_WIDTH": "00000000000000000000000000000110"
          },
          "attributes": {
            "src": "designs/109/top.sv:25.33-25.117"
          },
          "port_directions": {
            "A": "input",
            "B": "input",
            "Y": "output"
          },
          "connections": {
            "A": [ 237, 238, 239, 240, 241, 242 ],
            "B": [ 2, 3, 4, 5, 6, 7 ],
            "Y": [ 459, 460, 461, 462, 463, 464 ]
          }
        },
        "$mul$designs/109/top.sv:29$20": {
          "hide_name": 1,
          "type": "$mul",
          "parameters": {
            "A_SIGNED": "00000000000000000000000000000000",
            "A_WIDTH": "00000000000000000000000000000110",
            "B_SIGNED": "00000000000000000000000000000000",
            "B_WIDTH": "00000000000000000000000000001010",
            "Y_WIDTH": "00000000000000000000000000001010"
          },
          "attributes": {
            "src": "designs/109/top.sv:29.64-29.83"
          },
          "port_directions": {
            "A": "input",
            "B": "input",
            "Y": "output"
          },
          "connections": {
            "A": [ 2, 3, 4, 5, 6, 7 ],
            "B": [ 126, 127, 255, 256, 257, 258, 259, 260, 261, 262 ],
            "Y": [ 365, 366, 367, 368, 369, 370, 98, 99, 100, 101 ]
          }
        },
        "$mul$designs/109/top.sv:29$25": {
          "hide_name": 1,
          "type": "$mul",
          "parameters": {
            "A_SIGNED": "00000000000000000000000000000000",
            "A_WIDTH": "00000000000000000000000000001010",
            "B_SIGNED": "00000000000000000000000000000000",
            "B_WIDTH": "00000000000000000000000000000110",
            "Y_WIDTH": "00000000000000000000000000000110"
          },
          "attributes": {
            "src": "designs/109/top.sv:29.43-29.126"
          },
          "port_directions": {
            "A": "input",
            "B": "input",
            "Y": "output"
          },
          "connections": {
            "A": [ 108, 109, 110, 111, 112, 113, 114, 115, 116, 117 ],
            "B": [ 40, 41, 42, 43, 44, 45 ],
            "Y": [ 448, 280, 281, 282, 283, 284 ]
          }
        },
        "$mul$designs/109/top.sv:30$31": {
          "hide_name": 1,
          "type": "$mul",
          "parameters": {
            "A_SIGNED": "00000000000000000000000000000000",
            "A_WIDTH": "00000000000000000000000000000101",
            "B_SIGNED": "00000000000000000000000000000000",
            "B_WIDTH": "00000000000000000000000000000101",
            "Y_WIDTH": "00000000000000000000000000000101"
          },
          "attributes": {
            "src": "designs/109/top.sv:30.31-30.75"
          },
          "port_directions": {
            "A": "input",
            "B": "input",
            "Y": "output"
          },
          "connections": {
            "A": [ 3, 4, 5, 6, 7 ],
            "B": [ 3, 4, 5, 6, 7 ],
            "Y": [ 465, 466, 467, 468, 469 ]
          }
        },
        "$mul$designs/109/top.sv:31$34": {
          "hide_name": 1,
          "type": "$mul",
          "parameters": {
            "A_SIGNED": "00000000000000000000000000000000",
            "A_WIDTH": "00000000000000000000000000000011",
            "B_SIGNED": "00000000000000000000000000000000",
            "B_WIDTH": "00000000000000000000000000000011",
            "Y_WIDTH": "00000000000000000000000000000100"
          },
          "attributes": {
            "src": "designs/109/top.sv:31.83-31.146"
          },
          "port_directions": {
            "A": "input",
            "B": "input",
            "Y": "output"
          },
          "connections": {
            "A": [ 374, 375, "0" ],
            "B": [ 43, 44, 45 ],
            "Y": [ 376, 377, 378, 379 ]
          }
        },
        "$mul$designs/109/top.sv:31$38": {
          "hide_name": 1,
          "type": "$mul",
          "parameters": {
            "A_SIGNED": "00000000000000000000000000000000",
            "A_WIDTH": "00000000000000000000000000000110",
            "B_SIGNED": "00000000000000000000000000000000",
            "B_WIDTH": "00000000000000000000000000000010",
            "Y_WIDTH": "00000000000000000000000000000010"
          },
          "attributes": {
            "src": "designs/109/top.sv:31.55-31.198"
          },
          "port_directions": {
            "A": "input",
            "B": "input",
            "Y": "output"
          },
          "connections": {
            "A": [ 455, 456, 457, 458, 470, 471 ],
            "B": [ 5, 6 ],
            "Y": [ 472, 473 ]
          }
        },
        "$mul$designs/109/top.sv:34$64": {
          "hide_name": 1,
          "type": "$mul",
          "parameters": {
            "A_SIGNED": "00000000000000000000000000000000",
            "A_WIDTH": "00000000000000000000000000011111",
            "B_SIGNED": "00000000000000000000000000000000",
            "B_WIDTH": "00000000000000000000000000000110",
            "Y_WIDTH": "00000000000000000000000000011111"
          },
          "attributes": {
            "src": "designs/109/top.sv:34.58-34.215"
          },
          "port_directions": {
            "A": "input",
            "B": "input",
            "Y": "output"
          },
          "connections": {
            "A": [ 322, 323, 324, 325, 326, 327, 328, 329, 330, 331, 332, 333, 334, 335, 336, 337, 338, 339, 340, 341, 342, 343, 344, 345, 346, 347, 348, 349, 350, 351, 352 ],
            "B": [ 2, 3, 4, 5, 6, 7 ],
            "Y": [ 474, 475, 476, 477, 478, 479, 480, 481, 482, 483, 484, 485, 486, 487, 488, 489, 490, 491, 492, 493, 494, 495, 496, 497, 498, 499, 500, 501, 502, 503, 504 ]
          }
        },
        "$mul$designs/109/top.sv:34$65": {
          "hide_name": 1,
          "type": "$mul",
          "parameters": {
            "A_SIGNED": "00000000000000000000000000000000",
            "A_WIDTH": "00000000000000000000000000011111",
            "B_SIGNED": "00000000000000000000000000000000",
            "B_WIDTH": "00000000000000000000000000000110",
            "Y_WIDTH": "00000000000000000000000000010011"
          },
          "attributes": {
            "src": "designs/109/top.sv:34.57-34.225"
          },
          "port_directions": {
            "A": "input",
            "B": "input",
            "Y": "output"
          },
          "connections": {
            "A": [ 474, 475, 476, 477, 478, 479, 480, 481, 482, 483, 484, 485, 486, 487, 488, 489, 490, 491, 492, 493, 494, 495, 496, 497, 498, 499, 500, 501, 502, 503, 504 ],
            "B": [ 372, 373, 453, 454, 470, 471 ],
            "Y": [ 214, 215, 216, 217, 218, 219, 220, 221, 222, 223, 224, 225, 226, 227, 228, 229, 230, 231, 232 ]
          }
        },
        "$not$designs/109/top.sv:31$39": {
          "hide_name": 1,
          "type": "$not",
          "parameters": {
            "A_SIGNED": "00000000000000000000000000000000",
            "A_WIDTH": "00000000000000000000000000000010",
            "Y_WIDTH": "00000000000000000000000000000010"
          },
          "attributes": {
            "src": "designs/109/top.sv:31.204-31.211"
          },
          "port_directions": {
            "A": "input",
            "Y": "output"
          },
          "connections": {
            "A": [ 126, 127 ],
            "Y": [ 505, 506 ]
          }
        },
        "$not$designs/109/top.sv:31$42": {
          "hide_name": 1,
          "type": "$not",
          "parameters": {
            "A_SIGNED": "00000000000000000000000000000000",
            "A_WIDTH": "00000000000000000000000000000010",
            "Y_WIDTH": "00000000000000000000000000000010"
          },
          "attributes": {
            "src": "designs/109/top.sv:31.218-31.234"
          },
          "port_directions": {
            "A": "input",
            "Y": "output"
          },
          "connections": {
            "A": [ 4, 5 ],
            "Y": [ 507, 508 ]
          }
        },
        "$not$designs/109/top.sv:31$45": {
          "hide_name": 1,
          "type": "$not",
          "parameters": {
            "A_SIGNED": "00000000000000000000000000000000",
            "A_WIDTH": "00000000000000000000000000000010",
            "Y_WIDTH": "00000000000000000000000000000010"
          },
          "attributes": {
            "src": "designs/109/top.sv:31.240-31.247"
          },
          "port_directions": {
            "A": "input",
            "Y": "output"
          },
          "connections": {
            "A": [ 40, 41 ],
            "Y": [ 120, 121 ]
          }
        },
        "$not$designs/109/top.sv:32$56": {
          "hide_name": 1,
          "type": "$not",
          "parameters": {
            "A_SIGNED": "00000000000000000000000000000000",
            "A_WIDTH": "00000000000000000000000000011010",
            "Y_WIDTH": "00000000000000000000000000011010"
          },
          "attributes": {
            "src": "designs/109/top.sv:32.149-32.156"
          },
          "port_directions": {
            "A": "input",
            "Y": "output"
          },
          "connections": {
            "A": [ 249, 250, 251, 252, 253, 254, 65, 66, 67, 68, 69, 70, 71, 72, 73, 74, 75, 76, 77, 78, 79, 80, 81, 82, 83, 84 ],
            "Y": [ 162, 163, 164, 165, 166, 167, 168, 169, 170, 171, 172, 173, 174, 175, 176, 177, 178, 179, 180, 181, 182, 183, 184, 185, 186, 187 ]
          }
        },
        "$or$designs/109/top.sv:29$30": {
          "hide_name": 1,
          "type": "$or",
          "parameters": {
            "A_SIGNED": "00000000000000000000000000000000",
            "A_WIDTH": "00000000000000000000000000000110",
            "B_SIGNED": "00000000000000000000000000000000",
            "B_WIDTH": "00000000000000000000000000000110",
            "Y_WIDTH": "00000000000000000000000000000110"
          },
          "attributes": {
            "src": "designs/109/top.sv:29.22-29.174"
          },
          "port_directions": {
            "A": "input",
            "B": "input",
            "Y": "output"
          },
          "connections": {
            "A": [ 285, 286, 287, 288, 289, 290 ],
            "B": [ 2, 3, 4, 5, 6, 7 ],
            "Y": [ 372, 373, 453, 454, 470, 471 ]
          }
        },
        "$or$designs/109/top.sv:31$47": {
          "hide_name": 1,
          "type": "$or",
          "parameters": {
            "A_SIGNED": "00000000000000000000000000000000",
            "A_WIDTH": "00000000000000000000000000000010",
            "B_SIGNED": "00000000000000000000000000000000",
            "B_WIDTH": "00000000000000000000000000000010",
            "Y_WIDTH": "00000000000000000000000000000010"
          },
          "attributes": {
            "src": "designs/109/top.sv:31.33-31.267"
          },
          "port_directions": {
            "A": "input",
            "B": "input",
            "Y": "output"
          },
          "connections": {
            "A": [ 122, 123 ],
            "B": [ 2, 3 ],
            "Y": [ 124, 125 ]
          }
        },
        "$sub$designs/109/top.sv:25$5": {
          "hide_name": 1,
          "type": "$sub",
          "parameters": {
            "A_SIGNED": "00000000000000000000000000000000",
            "A_WIDTH": "00000000000000000000000000000110",
            "B_SIGNED": "00000000000000000000000000000000",
            "B_WIDTH": "00000000000000000000000000000110",
            "Y_WIDTH": "00000000000000000000000000000110"
          },
          "attributes": {
            "src": "designs/109/top.sv:25.32-25.134"
          },
          "port_directions": {
            "A": "input",
            "B": "input",
            "Y": "output"
          },
          "connections": {
            "A": [ 459, 460, 461, 462, 463, 464 ],
            "B": [ 102, 103, 104, 105, 106, 107 ],
            "Y": [ 40, 41, 42, 43, 44, 45 ]
          }
        },
        "$sub$designs/109/top.sv:26$7": {
          "hide_name": 1,
          "type": "$sub",
          "parameters": {
            "A_SIGNED": "00000000000000000000000000000000",
            "A_WIDTH": "00000000000000000000000000000110",
            "B_SIGNED": "00000000000000000000000000000000",
            "B_WIDTH": "00000000000000000000000000000110",
            "Y_WIDTH": "00000000000000000000000000000111"
          },
          "attributes": {
            "src": "designs/109/top.sv:26.47-26.96"
          },
          "port_directions": {
            "A": "input",
            "B": "input",
            "Y": "output"
          },
          "connections": {
            "A": [ "0", "0", "0", "0", "0", "0" ],
            "B": [ 2, 3, 4, 5, 6, 7 ],
            "Y": [ 353, 354, 355, 356, 357, 358, 91 ]
          }
        },
        "$sub$designs/109/top.sv:30$32": {
          "hide_name": 1,
          "type": "$sub",
          "parameters": {
            "A_SIGNED": "00000000000000000000000000000000",
            "A_WIDTH": "00000000000000000000000000000101",
            "B_SIGNED": "00000000000000000000000000000000",
            "B_WIDTH": "00000000000000000000000000000101",
            "Y_WIDTH": "00000000000000000000000000000101"
          },
          "attributes": {
            "src": "designs/109/top.sv:30.22-30.95"
          },
          "port_directions": {
            "A": "input",
            "B": "input",
            "Y": "output"
          },
          "connections": {
            "A": [ 465, 466, 467, 468, 469 ],
            "B": [ 3, 4, 5, 6, 7 ],
            "Y": [ 509, 444, 445, 446, 447 ]
          }
        },
        "$sub$designs/109/top.sv:31$40": {
          "hide_name": 1,
          "type": "$sub",
          "parameters": {
            "A_SIGNED": "00000000000000000000000000000000",
            "A_WIDTH": "00000000000000000000000000000010",
            "B_SIGNED": "00000000000000000000000000000000",
            "B_WIDTH": "00000000000000000000000000000010",
            "Y_WIDTH": "00000000000000000000000000000010"
          },
          "attributes": {
            "src": "designs/109/top.sv:31.44-31.212"
          },
          "port_directions": {
            "A": "input",
            "B": "input",
            "Y": "output"
          },
          "connections": {
            "A": [ 472, 473 ],
            "B": [ 505, 506 ],
            "Y": [ 510, 511 ]
          }
        },
        "$sub$designs/109/top.sv:34$61": {
          "hide_name": 1,
          "type": "$sub",
          "parameters": {
            "A_SIGNED": "00000000000000000000000000000000",
            "A_WIDTH": "00000000000000000000000000011111",
            "B_SIGNED": "00000000000000000000000000000000",
            "B_WIDTH": "00000000000000000000000000011010",
            "Y_WIDTH": "00000000000000000000000000011111"
          },
          "attributes": {
            "src": "designs/109/top.sv:34.79-34.179"
          },
          "port_directions": {
            "A": "input",
            "B": "input",
            "Y": "output"
          },
          "connections": {
            "A": [ 416, 417, "0", "0", "0", "0", "0", "0", "0", "0", "0", "0", "0", "0", "0", "0", "0", "0", "0", "0", "0", "0", "0", "0", "0", "0", "0", "0", "0", "0", "0" ],
            "B": [ 249, 250, 251, 252, 253, 254, 65, 66, 67, 68, 69, 70, 71, 72, 73, 74, 75, 76, 77, 78, 79, 80, 81, 82, 83, 84 ],
            "Y": [ 418, 419, 420, 421, 422, 423, 424, 425, 426, 427, 428, 429, 430, 431, 432, 433, 434, 435, 436, 437, 438, 439, 440, 441, 442, 443, 317, 318, 319, 320, 321 ]
          }
        },
        "$xor$designs/109/top.sv:31$43": {
          "hide_name": 1,
          "type": "$xor",
          "parameters": {
            "A_SIGNED": "00000000000000000000000000000000",
            "A_WIDTH": "00000000000000000000000000000010",
            "B_SIGNED": "00000000000000000000000000000000",
            "B_WIDTH": "00000000000000000000000000000010",
            "Y_WIDTH": "00000000000000000000000000000010"
          },
          "attributes": {
            "src": "designs/109/top.sv:31.35-31.235"
          },
          "port_directions": {
            "A": "input",
            "B": "input",
            "Y": "output"
          },
          "connections": {
            "A": [ 510, 511 ],
            "B": [ 507, 508 ],
            "Y": [ 118, 119 ]
          }
        }
      },
      "netnames": {
        "$add$designs/109/top.sv:25$1_Y": {
          "hide_name": 1,
          "bits": [ 27, 28, 29, 30, 31, 32 ],
          "attributes": {
            "src": "designs/109/top.sv:25.53-25.87"
          }
        },
        "$add$designs/109/top.sv:26$10_Y": {
          "hide_name": 1,
          "bits": [ 46, 47, 48, 49, 50, 51, 52 ],
          "attributes": {
            "src": "designs/109/top.sv:26.34-26.131"
          }
        },
        "$add$designs/109/top.sv:26$13_Y": {
          "hide_name": 1,
          "bits": [ 59, 60, 61, 62, 63, 64, 65, 66, 67, 68, 69, 70, 71, 72, 73, 74, 75, 76, 77, 78, 79, 80, 81, 82, 83, 84 ],
          "attributes": {
            "src": "designs/109/top.sv:26.23-26.145"
          }
        },
        "$add$designs/109/top.sv:26$9_Y": {
          "hide_name": 1,
          "bits": [ 33, 34, 35, 36, 37, 38, 39 ],
          "attributes": {
            "src": "designs/109/top.sv:26.45-26.120"
          }
        },
        "$add$designs/109/top.sv:29$24_Y": {
          "hide_name": 1,
          "bits": [ 108, 109, 110, 111, 112, 113, 114, 115, 116, 117 ],
          "attributes": {
            "src": "designs/109/top.sv:29.52-29.115"
          }
        },
        "$add$designs/109/top.sv:31$46_Y": {
          "hide_name": 1,
          "bits": [ 122, 123, 512, 513, 514, 515, 516, 517, 518, 519, 520, 521, 522, 523, 524, 525, 526, 527, 528, 529, 530, 531, 532, 533, 534, 535, 536, 537, 538, 539, 540 ],
          "attributes": {
            "src": "designs/109/top.sv:31.34-31.248",
            "unused_bits": "2 3 4 5 6 7 8 9 10 11 12 13 14 15 16 17 18 19 20 21 22 23 24 25 26 27 28 29 30"
          }
        },
        "$add$designs/109/top.sv:32$54_Y": {
          "hide_name": 1,
          "bits": [ 136, 137, 138, 139, 140, 141, 142, 143, 144, 145, 146, 147, 148, 149, 150, 151, 152, 153, 154, 155, 156, 157, 158, 159, 160, 161, 541, 542, 543, 544, 545 ],
          "attributes": {
            "src": "designs/109/top.sv:32.33-32.144",
            "unused_bits": "26 27 28 29 30"
          }
        },
        "$add$designs/109/top.sv:34$66_Y": {
          "hide_name": 1,
          "bits": [ 233, 234, 235, 236, 12, 13, 14, 15, 16, 17, 18, 19, 20, 21, 22, 23, 24, 25, 26, 546, 547, 548, 549, 550, 551, 552, 553, 554, 555, 556, 557 ],
          "attributes": {
            "src": "designs/109/top.sv:34.46-34.240",
            "unused_bits": "19 20 21 22 23 24 25 26 27 28 29 30"
          }
        },
        "$and$designs/109/top.sv:25$2_Y": {
          "hide_name": 1,
          "bits": [ 237, 238, 239, 240, 241, 242 ],
          "attributes": {
            "src": "designs/109/top.sv:25.44-25.102"
          }
        },
        "$and$designs/109/top.sv:27$18_Y": {
          "hide_name": 1,
          "bits": [ 243, 244, 245, 246, 247, 248, 65, 66, 67, 68, 69, 70, 71, 72, 73, 74, 75, 76, 77, 78, 79, 80, 81, 82, 83, 84 ],
          "attributes": {
            "src": "designs/109/top.sv:27.39-27.96"
          }
        },
        "$and$designs/109/top.sv:29$28_Y": {
          "hide_name": 1,
          "bits": [ 279, 280, 281, 282, 283, 284, 558, 559, 560, 561 ],
          "attributes": {
            "src": "designs/109/top.sv:29.42-29.144",
            "unused_bits": "6 7 8 9"
          }
        },
        "$and$designs/109/top.sv:29$29_Y": {
          "hide_name": 1,
          "bits": [ 285, 286, 287, 288, 289, 290, 562, 563, 564, 565 ],
          "attributes": {
            "src": "designs/109/top.sv:29.31-29.159",
            "unused_bits": "6 7 8 9"
          }
        },
        "$and$designs/109/top.sv:31$33_Y": {
          "hide_name": 1,
          "bits": [ 374, 375, "0" ],
          "attributes": {
            "src": "designs/109/top.sv:31.92-31.130"
          }
        },
        "$and$designs/109/top.sv:32$49_Y": {
          "hide_name": 1,
          "bits": [ 384, 385, 386, 387, 388, 389, "0", "0", "0", "0", "0", "0", "0", "0", "0", "0", "0", "0", "0", "0", "0", "0", "0", "0", "0", "0", 566, 567, 568, 569, 570 ],
          "attributes": {
            "src": "designs/109/top.sv:32.64-32.83",
            "unused_bits": "26 27 28 29 30"
          }
        },
        "$and$designs/109/top.sv:32$50_Y": {
          "hide_name": 1,
          "bits": [ 390, 391, 392, 393, 394, 395, "0", "0", "0", "0", "0", "0", "0", "0", "0", "0", "0", "0", "0", "0", "0", "0", "0", "0", "0", "0", 571, 572, 573, 574, 575 ],
          "attributes": {
            "src": "designs/109/top.sv:32.53-32.94",
            "unused_bits": "26 27 28 29 30"
          }
        },
        "$and$designs/109/top.sv:32$51_Y": {
          "hide_name": 1,
          "bits": [ 396, 397, 398, 399, 400, 401, "0", "0", "0", "0", "0", "0", "0", "0", "0", "0", "0", "0", "0", "0", "0", "0", "0", "0", "0", "0", 576, 577, 578, 579, 580 ],
          "attributes": {
            "src": "designs/109/top.sv:32.44-32.109",
            "unused_bits": "26 27 28 29 30"
          }
        },
        "$and$designs/109/top.sv:32$53_Y": {
          "hide_name": 1,
          "bits": [ 130, 131, 132, 133, 134, 135, "0", "0", "0", "0", "0", "0", "0", "0", "0", "0", "0", "0", "0", "0", "0", "0", "0", "0", "0", "0", 581, 582, 583, 584, 585 ],
          "attributes": {
            "src": "designs/109/top.sv:32.34-32.134",
            "unused_bits": "26 27 28 29 30"
          }
        },
        "$and$designs/109/top.sv:34$59_Y": {
          "hide_name": 1,
          "bits": [ 414, 415, "0", "0", "0", "0", "0", "0", "0", "0", "0", "0", "0", "0", "0", "0", "0", "0", "0", "0", "0", "0", "0", "0", "0", "0", "0", "0", "0", "0", "0" ],
          "attributes": {
            "src": "designs/109/top.sv:34.101-34.152"
          }
        },
        "$and$designs/109/top.sv:34$60_Y": {
          "hide_name": 1,
          "bits": [ 416, 417, "0", "0", "0", "0", "0", "0", "0", "0", "0", "0", "0", "0", "0", "0", "0", "0", "0", "0", "0", "0", "0", "0", "0", "0", "0", "0", "0", "0", "0" ],
          "attributes": {
            "src": "designs/109/top.sv:34.90-34.168"
          }
        },
        "$and$designs/109/top.sv:34$63_Y": {
          "hide_name": 1,
          "bits": [ 322, 323, 324, 325, 326, 327, 328, 329, 330, 331, 332, 333, 334, 335, 336, 337, 338, 339, 340, 341, 342, 343, 344, 345, 346, 347, 348, 349, 350, 351, 352 ],
          "attributes": {
            "src": "designs/109/top.sv:34.67-34.200"
          }
        },
        "$auto$opt_expr.cc:205:group_cell_inputs$133": {
          "hide_name": 1,
          "bits": [ 85, 86, 87, 88, 89, 90 ],
          "attributes": {
          }
        },
        "$auto$opt_expr.cc:205:group_cell_inputs$135": {
          "hide_name": 1,
          "bits": [ 91 ],
          "attributes": {
          }
        },
        "$auto$opt_expr.cc:205:group_cell_inputs$136": {
          "hide_name": 1,
          "bits": [ 53, 54, 55, 56, 57, 58 ],
          "attributes": {
          }
        },
        "$auto$opt_expr.cc:205:group_cell_inputs$143": {
          "hide_name": 1,
          "bits": [ 359, 360, 361, 362, 363, 364 ],
          "attributes": {
          }
        },
        "$auto$opt_expr.cc:205:group_cell_inputs$146": {
          "hide_name": 1,
          "bits": [ 102, 103, 104, 105, 106, 107 ],
          "attributes": {
          }
        },
        "$auto$opt_expr.cc:205:group_cell_inputs$150": {
          "hide_name": 1,
          "bits": [ 92, 93, 94, 95, 96, 97 ],
          "attributes": {
          }
        },
        "$auto$opt_expr.cc:205:group_cell_inputs$152": {
          "hide_name": 1,
          "bits": [ 98, 99, 100, 101 ],
          "attributes": {
          }
        },
        "$auto$opt_expr.cc:205:group_cell_inputs$157": {
          "hide_name": 1,
          "bits": [ 371 ],
          "attributes": {
          }
        },
        "$auto$opt_expr.cc:205:group_cell_inputs$165": {
          "hide_name": 1,
          "bits": [ 380, 381, 382, 383 ],
          "attributes": {
          }
        },
        "$auto$opt_expr.cc:205:group_cell_inputs$180": {
          "hide_name": 1,
          "bits": [ 402, 403, 404, 405, 406, 407 ],
          "attributes": {
          }
        },
        "$auto$opt_expr.cc:205:group_cell_inputs$187": {
          "hide_name": 1,
          "bits": [ 408, 409, 410, 411, 412, 413 ],
          "attributes": {
            "unused_bits": "2 3 4 5"
          }
        },
        "$auto$opt_expr.cc:205:group_cell_inputs$198": {
          "hide_name": 1,
          "bits": [ 291, 292, 293, 294, 295, 296, 297, 298, 299, 300, 301, 302, 303, 304, 305, 306, 307, 308, 309, 310, 311, 312, 313, 314, 315, 316 ],
          "attributes": {
          }
        },
        "$auto$opt_expr.cc:205:group_cell_inputs$200": {
          "hide_name": 1,
          "bits": [ 317, 318, 319, 320, 321 ],
          "attributes": {
          }
        },
        "$auto$opt_expr.cc:205:group_cell_inputs$285": {
          "hide_name": 1,
          "bits": [ 449, 450, 451, 452 ],
          "attributes": {
          }
        },
        "$auto$opt_expr.cc:205:group_cell_inputs$321": {
          "hide_name": 1,
          "bits": [ 455, 456, 457, 458 ],
          "attributes": {
          }
        },
        "$mul$designs/109/top.sv:25$3_Y": {
          "hide_name": 1,
          "bits": [ 459, 460, 461, 462, 463, 464 ],
          "attributes": {
            "src": "designs/109/top.sv:25.33-25.117"
          }
        },
        "$mul$designs/109/top.sv:29$20_Y": {
          "hide_name": 1,
          "bits": [ 365, 366, 367, 368, 369, 370, 98, 99, 100, 101 ],
          "attributes": {
            "src": "designs/109/top.sv:29.64-29.83"
          }
        },
        "$mul$designs/109/top.sv:29$25_Y": {
          "hide_name": 1,
          "bits": [ 448, 280, 281, 282, 283, 284, 586, 587, 588, 589 ],
          "attributes": {
            "src": "designs/109/top.sv:29.43-29.126",
            "unused_bits": "6 7 8 9"
          }
        },
        "$mul$designs/109/top.sv:30$31_Y": {
          "hide_name": 1,
          "bits": [ 465, 466, 467, 468, 469 ],
          "attributes": {
            "src": "designs/109/top.sv:30.31-30.75"
          }
        },
        "$mul$designs/109/top.sv:31$34_Y": {
          "hide_name": 1,
          "bits": [ 376, 377, 378, 379 ],
          "attributes": {
            "src": "designs/109/top.sv:31.83-31.146"
          }
        },
        "$mul$designs/109/top.sv:31$38_Y": {
          "hide_name": 1,
          "bits": [ 472, 473, 590, 591, 592, 593, 594 ],
          "attributes": {
            "src": "designs/109/top.sv:31.55-31.198",
            "unused_bits": "2 3 4 5 6"
          }
        },
        "$mul$designs/109/top.sv:34$64_Y": {
          "hide_name": 1,
          "bits": [ 474, 475, 476, 477, 478, 479, 480, 481, 482, 483, 484, 485, 486, 487, 488, 489, 490, 491, 492, 493, 494, 495, 496, 497, 498, 499, 500, 501, 502, 503, 504 ],
          "attributes": {
            "src": "designs/109/top.sv:34.58-34.215"
          }
        },
        "$mul$designs/109/top.sv:34$65_Y": {
          "hide_name": 1,
          "bits": [ 214, 215, 216, 217, 218, 219, 220, 221, 222, 223, 224, 225, 226, 227, 228, 229, 230, 231, 232, 595, 596, 597, 598, 599, 600, 601, 602, 603, 604, 605, 606 ],
          "attributes": {
            "src": "designs/109/top.sv:34.57-34.225",
            "unused_bits": "19 20 21 22 23 24 25 26 27 28 29 30"
          }
        },
        "$not$designs/109/top.sv:31$39_Y": {
          "hide_name": 1,
          "bits": [ 505, 506, 607, 608, 609, 610, 611, 612, 613, 614, 615, 616, 617, 618, 619, 620, 621, 622, 623, 624, 625, 626, 627, 628, 629, 630, 631, 632, 633, 634, 635 ],
          "attributes": {
            "src": "designs/109/top.sv:31.204-31.211",
            "unused_bits": "2 3 4 5 6 7 8 9 10 11 12 13 14 15 16 17 18 19 20 21 22 23 24 25 26 27 28 29 30"
          }
        },
        "$not$designs/109/top.sv:31$42_Y": {
          "hide_name": 1,
          "bits": [ 507, 508, 636, 637, 638, 639, 640, 641, 642, 643, 644, 645, 646, 647, 648, 649, 650, 651, 652, 653, 654, 655, 656, 657, 658, 659, 660, 661, 662, 663, 664 ],
          "attributes": {
            "src": "designs/109/top.sv:31.218-31.234",
            "unused_bits": "2 3 4 5 6 7 8 9 10 11 12 13 14 15 16 17 18 19 20 21 22 23 24 25 26 27 28 29 30"
          }
        },
        "$not$designs/109/top.sv:31$45_Y": {
          "hide_name": 1,
          "bits": [ 120, 121, 665, 666, 667, 668, 669, 670, 671, 672, 673, 674, 675, 676, 677, 678, 679, 680, 681, 682, 683, 684, 685, 686, 687, 688, 689, 690, 691, 692, 693 ],
          "attributes": {
            "src": "designs/109/top.sv:31.240-31.247",
            "unused_bits": "2 3 4 5 6 7 8 9 10 11 12 13 14 15 16 17 18 19 20 21 22 23 24 25 26 27 28 29 30"
          }
        },
        "$not$designs/109/top.sv:32$56_Y": {
          "hide_name": 1,
          "bits": [ 162, 163, 164, 165, 166, 167, 168, 169, 170, 171, 172, 173, 174, 175, 176, 177, 178, 179, 180, 181, 182, 183, 184, 185, 186, 187, 694, 695, 696, 697, 698 ],
          "attributes": {
            "src": "designs/109/top.sv:32.149-32.156",
            "unused_bits": "26 27 28 29 30"
          }
        },
        "$or$designs/109/top.sv:31$47_Y": {
          "hide_name": 1,
          "bits": [ 124, 125, 699, 700, 701, 702, 703, 704, 705, 706, 707, 708, 709, 710, 711, 712, 713, 714, 715, 716, 717, 718, 719, 720, 721, 722, 723, 724, 725, 726, 727 ],
          "attributes": {
            "src": "designs/109/top.sv:31.33-31.267",
            "unused_bits": "2 3 4 5 6 7 8 9 10 11 12 13 14 15 16 17 18 19 20 21 22 23 24 25 26 27 28 29 30"
          }
        },
        "$sub$designs/109/top.sv:26$7_Y": {
          "hide_name": 1,
          "bits": [ 353, 354, 355, 356, 357, 358, 91 ],
          "attributes": {
            "src": "designs/109/top.sv:26.47-26.96"
          }
        },
        "$sub$designs/109/top.sv:31$40_Y": {
          "hide_name": 1,
          "bits": [ 510, 511, 728, 729, 730, 731, 732, 733, 734, 735, 736, 737, 738, 739, 740, 741, 742, 743, 744, 745, 746, 747, 748, 749, 750, 751, 752, 753, 754, 755, 756 ],
          "attributes": {
            "src": "designs/109/top.sv:31.44-31.212",
            "unused_bits": "2 3 4 5 6 7 8 9 10 11 12 13 14 15 16 17 18 19 20 21 22 23 24 25 26 27 28 29 30"
          }
        },
        "$sub$designs/109/top.sv:34$61_Y": {
          "hide_name": 1,
          "bits": [ 418, 419, 420, 421, 422, 423, 424, 425, 426, 427, 428, 429, 430, 431, 432, 433, 434, 435, 436, 437, 438, 439, 440, 441, 442, 443, 317, 318, 319, 320, 321 ],
          "attributes": {
            "src": "designs/109/top.sv:34.79-34.179"
          }
        },
        "$xor$designs/109/top.sv:31$43_Y": {
          "hide_name": 1,
          "bits": [ 118, 119, 757, 758, 759, 760, 761, 762, 763, 764, 765, 766, 767, 768, 769, 770, 771, 772, 773, 774, 775, 776, 777, 778, 779, 780, 781, 782, 783, 784, 785 ],
          "attributes": {
            "src": "designs/109/top.sv:31.35-31.235",
            "unused_bits": "2 3 4 5 6 7 8 9 10 11 12 13 14 15 16 17 18 19 20 21 22 23 24 25 26 27 28 29 30"
          }
        },
        "input_data": {
          "hide_name": 0,
          "bits": [ 2, 3, 4, 5, 6, 7 ],
          "attributes": {
            "src": "designs/109/top.sv:2.17-2.27"
          }
        },
        "output_data": {
          "hide_name": 0,
          "bits": [ 8, 9, 10, 11, 12, 13, 14, 15, 16, 17, 18, 19, 20, 21, 22, 23, 24, 25, 26, "0" ],
          "attributes": {
            "src": "designs/109/top.sv:3.19-3.30"
          }
        },
        "temp_0": {
          "hide_name": 0,
          "bits": [ 40, 41, 42, 43, 44, 45, "0" ],
          "attributes": {
            "src": "designs/109/top.sv:6.17-6.23"
          }
        },
        "temp_1": {
          "hide_name": 0,
          "bits": [ 249, 250, 251, 252, 253, 254, 65, 66, 67, 68, 69, 70, 71, 72, 73, 74, 75, 76, 77, 78, 79, 80, 81, 82, 83, 84 ],
          "attributes": {
            "src": "designs/109/top.sv:7.18-7.24"
          }
        },
        "temp_2": {
          "hide_name": 0,
          "bits": [ 126, 127, 255, 256, 257, 258, 259, 260, 261, 262, 263, 264, 265, 266, 267, 268, 269, 270, 271, 272, 273, 274, 275, 276, 277, 278, 278, 278, 278, 278, 278 ],
          "attributes": {
            "src": "designs/109/top.sv:8.18-8.24"
          }
        },
        "temp_4": {
          "hide_name": 0,
          "bits": [ 372, 373, 453, 454, 470, 471 ],
          "attributes": {
            "src": "designs/109/top.sv:10.17-10.23"
          }
        },
        "temp_5": {
          "hide_name": 0,
          "bits": [ 509, 444, 445, 446, 447 ],
          "attributes": {
            "src": "designs/109/top.sv:11.17-11.23",
            "unused_bits": "0 "
          }
        },
        "temp_6": {
          "hide_name": 0,
          "bits": [ 128, 129 ],
          "attributes": {
            "src": "designs/109/top.sv:12.17-12.23"
          }
        },
        "temp_7": {
          "hide_name": 0,
          "bits": [ 188, 189, 190, 191, 192, 193, 194, 195, 196, 197, 198, 199, 200, 201, 202, 203, 204, 205, 206, 207, 208, 209, 210, 211, 212, 213 ],
          "attributes": {
            "src": "designs/109/top.sv:13.18-13.24"
          }
        }
      }
    }
  }
}
