{
  "creator": "Yosys 0.60 (git sha1 5bafeb77dc71e054fa331ab9efa613e6fb0a1c49, clang++ 17.0.0 -fPIC -O3)",
  "modules": {
    "top": {
      "attributes": {
        "top": "00000000000000000000000000000001",
        "src": "designs/3/top.sv:1.1-30.10"
      },
      "ports": {
        "input_data": {
          "direction": "input",
          "bits": [ 2, 3, 4, 5, 6, 7 ]
        },
        "output_data": {
          "direction": "output",
          "bits": [ 8, 9, 10, 11, 12, 13, "0", "0", "0", "0", "0", "0", "0", "0", "0", "0", "0", "0", "0", "0" ]
        }
      },
      "cells": {
        "$add$designs/3/top.sv:16$10": {
          "hide_name": 1,
          "type": "$add",
          "parameters": {
            "A_SIGNED": "00000000000000000000000000000000",
            "A_WIDTH": "00000000000000000000000000000110",
            "B_SIGNED": "00000000000000000000000000000000",
            "B_WIDTH": "00000000000000000000000000000110",
            "Y_WIDTH": "00000000000000000000000000000111"
          },
          "attributes": {
            "src": "designs/3/top.sv:16.23-16.195"
          },
          "port_directions": {
            "A": "input",
            "B": "input",
            "Y": "output"
          },
          "connections": {
            "A": [ 14, 15, 16, 17, 18, 19 ],
            "B": [ 2, 3, 4, 5, 6, 7 ],
            "Y": [ 20, 21, 22, 23, 24, 25, 26 ]
          }
        },
        "$add$designs/3/top.sv:16$11": {
          "hide_name": 1,
          "type": "$add",
          "parameters": {
            "A_SIGNED": "00000000000000000000000000000000",
            "A_WIDTH": "00000000000000000000000000000111",
            "B_SIGNED": "00000000000000000000000000000000",
            "B_WIDTH": "00000000000000000000000000000110",
            "Y_WIDTH": "00000000000000000000000000001000"
          },
          "attributes": {
            "src": "designs/3/top.sv:16.22-16.209"
          },
          "port_directions": {
            "A": "input",
            "B": "input",
            "Y": "output"
          },
          "connections": {
            "A": [ 20, 21, 22, 23, 24, 25, 26 ],
            "B": [ 2, 3, 4, 5, 6, 7 ],
            "Y": [ 27, 28, 29, 30, 31, 32, 33, 34 ]
          }
        },
        "$add$designs/3/top.sv:16$5": {
          "hide_name": 1,
          "type": "$add",
          "parameters": {
            "A_SIGNED": "00000000000000000000000000000000",
            "A_WIDTH": "00000000000000000000000000000110",
            "B_SIGNED": "00000000000000000000000000000000",
            "B_WIDTH": "00000000000000000000000000000110",
            "Y_WIDTH": "00000000000000000000000000000110"
          },
          "attributes": {
            "src": "designs/3/top.sv:16.45-16.134"
          },
          "port_directions": {
            "A": "input",
            "B": "input",
            "Y": "output"
          },
          "connections": {
            "A": [ 35, 36, 37, 38, 39, 40 ],
            "B": [ 41, 42, 43, 44, 45, 46 ],
            "Y": [ 47, 48, 49, 50, 51, 52 ]
          }
        },
        "$add$designs/3/top.sv:16$8": {
          "hide_name": 1,
          "type": "$add",
          "parameters": {
            "A_SIGNED": "00000000000000000000000000000000",
            "A_WIDTH": "00000000000000000000000000000110",
            "B_SIGNED": "00000000000000000000000000000000",
            "B_WIDTH": "00000000000000000000000000000110",
            "Y_WIDTH": "00000000000000000000000000000110"
          },
          "attributes": {
            "src": "designs/3/top.sv:16.35-16.166"
          },
          "port_directions": {
            "A": "input",
            "B": "input",
            "Y": "output"
          },
          "connections": {
            "A": [ 53, 54, 55, 56, 57, 58 ],
            "B": [ 41, 42, 43, 44, 45, 46 ],
            "Y": [ 59, 60, 61, 62, 63, 64 ]
          }
        },
        "$add$designs/3/top.sv:17$18": {
          "hide_name": 1,
          "type": "$add",
          "parameters": {
            "A_SIGNED": "00000000000000000000000000000000",
            "A_WIDTH": "00000000000000000000000000010010",
            "B_SIGNED": "00000000000000000000000000000000",
            "B_WIDTH": "00000000000000000000000000001000",
            "Y_WIDTH": "00000000000000000000000000010010"
          },
          "attributes": {
            "src": "designs/3/top.sv:17.70-17.190"
          },
          "port_directions": {
            "A": "input",
            "B": "input",
            "Y": "output"
          },
          "connections": {
            "A": [ 65, 66, 67, 68, 69, 70, "0", "0", "0", "0", "0", "0", "0", "0", "0", "0", "0", "0" ],
            "B": [ 27, 28, 29, 30, 31, 32, 33, 34 ],
            "Y": [ 71, 72, 73, 74, 75, 76, 77, 78, 79, 80, 81, 82, 83, 84, 85, 86, 87, 88 ]
          }
        },
        "$add$designs/3/top.sv:21$33": {
          "hide_name": 1,
          "type": "$add",
          "parameters": {
            "A_SIGNED": "00000000000000000000000000000000",
            "A_WIDTH": "00000000000000000000000000010010",
            "B_SIGNED": "00000000000000000000000000000000",
            "B_WIDTH": "00000000000000000000000000000001",
            "Y_WIDTH": "00000000000000000000000000010011"
          },
          "attributes": {
            "src": "designs/3/top.sv:21.49-21.82"
          },
          "port_directions": {
            "A": "input",
            "B": "input",
            "Y": "output"
          },
          "connections": {
            "A": [ 89, 90, 91, 92, 93, 94, 95, 96, "0", "0", "0", "0", "0", "0", "0", "0", "0", "0" ],
            "B": [ 4 ],
            "Y": [ 97, 98, 99, 100, 101, 102, 103, 104, 105, 106, 107, 108, 109, 110, 111, 112, 113, 114, 115 ]
          }
        },
        "$auto$opt_expr.cc:276:group_cell_inputs$114": {
          "hide_name": 1,
          "type": "$xor",
          "parameters": {
            "A_SIGNED": "00000000000000000000000000000000",
            "A_WIDTH": "00000000000000000000000000000001",
            "B_SIGNED": "00000000000000000000000000000000",
            "B_WIDTH": "00000000000000000000000000000001",
            "Y_WIDTH": "00000000000000000000000000000001"
          },
          "attributes": {
          },
          "port_directions": {
            "A": "input",
            "B": "input",
            "Y": "output"
          },
          "connections": {
            "A": [ 116 ],
            "B": [ 117 ],
            "Y": [ 118 ]
          }
        },
        "$auto$opt_expr.cc:276:group_cell_inputs$117": {
          "hide_name": 1,
          "type": "$or",
          "parameters": {
            "A_SIGNED": "00000000000000000000000000000000",
            "A_WIDTH": "00000000000000000000000000001001",
            "B_SIGNED": "00000000000000000000000000000000",
            "B_WIDTH": "00000000000000000000000000001001",
            "Y_WIDTH": "00000000000000000000000000001001"
          },
          "attributes": {
          },
          "port_directions": {
            "A": "input",
            "B": "input",
            "Y": "output"
          },
          "connections": {
            "A": [ 118, 119, 120, 121, 122, 123, 124, 125, 126 ],
            "B": [ 127, 128, 129, 130, 131, 132, 133, 134, 135 ],
            "Y": [ 136, 137, 138, 139, 140, 141, 142, 143, 144 ]
          }
        },
        "$auto$opt_expr.cc:276:group_cell_inputs$120": {
          "hide_name": 1,
          "type": "$and",
          "parameters": {
            "A_SIGNED": "00000000000000000000000000000000",
            "A_WIDTH": "00000000000000000000000000000110",
            "B_SIGNED": "00000000000000000000000000000000",
            "B_WIDTH": "00000000000000000000000000000110",
            "Y_WIDTH": "00000000000000000000000000000110"
          },
          "attributes": {
          },
          "port_directions": {
            "A": "input",
            "B": "input",
            "Y": "output"
          },
          "connections": {
            "A": [ 136, 137, 138, 139, 140, 141 ],
            "B": [ 27, 28, 29, 30, 31, 32 ],
            "Y": [ 8, 9, 10, 11, 12, 13 ]
          }
        },
        "$auto$opt_expr.cc:276:group_cell_inputs$124": {
          "hide_name": 1,
          "type": "$and",
          "parameters": {
            "A_SIGNED": "00000000000000000000000000000000",
            "A_WIDTH": "00000000000000000000000000001000",
            "B_SIGNED": "00000000000000000000000000000000",
            "B_WIDTH": "00000000000000000000000000001000",
            "Y_WIDTH": "00000000000000000000000000001000"
          },
          "attributes": {
          },
          "port_directions": {
            "A": "input",
            "B": "input",
            "Y": "output"
          },
          "connections": {
            "A": [ 145, 146, 147, 148, 149, 150, 95, 96 ],
            "B": [ 151, 152, 153, 154, 155, 156, 157, 158 ],
            "Y": [ 159, 160, 161, 162, 163, 164, 165, 166 ]
          }
        },
        "$auto$opt_expr.cc:276:group_cell_inputs$66": {
          "hide_name": 1,
          "type": "$not",
          "parameters": {
            "A_SIGNED": "00000000000000000000000000000000",
            "A_WIDTH": "00000000000000000000000000001000",
            "Y_WIDTH": "00000000000000000000000000001000"
          },
          "attributes": {
          },
          "port_directions": {
            "A": "input",
            "Y": "output"
          },
          "connections": {
            "A": [ 27, 28, 29, 30, 31, 32, 33, 34 ],
            "Y": [ 151, 152, 153, 154, 155, 156, 157, 158 ]
          }
        },
        "$auto$opt_expr.cc:276:group_cell_inputs$70": {
          "hide_name": 1,
          "type": "$and",
          "parameters": {
            "A_SIGNED": "00000000000000000000000000000000",
            "A_WIDTH": "00000000000000000000000000000110",
            "B_SIGNED": "00000000000000000000000000000000",
            "B_WIDTH": "00000000000000000000000000000110",
            "Y_WIDTH": "00000000000000000000000000000110"
          },
          "attributes": {
          },
          "port_directions": {
            "A": "input",
            "B": "input",
            "Y": "output"
          },
          "connections": {
            "A": [ 167, 168, 169, 170, 171, 172 ],
            "B": [ 2, 3, 4, 5, 6, 7 ],
            "Y": [ 65, 66, 67, 68, 69, 70 ]
          }
        },
        "$auto$opt_expr.cc:276:group_cell_inputs$74": {
          "hide_name": 1,
          "type": "$or",
          "parameters": {
            "A_SIGNED": "00000000000000000000000000000000",
            "A_WIDTH": "00000000000000000000000000001000",
            "B_SIGNED": "00000000000000000000000000000000",
            "B_WIDTH": "00000000000000000000000000001000",
            "Y_WIDTH": "00000000000000000000000000001000"
          },
          "attributes": {
          },
          "port_directions": {
            "A": "input",
            "B": "input",
            "Y": "output"
          },
          "connections": {
            "A": [ 71, 72, 73, 74, 75, 76, 77, 78 ],
            "B": [ 27, 28, 29, 30, 31, 32, 33, 34 ],
            "Y": [ 173, 174, 175, 176, 177, 178, 179, 180 ]
          }
        },
        "$auto$opt_expr.cc:276:group_cell_inputs$77": {
          "hide_name": 1,
          "type": "$and",
          "parameters": {
            "A_SIGNED": "00000000000000000000000000000000",
            "A_WIDTH": "00000000000000000000000000001000",
            "B_SIGNED": "00000000000000000000000000000000",
            "B_WIDTH": "00000000000000000000000000001000",
            "Y_WIDTH": "00000000000000000000000000001000"
          },
          "attributes": {
          },
          "port_directions": {
            "A": "input",
            "B": "input",
            "Y": "output"
          },
          "connections": {
            "A": [ 181, 182, 183, 184, 185, 186, 187, 188 ],
            "B": [ 27, 28, 29, 30, 31, 32, 33, 34 ],
            "Y": [ 189, 190, 191, 192, 193, 194, 195, 196 ]
          }
        },
        "$auto$opt_expr.cc:276:group_cell_inputs$81": {
          "hide_name": 1,
          "type": "$xor",
          "parameters": {
            "A_SIGNED": "00000000000000000000000000000000",
            "A_WIDTH": "00000000000000000000000000000110",
            "B_SIGNED": "00000000000000000000000000000000",
            "B_WIDTH": "00000000000000000000000000000110",
            "Y_WIDTH": "00000000000000000000000000000110"
          },
          "attributes": {
          },
          "port_directions": {
            "A": "input",
            "B": "input",
            "Y": "output"
          },
          "connections": {
            "A": [ 27, 28, 29, 30, 31, 32 ],
            "B": [ 2, 3, 4, 5, 6, 7 ],
            "Y": [ 197, 198, 199, 200, 201, 202 ]
          }
        },
        "$auto$opt_expr.cc:276:group_cell_inputs$84": {
          "hide_name": 1,
          "type": "$or",
          "parameters": {
            "A_SIGNED": "00000000000000000000000000000000",
            "A_WIDTH": "00000000000000000000000000000110",
            "B_SIGNED": "00000000000000000000000000000000",
            "B_WIDTH": "00000000000000000000000000000110",
            "Y_WIDTH": "00000000000000000000000000000110"
          },
          "attributes": {
          },
          "port_directions": {
            "A": "input",
            "B": "input",
            "Y": "output"
          },
          "connections": {
            "A": [ 89, 90, 91, 92, 93, 94 ],
            "B": [ 2, 3, 4, 5, 6, 7 ],
            "Y": [ 145, 146, 147, 148, 149, 150 ]
          }
        },
        "$auto$opt_expr.cc:276:group_cell_inputs$98": {
          "hide_name": 1,
          "type": "$and",
          "parameters": {
            "A_SIGNED": "00000000000000000000000000000000",
            "A_WIDTH": "00000000000000000000000000001000",
            "B_SIGNED": "00000000000000000000000000000000",
            "B_WIDTH": "00000000000000000000000000001000",
            "Y_WIDTH": "00000000000000000000000000001000"
          },
          "attributes": {
          },
          "port_directions": {
            "A": "input",
            "B": "input",
            "Y": "output"
          },
          "connections": {
            "A": [ 203, 204, 205, 206, 207, 208, 209, 210 ],
            "B": [ 27, 28, 29, 30, 31, 32, 33, 34 ],
            "Y": [ 211, 212, 213, 214, 215, 216, 217, 218 ]
          }
        },
        "$mul$designs/3/top.sv:16$3": {
          "hide_name": 1,
          "type": "$mul",
          "parameters": {
            "A_SIGNED": "00000000000000000000000000000000",
            "A_WIDTH": "00000000000000000000000000000110",
            "B_SIGNED": "00000000000000000000000000000000",
            "B_WIDTH": "00000000000000000000000000000110",
            "Y_WIDTH": "00000000000000000000000000000110"
          },
          "attributes": {
            "src": "designs/3/top.sv:16.54-16.116"
          },
          "port_directions": {
            "A": "input",
            "B": "input",
            "Y": "output"
          },
          "connections": {
            "A": [ 2, 3, 4, 5, 6, 7 ],
            "B": [ 2, 3, 4, 5, 6, 7 ],
            "Y": [ 35, 36, 37, 38, 39, 40 ]
          }
        },
        "$mul$designs/3/top.sv:17$16": {
          "hide_name": 1,
          "type": "$mul",
          "parameters": {
            "A_SIGNED": "00000000000000000000000000000001",
            "A_WIDTH": "00000000000000000000000000001001",
            "B_SIGNED": "00000000000000000000000000000001",
            "B_WIDTH": "00000000000000000000000000011000",
            "Y_WIDTH": "00000000000000000000000000010010"
          },
          "attributes": {
            "src": "designs/3/top.sv:17.82-17.165"
          },
          "port_directions": {
            "A": "input",
            "B": "input",
            "Y": "output"
          },
          "connections": {
            "A": [ 219, 220, 221, 222, 223, 224, 225, 226, 227 ],
            "B": [ 151, 152, 153, 154, 155, 156, 157, 158, "1", "1", "1", "1", "1", "1", "1", "1", "1", "1", "1", "1", "1", "1", "1", "1" ],
            "Y": [ 167, 168, 169, 170, 171, 172, 228, 229, 230, 231, 232, 233, 234, 235, 236, 237, 238, 239 ]
          }
        },
        "$mul$designs/3/top.sv:21$36": {
          "hide_name": 1,
          "type": "$mul",
          "parameters": {
            "A_SIGNED": "00000000000000000000000000000000",
            "A_WIDTH": "00000000000000000000000000011000",
            "B_SIGNED": "00000000000000000000000000000000",
            "B_WIDTH": "00000000000000000000000000010010",
            "Y_WIDTH": "00000000000000000000000000011100"
          },
          "attributes": {
            "src": "designs/3/top.sv:21.28-21.114"
          },
          "port_directions": {
            "A": "input",
            "B": "input",
            "Y": "output"
          },
          "connections": {
            "A": [ 211, 212, 213, 214, 215, 216, 217, 218, "0", "0", "0", "0", "0", "0", "0", "0", "0", "0", "0", "0", "0", "0", "0", "0" ],
            "B": [ 89, 90, 91, 92, 93, 94, 95, 96, "0", "0", "0", "0", "0", "0", "0", "0", "0", "0" ],
            "Y": [ 240, 241, 242, 243, 244, 245, 246, 247, 248, 249, 250, 251, 252, 253, 254, 255, 256, 257, 258, 259, 260, 261, 262, 263, 264, 265, 266, 267 ]
          }
        },
        "$mul$designs/3/top.sv:21$37": {
          "hide_name": 1,
          "type": "$mul",
          "parameters": {
            "A_SIGNED": "00000000000000000000000000000000",
            "A_WIDTH": "00000000000000000000000000011100",
            "B_SIGNED": "00000000000000000000000000000000",
            "B_WIDTH": "00000000000000000000000000000001",
            "Y_WIDTH": "00000000000000000000000000000001"
          },
          "attributes": {
            "src": "designs/3/top.sv:21.27-21.133"
          },
          "port_directions": {
            "A": "input",
            "B": "input",
            "Y": "output"
          },
          "connections": {
            "A": [ 240, 241, 242, 243, 244, 245, 246, 247, 248, 249, 250, 251, 252, 253, 254, 255, 256, 257, 258, 259, 260, 261, 262, 263, 264, 265, 266, 267 ],
            "B": [ 2 ],
            "Y": [ 117 ]
          }
        },
        "$not$designs/3/top.sv:16$7": {
          "hide_name": 1,
          "type": "$not",
          "parameters": {
            "A_SIGNED": "00000000000000000000000000000000",
            "A_WIDTH": "00000000000000000000000000000110",
            "Y_WIDTH": "00000000000000000000000000000110"
          },
          "attributes": {
            "src": "designs/3/top.sv:16.154-16.165"
          },
          "port_directions": {
            "A": "input",
            "Y": "output"
          },
          "connections": {
            "A": [ 2, 3, 4, 5, 6, 7 ],
            "Y": [ 41, 42, 43, 44, 45, 46 ]
          }
        },
        "$or$designs/3/top.sv:16$9": {
          "hide_name": 1,
          "type": "$or",
          "parameters": {
            "A_SIGNED": "00000000000000000000000000000000",
            "A_WIDTH": "00000000000000000000000000000110",
            "B_SIGNED": "00000000000000000000000000000000",
            "B_WIDTH": "00000000000000000000000000000110",
            "Y_WIDTH": "00000000000000000000000000000110"
          },
          "attributes": {
            "src": "designs/3/top.sv:16.24-16.181"
          },
          "port_directions": {
            "A": "input",
            "B": "input",
            "Y": "output"
          },
          "connections": {
            "A": [ 59, 60, 61, 62, 63, 64 ],
            "B": [ 2, 3, 4, 5, 6, 7 ],
            "Y": [ 14, 15, 16, 17, 18, 19 ]
          }
        },
        "$or$designs/3/top.sv:17$13": {
          "hide_name": 1,
          "type": "$or",
          "parameters": {
            "A_SIGNED": "00000000000000000000000000000000",
            "A_WIDTH": "00000000000000000000000000000110",
            "B_SIGNED": "00000000000000000000000000000000",
            "B_WIDTH": "00000000000000000000000000000110",
            "Y_WIDTH": "00000000000000000000000000000110"
          },
          "attributes": {
            "src": "designs/3/top.sv:17.92-17.141"
          },
          "port_directions": {
            "A": "input",
            "B": "input",
            "Y": "output"
          },
          "connections": {
            "A": [ 268, 269, 270, 271, 272, 273 ],
            "B": [ 2, 3, 4, 5, 6, 7 ],
            "Y": [ 274, 275, 276, 277, 278, 279 ]
          }
        },
        "$reduce_bool$designs/3/top.sv:17$23": {
          "hide_name": 1,
          "type": "$reduce_bool",
          "parameters": {
            "A_SIGNED": "00000000000000000000000000000000",
            "A_WIDTH": "00000000000000000000000000001000",
            "Y_WIDTH": "00000000000000000000000000000001"
          },
          "attributes": {
            "src": "designs/3/top.sv:17.21-17.271"
          },
          "port_directions": {
            "A": "input",
            "Y": "output"
          },
          "connections": {
            "A": [ 27, 28, 29, 30, 31, 32, 33, 34 ],
            "Y": [ 280 ]
          }
        },
        "$sub$designs/3/top.sv:17$12": {
          "hide_name": 1,
          "type": "$sub",
          "parameters": {
            "A_SIGNED": "00000000000000000000000000000000",
            "A_WIDTH": "00000000000000000000000000000110",
            "B_SIGNED": "00000000000000000000000000000000",
            "B_WIDTH": "00000000000000000000000000000110",
            "Y_WIDTH": "00000000000000000000000000000110"
          },
          "attributes": {
            "src": "designs/3/top.sv:17.103-17.126"
          },
          "port_directions": {
            "A": "input",
            "B": "input",
            "Y": "output"
          },
          "connections": {
            "A": [ 2, 3, 4, 5, 6, 7 ],
            "B": [ 2, 3, 4, 5, 6, 7 ],
            "Y": [ 268, 269, 270, 271, 272, 273 ]
          }
        },
        "$sub$designs/3/top.sv:17$14": {
          "hide_name": 1,
          "type": "$sub",
          "parameters": {
            "A_SIGNED": "00000000000000000000000000000000",
            "A_WIDTH": "00000000000000000000000000000110",
            "B_SIGNED": "00000000000000000000000000000000",
            "B_WIDTH": "00000000000000000000000000001000",
            "Y_WIDTH": "00000000000000000000000000001001"
          },
          "attributes": {
            "src": "designs/3/top.sv:17.83-17.152"
          },
          "port_directions": {
            "A": "input",
            "B": "input",
            "Y": "output"
          },
          "connections": {
            "A": [ 274, 275, 276, 277, 278, 279 ],
            "B": [ 27, 28, 29, 30, 31, 32, 33, 34 ],
            "Y": [ 219, 220, 221, 222, 223, 224, 225, 226, 227 ]
          }
        },
        "$sub$designs/3/top.sv:17$20": {
          "hide_name": 1,
          "type": "$sub",
          "parameters": {
            "A_SIGNED": "00000000000000000000000000000000",
            "A_WIDTH": "00000000000000000000000000010010",
            "B_SIGNED": "00000000000000000000000000000000",
            "B_WIDTH": "00000000000000000000000000001000",
            "Y_WIDTH": "00000000000000000000000000010010"
          },
          "attributes": {
            "src": "designs/3/top.sv:17.52-17.212"
          },
          "port_directions": {
            "A": "input",
            "B": "input",
            "Y": "output"
          },
          "connections": {
            "A": [ 173, 174, 175, 176, 177, 178, 179, 180, 79, 80, 81, 82, 83, 84, 85, 86, 87, 88 ],
            "B": [ 27, 28, 29, 30, 31, 32, 33, 34 ],
            "Y": [ 181, 182, 183, 184, 185, 186, 187, 188, 281, 282, 283, 284, 285, 286, 287, 288, 289, 290 ]
          }
        },
        "$sub$designs/3/top.sv:18$28": {
          "hide_name": 1,
          "type": "$sub",
          "parameters": {
            "A_SIGNED": "00000000000000000000000000000000",
            "A_WIDTH": "00000000000000000000000000001001",
            "B_SIGNED": "00000000000000000000000000000000",
            "B_WIDTH": "00000000000000000000000000000110",
            "Y_WIDTH": "00000000000000000000000000001001"
          },
          "attributes": {
            "src": "designs/3/top.sv:18.32-18.89"
          },
          "port_directions": {
            "A": "input",
            "B": "input",
            "Y": "output"
          },
          "connections": {
            "A": [ 159, 160, 161, 162, 163, 164, 165, 166, "0" ],
            "B": [ 2, 3, 4, 5, 6, 7 ],
            "Y": [ 127, 128, 129, 130, 131, 132, 133, 134, 135 ]
          }
        },
        "$sub$designs/3/top.sv:21$34": {
          "hide_name": 1,
          "type": "$sub",
          "parameters": {
            "A_SIGNED": "00000000000000000000000000000000",
            "A_WIDTH": "00000000000000000000000000010011",
            "B_SIGNED": "00000000000000000000000000000000",
            "B_WIDTH": "00000000000000000000000000001000",
            "Y_WIDTH": "00000000000000000000000000010100"
          },
          "attributes": {
            "src": "designs/3/top.sv:21.48-21.92"
          },
          "port_directions": {
            "A": "input",
            "B": "input",
            "Y": "output"
          },
          "connections": {
            "A": [ 97, 98, 99, 100, 101, 102, 103, 104, 105, 106, 107, 108, 109, 110, 111, 112, 113, 114, 115 ],
            "B": [ 27, 28, 29, 30, 31, 32, 33, 34 ],
            "Y": [ 203, 204, 205, 206, 207, 208, 209, 210, 291, 292, 293, 294, 295, 296, 297, 298, 299, 300, 301, 302 ]
          }
        },
        "$sub$designs/3/top.sv:26$52": {
          "hide_name": 1,
          "type": "$sub",
          "parameters": {
            "A_SIGNED": "00000000000000000000000000000000",
            "A_WIDTH": "00000000000000000000000000010010",
            "B_SIGNED": "00000000000000000000000000000000",
            "B_WIDTH": "00000000000000000000000000001001",
            "Y_WIDTH": "00000000000000000000000000010011"
          },
          "attributes": {
            "src": "designs/3/top.sv:26.24-26.39"
          },
          "port_directions": {
            "A": "input",
            "B": "input",
            "Y": "output"
          },
          "connections": {
            "A": [ 89, 90, 91, 92, 93, 94, 95, 96, "0", "0", "0", "0", "0", "0", "0", "0", "0", "0" ],
            "B": [ 127, 128, 129, 130, 131, 132, 133, 134, 135 ],
            "Y": [ 303, 304, 305, 306, 307, 308, 309, 310, 311, 312, 313, 314, 315, 316, 317, 318, 319, 320, 321 ]
          }
        },
        "$sub$designs/3/top.sv:26$53": {
          "hide_name": 1,
          "type": "$sub",
          "parameters": {
            "A_SIGNED": "00000000000000000000000000000000",
            "A_WIDTH": "00000000000000000000000000010100",
            "B_SIGNED": "00000000000000000000000000000000",
            "B_WIDTH": "00000000000000000000000000000101",
            "Y_WIDTH": "00000000000000000000000000010100"
          },
          "attributes": {
            "src": "designs/3/top.sv:26.23-26.54"
          },
          "port_directions": {
            "A": "input",
            "B": "input",
            "Y": "output"
          },
          "connections": {
            "A": [ 303, 304, 305, 306, 307, 308, 309, 310, 311, 312, 313, 314, 315, 316, 317, 318, 319, 320, 321, 321 ],
            "B": [ 127, 128, 129, 130, 131 ],
            "Y": [ 116, 119, 120, 121, 122, 123, 124, 125, 126, 322, 323, 324, 325, 326, 327, 328, 329, 330, 331, 332 ]
          }
        },
        "$ternary$designs/3/top.sv:17$24": {
          "hide_name": 1,
          "type": "$mux",
          "parameters": {
            "WIDTH": "00000000000000000000000000001000"
          },
          "attributes": {
            "src": "designs/3/top.sv:17.21-17.271"
          },
          "port_directions": {
            "A": "input",
            "B": "input",
            "S": "input",
            "Y": "output"
          },
          "connections": {
            "A": [ 197, 198, 199, 200, 201, 202, 33, 34 ],
            "B": [ 189, 190, 191, 192, 193, 194, 195, 196 ],
            "S": [ 280 ],
            "Y": [ 89, 90, 91, 92, 93, 94, 95, 96 ]
          }
        },
        "$xor$designs/3/top.sv:16$6": {
          "hide_name": 1,
          "type": "$xor",
          "parameters": {
            "A_SIGNED": "00000000000000000000000000000000",
            "A_WIDTH": "00000000000000000000000000000110",
            "B_SIGNED": "00000000000000000000000000000000",
            "B_WIDTH": "00000000000000000000000000000110",
            "Y_WIDTH": "00000000000000000000000000000110"
          },
          "attributes": {
            "src": "designs/3/top.sv:16.36-16.149"
          },
          "port_directions": {
            "A": "input",
            "B": "input",
            "Y": "output"
          },
          "connections": {
            "A": [ 47, 48, 49, 50, 51, 52 ],
            "B": [ 2, 3, 4, 5, 6, 7 ],
            "Y": [ 53, 54, 55, 56, 57, 58 ]
          }
        }
      },
      "netnames": {
        "$add$designs/3/top.sv:16$10_Y": {
          "hide_name": 1,
          "bits": [ 20, 21, 22, 23, 24, 25, 26, "0", "0", "0", "0", "0", "0", "0", "0", "0", "0", "0", "0", "0", "0", "0", "0", "0" ],
          "attributes": {
            "src": "designs/3/top.sv:16.23-16.195"
          }
        },
        "$add$designs/3/top.sv:16$5_Y": {
          "hide_name": 1,
          "bits": [ 47, 48, 49, 50, 51, 52 ],
          "attributes": {
            "src": "designs/3/top.sv:16.45-16.134"
          }
        },
        "$add$designs/3/top.sv:16$8_Y": {
          "hide_name": 1,
          "bits": [ 59, 60, 61, 62, 63, 64 ],
          "attributes": {
            "src": "designs/3/top.sv:16.35-16.166"
          }
        },
        "$add$designs/3/top.sv:17$18_Y": {
          "hide_name": 1,
          "bits": [ 71, 72, 73, 74, 75, 76, 77, 78, 79, 80, 81, 82, 83, 84, 85, 86, 87, 88, 333, 334, 335, 336, 337, 338 ],
          "attributes": {
            "src": "designs/3/top.sv:17.70-17.190",
            "unused_bits": "18 19 20 21 22 23"
          }
        },
        "$add$designs/3/top.sv:21$33_Y": {
          "hide_name": 1,
          "bits": [ 97, 98, 99, 100, 101, 102, 103, 104, 105, 106, 107, 108, 109, 110, 111, 112, 113, 114, 115, "0", "0", "0", "0", "0" ],
          "attributes": {
            "src": "designs/3/top.sv:21.49-21.82"
          }
        },
        "$and$designs/3/top.sv:17$17_Y": {
          "hide_name": 1,
          "bits": [ 65, 66, 67, 68, 69, 70, "0", "0", "0", "0", "0", "0", "0", "0", "0", "0", "0", "0", 339, 340, 341, 342, 343, 344 ],
          "attributes": {
            "src": "designs/3/top.sv:17.71-17.180",
            "unused_bits": "18 19 20 21 22 23"
          }
        },
        "$and$designs/3/top.sv:17$21_Y": {
          "hide_name": 1,
          "bits": [ 189, 190, 191, 192, 193, 194, 195, 196, "0", "0", "0", "0", "0", "0", "0", "0", "0", "0", 345, 346, 347, 348, 349, 350 ],
          "attributes": {
            "src": "designs/3/top.sv:17.41-17.223",
            "unused_bits": "18 19 20 21 22 23"
          }
        },
        "$and$designs/3/top.sv:18$27_Y": {
          "hide_name": 1,
          "bits": [ 159, 160, 161, 162, 163, 164, 165, 166, "0", 351, 352, 353, 354, 355, 356, 357, 358, 359, 360, 361, 362, 363, 364, 365 ],
          "attributes": {
            "src": "designs/3/top.sv:18.41-18.74",
            "unused_bits": "9 10 11 12 13 14 15 16 17 18 19 20 21 22 23"
          }
        },
        "$and$designs/3/top.sv:21$35_Y": {
          "hide_name": 1,
          "bits": [ 211, 212, 213, 214, 215, 216, 217, 218, "0", "0", "0", "0", "0", "0", "0", "0", "0", "0", "0", "0", "0", "0", "0", "0" ],
          "attributes": {
            "src": "designs/3/top.sv:21.37-21.103"
          }
        },
        "$auto$opt_expr.cc:205:group_cell_inputs$116": {
          "hide_name": 1,
          "bits": [ 136, 137, 138, 139, 140, 141, 142, 143, 144 ],
          "attributes": {
            "unused_bits": "6 7 8"
          }
        },
        "$auto$opt_expr.cc:205:group_cell_inputs$65": {
          "hide_name": 1,
          "bits": [ 151, 152, 153, 154, 155, 156, 157, 158 ],
          "attributes": {
          }
        },
        "$auto$opt_expr.cc:205:group_cell_inputs$73": {
          "hide_name": 1,
          "bits": [ 173, 174, 175, 176, 177, 178, 179, 180 ],
          "attributes": {
          }
        },
        "$auto$opt_expr.cc:205:group_cell_inputs$80": {
          "hide_name": 1,
          "bits": [ 197, 198, 199, 200, 201, 202 ],
          "attributes": {
          }
        },
        "$auto$opt_expr.cc:205:group_cell_inputs$83": {
          "hide_name": 1,
          "bits": [ 145, 146, 147, 148, 149, 150 ],
          "attributes": {
          }
        },
        "$mul$designs/3/top.sv:16$3_Y": {
          "hide_name": 1,
          "bits": [ 35, 36, 37, 38, 39, 40 ],
          "attributes": {
            "src": "designs/3/top.sv:16.54-16.116"
          }
        },
        "$mul$designs/3/top.sv:17$16_Y": {
          "hide_name": 1,
          "bits": [ 167, 168, 169, 170, 171, 172, 228, 229, 230, 231, 232, 233, 234, 235, 236, 237, 238, 239, 366, 367, 368, 369, 370, 371 ],
          "attributes": {
            "src": "designs/3/top.sv:17.82-17.165",
            "unused_bits": "6 7 8 9 10 11 12 13 14 15 16 17 18 19 20 21 22 23"
          }
        },
        "$mul$designs/3/top.sv:21$36_Y": {
          "hide_name": 1,
          "bits": [ 240, 241, 242, 243, 244, 245, 246, 247, 248, 249, 250, 251, 252, 253, 254, 255, 256, 257, 258, 259, 260, 261, 262, 263, 264, 265, 266, 267 ],
          "attributes": {
            "src": "designs/3/top.sv:21.28-21.114"
          }
        },
        "$not$designs/3/top.sv:16$4_Y": {
          "hide_name": 1,
          "bits": [ 41, 42, 43, 44, 45, 46 ],
          "attributes": {
            "src": "designs/3/top.sv:16.122-16.133"
          }
        },
        "$or$designs/3/top.sv:16$9_Y": {
          "hide_name": 1,
          "bits": [ 14, 15, 16, 17, 18, 19, "0", "0", "0", "0", "0", "0", "0", "0", "0", "0", "0", "0", "0", "0", "0", "0", "0", "0" ],
          "attributes": {
            "src": "designs/3/top.sv:16.24-16.181"
          }
        },
        "$or$designs/3/top.sv:17$13_Y": {
          "hide_name": 1,
          "bits": [ 274, 275, 276, 277, 278, 279 ],
          "attributes": {
            "src": "designs/3/top.sv:17.92-17.141"
          }
        },
        "$reduce_bool$designs/3/top.sv:17$23_Y": {
          "hide_name": 1,
          "bits": [ 280 ],
          "attributes": {
            "src": "designs/3/top.sv:17.21-17.271"
          }
        },
        "$sub$designs/3/top.sv:17$12_Y": {
          "hide_name": 1,
          "bits": [ 268, 269, 270, 271, 272, 273 ],
          "attributes": {
            "src": "designs/3/top.sv:17.103-17.126"
          }
        },
        "$sub$designs/3/top.sv:17$14_Y": {
          "hide_name": 1,
          "bits": [ 219, 220, 221, 222, 223, 224, 225, 226, 227, 227, 227, 227, 227, 227, 227, 227, 227, 227, 227, 227, 227, 227, 227, 227 ],
          "attributes": {
            "src": "designs/3/top.sv:17.83-17.152"
          }
        },
        "$sub$designs/3/top.sv:17$20_Y": {
          "hide_name": 1,
          "bits": [ 181, 182, 183, 184, 185, 186, 187, 188, 281, 282, 283, 284, 285, 286, 287, 288, 289, 290, 372, 373, 374, 375, 376, 377 ],
          "attributes": {
            "src": "designs/3/top.sv:17.52-17.212",
            "unused_bits": "8 9 10 11 12 13 14 15 16 17 18 19 20 21 22 23"
          }
        },
        "$sub$designs/3/top.sv:21$34_Y": {
          "hide_name": 1,
          "bits": [ 203, 204, 205, 206, 207, 208, 209, 210, 291, 292, 293, 294, 295, 296, 297, 298, 299, 300, 301, 302, 302, 302, 302, 302 ],
          "attributes": {
            "src": "designs/3/top.sv:21.48-21.92",
            "unused_bits": "8 9 10 11 12 13 14 15 16 17 18 19 20 21 22 23"
          }
        },
        "$sub$designs/3/top.sv:26$52_Y": {
          "hide_name": 1,
          "bits": [ 303, 304, 305, 306, 307, 308, 309, 310, 311, 312, 313, 314, 315, 316, 317, 318, 319, 320, 321, 321, 321, 321 ],
          "attributes": {
            "src": "designs/3/top.sv:26.24-26.39"
          }
        },
        "$sub$designs/3/top.sv:26$53_Y": {
          "hide_name": 1,
          "bits": [ 116, 119, 120, 121, 122, 123, 124, 125, 126, 322, 323, 324, 325, 326, 327, 328, 329, 330, 331, 332, 378, 379 ],
          "attributes": {
            "src": "designs/3/top.sv:26.23-26.54",
            "unused_bits": "9 10 11 12 13 14 15 16 17 18 19 20 21"
          }
        },
        "$xor$designs/3/top.sv:16$6_Y": {
          "hide_name": 1,
          "bits": [ 53, 54, 55, 56, 57, 58 ],
          "attributes": {
            "src": "designs/3/top.sv:16.36-16.149"
          }
        },
        "input_data": {
          "hide_name": 0,
          "bits": [ 2, 3, 4, 5, 6, 7 ],
          "attributes": {
            "src": "designs/3/top.sv:2.17-2.27"
          }
        },
        "output_data": {
          "hide_name": 0,
          "bits": [ 8, 9, 10, 11, 12, 13, "0", "0", "0", "0", "0", "0", "0", "0", "0", "0", "0", "0", "0", "0" ],
          "attributes": {
            "src": "designs/3/top.sv:3.19-3.30"
          }
        },
        "temp_0": {
          "hide_name": 0,
          "bits": [ 27, 28, 29, 30, 31, 32, 33, 34, "0", "0", "0", "0", "0", "0", "0", "0", "0", "0", "0", "0", "0", "0", "0", "0" ],
          "attributes": {
            "src": "designs/3/top.sv:6.18-6.24"
          }
        },
        "temp_1": {
          "hide_name": 0,
          "bits": [ 89, 90, 91, 92, 93, 94, 95, 96, "0", "0", "0", "0", "0", "0", "0", "0", "0", "0" ],
          "attributes": {
            "src": "designs/3/top.sv:7.18-7.24"
          }
        },
        "temp_2": {
          "hide_name": 0,
          "bits": [ 127, 128, 129, 130, 131, 132, 133, 134, 135 ],
          "attributes": {
            "src": "designs/3/top.sv:8.17-8.23"
          }
        },
        "temp_4": {
          "hide_name": 0,
          "bits": [ 117 ],
          "attributes": {
            "single_bit_vector": "00000000000000000000000000000001",
            "src": "designs/3/top.sv:10.17-10.23"
          }
        },
        "temp_8": {
          "hide_name": 0,
          "bits": [ 118, 119, 120, 121, 122, 123, 124, 125, 126, 322, 323, 324, 325, 326, 327, 328, 329, 330, 331, 332, "x", "x" ],
          "attributes": {
            "src": "designs/3/top.sv:14.18-14.24",
            "unused_bits": "9 10 11 12 13 14 15 16 17 18 19"
          }
        }
      }
    }
  }
}
