{
  "creator": "Yosys 0.60 (git sha1 5bafeb77dc71e054fa331ab9efa613e6fb0a1c49, clang++ 17.0.0 -fPIC -O3)",
  "modules": {
    "top": {
      "attributes": {
        "top": "00000000000000000000000000000001",
        "src": "designs/171/top.sv:1.1-22.10"
      },
      "ports": {
        "input_data": {
          "direction": "input",
          "bits": [ 2, 3, 4 ]
        },
        "output_data": {
          "direction": "output",
          "bits": [ 5, 6, 7, "0", "0", "0", "0", "0" ]
        }
      },
      "cells": {
        "$add$designs/171/top.sv:14$1": {
          "hide_name": 1,
          "type": "$add",
          "parameters": {
            "A_SIGNED": "00000000000000000000000000000000",
            "A_WIDTH": "00000000000000000000000000000011",
            "B_SIGNED": "00000000000000000000000000000000",
            "B_WIDTH": "00000000000000000000000000000011",
            "Y_WIDTH": "00000000000000000000000000000011"
          },
          "attributes": {
            "src": "designs/171/top.sv:14.31-14.46"
          },
          "port_directions": {
            "A": "input",
            "B": "input",
            "Y": "output"
          },
          "connections": {
            "A": [ 2, 3, 4 ],
            "B": [ 2, 3, 4 ],
            "Y": [ 8, 9, 10 ]
          }
        },
        "$and$designs/171/top.sv:14$3": {
          "hide_name": 1,
          "type": "$and",
          "parameters": {
            "A_SIGNED": "00000000000000000000000000000000",
            "A_WIDTH": "00000000000000000000000000000011",
            "B_SIGNED": "00000000000000000000000000000000",
            "B_WIDTH": "00000000000000000000000000000011",
            "Y_WIDTH": "00000000000000000000000000000011"
          },
          "attributes": {
            "src": "designs/171/top.sv:14.53-14.71"
          },
          "port_directions": {
            "A": "input",
            "B": "input",
            "Y": "output"
          },
          "connections": {
            "A": [ 2, 3, 4 ],
            "B": [ 11, 12, 13 ],
            "Y": [ 14, 15, 16 ]
          }
        },
        "$not$designs/171/top.sv:14$2": {
          "hide_name": 1,
          "type": "$not",
          "parameters": {
            "A_SIGNED": "00000000000000000000000000000000",
            "A_WIDTH": "00000000000000000000000000000011",
            "Y_WIDTH": "00000000000000000000000000000011"
          },
          "attributes": {
            "src": "designs/171/top.sv:14.63-14.70"
          },
          "port_directions": {
            "A": "input",
            "Y": "output"
          },
          "connections": {
            "A": [ 2, 3, 4 ],
            "Y": [ 11, 12, 13 ]
          }
        },
        "$reduce_bool$designs/171/top.sv:14$6": {
          "hide_name": 1,
          "type": "$reduce_bool",
          "parameters": {
            "A_SIGNED": "00000000000000000000000000000000",
            "A_WIDTH": "00000000000000000000000000000011",
            "Y_WIDTH": "00000000000000000000000000000001"
          },
          "attributes": {
            "src": "designs/171/top.sv:14.21-14.99"
          },
          "port_directions": {
            "A": "input",
            "Y": "output"
          },
          "connections": {
            "A": [ 2, 3, 4 ],
            "Y": [ 17 ]
          }
        },
        "$ternary$designs/171/top.sv:14$7": {
          "hide_name": 1,
          "type": "$mux",
          "parameters": {
            "WIDTH": "00000000000000000000000000000011"
          },
          "attributes": {
            "src": "designs/171/top.sv:14.21-14.99"
          },
          "port_directions": {
            "A": "input",
            "B": "input",
            "S": "input",
            "Y": "output"
          },
          "connections": {
            "A": [ 18, 19, 20 ],
            "B": [ 8, 9, 10 ],
            "S": [ 17 ],
            "Y": [ 5, 6, 7 ]
          }
        },
        "$xor$designs/171/top.sv:14$4": {
          "hide_name": 1,
          "type": "$xor",
          "parameters": {
            "A_SIGNED": "00000000000000000000000000000000",
            "A_WIDTH": "00000000000000000000000000000011",
            "B_SIGNED": "00000000000000000000000000000000",
            "B_WIDTH": "00000000000000000000000000000011",
            "Y_WIDTH": "00000000000000000000000000000011"
          },
          "attributes": {
            "src": "designs/171/top.sv:14.52-14.81"
          },
          "port_directions": {
            "A": "input",
            "B": "input",
            "Y": "output"
          },
          "connections": {
            "A": [ 14, 15, 16 ],
            "B": [ 2, 3, 4 ],
            "Y": [ 18, 19, 20 ]
          }
        }
      },
      "netnames": {
        "$add$designs/171/top.sv:14$1_Y": {
          "hide_name": 1,
          "bits": [ 8, 9, 10, 21, "0", "0", "0", "0", "0", "0", "0", "0", "0", "0", "0", "0", "0" ],
          "attributes": {
            "src": "designs/171/top.sv:14.31-14.46",
            "unused_bits": "3"
          }
        },
        "$and$designs/171/top.sv:14$3_Y": {
          "hide_name": 1,
          "bits": [ 14, 15, 16, 22, 23, 24, 25, 26, 27, 28, 29, 30, 31, 32, 33, 34, 35 ],
          "attributes": {
            "src": "designs/171/top.sv:14.53-14.71",
            "unused_bits": "3 4 5 6 7 8 9 10 11 12 13 14 15 16"
          }
        },
        "$not$designs/171/top.sv:14$2_Y": {
          "hide_name": 1,
          "bits": [ 11, 12, 13, 36, 37, 38, 39, 40, 41, 42, 43, 44, 45, 46, 47, 48, 49 ],
          "attributes": {
            "src": "designs/171/top.sv:14.63-14.70",
            "unused_bits": "3 4 5 6 7 8 9 10 11 12 13 14 15 16"
          }
        },
        "$reduce_bool$designs/171/top.sv:14$6_Y": {
          "hide_name": 1,
          "bits": [ 17 ],
          "attributes": {
            "src": "designs/171/top.sv:14.21-14.99"
          }
        },
        "$xor$designs/171/top.sv:14$4_Y": {
          "hide_name": 1,
          "bits": [ 18, 19, 20, 50, 51, 52, 53, 54, 55, 56, 57, 58, 59, 60, 61, 62, 63 ],
          "attributes": {
            "src": "designs/171/top.sv:14.52-14.81",
            "unused_bits": "3 4 5 6 7 8 9 10 11 12 13 14 15 16"
          }
        },
        "input_data": {
          "hide_name": 0,
          "bits": [ 2, 3, 4 ],
          "attributes": {
            "src": "designs/171/top.sv:2.17-2.27"
          }
        },
        "output_data": {
          "hide_name": 0,
          "bits": [ 5, 6, 7, "0", "0", "0", "0", "0" ],
          "attributes": {
            "src": "designs/171/top.sv:3.18-3.29"
          }
        },
        "temp_1": {
          "hide_name": 0,
          "bits": [ 5, 6, 7 ],
          "attributes": {
            "src": "designs/171/top.sv:7.17-7.23"
          }
        }
      }
    }
  }
}
