{
  "creator": "Yosys 0.60 (git sha1 5bafeb77dc71e054fa331ab9efa613e6fb0a1c49, clang++ 17.0.0 -fPIC -O3)",
  "modules": {
    "top": {
      "attributes": {
        "top": "00000000000000000000000000000001",
        "src": "designs/77/top.sv:1.1-36.10"
      },
      "ports": {
        "input_data": {
          "direction": "input",
          "bits": [ 2, 3, 4, 5, 6, 7, 8 ]
        },
        "output_data": {
          "direction": "output",
          "bits": [ 9, 10, 11, 12, 13, 14, 15, 16, 17, 18, 19, 20, 21, 22, 23, 24, 25 ]
        }
      },
      "cells": {
        "$add$designs/77/top.sv:25$8": {
          "hide_name": 1,
          "type": "$add",
          "parameters": {
            "A_SIGNED": "00000000000000000000000000000000",
            "A_WIDTH": "00000000000000000000000000000100",
            "B_SIGNED": "00000000000000000000000000000000",
            "B_WIDTH": "00000000000000000000000000000001",
            "Y_WIDTH": "00000000000000000000000000000101"
          },
          "attributes": {
            "src": "designs/77/top.sv:25.24-25.48"
          },
          "port_directions": {
            "A": "input",
            "B": "input",
            "Y": "output"
          },
          "connections": {
            "A": [ 5, 6, 7, 8 ],
            "B": [ 26 ],
            "Y": [ 27, 28, 29, 30, 31 ]
          }
        },
        "$add$designs/77/top.sv:25$9": {
          "hide_name": 1,
          "type": "$add",
          "parameters": {
            "A_SIGNED": "00000000000000000000000000000000",
            "A_WIDTH": "00000000000000000000000000000101",
            "B_SIGNED": "00000000000000000000000000000000",
            "B_WIDTH": "00000000000000000000000000000001",
            "Y_WIDTH": "00000000000000000000000000000110"
          },
          "attributes": {
            "src": "designs/77/top.sv:25.23-25.58"
          },
          "port_directions": {
            "A": "input",
            "B": "input",
            "Y": "output"
          },
          "connections": {
            "A": [ 27, 28, 29, 30, 31 ],
            "B": [ 26 ],
            "Y": [ 32, 33, 34, 35, 36, 37 ]
          }
        },
        "$add$designs/77/top.sv:26$12": {
          "hide_name": 1,
          "type": "$add",
          "parameters": {
            "A_SIGNED": "00000000000000000000000000000000",
            "A_WIDTH": "00000000000000000000000000011110",
            "B_SIGNED": "00000000000000000000000000000000",
            "B_WIDTH": "00000000000000000000000000000100",
            "Y_WIDTH": "00000000000000000000000000011110"
          },
          "attributes": {
            "src": "designs/77/top.sv:26.24-26.50"
          },
          "port_directions": {
            "A": "input",
            "B": "input",
            "Y": "output"
          },
          "connections": {
            "A": [ 38, 39, 40, 41, 42, 43, 44, 45, 46, 47, 48, 49, 50, 51, 52, 53, 54, 54, 54, 54, 54, 54, 54, 54, 54, 54, 54, 54, 54, 54 ],
            "B": [ 55, 56, 57, 58 ],
            "Y": [ 59, 60, 61, 62, 63, 64, 65, 66, 67, 68, 69, 70, 71, 72, 73, 74, 75, 76, 77, 78, 79, 80, 81, 82, 83, 84, 85, 86, 87, 88 ]
          }
        },
        "$add$designs/77/top.sv:34$33": {
          "hide_name": 1,
          "type": "$add",
          "parameters": {
            "A_SIGNED": "00000000000000000000000000000000",
            "A_WIDTH": "00000000000000000000000000001011",
            "B_SIGNED": "00000000000000000000000000000000",
            "B_WIDTH": "00000000000000000000000000000111",
            "Y_WIDTH": "00000000000000000000000000001100"
          },
          "attributes": {
            "src": "designs/77/top.sv:34.38-34.70"
          },
          "port_directions": {
            "A": "input",
            "B": "input",
            "Y": "output"
          },
          "connections": {
            "A": [ 89, 3, 4, 5, 6, 7, 8, "0", "0", "0", "0" ],
            "B": [ 2, 3, 4, 5, 6, 7, 8 ],
            "Y": [ 90, 91, 92, 93, 94, 95, 96, 97, 98, 99, 100, 101 ]
          }
        },
        "$add$designs/77/top.sv:34$35": {
          "hide_name": 1,
          "type": "$add",
          "parameters": {
            "A_SIGNED": "00000000000000000000000000000000",
            "A_WIDTH": "00000000000000000000000000001100",
            "B_SIGNED": "00000000000000000000000000000000",
            "B_WIDTH": "00000000000000000000000000000001",
            "Y_WIDTH": "00000000000000000000000000001101"
          },
          "attributes": {
            "src": "designs/77/top.sv:34.36-34.92"
          },
          "port_directions": {
            "A": "input",
            "B": "input",
            "Y": "output"
          },
          "connections": {
            "A": [ 102, "0", "0", "0", "0", "0", "0", "0", "0", "0", "0", "0" ],
            "B": [ 103 ],
            "Y": [ 104, 105, 106, 107, 108, 109, 110, 111, 112, 113, 114, 115, 116 ]
          }
        },
        "$auto$opt_expr.cc:276:group_cell_inputs$42": {
          "hide_name": 1,
          "type": "$and",
          "parameters": {
            "A_SIGNED": "00000000000000000000000000000000",
            "A_WIDTH": "00000000000000000000000000000001",
            "B_SIGNED": "00000000000000000000000000000000",
            "B_WIDTH": "00000000000000000000000000000001",
            "Y_WIDTH": "00000000000000000000000000000001"
          },
          "attributes": {
          },
          "port_directions": {
            "A": "input",
            "B": "input",
            "Y": "output"
          },
          "connections": {
            "A": [ 117 ],
            "B": [ 26 ],
            "Y": [ 118 ]
          }
        },
        "$auto$opt_expr.cc:276:group_cell_inputs$46": {
          "hide_name": 1,
          "type": "$xor",
          "parameters": {
            "A_SIGNED": "00000000000000000000000000000000",
            "A_WIDTH": "00000000000000000000000000000001",
            "B_SIGNED": "00000000000000000000000000000000",
            "B_WIDTH": "00000000000000000000000000000001",
            "Y_WIDTH": "00000000000000000000000000000001"
          },
          "attributes": {
          },
          "port_directions": {
            "A": "input",
            "B": "input",
            "Y": "output"
          },
          "connections": {
            "A": [ 26 ],
            "B": [ 2 ],
            "Y": [ 119 ]
          }
        },
        "$auto$opt_expr.cc:276:group_cell_inputs$52": {
          "hide_name": 1,
          "type": "$and",
          "parameters": {
            "A_SIGNED": "00000000000000000000000000000000",
            "A_WIDTH": "00000000000000000000000000000111",
            "B_SIGNED": "00000000000000000000000000000000",
            "B_WIDTH": "00000000000000000000000000000111",
            "Y_WIDTH": "00000000000000000000000000000111"
          },
          "attributes": {
          },
          "port_directions": {
            "A": "input",
            "B": "input",
            "Y": "output"
          },
          "connections": {
            "A": [ 120, 121, 122, 123, 124, 125, 126 ],
            "B": [ 2, 3, 4, 5, 6, 7, 8 ],
            "Y": [ 127, 128, 129, 130, 131, 132, 133 ]
          }
        },
        "$auto$opt_expr.cc:276:group_cell_inputs$56": {
          "hide_name": 1,
          "type": "$and",
          "parameters": {
            "A_SIGNED": "00000000000000000000000000000000",
            "A_WIDTH": "00000000000000000000000000000111",
            "B_SIGNED": "00000000000000000000000000000000",
            "B_WIDTH": "00000000000000000000000000000111",
            "Y_WIDTH": "00000000000000000000000000000111"
          },
          "attributes": {
          },
          "port_directions": {
            "A": "input",
            "B": "input",
            "Y": "output"
          },
          "connections": {
            "A": [ 127, 128, 129, 130, 131, 132, 133 ],
            "B": [ 2, 3, 4, 5, 6, 7, 8 ],
            "Y": [ 134, 135, 136, 137, 138, 139, 140 ]
          }
        },
        "$auto$opt_expr.cc:276:group_cell_inputs$63": {
          "hide_name": 1,
          "type": "$or",
          "parameters": {
            "A_SIGNED": "00000000000000000000000000000000",
            "A_WIDTH": "00000000000000000000000000000100",
            "B_SIGNED": "00000000000000000000000000000000",
            "B_WIDTH": "00000000000000000000000000000100",
            "Y_WIDTH": "00000000000000000000000000000100"
          },
          "attributes": {
          },
          "port_directions": {
            "A": "input",
            "B": "input",
            "Y": "output"
          },
          "connections": {
            "A": [ 141, 142, 143, 144 ],
            "B": [ 55, 56, 57, 58 ],
            "Y": [ 145, 146, 147, 148 ]
          }
        },
        "$auto$opt_expr.cc:276:group_cell_inputs$69": {
          "hide_name": 1,
          "type": "$and",
          "parameters": {
            "A_SIGNED": "00000000000000000000000000000000",
            "A_WIDTH": "00000000000000000000000000000001",
            "B_SIGNED": "00000000000000000000000000000000",
            "B_WIDTH": "00000000000000000000000000000001",
            "Y_WIDTH": "00000000000000000000000000000001"
          },
          "attributes": {
          },
          "port_directions": {
            "A": "input",
            "B": "input",
            "Y": "output"
          },
          "connections": {
            "A": [ 90 ],
            "B": [ 103 ],
            "Y": [ 102 ]
          }
        },
        "$auto$opt_expr.cc:276:group_cell_inputs$73": {
          "hide_name": 1,
          "type": "$or",
          "parameters": {
            "A_SIGNED": "00000000000000000000000000000000",
            "A_WIDTH": "00000000000000000000000000000001",
            "B_SIGNED": "00000000000000000000000000000000",
            "B_WIDTH": "00000000000000000000000000000001",
            "Y_WIDTH": "00000000000000000000000000000001"
          },
          "attributes": {
          },
          "port_directions": {
            "A": "input",
            "B": "input",
            "Y": "output"
          },
          "connections": {
            "A": [ 149 ],
            "B": [ 118 ],
            "Y": [ 150 ]
          }
        },
        "$auto$opt_expr.cc:276:group_cell_inputs$76": {
          "hide_name": 1,
          "type": "$or",
          "parameters": {
            "A_SIGNED": "00000000000000000000000000000000",
            "A_WIDTH": "00000000000000000000000000000001",
            "B_SIGNED": "00000000000000000000000000000000",
            "B_WIDTH": "00000000000000000000000000000001",
            "Y_WIDTH": "00000000000000000000000000000001"
          },
          "attributes": {
          },
          "port_directions": {
            "A": "input",
            "B": "input",
            "Y": "output"
          },
          "connections": {
            "A": [ 151 ],
            "B": [ 118 ],
            "Y": [ 120 ]
          }
        },
        "$auto$opt_expr.cc:276:group_cell_inputs$79": {
          "hide_name": 1,
          "type": "$or",
          "parameters": {
            "A_SIGNED": "00000000000000000000000000000000",
            "A_WIDTH": "00000000000000000000000000000001",
            "B_SIGNED": "00000000000000000000000000000000",
            "B_WIDTH": "00000000000000000000000000000001",
            "Y_WIDTH": "00000000000000000000000000000001"
          },
          "attributes": {
          },
          "port_directions": {
            "A": "input",
            "B": "input",
            "Y": "output"
          },
          "connections": {
            "A": [ 118 ],
            "B": [ 2 ],
            "Y": [ 89 ]
          }
        },
        "$eq$designs/77/top.sv:32$30": {
          "hide_name": 1,
          "type": "$eq",
          "parameters": {
            "A_SIGNED": "00000000000000000000000000000000",
            "A_WIDTH": "00000000000000000000000000000001",
            "B_SIGNED": "00000000000000000000000000000000",
            "B_WIDTH": "00000000000000000000000000001000",
            "Y_WIDTH": "00000000000000000000000000000001"
          },
          "attributes": {
            "src": "designs/77/top.sv:32.24-32.101"
          },
          "port_directions": {
            "A": "input",
            "B": "input",
            "Y": "output"
          },
          "connections": {
            "A": [ 152 ],
            "B": [ 153, 154, 155, 156, 157, 158, 159, 160 ],
            "Y": [ 161 ]
          }
        },
        "$ge$designs/77/top.sv:32$28": {
          "hide_name": 1,
          "type": "$ge",
          "parameters": {
            "A_SIGNED": "00000000000000000000000000000000",
            "A_WIDTH": "00000000000000000000000000000001",
            "B_SIGNED": "00000000000000000000000000000000",
            "B_WIDTH": "00000000000000000000000000000111",
            "Y_WIDTH": "00000000000000000000000000000001"
          },
          "attributes": {
            "src": "designs/77/top.sv:32.26-32.79"
          },
          "port_directions": {
            "A": "input",
            "B": "input",
            "Y": "output"
          },
          "connections": {
            "A": [ 162 ],
            "B": [ 2, 3, 4, 5, 6, 7, 8 ],
            "Y": [ 163 ]
          }
        },
        "$gt$designs/77/top.sv:32$26": {
          "hide_name": 1,
          "type": "$gt",
          "parameters": {
            "A_SIGNED": "00000000000000000000000000000000",
            "A_WIDTH": "00000000000000000000000000000100",
            "B_SIGNED": "00000000000000000000000000000000",
            "B_WIDTH": "00000000000000000000000000010000",
            "Y_WIDTH": "00000000000000000000000000000001"
          },
          "attributes": {
            "src": "designs/77/top.sv:32.28-32.52"
          },
          "port_directions": {
            "A": "input",
            "B": "input",
            "Y": "output"
          },
          "connections": {
            "A": [ 55, 56, 57, 58 ],
            "B": [ 145, 146, 147, 148, 164, 165, 166, 167, 168, 169, 170, 171, 172, 173, 174, 175 ],
            "Y": [ 176 ]
          }
        },
        "$gt$designs/77/top.sv:32$31": {
          "hide_name": 1,
          "type": "$gt",
          "parameters": {
            "A_SIGNED": "00000000000000000000000000000000",
            "A_WIDTH": "00000000000000000000000000000001",
            "B_SIGNED": "00000000000000000000000000000000",
            "B_WIDTH": "00000000000000000000000000000001",
            "Y_WIDTH": "00000000000000000000000000000001"
          },
          "attributes": {
            "src": "designs/77/top.sv:32.23-32.116"
          },
          "port_directions": {
            "A": "input",
            "B": "input",
            "Y": "output"
          },
          "connections": {
            "A": [ 161 ],
            "B": [ 177 ],
            "Y": [ 103 ]
          }
        },
        "$le$designs/77/top.sv:32$29": {
          "hide_name": 1,
          "type": "$le",
          "parameters": {
            "A_SIGNED": "00000000000000000000000000000000",
            "A_WIDTH": "00000000000000000000000000000001",
            "B_SIGNED": "00000000000000000000000000000000",
            "B_WIDTH": "00000000000000000000000000001000",
            "Y_WIDTH": "00000000000000000000000000000001"
          },
          "attributes": {
            "src": "designs/77/top.sv:32.25-32.90"
          },
          "port_directions": {
            "A": "input",
            "B": "input",
            "Y": "output"
          },
          "connections": {
            "A": [ 163 ],
            "B": [ 153, 154, 155, 156, 157, 158, 159, 160 ],
            "Y": [ 152 ]
          }
        },
        "$mul$designs/77/top.sv:23$5": {
          "hide_name": 1,
          "type": "$mul",
          "parameters": {
            "A_SIGNED": "00000000000000000000000000000000",
            "A_WIDTH": "00000000000000000000000000000111",
            "B_SIGNED": "00000000000000000000000000000000",
            "B_WIDTH": "00000000000000000000000000000001",
            "Y_WIDTH": "00000000000000000000000000001000"
          },
          "attributes": {
            "src": "designs/77/top.sv:23.37-23.67"
          },
          "port_directions": {
            "A": "input",
            "B": "input",
            "Y": "output"
          },
          "connections": {
            "A": [ 178, 179, 180, 181, 182, 183, 184 ],
            "B": [ 26 ],
            "Y": [ 185, 186, 187, 188, 189, 190, 191, 192 ]
          }
        },
        "$mul$designs/77/top.sv:23$6": {
          "hide_name": 1,
          "type": "$mul",
          "parameters": {
            "A_SIGNED": "00000000000000000000000000000000",
            "A_WIDTH": "00000000000000000000000000001000",
            "B_SIGNED": "00000000000000000000000000000000",
            "B_WIDTH": "00000000000000000000000000001110",
            "Y_WIDTH": "00000000000000000000000000010110"
          },
          "attributes": {
            "src": "designs/77/top.sv:23.36-23.80"
          },
          "port_directions": {
            "A": "input",
            "B": "input",
            "Y": "output"
          },
          "connections": {
            "A": [ 185, 186, 187, 188, 189, 190, 191, 192 ],
            "B": [ "1", "1", "1", "1", "0", "1", "0", "1", "0", "1", "1", "1", "0", "1" ],
            "Y": [ 193, 194, 195, 196, 197, 198, 199, 200, 201, 202, 203, 204, 205, 206, 207, 208, 209, 210, 211, 212, 213, 214 ]
          }
        },
        "$mul$designs/77/top.sv:23$7": {
          "hide_name": 1,
          "type": "$mul",
          "parameters": {
            "A_SIGNED": "00000000000000000000000000000000",
            "A_WIDTH": "00000000000000000000000000010110",
            "B_SIGNED": "00000000000000000000000000000000",
            "B_WIDTH": "00000000000000000000000000000111",
            "Y_WIDTH": "00000000000000000000000000010000"
          },
          "attributes": {
            "src": "designs/77/top.sv:23.35-23.94"
          },
          "port_directions": {
            "A": "input",
            "B": "input",
            "Y": "output"
          },
          "connections": {
            "A": [ 193, 194, 195, 196, 197, 198, 199, 200, 201, 202, 203, 204, 205, 206, 207, 208, 209, 210, 211, 212, 213, 214 ],
            "B": [ 2, 3, 4, 5, 6, 7, 8 ],
            "Y": [ 215, 216, 217, 218, 219, 220, 221, 222, 223, 224, 225, 226, 227, 228, 229, 230 ]
          }
        },
        "$mul$designs/77/top.sv:26$13": {
          "hide_name": 1,
          "type": "$mul",
          "parameters": {
            "A_SIGNED": "00000000000000000000000000000000",
            "A_WIDTH": "00000000000000000000000000011110",
            "B_SIGNED": "00000000000000000000000000000000",
            "B_WIDTH": "00000000000000000000000000000111",
            "Y_WIDTH": "00000000000000000000000000001011"
          },
          "attributes": {
            "src": "designs/77/top.sv:26.23-26.60"
          },
          "port_directions": {
            "A": "input",
            "B": "input",
            "Y": "output"
          },
          "connections": {
            "A": [ 59, 60, 61, 62, 63, 64, 65, 66, 67, 68, 69, 70, 71, 72, 73, 74, 75, 76, 77, 78, 79, 80, 81, 82, 83, 84, 85, 86, 87, 88 ],
            "B": [ 2, 3, 4, 5, 6, 7, 8 ],
            "Y": [ 117, 231, 232, 233, 234, 235, 236, 237, 238, 239, 240 ]
          }
        },
        "$mul$designs/77/top.sv:27$16": {
          "hide_name": 1,
          "type": "$mul",
          "parameters": {
            "A_SIGNED": "00000000000000000000000000000000",
            "A_WIDTH": "00000000000000000000000000000111",
            "B_SIGNED": "00000000000000000000000000000000",
            "B_WIDTH": "00000000000000000000000000000111",
            "Y_WIDTH": "00000000000000000000000000001000"
          },
          "attributes": {
            "src": "designs/77/top.sv:27.22-27.56"
          },
          "port_directions": {
            "A": "input",
            "B": "input",
            "Y": "output"
          },
          "connections": {
            "A": [ 119, 3, 4, 5, 6, 7, 8 ],
            "B": [ 2, 3, 4, 5, 6, 7, 8 ],
            "Y": [ 153, 154, 155, 156, 157, 158, 159, 160 ]
          }
        },
        "$mul$designs/77/top.sv:28$17": {
          "hide_name": 1,
          "type": "$mul",
          "parameters": {
            "A_SIGNED": "00000000000000000000000000000000",
            "A_WIDTH": "00000000000000000000000000000100",
            "B_SIGNED": "00000000000000000000000000000000",
            "B_WIDTH": "00000000000000000000000000001000",
            "Y_WIDTH": "00000000000000000000000000001100"
          },
          "attributes": {
            "src": "designs/77/top.sv:28.26-28.41"
          },
          "port_directions": {
            "A": "input",
            "B": "input",
            "Y": "output"
          },
          "connections": {
            "A": [ 55, 56, 57, 58 ],
            "B": [ 153, 154, 155, 156, 157, 158, 159, 160 ],
            "Y": [ 151, 121, 122, 123, 124, 125, 126, 241, 242, 243, 244, 245 ]
          }
        },
        "$ne$designs/77/top.sv:21$3": {
          "hide_name": 1,
          "type": "$ne",
          "parameters": {
            "A_SIGNED": "00000000000000000000000000000000",
            "A_WIDTH": "00000000000000000000000000000111",
            "B_SIGNED": "00000000000000000000000000000000",
            "B_WIDTH": "00000000000000000000000000000010",
            "Y_WIDTH": "00000000000000000000000000000001"
          },
          "attributes": {
            "src": "designs/77/top.sv:21.22-21.66"
          },
          "port_directions": {
            "A": "input",
            "B": "input",
            "Y": "output"
          },
          "connections": {
            "A": [ 178, 179, 180, 181, 182, 183, 184 ],
            "B": [ 246, 177 ],
            "Y": [ 26 ]
          }
        },
        "$ne$designs/77/top.sv:32$27": {
          "hide_name": 1,
          "type": "$ne",
          "parameters": {
            "A_SIGNED": "00000000000000000000000000000000",
            "A_WIDTH": "00000000000000000000000000000001",
            "B_SIGNED": "00000000000000000000000000000000",
            "B_WIDTH": "00000000000000000000000000000010",
            "Y_WIDTH": "00000000000000000000000000000001"
          },
          "attributes": {
            "src": "designs/77/top.sv:32.27-32.68"
          },
          "port_directions": {
            "A": "input",
            "B": "input",
            "Y": "output"
          },
          "connections": {
            "A": [ 176 ],
            "B": [ 57, 58 ],
            "Y": [ 162 ]
          }
        },
        "$or$designs/77/top.sv:23$4": {
          "hide_name": 1,
          "type": "$or",
          "parameters": {
            "A_SIGNED": "00000000000000000000000000000000",
            "A_WIDTH": "00000000000000000000000000000111",
            "B_SIGNED": "00000000000000000000000000000000",
            "B_WIDTH": "00000000000000000000000000000111",
            "Y_WIDTH": "00000000000000000000000000000111"
          },
          "attributes": {
            "src": "designs/77/top.sv:23.38-23.57"
          },
          "port_directions": {
            "A": "input",
            "B": "input",
            "Y": "output"
          },
          "connections": {
            "A": [ 2, 3, 4, 5, 6, 7, 8 ],
            "B": [ 2, 3, 4, 5, 6, 7, 8 ],
            "Y": [ 178, 179, 180, 181, 182, 183, 184 ]
          }
        },
        "$shl$designs/77/top.sv:25$10": {
          "hide_name": 1,
          "type": "$shl",
          "parameters": {
            "A_SIGNED": "00000000000000000000000000000000",
            "A_WIDTH": "00000000000000000000000000000110",
            "B_SIGNED": "00000000000000000000000000000000",
            "B_WIDTH": "00000000000000000000000000010000",
            "Y_WIDTH": "00000000000000000000000000000100"
          },
          "attributes": {
            "src": "designs/77/top.sv:25.22-25.69"
          },
          "port_directions": {
            "A": "input",
            "B": "input",
            "Y": "output"
          },
          "connections": {
            "A": [ 32, 33, 34, 35, 36, 37 ],
            "B": [ 215, 216, 217, 218, 219, 220, 221, 222, 223, 224, 225, 226, 227, 228, 229, 230 ],
            "Y": [ 55, 56, 57, 58 ]
          }
        },
        "$sub$designs/77/top.sv:20$1": {
          "hide_name": 1,
          "type": "$sub",
          "parameters": {
            "A_SIGNED": "00000000000000000000000000000000",
            "A_WIDTH": "00000000000000000000000000000010",
            "B_SIGNED": "00000000000000000000000000000000",
            "B_WIDTH": "00000000000000000000000000000010",
            "Y_WIDTH": "00000000000000000000000000000010"
          },
          "attributes": {
            "src": "designs/77/top.sv:20.22-20.37"
          },
          "port_directions": {
            "A": "input",
            "B": "input",
            "Y": "output"
          },
          "connections": {
            "A": [ 2, 3 ],
            "B": [ 2, 3 ],
            "Y": [ 246, 177 ]
          }
        },
        "$sub$designs/77/top.sv:26$11": {
          "hide_name": 1,
          "type": "$sub",
          "parameters": {
            "A_SIGNED": "00000000000000000000000000000000",
            "A_WIDTH": "00000000000000000000000000010000",
            "B_SIGNED": "00000000000000000000000000000000",
            "B_WIDTH": "00000000000000000000000000000100",
            "Y_WIDTH": "00000000000000000000000000010001"
          },
          "attributes": {
            "src": "designs/77/top.sv:26.25-26.40"
          },
          "port_directions": {
            "A": "input",
            "B": "input",
            "Y": "output"
          },
          "connections": {
            "A": [ 215, 216, 217, 218, 219, 220, 221, 222, 223, 224, 225, 226, 227, 228, 229, 230 ],
            "B": [ 55, 56, 57, 58 ],
            "Y": [ 38, 39, 40, 41, 42, 43, 44, 45, 46, 47, 48, 49, 50, 51, 52, 53, 54 ]
          }
        },
        "$sub$designs/77/top.sv:28$21": {
          "hide_name": 1,
          "type": "$sub",
          "parameters": {
            "A_SIGNED": "00000000000000000000000000000000",
            "A_WIDTH": "00000000000000000000000000001100",
            "B_SIGNED": "00000000000000000000000000000000",
            "B_WIDTH": "00000000000000000000000000000001",
            "Y_WIDTH": "00000000000000000000000000001101"
          },
          "attributes": {
            "src": "designs/77/top.sv:28.22-28.91"
          },
          "port_directions": {
            "A": "input",
            "B": "input",
            "Y": "output"
          },
          "connections": {
            "A": [ 134, 135, 136, 137, 138, 139, 140, "0", "0", "0", "0", "0" ],
            "B": [ 26 ],
            "Y": [ 247, 248, 249, 250, 251, 252, 253, 254, 255, 256, 257, 258, 259 ]
          }
        },
        "$sub$designs/77/top.sv:30$22": {
          "hide_name": 1,
          "type": "$sub",
          "parameters": {
            "A_SIGNED": "00000000000000000000000000000000",
            "A_WIDTH": "00000000000000000000000000001000",
            "B_SIGNED": "00000000000000000000000000000000",
            "B_WIDTH": "00000000000000000000000000001011",
            "Y_WIDTH": "00000000000000000000000000001100"
          },
          "attributes": {
            "src": "designs/77/top.sv:30.25-30.40"
          },
          "port_directions": {
            "A": "input",
            "B": "input",
            "Y": "output"
          },
          "connections": {
            "A": [ 153, 154, 155, 156, 157, 158, 159, 160 ],
            "B": [ 118, "0", "0", "0", "0", "0", "0", "0", "0", "0", "0" ],
            "Y": [ 149, 260, 261, 262, 263, 264, 265, 266, 267, 268, 269, 270 ]
          }
        },
        "$sub$designs/77/top.sv:30$24": {
          "hide_name": 1,
          "type": "$sub",
          "parameters": {
            "A_SIGNED": "00000000000000000000000000000000",
            "A_WIDTH": "00000000000000000000000000010000",
            "B_SIGNED": "00000000000000000000000000000000",
            "B_WIDTH": "00000000000000000000000000010000",
            "Y_WIDTH": "00000000000000000000000000010000"
          },
          "attributes": {
            "src": "designs/77/top.sv:30.23-30.60"
          },
          "port_directions": {
            "A": "input",
            "B": "input",
            "Y": "output"
          },
          "connections": {
            "A": [ 150, 260, 261, 262, 263, 264, 265, 266, 267, 268, 269, 270, 270, 270, 270, 270 ],
            "B": [ 247, 248, 249, 250, 251, 252, 253, 254, 255, 256, 257, 258, 259, 259, 259, 259 ],
            "Y": [ 141, 142, 143, 144, 164, 165, 166, 167, 168, 169, 170, 171, 172, 173, 174, 175 ]
          }
        },
        "$sub$designs/77/top.sv:34$36": {
          "hide_name": 1,
          "type": "$sub",
          "parameters": {
            "A_SIGNED": "00000000000000000000000000000000",
            "A_WIDTH": "00000000000000000000000000001101",
            "B_SIGNED": "00000000000000000000000000000000",
            "B_WIDTH": "00000000000000000000000000010000",
            "Y_WIDTH": "00000000000000000000000000010001"
          },
          "attributes": {
            "src": "designs/77/top.sv:34.27-34.103"
          },
          "port_directions": {
            "A": "input",
            "B": "input",
            "Y": "output"
          },
          "connections": {
            "A": [ 104, 105, 106, 107, 108, 109, 110, 111, 112, 113, 114, 115, 116 ],
            "B": [ 145, 146, 147, 148, 164, 165, 166, 167, 168, 169, 170, 171, 172, 173, 174, 175 ],
            "Y": [ 9, 10, 11, 12, 13, 14, 15, 16, 17, 18, 19, 20, 21, 22, 23, 24, 25 ]
          }
        }
      },
      "netnames": {
        "$add$designs/77/top.sv:25$8_Y": {
          "hide_name": 1,
          "bits": [ 27, 28, 29, 30, 31, "0", "0", "0", "0", "0", "0", "0", "0", "0", "0", "0", "0", "0", "0", "0", "0", "0", "0", "0", "0", "0", "0", "0", "0", "0" ],
          "attributes": {
            "src": "designs/77/top.sv:25.24-25.48"
          }
        },
        "$add$designs/77/top.sv:25$9_Y": {
          "hide_name": 1,
          "bits": [ 32, 33, 34, 35, 36, 37, "0", "0", "0", "0", "0", "0", "0", "0", "0", "0", "0", "0", "0", "0", "0", "0", "0", "0", "0", "0", "0", "0", "0", "0" ],
          "attributes": {
            "src": "designs/77/top.sv:25.23-25.58"
          }
        },
        "$add$designs/77/top.sv:26$12_Y": {
          "hide_name": 1,
          "bits": [ 59, 60, 61, 62, 63, 64, 65, 66, 67, 68, 69, 70, 71, 72, 73, 74, 75, 76, 77, 78, 79, 80, 81, 82, 83, 84, 85, 86, 87, 88 ],
          "attributes": {
            "src": "designs/77/top.sv:26.24-26.50"
          }
        },
        "$add$designs/77/top.sv:34$33_Y": {
          "hide_name": 1,
          "bits": [ 90, 91, 92, 93, 94, 95, 96, 97, 98, 99, 100, 101, "0", "0", "0", "0", "0", "0", "0", "0", "0", "0", "0", "0", "0" ],
          "attributes": {
            "src": "designs/77/top.sv:34.38-34.70",
            "unused_bits": "1 2 3 4 5 6 7 8 9 10 11"
          }
        },
        "$add$designs/77/top.sv:34$35_Y": {
          "hide_name": 1,
          "bits": [ 104, 105, 106, 107, 108, 109, 110, 111, 112, 113, 114, 115, 116 ],
          "attributes": {
          }
        },
        "$and$designs/77/top.sv:28$19_Y": {
          "hide_name": 1,
          "bits": [ 127, 128, 129, 130, 131, 132 ],
          "attributes": {
          }
        },
        "$and$designs/77/top.sv:28$20_Y": {
          "hide_name": 1,
          "bits": [ 134, 135, 136, 137, 138, 139, 140, "0", "0", "0", "0", "0", "0", "0", "0", "0", "0", "0", "0", "0", "0", "0", "0", "0" ],
          "attributes": {
            "src": "designs/77/top.sv:28.23-28.75"
          }
        },
        "$and$designs/77/top.sv:34$34_Y": {
          "hide_name": 1,
          "bits": [ 102, "0", "0", "0", "0", "0", "0", "0", "0", "0", "0", "0" ],
          "attributes": {
          }
        },
        "$auto$opt_expr.cc:205:group_cell_inputs$45": {
          "hide_name": 1,
          "bits": [ 119 ],
          "attributes": {
          }
        },
        "$auto$opt_expr.cc:205:group_cell_inputs$48": {
          "hide_name": 1,
          "bits": [ 120, 121, 122, 123, 124, 125, 126, 241, 242, 243, 244 ],
          "attributes": {
            "unused_bits": "7 8 9 10"
          }
        },
        "$auto$opt_expr.cc:205:group_cell_inputs$50": {
          "hide_name": 1,
          "bits": [ 245 ],
          "attributes": {
            "unused_bits": "0 "
          }
        },
        "$auto$opt_expr.cc:205:group_cell_inputs$51": {
          "hide_name": 1,
          "bits": [ 127, 128, 129, 130, 131, 132, 133 ],
          "attributes": {
          }
        },
        "$auto$opt_expr.cc:205:group_cell_inputs$59": {
          "hide_name": 1,
          "bits": [ 150, 260, 261, 262, 263, 264, 265, 266, 267, 268, 269 ],
          "attributes": {
          }
        },
        "$auto$opt_expr.cc:205:group_cell_inputs$61": {
          "hide_name": 1,
          "bits": [ 270 ],
          "attributes": {
          }
        },
        "$auto$opt_expr.cc:205:group_cell_inputs$65": {
          "hide_name": 1,
          "bits": [ 89, 3, 4, 5, 6, 7, 8 ],
          "attributes": {
          }
        },
        "$eq$designs/77/top.sv:32$30_Y": {
          "hide_name": 1,
          "bits": [ 161 ],
          "attributes": {
            "src": "designs/77/top.sv:32.24-32.101"
          }
        },
        "$ge$designs/77/top.sv:32$28_Y": {
          "hide_name": 1,
          "bits": [ 163, "0", "0", "0", "0", "0", "0", "0" ],
          "attributes": {
            "src": "designs/77/top.sv:32.26-32.79"
          }
        },
        "$gt$designs/77/top.sv:32$26_Y": {
          "hide_name": 1,
          "bits": [ 176, "0" ],
          "attributes": {
            "src": "designs/77/top.sv:32.28-32.52"
          }
        },
        "$le$designs/77/top.sv:32$29_Y": {
          "hide_name": 1,
          "bits": [ 152, "0", "0", "0", "0", "0", "0", "0" ],
          "attributes": {
            "src": "designs/77/top.sv:32.25-32.90"
          }
        },
        "$mul$designs/77/top.sv:23$5_Y": {
          "hide_name": 1,
          "bits": [ 185, 186, 187, 188, 189, 190, 191, 192, "0", "0", "0", "0", "0", "0", "0", "0", "0", "0", "0", "0", "0", "0", "0", "0", "0", "0", "0", "0", "0", "0" ],
          "attributes": {
            "src": "designs/77/top.sv:23.37-23.67"
          }
        },
        "$mul$designs/77/top.sv:23$6_Y": {
          "hide_name": 1,
          "bits": [ 193, 194, 195, 196, 197, 198, 199, 200, 201, 202, 203, 204, 205, 206, 207, 208, 209, 210, 211, 212, 213, 214, "0", "0", "0", "0", "0", "0", "0", "0" ],
          "attributes": {
            "src": "designs/77/top.sv:23.36-23.80"
          }
        },
        "$mul$designs/77/top.sv:26$13_Y": {
          "hide_name": 1,
          "bits": [ 117, 231, 232, 233, 234, 235, 236, 237, 238, 239, 240, 271, 272, 273, 274, 275, 276, 277, 278, 279, 280, 281, 282, 283, 284, 285, 286, 287, 288, 289 ],
          "attributes": {
            "src": "designs/77/top.sv:26.23-26.60",
            "unused_bits": "1 2 3 4 5 6 7 8 9 10 11 12 13 14 15 16 17 18 19 20 21 22 23 24 25 26 27 28 29"
          }
        },
        "$mul$designs/77/top.sv:28$17_Y": {
          "hide_name": 1,
          "bits": [ 151, 121, 122, 123, 124, 125, 126, 241, 242, 243, 244, 245, "0", "0", "0", "0", "0", "0", "0", "0", "0", "0", "0", "0" ],
          "attributes": {
            "src": "designs/77/top.sv:28.26-28.41",
            "unused_bits": "7 8 9 10 11"
          }
        },
        "$ne$designs/77/top.sv:32$27_Y": {
          "hide_name": 1,
          "bits": [ 162, "0", "0", "0", "0", "0", "0", "0", "0", "0", "0", "0", "0", "0", "0", "0", "0", "0", "0", "0", "0", "0", "0" ],
          "attributes": {
            "src": "designs/77/top.sv:32.27-32.68"
          }
        },
        "$or$designs/77/top.sv:21$2_Y": {
          "hide_name": 1,
          "bits": [ 178, 179, 180, 181, 182, 183, 184 ],
          "attributes": {
            "src": "designs/77/top.sv:21.23-21.55"
          }
        },
        "$sub$designs/77/top.sv:26$11_Y": {
          "hide_name": 1,
          "bits": [ 38, 39, 40, 41, 42, 43, 44, 45, 46, 47, 48, 49, 50, 51, 52, 53, 54, 54, 54, 54, 54, 54, 54, 54, 54, 54, 54, 54, 54, 54 ],
          "attributes": {
            "src": "designs/77/top.sv:26.25-26.40"
          }
        },
        "$sub$designs/77/top.sv:30$22_Y": {
          "hide_name": 1,
          "bits": [ 149, 260, 261, 262, 263, 264, 265, 266, 267, 268, 269, 270, 270, 270, 270, 270, 270, 270, 270, 270, 270, 270, 270, 270 ],
          "attributes": {
            "src": "designs/77/top.sv:30.25-30.40"
          }
        },
        "$sub$designs/77/top.sv:30$24_Y": {
          "hide_name": 1,
          "bits": [ 141, 142, 143, 144, 164, 165, 166, 167, 168, 169, 170, 171, 172, 173, 174, 175, 290, 291, 292, 293, 294, 295, 296, 297 ],
          "attributes": {
            "src": "designs/77/top.sv:30.23-30.60",
            "unused_bits": "16 17 18 19 20 21 22 23"
          }
        },
        "input_data": {
          "hide_name": 0,
          "bits": [ 2, 3, 4, 5, 6, 7, 8 ],
          "attributes": {
            "src": "designs/77/top.sv:2.17-2.27"
          }
        },
        "output_data": {
          "hide_name": 0,
          "bits": [ 9, 10, 11, 12, 13, 14, 15, 16, 17, 18, 19, 20, 21, 22, 23, 24, 25 ],
          "attributes": {
            "src": "designs/77/top.sv:3.19-3.30"
          }
        },
        "temp_1": {
          "hide_name": 0,
          "bits": [ 246, 177 ],
          "attributes": {
            "src": "designs/77/top.sv:7.17-7.23"
          }
        },
        "temp_11": {
          "hide_name": 0,
          "bits": [ 103, "0", "0", "0", "0", "0", "0" ],
          "attributes": {
            "src": "designs/77/top.sv:17.17-17.24"
          }
        },
        "temp_2": {
          "hide_name": 0,
          "bits": [ 26, "0", "0", "0", "0", "0", "0", "0", "0", "0", "0", "0", "0", "0", "0", "0", "0", "0", "0", "0", "0", "0", "0", "0", "0", "0", "0", "0", "0", "0" ],
          "attributes": {
            "src": "designs/77/top.sv:8.18-8.24"
          }
        },
        "temp_3": {
          "hide_name": 0,
          "bits": [ 215, 216, 217, 218, 219, 220, 221, 222, 223, 224, 225, 226, 227, 228, 229, 230 ],
          "attributes": {
            "src": "designs/77/top.sv:9.18-9.24"
          }
        },
        "temp_4": {
          "hide_name": 0,
          "bits": [ 55, 56, 57, 58 ],
          "attributes": {
            "src": "designs/77/top.sv:10.17-10.23"
          }
        },
        "temp_5": {
          "hide_name": 0,
          "bits": [ 118, "0", "0", "0", "0", "0", "0", "0", "0", "0", "0" ],
          "attributes": {
            "src": "designs/77/top.sv:11.18-11.24"
          }
        },
        "temp_6": {
          "hide_name": 0,
          "bits": [ 153, 154, 155, 156, 157, 158, 159, 160 ],
          "attributes": {
            "src": "designs/77/top.sv:12.17-12.23"
          }
        },
        "temp_7": {
          "hide_name": 0,
          "bits": [ 247, 248, 249, 250, 251, 252, 253, 254, 255, 256, 257, 258, 259, 259, 259, 259, 259, 259, 259, 259, 259, 259, 259, 259 ],
          "attributes": {
            "src": "designs/77/top.sv:13.18-13.24"
          }
        },
        "temp_9": {
          "hide_name": 0,
          "bits": [ 145, 146, 147, 148, 164, 165, 166, 167, 168, 169, 170, 171, 172, 173, 174, 175 ],
          "attributes": {
            "src": "designs/77/top.sv:15.18-15.24"
          }
        }
      }
    }
  }
}
