{
  "creator": "Yosys 0.60 (git sha1 5bafeb77dc71e054fa331ab9efa613e6fb0a1c49, clang++ 17.0.0 -fPIC -O3)",
  "modules": {
    "top": {
      "attributes": {
        "top": "00000000000000000000000000000001",
        "src": "designs/178/top.sv:1.1-48.10"
      },
      "ports": {
        "input_data": {
          "direction": "input",
          "bits": [ 2, 3, 4 ]
        },
        "output_data": {
          "direction": "output",
          "bits": [ 5, 6, 7, 8, 9, 10, 11, 12, 13, 14, 15, 16, 17, 18, 19, 20, 21, 22, 23, 24, 25, 26, 27, 28 ]
        }
      },
      "cells": {
        "$add$designs/178/top.sv:28$5": {
          "hide_name": 1,
          "type": "$add",
          "parameters": {
            "A_SIGNED": "00000000000000000000000000000000",
            "A_WIDTH": "00000000000000000000000000011001",
            "B_SIGNED": "00000000000000000000000000000000",
            "B_WIDTH": "00000000000000000000000000000011",
            "Y_WIDTH": "00000000000000000000000000011001"
          },
          "attributes": {
            "src": "designs/178/top.sv:28.53-28.109"
          },
          "port_directions": {
            "A": "input",
            "B": "input",
            "Y": "output"
          },
          "connections": {
            "A": [ 29, 30, 31, "0", "0", "0", "0", "0", "0", "0", "0", "0", "0", "0", "0", "0", "0", "0", "0", "0", "0", "0", "0", "0", "0" ],
            "B": [ 32, 33, 34 ],
            "Y": [ 35, 36, 37, 38, 39, 40, 41, 42, 43, 44, 45, 46, 47, 48, 49, 50, 51, 52, 53, 54, 55, 56, 57, 58, 59 ]
          }
        },
        "$add$designs/178/top.sv:28$7": {
          "hide_name": 1,
          "type": "$add",
          "parameters": {
            "A_SIGNED": "00000000000000000000000000000000",
            "A_WIDTH": "00000000000000000000000000011001",
            "B_SIGNED": "00000000000000000000000000000000",
            "B_WIDTH": "00000000000000000000000000011001",
            "Y_WIDTH": "00000000000000000000000000011001"
          },
          "attributes": {
            "src": "designs/178/top.sv:28.52-28.122"
          },
          "port_directions": {
            "A": "input",
            "B": "input",
            "Y": "output"
          },
          "connections": {
            "A": [ 35, 36, 37, 38, 39, 40, 41, 42, 43, 44, 45, 46, 47, 48, 49, 50, 51, 52, 53, 54, 55, 56, 57, 58, 59 ],
            "B": [ 60, 61, 62, "1", "1", "1", "1", "1", "1", "1", "1", "1", "1", "1", "1", "1", "1", "1", "1", "1", "1", "1", "1", "1", "1" ],
            "Y": [ 63, 64, 65, 66, 67, 68, 69, 70, 71, 72, 73, 74, 75, 76, 77, 78, 79, 80, 81, 82, 83, 84, 85, 86, 87 ]
          }
        },
        "$add$designs/178/top.sv:30$12": {
          "hide_name": 1,
          "type": "$add",
          "parameters": {
            "A_SIGNED": "00000000000000000000000000000000",
            "A_WIDTH": "00000000000000000000000000000011",
            "B_SIGNED": "00000000000000000000000000000000",
            "B_WIDTH": "00000000000000000000000000000011",
            "Y_WIDTH": "00000000000000000000000000000100"
          },
          "attributes": {
            "src": "designs/178/top.sv:30.22-30.41"
          },
          "port_directions": {
            "A": "input",
            "B": "input",
            "Y": "output"
          },
          "connections": {
            "A": [ 2, 3, 4 ],
            "B": [ 2, 3, 4 ],
            "Y": [ 88, 89, 90, 91 ]
          }
        },
        "$add$designs/178/top.sv:32$24": {
          "hide_name": 1,
          "type": "$add",
          "parameters": {
            "A_SIGNED": "00000000000000000000000000000000",
            "A_WIDTH": "00000000000000000000000000001001",
            "B_SIGNED": "00000000000000000000000000000000",
            "B_WIDTH": "00000000000000000000000000000011",
            "Y_WIDTH": "00000000000000000000000000001010"
          },
          "attributes": {
            "src": "designs/178/top.sv:32.22-32.93"
          },
          "port_directions": {
            "A": "input",
            "B": "input",
            "Y": "output"
          },
          "connections": {
            "A": [ 92, 93, 94, 95, 96, 97, 98, 99, 100 ],
            "B": [ 2, 3, 4 ],
            "Y": [ 101, 102, 103, 104, 105, 106, 107, 108, 109, 110 ]
          }
        },
        "$add$designs/178/top.sv:33$26": {
          "hide_name": 1,
          "type": "$add",
          "parameters": {
            "A_SIGNED": "00000000000000000000000000000000",
            "A_WIDTH": "00000000000000000000000000000100",
            "B_SIGNED": "00000000000000000000000000000000",
            "B_WIDTH": "00000000000000000000000000000011",
            "Y_WIDTH": "00000000000000000000000000000101"
          },
          "attributes": {
            "src": "designs/178/top.sv:33.39-33.80"
          },
          "port_directions": {
            "A": "input",
            "B": "input",
            "Y": "output"
          },
          "connections": {
            "A": [ 111, 112, 113, 91 ],
            "B": [ 2, 3, 4 ],
            "Y": [ 114, 115, 116, 117, 118 ]
          }
        },
        "$add$designs/178/top.sv:35$41": {
          "hide_name": 1,
          "type": "$add",
          "parameters": {
            "A_SIGNED": "00000000000000000000000000000000",
            "A_WIDTH": "00000000000000000000000000001101",
            "B_SIGNED": "00000000000000000000000000000000",
            "B_WIDTH": "00000000000000000000000000000011",
            "Y_WIDTH": "00000000000000000000000000001110"
          },
          "attributes": {
            "src": "designs/178/top.sv:35.36-35.82"
          },
          "port_directions": {
            "A": "input",
            "B": "input",
            "Y": "output"
          },
          "connections": {
            "A": [ 119, 120, 121, "0", "0", "0", "0", "0", "0", "0", "0", "0", "0" ],
            "B": [ 2, 3, 4 ],
            "Y": [ 122, 123, 124, 125, 126, 127, 128, 129, 130, 131, 132, 133, 134, 135 ]
          }
        },
        "$add$designs/178/top.sv:35$46": {
          "hide_name": 1,
          "type": "$add",
          "parameters": {
            "A_SIGNED": "00000000000000000000000000000000",
            "A_WIDTH": "00000000000000000000000000000010",
            "B_SIGNED": "00000000000000000000000000000000",
            "B_WIDTH": "00000000000000000000000000000010",
            "Y_WIDTH": "00000000000000000000000000000010"
          },
          "attributes": {
            "src": "designs/178/top.sv:35.31-35.132"
          },
          "port_directions": {
            "A": "input",
            "B": "input",
            "Y": "output"
          },
          "connections": {
            "A": [ 136, 137 ],
            "B": [ 88, 89 ],
            "Y": [ 138, 139 ]
          }
        },
        "$add$designs/178/top.sv:38$71": {
          "hide_name": 1,
          "type": "$add",
          "parameters": {
            "A_SIGNED": "00000000000000000000000000000000",
            "A_WIDTH": "00000000000000000000000000011010",
            "B_SIGNED": "00000000000000000000000000000000",
            "B_WIDTH": "00000000000000000000000000001101",
            "Y_WIDTH": "00000000000000000000000000011010"
          },
          "attributes": {
            "src": "designs/178/top.sv:38.35-38.102"
          },
          "port_directions": {
            "A": "input",
            "B": "input",
            "Y": "output"
          },
          "connections": {
            "A": [ 140, 141, 142, 143, 144, 145, 146, 147, 148, 149, 150, 151, 152, 153, 154, 155, 156, 157, 158, 159, 160, 161, 162, 163, 164, 165 ],
            "B": [ 166, 167, 168, "0", "0", "0", "0", "0", "0", "0", "0", "0", "0" ],
            "Y": [ 169, 170, 171, 172, 173, 174, 175, 176, 177, 178, 179, 180, 181, 182, 183, 184, 185, 186, 187, 188, 189, 190, 191, 192, 193, 194 ]
          }
        },
        "$add$designs/178/top.sv:38$74": {
          "hide_name": 1,
          "type": "$add",
          "parameters": {
            "A_SIGNED": "00000000000000000000000000000000",
            "A_WIDTH": "00000000000000000000000000011010",
            "B_SIGNED": "00000000000000000000000000000000",
            "B_WIDTH": "00000000000000000000000000001110",
            "Y_WIDTH": "00000000000000000000000000011010"
          },
          "attributes": {
            "src": "designs/178/top.sv:38.32-38.142"
          },
          "port_directions": {
            "A": "input",
            "B": "input",
            "Y": "output"
          },
          "connections": {
            "A": [ 195, 196, "0", "0", "0", "0", "0", "0", "0", "0", "0", "0", "0", "0", "0", "0", "0", "0", "0", "0", "0", "0", "0", "0", "0", "0" ],
            "B": [ 197, 198, 199, 200, 201, 202, 203, 204, 205, 206, 207, 208, 209, 210 ],
            "Y": [ 211, 212, 213, 214, 215, 216, 217, 218, 219, 220, 221, 222, 223, 224, 225, 226, 227, 228, 229, 230, 231, 232, 233, 234, 235, 236 ]
          }
        },
        "$add$designs/178/top.sv:46$99": {
          "hide_name": 1,
          "type": "$add",
          "parameters": {
            "A_SIGNED": "00000000000000000000000000000000",
            "A_WIDTH": "00000000000000000000000000001001",
            "B_SIGNED": "00000000000000000000000000000000",
            "B_WIDTH": "00000000000000000000000000011000",
            "Y_WIDTH": "00000000000000000000000000011000"
          },
          "attributes": {
            "src": "designs/178/top.sv:46.38-46.54"
          },
          "port_directions": {
            "A": "input",
            "B": "input",
            "Y": "output"
          },
          "connections": {
            "A": [ 237, 238, 239, 95, 96, 97, 98, 99, 100 ],
            "B": [ 240, 241, 242, 243, 244, 245, 246, 247, 248, 249, 250, 251, 252, 253, 254, 255, 256, 257, 258, 259, 260, 261, 262, 263 ],
            "Y": [ 264, 265, 266, 267, 268, 269, 270, 271, 272, 273, 274, 275, 276, 277, 278, 279, 280, 281, 282, 283, 284, 285, 286, 287 ]
          }
        },
        "$and$designs/178/top.sv:27$1": {
          "hide_name": 1,
          "type": "$and",
          "parameters": {
            "A_SIGNED": "00000000000000000000000000000000",
            "A_WIDTH": "00000000000000000000000000000011",
            "B_SIGNED": "00000000000000000000000000000000",
            "B_WIDTH": "00000000000000000000000000000011",
            "Y_WIDTH": "00000000000000000000000000000011"
          },
          "attributes": {
            "src": "designs/178/top.sv:27.32-27.51"
          },
          "port_directions": {
            "A": "input",
            "B": "input",
            "Y": "output"
          },
          "connections": {
            "A": [ 2, 3, 4 ],
            "B": [ 2, 3, 4 ],
            "Y": [ 32, 33, 34 ]
          }
        },
        "$and$designs/178/top.sv:32$21": {
          "hide_name": 1,
          "type": "$and",
          "parameters": {
            "A_SIGNED": "00000000000000000000000000000000",
            "A_WIDTH": "00000000000000000000000000000011",
            "B_SIGNED": "00000000000000000000000000000000",
            "B_WIDTH": "00000000000000000000000000000011",
            "Y_WIDTH": "00000000000000000000000000000011"
          },
          "attributes": {
            "src": "designs/178/top.sv:32.25-32.59"
          },
          "port_directions": {
            "A": "input",
            "B": "input",
            "Y": "output"
          },
          "connections": {
            "A": [ 288, 289, 290 ],
            "B": [ 2, 3, 4 ],
            "Y": [ 291, 292, 293 ]
          }
        },
        "$and$designs/178/top.sv:35$45": {
          "hide_name": 1,
          "type": "$and",
          "parameters": {
            "A_SIGNED": "00000000000000000000000000000000",
            "A_WIDTH": "00000000000000000000000000000010",
            "B_SIGNED": "00000000000000000000000000000000",
            "B_WIDTH": "00000000000000000000000000000010",
            "Y_WIDTH": "00000000000000000000000000000010"
          },
          "attributes": {
            "src": "designs/178/top.sv:35.32-35.122"
          },
          "port_directions": {
            "A": "input",
            "B": "input",
            "Y": "output"
          },
          "connections": {
            "A": [ 294, 295 ],
            "B": [ 296, 297 ],
            "Y": [ 136, 137 ]
          }
        },
        "$auto$opt_expr.cc:276:group_cell_inputs$115": {
          "hide_name": 1,
          "type": "$and",
          "parameters": {
            "A_SIGNED": "00000000000000000000000000000000",
            "A_WIDTH": "00000000000000000000000000000011",
            "B_SIGNED": "00000000000000000000000000000000",
            "B_WIDTH": "00000000000000000000000000000011",
            "Y_WIDTH": "00000000000000000000000000000011"
          },
          "attributes": {
          },
          "port_directions": {
            "A": "input",
            "B": "input",
            "Y": "output"
          },
          "connections": {
            "A": [ 298, 299, 300 ],
            "B": [ 2, 3, 4 ],
            "Y": [ 301, 302, 303 ]
          }
        },
        "$auto$opt_expr.cc:276:group_cell_inputs$119": {
          "hide_name": 1,
          "type": "$xor",
          "parameters": {
            "A_SIGNED": "00000000000000000000000000000000",
            "A_WIDTH": "00000000000000000000000000000011",
            "B_SIGNED": "00000000000000000000000000000000",
            "B_WIDTH": "00000000000000000000000000000011",
            "Y_WIDTH": "00000000000000000000000000000011"
          },
          "attributes": {
          },
          "port_directions": {
            "A": "input",
            "B": "input",
            "Y": "output"
          },
          "connections": {
            "A": [ 301, 302, 303 ],
            "B": [ 2, 3, 4 ],
            "Y": [ 29, 30, 31 ]
          }
        },
        "$auto$opt_expr.cc:276:group_cell_inputs$122": {
          "hide_name": 1,
          "type": "$not",
          "parameters": {
            "A_SIGNED": "00000000000000000000000000000000",
            "A_WIDTH": "00000000000000000000000000000011",
            "Y_WIDTH": "00000000000000000000000000000011"
          },
          "attributes": {
          },
          "port_directions": {
            "A": "input",
            "Y": "output"
          },
          "connections": {
            "A": [ 2, 3, 4 ],
            "Y": [ 60, 61, 62 ]
          }
        },
        "$auto$opt_expr.cc:276:group_cell_inputs$126": {
          "hide_name": 1,
          "type": "$and",
          "parameters": {
            "A_SIGNED": "00000000000000000000000000000000",
            "A_WIDTH": "00000000000000000000000000000011",
            "B_SIGNED": "00000000000000000000000000000000",
            "B_WIDTH": "00000000000000000000000000000011",
            "Y_WIDTH": "00000000000000000000000000000011"
          },
          "attributes": {
          },
          "port_directions": {
            "A": "input",
            "B": "input",
            "Y": "output"
          },
          "connections": {
            "A": [ 63, 64, 65 ],
            "B": [ 2, 3, 4 ],
            "Y": [ 304, 305, 306 ]
          }
        },
        "$auto$opt_expr.cc:276:group_cell_inputs$130": {
          "hide_name": 1,
          "type": "$and",
          "parameters": {
            "A_SIGNED": "00000000000000000000000000000000",
            "A_WIDTH": "00000000000000000000000000000011",
            "B_SIGNED": "00000000000000000000000000000000",
            "B_WIDTH": "00000000000000000000000000000011",
            "Y_WIDTH": "00000000000000000000000000000011"
          },
          "attributes": {
          },
          "port_directions": {
            "A": "input",
            "B": "input",
            "Y": "output"
          },
          "connections": {
            "A": [ 304, 305, 306 ],
            "B": [ 2, 3, 4 ],
            "Y": [ 307, 308, 309 ]
          }
        },
        "$auto$opt_expr.cc:276:group_cell_inputs$134": {
          "hide_name": 1,
          "type": "$and",
          "parameters": {
            "A_SIGNED": "00000000000000000000000000000000",
            "A_WIDTH": "00000000000000000000000000000011",
            "B_SIGNED": "00000000000000000000000000000000",
            "B_WIDTH": "00000000000000000000000000000011",
            "Y_WIDTH": "00000000000000000000000000000011"
          },
          "attributes": {
          },
          "port_directions": {
            "A": "input",
            "B": "input",
            "Y": "output"
          },
          "connections": {
            "A": [ 310, 311, 312 ],
            "B": [ 2, 3, 4 ],
            "Y": [ 166, 167, 168 ]
          }
        },
        "$auto$opt_expr.cc:276:group_cell_inputs$143": {
          "hide_name": 1,
          "type": "$or",
          "parameters": {
            "A_SIGNED": "00000000000000000000000000000000",
            "A_WIDTH": "00000000000000000000000000000011",
            "B_SIGNED": "00000000000000000000000000000000",
            "B_WIDTH": "00000000000000000000000000000011",
            "Y_WIDTH": "00000000000000000000000000000011"
          },
          "attributes": {
          },
          "port_directions": {
            "A": "input",
            "B": "input",
            "Y": "output"
          },
          "connections": {
            "A": [ 313, 314, 315 ],
            "B": [ 2, 3, 4 ],
            "Y": [ 237, 238, 239 ]
          }
        },
        "$auto$opt_expr.cc:276:group_cell_inputs$146": {
          "hide_name": 1,
          "type": "$or",
          "parameters": {
            "A_SIGNED": "00000000000000000000000000000000",
            "A_WIDTH": "00000000000000000000000000000011",
            "B_SIGNED": "00000000000000000000000000000000",
            "B_WIDTH": "00000000000000000000000000000011",
            "Y_WIDTH": "00000000000000000000000000000011"
          },
          "attributes": {
          },
          "port_directions": {
            "A": "input",
            "B": "input",
            "Y": "output"
          },
          "connections": {
            "A": [ 291, 292, 293 ],
            "B": [ 237, 238, 239 ],
            "Y": [ 316, 317, 318 ]
          }
        },
        "$auto$opt_expr.cc:276:group_cell_inputs$149": {
          "hide_name": 1,
          "type": "$xor",
          "parameters": {
            "A_SIGNED": "00000000000000000000000000000000",
            "A_WIDTH": "00000000000000000000000000000011",
            "B_SIGNED": "00000000000000000000000000000000",
            "B_WIDTH": "00000000000000000000000000000011",
            "Y_WIDTH": "00000000000000000000000000000011"
          },
          "attributes": {
          },
          "port_directions": {
            "A": "input",
            "B": "input",
            "Y": "output"
          },
          "connections": {
            "A": [ 316, 317, 318 ],
            "B": [ 32, 33, 34 ],
            "Y": [ 92, 93, 94 ]
          }
        },
        "$auto$opt_expr.cc:276:group_cell_inputs$155": {
          "hide_name": 1,
          "type": "$and",
          "parameters": {
            "A_SIGNED": "00000000000000000000000000000000",
            "A_WIDTH": "00000000000000000000000000001001",
            "B_SIGNED": "00000000000000000000000000000000",
            "B_WIDTH": "00000000000000000000000000001001",
            "Y_WIDTH": "00000000000000000000000000001001"
          },
          "attributes": {
          },
          "port_directions": {
            "A": "input",
            "B": "input",
            "Y": "output"
          },
          "connections": {
            "A": [ 319, 320, 321, 322, 323, 324, 325, 326, 327 ],
            "B": [ 237, 238, 239, 95, 96, 97, 98, 99, 100 ],
            "Y": [ 328, 329, 330, 331, 332, 333, 334, 335, 336 ]
          }
        },
        "$auto$opt_expr.cc:276:group_cell_inputs$159": {
          "hide_name": 1,
          "type": "$xor",
          "parameters": {
            "A_SIGNED": "00000000000000000000000000000000",
            "A_WIDTH": "00000000000000000000000000000011",
            "B_SIGNED": "00000000000000000000000000000000",
            "B_WIDTH": "00000000000000000000000000000011",
            "Y_WIDTH": "00000000000000000000000000000011"
          },
          "attributes": {
          },
          "port_directions": {
            "A": "input",
            "B": "input",
            "Y": "output"
          },
          "connections": {
            "A": [ 337, 338, 339 ],
            "B": [ 2, 3, 4 ],
            "Y": [ 340, 341, 342 ]
          }
        },
        "$auto$opt_expr.cc:276:group_cell_inputs$162": {
          "hide_name": 1,
          "type": "$or",
          "parameters": {
            "A_SIGNED": "00000000000000000000000000000000",
            "A_WIDTH": "00000000000000000000000000000100",
            "B_SIGNED": "00000000000000000000000000000000",
            "B_WIDTH": "00000000000000000000000000000100",
            "Y_WIDTH": "00000000000000000000000000000100"
          },
          "attributes": {
          },
          "port_directions": {
            "A": "input",
            "B": "input",
            "Y": "output"
          },
          "connections": {
            "A": [ 343, 344, 345, 346 ],
            "B": [ 88, 89, 90, 91 ],
            "Y": [ 347, 348, 349, 350 ]
          }
        },
        "$auto$opt_expr.cc:276:group_cell_inputs$165": {
          "hide_name": 1,
          "type": "$and",
          "parameters": {
            "A_SIGNED": "00000000000000000000000000000000",
            "A_WIDTH": "00000000000000000000000000000011",
            "B_SIGNED": "00000000000000000000000000000000",
            "B_WIDTH": "00000000000000000000000000000011",
            "Y_WIDTH": "00000000000000000000000000000011"
          },
          "attributes": {
          },
          "port_directions": {
            "A": "input",
            "B": "input",
            "Y": "output"
          },
          "connections": {
            "A": [ 347, 348, 349 ],
            "B": [ 32, 33, 34 ],
            "Y": [ 351, 352, 353 ]
          }
        },
        "$auto$opt_expr.cc:276:group_cell_inputs$169": {
          "hide_name": 1,
          "type": "$xor",
          "parameters": {
            "A_SIGNED": "00000000000000000000000000000000",
            "A_WIDTH": "00000000000000000000000000000010",
            "B_SIGNED": "00000000000000000000000000000000",
            "B_WIDTH": "00000000000000000000000000000010",
            "Y_WIDTH": "00000000000000000000000000000010"
          },
          "attributes": {
          },
          "port_directions": {
            "A": "input",
            "B": "input",
            "Y": "output"
          },
          "connections": {
            "A": [ 3, 4 ],
            "B": [ 166, 167 ],
            "Y": [ 354, 355 ]
          }
        },
        "$auto$opt_expr.cc:276:group_cell_inputs$172": {
          "hide_name": 1,
          "type": "$and",
          "parameters": {
            "A_SIGNED": "00000000000000000000000000000000",
            "A_WIDTH": "00000000000000000000000000000011",
            "B_SIGNED": "00000000000000000000000000000000",
            "B_WIDTH": "00000000000000000000000000000011",
            "Y_WIDTH": "00000000000000000000000000000011"
          },
          "attributes": {
          },
          "port_directions": {
            "A": "input",
            "B": "input",
            "Y": "output"
          },
          "connections": {
            "A": [ 354, 355, 168 ],
            "B": [ 2, 3, 4 ],
            "Y": [ 119, 120, 121 ]
          }
        },
        "$auto$opt_expr.cc:276:group_cell_inputs$183": {
          "hide_name": 1,
          "type": "$or",
          "parameters": {
            "A_SIGNED": "00000000000000000000000000000000",
            "A_WIDTH": "00000000000000000000000000000011",
            "B_SIGNED": "00000000000000000000000000000000",
            "B_WIDTH": "00000000000000000000000000000011",
            "Y_WIDTH": "00000000000000000000000000000011"
          },
          "attributes": {
          },
          "port_directions": {
            "A": "input",
            "B": "input",
            "Y": "output"
          },
          "connections": {
            "A": [ 88, 89, 90 ],
            "B": [ 2, 3, 4 ],
            "Y": [ 111, 112, 113 ]
          }
        },
        "$auto$opt_expr.cc:276:group_cell_inputs$197": {
          "hide_name": 1,
          "type": "$or",
          "parameters": {
            "A_SIGNED": "00000000000000000000000000000000",
            "A_WIDTH": "00000000000000000000000000000011",
            "B_SIGNED": "00000000000000000000000000000000",
            "B_WIDTH": "00000000000000000000000000000011",
            "Y_WIDTH": "00000000000000000000000000000011"
          },
          "attributes": {
          },
          "port_directions": {
            "A": "input",
            "B": "input",
            "Y": "output"
          },
          "connections": {
            "A": [ 2, 3, 4 ],
            "B": [ 296, 297, 356 ],
            "Y": [ 357, 358, 359 ]
          }
        },
        "$auto$opt_expr.cc:276:group_cell_inputs$200": {
          "hide_name": 1,
          "type": "$or",
          "parameters": {
            "A_SIGNED": "00000000000000000000000000000000",
            "A_WIDTH": "00000000000000000000000000000011",
            "B_SIGNED": "00000000000000000000000000000000",
            "B_WIDTH": "00000000000000000000000000000011",
            "Y_WIDTH": "00000000000000000000000000000011"
          },
          "attributes": {
          },
          "port_directions": {
            "A": "input",
            "B": "input",
            "Y": "output"
          },
          "connections": {
            "A": [ 360, 361, 362 ],
            "B": [ 2, 3, 4 ],
            "Y": [ 363, 364, 365 ]
          }
        },
        "$auto$opt_expr.cc:276:group_cell_inputs$203": {
          "hide_name": 1,
          "type": "$and",
          "parameters": {
            "A_SIGNED": "00000000000000000000000000000000",
            "A_WIDTH": "00000000000000000000000000000111",
            "B_SIGNED": "00000000000000000000000000000000",
            "B_WIDTH": "00000000000000000000000000000111",
            "Y_WIDTH": "00000000000000000000000000000111"
          },
          "attributes": {
          },
          "port_directions": {
            "A": "input",
            "B": "input",
            "Y": "output"
          },
          "connections": {
            "A": [ 169, 170, 171, 172, 173, 174, 175 ],
            "B": [ 101, 102, 103, 104, 105, 106, 107 ],
            "Y": [ 366, 367, 368, 369, 370, 371, 372 ]
          }
        },
        "$auto$opt_expr.cc:276:group_cell_inputs$207": {
          "hide_name": 1,
          "type": "$and",
          "parameters": {
            "A_SIGNED": "00000000000000000000000000000000",
            "A_WIDTH": "00000000000000000000000000000010",
            "B_SIGNED": "00000000000000000000000000000000",
            "B_WIDTH": "00000000000000000000000000000010",
            "Y_WIDTH": "00000000000000000000000000000010"
          },
          "attributes": {
          },
          "port_directions": {
            "A": "input",
            "B": "input",
            "Y": "output"
          },
          "connections": {
            "A": [ 366, 367 ],
            "B": [ 138, 373 ],
            "Y": [ 195, 196 ]
          }
        },
        "$auto$opt_expr.cc:276:group_cell_inputs$243": {
          "hide_name": 1,
          "type": "$or",
          "parameters": {
            "A_SIGNED": "00000000000000000000000000000000",
            "A_WIDTH": "00000000000000000000000000000011",
            "B_SIGNED": "00000000000000000000000000000000",
            "B_WIDTH": "00000000000000000000000000000011",
            "Y_WIDTH": "00000000000000000000000000000011"
          },
          "attributes": {
          },
          "port_directions": {
            "A": "input",
            "B": "input",
            "Y": "output"
          },
          "connections": {
            "A": [ 2, 3, 4 ],
            "B": [ 166, 167, 168 ],
            "Y": [ 374, 375, 376 ]
          }
        },
        "$mul$designs/178/top.sv:28$10": {
          "hide_name": 1,
          "type": "$mul",
          "parameters": {
            "A_SIGNED": "00000000000000000000000000000000",
            "A_WIDTH": "00000000000000000000000000011001",
            "B_SIGNED": "00000000000000000000000000000000",
            "B_WIDTH": "00000000000000000000000000000011",
            "Y_WIDTH": "00000000000000000000000000001101"
          },
          "attributes": {
            "src": "designs/178/top.sv:28.33-28.154"
          },
          "port_directions": {
            "A": "input",
            "B": "input",
            "Y": "output"
          },
          "connections": {
            "A": [ 307, 308, 309, "0", "0", "0", "0", "0", "0", "0", "0", "0", "0", "0", "0", "0", "0", "0", "0", "0", "0", "0", "0", "0", "0" ],
            "B": [ 32, 33, 34 ],
            "Y": [ 310, 311, 312, 377, 378, 379, 380, 381, 382, 383, 384, 385, 386 ]
          }
        },
        "$mul$designs/178/top.sv:31$18": {
          "hide_name": 1,
          "type": "$mul",
          "parameters": {
            "A_SIGNED": "00000000000000000000000000000000",
            "A_WIDTH": "00000000000000000000000000001101",
            "B_SIGNED": "00000000000000000000000000000000",
            "B_WIDTH": "00000000000000000000000000000011",
            "Y_WIDTH": "00000000000000000000000000001001"
          },
          "attributes": {
            "src": "designs/178/top.sv:31.23-31.120"
          },
          "port_directions": {
            "A": "input",
            "B": "input",
            "Y": "output"
          },
          "connections": {
            "A": [ 374, 375, 376, "0", "0", "0", "0", "0", "0", "0", "0", "0", "0" ],
            "B": [ 2, 3, 4 ],
            "Y": [ 313, 314, 315, 95, 96, 97, 98, 99, 100 ]
          }
        },
        "$mul$designs/178/top.sv:33$28": {
          "hide_name": 1,
          "type": "$mul",
          "parameters": {
            "A_SIGNED": "00000000000000000000000000000001",
            "A_WIDTH": "00000000000000000000000000000110",
            "B_SIGNED": "00000000000000000000000000000001",
            "B_WIDTH": "00000000000000000000000000000100",
            "Y_WIDTH": "00000000000000000000000000001010"
          },
          "attributes": {
            "src": "designs/178/top.sv:33.37-33.104"
          },
          "port_directions": {
            "A": "input",
            "B": "input",
            "Y": "output"
          },
          "connections": {
            "A": [ 387, 388, 389, 390, 391, 392 ],
            "B": [ 2, 3, 4, "0" ],
            "Y": [ 319, 320, 321, 322, 323, 324, 325, 326, 327, 393 ]
          }
        },
        "$mul$designs/178/top.sv:34$37": {
          "hide_name": 1,
          "type": "$mul",
          "parameters": {
            "A_SIGNED": "00000000000000000000000000000000",
            "A_WIDTH": "00000000000000000000000000011010",
            "B_SIGNED": "00000000000000000000000000000000",
            "B_WIDTH": "00000000000000000000000000000011",
            "Y_WIDTH": "00000000000000000000000000011010"
          },
          "attributes": {
            "src": "designs/178/top.sv:34.23-34.71"
          },
          "port_directions": {
            "A": "input",
            "B": "input",
            "Y": "output"
          },
          "connections": {
            "A": [ 351, 352, 353, "0", "0", "0", "0", "0", "0", "0", "0", "0", "0", "0", "0", "0", "0", "0", "0", "0", "0", "0", "0", "0", "0", "0" ],
            "B": [ 2, 3, 4 ],
            "Y": [ 394, 395, 396, 397, 398, 399, 400, 401, 402, 403, 404, 405, 406, 407, 408, 409, 410, 411, 412, 413, 414, 415, 416, 417, 418, 419 ]
          }
        },
        "$mul$designs/178/top.sv:35$43": {
          "hide_name": 1,
          "type": "$mul",
          "parameters": {
            "A_SIGNED": "00000000000000000000000000000000",
            "A_WIDTH": "00000000000000000000000000011010",
            "B_SIGNED": "00000000000000000000000000000000",
            "B_WIDTH": "00000000000000000000000000001110",
            "Y_WIDTH": "00000000000000000000000000011010"
          },
          "attributes": {
            "src": "designs/178/top.sv:35.34-35.102"
          },
          "port_directions": {
            "A": "input",
            "B": "input",
            "Y": "output"
          },
          "connections": {
            "A": [ 420, 421, 422, 423, 424, 425, 426, 427, 428, 429, 430, 431, 432, 433, 434, 434, 434, 434, 434, 434, 434, 434, 434, 434, 434, 434 ],
            "B": [ 197, 198, 199, 200, 201, 202, 203, 204, 205, 206, 207, 208, 209, 210 ],
            "Y": [ 435, 436, 437, 438, 439, 440, 441, 442, 443, 444, 445, 446, 447, 448, 449, 450, 451, 452, 453, 454, 455, 456, 457, 458, 459, 460 ]
          }
        },
        "$mul$designs/178/top.sv:35$44": {
          "hide_name": 1,
          "type": "$mul",
          "parameters": {
            "A_SIGNED": "00000000000000000000000000000000",
            "A_WIDTH": "00000000000000000000000000011010",
            "B_SIGNED": "00000000000000000000000000000000",
            "B_WIDTH": "00000000000000000000000000000011",
            "Y_WIDTH": "00000000000000000000000000000010"
          },
          "attributes": {
            "src": "designs/178/top.sv:35.33-35.112"
          },
          "port_directions": {
            "A": "input",
            "B": "input",
            "Y": "output"
          },
          "connections": {
            "A": [ 435, 436, 437, 438, 439, 440, 441, 442, 443, 444, 445, 446, 447, 448, 449, 450, 451, 452, 453, 454, 455, 456, 457, 458, 459, 460 ],
            "B": [ 32, 33, 34 ],
            "Y": [ 294, 295 ]
          }
        },
        "$mul$designs/178/top.sv:38$68": {
          "hide_name": 1,
          "type": "$mul",
          "parameters": {
            "A_SIGNED": "00000000000000000000000000000000",
            "A_WIDTH": "00000000000000000000000000011010",
            "B_SIGNED": "00000000000000000000000000000000",
            "B_WIDTH": "00000000000000000000000000000011",
            "Y_WIDTH": "00000000000000000000000000011010"
          },
          "attributes": {
            "src": "designs/178/top.sv:38.38-38.68"
          },
          "port_directions": {
            "A": "input",
            "B": "input",
            "Y": "output"
          },
          "connections": {
            "A": [ 357, 358, 359, 461, 462, 463, 464, 465, 466, 467, 468, 469, 470, 471, 472, 473, 474, 475, 476, 477, 478, 479, 480, 481, 482, 483 ],
            "B": [ 2, 3, 4 ],
            "Y": [ 360, 361, 362, 484, 485, 486, 487, 488, 489, 490, 491, 492, 493, 494, 495, 496, 497, 498, 499, 500, 501, 502, 503, 504, 505, 506 ]
          }
        },
        "$mul$designs/178/top.sv:38$75": {
          "hide_name": 1,
          "type": "$mul",
          "parameters": {
            "A_SIGNED": "00000000000000000000000000000000",
            "A_WIDTH": "00000000000000000000000000011010",
            "B_SIGNED": "00000000000000000000000000000000",
            "B_WIDTH": "00000000000000000000000000001110",
            "Y_WIDTH": "00000000000000000000000000011010"
          },
          "attributes": {
            "src": "designs/178/top.sv:38.31-38.152"
          },
          "port_directions": {
            "A": "input",
            "B": "input",
            "Y": "output"
          },
          "connections": {
            "A": [ 211, 212, 213, 214, 215, 216, 217, 218, 219, 220, 221, 222, 223, 224, 225, 226, 227, 228, 229, 230, 231, 232, 233, 234, 235, 236 ],
            "B": [ 197, 198, 199, 200, 201, 202, 203, 204, 205, 206, 207, 208, 209, 210 ],
            "Y": [ 240, 241, 242, 243, 244, 245, 246, 247, 248, 249, 250, 251, 252, 253, 254, 255, 256, 257, 258, 259, 260, 261, 262, 263, 507, 508 ]
          }
        },
        "$or$designs/178/top.sv:32$20": {
          "hide_name": 1,
          "type": "$or",
          "parameters": {
            "A_SIGNED": "00000000000000000000000000000000",
            "A_WIDTH": "00000000000000000000000000000011",
            "B_SIGNED": "00000000000000000000000000000000",
            "B_WIDTH": "00000000000000000000000000000011",
            "Y_WIDTH": "00000000000000000000000000000011"
          },
          "attributes": {
            "src": "designs/178/top.sv:32.26-32.45"
          },
          "port_directions": {
            "A": "input",
            "B": "input",
            "Y": "output"
          },
          "connections": {
            "A": [ 2, 3, 4 ],
            "B": [ 2, 3, 4 ],
            "Y": [ 288, 289, 290 ]
          }
        },
        "$sub$designs/178/top.sv:28$2": {
          "hide_name": 1,
          "type": "$sub",
          "parameters": {
            "A_SIGNED": "00000000000000000000000000000000",
            "A_WIDTH": "00000000000000000000000000000011",
            "B_SIGNED": "00000000000000000000000000000000",
            "B_WIDTH": "00000000000000000000000000000011",
            "Y_WIDTH": "00000000000000000000000000000100"
          },
          "attributes": {
            "src": "designs/178/top.sv:28.56-28.75"
          },
          "port_directions": {
            "A": "input",
            "B": "input",
            "Y": "output"
          },
          "connections": {
            "A": [ 32, 33, 34 ],
            "B": [ 2, 3, 4 ],
            "Y": [ 298, 299, 300, 509 ]
          }
        },
        "$sub$designs/178/top.sv:33$27": {
          "hide_name": 1,
          "type": "$sub",
          "parameters": {
            "A_SIGNED": "00000000000000000000000000000000",
            "A_WIDTH": "00000000000000000000000000000101",
            "B_SIGNED": "00000000000000000000000000000000",
            "B_WIDTH": "00000000000000000000000000000011",
            "Y_WIDTH": "00000000000000000000000000000110"
          },
          "attributes": {
            "src": "designs/178/top.sv:33.38-33.94"
          },
          "port_directions": {
            "A": "input",
            "B": "input",
            "Y": "output"
          },
          "connections": {
            "A": [ 114, 115, 116, 117, 118 ],
            "B": [ 2, 3, 4 ],
            "Y": [ 387, 388, 389, 390, 391, 392 ]
          }
        },
        "$sub$designs/178/top.sv:33$30": {
          "hide_name": 1,
          "type": "$sub",
          "parameters": {
            "A_SIGNED": "00000000000000000000000000000000",
            "A_WIDTH": "00000000000000000000000000001110",
            "B_SIGNED": "00000000000000000000000000000000",
            "B_WIDTH": "00000000000000000000000000000010",
            "Y_WIDTH": "00000000000000000000000000001110"
          },
          "attributes": {
            "src": "designs/178/top.sv:33.25-33.130"
          },
          "port_directions": {
            "A": "input",
            "B": "input",
            "Y": "output"
          },
          "connections": {
            "A": [ 328, 329, 330, 331, 332, 333, 334, 335, 336, "0", "0", "0", "0", "0" ],
            "B": [ 32, 33 ],
            "Y": [ 510, 511, 512, 513, 514, 515, 516, 517, 518, 519, 520, 521, 522, 523 ]
          }
        },
        "$sub$designs/178/top.sv:33$31": {
          "hide_name": 1,
          "type": "$sub",
          "parameters": {
            "A_SIGNED": "00000000000000000000000000000000",
            "A_WIDTH": "00000000000000000000000000001110",
            "B_SIGNED": "00000000000000000000000000000000",
            "B_WIDTH": "00000000000000000000000000001101",
            "Y_WIDTH": "00000000000000000000000000001110"
          },
          "attributes": {
            "src": "designs/178/top.sv:33.24-33.140"
          },
          "port_directions": {
            "A": "input",
            "B": "input",
            "Y": "output"
          },
          "connections": {
            "A": [ 510, 511, 512, 513, 514, 515, 516, 517, 518, 519, 520, 521, 522, 523 ],
            "B": [ 166, 167, 168, "0", "0", "0", "0", "0", "0", "0", "0", "0", "0" ],
            "Y": [ 337, 338, 339, 524, 525, 526, 527, 528, 529, 530, 531, 532, 533, 534 ]
          }
        },
        "$sub$designs/178/top.sv:33$33": {
          "hide_name": 1,
          "type": "$sub",
          "parameters": {
            "A_SIGNED": "00000000000000000000000000000000",
            "A_WIDTH": "00000000000000000000000000001110",
            "B_SIGNED": "00000000000000000000000000000000",
            "B_WIDTH": "00000000000000000000000000001010",
            "Y_WIDTH": "00000000000000000000000000001110"
          },
          "attributes": {
            "src": "designs/178/top.sv:33.22-33.164"
          },
          "port_directions": {
            "A": "input",
            "B": "input",
            "Y": "output"
          },
          "connections": {
            "A": [ 340, 341, 342, 524, 525, 526, 527, 528, 529, 530, 531, 532, 533, 534 ],
            "B": [ 101, 102, 103, 104, 105, 106, 107, 108, 109, 110 ],
            "Y": [ 197, 198, 199, 200, 201, 202, 203, 204, 205, 206, 207, 208, 209, 210 ]
          }
        },
        "$sub$designs/178/top.sv:34$34": {
          "hide_name": 1,
          "type": "$sub",
          "parameters": {
            "A_SIGNED": "00000000000000000000000000000000",
            "A_WIDTH": "00000000000000000000000000001001",
            "B_SIGNED": "00000000000000000000000000000000",
            "B_WIDTH": "00000000000000000000000000001110",
            "Y_WIDTH": "00000000000000000000000000001111"
          },
          "attributes": {
            "src": "designs/178/top.sv:34.26-34.41"
          },
          "port_directions": {
            "A": "input",
            "B": "input",
            "Y": "output"
          },
          "connections": {
            "A": [ 237, 238, 239, 95, 96, 97, 98, 99, 100 ],
            "B": [ 197, 198, 199, 200, 201, 202, 203, 204, 205, 206, 207, 208, 209, 210 ],
            "Y": [ 343, 344, 345, 346, 535, 536, 537, 538, 539, 540, 541, 542, 543, 544, 545 ]
          }
        },
        "$sub$designs/178/top.sv:34$38": {
          "hide_name": 1,
          "type": "$sub",
          "parameters": {
            "A_SIGNED": "00000000000000000000000000000000",
            "A_WIDTH": "00000000000000000000000000011010",
            "B_SIGNED": "00000000000000000000000000000000",
            "B_WIDTH": "00000000000000000000000000001101",
            "Y_WIDTH": "00000000000000000000000000011010"
          },
          "attributes": {
            "src": "designs/178/top.sv:34.22-34.81"
          },
          "port_directions": {
            "A": "input",
            "B": "input",
            "Y": "output"
          },
          "connections": {
            "A": [ 394, 395, 396, 397, 398, 399, 400, 401, 402, 403, 404, 405, 406, 407, 408, 409, 410, 411, 412, 413, 414, 415, 416, 417, 418, 419 ],
            "B": [ 166, 167, 168, "0", "0", "0", "0", "0", "0", "0", "0", "0", "0" ],
            "Y": [ 296, 297, 356, 461, 462, 463, 464, 465, 466, 467, 468, 469, 470, 471, 472, 473, 474, 475, 476, 477, 478, 479, 480, 481, 482, 483 ]
          }
        },
        "$sub$designs/178/top.sv:35$42": {
          "hide_name": 1,
          "type": "$sub",
          "parameters": {
            "A_SIGNED": "00000000000000000000000000000000",
            "A_WIDTH": "00000000000000000000000000001110",
            "B_SIGNED": "00000000000000000000000000000000",
            "B_WIDTH": "00000000000000000000000000000011",
            "Y_WIDTH": "00000000000000000000000000001111"
          },
          "attributes": {
            "src": "designs/178/top.sv:35.35-35.92"
          },
          "port_directions": {
            "A": "input",
            "B": "input",
            "Y": "output"
          },
          "connections": {
            "A": [ 122, 123, 124, 125, 126, 127, 128, 129, 130, 131, 132, 133, 134, 135 ],
            "B": [ 2, 3, 4 ],
            "Y": [ 420, 421, 422, 423, 424, 425, 426, 427, 428, 429, 430, 431, 432, 433, 434 ]
          }
        },
        "$sub$designs/178/top.sv:35$47": {
          "hide_name": 1,
          "type": "$sub",
          "parameters": {
            "A_SIGNED": "00000000000000000000000000000000",
            "A_WIDTH": "00000000000000000000000000000001",
            "B_SIGNED": "00000000000000000000000000000000",
            "B_WIDTH": "00000000000000000000000000000001",
            "Y_WIDTH": "00000000000000000000000000000001"
          },
          "attributes": {
            "src": "designs/178/top.sv:35.30-35.143"
          },
          "port_directions": {
            "A": "input",
            "B": "input",
            "Y": "output"
          },
          "connections": {
            "A": [ 139 ],
            "B": [ "1" ],
            "Y": [ 373 ]
          }
        },
        "$sub$designs/178/top.sv:38$70": {
          "hide_name": 1,
          "type": "$sub",
          "parameters": {
            "A_SIGNED": "00000000000000000000000000000000",
            "A_WIDTH": "00000000000000000000000000011010",
            "B_SIGNED": "00000000000000000000000000000000",
            "B_WIDTH": "00000000000000000000000000000011",
            "Y_WIDTH": "00000000000000000000000000011010"
          },
          "attributes": {
            "src": "designs/178/top.sv:38.36-38.92"
          },
          "port_directions": {
            "A": "input",
            "B": "input",
            "Y": "output"
          },
          "connections": {
            "A": [ 363, 364, 365, 484, 485, 486, 487, 488, 489, 490, 491, 492, 493, 494, 495, 496, 497, 498, 499, 500, 501, 502, 503, 504, 505, 506 ],
            "B": [ 32, 33, 34 ],
            "Y": [ 140, 141, 142, 143, 144, 145, 146, 147, 148, 149, 150, 151, 152, 153, 154, 155, 156, 157, 158, 159, 160, 161, 162, 163, 164, 165 ]
          }
        },
        "$xor$designs/178/top.sv:46$100": {
          "hide_name": 1,
          "type": "$xor",
          "parameters": {
            "A_SIGNED": "00000000000000000000000000000000",
            "A_WIDTH": "00000000000000000000000000011000",
            "B_SIGNED": "00000000000000000000000000000000",
            "B_WIDTH": "00000000000000000000000000011000",
            "Y_WIDTH": "00000000000000000000000000011000"
          },
          "attributes": {
            "src": "designs/178/top.sv:46.37-46.64"
          },
          "port_directions": {
            "A": "input",
            "B": "input",
            "Y": "output"
          },
          "connections": {
            "A": [ 264, 265, 266, 267, 268, 269, 270, 271, 272, 273, 274, 275, 276, 277, 278, 279, 280, 281, 282, 283, 284, 285, 286, 287 ],
            "B": [ 296, 297, 356, 461, 462, 463, 464, 465, 466, 467, 468, 469, 470, 471, 472, 473, 474, 475, 476, 477, 478, 479, 480, 481 ],
            "Y": [ 5, 6, 7, 8, 9, 10, 11, 12, 13, 14, 15, 16, 17, 18, 19, 20, 21, 22, 23, 24, 25, 26, 27, 28 ]
          }
        }
      },
      "netnames": {
        "$add$designs/178/top.sv:28$5_Y": {
          "hide_name": 1,
          "bits": [ 35, 36, 37, 38, 39, 40, 41, 42, 43, 44, 45, 46, 47, 48, 49, 50, 51, 52, 53, 54, 55, 56, 57, 58, 59 ],
          "attributes": {
            "src": "designs/178/top.sv:28.53-28.109"
          }
        },
        "$add$designs/178/top.sv:28$7_Y": {
          "hide_name": 1,
          "bits": [ 63, 64, 65, 66, 67, 68, 69, 70, 71, 72, 73, 74, 75, 76, 77, 78, 79, 80, 81, 82, 83, 84, 85, 86, 87 ],
          "attributes": {
            "src": "designs/178/top.sv:28.52-28.122",
            "unused_bits": "3 4 5 6 7 8 9 10 11 12 13 14 15 16 17 18 19 20 21 22 23 24"
          }
        },
        "$add$designs/178/top.sv:33$26_Y": {
          "hide_name": 1,
          "bits": [ 114, 115, 116, 117, 118, "0", "0", "0", "0", "0", "0", "0", "0", "0", "0", "0", "0", "0", "0", "0", "0", "0", "0", "0", "0" ],
          "attributes": {
            "src": "designs/178/top.sv:33.39-33.80"
          }
        },
        "$add$designs/178/top.sv:35$41_Y": {
          "hide_name": 1,
          "bits": [ 122, 123, 124, 125, 126, 127, 128, 129, 130, 131, 132, 133, 134, 135, "0", "0", "0", "0", "0", "0", "0", "0", "0", "0", "0", "0" ],
          "attributes": {
            "src": "designs/178/top.sv:35.36-35.82"
          }
        },
        "$add$designs/178/top.sv:35$46_Y": {
          "hide_name": 1,
          "bits": [ 138, 139 ],
          "attributes": {
          }
        },
        "$add$designs/178/top.sv:38$71_Y": {
          "hide_name": 1,
          "bits": [ 169, 170, 171, 172, 173, 174, 175, 176, 177, 178, 179, 180, 181, 182, 183, 184, 185, 186, 187, 188, 189, 190, 191, 192, 193, 194 ],
          "attributes": {
            "src": "designs/178/top.sv:38.35-38.102",
            "unused_bits": "7 8 9 10 11 12 13 14 15 16 17 18 19 20 21 22 23 24 25"
          }
        },
        "$add$designs/178/top.sv:38$74_Y": {
          "hide_name": 1,
          "bits": [ 211, 212, 213, 214, 215, 216, 217, 218, 219, 220, 221, 222, 223, 224, 225, 226, 227, 228, 229, 230, 231, 232, 233, 234, 235, 236 ],
          "attributes": {
            "src": "designs/178/top.sv:38.32-38.142"
          }
        },
        "$add$designs/178/top.sv:46$99_Y": {
          "hide_name": 1,
          "bits": [ 264, 265, 266, 267, 268, 269, 270, 271, 272, 273, 274, 275, 276, 277, 278, 279, 280, 281, 282, 283, 284, 285, 286, 287 ],
          "attributes": {
          }
        },
        "$and$designs/178/top.sv:28$3_Y": {
          "hide_name": 1,
          "bits": [ 301, 302, 303, "0", "0", "0", "0", "0", "0", "0", "0", "0", "0", "0", "0", "0", "0", "0", "0", "0", "0", "0", "0", "0", "0" ],
          "attributes": {
            "src": "designs/178/top.sv:28.55-28.89"
          }
        },
        "$and$designs/178/top.sv:28$8_Y": {
          "hide_name": 1,
          "bits": [ 304, 305, 306, "0", "0", "0", "0", "0", "0", "0", "0", "0", "0", "0", "0", "0", "0", "0", "0", "0", "0", "0", "0", "0", "0" ],
          "attributes": {
            "src": "designs/178/top.sv:28.51-28.132"
          }
        },
        "$and$designs/178/top.sv:28$9_Y": {
          "hide_name": 1,
          "bits": [ 307, 308, 309, "0", "0", "0", "0", "0", "0", "0", "0", "0", "0", "0", "0", "0", "0", "0", "0", "0", "0", "0", "0", "0", "0" ],
          "attributes": {
            "src": "designs/178/top.sv:28.42-28.143"
          }
        },
        "$and$designs/178/top.sv:32$21_Y": {
          "hide_name": 1,
          "bits": [ 291, 292, 293, "0", "0", "0", "0", "0", "0", "0", "0", "0", "0", "0", "0", "0" ],
          "attributes": {
            "src": "designs/178/top.sv:32.25-32.59"
          }
        },
        "$and$designs/178/top.sv:33$29_Y": {
          "hide_name": 1,
          "bits": [ 328, 329, 330, 331, 332, 333, 334, 335, 336, "0", "0", "0", "0", "0", 546, 547, 548, 549, 550, 551, 552, 553, 554, 555, 556 ],
          "attributes": {
            "src": "designs/178/top.sv:33.36-33.114",
            "unused_bits": "14 15 16 17 18 19 20 21 22 23 24"
          }
        },
        "$and$designs/178/top.sv:34$36_Y": {
          "hide_name": 1,
          "bits": [ 351, 352, 353, "0", "0", "0", "0", "0", "0", "0", "0", "0", "0", "0", "0", "0", "0", "0", "0", "0", "0", "0", "0", "0", "0", "0" ],
          "attributes": {
            "src": "designs/178/top.sv:34.24-34.61"
          }
        },
        "$and$designs/178/top.sv:35$40_Y": {
          "hide_name": 1,
          "bits": [ 119, 120, 121, "0", "0", "0", "0", "0", "0", "0", "0", "0", "0", "0", "0", "0", "0", "0", "0", "0", "0", "0", "0", "0", "0", "0" ],
          "attributes": {
            "src": "designs/178/top.sv:35.37-35.72"
          }
        },
        "$and$designs/178/top.sv:35$45_Y": {
          "hide_name": 1,
          "bits": [ 136, 137, 557, 558, 559, 560, 561, 562, 563, 564, 565, 566, 567, 568, 569, 570, 571, 572, 573, 574, 575, 576, 577, 578, 579, 580 ],
          "attributes": {
            "src": "designs/178/top.sv:35.32-35.122",
            "unused_bits": "2 3 4 5 6 7 8 9 10 11 12 13 14 15 16 17 18 19 20 21 22 23 24 25"
          }
        },
        "$and$designs/178/top.sv:38$72_Y": {
          "hide_name": 1,
          "bits": [ 366, 367, 368, 369, 370, 371, 372, "0", "0", "0", "0", "0", "0", "0", "0", "0", "0", "0", "0", "0", "0", "0", "0", "0", "0", "0" ],
          "attributes": {
            "src": "designs/178/top.sv:38.34-38.117",
            "unused_bits": "2 3 4 5 6"
          }
        },
        "$and$designs/178/top.sv:38$73_Y": {
          "hide_name": 1,
          "bits": [ 195, 196, "0", "0", "0", "0", "0", "0", "0", "0", "0", "0", "0", "0", "0", "0", "0", "0", "0", "0", "0", "0", "0", "0", "0", "0" ],
          "attributes": {
            "src": "designs/178/top.sv:38.33-38.132"
          }
        },
        "$auto$opt_expr.cc:205:group_cell_inputs$118": {
          "hide_name": 1,
          "bits": [ 29, 30, 31 ],
          "attributes": {
          }
        },
        "$auto$opt_expr.cc:205:group_cell_inputs$121": {
          "hide_name": 1,
          "bits": [ 60, 61, 62 ],
          "attributes": {
          }
        },
        "$auto$opt_expr.cc:205:group_cell_inputs$139": {
          "hide_name": 1,
          "bits": [ 374, 375, 376, "0" ],
          "attributes": {
          }
        },
        "$auto$opt_expr.cc:205:group_cell_inputs$145": {
          "hide_name": 1,
          "bits": [ 316, 317, 318 ],
          "attributes": {
          }
        },
        "$auto$opt_expr.cc:205:group_cell_inputs$148": {
          "hide_name": 1,
          "bits": [ 92, 93, 94 ],
          "attributes": {
          }
        },
        "$auto$opt_expr.cc:205:group_cell_inputs$151": {
          "hide_name": 1,
          "bits": [ 111, 112, 113 ],
          "attributes": {
          }
        },
        "$auto$opt_expr.cc:205:group_cell_inputs$158": {
          "hide_name": 1,
          "bits": [ 340, 341, 342 ],
          "attributes": {
          }
        },
        "$auto$opt_expr.cc:205:group_cell_inputs$160": {
          "hide_name": 1,
          "bits": [ 524, 525, 526, 527, 528, 529, 530, 531, 532, 533, 534 ],
          "attributes": {
          }
        },
        "$auto$opt_expr.cc:205:group_cell_inputs$161": {
          "hide_name": 1,
          "bits": [ 347, 348, 349, 350 ],
          "attributes": {
            "unused_bits": "3"
          }
        },
        "$auto$opt_expr.cc:205:group_cell_inputs$163": {
          "hide_name": 1,
          "bits": [ 535, 536, 537, 538, 539, 540, 541, 542, 543, 544, 545 ],
          "attributes": {
            "unused_bits": "0 1 2 3 4 5 6 7 8 9 10"
          }
        },
        "$auto$opt_expr.cc:205:group_cell_inputs$168": {
          "hide_name": 1,
          "bits": [ 354, 355 ],
          "attributes": {
          }
        },
        "$auto$opt_expr.cc:205:group_cell_inputs$196": {
          "hide_name": 1,
          "bits": [ 357, 358, 359 ],
          "attributes": {
          }
        },
        "$auto$opt_expr.cc:205:group_cell_inputs$199": {
          "hide_name": 1,
          "bits": [ 363, 364, 365 ],
          "attributes": {
          }
        },
        "$auto$opt_expr.cc:205:group_cell_inputs$201": {
          "hide_name": 1,
          "bits": [ 484, 485, 486, 487, 488, 489, 490, 491, 492, 493, 494, 495, 496, 497, 498, 499, 500, 501, 502, 503, 504, 505, 506 ],
          "attributes": {
          }
        },
        "$auto$wreduce.cc:514:run$113": {
          "hide_name": 1,
          "bits": [ 420, 421, 422, 423, 424, 425, 426, 427, 428, 429, 430, 431, 432, 433, 434, 434, 434, 434, 434, 434, 434, 434, 434, 434, 434, 434 ],
          "attributes": {
            "src": "designs/178/top.sv:35.35-35.92"
          }
        },
        "$mul$designs/178/top.sv:28$10_Y": {
          "hide_name": 1,
          "bits": [ 310, 311, 312, 377, 378, 379, 380, 381, 382, 383, 384, 385, 386, 581, 582, 583, 584, 585, 586, 587, 588, 589, 590, 591, 592 ],
          "attributes": {
            "src": "designs/178/top.sv:28.33-28.154",
            "unused_bits": "3 4 5 6 7 8 9 10 11 12 13 14 15 16 17 18 19 20 21 22 23 24"
          }
        },
        "$mul$designs/178/top.sv:31$18_Y": {
          "hide_name": 1,
          "bits": [ 313, 314, 315, 95, 96, 97, 98, 99, 100, 593, 594, 595, 596 ],
          "attributes": {
            "src": "designs/178/top.sv:31.23-31.120",
            "unused_bits": "9 10 11 12"
          }
        },
        "$mul$designs/178/top.sv:33$28_Y": {
          "hide_name": 1,
          "bits": [ 319, 320, 321, 322, 323, 324, 325, 326, 327, 393, 393, 393, 393, 393, 393, 393, 393, 393, 393, 393, 393, 393, 393, 393, 393 ],
          "attributes": {
            "src": "designs/178/top.sv:33.37-33.104",
            "unused_bits": "9 10 11 12 13 14 15 16 17 18 19 20 21 22 23 24"
          }
        },
        "$mul$designs/178/top.sv:34$37_Y": {
          "hide_name": 1,
          "bits": [ 394, 395, 396, 397, 398, 399, 400, 401, 402, 403, 404, 405, 406, 407, 408, 409, 410, 411, 412, 413, 414, 415, 416, 417, 418, 419 ],
          "attributes": {
            "src": "designs/178/top.sv:34.23-34.71"
          }
        },
        "$mul$designs/178/top.sv:35$43_Y": {
          "hide_name": 1,
          "bits": [ 435, 436, 437, 438, 439, 440, 441, 442, 443, 444, 445, 446, 447, 448, 449, 450, 451, 452, 453, 454, 455, 456, 457, 458, 459, 460 ],
          "attributes": {
            "src": "designs/178/top.sv:35.34-35.102"
          }
        },
        "$mul$designs/178/top.sv:35$44_Y": {
          "hide_name": 1,
          "bits": [ 294, 295, 597, 598, 599, 600, 601, 602, 603, 604, 605, 606, 607, 608, 609, 610, 611, 612, 613, 614, 615, 616, 617, 618, 619, 620 ],
          "attributes": {
            "src": "designs/178/top.sv:35.33-35.112",
            "unused_bits": "2 3 4 5 6 7 8 9 10 11 12 13 14 15 16 17 18 19 20 21 22 23 24 25"
          }
        },
        "$mul$designs/178/top.sv:38$68_Y": {
          "hide_name": 1,
          "bits": [ 360, 361, 362, 484, 485, 486, 487, 488, 489, 490, 491, 492, 493, 494, 495, 496, 497, 498, 499, 500, 501, 502, 503, 504, 505, 506 ],
          "attributes": {
            "src": "designs/178/top.sv:38.38-38.68"
          }
        },
        "$or$designs/178/top.sv:32$20_Y": {
          "hide_name": 1,
          "bits": [ 288, 289, 290, "0", "0", "0", "0", "0", "0", "0", "0", "0", "0", "0", "0", "0" ],
          "attributes": {
            "src": "designs/178/top.sv:32.26-32.45"
          }
        },
        "$sub$designs/178/top.sv:28$2_Y": {
          "hide_name": 1,
          "bits": [ 298, 299, 300, 509, 509, 509, 509, 509, 509, 509, 509, 509, 509, 509, 509, 509, 509, 509, 509, 509, 509, 509, 509, 509, 509 ],
          "attributes": {
            "src": "designs/178/top.sv:28.56-28.75",
            "unused_bits": "3 4 5 6 7 8 9 10 11 12 13 14 15 16 17 18 19 20 21 22 23 24"
          }
        },
        "$sub$designs/178/top.sv:33$27_Y": {
          "hide_name": 1,
          "bits": [ 387, 388, 389, 390, 391, 392, 392, 392, 392, 392, 392, 392, 392, 392, 392, 392, 392, 392, 392, 392, 392, 392, 392, 392, 392 ],
          "attributes": {
            "src": "designs/178/top.sv:33.38-33.94"
          }
        },
        "$sub$designs/178/top.sv:33$30_Y": {
          "hide_name": 1,
          "bits": [ 510, 511, 512, 513, 514, 515, 516, 517, 518, 519, 520, 521, 522, 523, 621, 622, 623, 624, 625, 626, 627, 628, 629, 630, 631 ],
          "attributes": {
            "src": "designs/178/top.sv:33.25-33.130",
            "unused_bits": "14 15 16 17 18 19 20 21 22 23 24"
          }
        },
        "$sub$designs/178/top.sv:33$31_Y": {
          "hide_name": 1,
          "bits": [ 337, 338, 339, 524, 525, 526, 527, 528, 529, 530, 531, 532, 533, 534, 632, 633, 634, 635, 636, 637, 638, 639, 640, 641, 642 ],
          "attributes": {
            "src": "designs/178/top.sv:33.24-33.140",
            "unused_bits": "14 15 16 17 18 19 20 21 22 23 24"
          }
        },
        "$sub$designs/178/top.sv:34$34_Y": {
          "hide_name": 1,
          "bits": [ 343, 344, 345, 346, 535, 536, 537, 538, 539, 540, 541, 542, 543, 544, 545, 545, 545, 545, 545, 545, 545, 545, 545, 545, 545, 545 ],
          "attributes": {
            "src": "designs/178/top.sv:34.26-34.41",
            "unused_bits": "4 5 6 7 8 9 10 11 12 13 14 15 16 17 18 19 20 21 22 23 24 25"
          }
        },
        "$sub$designs/178/top.sv:38$70_Y": {
          "hide_name": 1,
          "bits": [ 140, 141, 142, 143, 144, 145, 146, 147, 148, 149, 150, 151, 152, 153, 154, 155, 156, 157, 158, 159, 160, 161, 162, 163, 164, 165 ],
          "attributes": {
            "src": "designs/178/top.sv:38.36-38.92"
          }
        },
        "input_data": {
          "hide_name": 0,
          "bits": [ 2, 3, 4 ],
          "attributes": {
            "src": "designs/178/top.sv:2.17-2.27"
          }
        },
        "output_data": {
          "hide_name": 0,
          "bits": [ 5, 6, 7, 8, 9, 10, 11, 12, 13, 14, 15, 16, 17, 18, 19, 20, 21, 22, 23, 24, 25, 26, 27, 28 ],
          "attributes": {
            "src": "designs/178/top.sv:3.19-3.30"
          }
        },
        "temp_1": {
          "hide_name": 0,
          "bits": [ 32, 33, 34, "0", "0", "0", "0", "0", "0" ],
          "attributes": {
            "src": "designs/178/top.sv:7.17-7.23"
          }
        },
        "temp_12": {
          "hide_name": 0,
          "bits": [ 240, 241, 242, 243, 244, 245, 246, 247, 248, 249, 250, 251, 252, 253, 254, 255, 256, 257, 258, 259, 260, 261, 262, 263, 507, 508, 508, 508, 508, 508 ],
          "attributes": {
            "src": "designs/178/top.sv:18.18-18.25",
            "unused_bits": "24 25 26 27 28 29"
          }
        },
        "temp_2": {
          "hide_name": 0,
          "bits": [ 166, 167, 168, "0", "0", "0", "0", "0", "0", "0", "0", "0", "0" ],
          "attributes": {
            "src": "designs/178/top.sv:8.18-8.24"
          }
        },
        "temp_4": {
          "hide_name": 0,
          "bits": [ 88, 89, 90, 91, "0", "0" ],
          "attributes": {
            "src": "designs/178/top.sv:10.17-10.23"
          }
        },
        "temp_5": {
          "hide_name": 0,
          "bits": [ 237, 238, 239, 95, 96, 97, 98, 99, 100 ],
          "attributes": {
            "src": "designs/178/top.sv:11.17-11.23"
          }
        },
        "temp_6": {
          "hide_name": 0,
          "bits": [ 101, 102, 103, 104, 105, 106, 107, 108, 109, 110, "0", "0", "0", "0", "0", "0" ],
          "attributes": {
            "src": "designs/178/top.sv:12.18-12.24"
          }
        },
        "temp_7": {
          "hide_name": 0,
          "bits": [ 197, 198, 199, 200, 201, 202, 203, 204, 205, 206, 207, 208, 209, 210 ],
          "attributes": {
            "src": "designs/178/top.sv:13.18-13.24"
          }
        },
        "temp_8": {
          "hide_name": 0,
          "bits": [ 296, 297, 356, 461, 462, 463, 464, 465, 466, 467, 468, 469, 470, 471, 472, 473, 474, 475, 476, 477, 478, 479, 480, 481, 482, 483 ],
          "attributes": {
            "src": "designs/178/top.sv:14.18-14.24"
          }
        },
        "temp_9": {
          "hide_name": 0,
          "bits": [ 138, 373 ],
          "attributes": {
            "src": "designs/178/top.sv:15.17-15.23"
          }
        }
      }
    }
  }
}
