{
  "creator": "Yosys 0.60 (git sha1 5bafeb77dc71e054fa331ab9efa613e6fb0a1c49, clang++ 17.0.0 -fPIC -O3)",
  "modules": {
    "top": {
      "attributes": {
        "top": "00000000000000000000000000000001",
        "src": "designs/127/top.sv:1.1-32.10"
      },
      "ports": {
        "input_data": {
          "direction": "input",
          "bits": [ 2, 3, 4 ]
        },
        "output_data": {
          "direction": "output",
          "bits": [ 5, 6, 7, 8, 9, 10, 11, 12, 13, 14, 15, 16, 17, 18, 19, 20, 21, 22, 23 ]
        }
      },
      "cells": {
        "$add$designs/127/top.sv:20$10": {
          "hide_name": 1,
          "type": "$add",
          "parameters": {
            "A_SIGNED": "00000000000000000000000000000000",
            "A_WIDTH": "00000000000000000000000000010011",
            "B_SIGNED": "00000000000000000000000000000000",
            "B_WIDTH": "00000000000000000000000000001001",
            "Y_WIDTH": "00000000000000000000000000010100"
          },
          "attributes": {
            "src": "designs/127/top.sv:20.27-20.69"
          },
          "port_directions": {
            "A": "input",
            "B": "input",
            "Y": "output"
          },
          "connections": {
            "A": [ 24, 25, 26, 27, 28, 29, 30, 31, 32, 33, 34, 35, 36, 37, 38, 39, 40, 41, 42 ],
            "B": [ 43, 44, 45, 46, 47, 48, 49, 50, 51 ],
            "Y": [ 52, 53, 54, 55, 56, 57, 58, 59, 60, 61, 62, 63, 64, 65, 66, 67, 68, 69, 70, 71 ]
          }
        },
        "$add$designs/127/top.sv:20$9": {
          "hide_name": 1,
          "type": "$add",
          "parameters": {
            "A_SIGNED": "00000000000000000000000000000000",
            "A_WIDTH": "00000000000000000000000000010010",
            "B_SIGNED": "00000000000000000000000000000000",
            "B_WIDTH": "00000000000000000000000000001000",
            "Y_WIDTH": "00000000000000000000000000010011"
          },
          "attributes": {
            "src": "designs/127/top.sv:20.28-20.59"
          },
          "port_directions": {
            "A": "input",
            "B": "input",
            "Y": "output"
          },
          "connections": {
            "A": [ 72, 73, 74, 75, 76, 77, 78, 79, 80, 81, 82, 83, 84, 85, 86, 87, 88, 89 ],
            "B": [ 43, 44, 45, 46, 47, 48, 49, 50 ],
            "Y": [ 24, 25, 26, 27, 28, 29, 30, 31, 32, 33, 34, 35, 36, 37, 38, 39, 40, 41, 42 ]
          }
        },
        "$add$designs/127/top.sv:26$30": {
          "hide_name": 1,
          "type": "$add",
          "parameters": {
            "A_SIGNED": "00000000000000000000000000000000",
            "A_WIDTH": "00000000000000000000000000001001",
            "B_SIGNED": "00000000000000000000000000000000",
            "B_WIDTH": "00000000000000000000000000001001",
            "Y_WIDTH": "00000000000000000000000000001010"
          },
          "attributes": {
            "src": "designs/127/top.sv:26.52-26.96"
          },
          "port_directions": {
            "A": "input",
            "B": "input",
            "Y": "output"
          },
          "connections": {
            "A": [ 90, 44, 45, 46, 47, 48, 49, 50, 51 ],
            "B": [ 43, 44, 45, 46, 47, 48, 49, 50, 51 ],
            "Y": [ 91, 92, 93, 94, 95, 96, 97, 98, 99, 100 ]
          }
        },
        "$add$designs/127/top.sv:30$47": {
          "hide_name": 1,
          "type": "$add",
          "parameters": {
            "A_SIGNED": "00000000000000000000000000000000",
            "A_WIDTH": "00000000000000000000000000010011",
            "B_SIGNED": "00000000000000000000000000000000",
            "B_WIDTH": "00000000000000000000000000000001",
            "Y_WIDTH": "00000000000000000000000000010011"
          },
          "attributes": {
            "src": "designs/127/top.sv:30.35-30.78"
          },
          "port_directions": {
            "A": "input",
            "B": "input",
            "Y": "output"
          },
          "connections": {
            "A": [ 101, 102, 103, 104, 105, 106, 107, 108, 109, 110, 111, 112, 113, 114, 115, 116, 117, 118, 119 ],
            "B": [ 120 ],
            "Y": [ 5, 6, 7, 8, 9, 10, 11, 12, 13, 14, 15, 16, 17, 18, 19, 20, 21, 22, 23 ]
          }
        },
        "$auto$opt_expr.cc:276:group_cell_inputs$101": {
          "hide_name": 1,
          "type": "$xor",
          "parameters": {
            "A_SIGNED": "00000000000000000000000000000000",
            "A_WIDTH": "00000000000000000000000000000001",
            "B_SIGNED": "00000000000000000000000000000000",
            "B_WIDTH": "00000000000000000000000000000001",
            "Y_WIDTH": "00000000000000000000000000000001"
          },
          "attributes": {
          },
          "port_directions": {
            "A": "input",
            "B": "input",
            "Y": "output"
          },
          "connections": {
            "A": [ 121 ],
            "B": [ 122 ],
            "Y": [ 123 ]
          }
        },
        "$auto$opt_expr.cc:276:group_cell_inputs$104": {
          "hide_name": 1,
          "type": "$xor",
          "parameters": {
            "A_SIGNED": "00000000000000000000000000000000",
            "A_WIDTH": "00000000000000000000000000001001",
            "B_SIGNED": "00000000000000000000000000000000",
            "B_WIDTH": "00000000000000000000000000001001",
            "Y_WIDTH": "00000000000000000000000000001001"
          },
          "attributes": {
          },
          "port_directions": {
            "A": "input",
            "B": "input",
            "Y": "output"
          },
          "connections": {
            "A": [ 123, 124, 125, 126, 127, 128, 129, 130, 131 ],
            "B": [ 132, 133, 134, 135, 136, 137, 138, 139, 140 ],
            "Y": [ 141, 142, 143, 144, 145, 146, 147, 148, 149 ]
          }
        },
        "$auto$opt_expr.cc:276:group_cell_inputs$107": {
          "hide_name": 1,
          "type": "$or",
          "parameters": {
            "A_SIGNED": "00000000000000000000000000000000",
            "A_WIDTH": "00000000000000000000000000001101",
            "B_SIGNED": "00000000000000000000000000000000",
            "B_WIDTH": "00000000000000000000000000001101",
            "Y_WIDTH": "00000000000000000000000000001101"
          },
          "attributes": {
          },
          "port_directions": {
            "A": "input",
            "B": "input",
            "Y": "output"
          },
          "connections": {
            "A": [ 150, 151, 152, 153, 154, 155, 156, 157, 158, 159, 159, 159, 159 ],
            "B": [ 141, 142, 143, 144, 145, 146, 147, 148, 149, 160, 161, 162, 163 ],
            "Y": [ 164, 165, 166, 167, 168, 169, 170, 171, 172, 173, 174, 175, 176 ]
          }
        },
        "$auto$opt_expr.cc:276:group_cell_inputs$110": {
          "hide_name": 1,
          "type": "$or",
          "parameters": {
            "A_SIGNED": "00000000000000000000000000000000",
            "A_WIDTH": "00000000000000000000000000000001",
            "B_SIGNED": "00000000000000000000000000000000",
            "B_WIDTH": "00000000000000000000000000000001",
            "Y_WIDTH": "00000000000000000000000000000001"
          },
          "attributes": {
          },
          "port_directions": {
            "A": "input",
            "B": "input",
            "Y": "output"
          },
          "connections": {
            "A": [ 177 ],
            "B": [ 122 ],
            "Y": [ 178 ]
          }
        },
        "$auto$opt_expr.cc:276:group_cell_inputs$113": {
          "hide_name": 1,
          "type": "$xor",
          "parameters": {
            "A_SIGNED": "00000000000000000000000000000000",
            "A_WIDTH": "00000000000000000000000000001101",
            "B_SIGNED": "00000000000000000000000000000000",
            "B_WIDTH": "00000000000000000000000000001101",
            "Y_WIDTH": "00000000000000000000000000001101"
          },
          "attributes": {
          },
          "port_directions": {
            "A": "input",
            "B": "input",
            "Y": "output"
          },
          "connections": {
            "A": [ 179, 180, 181, 182, 183, 184, 185, 186, 187, 188, 189, 190, 191 ],
            "B": [ 141, 142, 143, 144, 145, 146, 147, 148, 149, 160, 161, 162, 163 ],
            "Y": [ 101, 102, 103, 104, 105, 106, 107, 108, 109, 110, 111, 112, 113 ]
          }
        },
        "$auto$opt_expr.cc:276:group_cell_inputs$116": {
          "hide_name": 1,
          "type": "$and",
          "parameters": {
            "A_SIGNED": "00000000000000000000000000000000",
            "A_WIDTH": "00000000000000000000000000000001",
            "B_SIGNED": "00000000000000000000000000000000",
            "B_WIDTH": "00000000000000000000000000000001",
            "Y_WIDTH": "00000000000000000000000000000001"
          },
          "attributes": {
          },
          "port_directions": {
            "A": "input",
            "B": "input",
            "Y": "output"
          },
          "connections": {
            "A": [ 192 ],
            "B": [ 4 ],
            "Y": [ 193 ]
          }
        },
        "$auto$opt_expr.cc:276:group_cell_inputs$120": {
          "hide_name": 1,
          "type": "$and",
          "parameters": {
            "A_SIGNED": "00000000000000000000000000000000",
            "A_WIDTH": "00000000000000000000000000000001",
            "B_SIGNED": "00000000000000000000000000000000",
            "B_WIDTH": "00000000000000000000000000000001",
            "Y_WIDTH": "00000000000000000000000000000001"
          },
          "attributes": {
          },
          "port_directions": {
            "A": "input",
            "B": "input",
            "Y": "output"
          },
          "connections": {
            "A": [ 193 ],
            "B": [ 4 ],
            "Y": [ 194 ]
          }
        },
        "$auto$opt_expr.cc:276:group_cell_inputs$63": {
          "hide_name": 1,
          "type": "$xor",
          "parameters": {
            "A_SIGNED": "00000000000000000000000000000000",
            "A_WIDTH": "00000000000000000000000000000011",
            "B_SIGNED": "00000000000000000000000000000000",
            "B_WIDTH": "00000000000000000000000000000011",
            "Y_WIDTH": "00000000000000000000000000000011"
          },
          "attributes": {
          },
          "port_directions": {
            "A": "input",
            "B": "input",
            "Y": "output"
          },
          "connections": {
            "A": [ 195, 196, 197 ],
            "B": [ 2, 3, 4 ],
            "Y": [ 198, 199, 200 ]
          }
        },
        "$auto$opt_expr.cc:276:group_cell_inputs$66": {
          "hide_name": 1,
          "type": "$xor",
          "parameters": {
            "A_SIGNED": "00000000000000000000000000000000",
            "A_WIDTH": "00000000000000000000000000000011",
            "B_SIGNED": "00000000000000000000000000000000",
            "B_WIDTH": "00000000000000000000000000000011",
            "Y_WIDTH": "00000000000000000000000000000011"
          },
          "attributes": {
          },
          "port_directions": {
            "A": "input",
            "B": "input",
            "Y": "output"
          },
          "connections": {
            "A": [ 201, 202, 203 ],
            "B": [ 2, 3, 4 ],
            "Y": [ 43, 44, 45 ]
          }
        },
        "$auto$opt_expr.cc:276:group_cell_inputs$69": {
          "hide_name": 1,
          "type": "$or",
          "parameters": {
            "A_SIGNED": "00000000000000000000000000000000",
            "A_WIDTH": "00000000000000000000000000001001",
            "B_SIGNED": "00000000000000000000000000000000",
            "B_WIDTH": "00000000000000000000000000001001",
            "Y_WIDTH": "00000000000000000000000000001001"
          },
          "attributes": {
          },
          "port_directions": {
            "A": "input",
            "B": "input",
            "Y": "output"
          },
          "connections": {
            "A": [ 204, 205, 206, 207, 208, 209, 210, 211, 212 ],
            "B": [ 43, 44, 45, 46, 47, 48, 49, 50, 51 ],
            "Y": [ 213, 214, 215, 216, 217, 218, 219, 220, 221 ]
          }
        },
        "$auto$opt_expr.cc:276:group_cell_inputs$72": {
          "hide_name": 1,
          "type": "$xor",
          "parameters": {
            "A_SIGNED": "00000000000000000000000000000000",
            "A_WIDTH": "00000000000000000000000000001001",
            "B_SIGNED": "00000000000000000000000000000000",
            "B_WIDTH": "00000000000000000000000000001001",
            "Y_WIDTH": "00000000000000000000000000001001"
          },
          "attributes": {
          },
          "port_directions": {
            "A": "input",
            "B": "input",
            "Y": "output"
          },
          "connections": {
            "A": [ 213, 214, 215, 216, 217, 218, 219, 220, 221 ],
            "B": [ 43, 44, 45, 46, 47, 48, 49, 50, 51 ],
            "Y": [ 222, 223, 224, 225, 226, 227, 228, 229, 230 ]
          }
        },
        "$auto$opt_expr.cc:276:group_cell_inputs$75": {
          "hide_name": 1,
          "type": "$not",
          "parameters": {
            "A_SIGNED": "00000000000000000000000000000000",
            "A_WIDTH": "00000000000000000000000000010110",
            "Y_WIDTH": "00000000000000000000000000010110"
          },
          "attributes": {
          },
          "port_directions": {
            "A": "input",
            "Y": "output"
          },
          "connections": {
            "A": [ 224, 225, 226, 227, 228, 229, 230, 231, 232, 132, 133, 134, 135, 136, 137, 138, 139, 140, 160, 161, 162, 163 ],
            "Y": [ 233, 234, 235, 236, 237, 238, 239, 240, 241, 242, 243, 244, 245, 246, 247, 248, 249, 250, 251, 252, 253, 254 ]
          }
        },
        "$auto$opt_expr.cc:276:group_cell_inputs$79": {
          "hide_name": 1,
          "type": "$or",
          "parameters": {
            "A_SIGNED": "00000000000000000000000000000000",
            "A_WIDTH": "00000000000000000000000000000010",
            "B_SIGNED": "00000000000000000000000000000000",
            "B_WIDTH": "00000000000000000000000000000010",
            "Y_WIDTH": "00000000000000000000000000000010"
          },
          "attributes": {
          },
          "port_directions": {
            "A": "input",
            "B": "input",
            "Y": "output"
          },
          "connections": {
            "A": [ 255, 256 ],
            "B": [ 222, 223 ],
            "Y": [ 257, 258 ]
          }
        },
        "$auto$opt_expr.cc:276:group_cell_inputs$82": {
          "hide_name": 1,
          "type": "$xor",
          "parameters": {
            "A_SIGNED": "00000000000000000000000000000000",
            "A_WIDTH": "00000000000000000000000000001001",
            "B_SIGNED": "00000000000000000000000000000000",
            "B_WIDTH": "00000000000000000000000000001001",
            "Y_WIDTH": "00000000000000000000000000001001"
          },
          "attributes": {
          },
          "port_directions": {
            "A": "input",
            "B": "input",
            "Y": "output"
          },
          "connections": {
            "A": [ 259, 260, 261, 262, 263, 264, 265, 266, 267 ],
            "B": [ 43, 44, 45, 46, 47, 48, 49, 50, 51 ],
            "Y": [ 268, 269, 270, 271, 272, 273, 274, 275, 276 ]
          }
        },
        "$auto$opt_expr.cc:276:group_cell_inputs$85": {
          "hide_name": 1,
          "type": "$and",
          "parameters": {
            "A_SIGNED": "00000000000000000000000000000000",
            "A_WIDTH": "00000000000000000000000000000001",
            "B_SIGNED": "00000000000000000000000000000000",
            "B_WIDTH": "00000000000000000000000000000001",
            "Y_WIDTH": "00000000000000000000000000000001"
          },
          "attributes": {
          },
          "port_directions": {
            "A": "input",
            "B": "input",
            "Y": "output"
          },
          "connections": {
            "A": [ 277 ],
            "B": [ 46 ],
            "Y": [ 278 ]
          }
        },
        "$auto$opt_expr.cc:276:group_cell_inputs$89": {
          "hide_name": 1,
          "type": "$xor",
          "parameters": {
            "A_SIGNED": "00000000000000000000000000000000",
            "A_WIDTH": "00000000000000000000000000000001",
            "B_SIGNED": "00000000000000000000000000000000",
            "B_WIDTH": "00000000000000000000000000000001",
            "Y_WIDTH": "00000000000000000000000000000001"
          },
          "attributes": {
          },
          "port_directions": {
            "A": "input",
            "B": "input",
            "Y": "output"
          },
          "connections": {
            "A": [ 122 ],
            "B": [ 43 ],
            "Y": [ 90 ]
          }
        },
        "$auto$opt_expr.cc:276:group_cell_inputs$92": {
          "hide_name": 1,
          "type": "$xor",
          "parameters": {
            "A_SIGNED": "00000000000000000000000000000000",
            "A_WIDTH": "00000000000000000000000000000001",
            "B_SIGNED": "00000000000000000000000000000000",
            "B_WIDTH": "00000000000000000000000000000001",
            "Y_WIDTH": "00000000000000000000000000000001"
          },
          "attributes": {
          },
          "port_directions": {
            "A": "input",
            "B": "input",
            "Y": "output"
          },
          "connections": {
            "A": [ 122 ],
            "B": [ 279 ],
            "Y": [ 280 ]
          }
        },
        "$auto$opt_expr.cc:276:group_cell_inputs$95": {
          "hide_name": 1,
          "type": "$or",
          "parameters": {
            "A_SIGNED": "00000000000000000000000000000000",
            "A_WIDTH": "00000000000000000000000000000001",
            "B_SIGNED": "00000000000000000000000000000000",
            "B_WIDTH": "00000000000000000000000000000001",
            "Y_WIDTH": "00000000000000000000000000000001"
          },
          "attributes": {
          },
          "port_directions": {
            "A": "input",
            "B": "input",
            "Y": "output"
          },
          "connections": {
            "A": [ 280 ],
            "B": [ 120 ],
            "Y": [ 281 ]
          }
        },
        "$auto$opt_expr.cc:276:group_cell_inputs$98": {
          "hide_name": 1,
          "type": "$or",
          "parameters": {
            "A_SIGNED": "00000000000000000000000000000000",
            "A_WIDTH": "00000000000000000000000000000101",
            "B_SIGNED": "00000000000000000000000000000000",
            "B_WIDTH": "00000000000000000000000000000101",
            "Y_WIDTH": "00000000000000000000000000000101"
          },
          "attributes": {
          },
          "port_directions": {
            "A": "input",
            "B": "input",
            "Y": "output"
          },
          "connections": {
            "A": [ 281, 282, 283, 284, 285 ],
            "B": [ 285, 128, 129, 130, 131 ],
            "Y": [ 121, 124, 125, 126, 127 ]
          }
        },
        "$le$designs/127/top.sv:26$33": {
          "hide_name": 1,
          "type": "$le",
          "parameters": {
            "A_SIGNED": "00000000000000000000000000000000",
            "A_WIDTH": "00000000000000000000000000000101",
            "B_SIGNED": "00000000000000000000000000000000",
            "B_WIDTH": "00000000000000000000000000001001",
            "Y_WIDTH": "00000000000000000000000000000001"
          },
          "attributes": {
            "src": "designs/127/top.sv:26.31-26.135"
          },
          "port_directions": {
            "A": "input",
            "B": "input",
            "Y": "output"
          },
          "connections": {
            "A": [ 286, "0", "0", 278, "0" ],
            "B": [ 279, 282, 283, 284, 285, 128, 129, 130, 131 ],
            "Y": [ 120 ]
          }
        },
        "$lt$designs/127/top.sv:26$31": {
          "hide_name": 1,
          "type": "$lt",
          "parameters": {
            "A_SIGNED": "00000000000000000000000000000000",
            "A_WIDTH": "00000000000000000000000000001010",
            "B_SIGNED": "00000000000000000000000000000000",
            "B_WIDTH": "00000000000000000000000000011111",
            "Y_WIDTH": "00000000000000000000000000000001"
          },
          "attributes": {
            "src": "designs/127/top.sv:26.51-26.106"
          },
          "port_directions": {
            "A": "input",
            "B": "input",
            "Y": "output"
          },
          "connections": {
            "A": [ 91, 92, 93, 94, 95, 96, 97, 98, 99, 100 ],
            "B": [ 122, 287, 288, 289, 290, 291, 292, 293, 294, 295, 296, 297, 298, 299, 300, 301, 302, 303, 304, 305, 306, 307, 308, 309, 310, 310, 310, 310, 310, 310, 310 ],
            "Y": [ 286 ]
          }
        },
        "$mul$designs/127/top.sv:18$1": {
          "hide_name": 1,
          "type": "$mul",
          "parameters": {
            "A_SIGNED": "00000000000000000000000000000000",
            "A_WIDTH": "00000000000000000000000000000111",
            "B_SIGNED": "00000000000000000000000000000000",
            "B_WIDTH": "00000000000000000000000000000011",
            "Y_WIDTH": "00000000000000000000000000001010"
          },
          "attributes": {
            "src": "designs/127/top.sv:18.33-18.63"
          },
          "port_directions": {
            "A": "input",
            "B": "input",
            "Y": "output"
          },
          "connections": {
            "A": [ "1", "1", "0", "1", "0", "0", "1" ],
            "B": [ 2, 3, 4 ],
            "Y": [ 192, 311, 312, 313, 314, 315, 316, 317, 318, 319 ]
          }
        },
        "$mul$designs/127/top.sv:18$6": {
          "hide_name": 1,
          "type": "$mul",
          "parameters": {
            "A_SIGNED": "00000000000000000000000000000000",
            "A_WIDTH": "00000000000000000000000000010001",
            "B_SIGNED": "00000000000000000000000000000000",
            "B_WIDTH": "00000000000000000000000000000011",
            "Y_WIDTH": "00000000000000000000000000001001"
          },
          "attributes": {
            "src": "designs/127/top.sv:18.28-18.133"
          },
          "port_directions": {
            "A": "input",
            "B": "input",
            "Y": "output"
          },
          "connections": {
            "A": [ 198, 199, 200, 320, 321, 322, 323, 324, 325, 326, 327, 328, 329, 329, 329, 329, 329 ],
            "B": [ 2, 3, 4 ],
            "Y": [ 201, 202, 203, 46, 47, 48, 49, 50, 51 ]
          }
        },
        "$mul$designs/127/top.sv:20$11": {
          "hide_name": 1,
          "type": "$mul",
          "parameters": {
            "A_SIGNED": "00000000000000000000000000000000",
            "A_WIDTH": "00000000000000000000000000010100",
            "B_SIGNED": "00000000000000000000000000000000",
            "B_WIDTH": "00000000000000000000000000001000",
            "Y_WIDTH": "00000000000000000000000000011000"
          },
          "attributes": {
            "src": "designs/127/top.sv:20.26-20.84"
          },
          "port_directions": {
            "A": "input",
            "B": "input",
            "Y": "output"
          },
          "connections": {
            "A": [ 52, 53, 54, 55, 56, 57, 58, 59, 60, 61, 62, 63, 64, 65, 66, 67, 68, 69, 70, 71 ],
            "B": [ 44, 45, 46, 47, 48, 49, 50, 51 ],
            "Y": [ 330, 331, 332, 333, 334, 335, 336, 337, 338, 339, 340, 341, 342, 343, 344, 345, 346, 347, 348, 349, 350, 351, 352, 353 ]
          }
        },
        "$mul$designs/127/top.sv:20$12": {
          "hide_name": 1,
          "type": "$mul",
          "parameters": {
            "A_SIGNED": "00000000000000000000000000000000",
            "A_WIDTH": "00000000000000000000000000011000",
            "B_SIGNED": "00000000000000000000000000000000",
            "B_WIDTH": "00000000000000000000000000001001",
            "Y_WIDTH": "00000000000000000000000000011000"
          },
          "attributes": {
            "src": "designs/127/top.sv:20.25-20.94"
          },
          "port_directions": {
            "A": "input",
            "B": "input",
            "Y": "output"
          },
          "connections": {
            "A": [ 330, 331, 332, 333, 334, 335, 336, 337, 338, 339, 340, 341, 342, 343, 344, 345, 346, 347, 348, 349, 350, 351, 352, 353 ],
            "B": [ 43, 44, 45, 46, 47, 48, 49, 50, 51 ],
            "Y": [ 354, 355, 356, 357, 358, 359, 360, 361, 362, 363, 364, 365, 366, 367, 368, 369, 370, 371, 372, 373, 374, 375, 376, 377 ]
          }
        },
        "$mul$designs/127/top.sv:20$8": {
          "hide_name": 1,
          "type": "$mul",
          "parameters": {
            "A_SIGNED": "00000000000000000000000000000000",
            "A_WIDTH": "00000000000000000000000000001001",
            "B_SIGNED": "00000000000000000000000000000000",
            "B_WIDTH": "00000000000000000000000000001001",
            "Y_WIDTH": "00000000000000000000000000010010"
          },
          "attributes": {
            "src": "designs/127/top.sv:20.29-20.44"
          },
          "port_directions": {
            "A": "input",
            "B": "input",
            "Y": "output"
          },
          "connections": {
            "A": [ 43, 44, 45, 46, 47, 48, 49, 50, 51 ],
            "B": [ 43, 44, 45, 46, 47, 48, 49, 50, 51 ],
            "Y": [ 72, 73, 74, 75, 76, 77, 78, 79, 80, 81, 82, 83, 84, 85, 86, 87, 88, 89 ]
          }
        },
        "$mul$designs/127/top.sv:21$18": {
          "hide_name": 1,
          "type": "$mul",
          "parameters": {
            "A_SIGNED": "00000000000000000000000000000000",
            "A_WIDTH": "00000000000000000000000000011000",
            "B_SIGNED": "00000000000000000000000000000000",
            "B_WIDTH": "00000000000000000000000000011000",
            "Y_WIDTH": "00000000000000000000000000011000"
          },
          "attributes": {
            "src": "designs/127/top.sv:21.43-21.67"
          },
          "port_directions": {
            "A": "input",
            "B": "input",
            "Y": "output"
          },
          "connections": {
            "A": [ 222, 223, 224, 225, 226, 227, 228, 229, 230, 231, 232, 132, 133, 134, 135, 136, 137, 138, 139, 140, 160, 161, 162, 163 ],
            "B": [ 233, 234, 235, 236, 237, 238, 239, 240, 241, 242, 243, 244, 245, 246, 247, 248, 249, 250, 251, 252, 253, 254, "1", "1" ],
            "Y": [ 378, 379, 380, 381, 382, 383, 384, 385, 386, 387, 388, 389, 390, 391, 392, 393, 394, 395, 396, 397, 398, 399, 400, 401 ]
          }
        },
        "$mul$designs/127/top.sv:21$19": {
          "hide_name": 1,
          "type": "$mul",
          "parameters": {
            "A_SIGNED": "00000000000000000000000000000000",
            "A_WIDTH": "00000000000000000000000000011000",
            "B_SIGNED": "00000000000000000000000000000000",
            "B_WIDTH": "00000000000000000000000000011000",
            "Y_WIDTH": "00000000000000000000000000011000"
          },
          "attributes": {
            "src": "designs/127/top.sv:21.34-21.78"
          },
          "port_directions": {
            "A": "input",
            "B": "input",
            "Y": "output"
          },
          "connections": {
            "A": [ 378, 379, 380, 381, 382, 383, 384, 385, 386, 387, 388, 389, 390, 391, 392, 393, 394, 395, 396, 397, 398, 399, 400, 401 ],
            "B": [ 222, 223, 224, 225, 226, 227, 228, 229, 230, 231, 232, 132, 133, 134, 135, 136, 137, 138, 139, 140, 160, 161, 162, 163 ],
            "Y": [ 255, 256, 402, 403, 404, 405, 406, 407, 408, 409, 410, 411, 412, 413, 414, 415, 416, 417, 418, 419, 420, 421, 422, 423 ]
          }
        },
        "$mul$designs/127/top.sv:28$45": {
          "hide_name": 1,
          "type": "$mul",
          "parameters": {
            "A_SIGNED": "00000000000000000000000000000000",
            "A_WIDTH": "00000000000000000000000000011111",
            "B_SIGNED": "00000000000000000000000000000000",
            "B_WIDTH": "00000000000000000000000000000001",
            "Y_WIDTH": "00000000000000000000000000010011"
          },
          "attributes": {
            "src": "designs/127/top.sv:28.22-28.103"
          },
          "port_directions": {
            "A": "input",
            "B": "input",
            "Y": "output"
          },
          "connections": {
            "A": [ 178, 424, 425, 426, 427, 428, 429, 430, 431, 432, 433, 434, 435, 436, 437, 438, 439, 440, 441, 442, 443, 444, 445, 446, 447, 448, 449, 450, 451, 452, 453 ],
            "B": [ 122 ],
            "Y": [ 179, 180, 181, 182, 183, 184, 185, 186, 187, 188, 189, 190, 191, 114, 115, 116, 117, 118, 119 ]
          }
        },
        "$not$designs/127/top.sv:22$24": {
          "hide_name": 1,
          "type": "$not",
          "parameters": {
            "A_SIGNED": "00000000000000000000000000000000",
            "A_WIDTH": "00000000000000000000000000000101",
            "Y_WIDTH": "00000000000000000000000000000101"
          },
          "attributes": {
            "src": "designs/127/top.sv:22.42-22.49"
          },
          "port_directions": {
            "A": "input",
            "Y": "output"
          },
          "connections": {
            "A": [ 222, 223, 224, 225, 226 ],
            "Y": [ 454, 455, 456, 277, 457 ]
          }
        },
        "$sub$designs/127/top.sv:18$4": {
          "hide_name": 1,
          "type": "$sub",
          "parameters": {
            "A_SIGNED": "00000000000000000000000000000000",
            "A_WIDTH": "00000000000000000000000000001100",
            "B_SIGNED": "00000000000000000000000000000000",
            "B_WIDTH": "00000000000000000000000000000011",
            "Y_WIDTH": "00000000000000000000000000001101"
          },
          "attributes": {
            "src": "designs/127/top.sv:18.30-18.105"
          },
          "port_directions": {
            "A": "input",
            "B": "input",
            "Y": "output"
          },
          "connections": {
            "A": [ "0", "0", 194, "0", "0", "0", "0", "0", "0", "0", "0", "0" ],
            "B": [ 2, 3, 4 ],
            "Y": [ 195, 196, 197, 320, 321, 322, 323, 324, 325, 326, 327, 328, 329 ]
          }
        },
        "$sub$designs/127/top.sv:20$13": {
          "hide_name": 1,
          "type": "$sub",
          "parameters": {
            "A_SIGNED": "00000000000000000000000000000000",
            "A_WIDTH": "00000000000000000000000000011000",
            "B_SIGNED": "00000000000000000000000000000000",
            "B_WIDTH": "00000000000000000000000000000011",
            "Y_WIDTH": "00000000000000000000000000011000"
          },
          "attributes": {
            "src": "designs/127/top.sv:20.24-20.108"
          },
          "port_directions": {
            "A": "input",
            "B": "input",
            "Y": "output"
          },
          "connections": {
            "A": [ 354, 355, 356, 357, 358, 359, 360, 361, 362, 363, 364, 365, 366, 367, 368, 369, 370, 371, 372, 373, 374, 375, 376, 377 ],
            "B": [ 2, 3, 4 ],
            "Y": [ 204, 205, 206, 207, 208, 209, 210, 211, 212, 231, 232, 132, 133, 134, 135, 136, 137, 138, 139, 140, 160, 161, 162, 163 ]
          }
        },
        "$sub$designs/127/top.sv:21$21": {
          "hide_name": 1,
          "type": "$sub",
          "parameters": {
            "A_SIGNED": "00000000000000000000000000000000",
            "A_WIDTH": "00000000000000000000000000011000",
            "B_SIGNED": "00000000000000000000000000000000",
            "B_WIDTH": "00000000000000000000000000001001",
            "Y_WIDTH": "00000000000000000000000000011000"
          },
          "attributes": {
            "src": "designs/127/top.sv:21.32-21.103"
          },
          "port_directions": {
            "A": "input",
            "B": "input",
            "Y": "output"
          },
          "connections": {
            "A": [ 257, 258, 402, 403, 404, 405, 406, 407, 408, 409, 410, 411, 412, 413, 414, 415, 416, 417, 418, 419, 420, 421, 422, 423 ],
            "B": [ 43, 44, 45, 46, 47, 48, 49, 50, 51 ],
            "Y": [ 259, 260, 261, 262, 263, 264, 265, 266, 267, 458, 459, 460, 461, 462, 463, 464, 465, 466, 467, 468, 469, 470, 471, 472 ]
          }
        },
        "$sub$designs/127/top.sv:21$23": {
          "hide_name": 1,
          "type": "$sub",
          "parameters": {
            "A_SIGNED": "00000000000000000000000000000000",
            "A_WIDTH": "00000000000000000000000000011000",
            "B_SIGNED": "00000000000000000000000000000000",
            "B_WIDTH": "00000000000000000000000000001001",
            "Y_WIDTH": "00000000000000000000000000011001"
          },
          "attributes": {
            "src": "designs/127/top.sv:21.22-21.124"
          },
          "port_directions": {
            "A": "input",
            "B": "input",
            "Y": "output"
          },
          "connections": {
            "A": [ 268, 269, 270, 271, 272, 273, 274, 275, 276, 458, 459, 460, 461, 462, 463, 464, 465, 466, 467, 468, 469, 470, 471, 472 ],
            "B": [ 43, 44, 45, 46, 47, 48, 49, 50, 51 ],
            "Y": [ 122, 287, 288, 289, 290, 291, 292, 293, 294, 295, 296, 297, 298, 299, 300, 301, 302, 303, 304, 305, 306, 307, 308, 309, 310 ]
          }
        },
        "$sub$designs/127/top.sv:25$28": {
          "hide_name": 1,
          "type": "$sub",
          "parameters": {
            "A_SIGNED": "00000000000000000000000000000000",
            "A_WIDTH": "00000000000000000000000000000011",
            "B_SIGNED": "00000000000000000000000000000000",
            "B_WIDTH": "00000000000000000000000000001001",
            "Y_WIDTH": "00000000000000000000000000001001"
          },
          "attributes": {
            "src": "designs/127/top.sv:25.29-25.49"
          },
          "port_directions": {
            "A": "input",
            "B": "input",
            "Y": "output"
          },
          "connections": {
            "A": [ "0", 278, "0" ],
            "B": [ 43, 44, 45, 46, 47, 48, 49, 50, 51 ],
            "Y": [ 279, 282, 283, 284, 285, 128, 129, 130, 131 ]
          }
        },
        "$sub$designs/127/top.sv:28$40": {
          "hide_name": 1,
          "type": "$sub",
          "parameters": {
            "A_SIGNED": "00000000000000000000000000000000",
            "A_WIDTH": "00000000000000000000000000000100",
            "B_SIGNED": "00000000000000000000000000000000",
            "B_WIDTH": "00000000000000000000000000001001",
            "Y_WIDTH": "00000000000000000000000000001010"
          },
          "attributes": {
            "src": "designs/127/top.sv:28.27-28.48"
          },
          "port_directions": {
            "A": "input",
            "B": "input",
            "Y": "output"
          },
          "connections": {
            "A": [ 160, 161, 162, 163 ],
            "B": [ 279, 282, 283, 284, 285, 128, 129, 130, 131 ],
            "Y": [ 150, 151, 152, 153, 154, 155, 156, 157, 158, 159 ]
          }
        },
        "$sub$designs/127/top.sv:28$42": {
          "hide_name": 1,
          "type": "$sub",
          "parameters": {
            "A_SIGNED": "00000000000000000000000000000000",
            "A_WIDTH": "00000000000000000000000000011111",
            "B_SIGNED": "00000000000000000000000000000000",
            "B_WIDTH": "00000000000000000000000000000001",
            "Y_WIDTH": "00000000000000000000000000011111"
          },
          "attributes": {
            "src": "designs/127/top.sv:28.25-28.68"
          },
          "port_directions": {
            "A": "input",
            "B": "input",
            "Y": "output"
          },
          "connections": {
            "A": [ 164, 165, 166, 167, 168, 169, 170, 171, 172, 173, 174, 175, 176, 159, 159, 159, 159, 159, 159, 159, 159, 159, 159, 159, 159, 159, 159, 159, 159, 159, 159 ],
            "B": [ 120 ],
            "Y": [ 177, 424, 425, 473, 474, 475, 476, 477, 478, 479, 480, 481, 482, 483, 484, 485, 486, 487, 488, 489, 490, 491, 492, 493, 494, 495, 496, 497, 498, 499, 500 ]
          }
        },
        "$sub$designs/127/top.sv:28$43": {
          "hide_name": 1,
          "type": "$sub",
          "parameters": {
            "A_SIGNED": "00000000000000000000000000000000",
            "A_WIDTH": "00000000000000000000000000011100",
            "B_SIGNED": "00000000000000000000000000000000",
            "B_WIDTH": "00000000000000000000000000000001",
            "Y_WIDTH": "00000000000000000000000000011100"
          },
          "attributes": {
            "src": "designs/127/top.sv:28.24-28.83"
          },
          "port_directions": {
            "A": "input",
            "B": "input",
            "Y": "output"
          },
          "connections": {
            "A": [ 473, 474, 475, 476, 477, 478, 479, 480, 481, 482, 483, 484, 485, 486, 487, 488, 489, 490, 491, 492, 493, 494, 495, 496, 497, 498, 499, 500 ],
            "B": [ 278 ],
            "Y": [ 426, 427, 428, 429, 430, 431, 432, 433, 434, 435, 436, 437, 438, 439, 440, 441, 442, 443, 444, 445, 446, 447, 448, 449, 450, 451, 452, 453 ]
          }
        }
      },
      "netnames": {
        "$add$designs/127/top.sv:20$10_Y": {
          "hide_name": 1,
          "bits": [ 52, 53, 54, 55, 56, 57, 58, 59, 60, 61, 62, 63, 64, 65, 66, 67, 68, 69, 70, 71, "0", "0", "0", "0" ],
          "attributes": {
            "src": "designs/127/top.sv:20.27-20.69"
          }
        },
        "$add$designs/127/top.sv:20$9_Y": {
          "hide_name": 1,
          "bits": [ 24, 25, 26, 27, 28, 29, 30, 31, 32, 33, 34, 35, 36, 37, 38, 39, 40, 41, 42, "0", "0", "0", "0", "0" ],
          "attributes": {
            "src": "designs/127/top.sv:20.28-20.59"
          }
        },
        "$add$designs/127/top.sv:26$30_Y": {
          "hide_name": 1,
          "bits": [ 91, 92, 93, 94, 95, 96, 97, 98, 99, 100, "0", "0", "0", "0", "0", "0", "0", "0", "0", "0", "0", "0", "0", "0", "0", "0", "0", "0", "0", "0", "0" ],
          "attributes": {
            "src": "designs/127/top.sv:26.52-26.96"
          }
        },
        "$add$designs/127/top.sv:26$32_Y": {
          "hide_name": 1,
          "bits": [ 286, "0", "0", 278, "0" ],
          "attributes": {
            "src": "designs/127/top.sv:26.42-26.117"
          }
        },
        "$and$designs/127/top.sv:18$2_Y": {
          "hide_name": 1,
          "bits": [ "0", "0", 193, "0", "0", "0", "0", "0", "0", "0", "0", "0", "0", "0", "0", "0", "0" ],
          "attributes": {
            "src": "designs/127/top.sv:18.32-18.77"
          }
        },
        "$and$designs/127/top.sv:18$3_Y": {
          "hide_name": 1,
          "bits": [ "0", "0", 194, "0", "0", "0", "0", "0", "0", "0", "0", "0", "0", "0", "0", "0", "0" ],
          "attributes": {
            "src": "designs/127/top.sv:18.31-18.91"
          }
        },
        "$and$designs/127/top.sv:22$25_Y": {
          "hide_name": 1,
          "bits": [ "0", "0", "0", 277, "0", 501, 502, 503, 504, 505, 506, 507, 508, 509, 510, 511, 512, 513, 514, 515, 516, 517, 518, 519 ],
          "attributes": {
            "src": "designs/127/top.sv:22.23-22.50",
            "unused_bits": "5 6 7 8 9 10 11 12 13 14 15 16 17 18 19 20 21 22 23"
          }
        },
        "$auto$opt_expr.cc:205:group_cell_inputs$100": {
          "hide_name": 1,
          "bits": [ 123 ],
          "attributes": {
          }
        },
        "$auto$opt_expr.cc:205:group_cell_inputs$102": {
          "hide_name": 1,
          "bits": [ 124, 125, 126, 127, 128, 129, 130, 131 ],
          "attributes": {
          }
        },
        "$auto$opt_expr.cc:205:group_cell_inputs$106": {
          "hide_name": 1,
          "bits": [ 164, 165, 166, 167, 168, 169, 170, 171, 172, 173, 174, 175, 176 ],
          "attributes": {
          }
        },
        "$auto$opt_expr.cc:205:group_cell_inputs$108": {
          "hide_name": 1,
          "bits": [ 159 ],
          "attributes": {
          }
        },
        "$auto$opt_expr.cc:205:group_cell_inputs$109": {
          "hide_name": 1,
          "bits": [ 178 ],
          "attributes": {
          }
        },
        "$auto$opt_expr.cc:205:group_cell_inputs$111": {
          "hide_name": 1,
          "bits": [ 424, 425, 426, 427, 428, 429, 430, 431, 432, 433, 434, 435, 436, 437, 438, 439, 440, 441, 442, 443, 444, 445, 446, 447, 448, 449, 450, 451, 452, 453 ],
          "attributes": {
          }
        },
        "$auto$opt_expr.cc:205:group_cell_inputs$112": {
          "hide_name": 1,
          "bits": [ 101, 102, 103, 104, 105, 106, 107, 108, 109, 110, 111, 112, 113 ],
          "attributes": {
          }
        },
        "$auto$opt_expr.cc:205:group_cell_inputs$62": {
          "hide_name": 1,
          "bits": [ 198, 199, 200 ],
          "attributes": {
          }
        },
        "$auto$opt_expr.cc:205:group_cell_inputs$64": {
          "hide_name": 1,
          "bits": [ 320, 321, 322, 323, 324, 325, 326, 327, 328, 329 ],
          "attributes": {
          }
        },
        "$auto$opt_expr.cc:205:group_cell_inputs$68": {
          "hide_name": 1,
          "bits": [ 213, 214, 215, 216, 217, 218, 219, 220, 221 ],
          "attributes": {
          }
        },
        "$auto$opt_expr.cc:205:group_cell_inputs$74": {
          "hide_name": 1,
          "bits": [ 233, 234, 235, 236, 237, 238, 239, 240, 241, 242, 243, 244, 245, 246, 247, 248, 249, 250, 251, 252, 253, 254 ],
          "attributes": {
          }
        },
        "$auto$opt_expr.cc:205:group_cell_inputs$78": {
          "hide_name": 1,
          "bits": [ 257, 258 ],
          "attributes": {
          }
        },
        "$auto$opt_expr.cc:205:group_cell_inputs$80": {
          "hide_name": 1,
          "bits": [ 402, 403, 404, 405, 406, 407, 408, 409, 410, 411, 412, 413, 414, 415, 416, 417, 418, 419, 420, 421, 422, 423 ],
          "attributes": {
          }
        },
        "$auto$opt_expr.cc:205:group_cell_inputs$81": {
          "hide_name": 1,
          "bits": [ 268, 269, 270, 271, 272, 273, 274, 275, 276 ],
          "attributes": {
          }
        },
        "$auto$opt_expr.cc:205:group_cell_inputs$83": {
          "hide_name": 1,
          "bits": [ 458, 459, 460, 461, 462, 463, 464, 465, 466, 467, 468, 469, 470, 471, 472 ],
          "attributes": {
          }
        },
        "$auto$opt_expr.cc:205:group_cell_inputs$88": {
          "hide_name": 1,
          "bits": [ 90 ],
          "attributes": {
          }
        },
        "$auto$opt_expr.cc:205:group_cell_inputs$91": {
          "hide_name": 1,
          "bits": [ 280 ],
          "attributes": {
          }
        },
        "$auto$opt_expr.cc:205:group_cell_inputs$94": {
          "hide_name": 1,
          "bits": [ 281 ],
          "attributes": {
          }
        },
        "$auto$opt_expr.cc:205:group_cell_inputs$97": {
          "hide_name": 1,
          "bits": [ 121, 124, 125, 126, 127 ],
          "attributes": {
          }
        },
        "$auto$wreduce.cc:514:run$51": {
          "hide_name": 1,
          "bits": [ 150, 151, 152, 153, 154, 155, 156, 157, 158, 159, 159, 159, 159, 159, 159, 159, 159, 159, 159, 159, 159, 159, 159, 159, 159, 159, 159, 159, 159, 159, 159 ],
          "attributes": {
            "src": "designs/127/top.sv:28.27-28.48"
          }
        },
        "$mul$designs/127/top.sv:18$1_Y": {
          "hide_name": 1,
          "bits": [ "0", "0", 192, 311, 312, 313, 314, 315, 316, 317, 318, 319, "0", "0", "0", "0", "0" ],
          "attributes": {
            "src": "designs/127/top.sv:18.33-18.63",
            "unused_bits": "3 4 5 6 7 8 9 10 11"
          }
        },
        "$mul$designs/127/top.sv:18$6_Y": {
          "hide_name": 1,
          "bits": [ 201, 202, 203, 46, 47, 48, 49, 50, 51, 520, 521, 522, 523, 524, 525, 526, 527 ],
          "attributes": {
            "src": "designs/127/top.sv:18.28-18.133",
            "unused_bits": "9 10 11 12 13 14 15 16"
          }
        },
        "$mul$designs/127/top.sv:20$11_Y": {
          "hide_name": 1,
          "bits": [ 330, 331, 332, 333, 334, 335, 336, 337, 338, 339, 340, 341, 342, 343, 344, 345, 346, 347, 348, 349, 350, 351, 352, 353 ],
          "attributes": {
            "src": "designs/127/top.sv:20.26-20.84"
          }
        },
        "$mul$designs/127/top.sv:20$12_Y": {
          "hide_name": 1,
          "bits": [ 354, 355, 356, 357, 358, 359, 360, 361, 362, 363, 364, 365, 366, 367, 368, 369, 370, 371, 372, 373, 374, 375, 376, 377 ],
          "attributes": {
            "src": "designs/127/top.sv:20.25-20.94"
          }
        },
        "$mul$designs/127/top.sv:20$8_Y": {
          "hide_name": 1,
          "bits": [ 72, 73, 74, 75, 76, 77, 78, 79, 80, 81, 82, 83, 84, 85, 86, 87, 88, 89, "0", "0", "0", "0", "0", "0" ],
          "attributes": {
            "src": "designs/127/top.sv:20.29-20.44"
          }
        },
        "$mul$designs/127/top.sv:21$18_Y": {
          "hide_name": 1,
          "bits": [ 378, 379, 380, 381, 382, 383, 384, 385, 386, 387, 388, 389, 390, 391, 392, 393, 394, 395, 396, 397, 398, 399, 400, 401 ],
          "attributes": {
            "src": "designs/127/top.sv:21.43-21.67"
          }
        },
        "$mul$designs/127/top.sv:21$19_Y": {
          "hide_name": 1,
          "bits": [ 255, 256, 402, 403, 404, 405, 406, 407, 408, 409, 410, 411, 412, 413, 414, 415, 416, 417, 418, 419, 420, 421, 422, 423 ],
          "attributes": {
            "src": "designs/127/top.sv:21.34-21.78"
          }
        },
        "$not$designs/127/top.sv:22$24_Y": {
          "hide_name": 1,
          "bits": [ 454, 455, 456, 277, 457, 528, 529, 530, 531, 532, 533, 534, 535, 536, 537, 538, 539, 540, 541, 542, 543, 544, 545, 546 ],
          "attributes": {
            "src": "designs/127/top.sv:22.42-22.49",
            "unused_bits": "0 1 2 4 5 6 7 8 9 10 11 12 13 14 15 16 17 18 19 20 21 22 23"
          }
        },
        "$sub$designs/127/top.sv:18$4_Y": {
          "hide_name": 1,
          "bits": [ 195, 196, 197, 320, 321, 322, 323, 324, 325, 326, 327, 328, 329, 329, 329, 329, 329 ],
          "attributes": {
            "src": "designs/127/top.sv:18.30-18.105"
          }
        },
        "$sub$designs/127/top.sv:20$13_Y": {
          "hide_name": 1,
          "bits": [ 204, 205, 206, 207, 208, 209, 210, 211, 212, 231, 232, 132, 133, 134, 135, 136, 137, 138, 139, 140, 160, 161, 162, 163 ],
          "attributes": {
            "src": "designs/127/top.sv:20.24-20.108"
          }
        },
        "$sub$designs/127/top.sv:21$21_Y": {
          "hide_name": 1,
          "bits": [ 259, 260, 261, 262, 263, 264, 265, 266, 267, 458, 459, 460, 461, 462, 463, 464, 465, 466, 467, 468, 469, 470, 471, 472 ],
          "attributes": {
            "src": "designs/127/top.sv:21.32-21.103"
          }
        },
        "$sub$designs/127/top.sv:28$42_Y": {
          "hide_name": 1,
          "bits": [ 177, 424, 425, 473, 474, 475, 476, 477, 478, 479, 480, 481, 482, 483, 484, 485, 486, 487, 488, 489, 490, 491, 492, 493, 494, 495, 496, 497, 498, 499, 500 ],
          "attributes": {
            "src": "designs/127/top.sv:28.25-28.68"
          }
        },
        "expr_902443": {
          "hide_name": 0,
          "bits": [ 43, 44, 45, 46, 47, 48, 49, 50, 51, "x", "x", "x", "x", "x", "x", "x", "x" ],
          "attributes": {
            "src": "designs/127/top.sv:17.18-17.29"
          }
        },
        "input_data": {
          "hide_name": 0,
          "bits": [ 2, 3, 4 ],
          "attributes": {
            "src": "designs/127/top.sv:2.17-2.27"
          }
        },
        "output_data": {
          "hide_name": 0,
          "bits": [ 5, 6, 7, 8, 9, 10, 11, 12, 13, 14, 15, 16, 17, 18, 19, 20, 21, 22, 23 ],
          "attributes": {
            "src": "designs/127/top.sv:3.19-3.30"
          }
        },
        "temp_1": {
          "hide_name": 0,
          "bits": [ 222, 223, 224, 225, 226, 227, 228, 229, 230, 231, 232, 132, 133, 134, 135, 136, 137, 138, 139, 140, 160, 161, 162, 163 ],
          "attributes": {
            "src": "designs/127/top.sv:7.18-7.24"
          }
        },
        "temp_2": {
          "hide_name": 0,
          "bits": [ 122, 287, 288, 289, 290, 291, 292, 293, 294, 295, 296, 297, 298, 299, 300, 301, 302, 303, 304, 305, 306, 307, 308, 309, 310, 310, 310, 310, 310, 310, 310 ],
          "attributes": {
            "src": "designs/127/top.sv:8.18-8.24"
          }
        },
        "temp_3": {
          "hide_name": 0,
          "bits": [ "0", "0", "0", 278, "0" ],
          "attributes": {
            "src": "designs/127/top.sv:9.17-9.23"
          }
        },
        "temp_4": {
          "hide_name": 0,
          "bits": [ 122 ],
          "attributes": {
            "single_bit_vector": "00000000000000000000000000000001",
            "src": "designs/127/top.sv:10.17-10.23"
          }
        },
        "temp_6": {
          "hide_name": 0,
          "bits": [ 279, 282, 283, 284, 285, 128, 129, 130, 131, "0", "0", "0", "0", "0", "0", "0", "0" ],
          "attributes": {
            "src": "designs/127/top.sv:12.18-12.24"
          }
        },
        "temp_7": {
          "hide_name": 0,
          "bits": [ 120, "0", "0", "0", "0", "0", "0", "0", "0", "0", "0", "0", "0", "0", "0" ],
          "attributes": {
            "src": "designs/127/top.sv:13.18-13.24"
          }
        },
        "temp_8": {
          "hide_name": 0,
          "bits": [ 141, 142, 143, 144, 145, 146, 147, 148, 149, 160, 161, 162, 163 ],
          "attributes": {
            "src": "designs/127/top.sv:14.18-14.24"
          }
        },
        "temp_9": {
          "hide_name": 0,
          "bits": [ 179, 180, 181, 182, 183, 184, 185, 186, 187, 188, 189, 190, 191, 114, 115, 116, 117, 118, 119 ],
          "attributes": {
          }
        }
      }
    }
  }
}
