{
  "creator": "Yosys 0.60 (git sha1 5bafeb77dc71e054fa331ab9efa613e6fb0a1c49, clang++ 17.0.0 -fPIC -O3)",
  "modules": {
    "top": {
      "attributes": {
        "top": "00000000000000000000000000000001",
        "src": "designs/242/top.sv:1.1-44.10"
      },
      "ports": {
        "input_data": {
          "direction": "input",
          "bits": [ 2, 3, 4, 5, 6, 7, 8, 9 ]
        },
        "output_data": {
          "direction": "output",
          "bits": [ 10, 11, 12, 13, 14, 15, 16, 17, 18, 19 ]
        }
      },
      "cells": {
        "$add$designs/242/top.sv:22$6": {
          "hide_name": 1,
          "type": "$add",
          "parameters": {
            "A_SIGNED": "00000000000000000000000000000000",
            "A_WIDTH": "00000000000000000000000000001000",
            "B_SIGNED": "00000000000000000000000000000000",
            "B_WIDTH": "00000000000000000000000000001000",
            "Y_WIDTH": "00000000000000000000000000001000"
          },
          "attributes": {
            "src": "designs/242/top.sv:22.80-22.185"
          },
          "port_directions": {
            "A": "input",
            "B": "input",
            "Y": "output"
          },
          "connections": {
            "A": [ 20, 21, 22, 23, 24, 25, 26, 27 ],
            "B": [ 2, 3, 4, 5, 6, 7, 8, 9 ],
            "Y": [ 28, 29, 30, 31, 32, 33, 34, 35 ]
          }
        },
        "$add$designs/242/top.sv:26$21": {
          "hide_name": 1,
          "type": "$add",
          "parameters": {
            "A_SIGNED": "00000000000000000000000000000000",
            "A_WIDTH": "00000000000000000000000000000101",
            "B_SIGNED": "00000000000000000000000000000000",
            "B_WIDTH": "00000000000000000000000000000101",
            "Y_WIDTH": "00000000000000000000000000000101"
          },
          "attributes": {
            "src": "designs/242/top.sv:26.32-26.145"
          },
          "port_directions": {
            "A": "input",
            "B": "input",
            "Y": "output"
          },
          "connections": {
            "A": [ 36, 37, 38, 39, 40 ],
            "B": [ 41, 42, 43, 44, 45 ],
            "Y": [ 46, 47, 48, 49, 50 ]
          }
        },
        "$add$designs/242/top.sv:27$27": {
          "hide_name": 1,
          "type": "$add",
          "parameters": {
            "A_SIGNED": "00000000000000000000000000000000",
            "A_WIDTH": "00000000000000000000000000000111",
            "B_SIGNED": "00000000000000000000000000000000",
            "B_WIDTH": "00000000000000000000000000000111",
            "Y_WIDTH": "00000000000000000000000000000111"
          },
          "attributes": {
            "src": "designs/242/top.sv:27.52-27.221"
          },
          "port_directions": {
            "A": "input",
            "B": "input",
            "Y": "output"
          },
          "connections": {
            "A": [ 51, 52, 53, 54, 55, 56, 57 ],
            "B": [ 2, 3, 4, 5, 6, 7, 8 ],
            "Y": [ 58, 59, 60, 61, 62, 63, 64 ]
          }
        },
        "$add$designs/242/top.sv:29$39": {
          "hide_name": 1,
          "type": "$add",
          "parameters": {
            "A_SIGNED": "00000000000000000000000000000000",
            "A_WIDTH": "00000000000000000000000000010000",
            "B_SIGNED": "00000000000000000000000000000000",
            "B_WIDTH": "00000000000000000000000000000100",
            "Y_WIDTH": "00000000000000000000000000010000"
          },
          "attributes": {
            "src": "designs/242/top.sv:29.62-29.215"
          },
          "port_directions": {
            "A": "input",
            "B": "input",
            "Y": "output"
          },
          "connections": {
            "A": [ 65, 66, 67, 68, 69, 70, 71, 72, 73, 74, 75, 76, 77, 78, 79, 80 ],
            "B": [ 81, 82, 83, 84 ],
            "Y": [ 85, 86, 87, 88, 89, 90, 91, 92, 93, 94, 95, 96, 97, 98, 99, 100 ]
          }
        },
        "$add$designs/242/top.sv:30$59": {
          "hide_name": 1,
          "type": "$add",
          "parameters": {
            "A_SIGNED": "00000000000000000000000000000000",
            "A_WIDTH": "00000000000000000000000000011010",
            "B_SIGNED": "00000000000000000000000000000000",
            "B_WIDTH": "00000000000000000000000000011010",
            "Y_WIDTH": "00000000000000000000000000011010"
          },
          "attributes": {
            "src": "designs/242/top.sv:30.31-30.244"
          },
          "port_directions": {
            "A": "input",
            "B": "input",
            "Y": "output"
          },
          "connections": {
            "A": [ 101, 102, 103, 104, 105, 106, 107, 108, 109, 110, 111, 112, 113, 114, 115, 116, 117, 118, 119, 120, 121, 122, 123, 124, 125, 126 ],
            "B": [ 127, 128, 129, 130, 131, 132, 133, 134, "1", "1", "1", "1", "1", "1", "1", "1", "1", "1", "1", "1", "1", "1", "1", "1", "1", "1" ],
            "Y": [ 135, 136, 137, 138, 139, 140, 141, 142, 143, 144, 145, 146, 147, 148, 149, 150, 151, 152, 153, 154, 155, 156, 157, 158, 159, 160 ]
          }
        },
        "$add$designs/242/top.sv:35$82": {
          "hide_name": 1,
          "type": "$add",
          "parameters": {
            "A_SIGNED": "00000000000000000000000000000000",
            "A_WIDTH": "00000000000000000000000000000111",
            "B_SIGNED": "00000000000000000000000000000000",
            "B_WIDTH": "00000000000000000000000000000101",
            "Y_WIDTH": "00000000000000000000000000000111"
          },
          "attributes": {
            "src": "designs/242/top.sv:35.82-35.108"
          },
          "port_directions": {
            "A": "input",
            "B": "input",
            "Y": "output"
          },
          "connections": {
            "A": [ 161, 162, 163, 164, 165, 166, 167 ],
            "B": [ 46, 47, 48, 49, 50 ],
            "Y": [ 168, 169, 170, 171, 172, 173, 174 ]
          }
        },
        "$add$designs/242/top.sv:35$85": {
          "hide_name": 1,
          "type": "$add",
          "parameters": {
            "A_SIGNED": "00000000000000000000000000000000",
            "A_WIDTH": "00000000000000000000000000000101",
            "B_SIGNED": "00000000000000000000000000000000",
            "B_WIDTH": "00000000000000000000000000000101",
            "Y_WIDTH": "00000000000000000000000000000101"
          },
          "attributes": {
            "src": "designs/242/top.sv:35.51-35.150"
          },
          "port_directions": {
            "A": "input",
            "B": "input",
            "Y": "output"
          },
          "connections": {
            "A": [ 175, 176, 177, 178, 179 ],
            "B": [ 41, 42, 43, 44, 45 ],
            "Y": [ 180, 181, 182, 183, 184 ]
          }
        },
        "$add$designs/242/top.sv:35$86": {
          "hide_name": 1,
          "type": "$add",
          "parameters": {
            "A_SIGNED": "00000000000000000000000000000000",
            "A_WIDTH": "00000000000000000000000000000101",
            "B_SIGNED": "00000000000000000000000000000000",
            "B_WIDTH": "00000000000000000000000000000101",
            "Y_WIDTH": "00000000000000000000000000000101"
          },
          "attributes": {
            "src": "designs/242/top.sv:35.42-35.170"
          },
          "port_directions": {
            "A": "input",
            "B": "input",
            "Y": "output"
          },
          "connections": {
            "A": [ 180, 181, 182, 183, 184 ],
            "B": [ 4, 5, 6, 7, 8 ],
            "Y": [ 185, 186, 187, 188, 189 ]
          }
        },
        "$add$designs/242/top.sv:35$87": {
          "hide_name": 1,
          "type": "$add",
          "parameters": {
            "A_SIGNED": "00000000000000000000000000000000",
            "A_WIDTH": "00000000000000000000000000000101",
            "B_SIGNED": "00000000000000000000000000000000",
            "B_WIDTH": "00000000000000000000000000000101",
            "Y_WIDTH": "00000000000000000000000000000101"
          },
          "attributes": {
            "src": "designs/242/top.sv:35.33-35.181"
          },
          "port_directions": {
            "A": "input",
            "B": "input",
            "Y": "output"
          },
          "connections": {
            "A": [ 185, 186, 187, 188, 189 ],
            "B": [ 190, 191, 192, 193, 194 ],
            "Y": [ 195, 196, 197, 198, 199 ]
          }
        },
        "$add$designs/242/top.sv:36$96": {
          "hide_name": 1,
          "type": "$add",
          "parameters": {
            "A_SIGNED": "00000000000000000000000000000001",
            "A_WIDTH": "00000000000000000000000000010000",
            "B_SIGNED": "00000000000000000000000000000001",
            "B_WIDTH": "00000000000000000000000000001000",
            "Y_WIDTH": "00000000000000000000000000010000"
          },
          "attributes": {
            "src": "designs/242/top.sv:36.31-36.167"
          },
          "port_directions": {
            "A": "input",
            "B": "input",
            "Y": "output"
          },
          "connections": {
            "A": [ 200, 201, 202, 203, 204, 205, 206, 207, 208, 209, 210, 211, 212, 213, 214, 215 ],
            "B": [ 2, 3, 4, 5, 6, 7, 8, 9 ],
            "Y": [ 216, 217, 218, 219, 220, 221, 222, 223, 224, 225, 226, 227, 228, 229, 230, 231 ]
          }
        },
        "$and$designs/242/top.sv:24$12": {
          "hide_name": 1,
          "type": "$and",
          "parameters": {
            "A_SIGNED": "00000000000000000000000000000000",
            "A_WIDTH": "00000000000000000000000000000100",
            "B_SIGNED": "00000000000000000000000000000000",
            "B_WIDTH": "00000000000000000000000000000100",
            "Y_WIDTH": "00000000000000000000000000000100"
          },
          "attributes": {
            "src": "designs/242/top.sv:24.54-24.69"
          },
          "port_directions": {
            "A": "input",
            "B": "input",
            "Y": "output"
          },
          "connections": {
            "A": [ 41, 42, 43, 44 ],
            "B": [ 41, 42, 43, 44 ],
            "Y": [ 232, 233, 234, 235 ]
          }
        },
        "$and$designs/242/top.sv:24$14": {
          "hide_name": 1,
          "type": "$and",
          "parameters": {
            "A_SIGNED": "00000000000000000000000000000000",
            "A_WIDTH": "00000000000000000000000000000100",
            "B_SIGNED": "00000000000000000000000000000000",
            "B_WIDTH": "00000000000000000000000000000100",
            "Y_WIDTH": "00000000000000000000000000000100"
          },
          "attributes": {
            "src": "designs/242/top.sv:24.36-24.91"
          },
          "port_directions": {
            "A": "input",
            "B": "input",
            "Y": "output"
          },
          "connections": {
            "A": [ 236, 237, 238, 239 ],
            "B": [ 41, 42, 43, 44 ],
            "Y": [ 240, 241, 242, 243 ]
          }
        },
        "$and$designs/242/top.sv:27$25": {
          "hide_name": 1,
          "type": "$and",
          "parameters": {
            "A_SIGNED": "00000000000000000000000000000000",
            "A_WIDTH": "00000000000000000000000000000111",
            "B_SIGNED": "00000000000000000000000000000000",
            "B_WIDTH": "00000000000000000000000000000111",
            "Y_WIDTH": "00000000000000000000000000000111"
          },
          "attributes": {
            "src": "designs/242/top.sv:27.72-27.181"
          },
          "port_directions": {
            "A": "input",
            "B": "input",
            "Y": "output"
          },
          "connections": {
            "A": [ 244, 245, 246, 247, 248, 249, 250 ],
            "B": [ 3, 4, 5, 6, 7, 8, 9 ],
            "Y": [ 251, 252, 253, 254, 255, 256, 257 ]
          }
        },
        "$and$designs/242/top.sv:27$26": {
          "hide_name": 1,
          "type": "$and",
          "parameters": {
            "A_SIGNED": "00000000000000000000000000000000",
            "A_WIDTH": "00000000000000000000000000000111",
            "B_SIGNED": "00000000000000000000000000000000",
            "B_WIDTH": "00000000000000000000000000000111",
            "Y_WIDTH": "00000000000000000000000000000111"
          },
          "attributes": {
            "src": "designs/242/top.sv:27.63-27.201"
          },
          "port_directions": {
            "A": "input",
            "B": "input",
            "Y": "output"
          },
          "connections": {
            "A": [ 251, 252, 253, 254, 255, 256, 257 ],
            "B": [ 2, 3, 4, 5, 6, 7, 8 ],
            "Y": [ 51, 52, 53, 54, 55, 56, 57 ]
          }
        },
        "$and$designs/242/top.sv:29$33": {
          "hide_name": 1,
          "type": "$and",
          "parameters": {
            "A_SIGNED": "00000000000000000000000000000000",
            "A_WIDTH": "00000000000000000000000000000100",
            "B_SIGNED": "00000000000000000000000000000000",
            "B_WIDTH": "00000000000000000000000000000100",
            "Y_WIDTH": "00000000000000000000000000000100"
          },
          "attributes": {
            "src": "designs/242/top.sv:29.104-29.148"
          },
          "port_directions": {
            "A": "input",
            "B": "input",
            "Y": "output"
          },
          "connections": {
            "A": [ 4, 5, 6, 7 ],
            "B": [ 6, 7, 8, 9 ],
            "Y": [ 258, 259, 260, 261 ]
          }
        },
        "$and$designs/242/top.sv:29$44": {
          "hide_name": 1,
          "type": "$and",
          "parameters": {
            "A_SIGNED": "00000000000000000000000000000000",
            "A_WIDTH": "00000000000000000000000000000100",
            "B_SIGNED": "00000000000000000000000000000000",
            "B_WIDTH": "00000000000000000000000000000100",
            "Y_WIDTH": "00000000000000000000000000000100"
          },
          "attributes": {
            "src": "designs/242/top.sv:29.33-29.260"
          },
          "port_directions": {
            "A": "input",
            "B": "input",
            "Y": "output"
          },
          "connections": {
            "A": [ 262, 263, 264, 265 ],
            "B": [ 266, 267, 268, 269 ],
            "Y": [ 270, 271, 272, 273 ]
          }
        },
        "$and$designs/242/top.sv:35$89": {
          "hide_name": 1,
          "type": "$and",
          "parameters": {
            "A_SIGNED": "00000000000000000000000000000000",
            "A_WIDTH": "00000000000000000000000000000101",
            "B_SIGNED": "00000000000000000000000000000000",
            "B_WIDTH": "00000000000000000000000000000101",
            "Y_WIDTH": "00000000000000000000000000000101"
          },
          "attributes": {
            "src": "designs/242/top.sv:35.23-35.220"
          },
          "port_directions": {
            "A": "input",
            "B": "input",
            "Y": "output"
          },
          "connections": {
            "A": [ 274, 275, 276, 277, 278 ],
            "B": [ 5, 6, 7, 8, 9 ],
            "Y": [ 279, 280, 281, 282, 283 ]
          }
        },
        "$and$designs/242/top.sv:36$92": {
          "hide_name": 1,
          "type": "$and",
          "parameters": {
            "A_SIGNED": "00000000000000000000000000000000",
            "A_WIDTH": "00000000000000000000000000010000",
            "B_SIGNED": "00000000000000000000000000000000",
            "B_WIDTH": "00000000000000000000000000010000",
            "Y_WIDTH": "00000000000000000000000000010000"
          },
          "attributes": {
            "src": "designs/242/top.sv:36.71-36.122"
          },
          "port_directions": {
            "A": "input",
            "B": "input",
            "Y": "output"
          },
          "connections": {
            "A": [ 284, 285, 286, 84, 287, 288, 289, 290, 291, 292, 293, 294, 295, 296, 297, 298 ],
            "B": [ 299, 300, 301, 302, 303, 304, 305, 306, 307, 308, 309, 310, 311, 312, 313, 314 ],
            "Y": [ 315, 316, 317, 318, 319, 320, 321, 322, 323, 324, 325, 326, 327, 328, 329, 330 ]
          }
        },
        "$auto$opt_expr.cc:276:group_cell_inputs$135": {
          "hide_name": 1,
          "type": "$or",
          "parameters": {
            "A_SIGNED": "00000000000000000000000000000000",
            "A_WIDTH": "00000000000000000000000000000100",
            "B_SIGNED": "00000000000000000000000000000000",
            "B_WIDTH": "00000000000000000000000000000100",
            "Y_WIDTH": "00000000000000000000000000000100"
          },
          "attributes": {
          },
          "port_directions": {
            "A": "input",
            "B": "input",
            "Y": "output"
          },
          "connections": {
            "A": [ 258, 259, 260, 261 ],
            "B": [ 81, 82, 83, 84 ],
            "Y": [ 331, 332, 333, 334 ]
          }
        },
        "$auto$opt_expr.cc:276:group_cell_inputs$138": {
          "hide_name": 1,
          "type": "$not",
          "parameters": {
            "A_SIGNED": "00000000000000000000000000000000",
            "A_WIDTH": "00000000000000000000000000000100",
            "Y_WIDTH": "00000000000000000000000000000100"
          },
          "attributes": {
          },
          "port_directions": {
            "A": "input",
            "Y": "output"
          },
          "connections": {
            "A": [ 6, 7, 8, 9 ],
            "Y": [ 335, 336, 337, 338 ]
          }
        },
        "$auto$opt_expr.cc:276:group_cell_inputs$142": {
          "hide_name": 1,
          "type": "$or",
          "parameters": {
            "A_SIGNED": "00000000000000000000000000000000",
            "A_WIDTH": "00000000000000000000000000000101",
            "B_SIGNED": "00000000000000000000000000000000",
            "B_WIDTH": "00000000000000000000000000000101",
            "Y_WIDTH": "00000000000000000000000000000101"
          },
          "attributes": {
          },
          "port_directions": {
            "A": "input",
            "B": "input",
            "Y": "output"
          },
          "connections": {
            "A": [ 85, 86, 87, 88, 89 ],
            "B": [ 46, 47, 48, 49, 50 ],
            "Y": [ 339, 340, 341, 342, 343 ]
          }
        },
        "$auto$opt_expr.cc:276:group_cell_inputs$145": {
          "hide_name": 1,
          "type": "$not",
          "parameters": {
            "A_SIGNED": "00000000000000000000000000000000",
            "A_WIDTH": "00000000000000000000000000000100",
            "Y_WIDTH": "00000000000000000000000000000100"
          },
          "attributes": {
          },
          "port_directions": {
            "A": "input",
            "Y": "output"
          },
          "connections": {
            "A": [ 3, 4, 5, 6 ],
            "Y": [ 344, 345, 346, 347 ]
          }
        },
        "$auto$opt_expr.cc:276:group_cell_inputs$149": {
          "hide_name": 1,
          "type": "$xor",
          "parameters": {
            "A_SIGNED": "00000000000000000000000000000000",
            "A_WIDTH": "00000000000000000000000000000100",
            "B_SIGNED": "00000000000000000000000000000000",
            "B_WIDTH": "00000000000000000000000000000100",
            "Y_WIDTH": "00000000000000000000000000000100"
          },
          "attributes": {
          },
          "port_directions": {
            "A": "input",
            "B": "input",
            "Y": "output"
          },
          "connections": {
            "A": [ 81, 82, 83, 84 ],
            "B": [ 348, 349, 350, 351 ],
            "Y": [ 352, 353, 354, 355 ]
          }
        },
        "$auto$opt_expr.cc:276:group_cell_inputs$152": {
          "hide_name": 1,
          "type": "$not",
          "parameters": {
            "A_SIGNED": "00000000000000000000000000000000",
            "A_WIDTH": "00000000000000000000000000001000",
            "Y_WIDTH": "00000000000000000000000000001000"
          },
          "attributes": {
          },
          "port_directions": {
            "A": "input",
            "Y": "output"
          },
          "connections": {
            "A": [ 41, 42, 43, 44, 45, 356, 357, 358 ],
            "Y": [ 359, 360, 361, 362, 363, 364, 365, 366 ]
          }
        },
        "$auto$opt_expr.cc:276:group_cell_inputs$159": {
          "hide_name": 1,
          "type": "$or",
          "parameters": {
            "A_SIGNED": "00000000000000000000000000000000",
            "A_WIDTH": "00000000000000000000000000000100",
            "B_SIGNED": "00000000000000000000000000000000",
            "B_WIDTH": "00000000000000000000000000000100",
            "Y_WIDTH": "00000000000000000000000000000100"
          },
          "attributes": {
          },
          "port_directions": {
            "A": "input",
            "B": "input",
            "Y": "output"
          },
          "connections": {
            "A": [ 367, 368, 369, 370 ],
            "B": [ 266, 267, 268, 269 ],
            "Y": [ 371, 372, 373, 374 ]
          }
        },
        "$auto$opt_expr.cc:276:group_cell_inputs$162": {
          "hide_name": 1,
          "type": "$not",
          "parameters": {
            "A_SIGNED": "00000000000000000000000000000000",
            "A_WIDTH": "00000000000000000000000000010000",
            "Y_WIDTH": "00000000000000000000000000010000"
          },
          "attributes": {
          },
          "port_directions": {
            "A": "input",
            "Y": "output"
          },
          "connections": {
            "A": [ 81, 82, 83, 84, 287, 288, 289, 290, 291, 292, 293, 294, 295, 296, 297, 298 ],
            "Y": [ 299, 300, 301, 302, 303, 304, 305, 306, 307, 308, 309, 310, 311, 312, 313, 314 ]
          }
        },
        "$auto$opt_expr.cc:276:group_cell_inputs$166": {
          "hide_name": 1,
          "type": "$or",
          "parameters": {
            "A_SIGNED": "00000000000000000000000000000000",
            "A_WIDTH": "00000000000000000000000000010000",
            "B_SIGNED": "00000000000000000000000000000000",
            "B_WIDTH": "00000000000000000000000000010000",
            "Y_WIDTH": "00000000000000000000000000010000"
          },
          "attributes": {
          },
          "port_directions": {
            "A": "input",
            "B": "input",
            "Y": "output"
          },
          "connections": {
            "A": [ 375, 376, 377, 378, 379, 380, 381, 382, 383, 384, 385, 386, 387, 388, 389, 390 ],
            "B": [ 81, 82, 83, 84, 287, 288, 289, 290, 291, 292, 293, 294, 295, 296, 297, 298 ],
            "Y": [ 101, 102, 103, 104, 105, 106, 107, 108, 109, 110, 111, 112, 113, 114, 115, 116 ]
          }
        },
        "$auto$opt_expr.cc:276:group_cell_inputs$169": {
          "hide_name": 1,
          "type": "$not",
          "parameters": {
            "A_SIGNED": "00000000000000000000000000000000",
            "A_WIDTH": "00000000000000000000000000001000",
            "Y_WIDTH": "00000000000000000000000000001000"
          },
          "attributes": {
          },
          "port_directions": {
            "A": "input",
            "Y": "output"
          },
          "connections": {
            "A": [ 2, 3, 4, 5, 6, 7, 8, 9 ],
            "Y": [ 127, 128, 129, 130, 131, 132, 133, 134 ]
          }
        },
        "$auto$opt_expr.cc:276:group_cell_inputs$200": {
          "hide_name": 1,
          "type": "$or",
          "parameters": {
            "A_SIGNED": "00000000000000000000000000000000",
            "A_WIDTH": "00000000000000000000000000000011",
            "B_SIGNED": "00000000000000000000000000000000",
            "B_WIDTH": "00000000000000000000000000000011",
            "Y_WIDTH": "00000000000000000000000000000011"
          },
          "attributes": {
          },
          "port_directions": {
            "A": "input",
            "B": "input",
            "Y": "output"
          },
          "connections": {
            "A": [ 81, 82, 83 ],
            "B": [ 391, 392, 393 ],
            "Y": [ 284, 285, 286 ]
          }
        },
        "$auto$opt_expr.cc:276:group_cell_inputs$203": {
          "hide_name": 1,
          "type": "$or",
          "parameters": {
            "A_SIGNED": "00000000000000000000000000000000",
            "A_WIDTH": "00000000000000000000000000000011",
            "B_SIGNED": "00000000000000000000000000000000",
            "B_WIDTH": "00000000000000000000000000000011",
            "Y_WIDTH": "00000000000000000000000000000011"
          },
          "attributes": {
          },
          "port_directions": {
            "A": "input",
            "B": "input",
            "Y": "output"
          },
          "connections": {
            "A": [ 315, 316, 317 ],
            "B": [ 391, 392, 393 ],
            "Y": [ 394, 395, 396 ]
          }
        },
        "$auto$opt_expr.cc:276:group_cell_inputs$206": {
          "hide_name": 1,
          "type": "$or",
          "parameters": {
            "A_SIGNED": "00000000000000000000000000000000",
            "A_WIDTH": "00000000000000000000000000000100",
            "B_SIGNED": "00000000000000000000000000000000",
            "B_WIDTH": "00000000000000000000000000000100",
            "Y_WIDTH": "00000000000000000000000000000100"
          },
          "attributes": {
          },
          "port_directions": {
            "A": "input",
            "B": "input",
            "Y": "output"
          },
          "connections": {
            "A": [ 394, 395, 396, 318 ],
            "B": [ 266, 267, 268, 269 ],
            "Y": [ 397, 398, 399, 400 ]
          }
        },
        "$auto$opt_expr.cc:276:group_cell_inputs$242": {
          "hide_name": 1,
          "type": "$xor",
          "parameters": {
            "A_SIGNED": "00000000000000000000000000000000",
            "A_WIDTH": "00000000000000000000000000000101",
            "B_SIGNED": "00000000000000000000000000000000",
            "B_WIDTH": "00000000000000000000000000000101",
            "Y_WIDTH": "00000000000000000000000000000101"
          },
          "attributes": {
          },
          "port_directions": {
            "A": "input",
            "B": "input",
            "Y": "output"
          },
          "connections": {
            "A": [ 2, 3, 4, 5, 6 ],
            "B": [ 279, 280, 281, 282, 283 ],
            "Y": [ 401, 402, 403, 404, 405 ]
          }
        },
        "$auto$opt_expr.cc:276:group_cell_inputs$245": {
          "hide_name": 1,
          "type": "$xor",
          "parameters": {
            "A_SIGNED": "00000000000000000000000000000000",
            "A_WIDTH": "00000000000000000000000000000010",
            "B_SIGNED": "00000000000000000000000000000000",
            "B_WIDTH": "00000000000000000000000000000010",
            "Y_WIDTH": "00000000000000000000000000000010"
          },
          "attributes": {
          },
          "port_directions": {
            "A": "input",
            "B": "input",
            "Y": "output"
          },
          "connections": {
            "A": [ 401, 402 ],
            "B": [ 266, 267 ],
            "Y": [ 406, 407 ]
          }
        },
        "$auto$opt_expr.cc:276:group_cell_inputs$248": {
          "hide_name": 1,
          "type": "$not",
          "parameters": {
            "A_SIGNED": "00000000000000000000000000000000",
            "A_WIDTH": "00000000000000000000000000010000",
            "Y_WIDTH": "00000000000000000000000000010000"
          },
          "attributes": {
          },
          "port_directions": {
            "A": "input",
            "Y": "output"
          },
          "connections": {
            "A": [ 216, 217, 218, 219, 220, 221, 222, 223, 224, 225, 226, 227, 228, 229, 230, 231 ],
            "Y": [ 408, 409, 410, 411, 412, 413, 414, 415, 416, 417, 418, 419, 420, 421, 422, 423 ]
          }
        },
        "$auto$opt_expr.cc:276:group_cell_inputs$252": {
          "hide_name": 1,
          "type": "$xor",
          "parameters": {
            "A_SIGNED": "00000000000000000000000000000000",
            "A_WIDTH": "00000000000000000000000000010000",
            "B_SIGNED": "00000000000000000000000000000000",
            "B_WIDTH": "00000000000000000000000000010000",
            "Y_WIDTH": "00000000000000000000000000010000"
          },
          "attributes": {
          },
          "port_directions": {
            "A": "input",
            "B": "input",
            "Y": "output"
          },
          "connections": {
            "A": [ 424, 425, 426, 427, 428, 429, 430, 431, 432, 433, 434, 435, 436, 437, 438, 439 ],
            "B": [ 81, 82, 83, 84, 287, 288, 289, 290, 291, 292, 293, 294, 295, 296, 297, 298 ],
            "Y": [ 440, 441, 442, 443, 444, 445, 446, 447, 448, 449, 450, 451, 452, 453, 454, 455 ]
          }
        },
        "$auto$opt_expr.cc:276:group_cell_inputs$255": {
          "hide_name": 1,
          "type": "$and",
          "parameters": {
            "A_SIGNED": "00000000000000000000000000000000",
            "A_WIDTH": "00000000000000000000000000000100",
            "B_SIGNED": "00000000000000000000000000000000",
            "B_WIDTH": "00000000000000000000000000000100",
            "Y_WIDTH": "00000000000000000000000000000100"
          },
          "attributes": {
          },
          "port_directions": {
            "A": "input",
            "B": "input",
            "Y": "output"
          },
          "connections": {
            "A": [ 456, 457, 458, 459 ],
            "B": [ 335, 336, 337, 338 ],
            "Y": [ 65, 66, 67, 68 ]
          }
        },
        "$auto$opt_expr.cc:276:group_cell_inputs$258": {
          "hide_name": 1,
          "type": "$or",
          "parameters": {
            "A_SIGNED": "00000000000000000000000000000000",
            "A_WIDTH": "00000000000000000000000000001000",
            "B_SIGNED": "00000000000000000000000000000000",
            "B_WIDTH": "00000000000000000000000000001000",
            "Y_WIDTH": "00000000000000000000000000001000"
          },
          "attributes": {
          },
          "port_directions": {
            "A": "input",
            "B": "input",
            "Y": "output"
          },
          "connections": {
            "A": [ 352, 353, 354, 355, 287, 288, 289, 290 ],
            "B": [ 359, 360, 361, 362, 363, 364, 365, 366 ],
            "Y": [ 367, 368, 369, 370, 460, 461, 462, 463 ]
          }
        },
        "$auto$opt_expr.cc:276:group_cell_inputs$266": {
          "hide_name": 1,
          "type": "$and",
          "parameters": {
            "A_SIGNED": "00000000000000000000000000000000",
            "A_WIDTH": "00000000000000000000000000010000",
            "B_SIGNED": "00000000000000000000000000000000",
            "B_WIDTH": "00000000000000000000000000010000",
            "Y_WIDTH": "00000000000000000000000000010000"
          },
          "attributes": {
          },
          "port_directions": {
            "A": "input",
            "B": "input",
            "Y": "output"
          },
          "connections": {
            "A": [ 406, 407, 403, 404, 405, 7, 8, 9, 9, 9, 9, 9, 9, 9, 9, 9 ],
            "B": [ 408, 409, 410, 411, 412, 413, 414, 415, 416, 417, 418, 419, 420, 421, 422, 423 ],
            "Y": [ 424, 425, 426, 427, 428, 429, 430, 431, 432, 433, 434, 435, 436, 437, 438, 439 ]
          }
        },
        "$auto$opt_expr.cc:276:group_cell_inputs$285": {
          "hide_name": 1,
          "type": "$or",
          "parameters": {
            "A_SIGNED": "00000000000000000000000000000000",
            "A_WIDTH": "00000000000000000000000000001000",
            "B_SIGNED": "00000000000000000000000000000000",
            "B_WIDTH": "00000000000000000000000000001000",
            "Y_WIDTH": "00000000000000000000000000001000"
          },
          "attributes": {
          },
          "port_directions": {
            "A": "input",
            "B": "input",
            "Y": "output"
          },
          "connections": {
            "A": [ 460, 461, 462, 463, 371, 372, 373, 374 ],
            "B": [ 303, 304, 305, 306, 299, 300, 301, 302 ],
            "Y": [ 464, 465, 466, 467, 468, 469, 470, 471 ]
          }
        },
        "$mul$designs/242/top.sv:22$9": {
          "hide_name": 1,
          "type": "$mul",
          "parameters": {
            "A_SIGNED": "00000000000000000000000000000000",
            "A_WIDTH": "00000000000000000000000000001000",
            "B_SIGNED": "00000000000000000000000000000000",
            "B_WIDTH": "00000000000000000000000000001000",
            "Y_WIDTH": "00000000000000000000000000001000"
          },
          "attributes": {
            "src": "designs/242/top.sv:22.49-22.230"
          },
          "port_directions": {
            "A": "input",
            "B": "input",
            "Y": "output"
          },
          "connections": {
            "A": [ 472, 473, 474, 475, 476, 477, 478, 479 ],
            "B": [ 2, 3, 4, 5, 6, 7, 8, 9 ],
            "Y": [ 480, 481, 482, 483, 484, 485, 486, 487 ]
          }
        },
        "$mul$designs/242/top.sv:26$18": {
          "hide_name": 1,
          "type": "$mul",
          "parameters": {
            "A_SIGNED": "00000000000000000000000000000000",
            "A_WIDTH": "00000000000000000000000000000101",
            "B_SIGNED": "00000000000000000000000000000000",
            "B_WIDTH": "00000000000000000000000000000101",
            "Y_WIDTH": "00000000000000000000000000000101"
          },
          "attributes": {
            "src": "designs/242/top.sv:26.61-26.105"
          },
          "port_directions": {
            "A": "input",
            "B": "input",
            "Y": "output"
          },
          "connections": {
            "A": [ 4, 5, 6, 7, 8 ],
            "B": [ 2, 3, 4, 5, 6 ],
            "Y": [ 488, 489, 490, 491, 492 ]
          }
        },
        "$mul$designs/242/top.sv:27$23": {
          "hide_name": 1,
          "type": "$mul",
          "parameters": {
            "A_SIGNED": "00000000000000000000000000000000",
            "A_WIDTH": "00000000000000000000000000000111",
            "B_SIGNED": "00000000000000000000000000000000",
            "B_WIDTH": "00000000000000000000000000000111",
            "Y_WIDTH": "00000000000000000000000000000111"
          },
          "attributes": {
            "src": "designs/242/top.sv:27.94-27.141"
          },
          "port_directions": {
            "A": "input",
            "B": "input",
            "Y": "output"
          },
          "connections": {
            "A": [ 3, 4, 5, 6, 7, 8, 9 ],
            "B": [ 493, 494, 495, 496, 497, 498, 499 ],
            "Y": [ 500, 501, 502, 503, 504, 505, 506 ]
          }
        },
        "$mul$designs/242/top.sv:28$31": {
          "hide_name": 1,
          "type": "$mul",
          "parameters": {
            "A_SIGNED": "00000000000000000000000000000000",
            "A_WIDTH": "00000000000000000000000000001000",
            "B_SIGNED": "00000000000000000000000000000000",
            "B_WIDTH": "00000000000000000000000000001000",
            "Y_WIDTH": "00000000000000000000000000001000"
          },
          "attributes": {
            "src": "designs/242/top.sv:28.41-28.94"
          },
          "port_directions": {
            "A": "input",
            "B": "input",
            "Y": "output"
          },
          "connections": {
            "A": [ 507, 508, 509, 510, 511, 512, 513, 514 ],
            "B": [ 2, 3, 4, 5, 6, 7, 8, 9 ],
            "Y": [ 515, 516, 517, 518, 519, 520, 521, 522 ]
          }
        },
        "$mul$designs/242/top.sv:28$32": {
          "hide_name": 1,
          "type": "$mul",
          "parameters": {
            "A_SIGNED": "00000000000000000000000000000000",
            "A_WIDTH": "00000000000000000000000000001000",
            "B_SIGNED": "00000000000000000000000000000000",
            "B_WIDTH": "00000000000000000000000000001000",
            "Y_WIDTH": "00000000000000000000000000010000"
          },
          "attributes": {
            "src": "designs/242/top.sv:28.30-28.105"
          },
          "port_directions": {
            "A": "input",
            "B": "input",
            "Y": "output"
          },
          "connections": {
            "A": [ 515, 516, 517, 518, 519, 520, 521, 522 ],
            "B": [ 41, 42, 43, 44, 45, 356, 357, 358 ],
            "Y": [ 81, 82, 83, 84, 287, 288, 289, 290, 291, 292, 293, 294, 295, 296, 297, 298 ]
          }
        },
        "$mul$designs/242/top.sv:29$43": {
          "hide_name": 1,
          "type": "$mul",
          "parameters": {
            "A_SIGNED": "00000000000000000000000000000000",
            "A_WIDTH": "00000000000000000000000000010000",
            "B_SIGNED": "00000000000000000000000000000000",
            "B_WIDTH": "00000000000000000000000000010000",
            "Y_WIDTH": "00000000000000000000000000000100"
          },
          "attributes": {
            "src": "designs/242/top.sv:29.42-29.249"
          },
          "port_directions": {
            "A": "input",
            "B": "input",
            "Y": "output"
          },
          "connections": {
            "A": [ 339, 340, 341, 342, 343, 90, 91, 92, 93, 94, 95, 96, 97, 98, 99, 100 ],
            "B": [ 344, 345, 346, 347, "1", "1", "1", "1", "1", "1", "1", "1", "1", "1", "1", "1" ],
            "Y": [ 262, 263, 264, 265 ]
          }
        },
        "$mul$designs/242/top.sv:30$53": {
          "hide_name": 1,
          "type": "$mul",
          "parameters": {
            "A_SIGNED": "00000000000000000000000000000000",
            "A_WIDTH": "00000000000000000000000000011010",
            "B_SIGNED": "00000000000000000000000000000000",
            "B_WIDTH": "00000000000000000000000000000101",
            "Y_WIDTH": "00000000000000000000000000011010"
          },
          "attributes": {
            "src": "designs/242/top.sv:30.71-30.193"
          },
          "port_directions": {
            "A": "input",
            "B": "input",
            "Y": "output"
          },
          "connections": {
            "A": [ 468, 469, 470, 471, 464, 465, 466, 467, "1", "1", "1", "1", "1", "1", "1", "1", "1", "1", "1", "1", "1", "1", "1", "1", "1", "1" ],
            "B": [ 44, 45, 356, 357, 358 ],
            "Y": [ 523, 524, 525, 526, 527, 528, 529, 530, 531, 532, 533, 534, 535, 536, 537, 538, 539, 540, 541, 542, 543, 544, 545, 546, 547, 548 ]
          }
        },
        "$mul$designs/242/top.sv:30$55": {
          "hide_name": 1,
          "type": "$mul",
          "parameters": {
            "A_SIGNED": "00000000000000000000000000000000",
            "A_WIDTH": "00000000000000000000000000011010",
            "B_SIGNED": "00000000000000000000000000000000",
            "B_WIDTH": "00000000000000000000000000000100",
            "Y_WIDTH": "00000000000000000000000000011010"
          },
          "attributes": {
            "src": "designs/242/top.sv:30.51-30.215"
          },
          "port_directions": {
            "A": "input",
            "B": "input",
            "Y": "output"
          },
          "connections": {
            "A": [ 549, 550, 551, 552, 553, 554, 555, 556, 557, 558, 559, 560, 561, 562, 563, 564, 565, 566, 567, 568, 569, 570, 571, 572, 573, 574 ],
            "B": [ 348, 349, 350, 351 ],
            "Y": [ 375, 376, 377, 378, 379, 380, 381, 382, 383, 384, 385, 386, 387, 388, 389, 390, 117, 118, 119, 120, 121, 122, 123, 124, 125, 126 ]
          }
        },
        "$mul$designs/242/top.sv:31$61": {
          "hide_name": 1,
          "type": "$mul",
          "parameters": {
            "A_SIGNED": "00000000000000000000000000000000",
            "A_WIDTH": "00000000000000000000000000000011",
            "B_SIGNED": "00000000000000000000000000000000",
            "B_WIDTH": "00000000000000000000000000000011",
            "Y_WIDTH": "00000000000000000000000000000011"
          },
          "attributes": {
            "src": "designs/242/top.sv:31.42-31.86"
          },
          "port_directions": {
            "A": "input",
            "B": "input",
            "Y": "output"
          },
          "connections": {
            "A": [ 5, 6, 7 ],
            "B": [ 2, 3, 4 ],
            "Y": [ 575, 576, 577 ]
          }
        },
        "$mul$designs/242/top.sv:31$63": {
          "hide_name": 1,
          "type": "$mul",
          "parameters": {
            "A_SIGNED": "00000000000000000000000000000000",
            "A_WIDTH": "00000000000000000000000000000100",
            "B_SIGNED": "00000000000000000000000000000000",
            "B_WIDTH": "00000000000000000000000000000100",
            "Y_WIDTH": "00000000000000000000000000000011"
          },
          "attributes": {
            "src": "designs/242/top.sv:31.22-31.108"
          },
          "port_directions": {
            "A": "input",
            "B": "input",
            "Y": "output"
          },
          "connections": {
            "A": [ 578, 579, 580, 581 ],
            "B": [ 266, 267, 268, 269 ],
            "Y": [ 391, 392, 393 ]
          }
        },
        "$mul$designs/242/top.sv:35$83": {
          "hide_name": 1,
          "type": "$mul",
          "parameters": {
            "A_SIGNED": "00000000000000000000000000000000",
            "A_WIDTH": "00000000000000000000000000000111",
            "B_SIGNED": "00000000000000000000000000000000",
            "B_WIDTH": "00000000000000000000000000000101",
            "Y_WIDTH": "00000000000000000000000000000101"
          },
          "attributes": {
            "src": "designs/242/top.sv:35.71-35.128"
          },
          "port_directions": {
            "A": "input",
            "B": "input",
            "Y": "output"
          },
          "connections": {
            "A": [ 168, 169, 170, 171, 172, 173, 174 ],
            "B": [ 3, 4, 5, 6, 7 ],
            "Y": [ 582, 583, 584, 585, 586 ]
          }
        },
        "$mul$designs/242/top.sv:42$128": {
          "hide_name": 1,
          "type": "$mul",
          "parameters": {
            "A_SIGNED": "00000000000000000000000000000000",
            "A_WIDTH": "00000000000000000000000000011001",
            "B_SIGNED": "00000000000000000000000000000000",
            "B_WIDTH": "00000000000000000000000000010000",
            "Y_WIDTH": "00000000000000000000000000001010"
          },
          "attributes": {
            "src": "designs/242/top.sv:42.35-42.164"
          },
          "port_directions": {
            "A": "input",
            "B": "input",
            "Y": "output"
          },
          "connections": {
            "A": [ 440, 441, 442, 443, 444, 445, 446, 447, 448, 449, 450, 451, 452, 453, 454, 455, 9, 9, 9, 9, 9, 9, 9, 9, 9 ],
            "B": [ 216, 217, 218, 219, 220, 221, 222, 223, 224, 225, 226, 227, 228, 229, 230, 231 ],
            "Y": [ 10, 11, 12, 13, 14, 15, 16, 17, 18, 19 ]
          }
        },
        "$not$designs/242/top.sv:24$16": {
          "hide_name": 1,
          "type": "$not",
          "parameters": {
            "A_SIGNED": "00000000000000000000000000000000",
            "A_WIDTH": "00000000000000000000000000000100",
            "Y_WIDTH": "00000000000000000000000000000100"
          },
          "attributes": {
            "src": "designs/242/top.sv:24.97-24.104"
          },
          "port_directions": {
            "A": "input",
            "Y": "output"
          },
          "connections": {
            "A": [ 41, 42, 43, 44 ],
            "Y": [ 587, 588, 589, 590 ]
          }
        },
        "$not$designs/242/top.sv:27$22": {
          "hide_name": 1,
          "type": "$not",
          "parameters": {
            "A_SIGNED": "00000000000000000000000000000000",
            "A_WIDTH": "00000000000000000000000000000111",
            "Y_WIDTH": "00000000000000000000000000000111"
          },
          "attributes": {
            "src": "designs/242/top.sv:27.124-27.140"
          },
          "port_directions": {
            "A": "input",
            "Y": "output"
          },
          "connections": {
            "A": [ 3, 4, 5, 6, 7, 8, 9 ],
            "Y": [ 493, 494, 495, 496, 497, 498, 499 ]
          }
        },
        "$or$designs/242/top.sv:22$11": {
          "hide_name": 1,
          "type": "$or",
          "parameters": {
            "A_SIGNED": "00000000000000000000000000000000",
            "A_WIDTH": "00000000000000000000000000001000",
            "B_SIGNED": "00000000000000000000000000000000",
            "B_WIDTH": "00000000000000000000000000001000",
            "Y_WIDTH": "00000000000000000000000000001000"
          },
          "attributes": {
            "src": "designs/242/top.sv:22.29-22.260"
          },
          "port_directions": {
            "A": "input",
            "B": "input",
            "Y": "output"
          },
          "connections": {
            "A": [ 591, 592, 593, 594, 595, 596, 597, 598 ],
            "B": [ 2, 3, 4, 5, 6, 7, 8, 9 ],
            "Y": [ 41, 42, 43, 44, 45, 356, 357, 358 ]
          }
        },
        "$or$designs/242/top.sv:22$2": {
          "hide_name": 1,
          "type": "$or",
          "parameters": {
            "A_SIGNED": "00000000000000000000000000000000",
            "A_WIDTH": "00000000000000000000000000001000",
            "B_SIGNED": "00000000000000000000000000000000",
            "B_WIDTH": "00000000000000000000000000001000",
            "Y_WIDTH": "00000000000000000000000000001000"
          },
          "attributes": {
            "src": "designs/242/top.sv:22.111-22.137"
          },
          "port_directions": {
            "A": "input",
            "B": "input",
            "Y": "output"
          },
          "connections": {
            "A": [ 2, 3, 4, 5, 6, 7, 8, 9 ],
            "B": [ 127, 128, 129, 130, 131, 132, 133, 134 ],
            "Y": [ 599, 600, 601, 602, 603, 604, 605, 606 ]
          }
        },
        "$or$designs/242/top.sv:22$7": {
          "hide_name": 1,
          "type": "$or",
          "parameters": {
            "A_SIGNED": "00000000000000000000000000000000",
            "A_WIDTH": "00000000000000000000000000001000",
            "B_SIGNED": "00000000000000000000000000000000",
            "B_WIDTH": "00000000000000000000000000001000",
            "Y_WIDTH": "00000000000000000000000000001000"
          },
          "attributes": {
            "src": "designs/242/top.sv:22.69-22.200"
          },
          "port_directions": {
            "A": "input",
            "B": "input",
            "Y": "output"
          },
          "connections": {
            "A": [ 28, 29, 30, 31, 32, 33, 34, 35 ],
            "B": [ 2, 3, 4, 5, 6, 7, 8, 9 ],
            "Y": [ 607, 608, 609, 610, 611, 612, 613, 614 ]
          }
        },
        "$or$designs/242/top.sv:24$13": {
          "hide_name": 1,
          "type": "$or",
          "parameters": {
            "A_SIGNED": "00000000000000000000000000000000",
            "A_WIDTH": "00000000000000000000000000000100",
            "B_SIGNED": "00000000000000000000000000000000",
            "B_WIDTH": "00000000000000000000000000000100",
            "Y_WIDTH": "00000000000000000000000000000100"
          },
          "attributes": {
            "src": "designs/242/top.sv:24.45-24.80"
          },
          "port_directions": {
            "A": "input",
            "B": "input",
            "Y": "output"
          },
          "connections": {
            "A": [ 232, 233, 234, 235 ],
            "B": [ 41, 42, 43, 44 ],
            "Y": [ 236, 237, 238, 239 ]
          }
        },
        "$or$designs/242/top.sv:27$24": {
          "hide_name": 1,
          "type": "$or",
          "parameters": {
            "A_SIGNED": "00000000000000000000000000000000",
            "A_WIDTH": "00000000000000000000000000000111",
            "B_SIGNED": "00000000000000000000000000000000",
            "B_WIDTH": "00000000000000000000000000000111",
            "Y_WIDTH": "00000000000000000000000000000111"
          },
          "attributes": {
            "src": "designs/242/top.sv:27.83-27.161"
          },
          "port_directions": {
            "A": "input",
            "B": "input",
            "Y": "output"
          },
          "connections": {
            "A": [ 500, 501, 502, 503, 504, 505, 506 ],
            "B": [ 3, 4, 5, 6, 7, 8, 9 ],
            "Y": [ 244, 245, 246, 247, 248, 249, 250 ]
          }
        },
        "$shl$designs/242/top.sv:26$19": {
          "hide_name": 1,
          "type": "$shl",
          "parameters": {
            "A_SIGNED": "00000000000000000000000000000001",
            "A_WIDTH": "00000000000000000000000000000101",
            "B_SIGNED": "00000000000000000000000000000000",
            "B_WIDTH": "00000000000000000000000000000100",
            "Y_WIDTH": "00000000000000000000000000000101"
          },
          "attributes": {
            "src": "designs/242/top.sv:26.52-26.122"
          },
          "port_directions": {
            "A": "input",
            "B": "input",
            "Y": "output"
          },
          "connections": {
            "A": [ 488, 489, 490, 491, 492 ],
            "B": [ 266, 267, 268, 269 ],
            "Y": [ 615, 616, 617, 618, 619 ]
          }
        },
        "$shr$designs/242/top.sv:26$20": {
          "hide_name": 1,
          "type": "$shr",
          "parameters": {
            "A_SIGNED": "00000000000000000000000000000000",
            "A_WIDTH": "00000000000000000000000000000101",
            "B_SIGNED": "00000000000000000000000000000000",
            "B_WIDTH": "00000000000000000000000000000100",
            "Y_WIDTH": "00000000000000000000000000000101"
          },
          "attributes": {
            "src": "designs/242/top.sv:26.41-26.134"
          },
          "port_directions": {
            "A": "input",
            "B": "input",
            "Y": "output"
          },
          "connections": {
            "A": [ 615, 616, 617, 618, 619 ],
            "B": [ 266, 267, 268, 269 ],
            "Y": [ 36, 37, 38, 39, 40 ]
          }
        },
        "$shr$designs/242/top.sv:27$29": {
          "hide_name": 1,
          "type": "$shr",
          "parameters": {
            "A_SIGNED": "00000000000000000000000000000000",
            "A_WIDTH": "00000000000000000000000000000111",
            "B_SIGNED": "00000000000000000000000000000000",
            "B_WIDTH": "00000000000000000000000000000111",
            "Y_WIDTH": "00000000000000000000000000000111"
          },
          "attributes": {
            "src": "designs/242/top.sv:27.32-27.262"
          },
          "port_directions": {
            "A": "input",
            "B": "input",
            "Y": "output"
          },
          "connections": {
            "A": [ 620, 621, 622, 623, 624, 625, 626 ],
            "B": [ 2, 3, 4, 5, 6, 7, 8 ],
            "Y": [ 161, 162, 163, 164, 165, 166, 167 ]
          }
        },
        "$shr$designs/242/top.sv:28$30": {
          "hide_name": 1,
          "type": "$shr",
          "parameters": {
            "A_SIGNED": "00000000000000000000000000000001",
            "A_WIDTH": "00000000000000000000000000001000",
            "B_SIGNED": "00000000000000000000000000000000",
            "B_WIDTH": "00000000000000000000000000001000",
            "Y_WIDTH": "00000000000000000000000000001000"
          },
          "attributes": {
            "src": "designs/242/top.sv:28.50-28.79"
          },
          "port_directions": {
            "A": "input",
            "B": "input",
            "Y": "output"
          },
          "connections": {
            "A": [ 2, 3, 4, 5, 6, 7, 8, 9 ],
            "B": [ 41, 42, 43, 44, 45, 356, 357, 358 ],
            "Y": [ 507, 508, 509, 510, 511, 512, 513, 514 ]
          }
        },
        "$shr$designs/242/top.sv:30$60": {
          "hide_name": 1,
          "type": "$shr",
          "parameters": {
            "A_SIGNED": "00000000000000000000000000000001",
            "A_WIDTH": "00000000000000000000000000011010",
            "B_SIGNED": "00000000000000000000000000000000",
            "B_WIDTH": "00000000000000000000000000000111",
            "Y_WIDTH": "00000000000000000000000000011010"
          },
          "attributes": {
            "src": "designs/242/top.sv:30.22-30.261"
          },
          "port_directions": {
            "A": "input",
            "B": "input",
            "Y": "output"
          },
          "connections": {
            "A": [ 135, 136, 137, 138, 139, 140, 141, 142, 143, 144, 145, 146, 147, 148, 149, 150, 151, 152, 153, 154, 155, 156, 157, 158, 159, 160 ],
            "B": [ 161, 162, 163, 164, 165, 166, 167 ],
            "Y": [ 190, 191, 192, 193, 194, 627, 628, 629, 630, 631, 632, 633, 634, 635, 636, 637, 638, 639, 640, 641, 642, 643, 644, 645, 646, 647 ]
          }
        },
        "$sub$designs/242/top.sv:22$10": {
          "hide_name": 1,
          "type": "$sub",
          "parameters": {
            "A_SIGNED": "00000000000000000000000000000000",
            "A_WIDTH": "00000000000000000000000000001000",
            "B_SIGNED": "00000000000000000000000000000000",
            "B_WIDTH": "00000000000000000000000000001000",
            "Y_WIDTH": "00000000000000000000000000001000"
          },
          "attributes": {
            "src": "designs/242/top.sv:22.38-22.245"
          },
          "port_directions": {
            "A": "input",
            "B": "input",
            "Y": "output"
          },
          "connections": {
            "A": [ 480, 481, 482, 483, 484, 485, 486, 487 ],
            "B": [ 2, 3, 4, 5, 6, 7, 8, 9 ],
            "Y": [ 591, 592, 593, 594, 595, 596, 597, 598 ]
          }
        },
        "$sub$designs/242/top.sv:22$3": {
          "hide_name": 1,
          "type": "$sub",
          "parameters": {
            "A_SIGNED": "00000000000000000000000000000000",
            "A_WIDTH": "00000000000000000000000000001000",
            "B_SIGNED": "00000000000000000000000000000000",
            "B_WIDTH": "00000000000000000000000000001000",
            "Y_WIDTH": "00000000000000000000000000001000"
          },
          "attributes": {
            "src": "designs/242/top.sv:22.100-22.152"
          },
          "port_directions": {
            "A": "input",
            "B": "input",
            "Y": "output"
          },
          "connections": {
            "A": [ 599, 600, 601, 602, 603, 604, 605, 606 ],
            "B": [ 2, 3, 4, 5, 6, 7, 8, 9 ],
            "Y": [ 648, 649, 650, 651, 652, 653, 654, 655 ]
          }
        },
        "$sub$designs/242/top.sv:22$8": {
          "hide_name": 1,
          "type": "$sub",
          "parameters": {
            "A_SIGNED": "00000000000000000000000000000000",
            "A_WIDTH": "00000000000000000000000000001000",
            "B_SIGNED": "00000000000000000000000000000000",
            "B_WIDTH": "00000000000000000000000000001000",
            "Y_WIDTH": "00000000000000000000000000001000"
          },
          "attributes": {
            "src": "designs/242/top.sv:22.58-22.215"
          },
          "port_directions": {
            "A": "input",
            "B": "input",
            "Y": "output"
          },
          "connections": {
            "A": [ 607, 608, 609, 610, 611, 612, 613, 614 ],
            "B": [ 2, 3, 4, 5, 6, 7, 8, 9 ],
            "Y": [ 472, 473, 474, 475, 476, 477, 478, 479 ]
          }
        },
        "$sub$designs/242/top.sv:29$35": {
          "hide_name": 1,
          "type": "$sub",
          "parameters": {
            "A_SIGNED": "00000000000000000000000000000000",
            "A_WIDTH": "00000000000000000000000000010000",
            "B_SIGNED": "00000000000000000000000000000000",
            "B_WIDTH": "00000000000000000000000000000111",
            "Y_WIDTH": "00000000000000000000000000010000"
          },
          "attributes": {
            "src": "designs/242/top.sv:29.82-29.176"
          },
          "port_directions": {
            "A": "input",
            "B": "input",
            "Y": "output"
          },
          "connections": {
            "A": [ 331, 332, 333, 334, 287, 288, 289, 290, 291, 292, 293, 294, 295, 296, 297, 298 ],
            "B": [ 161, 162, 163, 164, 165, 166, 167 ],
            "Y": [ 456, 457, 458, 459, 69, 70, 71, 72, 73, 74, 75, 76, 77, 78, 79, 80 ]
          }
        },
        "$sub$designs/242/top.sv:30$54": {
          "hide_name": 1,
          "type": "$sub",
          "parameters": {
            "A_SIGNED": "00000000000000000000000000000000",
            "A_WIDTH": "00000000000000000000000000011010",
            "B_SIGNED": "00000000000000000000000000000000",
            "B_WIDTH": "00000000000000000000000000001000",
            "Y_WIDTH": "00000000000000000000000000011010"
          },
          "attributes": {
            "src": "designs/242/top.sv:30.60-30.204"
          },
          "port_directions": {
            "A": "input",
            "B": "input",
            "Y": "output"
          },
          "connections": {
            "A": [ 523, 524, 525, 526, 527, 528, 529, 530, 531, 532, 533, 534, 535, 536, 537, 538, 539, 540, 541, 542, 543, 544, 545, 546, 547, 548 ],
            "B": [ 41, 42, 43, 44, 45, 356, 357, 358 ],
            "Y": [ 549, 550, 551, 552, 553, 554, 555, 556, 557, 558, 559, 560, 561, 562, 563, 564, 565, 566, 567, 568, 569, 570, 571, 572, 573, 574 ]
          }
        },
        "$sub$designs/242/top.sv:31$62": {
          "hide_name": 1,
          "type": "$sub",
          "parameters": {
            "A_SIGNED": "00000000000000000000000000000000",
            "A_WIDTH": "00000000000000000000000000000011",
            "B_SIGNED": "00000000000000000000000000000000",
            "B_WIDTH": "00000000000000000000000000000100",
            "Y_WIDTH": "00000000000000000000000000000100"
          },
          "attributes": {
            "src": "designs/242/top.sv:31.33-31.97"
          },
          "port_directions": {
            "A": "input",
            "B": "input",
            "Y": "output"
          },
          "connections": {
            "A": [ 575, 576, 577 ],
            "B": [ 348, 349, 350, 351 ],
            "Y": [ 578, 579, 580, 581 ]
          }
        },
        "$sub$designs/242/top.sv:35$84": {
          "hide_name": 1,
          "type": "$sub",
          "parameters": {
            "A_SIGNED": "00000000000000000000000000000000",
            "A_WIDTH": "00000000000000000000000000000101",
            "B_SIGNED": "00000000000000000000000000000000",
            "B_WIDTH": "00000000000000000000000000000011",
            "Y_WIDTH": "00000000000000000000000000000101"
          },
          "attributes": {
            "src": "designs/242/top.sv:35.62-35.139"
          },
          "port_directions": {
            "A": "input",
            "B": "input",
            "Y": "output"
          },
          "connections": {
            "A": [ 582, 583, 584, 585, 586 ],
            "B": [ 391, 392, 393 ],
            "Y": [ 175, 176, 177, 178, 179 ]
          }
        },
        "$sub$designs/242/top.sv:36$95": {
          "hide_name": 1,
          "type": "$sub",
          "parameters": {
            "A_SIGNED": "00000000000000000000000000000000",
            "A_WIDTH": "00000000000000000000000000010000",
            "B_SIGNED": "00000000000000000000000000000000",
            "B_WIDTH": "00000000000000000000000000000101",
            "Y_WIDTH": "00000000000000000000000000010000"
          },
          "attributes": {
            "src": "designs/242/top.sv:36.42-36.156"
          },
          "port_directions": {
            "A": "input",
            "B": "input",
            "Y": "output"
          },
          "connections": {
            "A": [ 397, 398, 399, 400, 319, 320, 321, 322, 323, 324, 325, 326, 327, 328, 329, 330 ],
            "B": [ 279, 280, 281, 282, 283 ],
            "Y": [ 200, 201, 202, 203, 204, 205, 206, 207, 208, 209, 210, 211, 212, 213, 214, 215 ]
          }
        },
        "$xor$designs/242/top.sv:22$5": {
          "hide_name": 1,
          "type": "$xor",
          "parameters": {
            "A_SIGNED": "00000000000000000000000000000000",
            "A_WIDTH": "00000000000000000000000000001000",
            "B_SIGNED": "00000000000000000000000000000000",
            "B_WIDTH": "00000000000000000000000000001000",
            "Y_WIDTH": "00000000000000000000000000001000"
          },
          "attributes": {
            "src": "designs/242/top.sv:22.89-22.170"
          },
          "port_directions": {
            "A": "input",
            "B": "input",
            "Y": "output"
          },
          "connections": {
            "A": [ 648, 649, 650, 651, 652, 653, 654, 655 ],
            "B": [ 127, 128, 129, 130, 131, 132, 133, 134 ],
            "Y": [ 20, 21, 22, 23, 24, 25, 26, 27 ]
          }
        },
        "$xor$designs/242/top.sv:24$17": {
          "hide_name": 1,
          "type": "$xor",
          "parameters": {
            "A_SIGNED": "00000000000000000000000000000000",
            "A_WIDTH": "00000000000000000000000000000100",
            "B_SIGNED": "00000000000000000000000000000000",
            "B_WIDTH": "00000000000000000000000000000100",
            "Y_WIDTH": "00000000000000000000000000000100"
          },
          "attributes": {
            "src": "designs/242/top.sv:24.27-24.105"
          },
          "port_directions": {
            "A": "input",
            "B": "input",
            "Y": "output"
          },
          "connections": {
            "A": [ 240, 241, 242, 243 ],
            "B": [ 587, 588, 589, 590 ],
            "Y": [ 266, 267, 268, 269 ]
          }
        },
        "$xor$designs/242/top.sv:27$28": {
          "hide_name": 1,
          "type": "$xor",
          "parameters": {
            "A_SIGNED": "00000000000000000000000000000000",
            "A_WIDTH": "00000000000000000000000000000111",
            "B_SIGNED": "00000000000000000000000000000000",
            "B_WIDTH": "00000000000000000000000000000111",
            "Y_WIDTH": "00000000000000000000000000000111"
          },
          "attributes": {
            "src": "designs/242/top.sv:27.43-27.241"
          },
          "port_directions": {
            "A": "input",
            "B": "input",
            "Y": "output"
          },
          "connections": {
            "A": [ 58, 59, 60, 61, 62, 63, 64 ],
            "B": [ 2, 3, 4, 5, 6, 7, 8 ],
            "Y": [ 620, 621, 622, 623, 624, 625, 626 ]
          }
        },
        "$xor$designs/242/top.sv:29$45": {
          "hide_name": 1,
          "type": "$xor",
          "parameters": {
            "A_SIGNED": "00000000000000000000000000000000",
            "A_WIDTH": "00000000000000000000000000000100",
            "B_SIGNED": "00000000000000000000000000000000",
            "B_WIDTH": "00000000000000000000000000000100",
            "Y_WIDTH": "00000000000000000000000000000100"
          },
          "attributes": {
            "src": "designs/242/top.sv:29.22-29.280"
          },
          "port_directions": {
            "A": "input",
            "B": "input",
            "Y": "output"
          },
          "connections": {
            "A": [ 270, 271, 272, 273 ],
            "B": [ 4, 5, 6, 7 ],
            "Y": [ 348, 349, 350, 351 ]
          }
        },
        "$xor$designs/242/top.sv:35$88": {
          "hide_name": 1,
          "type": "$xor",
          "parameters": {
            "A_SIGNED": "00000000000000000000000000000000",
            "A_WIDTH": "00000000000000000000000000000101",
            "B_SIGNED": "00000000000000000000000000000000",
            "B_WIDTH": "00000000000000000000000000000101",
            "Y_WIDTH": "00000000000000000000000000000101"
          },
          "attributes": {
            "src": "designs/242/top.sv:35.24-35.201"
          },
          "port_directions": {
            "A": "input",
            "B": "input",
            "Y": "output"
          },
          "connections": {
            "A": [ 195, 196, 197, 198, 199 ],
            "B": [ 4, 5, 6, 7, 8 ],
            "Y": [ 274, 275, 276, 277, 278 ]
          }
        }
      },
      "netnames": {
        "$add$designs/242/top.sv:22$6_Y": {
          "hide_name": 1,
          "bits": [ 28, 29, 30, 31, 32, 33, 34, 35 ],
          "attributes": {
            "src": "designs/242/top.sv:22.80-22.185"
          }
        },
        "$add$designs/242/top.sv:27$27_Y": {
          "hide_name": 1,
          "bits": [ 58, 59, 60, 61, 62, 63, 64 ],
          "attributes": {
            "src": "designs/242/top.sv:27.52-27.221"
          }
        },
        "$add$designs/242/top.sv:29$39_Y": {
          "hide_name": 1,
          "bits": [ 85, 86, 87, 88, 89, 90, 91, 92, 93, 94, 95, 96, 97, 98, 99, 100 ],
          "attributes": {
            "src": "designs/242/top.sv:29.62-29.215"
          }
        },
        "$add$designs/242/top.sv:30$59_Y": {
          "hide_name": 1,
          "bits": [ 135, 136, 137, 138, 139, 140, 141, 142, 143, 144, 145, 146, 147, 148, 149, 150, 151, 152, 153, 154, 155, 156, 157, 158, 159, 160 ],
          "attributes": {
            "src": "designs/242/top.sv:30.31-30.244"
          }
        },
        "$add$designs/242/top.sv:35$82_Y": {
          "hide_name": 1,
          "bits": [ 168, 169, 170, 171, 172, 173, 174 ],
          "attributes": {
            "src": "designs/242/top.sv:35.82-35.108"
          }
        },
        "$add$designs/242/top.sv:35$85_Y": {
          "hide_name": 1,
          "bits": [ 180, 181, 182, 183, 184, 656, 657, 658, 659, "0", "0", "0", "0", "0", "0", "0", "0", "0", "0", "0", "0", "0", "0", "0", "0", "0" ],
          "attributes": {
            "src": "designs/242/top.sv:35.51-35.150",
            "unused_bits": "5 6 7 8"
          }
        },
        "$add$designs/242/top.sv:35$86_Y": {
          "hide_name": 1,
          "bits": [ 185, 186, 187, 188, 189, 660, 661, 662, 663, 664, "0", "0", "0", "0", "0", "0", "0", "0", "0", "0", "0", "0", "0", "0", "0", "0" ],
          "attributes": {
            "src": "designs/242/top.sv:35.42-35.170",
            "unused_bits": "5 6 7 8 9"
          }
        },
        "$add$designs/242/top.sv:35$87_Y": {
          "hide_name": 1,
          "bits": [ 195, 196, 197, 198, 199, 665, 666, 667, 668, 669, 670, 671, 672, 673, 674, "0", "0", "0", "0", "0", "0", "0", "0", "0", "0", "0" ],
          "attributes": {
            "src": "designs/242/top.sv:35.33-35.181",
            "unused_bits": "5 6 7 8 9 10 11 12 13 14"
          }
        },
        "$and$designs/242/top.sv:24$12_Y": {
          "hide_name": 1,
          "bits": [ 232, 233, 234, 235, 675, 676, 677, 678, "0", "0", "0", "0", "0", "0", "0", "0", "0", "0", "0", "0", "0", "0", "0", "0", "0", "0" ],
          "attributes": {
            "src": "designs/242/top.sv:24.54-24.69",
            "unused_bits": "4 5 6 7"
          }
        },
        "$and$designs/242/top.sv:24$14_Y": {
          "hide_name": 1,
          "bits": [ 240, 241, 242, 243, 679, 680, 681, 682, "0", "0", "0", "0", "0", "0", "0", "0", "0", "0", "0", "0", "0", "0", "0", "0", "0", "0" ],
          "attributes": {
            "src": "designs/242/top.sv:24.36-24.91",
            "unused_bits": "4 5 6 7"
          }
        },
        "$and$designs/242/top.sv:27$25_Y": {
          "hide_name": 1,
          "bits": [ 251, 252, 253, 254, 255, 256, 257 ],
          "attributes": {
            "src": "designs/242/top.sv:27.72-27.181"
          }
        },
        "$and$designs/242/top.sv:27$26_Y": {
          "hide_name": 1,
          "bits": [ 51, 52, 53, 54, 55, 56, 57 ],
          "attributes": {
            "src": "designs/242/top.sv:27.63-27.201"
          }
        },
        "$and$designs/242/top.sv:29$33_Y": {
          "hide_name": 1,
          "bits": [ 258, 259, 260, 261 ],
          "attributes": {
            "src": "designs/242/top.sv:29.104-29.148"
          }
        },
        "$and$designs/242/top.sv:29$38_Y": {
          "hide_name": 1,
          "bits": [ 65, 66, 67, 68, 69, 70, 71, 72, 73, 74, 75, 76, 77, 78, 79, 80 ],
          "attributes": {
            "src": "designs/242/top.sv:29.73-29.199"
          }
        },
        "$and$designs/242/top.sv:29$44_Y": {
          "hide_name": 1,
          "bits": [ 270, 271, 272, 273, 683, 684, 685, 686, 687, 688, 689, 690, 691, 692, 693, 694 ],
          "attributes": {
            "src": "designs/242/top.sv:29.33-29.260",
            "unused_bits": "4 5 6 7 8 9 10 11 12 13 14 15"
          }
        },
        "$and$designs/242/top.sv:36$92_Y": {
          "hide_name": 1,
          "bits": [ 315, 316, 317, 318, 319, 320, 321, 322, 323, 324, 325, 326, 327, 328, 329, 330, 695, 696, 697, 698, 699, 700, 701, 702 ],
          "attributes": {
            "src": "designs/242/top.sv:36.71-36.122",
            "unused_bits": "16 17 18 19 20 21 22 23"
          }
        },
        "$and$designs/242/top.sv:42$126_Y": {
          "hide_name": 1,
          "bits": [ 424, 425, 426, 427, 428, 429, 430, 431, 432, 433, 434, 435, 436, 437, 438, 439, 9, 9, 9, 9, 9, 9, 9, 9, 9 ],
          "attributes": {
            "src": "designs/242/top.sv:42.55-42.141"
          }
        },
        "$auto$opt_expr.cc:205:group_cell_inputs$134": {
          "hide_name": 1,
          "bits": [ 331, 332, 333, 334 ],
          "attributes": {
          }
        },
        "$auto$opt_expr.cc:205:group_cell_inputs$137": {
          "hide_name": 1,
          "bits": [ 335, 336, 337, 338 ],
          "attributes": {
          }
        },
        "$auto$opt_expr.cc:205:group_cell_inputs$141": {
          "hide_name": 1,
          "bits": [ 339, 340, 341, 342, 343 ],
          "attributes": {
          }
        },
        "$auto$opt_expr.cc:205:group_cell_inputs$144": {
          "hide_name": 1,
          "bits": [ 344, 345, 346, 347 ],
          "attributes": {
          }
        },
        "$auto$opt_expr.cc:205:group_cell_inputs$148": {
          "hide_name": 1,
          "bits": [ 352, 353, 354, 355 ],
          "attributes": {
          }
        },
        "$auto$opt_expr.cc:205:group_cell_inputs$151": {
          "hide_name": 1,
          "bits": [ 359, 360, 361, 362, 363, 364, 365, 366 ],
          "attributes": {
          }
        },
        "$auto$opt_expr.cc:205:group_cell_inputs$155": {
          "hide_name": 1,
          "bits": [ 367, 368, 369, 370, 460, 461, 462, 463, "1", "1", "1", "1", "1", "1", "1", "1" ],
          "attributes": {
          }
        },
        "$auto$opt_expr.cc:205:group_cell_inputs$158": {
          "hide_name": 1,
          "bits": [ 371, 372, 373, 374 ],
          "attributes": {
          }
        },
        "$auto$opt_expr.cc:205:group_cell_inputs$161": {
          "hide_name": 1,
          "bits": [ 299, 300, 301, 302, 303, 304, 305, 306, 307, 308, 309, 310, 311, 312, 313, 314 ],
          "attributes": {
          }
        },
        "$auto$opt_expr.cc:205:group_cell_inputs$165": {
          "hide_name": 1,
          "bits": [ 101, 102, 103, 104, 105, 106, 107, 108, 109, 110, 111, 112, 113, 114, 115, 116 ],
          "attributes": {
          }
        },
        "$auto$opt_expr.cc:205:group_cell_inputs$167": {
          "hide_name": 1,
          "bits": [ 117, 118, 119, 120, 121, 122, 123, 124, 125, 126 ],
          "attributes": {
          }
        },
        "$auto$opt_expr.cc:205:group_cell_inputs$168": {
          "hide_name": 1,
          "bits": [ 127, 128, 129, 130, 131, 132, 133, 134 ],
          "attributes": {
          }
        },
        "$auto$opt_expr.cc:205:group_cell_inputs$199": {
          "hide_name": 1,
          "bits": [ 284, 285, 286 ],
          "attributes": {
          }
        },
        "$auto$opt_expr.cc:205:group_cell_inputs$202": {
          "hide_name": 1,
          "bits": [ 394, 395, 396 ],
          "attributes": {
          }
        },
        "$auto$opt_expr.cc:205:group_cell_inputs$205": {
          "hide_name": 1,
          "bits": [ 397, 398, 399, 400 ],
          "attributes": {
          }
        },
        "$auto$opt_expr.cc:205:group_cell_inputs$241": {
          "hide_name": 1,
          "bits": [ 401, 402, 403, 404, 405 ],
          "attributes": {
          }
        },
        "$auto$opt_expr.cc:205:group_cell_inputs$244": {
          "hide_name": 1,
          "bits": [ 406, 407 ],
          "attributes": {
          }
        },
        "$auto$opt_expr.cc:205:group_cell_inputs$247": {
          "hide_name": 1,
          "bits": [ 408, 409, 410, 411, 412, 413, 414, 415, 416, 417, 418, 419, 420, 421, 422, 423 ],
          "attributes": {
          }
        },
        "$auto$opt_expr.cc:205:group_cell_inputs$251": {
          "hide_name": 1,
          "bits": [ 440, 441, 442, 443, 444, 445, 446, 447, 448, 449, 450, 451, 452, 453, 454, 455 ],
          "attributes": {
          }
        },
        "$auto$opt_expr.cc:205:group_cell_inputs$261": {
          "hide_name": 1,
          "bits": [ 468, 469, 470, 471, 464, 465, 466, 467, "1", "1", "1", "1", "1", "1", "1", "1" ],
          "attributes": {
          }
        },
        "$auto$wreduce.cc:514:run$133": {
          "hide_name": 1,
          "bits": [ 549, 550, 551, 552, 553, 554, 555, 556, 557, 558, 559, 560, 561, 562, 563, 564, 565, 566, 567, 568, 569, 570, 571, 572, 573, 574 ],
          "attributes": {
            "src": "designs/242/top.sv:30.60-30.204"
          }
        },
        "$mul$designs/242/top.sv:22$9_Y": {
          "hide_name": 1,
          "bits": [ 480, 481, 482, 483, 484, 485, 486, 487 ],
          "attributes": {
            "src": "designs/242/top.sv:22.49-22.230"
          }
        },
        "$mul$designs/242/top.sv:26$18_Y": {
          "hide_name": 1,
          "bits": [ 488, 489, 490, 491, 492 ],
          "attributes": {
            "src": "designs/242/top.sv:26.61-26.105"
          }
        },
        "$mul$designs/242/top.sv:27$23_Y": {
          "hide_name": 1,
          "bits": [ 500, 501, 502, 503, 504, 505, 506 ],
          "attributes": {
            "src": "designs/242/top.sv:27.94-27.141"
          }
        },
        "$mul$designs/242/top.sv:28$31_Y": {
          "hide_name": 1,
          "bits": [ 515, 516, 517, 518, 519, 520, 521, 522 ],
          "attributes": {
            "src": "designs/242/top.sv:28.41-28.94"
          }
        },
        "$mul$designs/242/top.sv:29$43_Y": {
          "hide_name": 1,
          "bits": [ 262, 263, 264, 265, 703, 704, 705, 706, 707, 708, 709, 710, 711, 712, 713, 714 ],
          "attributes": {
            "src": "designs/242/top.sv:29.42-29.249",
            "unused_bits": "4 5 6 7 8 9 10 11 12 13 14 15"
          }
        },
        "$mul$designs/242/top.sv:30$53_Y": {
          "hide_name": 1,
          "bits": [ 523, 524, 525, 526, 527, 528, 529, 530, 531, 532, 533, 534, 535, 536, 537, 538, 539, 540, 541, 542, 543, 544, 545, 546, 547, 548 ],
          "attributes": {
            "src": "designs/242/top.sv:30.71-30.193"
          }
        },
        "$mul$designs/242/top.sv:30$55_Y": {
          "hide_name": 1,
          "bits": [ 375, 376, 377, 378, 379, 380, 381, 382, 383, 384, 385, 386, 387, 388, 389, 390, 117, 118, 119, 120, 121, 122, 123, 124, 125, 126 ],
          "attributes": {
            "src": "designs/242/top.sv:30.51-30.215"
          }
        },
        "$mul$designs/242/top.sv:31$61_Y": {
          "hide_name": 1,
          "bits": [ 575, 576, 577 ],
          "attributes": {
            "src": "designs/242/top.sv:31.42-31.86"
          }
        },
        "$mul$designs/242/top.sv:35$83_Y": {
          "hide_name": 1,
          "bits": [ 582, 583, 584, 585, 586, 715, 716 ],
          "attributes": {
            "src": "designs/242/top.sv:35.71-35.128",
            "unused_bits": "5 6"
          }
        },
        "$not$designs/242/top.sv:24$16_Y": {
          "hide_name": 1,
          "bits": [ 587, 588, 589, 590, 717, 718, 719, 720, 721, 722, 723, 724, 725, 726, 727, 728, 729, 730, 731, 732, 733, 734, 735, 736, 737, 738, 739, 740, 741, 742 ],
          "attributes": {
            "src": "designs/242/top.sv:24.97-24.104",
            "unused_bits": "4 5 6 7 8 9 10 11 12 13 14 15 16 17 18 19 20 21 22 23 24 25 26 27 28 29"
          }
        },
        "$not$designs/242/top.sv:27$22_Y": {
          "hide_name": 1,
          "bits": [ 493, 494, 495, 496, 497, 498, 499 ],
          "attributes": {
            "src": "designs/242/top.sv:27.124-27.140"
          }
        },
        "$or$designs/242/top.sv:22$2_Y": {
          "hide_name": 1,
          "bits": [ 599, 600, 601, 602, 603, 604, 605, 606 ],
          "attributes": {
            "src": "designs/242/top.sv:22.111-22.137"
          }
        },
        "$or$designs/242/top.sv:22$7_Y": {
          "hide_name": 1,
          "bits": [ 607, 608, 609, 610, 611, 612, 613, 614 ],
          "attributes": {
            "src": "designs/242/top.sv:22.69-22.200"
          }
        },
        "$or$designs/242/top.sv:24$13_Y": {
          "hide_name": 1,
          "bits": [ 236, 237, 238, 239, 743, 744, 745, 746, "0", "0", "0", "0", "0", "0", "0", "0", "0", "0", "0", "0", "0", "0", "0", "0", "0", "0" ],
          "attributes": {
            "src": "designs/242/top.sv:24.45-24.80",
            "unused_bits": "4 5 6 7"
          }
        },
        "$or$designs/242/top.sv:27$24_Y": {
          "hide_name": 1,
          "bits": [ 244, 245, 246, 247, 248, 249, 250 ],
          "attributes": {
            "src": "designs/242/top.sv:27.83-27.161"
          }
        },
        "$shl$designs/242/top.sv:26$19_Y": {
          "hide_name": 1,
          "bits": [ 615, 616, 617, 618, 619 ],
          "signed": 1,
          "attributes": {
            "src": "designs/242/top.sv:26.52-26.122"
          }
        },
        "$shr$designs/242/top.sv:26$20_Y": {
          "hide_name": 1,
          "bits": [ 36, 37, 38, 39, 40 ],
          "attributes": {
            "src": "designs/242/top.sv:26.41-26.134"
          }
        },
        "$shr$designs/242/top.sv:28$30_Y": {
          "hide_name": 1,
          "bits": [ 507, 508, 509, 510, 511, 512, 513, 514 ],
          "signed": 1,
          "attributes": {
            "src": "designs/242/top.sv:28.50-28.79"
          }
        },
        "$shr$designs/242/top.sv:30$60_Y": {
          "hide_name": 1,
          "bits": [ 190, 191, 192, 193, 194, 627, 628, 629, 630, 631, 632, 633, 634, 635, 636, 637, 638, 639, 640, 641, 642, 643, 644, 645, 646, 647 ],
          "signed": 1,
          "attributes": {
            "src": "designs/242/top.sv:30.22-30.261",
            "unused_bits": "5 6 7 8 9 10 11 12 13 14 15 16 17 18 19 20 21 22 23 24 25"
          }
        },
        "$sub$designs/242/top.sv:22$10_Y": {
          "hide_name": 1,
          "bits": [ 591, 592, 593, 594, 595, 596, 597, 598 ],
          "attributes": {
            "src": "designs/242/top.sv:22.38-22.245"
          }
        },
        "$sub$designs/242/top.sv:22$3_Y": {
          "hide_name": 1,
          "bits": [ 648, 649, 650, 651, 652, 653, 654, 655 ],
          "attributes": {
            "src": "designs/242/top.sv:22.100-22.152"
          }
        },
        "$sub$designs/242/top.sv:22$8_Y": {
          "hide_name": 1,
          "bits": [ 472, 473, 474, 475, 476, 477, 478, 479 ],
          "attributes": {
            "src": "designs/242/top.sv:22.58-22.215"
          }
        },
        "$sub$designs/242/top.sv:29$35_Y": {
          "hide_name": 1,
          "bits": [ 456, 457, 458, 459, 69, 70, 71, 72, 73, 74, 75, 76, 77, 78, 79, 80 ],
          "attributes": {
            "src": "designs/242/top.sv:29.82-29.176"
          }
        },
        "$sub$designs/242/top.sv:31$62_Y": {
          "hide_name": 1,
          "bits": [ 578, 579, 580, 581 ],
          "attributes": {
            "src": "designs/242/top.sv:31.33-31.97"
          }
        },
        "$sub$designs/242/top.sv:35$84_Y": {
          "hide_name": 1,
          "bits": [ 175, 176, 177, 178, 179, 747, 748 ],
          "attributes": {
            "src": "designs/242/top.sv:35.62-35.139",
            "unused_bits": "5 6"
          }
        },
        "$sub$designs/242/top.sv:36$95_Y": {
          "hide_name": 1,
          "bits": [ 200, 201, 202, 203, 204, 205, 206, 207, 208, 209, 210, 211, 212, 213, 214, 215, 749, 750, 751, 752, 753, 754, 755, 756 ],
          "attributes": {
            "src": "designs/242/top.sv:36.42-36.156",
            "unused_bits": "16 17 18 19 20 21 22 23"
          }
        },
        "$xor$designs/242/top.sv:22$5_Y": {
          "hide_name": 1,
          "bits": [ 20, 21, 22, 23, 24, 25, 26, 27 ],
          "attributes": {
            "src": "designs/242/top.sv:22.89-22.170"
          }
        },
        "$xor$designs/242/top.sv:27$28_Y": {
          "hide_name": 1,
          "bits": [ 620, 621, 622, 623, 624, 625, 626 ],
          "attributes": {
            "src": "designs/242/top.sv:27.43-27.241"
          }
        },
        "$xor$designs/242/top.sv:35$88_Y": {
          "hide_name": 1,
          "bits": [ 274, 275, 276, 277, 278, 757, 758, 759, 760, 761, 762, 763, 764, 765, 766, "0", "0", "0", "0", "0", "0", "0", "0", "0", "0", "0" ],
          "attributes": {
            "src": "designs/242/top.sv:35.24-35.201",
            "unused_bits": "5 6 7 8 9 10 11 12 13 14"
          }
        },
        "input_data": {
          "hide_name": 0,
          "bits": [ 2, 3, 4, 5, 6, 7, 8, 9 ],
          "attributes": {
            "src": "designs/242/top.sv:2.17-2.27"
          }
        },
        "output_data": {
          "hide_name": 0,
          "bits": [ 10, 11, 12, 13, 14, 15, 16, 17, 18, 19 ],
          "attributes": {
            "src": "designs/242/top.sv:3.18-3.29"
          }
        },
        "temp_0": {
          "hide_name": 0,
          "bits": [ 41, 42, 43, 44, 45, 356, 357, 358, "0", "0", "0", "0", "0", "0", "0", "0", "0", "0", "0", "0", "0", "0", "0", "0", "0", "0" ],
          "attributes": {
            "src": "designs/242/top.sv:6.18-6.24"
          }
        },
        "temp_1": {
          "hide_name": 0,
          "bits": [ 266, 267, 268, 269 ],
          "attributes": {
            "src": "designs/242/top.sv:7.17-7.23"
          }
        },
        "temp_11": {
          "hide_name": 0,
          "bits": [ 279, 280, 281, 282, 283 ],
          "attributes": {
            "src": "designs/242/top.sv:17.17-17.24"
          }
        },
        "temp_12": {
          "hide_name": 0,
          "bits": [ 216, 217, 218, 219, 220, 221, 222, 223, 224, 225, 226, 227, 228, 229, 230, 231 ],
          "attributes": {
            "src": "designs/242/top.sv:18.18-18.25"
          }
        },
        "temp_2": {
          "hide_name": 0,
          "bits": [ 46, 47, 48, 49, 50 ],
          "attributes": {
            "src": "designs/242/top.sv:8.17-8.23"
          }
        },
        "temp_3": {
          "hide_name": 0,
          "bits": [ 161, 162, 163, 164, 165, 166, 167 ],
          "attributes": {
            "src": "designs/242/top.sv:9.17-9.23"
          }
        },
        "temp_4": {
          "hide_name": 0,
          "bits": [ 81, 82, 83, 84, 287, 288, 289, 290, 291, 292, 293, 294, 295, 296, 297, 298, "0", "0", "0", "0", "0", "0", "0", "0" ],
          "attributes": {
            "src": "designs/242/top.sv:10.18-10.24"
          }
        },
        "temp_5": {
          "hide_name": 0,
          "bits": [ 348, 349, 350, 351 ],
          "attributes": {
            "src": "designs/242/top.sv:11.17-11.23"
          }
        },
        "temp_6": {
          "hide_name": 0,
          "bits": [ 190, 191, 192, 193, 194, 627, 628, 629, 630, 631, 632, 633, 634, 635 ],
          "attributes": {
            "src": "designs/242/top.sv:12.18-12.24",
            "unused_bits": "5 6 7 8 9 10 11 12 13"
          }
        },
        "temp_7": {
          "hide_name": 0,
          "bits": [ 391, 392, 393 ],
          "attributes": {
            "src": "designs/242/top.sv:13.17-13.23"
          }
        }
      }
    }
  }
}
