{
  "creator": "Yosys 0.60 (git sha1 5bafeb77dc71e054fa331ab9efa613e6fb0a1c49, clang++ 17.0.0 -fPIC -O3)",
  "modules": {
    "top": {
      "attributes": {
        "top": "00000000000000000000000000000001",
        "src": "designs/138/top.sv:1.1-24.10"
      },
      "ports": {
        "input_data": {
          "direction": "input",
          "bits": [ 2, 3, 4, 5, 6, 7 ]
        },
        "output_data": {
          "direction": "output",
          "bits": [ 8, 9, 10, 11, 12 ]
        }
      },
      "cells": {
        "$add$designs/138/top.sv:16$14": {
          "hide_name": 1,
          "type": "$add",
          "parameters": {
            "A_SIGNED": "00000000000000000000000000000000",
            "A_WIDTH": "00000000000000000000000000001100",
            "B_SIGNED": "00000000000000000000000000000000",
            "B_WIDTH": "00000000000000000000000000000110",
            "Y_WIDTH": "00000000000000000000000000001101"
          },
          "attributes": {
            "src": "designs/138/top.sv:16.117-16.193"
          },
          "port_directions": {
            "A": "input",
            "B": "input",
            "Y": "output"
          },
          "connections": {
            "A": [ 13, 14, 15, 16, 17, 18, 19, 20, 21, 22, 23, 24 ],
            "B": [ 25, 26, 27, 28, 29, 30 ],
            "Y": [ 31, 32, 33, 34, 35, 36, 37, 38, 39, 40, 41, 42, 43 ]
          }
        },
        "$add$designs/138/top.sv:16$21": {
          "hide_name": 1,
          "type": "$add",
          "parameters": {
            "A_SIGNED": "00000000000000000000000000000000",
            "A_WIDTH": "00000000000000000000000000011010",
            "B_SIGNED": "00000000000000000000000000000000",
            "B_WIDTH": "00000000000000000000000000000110",
            "Y_WIDTH": "00000000000000000000000000011011"
          },
          "attributes": {
            "src": "designs/138/top.sv:16.62-16.280"
          },
          "port_directions": {
            "A": "input",
            "B": "input",
            "Y": "output"
          },
          "connections": {
            "A": [ 44, 45, 46, 47, 48, 49, 50, 51, 52, 53, 54, 55, 56, 57, 58, 59, 60, 61, 62, 63, 64, 65, 66, 67, 68, 69 ],
            "B": [ 2, 3, 4, 5, 6, 7 ],
            "Y": [ 70, 71, 72, 73, 74, 75, 76, 77, 78, 79, 80, 81, 82, 83, 84, 85, 86, 87, 88, 89, 90, 91, 92, 93, 94, 95, 96 ]
          }
        },
        "$add$designs/138/top.sv:17$23": {
          "hide_name": 1,
          "type": "$add",
          "parameters": {
            "A_SIGNED": "00000000000000000000000000000000",
            "A_WIDTH": "00000000000000000000000000000110",
            "B_SIGNED": "00000000000000000000000000000000",
            "B_WIDTH": "00000000000000000000000000000110",
            "Y_WIDTH": "00000000000000000000000000000111"
          },
          "attributes": {
            "src": "designs/138/top.sv:17.44-17.59"
          },
          "port_directions": {
            "A": "input",
            "B": "input",
            "Y": "output"
          },
          "connections": {
            "A": [ 97, 98, 99, 100, 101, 102 ],
            "B": [ 25, 26, 27, 28, 29, 30 ],
            "Y": [ 103, 104, 105, 106, 107, 108, 109 ]
          }
        },
        "$add$designs/138/top.sv:17$26": {
          "hide_name": 1,
          "type": "$add",
          "parameters": {
            "A_SIGNED": "00000000000000000000000000000000",
            "A_WIDTH": "00000000000000000000000000011111",
            "B_SIGNED": "00000000000000000000000000000000",
            "B_WIDTH": "00000000000000000000000000000110",
            "Y_WIDTH": "00000000000000000000000000011111"
          },
          "attributes": {
            "src": "designs/138/top.sv:17.42-17.82"
          },
          "port_directions": {
            "A": "input",
            "B": "input",
            "Y": "output"
          },
          "connections": {
            "A": [ 110, 111, 112, 113, 114, 115, 116, 117, 118, 119, 120, 121, 122, 123, 124, 125, 126, 127, 128, 129, 130, 131, 132, 133, 134, 135, 136, "1", "1", "1", "1" ],
            "B": [ 97, 98, 99, 100, 101, 102 ],
            "Y": [ 137, 138, 139, 140, 141, 142, 143, 144, 145, 146, 147, 148, 149, 150, 151, 152, 153, 154, 155, 156, 157, 158, 159, 160, 161, 162, 163, 164, 165, 166, 167 ]
          }
        },
        "$add$designs/138/top.sv:17$29": {
          "hide_name": 1,
          "type": "$add",
          "parameters": {
            "A_SIGNED": "00000000000000000000000000000000",
            "A_WIDTH": "00000000000000000000000000001010",
            "B_SIGNED": "00000000000000000000000000000000",
            "B_WIDTH": "00000000000000000000000000001010",
            "Y_WIDTH": "00000000000000000000000000001010"
          },
          "attributes": {
            "src": "designs/138/top.sv:17.31-17.113"
          },
          "port_directions": {
            "A": "input",
            "B": "input",
            "Y": "output"
          },
          "connections": {
            "A": [ 168, 169, 170, 171, 172, 173, "0", "0", "0", "0" ],
            "B": [ 174, 175, 176, 177, 178, 179, 180, 181, 182, 183 ],
            "Y": [ 184, 185, 186, 187, 188, 189, 190, 191, 192, 193 ]
          }
        },
        "$add$designs/138/top.sv:17$31": {
          "hide_name": 1,
          "type": "$add",
          "parameters": {
            "A_SIGNED": "00000000000000000000000000000000",
            "A_WIDTH": "00000000000000000000000000011010",
            "B_SIGNED": "00000000000000000000000000000000",
            "B_WIDTH": "00000000000000000000000000000110",
            "Y_WIDTH": "00000000000000000000000000011010"
          },
          "attributes": {
            "src": "designs/138/top.sv:17.178-17.224"
          },
          "port_directions": {
            "A": "input",
            "B": "input",
            "Y": "output"
          },
          "connections": {
            "A": [ 194, 195, 196, 197, 198, 199, 200, 200, 200, 200, 200, 200, 200, 200, 200, 200, 200, 200, 200, 200, 200, 200, 200, 200, 200, 200 ],
            "B": [ 97, 98, 99, 100, 101, 102 ],
            "Y": [ 201, 202, 203, 204, 205, 206, 207, 208, 209, 210, 211, 212, 213, 214, 215, 216, 217, 218, 219, 220, 221, 222, 223, 224, 225, 226 ]
          }
        },
        "$add$designs/138/top.sv:17$33": {
          "hide_name": 1,
          "type": "$add",
          "parameters": {
            "A_SIGNED": "00000000000000000000000000000000",
            "A_WIDTH": "00000000000000000000000000011010",
            "B_SIGNED": "00000000000000000000000000000000",
            "B_WIDTH": "00000000000000000000000000011011",
            "Y_WIDTH": "00000000000000000000000000011100"
          },
          "attributes": {
            "src": "designs/138/top.sv:17.168-17.245"
          },
          "port_directions": {
            "A": "input",
            "B": "input",
            "Y": "output"
          },
          "connections": {
            "A": [ 227, 228, 229, 230, 231, 232, 207, 208, 209, 210, 211, 212, 213, 214, 215, 216, 217, 218, 219, 220, 221, 222, 223, 224, 225, 226 ],
            "B": [ 174, 175, 176, 177, 178, 179, 180, 181, 182, 183, 233, 234, 235, 236, 237, 238, 239, 240, 241, 242, 243, 244, 245, 246, 247, 248, 249 ],
            "Y": [ 250, 251, 252, 253, 254, 255, 256, 257, 258, 259, 260, 261, 262, 263, 264, 265, 266, 267, 268, 269, 270, 271, 272, 273, 274, 275, 276, 277 ]
          }
        },
        "$add$designs/138/top.sv:17$37": {
          "hide_name": 1,
          "type": "$add",
          "parameters": {
            "A_SIGNED": "00000000000000000000000000000000",
            "A_WIDTH": "00000000000000000000000000001010",
            "B_SIGNED": "00000000000000000000000000000000",
            "B_WIDTH": "00000000000000000000000000000110",
            "Y_WIDTH": "00000000000000000000000000001010"
          },
          "attributes": {
            "src": "designs/138/top.sv:17.138-17.292"
          },
          "port_directions": {
            "A": "input",
            "B": "input",
            "Y": "output"
          },
          "connections": {
            "A": [ 278, 279, 280, 281, 282, 283, 284, 285, 286, 287 ],
            "B": [ 97, 98, 99, 100, 101, 102 ],
            "Y": [ 288, 289, 290, 291, 292, 293, 294, 295, 296, 297 ]
          }
        },
        "$add$designs/138/top.sv:19$56": {
          "hide_name": 1,
          "type": "$add",
          "parameters": {
            "A_SIGNED": "00000000000000000000000000000000",
            "A_WIDTH": "00000000000000000000000000011111",
            "B_SIGNED": "00000000000000000000000000000000",
            "B_WIDTH": "00000000000000000000000000000110",
            "Y_WIDTH": "00000000000000000000000000011111"
          },
          "attributes": {
            "src": "designs/138/top.sv:19.52-19.99"
          },
          "port_directions": {
            "A": "input",
            "B": "input",
            "Y": "output"
          },
          "connections": {
            "A": [ 298, 299, 300, 301, 302, 303, 304, 305, 306, 307, 308, 309, 310, 311, 312, 313, 314, 315, 316, 317, 318, 319, 320, 321, 322, 323, 324, 325, 325, 325, 325 ],
            "B": [ 25, 26, 27, 28, 29, 30 ],
            "Y": [ 326, 327, 328, 329, 330, 331, 332, 333, 334, 335, 336, 337, 338, 339, 340, 341, 342, 343, 344, 345, 346, 347, 348, 349, 350, 351, 352, 353, 354, 355, 356 ]
          }
        },
        "$add$designs/138/top.sv:22$68": {
          "hide_name": 1,
          "type": "$add",
          "parameters": {
            "A_SIGNED": "00000000000000000000000000000000",
            "A_WIDTH": "00000000000000000000000000000101",
            "B_SIGNED": "00000000000000000000000000000000",
            "B_WIDTH": "00000000000000000000000000000001",
            "Y_WIDTH": "00000000000000000000000000000101"
          },
          "attributes": {
            "src": "designs/138/top.sv:22.28-22.94"
          },
          "port_directions": {
            "A": "input",
            "B": "input",
            "Y": "output"
          },
          "connections": {
            "A": [ 357, 98, 99, 100, 101 ],
            "B": [ 358 ],
            "Y": [ 8, 9, 10, 11, 12 ]
          }
        },
        "$and$designs/138/top.sv:15$6": {
          "hide_name": 1,
          "type": "$and",
          "parameters": {
            "A_SIGNED": "00000000000000000000000000000000",
            "A_WIDTH": "00000000000000000000000000000110",
            "B_SIGNED": "00000000000000000000000000000000",
            "B_WIDTH": "00000000000000000000000000000110",
            "Y_WIDTH": "00000000000000000000000000000110"
          },
          "attributes": {
            "src": "designs/138/top.sv:15.33-15.63"
          },
          "port_directions": {
            "A": "input",
            "B": "input",
            "Y": "output"
          },
          "connections": {
            "A": [ 2, 3, 4, 5, 6, 7 ],
            "B": [ 97, 98, 99, 100, 101, 102 ],
            "Y": [ 359, 360, 361, 362, 363, 364 ]
          }
        },
        "$and$designs/138/top.sv:15$7": {
          "hide_name": 1,
          "type": "$and",
          "parameters": {
            "A_SIGNED": "00000000000000000000000000000000",
            "A_WIDTH": "00000000000000000000000000000110",
            "B_SIGNED": "00000000000000000000000000000000",
            "B_WIDTH": "00000000000000000000000000000110",
            "Y_WIDTH": "00000000000000000000000000000110"
          },
          "attributes": {
            "src": "designs/138/top.sv:15.32-15.77"
          },
          "port_directions": {
            "A": "input",
            "B": "input",
            "Y": "output"
          },
          "connections": {
            "A": [ 359, 360, 361, 362, 363, 364 ],
            "B": [ 2, 3, 4, 5, 6, 7 ],
            "Y": [ 365, 366, 367, 368, 369, 370 ]
          }
        },
        "$auto$opt_expr.cc:276:group_cell_inputs$102": {
          "hide_name": 1,
          "type": "$not",
          "parameters": {
            "A_SIGNED": "00000000000000000000000000000000",
            "A_WIDTH": "00000000000000000000000000011011",
            "Y_WIDTH": "00000000000000000000000000011011"
          },
          "attributes": {
          },
          "port_directions": {
            "A": "input",
            "Y": "output"
          },
          "connections": {
            "A": [ 174, 175, 176, 177, 178, 179, 180, 181, 182, 183, 233, 234, 235, 236, 237, 238, 239, 240, 241, 242, 243, 244, 245, 246, 247, 248, 249 ],
            "Y": [ 371, 372, 373, 374, 375, 376, 377, 117, 118, 119, 120, 121, 122, 123, 124, 125, 126, 127, 128, 129, 130, 131, 132, 133, 134, 135, 136 ]
          }
        },
        "$auto$opt_expr.cc:276:group_cell_inputs$106": {
          "hide_name": 1,
          "type": "$xor",
          "parameters": {
            "A_SIGNED": "00000000000000000000000000000000",
            "A_WIDTH": "00000000000000000000000000000111",
            "B_SIGNED": "00000000000000000000000000000000",
            "B_WIDTH": "00000000000000000000000000000111",
            "Y_WIDTH": "00000000000000000000000000000111"
          },
          "attributes": {
          },
          "port_directions": {
            "A": "input",
            "B": "input",
            "Y": "output"
          },
          "connections": {
            "A": [ 103, 104, 105, 106, 107, 108, 109 ],
            "B": [ 371, 372, 373, 374, 375, 376, 377 ],
            "Y": [ 110, 111, 112, 113, 114, 115, 116 ]
          }
        },
        "$auto$opt_expr.cc:276:group_cell_inputs$109": {
          "hide_name": 1,
          "type": "$and",
          "parameters": {
            "A_SIGNED": "00000000000000000000000000000000",
            "A_WIDTH": "00000000000000000000000000000110",
            "B_SIGNED": "00000000000000000000000000000000",
            "B_WIDTH": "00000000000000000000000000000110",
            "Y_WIDTH": "00000000000000000000000000000110"
          },
          "attributes": {
          },
          "port_directions": {
            "A": "input",
            "B": "input",
            "Y": "output"
          },
          "connections": {
            "A": [ 378, 379, 380, 381, 382, 383 ],
            "B": [ 25, 26, 27, 28, 29, 30 ],
            "Y": [ 168, 169, 170, 171, 172, 173 ]
          }
        },
        "$auto$opt_expr.cc:276:group_cell_inputs$113": {
          "hide_name": 1,
          "type": "$or",
          "parameters": {
            "A_SIGNED": "00000000000000000000000000000000",
            "A_WIDTH": "00000000000000000000000000000110",
            "B_SIGNED": "00000000000000000000000000000000",
            "B_WIDTH": "00000000000000000000000000000110",
            "Y_WIDTH": "00000000000000000000000000000110"
          },
          "attributes": {
          },
          "port_directions": {
            "A": "input",
            "B": "input",
            "Y": "output"
          },
          "connections": {
            "A": [ 201, 202, 203, 204, 205, 206 ],
            "B": [ 97, 98, 99, 100, 101, 102 ],
            "Y": [ 227, 228, 229, 230, 231, 232 ]
          }
        },
        "$auto$opt_expr.cc:276:group_cell_inputs$116": {
          "hide_name": 1,
          "type": "$or",
          "parameters": {
            "A_SIGNED": "00000000000000000000000000000000",
            "A_WIDTH": "00000000000000000000000000011011",
            "B_SIGNED": "00000000000000000000000000000000",
            "B_WIDTH": "00000000000000000000000000011011",
            "Y_WIDTH": "00000000000000000000000000011011"
          },
          "attributes": {
          },
          "port_directions": {
            "A": "input",
            "B": "input",
            "Y": "output"
          },
          "connections": {
            "A": [ 250, 251, 252, 253, 254, 255, 256, 257, 258, 259, 260, 261, 262, 263, 264, 265, 266, 267, 268, 269, 270, 271, 272, 273, 274, 275, 276 ],
            "B": [ 174, 175, 176, 177, 178, 179, 180, 181, 182, 183, 233, 234, 235, 236, 237, 238, 239, 240, 241, 242, 243, 244, 245, 246, 247, 248, 249 ],
            "Y": [ 384, 385, 386, 387, 388, 389, 390, 391, 392, 393, 394, 395, 396, 397, 398, 399, 400, 401, 402, 403, 404, 405, 406, 407, 408, 409, 410 ]
          }
        },
        "$auto$opt_expr.cc:276:group_cell_inputs$119": {
          "hide_name": 1,
          "type": "$or",
          "parameters": {
            "A_SIGNED": "00000000000000000000000000000000",
            "A_WIDTH": "00000000000000000000000000000110",
            "B_SIGNED": "00000000000000000000000000000000",
            "B_WIDTH": "00000000000000000000000000000110",
            "Y_WIDTH": "00000000000000000000000000000110"
          },
          "attributes": {
          },
          "port_directions": {
            "A": "input",
            "B": "input",
            "Y": "output"
          },
          "connections": {
            "A": [ 288, 289, 290, 291, 292, 293 ],
            "B": [ 2, 3, 4, 5, 6, 7 ],
            "Y": [ 411, 412, 413, 414, 415, 416 ]
          }
        },
        "$auto$opt_expr.cc:276:group_cell_inputs$151": {
          "hide_name": 1,
          "type": "$xor",
          "parameters": {
            "A_SIGNED": "00000000000000000000000000000000",
            "A_WIDTH": "00000000000000000000000000000001",
            "B_SIGNED": "00000000000000000000000000000000",
            "B_WIDTH": "00000000000000000000000000000001",
            "Y_WIDTH": "00000000000000000000000000000001"
          },
          "attributes": {
          },
          "port_directions": {
            "A": "input",
            "B": "input",
            "Y": "output"
          },
          "connections": {
            "A": [ 417 ],
            "B": [ 2 ],
            "Y": [ 418 ]
          }
        },
        "$auto$opt_expr.cc:276:group_cell_inputs$154": {
          "hide_name": 1,
          "type": "$and",
          "parameters": {
            "A_SIGNED": "00000000000000000000000000000000",
            "A_WIDTH": "00000000000000000000000000000101",
            "B_SIGNED": "00000000000000000000000000000000",
            "B_WIDTH": "00000000000000000000000000000101",
            "Y_WIDTH": "00000000000000000000000000000101"
          },
          "attributes": {
          },
          "port_directions": {
            "A": "input",
            "B": "input",
            "Y": "output"
          },
          "connections": {
            "A": [ 418, 3, 4, 5, 6 ],
            "B": [ 97, 98, 99, 100, 101 ],
            "Y": [ 419, 420, 421, 422, 423 ]
          }
        },
        "$auto$opt_expr.cc:276:group_cell_inputs$158": {
          "hide_name": 1,
          "type": "$not",
          "parameters": {
            "A_SIGNED": "00000000000000000000000000000000",
            "A_WIDTH": "00000000000000000000000000000110",
            "Y_WIDTH": "00000000000000000000000000000110"
          },
          "attributes": {
          },
          "port_directions": {
            "A": "input",
            "Y": "output"
          },
          "connections": {
            "A": [ 97, 98, 99, 100, 101, 102 ],
            "Y": [ 424, 425, 426, 427, 428, 429 ]
          }
        },
        "$auto$opt_expr.cc:276:group_cell_inputs$162": {
          "hide_name": 1,
          "type": "$or",
          "parameters": {
            "A_SIGNED": "00000000000000000000000000000000",
            "A_WIDTH": "00000000000000000000000000000001",
            "B_SIGNED": "00000000000000000000000000000000",
            "B_WIDTH": "00000000000000000000000000000001",
            "Y_WIDTH": "00000000000000000000000000000001"
          },
          "attributes": {
          },
          "port_directions": {
            "A": "input",
            "B": "input",
            "Y": "output"
          },
          "connections": {
            "A": [ 358 ],
            "B": [ 25 ],
            "Y": [ 430 ]
          }
        },
        "$auto$opt_expr.cc:276:group_cell_inputs$169": {
          "hide_name": 1,
          "type": "$xor",
          "parameters": {
            "A_SIGNED": "00000000000000000000000000000000",
            "A_WIDTH": "00000000000000000000000000000001",
            "B_SIGNED": "00000000000000000000000000000000",
            "B_WIDTH": "00000000000000000000000000000001",
            "Y_WIDTH": "00000000000000000000000000000001"
          },
          "attributes": {
          },
          "port_directions": {
            "A": "input",
            "B": "input",
            "Y": "output"
          },
          "connections": {
            "A": [ 430 ],
            "B": [ 25 ],
            "Y": [ 431 ]
          }
        },
        "$auto$opt_expr.cc:276:group_cell_inputs$173": {
          "hide_name": 1,
          "type": "$or",
          "parameters": {
            "A_SIGNED": "00000000000000000000000000000000",
            "A_WIDTH": "00000000000000000000000000000001",
            "B_SIGNED": "00000000000000000000000000000000",
            "B_WIDTH": "00000000000000000000000000000001",
            "Y_WIDTH": "00000000000000000000000000000001"
          },
          "attributes": {
          },
          "port_directions": {
            "A": "input",
            "B": "input",
            "Y": "output"
          },
          "connections": {
            "A": [ 431 ],
            "B": [ 97 ],
            "Y": [ 357 ]
          }
        },
        "$auto$opt_expr.cc:276:group_cell_inputs$80": {
          "hide_name": 1,
          "type": "$or",
          "parameters": {
            "A_SIGNED": "00000000000000000000000000000000",
            "A_WIDTH": "00000000000000000000000000000101",
            "B_SIGNED": "00000000000000000000000000000000",
            "B_WIDTH": "00000000000000000000000000000101",
            "Y_WIDTH": "00000000000000000000000000000101"
          },
          "attributes": {
          },
          "port_directions": {
            "A": "input",
            "B": "input",
            "Y": "output"
          },
          "connections": {
            "A": [ 432, 433, 434, 435, 436 ],
            "B": [ 98, 99, 100, 101, 102 ],
            "Y": [ 25, 26, 27, 28, 29 ]
          }
        },
        "$auto$opt_expr.cc:276:group_cell_inputs$83": {
          "hide_name": 1,
          "type": "$or",
          "parameters": {
            "A_SIGNED": "00000000000000000000000000000000",
            "A_WIDTH": "00000000000000000000000000000110",
            "B_SIGNED": "00000000000000000000000000000000",
            "B_WIDTH": "00000000000000000000000000000110",
            "Y_WIDTH": "00000000000000000000000000000110"
          },
          "attributes": {
          },
          "port_directions": {
            "A": "input",
            "B": "input",
            "Y": "output"
          },
          "connections": {
            "A": [ 437, 438, 439, 440, 441, 442 ],
            "B": [ 97, 98, 99, 100, 101, 102 ],
            "Y": [ 443, 444, 445, 446, 447, 448 ]
          }
        },
        "$auto$opt_expr.cc:276:group_cell_inputs$86": {
          "hide_name": 1,
          "type": "$or",
          "parameters": {
            "A_SIGNED": "00000000000000000000000000000000",
            "A_WIDTH": "00000000000000000000000000000110",
            "B_SIGNED": "00000000000000000000000000000000",
            "B_WIDTH": "00000000000000000000000000000110",
            "Y_WIDTH": "00000000000000000000000000000110"
          },
          "attributes": {
          },
          "port_directions": {
            "A": "input",
            "B": "input",
            "Y": "output"
          },
          "connections": {
            "A": [ 443, 444, 445, 446, 447, 448 ],
            "B": [ 97, 98, 99, 100, 101, 102 ],
            "Y": [ 449, 450, 451, 452, 453, 454 ]
          }
        },
        "$auto$opt_expr.cc:276:group_cell_inputs$89": {
          "hide_name": 1,
          "type": "$xor",
          "parameters": {
            "A_SIGNED": "00000000000000000000000000000000",
            "A_WIDTH": "00000000000000000000000000000110",
            "B_SIGNED": "00000000000000000000000000000000",
            "B_WIDTH": "00000000000000000000000000000110",
            "Y_WIDTH": "00000000000000000000000000000110"
          },
          "attributes": {
          },
          "port_directions": {
            "A": "input",
            "B": "input",
            "Y": "output"
          },
          "connections": {
            "A": [ 449, 450, 451, 452, 453, 454 ],
            "B": [ 2, 3, 4, 5, 6, 7 ],
            "Y": [ 13, 14, 15, 16, 17, 18 ]
          }
        },
        "$auto$opt_expr.cc:276:group_cell_inputs$92": {
          "hide_name": 1,
          "type": "$and",
          "parameters": {
            "A_SIGNED": "00000000000000000000000000000000",
            "A_WIDTH": "00000000000000000000000000000110",
            "B_SIGNED": "00000000000000000000000000000000",
            "B_WIDTH": "00000000000000000000000000000110",
            "Y_WIDTH": "00000000000000000000000000000110"
          },
          "attributes": {
          },
          "port_directions": {
            "A": "input",
            "B": "input",
            "Y": "output"
          },
          "connections": {
            "A": [ 455, 456, 457, 458, 459, 460 ],
            "B": [ 97, 98, 99, 100, 101, 102 ],
            "Y": [ 461, 462, 463, 464, 465, 466 ]
          }
        },
        "$auto$opt_expr.cc:276:group_cell_inputs$96": {
          "hide_name": 1,
          "type": "$xor",
          "parameters": {
            "A_SIGNED": "00000000000000000000000000000000",
            "A_WIDTH": "00000000000000000000000000000110",
            "B_SIGNED": "00000000000000000000000000000000",
            "B_WIDTH": "00000000000000000000000000000110",
            "Y_WIDTH": "00000000000000000000000000000110"
          },
          "attributes": {
          },
          "port_directions": {
            "A": "input",
            "B": "input",
            "Y": "output"
          },
          "connections": {
            "A": [ 467, 468, 469, 470, 471, 472 ],
            "B": [ 2, 3, 4, 5, 6, 7 ],
            "Y": [ 473, 474, 475, 476, 477, 478 ]
          }
        },
        "$auto$opt_expr.cc:276:group_cell_inputs$99": {
          "hide_name": 1,
          "type": "$xor",
          "parameters": {
            "A_SIGNED": "00000000000000000000000000000000",
            "A_WIDTH": "00000000000000000000000000000110",
            "B_SIGNED": "00000000000000000000000000000000",
            "B_WIDTH": "00000000000000000000000000000110",
            "Y_WIDTH": "00000000000000000000000000000110"
          },
          "attributes": {
          },
          "port_directions": {
            "A": "input",
            "B": "input",
            "Y": "output"
          },
          "connections": {
            "A": [ 479, 480, 481, 482, 483, 484 ],
            "B": [ 2, 3, 4, 5, 6, 7 ],
            "Y": [ 44, 45, 46, 47, 48, 49 ]
          }
        },
        "$eq$designs/138/top.sv:19$54": {
          "hide_name": 1,
          "type": "$eq",
          "parameters": {
            "A_SIGNED": "00000000000000000000000000000000",
            "A_WIDTH": "00000000000000000000000000001010",
            "B_SIGNED": "00000000000000000000000000000000",
            "B_WIDTH": "00000000000000000000000000000101",
            "Y_WIDTH": "00000000000000000000000000000001"
          },
          "attributes": {
            "src": "designs/138/top.sv:19.54-19.79"
          },
          "port_directions": {
            "A": "input",
            "B": "input",
            "Y": "output"
          },
          "connections": {
            "A": [ 485, 486, 487, 488, 489, 490, 491, 492, 493, 494 ],
            "B": [ 2, 3, 4, 5, 6 ],
            "Y": [ 495 ]
          }
        },
        "$eq$designs/138/top.sv:19$58": {
          "hide_name": 1,
          "type": "$eq",
          "parameters": {
            "A_SIGNED": "00000000000000000000000000000000",
            "A_WIDTH": "00000000000000000000000000000001",
            "B_SIGNED": "00000000000000000000000000000000",
            "B_WIDTH": "00000000000000000000000000000101",
            "Y_WIDTH": "00000000000000000000000000000001"
          },
          "attributes": {
            "src": "designs/138/top.sv:19.50-19.135"
          },
          "port_directions": {
            "A": "input",
            "B": "input",
            "Y": "output"
          },
          "connections": {
            "A": [ 496 ],
            "B": [ 3, 4, 5, 6, 7 ],
            "Y": [ 417 ]
          }
        },
        "$gt$designs/138/top.sv:19$57": {
          "hide_name": 1,
          "type": "$gt",
          "parameters": {
            "A_SIGNED": "00000000000000000000000000000000",
            "A_WIDTH": "00000000000000000000000000011111",
            "B_SIGNED": "00000000000000000000000000000000",
            "B_WIDTH": "00000000000000000000000000010011",
            "Y_WIDTH": "00000000000000000000000000000001"
          },
          "attributes": {
            "src": "designs/138/top.sv:19.51-19.115"
          },
          "port_directions": {
            "A": "input",
            "B": "input",
            "Y": "output"
          },
          "connections": {
            "A": [ 326, 327, 328, 329, 330, 331, 332, 333, 334, 335, 336, 337, 338, 339, 340, 341, 342, 343, 344, 345, 346, 347, 348, 349, 350, 351, 352, 353, 354, 355, 356 ],
            "B": [ 182, 183, 233, 234, 235, 236, 237, 238, 239, 240, 241, 242, 243, 244, 245, 246, 247, 248, 249 ],
            "Y": [ 496 ]
          }
        },
        "$le$designs/138/top.sv:19$62": {
          "hide_name": 1,
          "type": "$le",
          "parameters": {
            "A_SIGNED": "00000000000000000000000000000000",
            "A_WIDTH": "00000000000000000000000000000110",
            "B_SIGNED": "00000000000000000000000000000000",
            "B_WIDTH": "00000000000000000000000000000111",
            "Y_WIDTH": "00000000000000000000000000000001"
          },
          "attributes": {
            "src": "designs/138/top.sv:19.29-19.180"
          },
          "port_directions": {
            "A": "input",
            "B": "input",
            "Y": "output"
          },
          "connections": {
            "A": [ 419, 420, 421, 422, 423, "0" ],
            "B": [ 424, 425, 426, 427, 428, 429, "1" ],
            "Y": [ 358 ]
          }
        },
        "$mul$designs/138/top.sv:14$2": {
          "hide_name": 1,
          "type": "$mul",
          "parameters": {
            "A_SIGNED": "00000000000000000000000000000000",
            "A_WIDTH": "00000000000000000000000000000110",
            "B_SIGNED": "00000000000000000000000000000000",
            "B_WIDTH": "00000000000000000000000000000110",
            "Y_WIDTH": "00000000000000000000000000000110"
          },
          "attributes": {
            "src": "designs/138/top.sv:14.51-14.88"
          },
          "port_directions": {
            "A": "input",
            "B": "input",
            "Y": "output"
          },
          "connections": {
            "A": [ 2, 3, 4, 5, 6, 7 ],
            "B": [ 497, 498, 499, 500, 501, 502 ],
            "Y": [ 503, 504, 505, 506, 507, 508 ]
          }
        },
        "$mul$designs/138/top.sv:16$10": {
          "hide_name": 1,
          "type": "$mul",
          "parameters": {
            "A_SIGNED": "00000000000000000000000000000000",
            "A_WIDTH": "00000000000000000000000000000110",
            "B_SIGNED": "00000000000000000000000000000000",
            "B_WIDTH": "00000000000000000000000000000110",
            "Y_WIDTH": "00000000000000000000000000001100"
          },
          "attributes": {
            "src": "designs/138/top.sv:16.129-16.148"
          },
          "port_directions": {
            "A": "input",
            "B": "input",
            "Y": "output"
          },
          "connections": {
            "A": [ 2, 3, 4, 5, 6, 7 ],
            "B": [ 25, 26, 27, 28, 29, 30 ],
            "Y": [ 437, 438, 439, 440, 441, 442, 19, 20, 21, 22, 23, 24 ]
          }
        },
        "$mul$designs/138/top.sv:17$27": {
          "hide_name": 1,
          "type": "$mul",
          "parameters": {
            "A_SIGNED": "00000000000000000000000000000000",
            "A_WIDTH": "00000000000000000000000000011111",
            "B_SIGNED": "00000000000000000000000000000000",
            "B_WIDTH": "00000000000000000000000000011011",
            "Y_WIDTH": "00000000000000000000000000001010"
          },
          "attributes": {
            "src": "designs/138/top.sv:17.33-17.93"
          },
          "port_directions": {
            "A": "input",
            "B": "input",
            "Y": "output"
          },
          "connections": {
            "A": [ 137, 138, 139, 140, 141, 142, 143, 144, 145, 146, 147, 148, 149, 150, 151, 152, 153, 154, 155, 156, 157, 158, 159, 160, 161, 162, 163, 164, 165, 166, 167 ],
            "B": [ 174, 175, 176, 177, 178, 179, 180, 181, 182, 183, 233, 234, 235, 236, 237, 238, 239, 240, 241, 242, 243, 244, 245, 246, 247, 248, 249 ],
            "Y": [ 378, 379, 380, 381, 382, 383, 509, 510, 511, 512 ]
          }
        },
        "$mul$designs/138/top.sv:17$35": {
          "hide_name": 1,
          "type": "$mul",
          "parameters": {
            "A_SIGNED": "00000000000000000000000000000000",
            "A_WIDTH": "00000000000000000000000000011100",
            "B_SIGNED": "00000000000000000000000000000000",
            "B_WIDTH": "00000000000000000000000000000110",
            "Y_WIDTH": "00000000000000000000000000001010"
          },
          "attributes": {
            "src": "designs/138/top.sv:17.150-17.271"
          },
          "port_directions": {
            "A": "input",
            "B": "input",
            "Y": "output"
          },
          "connections": {
            "A": [ 384, 385, 386, 387, 388, 389, 390, 391, 392, 393, 394, 395, 396, 397, 398, 399, 400, 401, 402, 403, 404, 405, 406, 407, 408, 409, 410, 277 ],
            "B": [ 2, 3, 4, 5, 6, 7 ],
            "Y": [ 513, 514, 515, 516, 517, 518, 519, 520, 521, 522 ]
          }
        },
        "$not$designs/138/top.sv:14$1": {
          "hide_name": 1,
          "type": "$not",
          "parameters": {
            "A_SIGNED": "00000000000000000000000000000000",
            "A_WIDTH": "00000000000000000000000000000110",
            "Y_WIDTH": "00000000000000000000000000000110"
          },
          "attributes": {
            "src": "designs/138/top.sv:14.76-14.87"
          },
          "port_directions": {
            "A": "input",
            "Y": "output"
          },
          "connections": {
            "A": [ 2, 3, 4, 5, 6, 7 ],
            "Y": [ 497, 498, 499, 500, 501, 502 ]
          }
        },
        "$or$designs/138/top.sv:14$5": {
          "hide_name": 1,
          "type": "$or",
          "parameters": {
            "A_SIGNED": "00000000000000000000000000000000",
            "A_WIDTH": "00000000000000000000000000000110",
            "B_SIGNED": "00000000000000000000000000000000",
            "B_WIDTH": "00000000000000000000000000000110",
            "Y_WIDTH": "00000000000000000000000000000110"
          },
          "attributes": {
            "src": "designs/138/top.sv:14.22-14.133"
          },
          "port_directions": {
            "A": "input",
            "B": "input",
            "Y": "output"
          },
          "connections": {
            "A": [ 523, 524, 525, 526, 527, 528 ],
            "B": [ 2, 3, 4, 5, 6, 7 ],
            "Y": [ 97, 98, 99, 100, 101, 102 ]
          }
        },
        "$reduce_bool$designs/138/top.sv:17$40": {
          "hide_name": 1,
          "type": "$reduce_bool",
          "parameters": {
            "A_SIGNED": "00000000000000000000000000000000",
            "A_WIDTH": "00000000000000000000000000011011",
            "Y_WIDTH": "00000000000000000000000000000001"
          },
          "attributes": {
            "src": "designs/138/top.sv:17.21-17.319"
          },
          "port_directions": {
            "A": "input",
            "Y": "output"
          },
          "connections": {
            "A": [ 174, 175, 176, 177, 178, 179, 180, 181, 182, 183, 233, 234, 235, 236, 237, 238, 239, 240, 241, 242, 243, 244, 245, 246, 247, 248, 249 ],
            "Y": [ 529 ]
          }
        },
        "$sub$designs/138/top.sv:16$15": {
          "hide_name": 1,
          "type": "$sub",
          "parameters": {
            "A_SIGNED": "00000000000000000000000000000000",
            "A_WIDTH": "00000000000000000000000000001101",
            "B_SIGNED": "00000000000000000000000000000000",
            "B_WIDTH": "00000000000000000000000000000110",
            "Y_WIDTH": "00000000000000000000000000001110"
          },
          "attributes": {
            "src": "designs/138/top.sv:16.106-16.204"
          },
          "port_directions": {
            "A": "input",
            "B": "input",
            "Y": "output"
          },
          "connections": {
            "A": [ 31, 32, 33, 34, 35, 36, 37, 38, 39, 40, 41, 42, 43 ],
            "B": [ 25, 26, 27, 28, 29, 30 ],
            "Y": [ 455, 456, 457, 458, 459, 460, 530, 531, 532, 533, 534, 535, 536, 537 ]
          }
        },
        "$sub$designs/138/top.sv:16$17": {
          "hide_name": 1,
          "type": "$sub",
          "parameters": {
            "A_SIGNED": "00000000000000000000000000000000",
            "A_WIDTH": "00000000000000000000000000011010",
            "B_SIGNED": "00000000000000000000000000000000",
            "B_WIDTH": "00000000000000000000000000000110",
            "Y_WIDTH": "00000000000000000000000000011010"
          },
          "attributes": {
            "src": "designs/138/top.sv:16.86-16.226"
          },
          "port_directions": {
            "A": "input",
            "B": "input",
            "Y": "output"
          },
          "connections": {
            "A": [ 461, 462, 463, 464, 465, 466, "0", "0", "0", "0", "0", "0", "0", "0", "0", "0", "0", "0", "0", "0", "0", "0", "0", "0", "0", "0" ],
            "B": [ 25, 26, 27, 28, 29, 30 ],
            "Y": [ 467, 468, 469, 470, 471, 472, 538, 539, 540, 541, 542, 543, 544, 545, 546, 547, 548, 549, 550, 551, 552, 553, 554, 555, 556, 557 ]
          }
        },
        "$sub$designs/138/top.sv:16$19": {
          "hide_name": 1,
          "type": "$sub",
          "parameters": {
            "A_SIGNED": "00000000000000000000000000000000",
            "A_WIDTH": "00000000000000000000000000011010",
            "B_SIGNED": "00000000000000000000000000000000",
            "B_WIDTH": "00000000000000000000000000000110",
            "Y_WIDTH": "00000000000000000000000000011010"
          },
          "attributes": {
            "src": "designs/138/top.sv:16.74-16.251"
          },
          "port_directions": {
            "A": "input",
            "B": "input",
            "Y": "output"
          },
          "connections": {
            "A": [ 473, 474, 475, 476, 477, 478, 538, 539, 540, 541, 542, 543, 544, 545, 546, 547, 548, 549, 550, 551, 552, 553, 554, 555, 556, 557 ],
            "B": [ 25, 26, 27, 28, 29, 30 ],
            "Y": [ 479, 480, 481, 482, 483, 484, 50, 51, 52, 53, 54, 55, 56, 57, 58, 59, 60, 61, 62, 63, 64, 65, 66, 67, 68, 69 ]
          }
        },
        "$sub$designs/138/top.sv:17$30": {
          "hide_name": 1,
          "type": "$sub",
          "parameters": {
            "A_SIGNED": "00000000000000000000000000000000",
            "A_WIDTH": "00000000000000000000000000000110",
            "B_SIGNED": "00000000000000000000000000000000",
            "B_WIDTH": "00000000000000000000000000000110",
            "Y_WIDTH": "00000000000000000000000000000111"
          },
          "attributes": {
            "src": "designs/138/top.sv:17.189-17.213"
          },
          "port_directions": {
            "A": "input",
            "B": "input",
            "Y": "output"
          },
          "connections": {
            "A": [ 25, 26, 27, 28, 29, 30 ],
            "B": [ 97, 98, 99, 100, 101, 102 ],
            "Y": [ 194, 195, 196, 197, 198, 199, 200 ]
          }
        },
        "$sub$designs/138/top.sv:17$36": {
          "hide_name": 1,
          "type": "$sub",
          "parameters": {
            "A_SIGNED": "00000000000000000000000000000000",
            "A_WIDTH": "00000000000000000000000000001010",
            "B_SIGNED": "00000000000000000000000000000000",
            "B_WIDTH": "00000000000000000000000000000110",
            "Y_WIDTH": "00000000000000000000000000001010"
          },
          "attributes": {
            "src": "designs/138/top.sv:17.149-17.281"
          },
          "port_directions": {
            "A": "input",
            "B": "input",
            "Y": "output"
          },
          "connections": {
            "A": [ 513, 514, 515, 516, 517, 518, 519, 520, 521, 522 ],
            "B": [ 25, 26, 27, 28, 29, 30 ],
            "Y": [ 278, 279, 280, 281, 282, 283, 284, 285, 286, 287 ]
          }
        },
        "$sub$designs/138/top.sv:17$39": {
          "hide_name": 1,
          "type": "$sub",
          "parameters": {
            "A_SIGNED": "00000000000000000000000000000000",
            "A_WIDTH": "00000000000000000000000000001010",
            "B_SIGNED": "00000000000000000000000000000000",
            "B_WIDTH": "00000000000000000000000000000110",
            "Y_WIDTH": "00000000000000000000000000001010"
          },
          "attributes": {
            "src": "designs/138/top.sv:17.126-17.317"
          },
          "port_directions": {
            "A": "input",
            "B": "input",
            "Y": "output"
          },
          "connections": {
            "A": [ 411, 412, 413, 414, 415, 416, 294, 295, 296, 297 ],
            "B": [ 25, 26, 27, 28, 29, 30 ],
            "Y": [ 558, 559, 560, 561, 562, 563, 564, 565, 566, 567 ]
          }
        },
        "$sub$designs/138/top.sv:19$55": {
          "hide_name": 1,
          "type": "$sub",
          "parameters": {
            "A_SIGNED": "00000000000000000000000000000000",
            "A_WIDTH": "00000000000000000000000000000001",
            "B_SIGNED": "00000000000000000000000000000000",
            "B_WIDTH": "00000000000000000000000000011011",
            "Y_WIDTH": "00000000000000000000000000011100"
          },
          "attributes": {
            "src": "designs/138/top.sv:19.53-19.89"
          },
          "port_directions": {
            "A": "input",
            "B": "input",
            "Y": "output"
          },
          "connections": {
            "A": [ 495 ],
            "B": [ 174, 175, 176, 177, 178, 179, 180, 181, 182, 183, 233, 234, 235, 236, 237, 238, 239, 240, 241, 242, 243, 244, 245, 246, 247, 248, 249 ],
            "Y": [ 298, 299, 300, 301, 302, 303, 304, 305, 306, 307, 308, 309, 310, 311, 312, 313, 314, 315, 316, 317, 318, 319, 320, 321, 322, 323, 324, 325 ]
          }
        },
        "$ternary$designs/138/top.sv:16$22": {
          "hide_name": 1,
          "type": "$mux",
          "parameters": {
            "WIDTH": "00000000000000000000000000011011"
          },
          "attributes": {
            "src": "designs/138/top.sv:16.21-16.281"
          },
          "port_directions": {
            "A": "input",
            "B": "input",
            "S": "input",
            "Y": "output"
          },
          "connections": {
            "A": [ 70, 71, 72, 73, 74, 75, 76, 77, 78, 79, 80, 81, 82, 83, 84, 85, 86, 87, 88, 89, 90, 91, 92, 93, 94, 95, 96 ],
            "B": [ "1", 3, 4, 5, 6, 7, "0", "0", "0", "0", "0", "0", "0", "0", "0", "0", "0", "0", "0", "0", "0", "0", "0", "0", "0", "0", "0" ],
            "S": [ 2 ],
            "Y": [ 174, 175, 176, 177, 178, 179, 180, 181, 182, 183, 233, 234, 235, 236, 237, 238, 239, 240, 241, 242, 243, 244, 245, 246, 247, 248, 249 ]
          }
        },
        "$ternary$designs/138/top.sv:17$41": {
          "hide_name": 1,
          "type": "$mux",
          "parameters": {
            "WIDTH": "00000000000000000000000000001010"
          },
          "attributes": {
            "src": "designs/138/top.sv:17.21-17.319"
          },
          "port_directions": {
            "A": "input",
            "B": "input",
            "S": "input",
            "Y": "output"
          },
          "connections": {
            "A": [ 558, 559, 560, 561, 562, 563, 564, 565, 566, 567 ],
            "B": [ 184, 185, 186, 187, 188, 189, 190, 191, 192, 193 ],
            "S": [ 529 ],
            "Y": [ 485, 486, 487, 488, 489, 490, 491, 492, 493, 494 ]
          }
        },
        "$xor$designs/138/top.sv:14$3": {
          "hide_name": 1,
          "type": "$xor",
          "parameters": {
            "A_SIGNED": "00000000000000000000000000000000",
            "A_WIDTH": "00000000000000000000000000000110",
            "B_SIGNED": "00000000000000000000000000000000",
            "B_WIDTH": "00000000000000000000000000000110",
            "Y_WIDTH": "00000000000000000000000000000110"
          },
          "attributes": {
            "src": "designs/138/top.sv:14.42-14.103"
          },
          "port_directions": {
            "A": "input",
            "B": "input",
            "Y": "output"
          },
          "connections": {
            "A": [ 503, 504, 505, 506, 507, 508 ],
            "B": [ 2, 3, 4, 5, 6, 7 ],
            "Y": [ 568, 569, 570, 571, 572, 573 ]
          }
        },
        "$xor$designs/138/top.sv:14$4": {
          "hide_name": 1,
          "type": "$xor",
          "parameters": {
            "A_SIGNED": "00000000000000000000000000000000",
            "A_WIDTH": "00000000000000000000000000000110",
            "B_SIGNED": "00000000000000000000000000000000",
            "B_WIDTH": "00000000000000000000000000000110",
            "Y_WIDTH": "00000000000000000000000000000110"
          },
          "attributes": {
            "src": "designs/138/top.sv:14.31-14.118"
          },
          "port_directions": {
            "A": "input",
            "B": "input",
            "Y": "output"
          },
          "connections": {
            "A": [ 568, 569, 570, 571, 572, 573 ],
            "B": [ 2, 3, 4, 5, 6, 7 ],
            "Y": [ 523, 524, 525, 526, 527, 528 ]
          }
        },
        "$xor$designs/138/top.sv:15$8": {
          "hide_name": 1,
          "type": "$xor",
          "parameters": {
            "A_SIGNED": "00000000000000000000000000000000",
            "A_WIDTH": "00000000000000000000000000000110",
            "B_SIGNED": "00000000000000000000000000000000",
            "B_WIDTH": "00000000000000000000000000000110",
            "Y_WIDTH": "00000000000000000000000000000110"
          },
          "attributes": {
            "src": "designs/138/top.sv:15.23-15.88"
          },
          "port_directions": {
            "A": "input",
            "B": "input",
            "Y": "output"
          },
          "connections": {
            "A": [ 365, 366, 367, 368, 369, 370 ],
            "B": [ 97, 98, 99, 100, 101, 102 ],
            "Y": [ 432, 433, 434, 435, 436, 30 ]
          }
        }
      },
      "netnames": {
        "$add$designs/138/top.sv:16$14_Y": {
          "hide_name": 1,
          "bits": [ 31, 32, 33, 34, 35, 36, 37, 38, 39, 40, 41, 42, 43, "0", "0", "0", "0", "0", "0", "0", "0", "0", "0", "0", "0", "0" ],
          "attributes": {
            "src": "designs/138/top.sv:16.117-16.193"
          }
        },
        "$add$designs/138/top.sv:16$21_Y": {
          "hide_name": 1,
          "bits": [ 70, 71, 72, 73, 74, 75, 76, 77, 78, 79, 80, 81, 82, 83, 84, 85, 86, 87, 88, 89, 90, 91, 92, 93, 94, 95, 96, "0", "0", "0", "0" ],
          "attributes": {
            "src": "designs/138/top.sv:16.62-16.280"
          }
        },
        "$add$designs/138/top.sv:17$23_Y": {
          "hide_name": 1,
          "bits": [ 103, 104, 105, 106, 107, 108, 109, "0", "0", "0", "0", "0", "0", "0", "0", "0", "0", "0", "0", "0", "0", "0", "0", "0", "0", "0", "0", "0", "0", "0", "0" ],
          "attributes": {
            "src": "designs/138/top.sv:17.44-17.59"
          }
        },
        "$add$designs/138/top.sv:17$26_Y": {
          "hide_name": 1,
          "bits": [ 137, 138, 139, 140, 141, 142, 143, 144, 145, 146, 147, 148, 149, 150, 151, 152, 153, 154, 155, 156, 157, 158, 159, 160, 161, 162, 163, 164, 165, 166, 167 ],
          "attributes": {
            "src": "designs/138/top.sv:17.42-17.82"
          }
        },
        "$add$designs/138/top.sv:17$29_Y": {
          "hide_name": 1,
          "bits": [ 184, 185, 186, 187, 188, 189, 190, 191, 192, 193, 574, 575, 576, 577, 578, 579, 580, 581, 582, 583, 584, 585, 586, 587, 588, 589, 590, 591, 592, 593, 594 ],
          "attributes": {
            "src": "designs/138/top.sv:17.31-17.113",
            "unused_bits": "10 11 12 13 14 15 16 17 18 19 20 21 22 23 24 25 26 27 28 29 30"
          }
        },
        "$add$designs/138/top.sv:17$31_Y": {
          "hide_name": 1,
          "bits": [ 201, 202, 203, 204, 205, 206, 207, 208, 209, 210, 211, 212, 213, 214, 215, 216, 217, 218, 219, 220, 221, 222, 223, 224, 225, 226 ],
          "attributes": {
            "src": "designs/138/top.sv:17.178-17.224"
          }
        },
        "$add$designs/138/top.sv:17$33_Y": {
          "hide_name": 1,
          "bits": [ 250, 251, 252, 253, 254, 255, 256, 257, 258, 259, 260, 261, 262, 263, 264, 265, 266, 267, 268, 269, 270, 271, 272, 273, 274, 275, 276, 277, "0", "0", "0" ],
          "attributes": {
            "src": "designs/138/top.sv:17.168-17.245"
          }
        },
        "$add$designs/138/top.sv:17$37_Y": {
          "hide_name": 1,
          "bits": [ 288, 289, 290, 291, 292, 293, 294, 295, 296, 297, 595, 596, 597, 598, 599, 600, 601, 602, 603, 604, 605, 606, 607, 608, 609, 610, 611, 612, 613, 614, 615 ],
          "attributes": {
            "src": "designs/138/top.sv:17.138-17.292",
            "unused_bits": "10 11 12 13 14 15 16 17 18 19 20 21 22 23 24 25 26 27 28 29 30"
          }
        },
        "$add$designs/138/top.sv:19$56_Y": {
          "hide_name": 1,
          "bits": [ 326, 327, 328, 329, 330, 331, 332, 333, 334, 335, 336, 337, 338, 339, 340, 341, 342, 343, 344, 345, 346, 347, 348, 349, 350, 351, 352, 353, 354, 355, 356 ],
          "attributes": {
            "src": "designs/138/top.sv:19.52-19.99"
          }
        },
        "$and$designs/138/top.sv:15$6_Y": {
          "hide_name": 1,
          "bits": [ 359, 360, 361, 362, 363, 364, "0" ],
          "attributes": {
            "src": "designs/138/top.sv:15.33-15.63"
          }
        },
        "$and$designs/138/top.sv:15$7_Y": {
          "hide_name": 1,
          "bits": [ 365, 366, 367, 368, 369, 370, "0" ],
          "attributes": {
            "src": "designs/138/top.sv:15.32-15.77"
          }
        },
        "$and$designs/138/top.sv:16$16_Y": {
          "hide_name": 1,
          "bits": [ 461, 462, 463, 464, 465, 466, "0", "0", "0", "0", "0", "0", "0", "0", "0", "0", "0", "0", "0", "0", "0", "0", "0", "0", "0", "0" ],
          "attributes": {
            "src": "designs/138/top.sv:16.97-16.215"
          }
        },
        "$and$designs/138/top.sv:17$28_Y": {
          "hide_name": 1,
          "bits": [ 168, 169, 170, 171, 172, 173, "0", "0", "0", "0", 616, 617, 618, 619, 620, 621, 622, 623, 624, 625, 626, 627, 628, 629, 630, 631, 632, 633, 634, 635, 636 ],
          "attributes": {
            "src": "designs/138/top.sv:17.32-17.103",
            "unused_bits": "10 11 12 13 14 15 16 17 18 19 20 21 22 23 24 25 26 27 28 29 30"
          }
        },
        "$and$designs/138/top.sv:19$60_Y": {
          "hide_name": 1,
          "bits": [ 419, 420, 421, 422, 423, "0" ],
          "attributes": {
          }
        },
        "$auto$opt_expr.cc:205:group_cell_inputs$100": {
          "hide_name": 1,
          "bits": [ 50, 51, 52, 53, 54, 55, 56, 57, 58, 59, 60, 61, 62, 63, 64, 65, 66, 67, 68, 69 ],
          "attributes": {
          }
        },
        "$auto$opt_expr.cc:205:group_cell_inputs$101": {
          "hide_name": 1,
          "bits": [ 371, 372, 373, 374, 375, 376, 377, 117, 118, 119, 120, 121, 122, 123, 124, 125, 126, 127, 128, 129, 130, 131, 132, 133, 134, 135, 136 ],
          "attributes": {
          }
        },
        "$auto$opt_expr.cc:205:group_cell_inputs$105": {
          "hide_name": 1,
          "bits": [ 110, 111, 112, 113, 114, 115, 116 ],
          "attributes": {
          }
        },
        "$auto$opt_expr.cc:205:group_cell_inputs$112": {
          "hide_name": 1,
          "bits": [ 227, 228, 229, 230, 231, 232 ],
          "attributes": {
          }
        },
        "$auto$opt_expr.cc:205:group_cell_inputs$115": {
          "hide_name": 1,
          "bits": [ 384, 385, 386, 387, 388, 389, 390, 391, 392, 393, 394, 395, 396, 397, 398, 399, 400, 401, 402, 403, 404, 405, 406, 407, 408, 409, 410 ],
          "attributes": {
          }
        },
        "$auto$opt_expr.cc:205:group_cell_inputs$118": {
          "hide_name": 1,
          "bits": [ 411, 412, 413, 414, 415, 416 ],
          "attributes": {
          }
        },
        "$auto$opt_expr.cc:205:group_cell_inputs$150": {
          "hide_name": 1,
          "bits": [ 418 ],
          "attributes": {
          }
        },
        "$auto$opt_expr.cc:205:group_cell_inputs$157": {
          "hide_name": 1,
          "bits": [ 424, 425, 426, 427, 428, 429 ],
          "attributes": {
          }
        },
        "$auto$opt_expr.cc:205:group_cell_inputs$161": {
          "hide_name": 1,
          "bits": [ 430 ],
          "attributes": {
          }
        },
        "$auto$opt_expr.cc:205:group_cell_inputs$168": {
          "hide_name": 1,
          "bits": [ 431 ],
          "attributes": {
          }
        },
        "$auto$opt_expr.cc:205:group_cell_inputs$172": {
          "hide_name": 1,
          "bits": [ 357 ],
          "attributes": {
          }
        },
        "$auto$opt_expr.cc:205:group_cell_inputs$82": {
          "hide_name": 1,
          "bits": [ 443, 444, 445, 446, 447, 448 ],
          "attributes": {
          }
        },
        "$auto$opt_expr.cc:205:group_cell_inputs$84": {
          "hide_name": 1,
          "bits": [ 19, 20, 21, 22, 23, 24 ],
          "attributes": {
          }
        },
        "$auto$opt_expr.cc:205:group_cell_inputs$85": {
          "hide_name": 1,
          "bits": [ 449, 450, 451, 452, 453, 454 ],
          "attributes": {
          }
        },
        "$auto$opt_expr.cc:205:group_cell_inputs$88": {
          "hide_name": 1,
          "bits": [ 13, 14, 15, 16, 17, 18 ],
          "attributes": {
          }
        },
        "$auto$opt_expr.cc:205:group_cell_inputs$95": {
          "hide_name": 1,
          "bits": [ 473, 474, 475, 476, 477, 478 ],
          "attributes": {
          }
        },
        "$auto$opt_expr.cc:205:group_cell_inputs$97": {
          "hide_name": 1,
          "bits": [ 538, 539, 540, 541, 542, 543, 544, 545, 546, 547, 548, 549, 550, 551, 552, 553, 554, 555, 556, 557 ],
          "attributes": {
          }
        },
        "$auto$opt_expr.cc:205:group_cell_inputs$98": {
          "hide_name": 1,
          "bits": [ 44, 45, 46, 47, 48, 49 ],
          "attributes": {
          }
        },
        "$auto$wreduce.cc:514:run$74": {
          "hide_name": 1,
          "bits": [ 496, "0", "0", "0", "0" ],
          "attributes": {
            "src": "designs/138/top.sv:19.51-19.115"
          }
        },
        "$auto$wreduce.cc:514:run$75": {
          "hide_name": 1,
          "bits": [ 495, "0", "0", "0", "0", "0", "0", "0", "0", "0", "0", "0", "0", "0", "0", "0", "0", "0", "0", "0", "0", "0", "0", "0", "0", "0", "0", "0", "0", "0", "0" ],
          "attributes": {
            "src": "designs/138/top.sv:19.54-19.79"
          }
        },
        "$eq$designs/138/top.sv:19$58_Y": {
          "hide_name": 1,
          "bits": [ 417 ],
          "attributes": {
            "src": "designs/138/top.sv:19.50-19.135"
          }
        },
        "$mul$designs/138/top.sv:14$2_Y": {
          "hide_name": 1,
          "bits": [ 503, 504, 505, 506, 507, 508 ],
          "attributes": {
            "src": "designs/138/top.sv:14.51-14.88"
          }
        },
        "$mul$designs/138/top.sv:16$10_Y": {
          "hide_name": 1,
          "bits": [ 437, 438, 439, 440, 441, 442, 19, 20, 21, 22, 23, 24, "0", "0", "0", "0", "0", "0", "0", "0", "0", "0", "0", "0", "0", "0" ],
          "attributes": {
            "src": "designs/138/top.sv:16.129-16.148"
          }
        },
        "$mul$designs/138/top.sv:17$27_Y": {
          "hide_name": 1,
          "bits": [ 378, 379, 380, 381, 382, 383, 509, 510, 511, 512, 637, 638, 639, 640, 641, 642, 643, 644, 645, 646, 647, 648, 649, 650, 651, 652, 653, 654, 655, 656, 657 ],
          "attributes": {
            "src": "designs/138/top.sv:17.33-17.93",
            "unused_bits": "6 7 8 9 10 11 12 13 14 15 16 17 18 19 20 21 22 23 24 25 26 27 28 29 30"
          }
        },
        "$mul$designs/138/top.sv:17$35_Y": {
          "hide_name": 1,
          "bits": [ 513, 514, 515, 516, 517, 518, 519, 520, 521, 522, 658, 659, 660, 661, 662, 663, 664, 665, 666, 667, 668, 669, 670, 671, 672, 673, 674, 675, 676, 677, 678 ],
          "attributes": {
            "src": "designs/138/top.sv:17.150-17.271",
            "unused_bits": "10 11 12 13 14 15 16 17 18 19 20 21 22 23 24 25 26 27 28 29 30"
          }
        },
        "$not$designs/138/top.sv:14$1_Y": {
          "hide_name": 1,
          "bits": [ 497, 498, 499, 500, 501, 502 ],
          "attributes": {
            "src": "designs/138/top.sv:14.76-14.87"
          }
        },
        "$reduce_bool$designs/138/top.sv:17$40_Y": {
          "hide_name": 1,
          "bits": [ 529 ],
          "attributes": {
            "src": "designs/138/top.sv:17.21-17.319"
          }
        },
        "$sub$designs/138/top.sv:16$15_Y": {
          "hide_name": 1,
          "bits": [ 455, 456, 457, 458, 459, 460, 530, 531, 532, 533, 534, 535, 536, 537, 537, 537, 537, 537, 537, 537, 537, 537, 537, 537, 537, 537 ],
          "attributes": {
            "src": "designs/138/top.sv:16.106-16.204",
            "unused_bits": "6 7 8 9 10 11 12 13 14 15 16 17 18 19 20 21 22 23 24 25"
          }
        },
        "$sub$designs/138/top.sv:16$17_Y": {
          "hide_name": 1,
          "bits": [ 467, 468, 469, 470, 471, 472, 538, 539, 540, 541, 542, 543, 544, 545, 546, 547, 548, 549, 550, 551, 552, 553, 554, 555, 556, 557 ],
          "attributes": {
            "src": "designs/138/top.sv:16.86-16.226"
          }
        },
        "$sub$designs/138/top.sv:16$19_Y": {
          "hide_name": 1,
          "bits": [ 479, 480, 481, 482, 483, 484, 50, 51, 52, 53, 54, 55, 56, 57, 58, 59, 60, 61, 62, 63, 64, 65, 66, 67, 68, 69 ],
          "attributes": {
            "src": "designs/138/top.sv:16.74-16.251"
          }
        },
        "$sub$designs/138/top.sv:17$30_Y": {
          "hide_name": 1,
          "bits": [ 194, 195, 196, 197, 198, 199, 200, 200, 200, 200, 200, 200, 200, 200, 200, 200, 200, 200, 200, 200, 200, 200, 200, 200, 200, 200 ],
          "attributes": {
            "src": "designs/138/top.sv:17.189-17.213"
          }
        },
        "$sub$designs/138/top.sv:17$36_Y": {
          "hide_name": 1,
          "bits": [ 278, 279, 280, 281, 282, 283, 284, 285, 286, 287, 679, 680, 681, 682, 683, 684, 685, 686, 687, 688, 689, 690, 691, 692, 693, 694, 695, 696, 697, 698, 699 ],
          "attributes": {
            "src": "designs/138/top.sv:17.149-17.281",
            "unused_bits": "10 11 12 13 14 15 16 17 18 19 20 21 22 23 24 25 26 27 28 29 30"
          }
        },
        "$sub$designs/138/top.sv:17$39_Y": {
          "hide_name": 1,
          "bits": [ 558, 559, 560, 561, 562, 563, 564, 565, 566, 567, 700, 701, 702, 703, 704, 705, 706, 707, 708, 709, 710, 711, 712, 713, 714, 715, 716, 717, 718, 719, 720 ],
          "attributes": {
            "src": "designs/138/top.sv:17.126-17.317",
            "unused_bits": "10 11 12 13 14 15 16 17 18 19 20 21 22 23 24 25 26 27 28 29 30"
          }
        },
        "$sub$designs/138/top.sv:19$55_Y": {
          "hide_name": 1,
          "bits": [ 298, 299, 300, 301, 302, 303, 304, 305, 306, 307, 308, 309, 310, 311, 312, 313, 314, 315, 316, 317, 318, 319, 320, 321, 322, 323, 324, 325, 325, 325, 325 ],
          "attributes": {
            "src": "designs/138/top.sv:19.53-19.89"
          }
        },
        "$xor$designs/138/top.sv:14$3_Y": {
          "hide_name": 1,
          "bits": [ 568, 569, 570, 571, 572, 573 ],
          "attributes": {
            "src": "designs/138/top.sv:14.42-14.103"
          }
        },
        "$xor$designs/138/top.sv:14$4_Y": {
          "hide_name": 1,
          "bits": [ 523, 524, 525, 526, 527, 528 ],
          "attributes": {
            "src": "designs/138/top.sv:14.31-14.118"
          }
        },
        "$xor$designs/138/top.sv:15$8_Y": {
          "hide_name": 1,
          "bits": [ 432, 433, 434, 435, 436, 30, "0", "0", "0", "0", "0", "0", "0", "0", "0", "0", "0", "0", "0", "0", "0", "0", "0", "0", "0", "0" ],
          "attributes": {
            "src": "designs/138/top.sv:15.23-15.88"
          }
        },
        "input_data": {
          "hide_name": 0,
          "bits": [ 2, 3, 4, 5, 6, 7 ],
          "attributes": {
            "src": "designs/138/top.sv:2.17-2.27"
          }
        },
        "output_data": {
          "hide_name": 0,
          "bits": [ 8, 9, 10, 11, 12 ],
          "attributes": {
            "src": "designs/138/top.sv:3.18-3.29"
          }
        },
        "temp_0": {
          "hide_name": 0,
          "bits": [ 97, 98, 99, 100, 101, 102, "0" ],
          "attributes": {
            "src": "designs/138/top.sv:6.17-6.23"
          }
        },
        "temp_1": {
          "hide_name": 0,
          "bits": [ 25, 26, 27, 28, 29, 30, "0", "0", "0", "0", "0", "0", "0", "0", "0", "0", "0", "0", "0", "0", "0", "0", "0", "0", "0", "0" ],
          "attributes": {
            "src": "designs/138/top.sv:7.18-7.24"
          }
        },
        "temp_2": {
          "hide_name": 0,
          "bits": [ 174, 175, 176, 177, 178, 179, 180, 181, 182, 183, 233, 234, 235, 236, 237, 238, 239, 240, 241, 242, 243, 244, 245, 246, 247, 248, 249, "0", "0", "0", "0" ],
          "attributes": {
            "src": "designs/138/top.sv:8.18-8.24"
          }
        },
        "temp_3": {
          "hide_name": 0,
          "bits": [ 485, 486, 487, 488, 489, 490, 491, 492, 493, 494 ],
          "attributes": {
            "src": "designs/138/top.sv:9.17-9.23"
          }
        },
        "temp_5": {
          "hide_name": 0,
          "bits": [ 358, "0", "0", "0", "0" ],
          "attributes": {
            "src": "designs/138/top.sv:11.17-11.23"
          }
        }
      }
    }
  }
}
