{
  "creator": "Yosys 0.60 (git sha1 5bafeb77dc71e054fa331ab9efa613e6fb0a1c49, clang++ 17.0.0 -fPIC -O3)",
  "modules": {
    "top": {
      "attributes": {
        "top": "00000000000000000000000000000001",
        "src": "designs/101/top.sv:1.1-32.10"
      },
      "ports": {
        "input_data": {
          "direction": "input",
          "bits": [ 2, 3, 4, 5, 6, 7, 8, 9, 10, 11 ]
        },
        "output_data": {
          "direction": "output",
          "bits": [ 12, 13, 14, 15, 16, "0", "0", "0", "0", "0" ]
        }
      },
      "cells": {
        "$add$designs/101/top.sv:19$16": {
          "hide_name": 1,
          "type": "$add",
          "parameters": {
            "A_SIGNED": "00000000000000000000000000000000",
            "A_WIDTH": "00000000000000000000000000011000",
            "B_SIGNED": "00000000000000000000000000000000",
            "B_WIDTH": "00000000000000000000000000011000",
            "Y_WIDTH": "00000000000000000000000000011000"
          },
          "attributes": {
            "src": "designs/101/top.sv:19.61-19.109"
          },
          "port_directions": {
            "A": "input",
            "B": "input",
            "Y": "output"
          },
          "connections": {
            "A": [ 17, 18, 19, 20, 21, 22, 23, 24, 25, 26, 27, 28, 29, 30, 31, 32, 33, 34, 35, 36, 37, 38, 39, 40 ],
            "B": [ 41, 42, 43, 44, 45, 46, 47, 48, 49, 50, 51, 52, 53, 54, 55, 56, 57, 58, 59, 60, 61, 62, 63, 64 ],
            "Y": [ 65, 66, 67, 68, 69, 70, 71, 72, 73, 74, 75, 76, 77, 78, 79, 80, 81, 82, 83, 84, 85, 86, 87, 88 ]
          }
        },
        "$add$designs/101/top.sv:25$41": {
          "hide_name": 1,
          "type": "$add",
          "parameters": {
            "A_SIGNED": "00000000000000000000000000000000",
            "A_WIDTH": "00000000000000000000000000010110",
            "B_SIGNED": "00000000000000000000000000000000",
            "B_WIDTH": "00000000000000000000000000000110",
            "Y_WIDTH": "00000000000000000000000000010110"
          },
          "attributes": {
            "src": "designs/101/top.sv:25.24-25.83"
          },
          "port_directions": {
            "A": "input",
            "B": "input",
            "Y": "output"
          },
          "connections": {
            "A": [ 89, 90, 91, 92, 93, 94, 95, 96, 97, 98, 99, 100, 101, 102, 103, 104, 105, 106, 107, 108, 109, 110 ],
            "B": [ 111, 112, 113, 114, 115, 116 ],
            "Y": [ 117, 118, 119, 120, 121, 122, 123, 124, 125, 126, 127, 128, 129, 130, 131, 132, 133, 134, 135, 136, 137, 138 ]
          }
        },
        "$add$designs/101/top.sv:28$56": {
          "hide_name": 1,
          "type": "$add",
          "parameters": {
            "A_SIGNED": "00000000000000000000000000000000",
            "A_WIDTH": "00000000000000000000000000011000",
            "B_SIGNED": "00000000000000000000000000000000",
            "B_WIDTH": "00000000000000000000000000010010",
            "Y_WIDTH": "00000000000000000000000000011000"
          },
          "attributes": {
            "src": "designs/101/top.sv:28.34-28.49"
          },
          "port_directions": {
            "A": "input",
            "B": "input",
            "Y": "output"
          },
          "connections": {
            "A": [ 41, 42, 43, 44, 45, 46, 47, 48, 49, 50, 51, 52, 53, 54, 55, 56, 57, 58, 59, 60, 61, 62, 63, 64 ],
            "B": [ 139, 140, 141, 142, 143, 144, 145, 146, 147, 148, 149, 150, 151, 152, 153, 154, 155, 156 ],
            "Y": [ 157, 158, 159, 160, 161, 162, 163, 164, 165, 166, 167, 168, 169, 170, 171, 172, 173, 174, 175, 176, 177, 178, 179, 180 ]
          }
        },
        "$and$designs/101/top.sv:19$19": {
          "hide_name": 1,
          "type": "$and",
          "parameters": {
            "A_SIGNED": "00000000000000000000000000000000",
            "A_WIDTH": "00000000000000000000000000010010",
            "B_SIGNED": "00000000000000000000000000000000",
            "B_WIDTH": "00000000000000000000000000010010",
            "Y_WIDTH": "00000000000000000000000000010010"
          },
          "attributes": {
            "src": "designs/101/top.sv:19.58-19.149"
          },
          "port_directions": {
            "A": "input",
            "B": "input",
            "Y": "output"
          },
          "connections": {
            "A": [ 181, 182, 183, 184, 185, 186, 187, 188, 189, 190, 191, 192, 193, 194, 195, 196, 197, 198 ],
            "B": [ 41, 42, 43, 44, 45, 46, 47, 48, 49, 50, 51, 52, 53, 54, 55, 56, 57, 58 ],
            "Y": [ 199, 200, 201, 202, 203, 204, 205, 206, 207, 208, 209, 210, 211, 212, 213, 214, 215, 216 ]
          }
        },
        "$and$designs/101/top.sv:20$27": {
          "hide_name": 1,
          "type": "$and",
          "parameters": {
            "A_SIGNED": "00000000000000000000000000000000",
            "A_WIDTH": "00000000000000000000000000001001",
            "B_SIGNED": "00000000000000000000000000000000",
            "B_WIDTH": "00000000000000000000000000001001",
            "Y_WIDTH": "00000000000000000000000000001001"
          },
          "attributes": {
            "src": "designs/101/top.sv:20.23-20.85"
          },
          "port_directions": {
            "A": "input",
            "B": "input",
            "Y": "output"
          },
          "connections": {
            "A": [ 217, 218, 219, 220, 221, 222, 223, 224, 225 ],
            "B": [ 139, 140, 141, 142, 143, 144, 145, 146, 147 ],
            "Y": [ 226, 227, 228, 229, 230, 231, 232, 233, 234 ]
          }
        },
        "$auto$opt_expr.cc:276:group_cell_inputs$101": {
          "hide_name": 1,
          "type": "$and",
          "parameters": {
            "A_SIGNED": "00000000000000000000000000000000",
            "A_WIDTH": "00000000000000000000000000001010",
            "B_SIGNED": "00000000000000000000000000000000",
            "B_WIDTH": "00000000000000000000000000001010",
            "Y_WIDTH": "00000000000000000000000000001010"
          },
          "attributes": {
          },
          "port_directions": {
            "A": "input",
            "B": "input",
            "Y": "output"
          },
          "connections": {
            "A": [ 235, 236, 237, 238, 239, 240, 241, 242, 243, 244 ],
            "B": [ 2, 3, 4, 5, 6, 7, 8, 9, 10, 11 ],
            "Y": [ 245, 246, 247, 248, 249, 250, 251, 252, 253, 254 ]
          }
        },
        "$auto$opt_expr.cc:276:group_cell_inputs$120": {
          "hide_name": 1,
          "type": "$and",
          "parameters": {
            "A_SIGNED": "00000000000000000000000000000000",
            "A_WIDTH": "00000000000000000000000000000101",
            "B_SIGNED": "00000000000000000000000000000000",
            "B_WIDTH": "00000000000000000000000000000101",
            "Y_WIDTH": "00000000000000000000000000000101"
          },
          "attributes": {
          },
          "port_directions": {
            "A": "input",
            "B": "input",
            "Y": "output"
          },
          "connections": {
            "A": [ 255, 256, 257, 258, 259 ],
            "B": [ 260, 261, 262, 263, 264 ],
            "Y": [ 12, 13, 14, 15, 16 ]
          }
        },
        "$auto$opt_expr.cc:276:group_cell_inputs$70": {
          "hide_name": 1,
          "type": "$not",
          "parameters": {
            "A_SIGNED": "00000000000000000000000000000000",
            "A_WIDTH": "00000000000000000000000000001010",
            "Y_WIDTH": "00000000000000000000000000001010"
          },
          "attributes": {
          },
          "port_directions": {
            "A": "input",
            "Y": "output"
          },
          "connections": {
            "A": [ 2, 3, 4, 5, 6, 7, 8, 9, 10, 11 ],
            "Y": [ 265, 266, 267, 268, 269, 270, 271, 272, 273, 274 ]
          }
        },
        "$auto$opt_expr.cc:276:group_cell_inputs$82": {
          "hide_name": 1,
          "type": "$or",
          "parameters": {
            "A_SIGNED": "00000000000000000000000000000000",
            "A_WIDTH": "00000000000000000000000000001010",
            "B_SIGNED": "00000000000000000000000000000000",
            "B_WIDTH": "00000000000000000000000000001010",
            "Y_WIDTH": "00000000000000000000000000001010"
          },
          "attributes": {
          },
          "port_directions": {
            "A": "input",
            "B": "input",
            "Y": "output"
          },
          "connections": {
            "A": [ 275, 276, 277, 278, 279, 280, 281, 282, 283, 284 ],
            "B": [ 2, 3, 4, 5, 6, 7, 8, 9, 10, 11 ],
            "Y": [ 285, 286, 287, 288, 289, 290, 291, 292, 293, 294 ]
          }
        },
        "$auto$opt_expr.cc:276:group_cell_inputs$85": {
          "hide_name": 1,
          "type": "$or",
          "parameters": {
            "A_SIGNED": "00000000000000000000000000000000",
            "A_WIDTH": "00000000000000000000000000000101",
            "B_SIGNED": "00000000000000000000000000000000",
            "B_WIDTH": "00000000000000000000000000000101",
            "Y_WIDTH": "00000000000000000000000000000101"
          },
          "attributes": {
          },
          "port_directions": {
            "A": "input",
            "B": "input",
            "Y": "output"
          },
          "connections": {
            "A": [ 41, 42, 43, 44, 45 ],
            "B": [ 60, 61, 62, 63, 64 ],
            "Y": [ 295, 296, 297, 298, 299 ]
          }
        },
        "$auto$opt_expr.cc:276:group_cell_inputs$88": {
          "hide_name": 1,
          "type": "$xor",
          "parameters": {
            "A_SIGNED": "00000000000000000000000000000000",
            "A_WIDTH": "00000000000000000000000000001010",
            "B_SIGNED": "00000000000000000000000000000000",
            "B_WIDTH": "00000000000000000000000000001010",
            "Y_WIDTH": "00000000000000000000000000001010"
          },
          "attributes": {
          },
          "port_directions": {
            "A": "input",
            "B": "input",
            "Y": "output"
          },
          "connections": {
            "A": [ 300, 301, 302, 303, 304, 305, 306, 307, 308, 309 ],
            "B": [ 2, 3, 4, 5, 6, 7, 8, 9, 10, 11 ],
            "Y": [ 181, 182, 183, 184, 185, 186, 187, 188, 189, 190 ]
          }
        },
        "$auto$opt_expr.cc:276:group_cell_inputs$91": {
          "hide_name": 1,
          "type": "$not",
          "parameters": {
            "A_SIGNED": "00000000000000000000000000000000",
            "A_WIDTH": "00000000000000000000000000001000",
            "Y_WIDTH": "00000000000000000000000000001000"
          },
          "attributes": {
          },
          "port_directions": {
            "A": "input",
            "Y": "output"
          },
          "connections": {
            "A": [ 149, 150, 151, 152, 153, 154, 155, 156 ],
            "Y": [ 310, 311, 312, 313, 314, 315, 316, 317 ]
          }
        },
        "$auto$opt_expr.cc:276:group_cell_inputs$95": {
          "hide_name": 1,
          "type": "$xor",
          "parameters": {
            "A_SIGNED": "00000000000000000000000000000000",
            "A_WIDTH": "00000000000000000000000000001001",
            "B_SIGNED": "00000000000000000000000000000000",
            "B_WIDTH": "00000000000000000000000000001001",
            "Y_WIDTH": "00000000000000000000000000001001"
          },
          "attributes": {
          },
          "port_directions": {
            "A": "input",
            "B": "input",
            "Y": "output"
          },
          "connections": {
            "A": [ 318, 319, 320, 321, 322, 323, 324, 325, 326 ],
            "B": [ 260, 261, 262, 263, 264, 327, 328, 329, 330 ],
            "Y": [ 111, 112, 113, 114, 115, 116, 331, 332, 333 ]
          }
        },
        "$auto$opt_expr.cc:276:group_cell_inputs$98": {
          "hide_name": 1,
          "type": "$xor",
          "parameters": {
            "A_SIGNED": "00000000000000000000000000000000",
            "A_WIDTH": "00000000000000000000000000000001",
            "B_SIGNED": "00000000000000000000000000000000",
            "B_WIDTH": "00000000000000000000000000000001",
            "Y_WIDTH": "00000000000000000000000000000001"
          },
          "attributes": {
          },
          "port_directions": {
            "A": "input",
            "B": "input",
            "Y": "output"
          },
          "connections": {
            "A": [ 334 ],
            "B": [ 335 ],
            "Y": [ 336 ]
          }
        },
        "$ge$designs/101/top.sv:24$35": {
          "hide_name": 1,
          "type": "$ge",
          "parameters": {
            "A_SIGNED": "00000000000000000000000000000000",
            "A_WIDTH": "00000000000000000000000000000010",
            "B_SIGNED": "00000000000000000000000000000000",
            "B_WIDTH": "00000000000000000000000000000111",
            "Y_WIDTH": "00000000000000000000000000000001"
          },
          "attributes": {
            "src": "designs/101/top.sv:24.23-24.109"
          },
          "port_directions": {
            "A": "input",
            "B": "input",
            "Y": "output"
          },
          "connections": {
            "A": [ 336, 337 ],
            "B": [ 139, 140, 141, 142, 143, 144, 145 ],
            "Y": [ 338 ]
          }
        },
        "$gt$designs/101/top.sv:24$33": {
          "hide_name": 1,
          "type": "$gt",
          "parameters": {
            "A_SIGNED": "00000000000000000000000000000000",
            "A_WIDTH": "00000000000000000000000000011000",
            "B_SIGNED": "00000000000000000000000000000000",
            "B_WIDTH": "00000000000000000000000000000001",
            "Y_WIDTH": "00000000000000000000000000000001"
          },
          "attributes": {
            "src": "designs/101/top.sv:24.41-24.74"
          },
          "port_directions": {
            "A": "input",
            "B": "input",
            "Y": "output"
          },
          "connections": {
            "A": [ 41, 42, 43, 44, 45, 46, 47, 48, 49, 50, 51, 52, 53, 54, 55, 56, 57, 58, 59, 60, 61, 62, 63, 64 ],
            "B": [ 11 ],
            "Y": [ 334 ]
          }
        },
        "$le$designs/101/top.sv:24$37": {
          "hide_name": 1,
          "type": "$le",
          "parameters": {
            "A_SIGNED": "00000000000000000000000000000000",
            "A_WIDTH": "00000000000000000000000000000001",
            "B_SIGNED": "00000000000000000000000000000000",
            "B_WIDTH": "00000000000000000000000000010101",
            "Y_WIDTH": "00000000000000000000000000000001"
          },
          "attributes": {
            "src": "designs/101/top.sv:24.22-24.129"
          },
          "port_directions": {
            "A": "input",
            "B": "input",
            "Y": "output"
          },
          "connections": {
            "A": [ 338 ],
            "B": [ 339, 340, 341, 342, 343, 344, 345, 346, 347, 348, 349, 350, 351, 352, 353, 354, 355, 356, 357, 358, 359 ],
            "Y": [ 360 ]
          }
        },
        "$mul$designs/101/top.sv:19$17": {
          "hide_name": 1,
          "type": "$mul",
          "parameters": {
            "A_SIGNED": "00000000000000000000000000000000",
            "A_WIDTH": "00000000000000000000000000011000",
            "B_SIGNED": "00000000000000000000000000000000",
            "B_WIDTH": "00000000000000000000000000010011",
            "Y_WIDTH": "00000000000000000000000000010010"
          },
          "attributes": {
            "src": "designs/101/top.sv:19.60-19.125"
          },
          "port_directions": {
            "A": "input",
            "B": "input",
            "Y": "output"
          },
          "connections": {
            "A": [ 65, 66, 67, 68, 69, 70, 71, 72, 73, 74, 75, 76, 77, 78, 79, 80, 81, 82, 83, 84, 85, 86, 87, 88 ],
            "B": [ 41, 42, 43, 44, 45, 46, 47, 48, 49, 50, 51, 52, 53, 54, 55, 56, 57, 58, 59 ],
            "Y": [ 300, 301, 302, 303, 304, 305, 306, 307, 308, 309, 191, 192, 193, 194, 195, 196, 197, 198 ]
          }
        },
        "$mul$designs/101/top.sv:25$39": {
          "hide_name": 1,
          "type": "$mul",
          "parameters": {
            "A_SIGNED": "00000000000000000000000000000001",
            "A_WIDTH": "00000000000000000000000000010000",
            "B_SIGNED": "00000000000000000000000000000001",
            "B_WIDTH": "00000000000000000000000000011000",
            "Y_WIDTH": "00000000000000000000000000010110"
          },
          "attributes": {
            "src": "designs/101/top.sv:25.26-25.58"
          },
          "port_directions": {
            "A": "input",
            "B": "input",
            "Y": "output"
          },
          "connections": {
            "A": [ 361, 362, 363, 364, 365, 366, 367, 368, 369, 370, 371, 372, 373, 374, 375, 376 ],
            "B": [ 41, 42, 43, 44, 45, 46, 47, 48, 49, 50, 51, 52, 53, 54, 55, 56, 57, 58, 59, 60, 61, 62, 63, 64 ],
            "Y": [ 377, 378, 379, 380, 381, 382, 383, 384, 385, 386, 387, 388, 389, 390, 391, 392, 393, 394, 395, 396, 397, 398 ]
          }
        },
        "$not$designs/101/top.sv:22$30": {
          "hide_name": 1,
          "type": "$not",
          "parameters": {
            "A_SIGNED": "00000000000000000000000000000000",
            "A_WIDTH": "00000000000000000000000000001100",
            "Y_WIDTH": "00000000000000000000000000001100"
          },
          "attributes": {
            "src": "designs/101/top.sv:22.38-22.45"
          },
          "port_directions": {
            "A": "input",
            "Y": "output"
          },
          "connections": {
            "A": [ 41, 42, 43, 44, 45, 46, 47, 48, 49, 50, 51, 52 ],
            "Y": [ 399, 400, 401, 402, 403, 404, 405, 406, 407, 408, 409, 410 ]
          }
        },
        "$not$designs/101/top.sv:24$36": {
          "hide_name": 1,
          "type": "$not",
          "parameters": {
            "A_SIGNED": "00000000000000000000000000000000",
            "A_WIDTH": "00000000000000000000000000010101",
            "Y_WIDTH": "00000000000000000000000000010101"
          },
          "attributes": {
            "src": "designs/101/top.sv:24.115-24.128"
          },
          "port_directions": {
            "A": "input",
            "Y": "output"
          },
          "connections": {
            "A": [ 44, 45, 46, 47, 48, 49, 50, 51, 52, 53, 54, 55, 56, 57, 58, 59, 60, 61, 62, 63, 64 ],
            "Y": [ 339, 340, 341, 342, 343, 344, 345, 346, 347, 348, 349, 350, 351, 352, 353, 354, 355, 356, 357, 358, 359 ]
          }
        },
        "$not$designs/101/top.sv:28$57": {
          "hide_name": 1,
          "type": "$not",
          "parameters": {
            "A_SIGNED": "00000000000000000000000000000000",
            "A_WIDTH": "00000000000000000000000000001100",
            "Y_WIDTH": "00000000000000000000000000001100"
          },
          "attributes": {
            "src": "designs/101/top.sv:28.56-28.63"
          },
          "port_directions": {
            "A": "input",
            "Y": "output"
          },
          "connections": {
            "A": [ 111, 112, 113, 114, 115, 116, 331, 332, 333, 411, 335, 337 ],
            "Y": [ 412, 413, 414, 415, 416, 417, 418, 419, 420, 421, 422, 423 ]
          }
        },
        "$or$designs/101/top.sv:20$28": {
          "hide_name": 1,
          "type": "$or",
          "parameters": {
            "A_SIGNED": "00000000000000000000000000000000",
            "A_WIDTH": "00000000000000000000000000001001",
            "B_SIGNED": "00000000000000000000000000000000",
            "B_WIDTH": "00000000000000000000000000001001",
            "Y_WIDTH": "00000000000000000000000000001001"
          },
          "attributes": {
            "src": "designs/101/top.sv:20.22-20.104"
          },
          "port_directions": {
            "A": "input",
            "B": "input",
            "Y": "output"
          },
          "connections": {
            "A": [ 226, 227, 228, 229, 230, 231, 232, 233, 234 ],
            "B": [ 2, 3, 4, 5, 6, 7, 8, 9, 10 ],
            "Y": [ 260, 261, 262, 263, 264, 327, 328, 329, 330 ]
          }
        },
        "$or$designs/101/top.sv:22$31": {
          "hide_name": 1,
          "type": "$or",
          "parameters": {
            "A_SIGNED": "00000000000000000000000000000000",
            "A_WIDTH": "00000000000000000000000000001100",
            "B_SIGNED": "00000000000000000000000000000000",
            "B_WIDTH": "00000000000000000000000000001100",
            "Y_WIDTH": "00000000000000000000000000001100"
          },
          "attributes": {
            "src": "designs/101/top.sv:22.28-22.46"
          },
          "port_directions": {
            "A": "input",
            "B": "input",
            "Y": "output"
          },
          "connections": {
            "A": [ 41, 42, 43, 44, 45, 46, 47, 48, 49, 50, 51, 52 ],
            "B": [ 399, 400, 401, 402, 403, 404, 405, 406, 407, 408, 409, 410 ],
            "Y": [ 318, 319, 320, 321, 322, 323, 324, 325, 326, 411, 335, 337 ]
          }
        },
        "$reduce_bool$designs/101/top.sv:19$20": {
          "hide_name": 1,
          "type": "$reduce_bool",
          "parameters": {
            "A_SIGNED": "00000000000000000000000000000000",
            "A_WIDTH": "00000000000000000000000000000100",
            "Y_WIDTH": "00000000000000000000000000000001"
          },
          "attributes": {
            "src": "designs/101/top.sv:19.21-19.150"
          },
          "port_directions": {
            "A": "input",
            "Y": "output"
          },
          "connections": {
            "A": [ 61, 62, 63, 64 ],
            "Y": [ 424 ]
          }
        },
        "$shl$designs/101/top.sv:28$58": {
          "hide_name": 1,
          "type": "$shl",
          "parameters": {
            "A_SIGNED": "00000000000000000000000000000000",
            "A_WIDTH": "00000000000000000000000000011000",
            "B_SIGNED": "00000000000000000000000000000000",
            "B_WIDTH": "00000000000000000000000000001100",
            "Y_WIDTH": "00000000000000000000000000010110"
          },
          "attributes": {
            "src": "designs/101/top.sv:28.23-28.64"
          },
          "port_directions": {
            "A": "input",
            "B": "input",
            "Y": "output"
          },
          "connections": {
            "A": [ 157, 158, 159, 160, 161, 162, 163, 164, 165, 166, 167, 168, 169, 170, 171, 172, 173, 174, 175, 176, 177, 178, 179, 180 ],
            "B": [ 412, 413, 414, 415, 416, 417, 418, 419, 420, 421, 422, 423 ],
            "Y": [ 425, 426, 427, 428, 429, 430, 431, 432, 433, 434, 435, 436, 437, 438, 439, 440, 441, 442, 443, 444, 445, 446 ]
          }
        },
        "$shr$designs/101/top.sv:30$60": {
          "hide_name": 1,
          "type": "$shr",
          "parameters": {
            "A_SIGNED": "00000000000000000000000000000000",
            "A_WIDTH": "00000000000000000000000000010110",
            "B_SIGNED": "00000000000000000000000000000000",
            "B_WIDTH": "00000000000000000000000000010110",
            "Y_WIDTH": "00000000000000000000000000001010"
          },
          "attributes": {
            "src": "designs/101/top.sv:30.28-30.44"
          },
          "port_directions": {
            "A": "input",
            "B": "input",
            "Y": "output"
          },
          "connections": {
            "A": [ 245, 246, 247, 248, 249, 250, 251, 252, 253, 254, "0", "0", "0", "0", "0", "0", "0", "0", "0", "0", "0", "0" ],
            "B": [ 447, 448, 449, 450, 451, 452, 453, 454, 455, 456, 457, 458, 459, 460, 461, 462, 463, 464, 465, 466, 467, 468 ],
            "Y": [ 255, 256, 257, 258, 259, 469, 470, 471, 472, 473 ]
          }
        },
        "$sub$designs/101/top.sv:16$11": {
          "hide_name": 1,
          "type": "$sub",
          "parameters": {
            "A_SIGNED": "00000000000000000000000000000000",
            "A_WIDTH": "00000000000000000000000000011000",
            "B_SIGNED": "00000000000000000000000000000000",
            "B_WIDTH": "00000000000000000000000000011000",
            "Y_WIDTH": "00000000000000000000000000011000"
          },
          "attributes": {
            "src": "designs/101/top.sv:16.24-16.143"
          },
          "port_directions": {
            "A": "input",
            "B": "input",
            "Y": "output"
          },
          "connections": {
            "A": [ "0", "0", "0", "0", "0", "0", "0", "0", "0", "0", "0", "0", "0", "0", "0", "0", "0", "0", "0", "0", "0", "0", "0", "0" ],
            "B": [ 265, 266, 267, 268, 269, 270, 271, 272, 273, 274, "1", "1", "1", "1", "1", "1", "1", "1", "1", "1", "1", "1", "1", "1" ],
            "Y": [ 275, 276, 277, 278, 279, 280, 281, 282, 283, 284, 474, 475, 476, 477, 478, 479, 480, 481, 482, 483, 484, 485, 486, 487 ]
          }
        },
        "$sub$designs/101/top.sv:16$13": {
          "hide_name": 1,
          "type": "$sub",
          "parameters": {
            "A_SIGNED": "00000000000000000000000000000000",
            "A_WIDTH": "00000000000000000000000000011000",
            "B_SIGNED": "00000000000000000000000000000000",
            "B_WIDTH": "00000000000000000000000000001010",
            "Y_WIDTH": "00000000000000000000000000011000"
          },
          "attributes": {
            "src": "designs/101/top.sv:16.22-16.171"
          },
          "port_directions": {
            "A": "input",
            "B": "input",
            "Y": "output"
          },
          "connections": {
            "A": [ 285, 286, 287, 288, 289, 290, 291, 292, 293, 294, 474, 475, 476, 477, 478, 479, 480, 481, 482, 483, 484, 485, 486, 487 ],
            "B": [ 2, 3, 4, 5, 6, 7, 8, 9, 10, 11 ],
            "Y": [ 41, 42, 43, 44, 45, 46, 47, 48, 49, 50, 51, 52, 53, 54, 55, 56, 57, 58, 59, 60, 61, 62, 63, 64 ]
          }
        },
        "$sub$designs/101/top.sv:19$15": {
          "hide_name": 1,
          "type": "$sub",
          "parameters": {
            "A_SIGNED": "00000000000000000000000000000000",
            "A_WIDTH": "00000000000000000000000000011000",
            "B_SIGNED": "00000000000000000000000000000000",
            "B_WIDTH": "00000000000000000000000000001010",
            "Y_WIDTH": "00000000000000000000000000011000"
          },
          "attributes": {
            "src": "designs/101/top.sv:19.62-19.99"
          },
          "port_directions": {
            "A": "input",
            "B": "input",
            "Y": "output"
          },
          "connections": {
            "A": [ 295, 296, 297, 298, 299, 46, 47, 48, 49, 50, 51, 52, 53, 54, 55, 56, 57, 58, 59, 60, 61, 62, 63, 64 ],
            "B": [ 2, 3, 4, 5, 6, 7, 8, 9, 10, 11 ],
            "Y": [ 17, 18, 19, 20, 21, 22, 23, 24, 25, 26, 27, 28, 29, 30, 31, 32, 33, 34, 35, 36, 37, 38, 39, 40 ]
          }
        },
        "$sub$designs/101/top.sv:20$23": {
          "hide_name": 1,
          "type": "$sub",
          "parameters": {
            "A_SIGNED": "00000000000000000000000000000000",
            "A_WIDTH": "00000000000000000000000000001001",
            "B_SIGNED": "00000000000000000000000000000000",
            "B_WIDTH": "00000000000000000000000000001001",
            "Y_WIDTH": "00000000000000000000000000001001"
          },
          "attributes": {
            "src": "designs/101/top.sv:20.25-20.55"
          },
          "port_directions": {
            "A": "input",
            "B": "input",
            "Y": "output"
          },
          "connections": {
            "A": [ 41, 42, 43, 44, 45, 46, 47, 48, 49 ],
            "B": [ 2, 3, 4, 5, 6, 7, 8, 9, 10 ],
            "Y": [ 488, 489, 490, 491, 492, 493, 494, 495, 496 ]
          }
        },
        "$sub$designs/101/top.sv:20$26": {
          "hide_name": 1,
          "type": "$sub",
          "parameters": {
            "A_SIGNED": "00000000000000000000000000000000",
            "A_WIDTH": "00000000000000000000000000001001",
            "B_SIGNED": "00000000000000000000000000000000",
            "B_WIDTH": "00000000000000000000000000001001",
            "Y_WIDTH": "00000000000000000000000000001001"
          },
          "attributes": {
            "src": "designs/101/top.sv:20.24-20.75"
          },
          "port_directions": {
            "A": "input",
            "B": "input",
            "Y": "output"
          },
          "connections": {
            "A": [ 488, 489, 490, 491, 492, 493, 494, 495, 496 ],
            "B": [ 310, 311, 312, 313, 314, 315, 316, 317, "1" ],
            "Y": [ 217, 218, 219, 220, 221, 222, 223, 224, 225 ]
          }
        },
        "$sub$designs/101/top.sv:25$38": {
          "hide_name": 1,
          "type": "$sub",
          "parameters": {
            "A_SIGNED": "00000000000000000000000000000000",
            "A_WIDTH": "00000000000000000000000000001001",
            "B_SIGNED": "00000000000000000000000000000000",
            "B_WIDTH": "00000000000000000000000000001111",
            "Y_WIDTH": "00000000000000000000000000010000"
          },
          "attributes": {
            "src": "designs/101/top.sv:25.27-25.48"
          },
          "port_directions": {
            "A": "input",
            "B": "input",
            "Y": "output"
          },
          "connections": {
            "A": [ 260, 261, 262, 263, 264, 327, 328, 329, 330 ],
            "B": [ 142, 143, 144, 145, 146, 147, 148, 149, 150, 151, 152, 153, 154, 155, 156 ],
            "Y": [ 361, 362, 363, 364, 365, 366, 367, 368, 369, 370, 371, 372, 373, 374, 375, 376 ]
          }
        },
        "$sub$designs/101/top.sv:25$40": {
          "hide_name": 1,
          "type": "$sub",
          "parameters": {
            "A_SIGNED": "00000000000000000000000000000000",
            "A_WIDTH": "00000000000000000000000000010110",
            "B_SIGNED": "00000000000000000000000000000000",
            "B_WIDTH": "00000000000000000000000000000001",
            "Y_WIDTH": "00000000000000000000000000010110"
          },
          "attributes": {
            "src": "designs/101/top.sv:25.25-25.68"
          },
          "port_directions": {
            "A": "input",
            "B": "input",
            "Y": "output"
          },
          "connections": {
            "A": [ 377, 378, 379, 380, 381, 382, 383, 384, 385, 386, 387, 388, 389, 390, 391, 392, 393, 394, 395, 396, 397, 398 ],
            "B": [ 360 ],
            "Y": [ 89, 90, 91, 92, 93, 94, 95, 96, 97, 98, 99, 100, 101, 102, 103, 104, 105, 106, 107, 108, 109, 110 ]
          }
        },
        "$sub$designs/101/top.sv:25$42": {
          "hide_name": 1,
          "type": "$sub",
          "parameters": {
            "A_SIGNED": "00000000000000000000000000000000",
            "A_WIDTH": "00000000000000000000000000010110",
            "B_SIGNED": "00000000000000000000000000000000",
            "B_WIDTH": "00000000000000000000000000000110",
            "Y_WIDTH": "00000000000000000000000000010110"
          },
          "attributes": {
            "src": "designs/101/top.sv:25.23-25.98"
          },
          "port_directions": {
            "A": "input",
            "B": "input",
            "Y": "output"
          },
          "connections": {
            "A": [ 117, 118, 119, 120, 121, 122, 123, 124, 125, 126, 127, 128, 129, 130, 131, 132, 133, 134, 135, 136, 137, 138 ],
            "B": [ 263, 264, 327, 328, 329, 330 ],
            "Y": [ 235, 236, 237, 238, 239, 240, 241, 242, 243, 244, 497, 498, 499, 500, 501, 502, 503, 504, 505, 506, 507, 508 ]
          }
        },
        "$ternary$designs/101/top.sv:19$22": {
          "hide_name": 1,
          "type": "$mux",
          "parameters": {
            "WIDTH": "00000000000000000000000000010010"
          },
          "attributes": {
            "src": "designs/101/top.sv:19.21-19.150"
          },
          "port_directions": {
            "A": "input",
            "B": "input",
            "S": "input",
            "Y": "output"
          },
          "connections": {
            "A": [ 199, 200, 201, 202, 203, 204, 205, 206, 207, 208, 209, 210, 211, 212, 213, 214, 215, 216 ],
            "B": [ 41, 42, 43, 44, 45, 46, 47, 48, 49, 50, 51, 52, 53, 54, 55, 56, 57, 58 ],
            "S": [ 424 ],
            "Y": [ 139, 140, 141, 142, 143, 144, 145, 146, 147, 148, 149, 150, 151, 152, 153, 154, 155, 156 ]
          }
        },
        "$xor$designs/101/top.sv:28$59": {
          "hide_name": 1,
          "type": "$xor",
          "parameters": {
            "A_SIGNED": "00000000000000000000000000000000",
            "A_WIDTH": "00000000000000000000000000010110",
            "B_SIGNED": "00000000000000000000000000000000",
            "B_WIDTH": "00000000000000000000000000010110",
            "Y_WIDTH": "00000000000000000000000000010110"
          },
          "attributes": {
            "src": "designs/101/top.sv:28.22-28.74"
          },
          "port_directions": {
            "A": "input",
            "B": "input",
            "Y": "output"
          },
          "connections": {
            "A": [ 425, 426, 427, 428, 429, 430, 431, 432, 433, 434, 435, 436, 437, 438, 439, 440, 441, 442, 443, 444, 445, 446 ],
            "B": [ 41, 42, 43, 44, 45, 46, 47, 48, 49, 50, 51, 52, 53, 54, 55, 56, 57, 58, 59, 60, 61, 62 ],
            "Y": [ 447, 448, 449, 450, 451, 452, 453, 454, 455, 456, 457, 458, 459, 460, 461, 462, 463, 464, 465, 466, 467, 468 ]
          }
        }
      },
      "netnames": {
        "$add$designs/101/top.sv:19$16_Y": {
          "hide_name": 1,
          "bits": [ 65, 66, 67, 68, 69, 70, 71, 72, 73, 74, 75, 76, 77, 78, 79, 80, 81, 82, 83, 84, 85, 86, 87, 88 ],
          "attributes": {
            "src": "designs/101/top.sv:19.61-19.109"
          }
        },
        "$add$designs/101/top.sv:25$41_Y": {
          "hide_name": 1,
          "bits": [ 117, 118, 119, 120, 121, 122, 123, 124 ],
          "attributes": {
          }
        },
        "$add$designs/101/top.sv:28$56_Y": {
          "hide_name": 1,
          "bits": [ 157, 158, 159 ],
          "attributes": {
          }
        },
        "$and$designs/101/top.sv:19$19_Y": {
          "hide_name": 1,
          "bits": [ 199, 200, 201, 202, 203, 204, 205, 206, 207, 208, 209, 210, 211, 212, 213, 214, 215, 216, 509, 510, 511, 512, 513, 514 ],
          "attributes": {
            "src": "designs/101/top.sv:19.58-19.149",
            "unused_bits": "18 19 20 21 22 23"
          }
        },
        "$and$designs/101/top.sv:20$27_Y": {
          "hide_name": 1,
          "bits": [ 226, 227, 228, 229, 230, 231, 232, 233, 234, 515, 516, 517, 518, 519, 520, 521, 522, 523 ],
          "attributes": {
            "src": "designs/101/top.sv:20.23-20.85",
            "unused_bits": "9 10 11 12 13 14 15 16 17"
          }
        },
        "$auto$opt_expr.cc:205:group_cell_inputs$69": {
          "hide_name": 1,
          "bits": [ 265, 266, 267, 268, 269, 270, 271, 272, 273, 274 ],
          "attributes": {
          }
        },
        "$auto$opt_expr.cc:205:group_cell_inputs$81": {
          "hide_name": 1,
          "bits": [ 285, 286, 287, 288, 289, 290, 291, 292, 293, 294 ],
          "attributes": {
          }
        },
        "$auto$opt_expr.cc:205:group_cell_inputs$83": {
          "hide_name": 1,
          "bits": [ 474, 475, 476, 477, 478, 479, 480, 481, 482, 483, 484, 485, 486, 487 ],
          "attributes": {
          }
        },
        "$auto$opt_expr.cc:205:group_cell_inputs$84": {
          "hide_name": 1,
          "bits": [ 295, 296, 297, 298, 299 ],
          "attributes": {
          }
        },
        "$auto$opt_expr.cc:205:group_cell_inputs$87": {
          "hide_name": 1,
          "bits": [ 181, 182, 183, 184, 185, 186, 187, 188, 189, 190 ],
          "attributes": {
          }
        },
        "$auto$opt_expr.cc:205:group_cell_inputs$89": {
          "hide_name": 1,
          "bits": [ 191, 192, 193, 194, 195, 196, 197, 198 ],
          "attributes": {
          }
        },
        "$auto$opt_expr.cc:205:group_cell_inputs$90": {
          "hide_name": 1,
          "bits": [ 310, 311, 312, 313, 314, 315, 316, 317 ],
          "attributes": {
          }
        },
        "$auto$opt_expr.cc:205:group_cell_inputs$97": {
          "hide_name": 1,
          "bits": [ 336 ],
          "attributes": {
          }
        },
        "$auto$wreduce.cc:514:run$62": {
          "hide_name": 1,
          "bits": [ 255, 256, 257, 258, 259, 469, 470, 471, 472, 473, 524, 525, 526, 527, 528, 529, 530, 531, 532, 533, 534, 535 ],
          "attributes": {
            "src": "designs/101/top.sv:30.28-30.44",
            "unused_bits": "5 6 7 8 9 10 11 12 13 14 15 16 17 18 19 20 21"
          }
        },
        "$auto$wreduce.cc:514:run$64": {
          "hide_name": 1,
          "bits": [ 157, 158, 159, 160, 161, 162, 163, 164, 165, 166, 167, 168, 169, 170, 171, 172, 173, 174, 175, 176, 177, 178, 179, 180 ],
          "attributes": {
            "src": "designs/101/top.sv:28.34-28.49"
          }
        },
        "$auto$wreduce.cc:514:run$66": {
          "hide_name": 1,
          "bits": [ 117, 118, 119, 120, 121, 122, 123, 124, 125, 126, 127, 128, 129, 130, 131, 132, 133, 134, 135, 136, 137, 138, 536, 537 ],
          "attributes": {
            "src": "designs/101/top.sv:25.24-25.83",
            "unused_bits": "22 23"
          }
        },
        "$ge$designs/101/top.sv:24$35_Y": {
          "hide_name": 1,
          "bits": [ 338, "0", "0", "0", "0", "0", "0", "0", "0", "0", "0", "0", "0", "0", "0", "0", "0", "0", "0", "0", "0" ],
          "attributes": {
            "src": "designs/101/top.sv:24.23-24.109"
          }
        },
        "$gt$designs/101/top.sv:24$33_Y": {
          "hide_name": 1,
          "bits": [ 334 ],
          "attributes": {
            "src": "designs/101/top.sv:24.41-24.74"
          }
        },
        "$mul$designs/101/top.sv:19$17_Y": {
          "hide_name": 1,
          "bits": [ 300, 301, 302, 303, 304, 305, 306, 307, 308, 309, 191, 192, 193, 194, 195, 196, 197, 198, 538, 539, 540, 541, 542, 543 ],
          "attributes": {
            "src": "designs/101/top.sv:19.60-19.125",
            "unused_bits": "18 19 20 21 22 23"
          }
        },
        "$mul$designs/101/top.sv:25$39_Y": {
          "hide_name": 1,
          "bits": [ 377, 378, 379, 380, 381, 382, 383, 384, 385, 386, 387, 388, 389, 390, 391, 392, 393, 394, 395, 396, 397, 398, 544, 545 ],
          "attributes": {
            "src": "designs/101/top.sv:25.26-25.58",
            "unused_bits": "22 23"
          }
        },
        "$not$designs/101/top.sv:22$30_Y": {
          "hide_name": 1,
          "bits": [ 399, 400, 401, 402, 403, 404, 405, 406, 407, 408, 409, 410, 546, 547, 548, 549, 550, 551, 552, 553, 554, 555, 556, 557, 558, 559 ],
          "attributes": {
            "src": "designs/101/top.sv:22.38-22.45",
            "unused_bits": "12 13 14 15 16 17 18 19 20 21 22 23 24 25"
          }
        },
        "$not$designs/101/top.sv:24$36_Y": {
          "hide_name": 1,
          "bits": [ 339, 340, 341, 342, 343, 344, 345, 346, 347, 348, 349, 350, 351, 352, 353, 354, 355, 356, 357, 358, 359 ],
          "attributes": {
            "src": "designs/101/top.sv:24.115-24.128"
          }
        },
        "$not$designs/101/top.sv:28$57_Y": {
          "hide_name": 1,
          "bits": [ 412, 413, 414, 415, 416, 417, 418, 419, 420, 421, 422, 423 ],
          "attributes": {
            "src": "designs/101/top.sv:28.56-28.63"
          }
        },
        "$or$designs/101/top.sv:22$31_Y": {
          "hide_name": 1,
          "bits": [ 318, 319, 320, 321, 322, 323, 324, 325, 326, 411, 335, 337, 560, 561, 562, 563, 564, 565, 566, 567, 568, 569, 570, 571, 572, 573 ],
          "attributes": {
            "src": "designs/101/top.sv:22.28-22.46",
            "unused_bits": "12 13 14 15 16 17 18 19 20 21 22 23 24 25"
          }
        },
        "$reduce_bool$designs/101/top.sv:19$20_Y": {
          "hide_name": 1,
          "bits": [ 424 ],
          "attributes": {
            "src": "designs/101/top.sv:19.21-19.150"
          }
        },
        "$shl$designs/101/top.sv:28$58_Y": {
          "hide_name": 1,
          "bits": [ 425, 426, 427, 428, 429, 430, 431, 432, 433, 434, 435, 436, 437, 438, 439, 440, 441, 442, 443, 444, 445, 446, 574, 575 ],
          "attributes": {
            "src": "designs/101/top.sv:28.23-28.64",
            "unused_bits": "22 23"
          }
        },
        "$sub$designs/101/top.sv:16$11_Y": {
          "hide_name": 1,
          "bits": [ 275, 276, 277, 278, 279, 280, 281, 282, 283, 284, 474, 475, 476, 477, 478, 479, 480, 481, 482, 483, 484, 485, 486, 487 ],
          "attributes": {
            "src": "designs/101/top.sv:16.24-16.143"
          }
        },
        "$sub$designs/101/top.sv:19$15_Y": {
          "hide_name": 1,
          "bits": [ 17, 18, 19, 20, 21, 22, 23, 24, 25, 26, 27, 28, 29, 30, 31, 32, 33, 34, 35, 36, 37, 38, 39, 40 ],
          "attributes": {
            "src": "designs/101/top.sv:19.62-19.99"
          }
        },
        "$sub$designs/101/top.sv:20$23_Y": {
          "hide_name": 1,
          "bits": [ 488, 489, 490, 491, 492, 493, 494, 495, 496, 576, 577, 578, 579, 580, 581, 582, 583, 583 ],
          "attributes": {
            "src": "designs/101/top.sv:20.25-20.55",
            "unused_bits": "9 10 11 12 13 14 15 16 17"
          }
        },
        "$sub$designs/101/top.sv:20$26_Y": {
          "hide_name": 1,
          "bits": [ 217, 218, 219, 220, 221, 222, 223, 224, 225, 584, 585, 586, 587, 588, 589, 590, 591, 592 ],
          "attributes": {
            "src": "designs/101/top.sv:20.24-20.75",
            "unused_bits": "9 10 11 12 13 14 15 16 17"
          }
        },
        "$sub$designs/101/top.sv:25$38_Y": {
          "hide_name": 1,
          "bits": [ 361, 362, 363, 364, 365, 366, 367, 368, 369, 370, 371, 372, 373, 374, 375, 376, 376, 376, 376, 376, 376, 376, 376, 376 ],
          "attributes": {
            "src": "designs/101/top.sv:25.27-25.48"
          }
        },
        "$sub$designs/101/top.sv:25$40_Y": {
          "hide_name": 1,
          "bits": [ 89, 90, 91, 92, 93, 94, 95, 96, 97, 98, 99, 100, 101, 102, 103, 104, 105, 106, 107, 108, 109, 110, 593, 594 ],
          "attributes": {
            "src": "designs/101/top.sv:25.25-25.68",
            "unused_bits": "22 23"
          }
        },
        "$sub$designs/101/top.sv:25$42_Y": {
          "hide_name": 1,
          "bits": [ 235, 236, 237, 238, 239, 240, 241, 242, 243, 244, 497, 498, 499, 500, 501, 502, 503, 504, 505, 506, 507, 508, 595, 596 ],
          "attributes": {
            "src": "designs/101/top.sv:25.23-25.98",
            "unused_bits": "10 11 12 13 14 15 16 17 18 19 20 21 22 23"
          }
        },
        "expr_674035": {
          "hide_name": 0,
          "bits": [ 111, 112, 113, 114, 115, 116, 331, 332, 333, 411, 335, 337, "x", "x", "x", "x", "x", "x", "x", "x", "x", "x", "x", "x", "x", "x" ],
          "attributes": {
            "src": "designs/101/top.sv:21.18-21.29"
          }
        },
        "expr_910856": {
          "hide_name": 0,
          "bits": [ 41, 42, 43, 44, 45, 46, 47, 48, 49, 50, 51, 52, 53, 54, 55, 56, 57, 58, 59, 60, 61, 62, 63, 64 ],
          "attributes": {
            "src": "designs/101/top.sv:17.18-17.29"
          }
        },
        "input_data": {
          "hide_name": 0,
          "bits": [ 2, 3, 4, 5, 6, 7, 8, 9, 10, 11 ],
          "attributes": {
            "src": "designs/101/top.sv:2.17-2.27"
          }
        },
        "output_data": {
          "hide_name": 0,
          "bits": [ 12, 13, 14, 15, 16, "0", "0", "0", "0", "0" ],
          "attributes": {
            "src": "designs/101/top.sv:3.18-3.29"
          }
        },
        "temp_1": {
          "hide_name": 0,
          "bits": [ 139, 140, 141, 142, 143, 144, 145, 146, 147, 148, 149, 150, 151, 152, 153, 154, 155, 156 ],
          "attributes": {
            "src": "designs/101/top.sv:7.18-7.24"
          }
        },
        "temp_2": {
          "hide_name": 0,
          "bits": [ 260, 261, 262, 263, 264, 327, 328, 329, 330 ],
          "attributes": {
            "src": "designs/101/top.sv:8.17-8.23"
          }
        },
        "temp_4": {
          "hide_name": 0,
          "bits": [ 360 ],
          "attributes": {
            "single_bit_vector": "00000000000000000000000000000001",
            "src": "designs/101/top.sv:10.17-10.23"
          }
        },
        "temp_5": {
          "hide_name": 0,
          "bits": [ 245, 246, 247, 248, 249, 250, 251, 252, 253, 254, "0", "0", "0", "0", "0", "0", "0", "0", "0", "0", "0", "0" ],
          "attributes": {
            "src": "designs/101/top.sv:11.18-11.24"
          }
        },
        "temp_8": {
          "hide_name": 0,
          "bits": [ 447, 448, 449, 450, 451, 452, 453, 454, 455, 456, 457, 458, 459, 460, 461, 462, 463, 464, 465, 466, 467, 468 ],
          "attributes": {
            "src": "designs/101/top.sv:14.18-14.24"
          }
        }
      }
    }
  }
}
