{
  "creator": "Yosys 0.60 (git sha1 5bafeb77dc71e054fa331ab9efa613e6fb0a1c49, clang++ 17.0.0 -fPIC -O3)",
  "modules": {
    "top": {
      "attributes": {
        "top": "00000000000000000000000000000001",
        "src": "designs/81/top.sv:1.1-32.10"
      },
      "ports": {
        "input_data": {
          "direction": "input",
          "bits": [ 2, 3, 4, 5 ]
        },
        "output_data": {
          "direction": "output",
          "bits": [ 6, 7, 8, 9, 10, 11, 12, 13, 14, 15, 16, 17, 18, 19, 20, 21, 22, 23, 24, 25, 26, 27, "0", "0", "0", "0", "0", "0", "0", "0", "0", "0" ]
        }
      },
      "cells": {
        "$add$designs/81/top.sv:18$3": {
          "hide_name": 1,
          "type": "$add",
          "parameters": {
            "A_SIGNED": "00000000000000000000000000000000",
            "A_WIDTH": "00000000000000000000000000000100",
            "B_SIGNED": "00000000000000000000000000000000",
            "B_WIDTH": "00000000000000000000000000000100",
            "Y_WIDTH": "00000000000000000000000000000100"
          },
          "attributes": {
            "src": "designs/81/top.sv:18.45-18.107"
          },
          "port_directions": {
            "A": "input",
            "B": "input",
            "Y": "output"
          },
          "connections": {
            "A": [ 2, 3, 4, 5 ],
            "B": [ 2, 3, 4, 5 ],
            "Y": [ 28, 29, 30, 31 ]
          }
        },
        "$add$designs/81/top.sv:19$12": {
          "hide_name": 1,
          "type": "$add",
          "parameters": {
            "A_SIGNED": "00000000000000000000000000000000",
            "A_WIDTH": "00000000000000000000000000000011",
            "B_SIGNED": "00000000000000000000000000000000",
            "B_WIDTH": "00000000000000000000000000000011",
            "Y_WIDTH": "00000000000000000000000000000011"
          },
          "attributes": {
            "src": "designs/81/top.sv:19.24-19.102"
          },
          "port_directions": {
            "A": "input",
            "B": "input",
            "Y": "output"
          },
          "connections": {
            "A": [ 32, 33, 34 ],
            "B": [ 35, 36, 37 ],
            "Y": [ 38, 39, 40 ]
          }
        },
        "$add$designs/81/top.sv:24$50": {
          "hide_name": 1,
          "type": "$add",
          "parameters": {
            "A_SIGNED": "00000000000000000000000000000000",
            "A_WIDTH": "00000000000000000000000000011111",
            "B_SIGNED": "00000000000000000000000000000000",
            "B_WIDTH": "00000000000000000000000000000100",
            "Y_WIDTH": "00000000000000000000000000011111"
          },
          "attributes": {
            "src": "designs/81/top.sv:24.39-24.89"
          },
          "port_directions": {
            "A": "input",
            "B": "input",
            "Y": "output"
          },
          "connections": {
            "A": [ 41, 42, 43, 44, 45, 46, 47, 48, 49, 50, 51, 52, 53, 54, 55, 56, 57, 58, 59, 60, 61, 62, 63, 64, 65, 66, 67, 68, 69, 70, 71 ],
            "B": [ 72, 73, 74, 75 ],
            "Y": [ 76, 77, 78, 79, 80, 81, 82, 83, 84, 85, 86, 87, 88, 89, 90, 91, 92, 93, 94, 95, 96, 97, 98, 99, 100, 101, 102, 103, 104, 105, 106 ]
          }
        },
        "$add$designs/81/top.sv:24$55": {
          "hide_name": 1,
          "type": "$add",
          "parameters": {
            "A_SIGNED": "00000000000000000000000000000000",
            "A_WIDTH": "00000000000000000000000000010101",
            "B_SIGNED": "00000000000000000000000000000000",
            "B_WIDTH": "00000000000000000000000000001010",
            "Y_WIDTH": "00000000000000000000000000010101"
          },
          "attributes": {
            "src": "designs/81/top.sv:24.34-24.147"
          },
          "port_directions": {
            "A": "input",
            "B": "input",
            "Y": "output"
          },
          "connections": {
            "A": [ 107, 108, 109, "0", "0", "0", "0", "0", "0", "0", "0", "0", "0", "0", "0", "0", "0", "0", "0", "0", "0" ],
            "B": [ 110, 111, 112, 113, 114, 115, 116, 117, 118, 119 ],
            "Y": [ 120, 121, 122, 123, 124, 125, 126, 127, 128, 129, 130, 131, 132, 133, 134, 135, 136, 137, 138, 139, 140 ]
          }
        },
        "$add$designs/81/top.sv:24$57": {
          "hide_name": 1,
          "type": "$add",
          "parameters": {
            "A_SIGNED": "00000000000000000000000000000000",
            "A_WIDTH": "00000000000000000000000000010101",
            "B_SIGNED": "00000000000000000000000000000000",
            "B_WIDTH": "00000000000000000000000000000001",
            "Y_WIDTH": "00000000000000000000000000010101"
          },
          "attributes": {
            "src": "designs/81/top.sv:24.32-24.167"
          },
          "port_directions": {
            "A": "input",
            "B": "input",
            "Y": "output"
          },
          "connections": {
            "A": [ 141, 142, 143, 144, "0", "0", "0", "0", "0", "0", "0", "0", "0", "0", "0", "0", "0", "0", "0", "0", "0" ],
            "B": [ 145 ],
            "Y": [ 146, 147, 148, 149, 150, 151, 152, 153, 154, 155, 156, 157, 158, 159, 160, 161, 162, 163, 164, 165, 166 ]
          }
        },
        "$and$designs/81/top.sv:18$6": {
          "hide_name": 1,
          "type": "$and",
          "parameters": {
            "A_SIGNED": "00000000000000000000000000000000",
            "A_WIDTH": "00000000000000000000000000000100",
            "B_SIGNED": "00000000000000000000000000000000",
            "B_WIDTH": "00000000000000000000000000000100",
            "Y_WIDTH": "00000000000000000000000000000100"
          },
          "attributes": {
            "src": "designs/81/top.sv:18.32-18.150"
          },
          "port_directions": {
            "A": "input",
            "B": "input",
            "Y": "output"
          },
          "connections": {
            "A": [ 167, 168, 169, 170 ],
            "B": [ 2, 3, 4, 5 ],
            "Y": [ 72, 73, 74, 75 ]
          }
        },
        "$and$designs/81/top.sv:19$10": {
          "hide_name": 1,
          "type": "$and",
          "parameters": {
            "A_SIGNED": "00000000000000000000000000000000",
            "A_WIDTH": "00000000000000000000000000000011",
            "B_SIGNED": "00000000000000000000000000000000",
            "B_WIDTH": "00000000000000000000000000000011",
            "Y_WIDTH": "00000000000000000000000000000011"
          },
          "attributes": {
            "src": "designs/81/top.sv:19.25-19.89"
          },
          "port_directions": {
            "A": "input",
            "B": "input",
            "Y": "output"
          },
          "connections": {
            "A": [ 171, 172, 173 ],
            "B": [ 3, 4, 5 ],
            "Y": [ 32, 33, 34 ]
          }
        },
        "$and$designs/81/top.sv:19$14": {
          "hide_name": 1,
          "type": "$and",
          "parameters": {
            "A_SIGNED": "00000000000000000000000000000000",
            "A_WIDTH": "00000000000000000000000000000011",
            "B_SIGNED": "00000000000000000000000000000000",
            "B_WIDTH": "00000000000000000000000000000011",
            "Y_WIDTH": "00000000000000000000000000000011"
          },
          "attributes": {
            "src": "designs/81/top.sv:19.22-19.131"
          },
          "port_directions": {
            "A": "input",
            "B": "input",
            "Y": "output"
          },
          "connections": {
            "A": [ 174, 175, 176 ],
            "B": [ 3, 4, 5 ],
            "Y": [ 177, 178, 179 ]
          }
        },
        "$and$designs/81/top.sv:19$9": {
          "hide_name": 1,
          "type": "$and",
          "parameters": {
            "A_SIGNED": "00000000000000000000000000000000",
            "A_WIDTH": "00000000000000000000000000000011",
            "B_SIGNED": "00000000000000000000000000000000",
            "B_WIDTH": "00000000000000000000000000000011",
            "Y_WIDTH": "00000000000000000000000000000011"
          },
          "attributes": {
            "src": "designs/81/top.sv:19.26-19.70"
          },
          "port_directions": {
            "A": "input",
            "B": "input",
            "Y": "output"
          },
          "connections": {
            "A": [ 180, 181, 182 ],
            "B": [ 72, 73, 74 ],
            "Y": [ 171, 172, 173 ]
          }
        },
        "$auto$opt_expr.cc:250:group_cell_inputs$265": {
          "hide_name": 1,
          "type": "$not",
          "parameters": {
            "A_SIGNED": "00000000000000000000000000000000",
            "A_WIDTH": "00000000000000000000000000000001",
            "Y_WIDTH": "00000000000000000000000000000001"
          },
          "attributes": {
          },
          "port_directions": {
            "A": "input",
            "Y": "output"
          },
          "connections": {
            "A": [ 183 ],
            "Y": [ 184 ]
          }
        },
        "$auto$opt_expr.cc:250:group_cell_inputs$267": {
          "hide_name": 1,
          "type": "$not",
          "parameters": {
            "A_SIGNED": "00000000000000000000000000000000",
            "A_WIDTH": "00000000000000000000000000000001",
            "Y_WIDTH": "00000000000000000000000000000001"
          },
          "attributes": {
          },
          "port_directions": {
            "A": "input",
            "Y": "output"
          },
          "connections": {
            "A": [ 185 ],
            "Y": [ 186 ]
          }
        },
        "$auto$opt_expr.cc:250:group_cell_inputs$269": {
          "hide_name": 1,
          "type": "$not",
          "parameters": {
            "A_SIGNED": "00000000000000000000000000000000",
            "A_WIDTH": "00000000000000000000000000000001",
            "Y_WIDTH": "00000000000000000000000000000001"
          },
          "attributes": {
          },
          "port_directions": {
            "A": "input",
            "Y": "output"
          },
          "connections": {
            "A": [ 187 ],
            "Y": [ 188 ]
          }
        },
        "$auto$opt_expr.cc:250:group_cell_inputs$314": {
          "hide_name": 1,
          "type": "$not",
          "parameters": {
            "A_SIGNED": "00000000000000000000000000000000",
            "A_WIDTH": "00000000000000000000000000000001",
            "Y_WIDTH": "00000000000000000000000000000001"
          },
          "attributes": {
          },
          "port_directions": {
            "A": "input",
            "Y": "output"
          },
          "connections": {
            "A": [ 189 ],
            "Y": [ 190 ]
          }
        },
        "$auto$opt_expr.cc:250:group_cell_inputs$316": {
          "hide_name": 1,
          "type": "$not",
          "parameters": {
            "A_SIGNED": "00000000000000000000000000000000",
            "A_WIDTH": "00000000000000000000000000000001",
            "Y_WIDTH": "00000000000000000000000000000001"
          },
          "attributes": {
          },
          "port_directions": {
            "A": "input",
            "Y": "output"
          },
          "connections": {
            "A": [ 191 ],
            "Y": [ 192 ]
          }
        },
        "$auto$opt_expr.cc:250:group_cell_inputs$318": {
          "hide_name": 1,
          "type": "$not",
          "parameters": {
            "A_SIGNED": "00000000000000000000000000000000",
            "A_WIDTH": "00000000000000000000000000000001",
            "Y_WIDTH": "00000000000000000000000000000001"
          },
          "attributes": {
          },
          "port_directions": {
            "A": "input",
            "Y": "output"
          },
          "connections": {
            "A": [ 193 ],
            "Y": [ 194 ]
          }
        },
        "$auto$opt_expr.cc:276:group_cell_inputs$104": {
          "hide_name": 1,
          "type": "$and",
          "parameters": {
            "A_SIGNED": "00000000000000000000000000000000",
            "A_WIDTH": "00000000000000000000000000000011",
            "B_SIGNED": "00000000000000000000000000000000",
            "B_WIDTH": "00000000000000000000000000000011",
            "Y_WIDTH": "00000000000000000000000000000011"
          },
          "attributes": {
          },
          "port_directions": {
            "A": "input",
            "B": "input",
            "Y": "output"
          },
          "connections": {
            "A": [ 72, 73, 74 ],
            "B": [ 177, 178, 179 ],
            "Y": [ 195, 196, 197 ]
          }
        },
        "$auto$opt_expr.cc:276:group_cell_inputs$108": {
          "hide_name": 1,
          "type": "$xor",
          "parameters": {
            "A_SIGNED": "00000000000000000000000000000000",
            "A_WIDTH": "00000000000000000000000000000001",
            "B_SIGNED": "00000000000000000000000000000000",
            "B_WIDTH": "00000000000000000000000000000001",
            "Y_WIDTH": "00000000000000000000000000000001"
          },
          "attributes": {
          },
          "port_directions": {
            "A": "input",
            "B": "input",
            "Y": "output"
          },
          "connections": {
            "A": [ 145 ],
            "B": [ 72 ],
            "Y": [ 198 ]
          }
        },
        "$auto$opt_expr.cc:276:group_cell_inputs$111": {
          "hide_name": 1,
          "type": "$xor",
          "parameters": {
            "A_SIGNED": "00000000000000000000000000000000",
            "A_WIDTH": "00000000000000000000000000000001",
            "B_SIGNED": "00000000000000000000000000000000",
            "B_WIDTH": "00000000000000000000000000000001",
            "Y_WIDTH": "00000000000000000000000000000001"
          },
          "attributes": {
          },
          "port_directions": {
            "A": "input",
            "B": "input",
            "Y": "output"
          },
          "connections": {
            "A": [ 198 ],
            "B": [ 145 ],
            "Y": [ 199 ]
          }
        },
        "$auto$opt_expr.cc:276:group_cell_inputs$114": {
          "hide_name": 1,
          "type": "$xor",
          "parameters": {
            "A_SIGNED": "00000000000000000000000000000000",
            "A_WIDTH": "00000000000000000000000000000001",
            "B_SIGNED": "00000000000000000000000000000000",
            "B_WIDTH": "00000000000000000000000000000001",
            "Y_WIDTH": "00000000000000000000000000000001"
          },
          "attributes": {
          },
          "port_directions": {
            "A": "input",
            "B": "input",
            "Y": "output"
          },
          "connections": {
            "A": [ 199 ],
            "B": [ 145 ],
            "Y": [ 200 ]
          }
        },
        "$auto$opt_expr.cc:276:group_cell_inputs$117": {
          "hide_name": 1,
          "type": "$not",
          "parameters": {
            "A_SIGNED": "00000000000000000000000000000000",
            "A_WIDTH": "00000000000000000000000000000011",
            "Y_WIDTH": "00000000000000000000000000000011"
          },
          "attributes": {
          },
          "port_directions": {
            "A": "input",
            "Y": "output"
          },
          "connections": {
            "A": [ 177, 178, 179 ],
            "Y": [ 201, 202, 203 ]
          }
        },
        "$auto$opt_expr.cc:276:group_cell_inputs$125": {
          "hide_name": 1,
          "type": "$not",
          "parameters": {
            "A_SIGNED": "00000000000000000000000000000000",
            "A_WIDTH": "00000000000000000000000000000010",
            "Y_WIDTH": "00000000000000000000000000000010"
          },
          "attributes": {
          },
          "port_directions": {
            "A": "input",
            "Y": "output"
          },
          "connections": {
            "A": [ 178, 179 ],
            "Y": [ 204, 205 ]
          }
        },
        "$auto$opt_expr.cc:276:group_cell_inputs$129": {
          "hide_name": 1,
          "type": "$xor",
          "parameters": {
            "A_SIGNED": "00000000000000000000000000000000",
            "A_WIDTH": "00000000000000000000000000000001",
            "B_SIGNED": "00000000000000000000000000000000",
            "B_WIDTH": "00000000000000000000000000000001",
            "Y_WIDTH": "00000000000000000000000000000001"
          },
          "attributes": {
          },
          "port_directions": {
            "A": "input",
            "B": "input",
            "Y": "output"
          },
          "connections": {
            "A": [ 145 ],
            "B": [ 204 ],
            "Y": [ 206 ]
          }
        },
        "$auto$opt_expr.cc:276:group_cell_inputs$132": {
          "hide_name": 1,
          "type": "$or",
          "parameters": {
            "A_SIGNED": "00000000000000000000000000000000",
            "A_WIDTH": "00000000000000000000000000001010",
            "B_SIGNED": "00000000000000000000000000000000",
            "B_WIDTH": "00000000000000000000000000001010",
            "Y_WIDTH": "00000000000000000000000000001010"
          },
          "attributes": {
          },
          "port_directions": {
            "A": "input",
            "B": "input",
            "Y": "output"
          },
          "connections": {
            "A": [ 207, 208, 209, 210, 211, 212, 213, 214, 215, 216 ],
            "B": [ 110, 111, 112, 113, 114, 115, 116, 117, 118, 119 ],
            "Y": [ 217, 218, 219, 220, 221, 222, 223, 224, 225, 226 ]
          }
        },
        "$auto$opt_expr.cc:276:group_cell_inputs$139": {
          "hide_name": 1,
          "type": "$or",
          "parameters": {
            "A_SIGNED": "00000000000000000000000000000000",
            "A_WIDTH": "00000000000000000000000000000001",
            "B_SIGNED": "00000000000000000000000000000000",
            "B_WIDTH": "00000000000000000000000000000001",
            "Y_WIDTH": "00000000000000000000000000000001"
          },
          "attributes": {
          },
          "port_directions": {
            "A": "input",
            "B": "input",
            "Y": "output"
          },
          "connections": {
            "A": [ 227 ],
            "B": [ 145 ],
            "Y": [ 228 ]
          }
        },
        "$auto$opt_expr.cc:276:group_cell_inputs$142": {
          "hide_name": 1,
          "type": "$xor",
          "parameters": {
            "A_SIGNED": "00000000000000000000000000000000",
            "A_WIDTH": "00000000000000000000000000000011",
            "B_SIGNED": "00000000000000000000000000000000",
            "B_WIDTH": "00000000000000000000000000000011",
            "Y_WIDTH": "00000000000000000000000000000011"
          },
          "attributes": {
          },
          "port_directions": {
            "A": "input",
            "B": "input",
            "Y": "output"
          },
          "connections": {
            "A": [ 228, 229, 230 ],
            "B": [ 177, 178, 179 ],
            "Y": [ 231, 232, 233 ]
          }
        },
        "$auto$opt_expr.cc:276:group_cell_inputs$149": {
          "hide_name": 1,
          "type": "$xor",
          "parameters": {
            "A_SIGNED": "00000000000000000000000000000000",
            "A_WIDTH": "00000000000000000000000000000100",
            "B_SIGNED": "00000000000000000000000000000000",
            "B_WIDTH": "00000000000000000000000000000100",
            "Y_WIDTH": "00000000000000000000000000000100"
          },
          "attributes": {
          },
          "port_directions": {
            "A": "input",
            "B": "input",
            "Y": "output"
          },
          "connections": {
            "A": [ 234, 235, 236, 237 ],
            "B": [ 72, 73, 74, 75 ],
            "Y": [ 238, 239, 240, 241 ]
          }
        },
        "$auto$opt_expr.cc:276:group_cell_inputs$156": {
          "hide_name": 1,
          "type": "$not",
          "parameters": {
            "A_SIGNED": "00000000000000000000000000000000",
            "A_WIDTH": "00000000000000000000000000000100",
            "Y_WIDTH": "00000000000000000000000000000100"
          },
          "attributes": {
          },
          "port_directions": {
            "A": "input",
            "Y": "output"
          },
          "connections": {
            "A": [ 72, 73, 74, 75 ],
            "Y": [ 242, 189, 191, 193 ]
          }
        },
        "$auto$opt_expr.cc:276:group_cell_inputs$160": {
          "hide_name": 1,
          "type": "$xor",
          "parameters": {
            "A_SIGNED": "00000000000000000000000000000000",
            "A_WIDTH": "00000000000000000000000000000100",
            "B_SIGNED": "00000000000000000000000000000000",
            "B_WIDTH": "00000000000000000000000000000100",
            "Y_WIDTH": "00000000000000000000000000000100"
          },
          "attributes": {
          },
          "port_directions": {
            "A": "input",
            "B": "input",
            "Y": "output"
          },
          "connections": {
            "A": [ 243, 190, 192, 194 ],
            "B": [ 2, 3, 4, 5 ],
            "Y": [ 244, 183, 185, 187 ]
          }
        },
        "$auto$opt_expr.cc:276:group_cell_inputs$163": {
          "hide_name": 1,
          "type": "$not",
          "parameters": {
            "A_SIGNED": "00000000000000000000000000000000",
            "A_WIDTH": "00000000000000000000000000000001",
            "Y_WIDTH": "00000000000000000000000000000001"
          },
          "attributes": {
          },
          "port_directions": {
            "A": "input",
            "Y": "output"
          },
          "connections": {
            "A": [ 145 ],
            "Y": [ 245 ]
          }
        },
        "$auto$opt_expr.cc:276:group_cell_inputs$170": {
          "hide_name": 1,
          "type": "$and",
          "parameters": {
            "A_SIGNED": "00000000000000000000000000000000",
            "A_WIDTH": "00000000000000000000000000000100",
            "B_SIGNED": "00000000000000000000000000000000",
            "B_WIDTH": "00000000000000000000000000000100",
            "Y_WIDTH": "00000000000000000000000000000100"
          },
          "attributes": {
          },
          "port_directions": {
            "A": "input",
            "B": "input",
            "Y": "output"
          },
          "connections": {
            "A": [ 246, 247, 248, 249 ],
            "B": [ 2, 3, 4, 5 ],
            "Y": [ 250, 251, 252, 253 ]
          }
        },
        "$auto$opt_expr.cc:276:group_cell_inputs$174": {
          "hide_name": 1,
          "type": "$and",
          "parameters": {
            "A_SIGNED": "00000000000000000000000000000000",
            "A_WIDTH": "00000000000000000000000000000011",
            "B_SIGNED": "00000000000000000000000000000000",
            "B_WIDTH": "00000000000000000000000000000011",
            "Y_WIDTH": "00000000000000000000000000000011"
          },
          "attributes": {
          },
          "port_directions": {
            "A": "input",
            "B": "input",
            "Y": "output"
          },
          "connections": {
            "A": [ 250, 251, 252 ],
            "B": [ 177, 178, 179 ],
            "Y": [ 107, 108, 109 ]
          }
        },
        "$auto$opt_expr.cc:276:group_cell_inputs$213": {
          "hide_name": 1,
          "type": "$and",
          "parameters": {
            "A_SIGNED": "00000000000000000000000000000000",
            "A_WIDTH": "00000000000000000000000000000011",
            "B_SIGNED": "00000000000000000000000000000000",
            "B_WIDTH": "00000000000000000000000000000011",
            "Y_WIDTH": "00000000000000000000000000000011"
          },
          "attributes": {
          },
          "port_directions": {
            "A": "input",
            "B": "input",
            "Y": "output"
          },
          "connections": {
            "A": [ 200, 73, 74 ],
            "B": [ 201, 202, 203 ],
            "Y": [ 254, 255, 256 ]
          }
        },
        "$auto$opt_expr.cc:276:group_cell_inputs$216": {
          "hide_name": 1,
          "type": "$or",
          "parameters": {
            "A_SIGNED": "00000000000000000000000000000000",
            "A_WIDTH": "00000000000000000000000000000001",
            "B_SIGNED": "00000000000000000000000000000000",
            "B_WIDTH": "00000000000000000000000000000001",
            "Y_WIDTH": "00000000000000000000000000000001"
          },
          "attributes": {
          },
          "port_directions": {
            "A": "input",
            "B": "input",
            "Y": "output"
          },
          "connections": {
            "A": [ 238 ],
            "B": [ 245 ],
            "Y": [ 257 ]
          }
        },
        "$auto$opt_expr.cc:276:group_cell_inputs$263": {
          "hide_name": 1,
          "type": "$xor",
          "parameters": {
            "A_SIGNED": "00000000000000000000000000000000",
            "A_WIDTH": "00000000000000000000000000000001",
            "B_SIGNED": "00000000000000000000000000000000",
            "B_WIDTH": "00000000000000000000000000000001",
            "Y_WIDTH": "00000000000000000000000000000001"
          },
          "attributes": {
          },
          "port_directions": {
            "A": "input",
            "B": "input",
            "Y": "output"
          },
          "connections": {
            "A": [ 244 ],
            "B": [ 245 ],
            "Y": [ 258 ]
          }
        },
        "$auto$opt_expr.cc:276:group_cell_inputs$312": {
          "hide_name": 1,
          "type": "$xor",
          "parameters": {
            "A_SIGNED": "00000000000000000000000000000000",
            "A_WIDTH": "00000000000000000000000000000001",
            "B_SIGNED": "00000000000000000000000000000000",
            "B_WIDTH": "00000000000000000000000000000001",
            "Y_WIDTH": "00000000000000000000000000000001"
          },
          "attributes": {
          },
          "port_directions": {
            "A": "input",
            "B": "input",
            "Y": "output"
          },
          "connections": {
            "A": [ 257 ],
            "B": [ 242 ],
            "Y": [ 243 ]
          }
        },
        "$auto$opt_expr.cc:276:group_cell_inputs$321": {
          "hide_name": 1,
          "type": "$and",
          "parameters": {
            "A_SIGNED": "00000000000000000000000000000000",
            "A_WIDTH": "00000000000000000000000000000100",
            "B_SIGNED": "00000000000000000000000000000000",
            "B_WIDTH": "00000000000000000000000000000100",
            "Y_WIDTH": "00000000000000000000000000000100"
          },
          "attributes": {
          },
          "port_directions": {
            "A": "input",
            "B": "input",
            "Y": "output"
          },
          "connections": {
            "A": [ 120, 121, 122, 123 ],
            "B": [ 244, 183, 185, 187 ],
            "Y": [ 141, 142, 143, 144 ]
          }
        },
        "$auto$opt_expr.cc:276:group_cell_inputs$325": {
          "hide_name": 1,
          "type": "$or",
          "parameters": {
            "A_SIGNED": "00000000000000000000000000000000",
            "A_WIDTH": "00000000000000000000000000000100",
            "B_SIGNED": "00000000000000000000000000000000",
            "B_WIDTH": "00000000000000000000000000000100",
            "Y_WIDTH": "00000000000000000000000000000100"
          },
          "attributes": {
          },
          "port_directions": {
            "A": "input",
            "B": "input",
            "Y": "output"
          },
          "connections": {
            "A": [ 259, 260, 261, 262 ],
            "B": [ 244, 183, 185, 187 ],
            "Y": [ 263, 264, 265, 266 ]
          }
        },
        "$mul$designs/81/top.sv:19$8": {
          "hide_name": 1,
          "type": "$mul",
          "parameters": {
            "A_SIGNED": "00000000000000000000000000000001",
            "A_WIDTH": "00000000000000000000000000000100",
            "B_SIGNED": "00000000000000000000000000000001",
            "B_WIDTH": "00000000000000000000000000000101",
            "Y_WIDTH": "00000000000000000000000000000011"
          },
          "attributes": {
            "src": "designs/81/top.sv:19.27-19.60"
          },
          "port_directions": {
            "A": "input",
            "B": "input",
            "Y": "output"
          },
          "connections": {
            "A": [ 2, 3, 267, 268 ],
            "B": [ 72, 73, 74, 75, "0" ],
            "Y": [ 180, 181, 182 ]
          }
        },
        "$mul$designs/81/top.sv:20$16": {
          "hide_name": 1,
          "type": "$mul",
          "parameters": {
            "A_SIGNED": "00000000000000000000000000000000",
            "A_WIDTH": "00000000000000000000000000000100",
            "B_SIGNED": "00000000000000000000000000000000",
            "B_WIDTH": "00000000000000000000000000000011",
            "Y_WIDTH": "00000000000000000000000000000001"
          },
          "attributes": {
            "src": "designs/81/top.sv:20.24-20.50"
          },
          "port_directions": {
            "A": "input",
            "B": "input",
            "Y": "output"
          },
          "connections": {
            "A": [ 195, 196, 197, "0" ],
            "B": [ 177, 178, 179 ],
            "Y": [ 269 ]
          }
        },
        "$mul$designs/81/top.sv:21$25": {
          "hide_name": 1,
          "type": "$mul",
          "parameters": {
            "A_SIGNED": "00000000000000000000000000000000",
            "A_WIDTH": "00000000000000000000000000010001",
            "B_SIGNED": "00000000000000000000000000000000",
            "B_WIDTH": "00000000000000000000000000000100",
            "Y_WIDTH": "00000000000000000000000000001010"
          },
          "attributes": {
            "src": "designs/81/top.sv:21.22-21.116"
          },
          "port_directions": {
            "A": "input",
            "B": "input",
            "Y": "output"
          },
          "connections": {
            "A": [ 254, 255, 256, 75, "0", "0", "0", "0", "0", "0", "0", "0", "0", "0", "0", "0", "0" ],
            "B": [ 2, 3, 4, 5 ],
            "Y": [ 110, 111, 112, 113, 114, 115, 116, 117, 118, 119 ]
          }
        },
        "$mul$designs/81/top.sv:23$28": {
          "hide_name": 1,
          "type": "$mul",
          "parameters": {
            "A_SIGNED": "00000000000000000000000000000000",
            "A_WIDTH": "00000000000000000000000000011111",
            "B_SIGNED": "00000000000000000000000000000000",
            "B_WIDTH": "00000000000000000000000000000100",
            "Y_WIDTH": "00000000000000000000000000011000"
          },
          "attributes": {
            "src": "designs/81/top.sv:23.49-23.78"
          },
          "port_directions": {
            "A": "input",
            "B": "input",
            "Y": "output"
          },
          "connections": {
            "A": [ 206, 205, "1", "1", "1", "1", "1", "1", "1", "1", "1", "1", "1", "1", "1", "1", "1", "1", "1", "1", "1", "1", "1", "1", "1", "1", "1", "1", "1", "1", "1" ],
            "B": [ 72, 73, 74, 75 ],
            "Y": [ 207, 208, 209, 210, 211, 212, 213, 214, 215, 216, 270, 271, 272, 273, 274, 275, 276, 277, 278, 279, 280, 281, 282, 283 ]
          }
        },
        "$mul$designs/81/top.sv:24$49": {
          "hide_name": 1,
          "type": "$mul",
          "parameters": {
            "A_SIGNED": "00000000000000000000000000000000",
            "A_WIDTH": "00000000000000000000000000011111",
            "B_SIGNED": "00000000000000000000000000000000",
            "B_WIDTH": "00000000000000000000000000000001",
            "Y_WIDTH": "00000000000000000000000000011111"
          },
          "attributes": {
            "src": "designs/81/top.sv:24.40-24.74"
          },
          "port_directions": {
            "A": "input",
            "B": "input",
            "Y": "output"
          },
          "connections": {
            "A": [ 258, 184, 186, 188, "1", "1", "1", "1", "1", "1", "1", "1", "1", "1", "1", "1", "1", "1", "1", "1", "1", "1", "1", "1", "1", "1", "1", "1", "1", "1", "1" ],
            "B": [ 179 ],
            "Y": [ 41, 42, 43, 44, 45, 46, 47, 48, 49, 50, 51, 52, 53, 54, 55, 56, 57, 58, 59, 60, 61, 62, 63, 64, 65, 66, 67, 68, 69, 70, 71 ]
          }
        },
        "$mul$designs/81/top.sv:24$51": {
          "hide_name": 1,
          "type": "$mul",
          "parameters": {
            "A_SIGNED": "00000000000000000000000000000000",
            "A_WIDTH": "00000000000000000000000000011111",
            "B_SIGNED": "00000000000000000000000000000000",
            "B_WIDTH": "00000000000000000000000000000010",
            "Y_WIDTH": "00000000000000000000000000010101"
          },
          "attributes": {
            "src": "designs/81/top.sv:24.38-24.99"
          },
          "port_directions": {
            "A": "input",
            "B": "input",
            "Y": "output"
          },
          "connections": {
            "A": [ 76, 77, 78, 79, 80, 81, 82, 83, 84, 85, 86, 87, 88, 89, 90, 91, 92, 93, 94, 95, 96, 97, 98, 99, 100, 101, 102, 103, 104, 105, 106 ],
            "B": [ 178, 179 ],
            "Y": [ 284, 285, 286, 287, 288, 289, 290, 291, 292, 293, 294, 295, 296, 297, 298, 299, 300, 301, 302, 303, 304 ]
          }
        },
        "$mul$designs/81/top.sv:25$59": {
          "hide_name": 1,
          "type": "$mul",
          "parameters": {
            "A_SIGNED": "00000000000000000000000000000001",
            "A_WIDTH": "00000000000000000000000000001011",
            "B_SIGNED": "00000000000000000000000000000001",
            "B_WIDTH": "00000000000000000000000000000011",
            "Y_WIDTH": "00000000000000000000000000001110"
          },
          "attributes": {
            "src": "designs/81/top.sv:25.59-25.85"
          },
          "port_directions": {
            "A": "input",
            "B": "input",
            "Y": "output"
          },
          "connections": {
            "A": [ 305, 306, 307, 308, 309, 310, 311, 312, 313, 314, 315 ],
            "B": [ 178, 179, "0" ],
            "Y": [ 316, 317, 318, 319, 320, 321, 322, 323, 324, 325, 326, 327, 328, 329 ]
          }
        },
        "$mul$designs/81/top.sv:25$60": {
          "hide_name": 1,
          "type": "$mul",
          "parameters": {
            "A_SIGNED": "00000000000000000000000000000000",
            "A_WIDTH": "00000000000000000000000000011111",
            "B_SIGNED": "00000000000000000000000000000000",
            "B_WIDTH": "00000000000000000000000000000100",
            "Y_WIDTH": "00000000000000000000000000011111"
          },
          "attributes": {
            "src": "designs/81/top.sv:25.58-25.95"
          },
          "port_directions": {
            "A": "input",
            "B": "input",
            "Y": "output"
          },
          "connections": {
            "A": [ 316, 317, 318, 319, 320, 321, 322, 323, 324, 325, 326, 327, 328, 329, 329, 329, 329, 329, 329, 329, 329, 329, 329, 329, 329, 329, 329, 329, 329, 329, 329 ],
            "B": [ 72, 73, 74, 75 ],
            "Y": [ 259, 260, 261, 262, 330, 331, 332, 333, 334, 335, 336, 337, 338, 339, 340, 341, 342, 343, 344, 345, 346, 347, 348, 349, 350, 351, 352, 353, 354, 355, 356 ]
          }
        },
        "$mul$designs/81/top.sv:25$65": {
          "hide_name": 1,
          "type": "$mul",
          "parameters": {
            "A_SIGNED": "00000000000000000000000000000000",
            "A_WIDTH": "00000000000000000000000000011111",
            "B_SIGNED": "00000000000000000000000000000000",
            "B_WIDTH": "00000000000000000000000000000010",
            "Y_WIDTH": "00000000000000000000000000000010"
          },
          "attributes": {
            "src": "designs/81/top.sv:25.33-25.156"
          },
          "port_directions": {
            "A": "input",
            "B": "input",
            "Y": "output"
          },
          "connections": {
            "A": [ 357, 358, 359, 360, 361, 362, 363, 364, 365, 366, 367, 368, 369, 370, 371, 372, 373, 374, 375, 376, 377, 378, 379, 380, 381, 382, 383, 384, 385, 386, 387 ],
            "B": [ 2, 3 ],
            "Y": [ 388, 389 ]
          }
        },
        "$not$designs/81/top.sv:19$11": {
          "hide_name": 1,
          "type": "$not",
          "parameters": {
            "A_SIGNED": "00000000000000000000000000000000",
            "A_WIDTH": "00000000000000000000000000000011",
            "Y_WIDTH": "00000000000000000000000000000011"
          },
          "attributes": {
            "src": "designs/81/top.sv:19.94-19.101"
          },
          "port_directions": {
            "A": "input",
            "Y": "output"
          },
          "connections": {
            "A": [ 72, 73, 74 ],
            "Y": [ 35, 36, 37 ]
          }
        },
        "$or$designs/81/top.sv:18$5": {
          "hide_name": 1,
          "type": "$or",
          "parameters": {
            "A_SIGNED": "00000000000000000000000000000000",
            "A_WIDTH": "00000000000000000000000000000100",
            "B_SIGNED": "00000000000000000000000000000000",
            "B_WIDTH": "00000000000000000000000000000100",
            "Y_WIDTH": "00000000000000000000000000000100"
          },
          "attributes": {
            "src": "designs/81/top.sv:18.43-18.135"
          },
          "port_directions": {
            "A": "input",
            "B": "input",
            "Y": "output"
          },
          "connections": {
            "A": [ 390, 391, 392, 393 ],
            "B": [ 2, 3, 4, 5 ],
            "Y": [ 167, 168, 169, 170 ]
          }
        },
        "$or$designs/81/top.sv:19$13": {
          "hide_name": 1,
          "type": "$or",
          "parameters": {
            "A_SIGNED": "00000000000000000000000000000000",
            "A_WIDTH": "00000000000000000000000000000011",
            "B_SIGNED": "00000000000000000000000000000000",
            "B_WIDTH": "00000000000000000000000000000011",
            "Y_WIDTH": "00000000000000000000000000000011"
          },
          "attributes": {
            "src": "designs/81/top.sv:19.23-19.112"
          },
          "port_directions": {
            "A": "input",
            "B": "input",
            "Y": "output"
          },
          "connections": {
            "A": [ 38, 39, 40 ],
            "B": [ 72, 73, 74 ],
            "Y": [ 174, 175, 176 ]
          }
        },
        "$shl$designs/81/top.sv:30$91": {
          "hide_name": 1,
          "type": "$shl",
          "parameters": {
            "A_SIGNED": "00000000000000000000000000000000",
            "A_WIDTH": "00000000000000000000000000000010",
            "B_SIGNED": "00000000000000000000000000000000",
            "B_WIDTH": "00000000000000000000000000000010",
            "Y_WIDTH": "00000000000000000000000000010110"
          },
          "attributes": {
            "src": "designs/81/top.sv:30.42-30.75"
          },
          "port_directions": {
            "A": "input",
            "B": "input",
            "Y": "output"
          },
          "connections": {
            "A": [ "0", "0" ],
            "B": [ 394, 395 ],
            "Y": [ 6, 7, 8, 9, 10, 11, 12, 13, 14, 15, 16, 17, 18, 19, 20, 21, 22, 23, 24, 25, 26, 27 ]
          }
        },
        "$sub$designs/81/top.sv:19$7": {
          "hide_name": 1,
          "type": "$sub",
          "parameters": {
            "A_SIGNED": "00000000000000000000000000000000",
            "A_WIDTH": "00000000000000000000000000000001",
            "B_SIGNED": "00000000000000000000000000000000",
            "B_WIDTH": "00000000000000000000000000000001",
            "Y_WIDTH": "00000000000000000000000000000010"
          },
          "attributes": {
            "src": "designs/81/top.sv:19.28-19.50"
          },
          "port_directions": {
            "A": "input",
            "B": "input",
            "Y": "output"
          },
          "connections": {
            "A": [ 4 ],
            "B": [ "1" ],
            "Y": [ 267, 268 ]
          }
        },
        "$sub$designs/81/top.sv:20$18": {
          "hide_name": 1,
          "type": "$sub",
          "parameters": {
            "A_SIGNED": "00000000000000000000000000000000",
            "A_WIDTH": "00000000000000000000000000000001",
            "B_SIGNED": "00000000000000000000000000000000",
            "B_WIDTH": "00000000000000000000000000000001",
            "Y_WIDTH": "00000000000000000000000000000001"
          },
          "attributes": {
            "src": "designs/81/top.sv:20.22-20.79"
          },
          "port_directions": {
            "A": "input",
            "B": "input",
            "Y": "output"
          },
          "connections": {
            "A": [ 396 ],
            "B": [ 5 ],
            "Y": [ 145 ]
          }
        },
        "$sub$designs/81/top.sv:23$32": {
          "hide_name": 1,
          "type": "$sub",
          "parameters": {
            "A_SIGNED": "00000000000000000000000000000000",
            "A_WIDTH": "00000000000000000000000000011000",
            "B_SIGNED": "00000000000000000000000000000000",
            "B_WIDTH": "00000000000000000000000000011000",
            "Y_WIDTH": "00000000000000000000000000011000"
          },
          "attributes": {
            "src": "designs/81/top.sv:23.47-23.101"
          },
          "port_directions": {
            "A": "input",
            "B": "input",
            "Y": "output"
          },
          "connections": {
            "A": [ 217, 218, 219, 220, 221, 222, 223, 224, 225, 226, 270, 271, 272, 273, 274, 275, 276, 277, 278, 279, 280, 281, 282, 283 ],
            "B": [ 201, 202, 203, "1", "1", "1", "1", "1", "1", "1", "1", "1", "1", "1", "1", "1", "1", "1", "1", "1", "1", "1", "1", "1" ],
            "Y": [ 227, 229, 230, 397, 398, 399, 400, 401, 402, 403, 404, 405, 406, 407, 408, 409, 410, 411, 412, 413, 414, 415, 416, 417 ]
          }
        },
        "$sub$designs/81/top.sv:23$37": {
          "hide_name": 1,
          "type": "$sub",
          "parameters": {
            "A_SIGNED": "00000000000000000000000000000000",
            "A_WIDTH": "00000000000000000000000000011000",
            "B_SIGNED": "00000000000000000000000000000000",
            "B_WIDTH": "00000000000000000000000000011000",
            "Y_WIDTH": "00000000000000000000000000011000"
          },
          "attributes": {
            "src": "designs/81/top.sv:23.34-23.140"
          },
          "port_directions": {
            "A": "input",
            "B": "input",
            "Y": "output"
          },
          "connections": {
            "A": [ 231, 232, 233, 397, 398, 399, 400, 401, 402, 403, 404, 405, 406, 407, 408, 409, 410, 411, 412, 413, 414, 415, 416, 417 ],
            "B": [ 204, 205, "1", "1", "1", "1", "1", "1", "1", "1", "1", "1", "1", "1", "1", "1", "1", "1", "1", "1", "1", "1", "1", "1" ],
            "Y": [ 234, 235, 236, 237, 418, 419, 420, 421, 422, 423, 424, 425, 426, 427, 428, 429, 430, 431, 432, 433, 434, 435, 436, 437 ]
          }
        },
        "$sub$designs/81/top.sv:24$52": {
          "hide_name": 1,
          "type": "$sub",
          "parameters": {
            "A_SIGNED": "00000000000000000000000000000000",
            "A_WIDTH": "00000000000000000000000000010101",
            "B_SIGNED": "00000000000000000000000000000000",
            "B_WIDTH": "00000000000000000000000000000100",
            "Y_WIDTH": "00000000000000000000000000010101"
          },
          "attributes": {
            "src": "designs/81/top.sv:24.37-24.113"
          },
          "port_directions": {
            "A": "input",
            "B": "input",
            "Y": "output"
          },
          "connections": {
            "A": [ 284, 285, 286, 287, 288, 289, 290, 291, 292, 293, 294, 295, 296, 297, 298, 299, 300, 301, 302, 303, 304 ],
            "B": [ 2, 3, 4, 5 ],
            "Y": [ 246, 247, 248, 249, 438, 439, 440, 441, 442, 443, 444, 445, 446, 447, 448, 449, 450, 451, 452, 453, 454 ]
          }
        },
        "$sub$designs/81/top.sv:25$58": {
          "hide_name": 1,
          "type": "$sub",
          "parameters": {
            "A_SIGNED": "00000000000000000000000000000000",
            "A_WIDTH": "00000000000000000000000000001010",
            "B_SIGNED": "00000000000000000000000000000000",
            "B_WIDTH": "00000000000000000000000000000100",
            "Y_WIDTH": "00000000000000000000000000001011"
          },
          "attributes": {
            "src": "designs/81/top.sv:25.60-25.75"
          },
          "port_directions": {
            "A": "input",
            "B": "input",
            "Y": "output"
          },
          "connections": {
            "A": [ 110, 111, 112, 113, 114, 115, 116, 117, 118, 119 ],
            "B": [ 72, 73, 74, 75 ],
            "Y": [ 305, 306, 307, 308, 309, 310, 311, 312, 313, 314, 315 ]
          }
        },
        "$sub$designs/81/top.sv:25$62": {
          "hide_name": 1,
          "type": "$sub",
          "parameters": {
            "A_SIGNED": "00000000000000000000000000000000",
            "A_WIDTH": "00000000000000000000000000011111",
            "B_SIGNED": "00000000000000000000000000000000",
            "B_WIDTH": "00000000000000000000000000000011",
            "Y_WIDTH": "00000000000000000000000000011111"
          },
          "attributes": {
            "src": "designs/81/top.sv:25.46-25.116"
          },
          "port_directions": {
            "A": "input",
            "B": "input",
            "Y": "output"
          },
          "connections": {
            "A": [ 263, 264, 265, 266, 330, 331, 332, 333, 334, 335, 336, 337, 338, 339, 340, 341, 342, 343, 344, 345, 346, 347, 348, 349, 350, 351, 352, 353, 354, 355, 356 ],
            "B": [ 177, 178, 179 ],
            "Y": [ 455, 456, 457, 458, 459, 460, 461, 462, 463, 464, 465, 466, 467, 468, 469, 470, 471, 472, 473, 474, 475, 476, 477, 478, 479, 480, 481, 482, 483, 484, 485 ]
          }
        },
        "$sub$designs/81/top.sv:25$63": {
          "hide_name": 1,
          "type": "$sub",
          "parameters": {
            "A_SIGNED": "00000000000000000000000000000000",
            "A_WIDTH": "00000000000000000000000000011111",
            "B_SIGNED": "00000000000000000000000000000000",
            "B_WIDTH": "00000000000000000000000000010101",
            "Y_WIDTH": "00000000000000000000000000011111"
          },
          "attributes": {
            "src": "designs/81/top.sv:25.45-25.126"
          },
          "port_directions": {
            "A": "input",
            "B": "input",
            "Y": "output"
          },
          "connections": {
            "A": [ 455, 456, 457, 458, 459, 460, 461, 462, 463, 464, 465, 466, 467, 468, 469, 470, 471, 472, 473, 474, 475, 476, 477, 478, 479, 480, 481, 482, 483, 484, 485 ],
            "B": [ 146, 147, 148, 149, 150, 151, 152, 153, 154, 155, 156, 157, 158, 159, 160, 161, 162, 163, 164, 165, 166 ],
            "Y": [ 486, 487, 488, 489, 490, 491, 492, 493, 494, 495, 496, 497, 498, 499, 500, 501, 502, 503, 504, 505, 506, 507, 508, 509, 510, 511, 512, 513, 514, 515, 516 ]
          }
        },
        "$sub$designs/81/top.sv:25$64": {
          "hide_name": 1,
          "type": "$sub",
          "parameters": {
            "A_SIGNED": "00000000000000000000000000000000",
            "A_WIDTH": "00000000000000000000000000011111",
            "B_SIGNED": "00000000000000000000000000000000",
            "B_WIDTH": "00000000000000000000000000010101",
            "Y_WIDTH": "00000000000000000000000000011111"
          },
          "attributes": {
            "src": "designs/81/top.sv:25.44-25.136"
          },
          "port_directions": {
            "A": "input",
            "B": "input",
            "Y": "output"
          },
          "connections": {
            "A": [ 486, 487, 488, 489, 490, 491, 492, 493, 494, 495, 496, 497, 498, 499, 500, 501, 502, 503, 504, 505, 506, 507, 508, 509, 510, 511, 512, 513, 514, 515, 516 ],
            "B": [ 146, 147, 148, 149, 150, 151, 152, 153, 154, 155, 156, 157, 158, 159, 160, 161, 162, 163, 164, 165, 166 ],
            "Y": [ 357, 358, 359, 360, 361, 362, 363, 364, 365, 366, 367, 368, 369, 370, 371, 372, 373, 374, 375, 376, 377, 378, 379, 380, 381, 382, 383, 384, 385, 386, 387 ]
          }
        },
        "$xor$designs/81/top.sv:18$4": {
          "hide_name": 1,
          "type": "$xor",
          "parameters": {
            "A_SIGNED": "00000000000000000000000000000000",
            "A_WIDTH": "00000000000000000000000000000100",
            "B_SIGNED": "00000000000000000000000000000000",
            "B_WIDTH": "00000000000000000000000000000100",
            "Y_WIDTH": "00000000000000000000000000000100"
          },
          "attributes": {
            "src": "designs/81/top.sv:18.44-18.121"
          },
          "port_directions": {
            "A": "input",
            "B": "input",
            "Y": "output"
          },
          "connections": {
            "A": [ 28, 29, 30, 31 ],
            "B": [ 2, 3, 4, 5 ],
            "Y": [ 390, 391, 392, 393 ]
          }
        },
        "$xor$designs/81/top.sv:20$17": {
          "hide_name": 1,
          "type": "$xor",
          "parameters": {
            "A_SIGNED": "00000000000000000000000000000000",
            "A_WIDTH": "00000000000000000000000000000001",
            "B_SIGNED": "00000000000000000000000000000000",
            "B_WIDTH": "00000000000000000000000000000001",
            "Y_WIDTH": "00000000000000000000000000000001"
          },
          "attributes": {
            "src": "designs/81/top.sv:20.23-20.60"
          },
          "port_directions": {
            "A": "input",
            "B": "input",
            "Y": "output"
          },
          "connections": {
            "A": [ 269 ],
            "B": [ 177 ],
            "Y": [ 396 ]
          }
        },
        "$xor$designs/81/top.sv:25$66": {
          "hide_name": 1,
          "type": "$xor",
          "parameters": {
            "A_SIGNED": "00000000000000000000000000000000",
            "A_WIDTH": "00000000000000000000000000000010",
            "B_SIGNED": "00000000000000000000000000000000",
            "B_WIDTH": "00000000000000000000000000000010",
            "Y_WIDTH": "00000000000000000000000000000010"
          },
          "attributes": {
            "src": "designs/81/top.sv:25.32-25.171"
          },
          "port_directions": {
            "A": "input",
            "B": "input",
            "Y": "output"
          },
          "connections": {
            "A": [ 388, 389 ],
            "B": [ 72, 73 ],
            "Y": [ 394, 395 ]
          }
        }
      },
      "netnames": {
        "$add$designs/81/top.sv:18$3_Y": {
          "hide_name": 1,
          "bits": [ 28, 29, 30, 31 ],
          "attributes": {
            "src": "designs/81/top.sv:18.45-18.107"
          }
        },
        "$add$designs/81/top.sv:19$12_Y": {
          "hide_name": 1,
          "bits": [ 38, 39, 40, 517, 518, 519, 520, 521, 522, 523, 524, 525, 526, 527, 528, 529, 530 ],
          "attributes": {
            "src": "designs/81/top.sv:19.24-19.102",
            "unused_bits": "3 4 5 6 7 8 9 10 11 12 13 14 15 16"
          }
        },
        "$add$designs/81/top.sv:24$50_Y": {
          "hide_name": 1,
          "bits": [ 76, 77, 78, 79, 80, 81, 82, 83, 84, 85, 86, 87, 88, 89, 90, 91, 92, 93, 94, 95, 96, 97, 98, 99, 100, 101, 102, 103, 104, 105, 106 ],
          "attributes": {
            "src": "designs/81/top.sv:24.39-24.89"
          }
        },
        "$add$designs/81/top.sv:24$55_Y": {
          "hide_name": 1,
          "bits": [ 120, 121, 122, 123, 124, 125, 126, 127, 128, 129, 130, 131, 132, 133, 134, 135, 136, 137, 138, 139, 140, 531, 532, 533, 534, 535, 536, 537, 538, 539, 540 ],
          "attributes": {
            "src": "designs/81/top.sv:24.34-24.147",
            "unused_bits": "4 5 6 7 8 9 10 11 12 13 14 15 16 17 18 19 20 21 22 23 24 25 26 27 28 29 30"
          }
        },
        "$and$designs/81/top.sv:19$10_Y": {
          "hide_name": 1,
          "bits": [ 32, 33, 34, 541, 542, 543, 544, 545, 546, 547, 548, 549, 550, 551, 552, 553, 554 ],
          "attributes": {
            "src": "designs/81/top.sv:19.25-19.89",
            "unused_bits": "3 4 5 6 7 8 9 10 11 12 13 14 15 16"
          }
        },
        "$and$designs/81/top.sv:19$9_Y": {
          "hide_name": 1,
          "bits": [ 171, 172, 173, 555, 556, 557, 558, 559, 560, 561, 562, 563, 564, 565, 566, 567, 568 ],
          "attributes": {
            "src": "designs/81/top.sv:19.26-19.70",
            "unused_bits": "3 4 5 6 7 8 9 10 11 12 13 14 15 16"
          }
        },
        "$and$designs/81/top.sv:20$15_Y": {
          "hide_name": 1,
          "bits": [ 195, 196, 197, "0", "0", "0", "0", "0", "0", "0", "0", "0", "0", "0", "0", "0", "0" ],
          "attributes": {
            "src": "designs/81/top.sv:20.25-20.40"
          }
        },
        "$and$designs/81/top.sv:21$24_Y": {
          "hide_name": 1,
          "bits": [ 254, 255, 256, 75, "0", "0", "0", "0", "0", "0", "0", "0", "0", "0", "0", "0", "0" ],
          "attributes": {
            "src": "designs/81/top.sv:21.33-21.101"
          }
        },
        "$and$designs/81/top.sv:24$53_Y": {
          "hide_name": 1,
          "bits": [ 250, 251, 252, 253, "0", "0", "0", "0", "0", "0", "0", "0", "0", "0", "0", "0", "0", "0", "0", "0", "0", 569, 570, 571, 572, 573, 574, 575, 576, 577, 578 ],
          "attributes": {
            "src": "designs/81/top.sv:24.36-24.127",
            "unused_bits": "3 21 22 23 24 25 26 27 28 29 30"
          }
        },
        "$and$designs/81/top.sv:24$54_Y": {
          "hide_name": 1,
          "bits": [ 107, 108, 109 ],
          "attributes": {
          }
        },
        "$and$designs/81/top.sv:24$56_Y": {
          "hide_name": 1,
          "bits": [ 141, 142, 143, 144, "0", "0", "0", "0", "0", "0", "0", "0", "0", "0", "0", "0", "0", "0", "0", "0", "0", 579, 580, 581, 582, 583, 584, 585, 586, 587, 588 ],
          "attributes": {
            "src": "designs/81/top.sv:24.33-24.157",
            "unused_bits": "21 22 23 24 25 26 27 28 29 30"
          }
        },
        "$auto$opt_expr.cc:205:group_cell_inputs$107": {
          "hide_name": 1,
          "bits": [ 198 ],
          "attributes": {
          }
        },
        "$auto$opt_expr.cc:205:group_cell_inputs$110": {
          "hide_name": 1,
          "bits": [ 199 ],
          "attributes": {
          }
        },
        "$auto$opt_expr.cc:205:group_cell_inputs$113": {
          "hide_name": 1,
          "bits": [ 200 ],
          "attributes": {
          }
        },
        "$auto$opt_expr.cc:205:group_cell_inputs$116": {
          "hide_name": 1,
          "bits": [ 201, 202, 203 ],
          "attributes": {
          }
        },
        "$auto$opt_expr.cc:205:group_cell_inputs$124": {
          "hide_name": 1,
          "bits": [ 204, 205 ],
          "attributes": {
          }
        },
        "$auto$opt_expr.cc:205:group_cell_inputs$128": {
          "hide_name": 1,
          "bits": [ 206 ],
          "attributes": {
          }
        },
        "$auto$opt_expr.cc:205:group_cell_inputs$131": {
          "hide_name": 1,
          "bits": [ 217, 218, 219, 220, 221, 222, 223, 224, 225, 226 ],
          "attributes": {
          }
        },
        "$auto$opt_expr.cc:205:group_cell_inputs$133": {
          "hide_name": 1,
          "bits": [ 270, 271, 272, 273, 274, 275, 276, 277, 278, 279, 280, 281, 282, 283 ],
          "attributes": {
          }
        },
        "$auto$opt_expr.cc:205:group_cell_inputs$138": {
          "hide_name": 1,
          "bits": [ 228 ],
          "attributes": {
          }
        },
        "$auto$opt_expr.cc:205:group_cell_inputs$140": {
          "hide_name": 1,
          "bits": [ 229, 230, 397, 398, 399, 400, 401, 402, 403, 404, 405, 406, 407, 408, 409, 410, 411, 412, 413, 414, 415, 416, 417 ],
          "attributes": {
          }
        },
        "$auto$opt_expr.cc:205:group_cell_inputs$141": {
          "hide_name": 1,
          "bits": [ 231, 232, 233 ],
          "attributes": {
          }
        },
        "$auto$opt_expr.cc:205:group_cell_inputs$148": {
          "hide_name": 1,
          "bits": [ 238, 239, 240, 241 ],
          "attributes": {
            "unused_bits": "1 2 3"
          }
        },
        "$auto$opt_expr.cc:205:group_cell_inputs$150": {
          "hide_name": 1,
          "bits": [ 418, 419, 420, 421, 422, 423, 424, 425, 426, 427, 428, 429, 430, 431, 432, 433, 434, 435, 436, 437 ],
          "attributes": {
            "unused_bits": "0 1 2 3 4 5 6 7 8 9 10 11 12 13 14 15 16 17 18 19"
          }
        },
        "$auto$opt_expr.cc:205:group_cell_inputs$151": {
          "hide_name": 1,
          "bits": [ 245 ],
          "attributes": {
          }
        },
        "$auto$opt_expr.cc:205:group_cell_inputs$155": {
          "hide_name": 1,
          "bits": [ 242, 189, 191, 193 ],
          "attributes": {
          }
        },
        "$auto$opt_expr.cc:205:group_cell_inputs$166": {
          "hide_name": 1,
          "bits": [ 258, 184, 186, 188, "1", "1", "1", "1", "1", "1", "1", "1", "1", "1", "1", "1", "1", "1", "1", "1", "1", "1", "1", "1" ],
          "attributes": {
          }
        },
        "$auto$opt_expr.cc:205:group_cell_inputs$177": {
          "hide_name": 1,
          "bits": [ 263, 264, 265, 266, 330, 331, 332, 333, 334, 335, 336, 337, 338, 339, 340, 341, 342, 343, 344, 345, 346, 347, 348, 349 ],
          "attributes": {
          }
        },
        "$auto$opt_expr.cc:205:group_cell_inputs$179": {
          "hide_name": 1,
          "bits": [ 350, 351, 352, 353, 354, 355, 356 ],
          "attributes": {
          }
        },
        "$auto$opt_expr.cc:205:group_cell_inputs$215": {
          "hide_name": 1,
          "bits": [ 257 ],
          "attributes": {
          }
        },
        "$auto$opt_expr.cc:205:group_cell_inputs$219": {
          "hide_name": 1,
          "bits": [ 243, 190, 192, 194 ],
          "attributes": {
          }
        },
        "$auto$wreduce.cc:514:run$98": {
          "hide_name": 1,
          "bits": [ 388, 389, 589, 590, 591, 592, 593, 594, 595, 596, 597, 598, 599, 600, 601, 602, 603, 604, 605, 606, 607, 608, 609, 610, 611, 612, 613, 614, 615, 616, 617 ],
          "attributes": {
            "src": "designs/81/top.sv:25.33-25.156",
            "unused_bits": "2 3 4 5 6 7 8 9 10 11 12 13 14 15 16 17 18 19 20 21 22 23 24 25 26 27 28 29 30"
          }
        },
        "$auto$wreduce.cc:514:run$99": {
          "hide_name": 1,
          "bits": [ 486, 487, 488, 489, 490, 491, 492, 493, 494, 495, 496, 497, 498, 499, 500, 501, 502, 503, 504, 505, 506, 507, 508, 509, 510, 511, 512, 513, 514, 515, 516 ],
          "attributes": {
            "src": "designs/81/top.sv:25.45-25.126"
          }
        },
        "$mul$designs/81/top.sv:19$8_Y": {
          "hide_name": 1,
          "bits": [ 180, 181, 182, 618, 619, 620, 621, 622, 623, 623, 623, 623, 623, 623, 623, 623, 623 ],
          "attributes": {
            "src": "designs/81/top.sv:19.27-19.60",
            "unused_bits": "3 4 5 6 7 8 9 10 11 12 13 14 15 16"
          }
        },
        "$mul$designs/81/top.sv:20$16_Y": {
          "hide_name": 1,
          "bits": [ 269, 624, 625, 626, 627, 628, 629, "0", "0", "0", "0", "0", "0", "0", "0", "0", "0" ],
          "attributes": {
            "src": "designs/81/top.sv:20.24-20.50",
            "unused_bits": "1 2 3 4 5 6"
          }
        },
        "$mul$designs/81/top.sv:23$28_Y": {
          "hide_name": 1,
          "bits": [ 207, 208, 209, 210, 211, 212, 213, 214, 215, 216, 270, 271, 272, 273, 274, 275, 276, 277, 278, 279, 280, 281, 282, 283, 630, 631, 632, 633, 634, 635, 636 ],
          "attributes": {
            "src": "designs/81/top.sv:23.49-23.78",
            "unused_bits": "24 25 26 27 28 29 30"
          }
        },
        "$mul$designs/81/top.sv:24$49_Y": {
          "hide_name": 1,
          "bits": [ 41, 42, 43, 44, 45, 46, 47, 48, 49, 50, 51, 52, 53, 54, 55, 56, 57, 58, 59, 60, 61, 62, 63, 64, 65, 66, 67, 68, 69, 70, 71 ],
          "attributes": {
            "src": "designs/81/top.sv:24.40-24.74"
          }
        },
        "$mul$designs/81/top.sv:24$51_Y": {
          "hide_name": 1,
          "bits": [ 284, 285, 286, 287, 288, 289, 290, 291, 292, 293, 294, 295, 296, 297, 298, 299, 300, 301, 302, 303, 304, 637, 638, 639, 640, 641, 642, 643, 644, 645, 646 ],
          "attributes": {
            "src": "designs/81/top.sv:24.38-24.99",
            "unused_bits": "21 22 23 24 25 26 27 28 29 30"
          }
        },
        "$mul$designs/81/top.sv:25$59_Y": {
          "hide_name": 1,
          "bits": [ 316, 317, 318, 319, 320, 321, 322, 323, 324, 325, 326, 327, 328, 329, 329, 329, 329, 329, 329, 329, 329, 329, 329, 329, 329, 329, 329, 329, 329, 329, 329 ],
          "attributes": {
            "src": "designs/81/top.sv:25.59-25.85"
          }
        },
        "$mul$designs/81/top.sv:25$60_Y": {
          "hide_name": 1,
          "bits": [ 259, 260, 261, 262, 330, 331, 332, 333, 334, 335, 336, 337, 338, 339, 340, 341, 342, 343, 344, 345, 346, 347, 348, 349, 350, 351, 352, 353, 354, 355, 356 ],
          "attributes": {
            "src": "designs/81/top.sv:25.58-25.95"
          }
        },
        "$not$designs/81/top.sv:19$11_Y": {
          "hide_name": 1,
          "bits": [ 35, 36, 37, 647, 648, 649, 650, 651, 652, 653, 654, 655, 656, 657, 658, 659, 660 ],
          "attributes": {
            "src": "designs/81/top.sv:19.94-19.101",
            "unused_bits": "3 4 5 6 7 8 9 10 11 12 13 14 15 16"
          }
        },
        "$or$designs/81/top.sv:18$5_Y": {
          "hide_name": 1,
          "bits": [ 167, 168, 169, 170 ],
          "attributes": {
            "src": "designs/81/top.sv:18.43-18.135"
          }
        },
        "$or$designs/81/top.sv:19$13_Y": {
          "hide_name": 1,
          "bits": [ 174, 175, 176, 661, 662, 663, 664, 665, 666, 667, 668, 669, 670, 671, 672, 673, 674 ],
          "attributes": {
            "src": "designs/81/top.sv:19.23-19.112",
            "unused_bits": "3 4 5 6 7 8 9 10 11 12 13 14 15 16"
          }
        },
        "$sub$designs/81/top.sv:19$7_Y": {
          "hide_name": 1,
          "bits": [ 2, 3, 267, 268, 268, 268, 268, 268, 268, 268, 268, 268, 268, 268, 268, 268, 268 ],
          "attributes": {
            "src": "designs/81/top.sv:19.28-19.50"
          }
        },
        "$sub$designs/81/top.sv:23$32_Y": {
          "hide_name": 1,
          "bits": [ 227, 229, 230, 397, 398, 399, 400, 401, 402, 403, 404, 405, 406, 407, 408, 409, 410, 411, 412, 413, 414, 415, 416, 417, 675, 676, 677, 678, 679, 680, 681 ],
          "attributes": {
            "src": "designs/81/top.sv:23.47-23.101",
            "unused_bits": "24 25 26 27 28 29 30"
          }
        },
        "$sub$designs/81/top.sv:23$37_Y": {
          "hide_name": 1,
          "bits": [ 234, 235, 236, 237, 418, 419, 420, 421, 422, 423, 424, 425, 426, 427, 428, 429, 430, 431, 432, 433, 434, 435, 436, 437, 682, 683, 684, 685, 686, 687, 688 ],
          "attributes": {
            "src": "designs/81/top.sv:23.34-23.140",
            "unused_bits": "4 5 6 7 8 9 10 11 12 13 14 15 16 17 18 19 20 21 22 23 24 25 26 27 28 29 30"
          }
        },
        "$sub$designs/81/top.sv:24$52_Y": {
          "hide_name": 1,
          "bits": [ 246, 247, 248, 249, 438, 439, 440, 441, 442, 443, 444, 445, 446, 447, 448, 449, 450, 451, 452, 453, 454, 689, 690, 691, 692, 693, 694, 695, 696, 697, 698 ],
          "attributes": {
            "src": "designs/81/top.sv:24.37-24.113",
            "unused_bits": "4 5 6 7 8 9 10 11 12 13 14 15 16 17 18 19 20 21 22 23 24 25 26 27 28 29 30"
          }
        },
        "$sub$designs/81/top.sv:25$58_Y": {
          "hide_name": 1,
          "bits": [ 305, 306, 307, 308, 309, 310, 311, 312, 313, 314, 315, 315, 315, 315, 315, 315, 315, 315, 315, 315, 315, 315, 315, 315, 315, 315, 315, 315, 315, 315, 315 ],
          "attributes": {
            "src": "designs/81/top.sv:25.60-25.75"
          }
        },
        "$sub$designs/81/top.sv:25$62_Y": {
          "hide_name": 1,
          "bits": [ 455, 456, 457, 458, 459, 460, 461, 462, 463, 464, 465, 466, 467, 468, 469, 470, 471, 472, 473, 474, 475, 476, 477, 478, 479, 480, 481, 482, 483, 484, 485 ],
          "attributes": {
            "src": "designs/81/top.sv:25.46-25.116"
          }
        },
        "$sub$designs/81/top.sv:25$64_Y": {
          "hide_name": 1,
          "bits": [ 357, 358, 359, 360, 361, 362, 363, 364, 365, 366, 367, 368, 369, 370, 371, 372, 373, 374, 375, 376, 377, 378, 379, 380, 381, 382, 383, 384, 385, 386, 387 ],
          "attributes": {
            "src": "designs/81/top.sv:25.44-25.136"
          }
        },
        "$xor$designs/81/top.sv:18$4_Y": {
          "hide_name": 1,
          "bits": [ 390, 391, 392, 393 ],
          "attributes": {
            "src": "designs/81/top.sv:18.44-18.121"
          }
        },
        "$xor$designs/81/top.sv:20$17_Y": {
          "hide_name": 1,
          "bits": [ 396, 699, 700, 701, 702, 703, 704, "0", "0", "0", "0", "0", "0", "0", "0", "0", "0" ],
          "attributes": {
            "src": "designs/81/top.sv:20.23-20.60",
            "unused_bits": "1 2 3 4 5 6"
          }
        },
        "input_data": {
          "hide_name": 0,
          "bits": [ 2, 3, 4, 5 ],
          "attributes": {
            "src": "designs/81/top.sv:2.17-2.27"
          }
        },
        "output_data": {
          "hide_name": 0,
          "bits": [ 6, 7, 8, 9, 10, 11, 12, 13, 14, 15, 16, 17, 18, 19, 20, 21, 22, 23, 24, 25, 26, 27, "0", "0", "0", "0", "0", "0", "0", "0", "0", "0" ],
          "attributes": {
            "src": "designs/81/top.sv:3.19-3.30"
          }
        },
        "temp_0": {
          "hide_name": 0,
          "bits": [ 72, 73, 74, 75, "0", "0", "0", "0", "0", "0", "0", "0", "0", "0", "0", "0", "0" ],
          "attributes": {
            "src": "designs/81/top.sv:6.18-6.24"
          }
        },
        "temp_1": {
          "hide_name": 0,
          "bits": [ 177, 178, 179 ],
          "attributes": {
            "src": "designs/81/top.sv:7.17-7.23"
          }
        },
        "temp_2": {
          "hide_name": 0,
          "bits": [ 145 ],
          "attributes": {
            "single_bit_vector": "00000000000000000000000000000001",
            "src": "designs/81/top.sv:8.17-8.23"
          }
        },
        "temp_3": {
          "hide_name": 0,
          "bits": [ 110, 111, 112, 113, 114, 115, 116, 117, 118, 119 ],
          "attributes": {
            "src": "designs/81/top.sv:9.17-9.23"
          }
        },
        "temp_5": {
          "hide_name": 0,
          "bits": [ 244, 183, 185, 187, "0", "0", "0", "0", "0", "0", "0", "0", "0", "0", "0", "0", "0", "0", "0", "0", "0", "0", "0", "0" ],
          "attributes": {
            "src": "designs/81/top.sv:11.18-11.24"
          }
        },
        "temp_6": {
          "hide_name": 0,
          "bits": [ 146, 147, 148, 149, 150, 151, 152, 153, 154, 155, 156, 157, 158, 159, 160, 161, 162, 163, 164, 165, 166 ],
          "attributes": {
            "src": "designs/81/top.sv:12.18-12.24"
          }
        },
        "temp_7": {
          "hide_name": 0,
          "bits": [ 394, 395 ],
          "attributes": {
            "src": "designs/81/top.sv:13.17-13.23"
          }
        }
      }
    }
  }
}
