{
  "creator": "Yosys 0.60 (git sha1 5bafeb77dc71e054fa331ab9efa613e6fb0a1c49, clang++ 17.0.0 -fPIC -O3)",
  "modules": {
    "top": {
      "attributes": {
        "top": "00000000000000000000000000000001",
        "src": "designs/74/top.sv:1.1-30.10"
      },
      "ports": {
        "input_data": {
          "direction": "input",
          "bits": [ 2, 3, 4, 5, 6, 7, 8, 9 ]
        },
        "output_data": {
          "direction": "output",
          "bits": [ 10, 11, 12, 13, 14, 15, "0", "0", "0", "0" ]
        }
      },
      "cells": {
        "$add$designs/74/top.sv:16$10": {
          "hide_name": 1,
          "type": "$add",
          "parameters": {
            "A_SIGNED": "00000000000000000000000000000000",
            "A_WIDTH": "00000000000000000000000000000100",
            "B_SIGNED": "00000000000000000000000000000000",
            "B_WIDTH": "00000000000000000000000000000100",
            "Y_WIDTH": "00000000000000000000000000000100"
          },
          "attributes": {
            "src": "designs/74/top.sv:16.25-16.78"
          },
          "port_directions": {
            "A": "input",
            "B": "input",
            "Y": "output"
          },
          "connections": {
            "A": [ 16, 17, 18, 19 ],
            "B": [ 4, 5, 6, 7 ],
            "Y": [ 20, 21, 22, 23 ]
          }
        },
        "$add$designs/74/top.sv:16$12": {
          "hide_name": 1,
          "type": "$add",
          "parameters": {
            "A_SIGNED": "00000000000000000000000000000000",
            "A_WIDTH": "00000000000000000000000000000100",
            "B_SIGNED": "00000000000000000000000000000000",
            "B_WIDTH": "00000000000000000000000000000001",
            "Y_WIDTH": "00000000000000000000000000000100"
          },
          "attributes": {
            "src": "designs/74/top.sv:16.23-16.98"
          },
          "port_directions": {
            "A": "input",
            "B": "input",
            "Y": "output"
          },
          "connections": {
            "A": [ 24, "0", "0", "0" ],
            "B": [ 25 ],
            "Y": [ 26, 27, 28, 29 ]
          }
        },
        "$add$designs/74/top.sv:18$18": {
          "hide_name": 1,
          "type": "$add",
          "parameters": {
            "A_SIGNED": "00000000000000000000000000000000",
            "A_WIDTH": "00000000000000000000000000000101",
            "B_SIGNED": "00000000000000000000000000000000",
            "B_WIDTH": "00000000000000000000000000000100",
            "Y_WIDTH": "00000000000000000000000000000101"
          },
          "attributes": {
            "src": "designs/74/top.sv:18.49-18.144"
          },
          "port_directions": {
            "A": "input",
            "B": "input",
            "Y": "output"
          },
          "connections": {
            "A": [ 30, 31, 32, 33, 34 ],
            "B": [ 35, 36, 37, 38 ],
            "Y": [ 39, 40, 41, 42, 43 ]
          }
        },
        "$add$designs/74/top.sv:18$25": {
          "hide_name": 1,
          "type": "$add",
          "parameters": {
            "A_SIGNED": "00000000000000000000000000000000",
            "A_WIDTH": "00000000000000000000000000000101",
            "B_SIGNED": "00000000000000000000000000000000",
            "B_WIDTH": "00000000000000000000000000000101",
            "Y_WIDTH": "00000000000000000000000000000101"
          },
          "attributes": {
            "src": "designs/74/top.sv:18.27-18.218"
          },
          "port_directions": {
            "A": "input",
            "B": "input",
            "Y": "output"
          },
          "connections": {
            "A": [ 44, "0", "0", "0", "0" ],
            "B": [ 2, 3, 4, 5, 6 ],
            "Y": [ 45, 46, 47, 48, 49 ]
          }
        },
        "$add$designs/74/top.sv:20$29": {
          "hide_name": 1,
          "type": "$add",
          "parameters": {
            "A_SIGNED": "00000000000000000000000000000000",
            "A_WIDTH": "00000000000000000000000000000111",
            "B_SIGNED": "00000000000000000000000000000000",
            "B_WIDTH": "00000000000000000000000000000111",
            "Y_WIDTH": "00000000000000000000000000000111"
          },
          "attributes": {
            "src": "designs/74/top.sv:20.28-20.75"
          },
          "port_directions": {
            "A": "input",
            "B": "input",
            "Y": "output"
          },
          "connections": {
            "A": [ 50, 51, 52, 53, 54, 55, 56 ],
            "B": [ 2, 3, 4, 5, 6, 7, 8 ],
            "Y": [ 57, 58, 59, 60, 61, 62, 63 ]
          }
        },
        "$add$designs/74/top.sv:20$34": {
          "hide_name": 1,
          "type": "$add",
          "parameters": {
            "A_SIGNED": "00000000000000000000000000000000",
            "A_WIDTH": "00000000000000000000000000000111",
            "B_SIGNED": "00000000000000000000000000000000",
            "B_WIDTH": "00000000000000000000000000000111",
            "Y_WIDTH": "00000000000000000000000000000111"
          },
          "attributes": {
            "src": "designs/74/top.sv:20.25-20.117"
          },
          "port_directions": {
            "A": "input",
            "B": "input",
            "Y": "output"
          },
          "connections": {
            "A": [ 64, 65, 66, 67, 68, 69, 70 ],
            "B": [ 71, 72, 73, 74, 75, "1", "1" ],
            "Y": [ 76, 77, 78, 79, 80, 81, 82 ]
          }
        },
        "$add$designs/74/top.sv:21$43": {
          "hide_name": 1,
          "type": "$add",
          "parameters": {
            "A_SIGNED": "00000000000000000000000000000000",
            "A_WIDTH": "00000000000000000000000000011000",
            "B_SIGNED": "00000000000000000000000000000000",
            "B_WIDTH": "00000000000000000000000000000111",
            "Y_WIDTH": "00000000000000000000000000011000"
          },
          "attributes": {
            "src": "designs/74/top.sv:21.22-21.117"
          },
          "port_directions": {
            "A": "input",
            "B": "input",
            "Y": "output"
          },
          "connections": {
            "A": [ 83, "0", "0", "0", "0", "0", "0", "0", "0", "0", "0", "0", "0", "0", "0", "0", "0", "0", "0", "0", "0", "0", "0", "0" ],
            "B": [ 84, 85, 86, 87, 88, 89, 90 ],
            "Y": [ 91, 92, 93, 94, 95, 96, 97, 98, 99, 100, 101, 102, 103, 104, 105, 106, 107, 108, 109, 110, 111, 112, 113, 114 ]
          }
        },
        "$add$designs/74/top.sv:25$70": {
          "hide_name": 1,
          "type": "$add",
          "parameters": {
            "A_SIGNED": "00000000000000000000000000000000",
            "A_WIDTH": "00000000000000000000000000001110",
            "B_SIGNED": "00000000000000000000000000000000",
            "B_WIDTH": "00000000000000000000000000000101",
            "Y_WIDTH": "00000000000000000000000000001110"
          },
          "attributes": {
            "src": "designs/74/top.sv:25.22-25.222"
          },
          "port_directions": {
            "A": "input",
            "B": "input",
            "Y": "output"
          },
          "connections": {
            "A": [ 115, 116, 117, 118, 119, 120, 121, 122, "1", "1", "1", "1", "1", "1" ],
            "B": [ 45, 46, 47, 48, 49 ],
            "Y": [ 123, 124, 125, 126, 127, 128, 129, 130, 131, 132, 133, 134, 135, 136 ]
          }
        },
        "$and$designs/74/top.sv:15$1": {
          "hide_name": 1,
          "type": "$and",
          "parameters": {
            "A_SIGNED": "00000000000000000000000000000000",
            "A_WIDTH": "00000000000000000000000000001000",
            "B_SIGNED": "00000000000000000000000000000000",
            "B_WIDTH": "00000000000000000000000000001000",
            "Y_WIDTH": "00000000000000000000000000001000"
          },
          "attributes": {
            "src": "designs/74/top.sv:15.37-15.60"
          },
          "port_directions": {
            "A": "input",
            "B": "input",
            "Y": "output"
          },
          "connections": {
            "A": [ 2, 3, 4, 5, 6, 7, 8, 9 ],
            "B": [ 2, 3, 4, 5, 6, 7, 8, 9 ],
            "Y": [ 137, 138, 139, 140, 141, 142, 143, 144 ]
          }
        },
        "$and$designs/74/top.sv:16$13": {
          "hide_name": 1,
          "type": "$and",
          "parameters": {
            "A_SIGNED": "00000000000000000000000000000000",
            "A_WIDTH": "00000000000000000000000000000100",
            "B_SIGNED": "00000000000000000000000000000000",
            "B_WIDTH": "00000000000000000000000000000100",
            "Y_WIDTH": "00000000000000000000000000000100"
          },
          "attributes": {
            "src": "designs/74/top.sv:16.22-16.117"
          },
          "port_directions": {
            "A": "input",
            "B": "input",
            "Y": "output"
          },
          "connections": {
            "A": [ 26, 27, 28, 29 ],
            "B": [ 5, 6, 7, 8 ],
            "Y": [ 35, 36, 37, 38 ]
          }
        },
        "$and$designs/74/top.sv:18$16": {
          "hide_name": 1,
          "type": "$and",
          "parameters": {
            "A_SIGNED": "00000000000000000000000000000000",
            "A_WIDTH": "00000000000000000000000000000101",
            "B_SIGNED": "00000000000000000000000000000000",
            "B_WIDTH": "00000000000000000000000000000101",
            "Y_WIDTH": "00000000000000000000000000000101"
          },
          "attributes": {
            "src": "designs/74/top.sv:18.51-18.124"
          },
          "port_directions": {
            "A": "input",
            "B": "input",
            "Y": "output"
          },
          "connections": {
            "A": [ 145, 146, 147, 148, 149 ],
            "B": [ 4, 5, 6, 7, 8 ],
            "Y": [ 150, 31, 32, 33, 34 ]
          }
        },
        "$and$designs/74/top.sv:20$30": {
          "hide_name": 1,
          "type": "$and",
          "parameters": {
            "A_SIGNED": "00000000000000000000000000000000",
            "A_WIDTH": "00000000000000000000000000000111",
            "B_SIGNED": "00000000000000000000000000000000",
            "B_WIDTH": "00000000000000000000000000000111",
            "Y_WIDTH": "00000000000000000000000000000111"
          },
          "attributes": {
            "src": "designs/74/top.sv:20.27-20.94"
          },
          "port_directions": {
            "A": "input",
            "B": "input",
            "Y": "output"
          },
          "connections": {
            "A": [ 57, 58, 59, 60, 61, 62, 63 ],
            "B": [ 3, 4, 5, 6, 7, 8, 9 ],
            "Y": [ 151, 152, 153, 154, 155, 156, 157 ]
          }
        },
        "$and$designs/74/top.sv:20$35": {
          "hide_name": 1,
          "type": "$and",
          "parameters": {
            "A_SIGNED": "00000000000000000000000000000000",
            "A_WIDTH": "00000000000000000000000000000111",
            "B_SIGNED": "00000000000000000000000000000000",
            "B_WIDTH": "00000000000000000000000000000111",
            "Y_WIDTH": "00000000000000000000000000000111"
          },
          "attributes": {
            "src": "designs/74/top.sv:20.24-20.136"
          },
          "port_directions": {
            "A": "input",
            "B": "input",
            "Y": "output"
          },
          "connections": {
            "A": [ 76, 77, 78, 79, 80, 81, 82 ],
            "B": [ 3, 4, 5, 6, 7, 8, 9 ],
            "Y": [ 158, 159, 160, 161, 162, 163, 164 ]
          }
        },
        "$auto$opt_expr.cc:250:group_cell_inputs$233": {
          "hide_name": 1,
          "type": "$not",
          "parameters": {
            "A_SIGNED": "00000000000000000000000000000000",
            "A_WIDTH": "00000000000000000000000000000001",
            "Y_WIDTH": "00000000000000000000000000000001"
          },
          "attributes": {
          },
          "port_directions": {
            "A": "input",
            "Y": "output"
          },
          "connections": {
            "A": [ 165 ],
            "Y": [ 166 ]
          }
        },
        "$auto$opt_expr.cc:250:group_cell_inputs$235": {
          "hide_name": 1,
          "type": "$not",
          "parameters": {
            "A_SIGNED": "00000000000000000000000000000000",
            "A_WIDTH": "00000000000000000000000000000001",
            "Y_WIDTH": "00000000000000000000000000000001"
          },
          "attributes": {
          },
          "port_directions": {
            "A": "input",
            "Y": "output"
          },
          "connections": {
            "A": [ 167 ],
            "Y": [ 168 ]
          }
        },
        "$auto$opt_expr.cc:250:group_cell_inputs$237": {
          "hide_name": 1,
          "type": "$not",
          "parameters": {
            "A_SIGNED": "00000000000000000000000000000000",
            "A_WIDTH": "00000000000000000000000000000001",
            "Y_WIDTH": "00000000000000000000000000000001"
          },
          "attributes": {
          },
          "port_directions": {
            "A": "input",
            "Y": "output"
          },
          "connections": {
            "A": [ 169 ],
            "Y": [ 170 ]
          }
        },
        "$auto$opt_expr.cc:250:group_cell_inputs$239": {
          "hide_name": 1,
          "type": "$not",
          "parameters": {
            "A_SIGNED": "00000000000000000000000000000000",
            "A_WIDTH": "00000000000000000000000000000001",
            "Y_WIDTH": "00000000000000000000000000000001"
          },
          "attributes": {
          },
          "port_directions": {
            "A": "input",
            "Y": "output"
          },
          "connections": {
            "A": [ 171 ],
            "Y": [ 172 ]
          }
        },
        "$auto$opt_expr.cc:276:group_cell_inputs$100": {
          "hide_name": 1,
          "type": "$not",
          "parameters": {
            "A_SIGNED": "00000000000000000000000000000000",
            "A_WIDTH": "00000000000000000000000000001000",
            "Y_WIDTH": "00000000000000000000000000001000"
          },
          "attributes": {
          },
          "port_directions": {
            "A": "input",
            "Y": "output"
          },
          "connections": {
            "A": [ 2, 3, 4, 5, 6, 7, 8, 9 ],
            "Y": [ 173, 174, 175, 176, 177, 178, 179, 180 ]
          }
        },
        "$auto$opt_expr.cc:276:group_cell_inputs$104": {
          "hide_name": 1,
          "type": "$and",
          "parameters": {
            "A_SIGNED": "00000000000000000000000000000000",
            "A_WIDTH": "00000000000000000000000000000001",
            "B_SIGNED": "00000000000000000000000000000000",
            "B_WIDTH": "00000000000000000000000000000001",
            "Y_WIDTH": "00000000000000000000000000000001"
          },
          "attributes": {
          },
          "port_directions": {
            "A": "input",
            "B": "input",
            "Y": "output"
          },
          "connections": {
            "A": [ 20 ],
            "B": [ 25 ],
            "Y": [ 24 ]
          }
        },
        "$auto$opt_expr.cc:276:group_cell_inputs$108": {
          "hide_name": 1,
          "type": "$and",
          "parameters": {
            "A_SIGNED": "00000000000000000000000000000000",
            "A_WIDTH": "00000000000000000000000000000001",
            "B_SIGNED": "00000000000000000000000000000000",
            "B_WIDTH": "00000000000000000000000000000001",
            "Y_WIDTH": "00000000000000000000000000000001"
          },
          "attributes": {
          },
          "port_directions": {
            "A": "input",
            "B": "input",
            "Y": "output"
          },
          "connections": {
            "A": [ 5 ],
            "B": [ 25 ],
            "Y": [ 181 ]
          }
        },
        "$auto$opt_expr.cc:276:group_cell_inputs$112": {
          "hide_name": 1,
          "type": "$or",
          "parameters": {
            "A_SIGNED": "00000000000000000000000000000000",
            "A_WIDTH": "00000000000000000000000000000001",
            "B_SIGNED": "00000000000000000000000000000000",
            "B_WIDTH": "00000000000000000000000000000001",
            "Y_WIDTH": "00000000000000000000000000000001"
          },
          "attributes": {
          },
          "port_directions": {
            "A": "input",
            "B": "input",
            "Y": "output"
          },
          "connections": {
            "A": [ 150 ],
            "B": [ 25 ],
            "Y": [ 30 ]
          }
        },
        "$auto$opt_expr.cc:276:group_cell_inputs$115": {
          "hide_name": 1,
          "type": "$not",
          "parameters": {
            "A_SIGNED": "00000000000000000000000000000000",
            "A_WIDTH": "00000000000000000000000000000001",
            "Y_WIDTH": "00000000000000000000000000000001"
          },
          "attributes": {
          },
          "port_directions": {
            "A": "input",
            "Y": "output"
          },
          "connections": {
            "A": [ 25 ],
            "Y": [ 182 ]
          }
        },
        "$auto$opt_expr.cc:276:group_cell_inputs$119": {
          "hide_name": 1,
          "type": "$or",
          "parameters": {
            "A_SIGNED": "00000000000000000000000000000000",
            "A_WIDTH": "00000000000000000000000000000001",
            "B_SIGNED": "00000000000000000000000000000000",
            "B_WIDTH": "00000000000000000000000000000001",
            "Y_WIDTH": "00000000000000000000000000000001"
          },
          "attributes": {
          },
          "port_directions": {
            "A": "input",
            "B": "input",
            "Y": "output"
          },
          "connections": {
            "A": [ 183 ],
            "B": [ 25 ],
            "Y": [ 184 ]
          }
        },
        "$auto$opt_expr.cc:276:group_cell_inputs$122": {
          "hide_name": 1,
          "type": "$xor",
          "parameters": {
            "A_SIGNED": "00000000000000000000000000000000",
            "A_WIDTH": "00000000000000000000000000000100",
            "B_SIGNED": "00000000000000000000000000000000",
            "B_WIDTH": "00000000000000000000000000000100",
            "Y_WIDTH": "00000000000000000000000000000100"
          },
          "attributes": {
          },
          "port_directions": {
            "A": "input",
            "B": "input",
            "Y": "output"
          },
          "connections": {
            "A": [ 184, 185, 186, 187 ],
            "B": [ 35, 36, 37, 38 ],
            "Y": [ 188, 189, 190, 191 ]
          }
        },
        "$auto$opt_expr.cc:276:group_cell_inputs$125": {
          "hide_name": 1,
          "type": "$and",
          "parameters": {
            "A_SIGNED": "00000000000000000000000000000000",
            "A_WIDTH": "00000000000000000000000000000001",
            "B_SIGNED": "00000000000000000000000000000000",
            "B_WIDTH": "00000000000000000000000000000001",
            "Y_WIDTH": "00000000000000000000000000000001"
          },
          "attributes": {
          },
          "port_directions": {
            "A": "input",
            "B": "input",
            "Y": "output"
          },
          "connections": {
            "A": [ 188 ],
            "B": [ 25 ],
            "Y": [ 192 ]
          }
        },
        "$auto$opt_expr.cc:276:group_cell_inputs$129": {
          "hide_name": 1,
          "type": "$xor",
          "parameters": {
            "A_SIGNED": "00000000000000000000000000000000",
            "A_WIDTH": "00000000000000000000000000000001",
            "B_SIGNED": "00000000000000000000000000000000",
            "B_WIDTH": "00000000000000000000000000000001",
            "Y_WIDTH": "00000000000000000000000000000001"
          },
          "attributes": {
          },
          "port_directions": {
            "A": "input",
            "B": "input",
            "Y": "output"
          },
          "connections": {
            "A": [ 192 ],
            "B": [ 25 ],
            "Y": [ 44 ]
          }
        },
        "$auto$opt_expr.cc:276:group_cell_inputs$132": {
          "hide_name": 1,
          "type": "$xor",
          "parameters": {
            "A_SIGNED": "00000000000000000000000000000000",
            "A_WIDTH": "00000000000000000000000000000001",
            "B_SIGNED": "00000000000000000000000000000000",
            "B_WIDTH": "00000000000000000000000000000001",
            "Y_WIDTH": "00000000000000000000000000000001"
          },
          "attributes": {
          },
          "port_directions": {
            "A": "input",
            "B": "input",
            "Y": "output"
          },
          "connections": {
            "A": [ 25 ],
            "B": [ 193 ],
            "Y": [ 50 ]
          }
        },
        "$auto$opt_expr.cc:276:group_cell_inputs$135": {
          "hide_name": 1,
          "type": "$not",
          "parameters": {
            "A_SIGNED": "00000000000000000000000000000000",
            "A_WIDTH": "00000000000000000000000000000101",
            "Y_WIDTH": "00000000000000000000000000000101"
          },
          "attributes": {
          },
          "port_directions": {
            "A": "input",
            "Y": "output"
          },
          "connections": {
            "A": [ 45, 46, 47, 48, 49 ],
            "Y": [ 71, 72, 73, 74, 75 ]
          }
        },
        "$auto$opt_expr.cc:276:group_cell_inputs$139": {
          "hide_name": 1,
          "type": "$xor",
          "parameters": {
            "A_SIGNED": "00000000000000000000000000000000",
            "A_WIDTH": "00000000000000000000000000000101",
            "B_SIGNED": "00000000000000000000000000000000",
            "B_WIDTH": "00000000000000000000000000000101",
            "Y_WIDTH": "00000000000000000000000000000101"
          },
          "attributes": {
          },
          "port_directions": {
            "A": "input",
            "B": "input",
            "Y": "output"
          },
          "connections": {
            "A": [ 158, 159, 160, 161, 162 ],
            "B": [ 45, 46, 47, 48, 49 ],
            "Y": [ 84, 85, 86, 194, 195 ]
          }
        },
        "$auto$opt_expr.cc:276:group_cell_inputs$142": {
          "hide_name": 1,
          "type": "$and",
          "parameters": {
            "A_SIGNED": "00000000000000000000000000000000",
            "A_WIDTH": "00000000000000000000000000000001",
            "B_SIGNED": "00000000000000000000000000000000",
            "B_WIDTH": "00000000000000000000000000000001",
            "Y_WIDTH": "00000000000000000000000000000001"
          },
          "attributes": {
          },
          "port_directions": {
            "A": "input",
            "B": "input",
            "Y": "output"
          },
          "connections": {
            "A": [ 25 ],
            "B": [ 2 ],
            "Y": [ 196 ]
          }
        },
        "$auto$opt_expr.cc:276:group_cell_inputs$160": {
          "hide_name": 1,
          "type": "$or",
          "parameters": {
            "A_SIGNED": "00000000000000000000000000000000",
            "A_WIDTH": "00000000000000000000000000000001",
            "B_SIGNED": "00000000000000000000000000000000",
            "B_WIDTH": "00000000000000000000000000000001",
            "Y_WIDTH": "00000000000000000000000000000001"
          },
          "attributes": {
          },
          "port_directions": {
            "A": "input",
            "B": "input",
            "Y": "output"
          },
          "connections": {
            "A": [ 197 ],
            "B": [ 35 ],
            "Y": [ 198 ]
          }
        },
        "$auto$opt_expr.cc:276:group_cell_inputs$163": {
          "hide_name": 1,
          "type": "$xor",
          "parameters": {
            "A_SIGNED": "00000000000000000000000000000000",
            "A_WIDTH": "00000000000000000000000000000001",
            "B_SIGNED": "00000000000000000000000000000000",
            "B_WIDTH": "00000000000000000000000000000001",
            "Y_WIDTH": "00000000000000000000000000000001"
          },
          "attributes": {
          },
          "port_directions": {
            "A": "input",
            "B": "input",
            "Y": "output"
          },
          "connections": {
            "A": [ 199 ],
            "B": [ 200 ],
            "Y": [ 201 ]
          }
        },
        "$auto$opt_expr.cc:276:group_cell_inputs$174": {
          "hide_name": 1,
          "type": "$or",
          "parameters": {
            "A_SIGNED": "00000000000000000000000000000000",
            "A_WIDTH": "00000000000000000000000000000111",
            "B_SIGNED": "00000000000000000000000000000000",
            "B_WIDTH": "00000000000000000000000000000111",
            "Y_WIDTH": "00000000000000000000000000000111"
          },
          "attributes": {
          },
          "port_directions": {
            "A": "input",
            "B": "input",
            "Y": "output"
          },
          "connections": {
            "A": [ 202, 203, 204, 205, 206, 207, 208 ],
            "B": [ 84, 85, 86, 87, 88, 89, 90 ],
            "Y": [ 209, 210, 211, 212, 213, 214, 215 ]
          }
        },
        "$auto$opt_expr.cc:276:group_cell_inputs$177": {
          "hide_name": 1,
          "type": "$and",
          "parameters": {
            "A_SIGNED": "00000000000000000000000000000000",
            "A_WIDTH": "00000000000000000000000000001000",
            "B_SIGNED": "00000000000000000000000000000000",
            "B_WIDTH": "00000000000000000000000000001000",
            "Y_WIDTH": "00000000000000000000000000001000"
          },
          "attributes": {
          },
          "port_directions": {
            "A": "input",
            "B": "input",
            "Y": "output"
          },
          "connections": {
            "A": [ 209, 210, 211, 212, 213, 214, 215, 216 ],
            "B": [ 2, 3, 4, 5, 6, 7, 8, 9 ],
            "Y": [ 217, 218, 219, 220, 165, 167, 169, 171 ]
          }
        },
        "$auto$opt_expr.cc:276:group_cell_inputs$181": {
          "hide_name": 1,
          "type": "$not",
          "parameters": {
            "A_SIGNED": "00000000000000000000000000000000",
            "A_WIDTH": "00000000000000000000000000000100",
            "Y_WIDTH": "00000000000000000000000000000100"
          },
          "attributes": {
          },
          "port_directions": {
            "A": "input",
            "Y": "output"
          },
          "connections": {
            "A": [ 35, 36, 37, 38 ],
            "Y": [ 221, 222, 223, 224 ]
          }
        },
        "$auto$opt_expr.cc:276:group_cell_inputs$185": {
          "hide_name": 1,
          "type": "$xor",
          "parameters": {
            "A_SIGNED": "00000000000000000000000000000000",
            "A_WIDTH": "00000000000000000000000000000111",
            "B_SIGNED": "00000000000000000000000000000000",
            "B_WIDTH": "00000000000000000000000000000111",
            "Y_WIDTH": "00000000000000000000000000000111"
          },
          "attributes": {
          },
          "port_directions": {
            "A": "input",
            "B": "input",
            "Y": "output"
          },
          "connections": {
            "A": [ 225, 226, 227, 228, 166, 168, 170 ],
            "B": [ 84, 85, 86, 87, 88, 89, 90 ],
            "Y": [ 229, 230, 231, 232, 233, 234, 235 ]
          }
        },
        "$auto$opt_expr.cc:276:group_cell_inputs$188": {
          "hide_name": 1,
          "type": "$xor",
          "parameters": {
            "A_SIGNED": "00000000000000000000000000000000",
            "A_WIDTH": "00000000000000000000000000001000",
            "B_SIGNED": "00000000000000000000000000000000",
            "B_WIDTH": "00000000000000000000000000001000",
            "Y_WIDTH": "00000000000000000000000000001000"
          },
          "attributes": {
          },
          "port_directions": {
            "A": "input",
            "B": "input",
            "Y": "output"
          },
          "connections": {
            "A": [ 229, 230, 231, 232, 233, 234, 235, 172 ],
            "B": [ 2, 3, 4, 5, 6, 7, 8, 9 ],
            "Y": [ 115, 116, 117, 118, 119, 120, 121, 122 ]
          }
        },
        "$auto$opt_expr.cc:276:group_cell_inputs$213": {
          "hide_name": 1,
          "type": "$or",
          "parameters": {
            "A_SIGNED": "00000000000000000000000000000000",
            "A_WIDTH": "00000000000000000000000000000100",
            "B_SIGNED": "00000000000000000000000000000000",
            "B_WIDTH": "00000000000000000000000000000100",
            "Y_WIDTH": "00000000000000000000000000000100"
          },
          "attributes": {
          },
          "port_directions": {
            "A": "input",
            "B": "input",
            "Y": "output"
          },
          "connections": {
            "A": [ 236, 237, 238, 239 ],
            "B": [ 91, 92, 93, 94 ],
            "Y": [ 240, 241, 242, 243 ]
          }
        },
        "$auto$opt_expr.cc:276:group_cell_inputs$216": {
          "hide_name": 1,
          "type": "$and",
          "parameters": {
            "A_SIGNED": "00000000000000000000000000000000",
            "A_WIDTH": "00000000000000000000000000000110",
            "B_SIGNED": "00000000000000000000000000000000",
            "B_WIDTH": "00000000000000000000000000000110",
            "Y_WIDTH": "00000000000000000000000000000110"
          },
          "attributes": {
          },
          "port_directions": {
            "A": "input",
            "B": "input",
            "Y": "output"
          },
          "connections": {
            "A": [ 240, 241, 242, 243, 95, 96 ],
            "B": [ 131, 132, 133, 134, 135, 136 ],
            "Y": [ 10, 11, 12, 13, 14, 15 ]
          }
        },
        "$auto$opt_expr.cc:276:group_cell_inputs$220": {
          "hide_name": 1,
          "type": "$or",
          "parameters": {
            "A_SIGNED": "00000000000000000000000000000000",
            "A_WIDTH": "00000000000000000000000000000001",
            "B_SIGNED": "00000000000000000000000000000000",
            "B_WIDTH": "00000000000000000000000000000001",
            "Y_WIDTH": "00000000000000000000000000000001"
          },
          "attributes": {
          },
          "port_directions": {
            "A": "input",
            "B": "input",
            "Y": "output"
          },
          "connections": {
            "A": [ 196 ],
            "B": [ 84 ],
            "Y": [ 244 ]
          }
        },
        "$auto$opt_expr.cc:276:group_cell_inputs$223": {
          "hide_name": 1,
          "type": "$and",
          "parameters": {
            "A_SIGNED": "00000000000000000000000000000000",
            "A_WIDTH": "00000000000000000000000000000001",
            "B_SIGNED": "00000000000000000000000000000000",
            "B_WIDTH": "00000000000000000000000000000001",
            "Y_WIDTH": "00000000000000000000000000000001"
          },
          "attributes": {
          },
          "port_directions": {
            "A": "input",
            "B": "input",
            "Y": "output"
          },
          "connections": {
            "A": [ 245 ],
            "B": [ 182 ],
            "Y": [ 83 ]
          }
        },
        "$auto$opt_expr.cc:276:group_cell_inputs$228": {
          "hide_name": 1,
          "type": "$and",
          "parameters": {
            "A_SIGNED": "00000000000000000000000000000000",
            "A_WIDTH": "00000000000000000000000000000101",
            "B_SIGNED": "00000000000000000000000000000000",
            "B_WIDTH": "00000000000000000000000000000101",
            "Y_WIDTH": "00000000000000000000000000000101"
          },
          "attributes": {
          },
          "port_directions": {
            "A": "input",
            "B": "input",
            "Y": "output"
          },
          "connections": {
            "A": [ 246, 247, 248, 249, 250 ],
            "B": [ 71, 72, 73, 74, 75 ],
            "Y": [ 251, 252, 253, 254, 255 ]
          }
        },
        "$auto$opt_expr.cc:276:group_cell_inputs$231": {
          "hide_name": 1,
          "type": "$xor",
          "parameters": {
            "A_SIGNED": "00000000000000000000000000000000",
            "A_WIDTH": "00000000000000000000000000000100",
            "B_SIGNED": "00000000000000000000000000000000",
            "B_WIDTH": "00000000000000000000000000000100",
            "Y_WIDTH": "00000000000000000000000000000100"
          },
          "attributes": {
          },
          "port_directions": {
            "A": "input",
            "B": "input",
            "Y": "output"
          },
          "connections": {
            "A": [ 217, 218, 219, 220 ],
            "B": [ 221, 222, 223, 224 ],
            "Y": [ 225, 226, 227, 228 ]
          }
        },
        "$auto$opt_expr.cc:276:group_cell_inputs$247": {
          "hide_name": 1,
          "type": "$xor",
          "parameters": {
            "A_SIGNED": "00000000000000000000000000000000",
            "A_WIDTH": "00000000000000000000000000000001",
            "B_SIGNED": "00000000000000000000000000000000",
            "B_WIDTH": "00000000000000000000000000000001",
            "Y_WIDTH": "00000000000000000000000000000001"
          },
          "attributes": {
          },
          "port_directions": {
            "A": "input",
            "B": "input",
            "Y": "output"
          },
          "connections": {
            "A": [ 244 ],
            "B": [ 84 ],
            "Y": [ 245 ]
          }
        },
        "$eq$designs/74/top.sv:23$49": {
          "hide_name": 1,
          "type": "$eq",
          "parameters": {
            "A_SIGNED": "00000000000000000000000000000000",
            "A_WIDTH": "00000000000000000000000000000100",
            "B_SIGNED": "00000000000000000000000000000000",
            "B_WIDTH": "00000000000000000000000000000100",
            "Y_WIDTH": "00000000000000000000000000000001"
          },
          "attributes": {
            "src": "designs/74/top.sv:23.29-23.111"
          },
          "port_directions": {
            "A": "input",
            "B": "input",
            "Y": "output"
          },
          "connections": {
            "A": [ 256, 257, 258, 259 ],
            "B": [ 35, 36, 37, 38 ],
            "Y": [ 199 ]
          }
        },
        "$ge$designs/74/top.sv:15$5": {
          "hide_name": 1,
          "type": "$ge",
          "parameters": {
            "A_SIGNED": "00000000000000000000000000000000",
            "A_WIDTH": "00000000000000000000000000011010",
            "B_SIGNED": "00000000000000000000000000000000",
            "B_WIDTH": "00000000000000000000000000011010",
            "Y_WIDTH": "00000000000000000000000000000001"
          },
          "attributes": {
            "src": "designs/74/top.sv:15.25-15.95"
          },
          "port_directions": {
            "A": "input",
            "B": "input",
            "Y": "output"
          },
          "connections": {
            "A": [ "0", "0", 139, 140, "0", 142, "0", 144, "0", "0", "0", "0", "0", "0", "0", "0", "0", "0", "0", "0", "0", "0", "0", "0", "0", "0" ],
            "B": [ 173, 174, 175, 176, 177, 178, 179, 180, "1", "1", "1", "1", "1", "1", "1", "1", "1", "1", "1", "1", "1", "1", "1", "1", "1", "1" ],
            "Y": [ 260 ]
          }
        },
        "$gt$designs/74/top.sv:15$7": {
          "hide_name": 1,
          "type": "$gt",
          "parameters": {
            "A_SIGNED": "00000000000000000000000000000000",
            "A_WIDTH": "00000000000000000000000000001000",
            "B_SIGNED": "00000000000000000000000000000000",
            "B_WIDTH": "00000000000000000000000000001000",
            "Y_WIDTH": "00000000000000000000000000000001"
          },
          "attributes": {
            "src": "designs/74/top.sv:15.23-15.123"
          },
          "port_directions": {
            "A": "input",
            "B": "input",
            "Y": "output"
          },
          "connections": {
            "A": [ 261, 262, 263, 264, 265, 266, 267, 268 ],
            "B": [ 2, 3, 4, 5, 6, 7, 8, 9 ],
            "Y": [ 269 ]
          }
        },
        "$gt$designs/74/top.sv:15$8": {
          "hide_name": 1,
          "type": "$gt",
          "parameters": {
            "A_SIGNED": "00000000000000000000000000000000",
            "A_WIDTH": "00000000000000000000000000000001",
            "B_SIGNED": "00000000000000000000000000000000",
            "B_WIDTH": "00000000000000000000000000001000",
            "Y_WIDTH": "00000000000000000000000000000001"
          },
          "attributes": {
            "src": "designs/74/top.sv:15.22-15.137"
          },
          "port_directions": {
            "A": "input",
            "B": "input",
            "Y": "output"
          },
          "connections": {
            "A": [ 269 ],
            "B": [ 2, 3, 4, 5, 6, 7, 8, 9 ],
            "Y": [ 25 ]
          }
        },
        "$le$designs/74/top.sv:23$44": {
          "hide_name": 1,
          "type": "$le",
          "parameters": {
            "A_SIGNED": "00000000000000000000000000000000",
            "A_WIDTH": "00000000000000000000000000000101",
            "B_SIGNED": "00000000000000000000000000000000",
            "B_WIDTH": "00000000000000000000000000000101",
            "Y_WIDTH": "00000000000000000000000000000001"
          },
          "attributes": {
            "src": "designs/74/top.sv:23.34-23.50"
          },
          "port_directions": {
            "A": "input",
            "B": "input",
            "Y": "output"
          },
          "connections": {
            "A": [ 45, 46, 47, 48, 49 ],
            "B": [ 45, 46, 47, 48, 49 ],
            "Y": [ 270 ]
          }
        },
        "$lt$designs/74/top.sv:23$46": {
          "hide_name": 1,
          "type": "$lt",
          "parameters": {
            "A_SIGNED": "00000000000000000000000000000000",
            "A_WIDTH": "00000000000000000000000000000001",
            "B_SIGNED": "00000000000000000000000000000000",
            "B_WIDTH": "00000000000000000000000000000111",
            "Y_WIDTH": "00000000000000000000000000000001"
          },
          "attributes": {
            "src": "designs/74/top.sv:23.32-23.71"
          },
          "port_directions": {
            "A": "input",
            "B": "input",
            "Y": "output"
          },
          "connections": {
            "A": [ 271 ],
            "B": [ 84, 85, 86, 87, 88, 89, 90 ],
            "Y": [ 197 ]
          }
        },
        "$mul$designs/74/top.sv:18$15": {
          "hide_name": 1,
          "type": "$mul",
          "parameters": {
            "A_SIGNED": "00000000000000000000000000000000",
            "A_WIDTH": "00000000000000000000000000000101",
            "B_SIGNED": "00000000000000000000000000000000",
            "B_WIDTH": "00000000000000000000000000000100",
            "Y_WIDTH": "00000000000000000000000000000101"
          },
          "attributes": {
            "src": "designs/74/top.sv:18.60-18.104"
          },
          "port_directions": {
            "A": "input",
            "B": "input",
            "Y": "output"
          },
          "connections": {
            "A": [ 181, "0", "0", "0", "0" ],
            "B": [ 35, 36, 37, 38 ],
            "Y": [ 145, 146, 147, 148, 149 ]
          }
        },
        "$mul$designs/74/top.sv:23$48": {
          "hide_name": 1,
          "type": "$mul",
          "parameters": {
            "A_SIGNED": "00000000000000000000000000000000",
            "A_WIDTH": "00000000000000000000000000000100",
            "B_SIGNED": "00000000000000000000000000000000",
            "B_WIDTH": "00000000000000000000000000000100",
            "Y_WIDTH": "00000000000000000000000000000100"
          },
          "attributes": {
            "src": "designs/74/top.sv:23.30-23.100"
          },
          "port_directions": {
            "A": "input",
            "B": "input",
            "Y": "output"
          },
          "connections": {
            "A": [ 198, 36, 37, 38 ],
            "B": [ 2, 3, 4, 5 ],
            "Y": [ 256, 257, 258, 259 ]
          }
        },
        "$mul$designs/74/top.sv:25$60": {
          "hide_name": 1,
          "type": "$mul",
          "parameters": {
            "A_SIGNED": "00000000000000000000000000000000",
            "A_WIDTH": "00000000000000000000000000011010",
            "B_SIGNED": "00000000000000000000000000000000",
            "B_WIDTH": "00000000000000000000000000011010",
            "Y_WIDTH": "00000000000000000000000000001110"
          },
          "attributes": {
            "src": "designs/74/top.sv:25.56-25.128"
          },
          "port_directions": {
            "A": "input",
            "B": "input",
            "Y": "output"
          },
          "connections": {
            "A": [ 272, 273, 274, 275, 276, 277, 278, 279, 280, 281, 282, 283, 284, 285, 286, 287, 288, 289, 290, 291, 292, 293, 294, 295, 296, 297 ],
            "B": [ 182, "1", "1", "1", "1", "1", "1", "1", "1", "1", "1", "1", "1", "1", "1", "1", "1", "1", "1", "1", "1", "1", "1", "1", "1", "1" ],
            "Y": [ 298, 299, 300, 301, 302, 303, 304, 305, 306, 307, 308, 309, 310, 311 ]
          }
        },
        "$ne$designs/74/top.sv:23$45": {
          "hide_name": 1,
          "type": "$ne",
          "parameters": {
            "A_SIGNED": "00000000000000000000000000000000",
            "A_WIDTH": "00000000000000000000000000000001",
            "B_SIGNED": "00000000000000000000000000000000",
            "B_WIDTH": "00000000000000000000000000000101",
            "Y_WIDTH": "00000000000000000000000000000001"
          },
          "attributes": {
            "src": "designs/74/top.sv:23.33-23.61"
          },
          "port_directions": {
            "A": "input",
            "B": "input",
            "Y": "output"
          },
          "connections": {
            "A": [ 270 ],
            "B": [ 45, 46, 47, 48, 49 ],
            "Y": [ 271 ]
          }
        },
        "$not$designs/74/top.sv:20$27": {
          "hide_name": 1,
          "type": "$not",
          "parameters": {
            "A_SIGNED": "00000000000000000000000000000000",
            "A_WIDTH": "00000000000000000000000000000111",
            "Y_WIDTH": "00000000000000000000000000000111"
          },
          "attributes": {
            "src": "designs/74/top.sv:20.39-20.55"
          },
          "port_directions": {
            "A": "input",
            "Y": "output"
          },
          "connections": {
            "A": [ 3, 4, 5, 6, 7, 8, 9 ],
            "Y": [ 193, 51, 52, 53, 54, 55, 56 ]
          }
        },
        "$not$designs/74/top.sv:23$51": {
          "hide_name": 1,
          "type": "$not",
          "parameters": {
            "A_SIGNED": "00000000000000000000000000000000",
            "A_WIDTH": "00000000000000000000000000000100",
            "Y_WIDTH": "00000000000000000000000000000100"
          },
          "attributes": {
            "src": "designs/74/top.sv:23.116-23.123"
          },
          "port_directions": {
            "A": "input",
            "Y": "output"
          },
          "connections": {
            "A": [ 45, 46, 47, 48 ],
            "Y": [ 200, 312, 313, 314 ]
          }
        },
        "$sub$designs/74/top.sv:15$6": {
          "hide_name": 1,
          "type": "$sub",
          "parameters": {
            "A_SIGNED": "00000000000000000000000000000000",
            "A_WIDTH": "00000000000000000000000000000001",
            "B_SIGNED": "00000000000000000000000000000000",
            "B_WIDTH": "00000000000000000000000000001000",
            "Y_WIDTH": "00000000000000000000000000001000"
          },
          "attributes": {
            "src": "designs/74/top.sv:15.24-15.109"
          },
          "port_directions": {
            "A": "input",
            "B": "input",
            "Y": "output"
          },
          "connections": {
            "A": [ 260 ],
            "B": [ 2, 3, 4, 5, 6, 7, 8, 9 ],
            "Y": [ 261, 262, 263, 264, 265, 266, 267, 268 ]
          }
        },
        "$sub$designs/74/top.sv:16$9": {
          "hide_name": 1,
          "type": "$sub",
          "parameters": {
            "A_SIGNED": "00000000000000000000000000000000",
            "A_WIDTH": "00000000000000000000000000000100",
            "B_SIGNED": "00000000000000000000000000000000",
            "B_WIDTH": "00000000000000000000000000000100",
            "Y_WIDTH": "00000000000000000000000000000100"
          },
          "attributes": {
            "src": "designs/74/top.sv:16.26-16.59"
          },
          "port_directions": {
            "A": "input",
            "B": "input",
            "Y": "output"
          },
          "connections": {
            "A": [ 5, 6, 7, 8 ],
            "B": [ 5, 6, 7, 8 ],
            "Y": [ 16, 17, 18, 19 ]
          }
        },
        "$sub$designs/74/top.sv:18$20": {
          "hide_name": 1,
          "type": "$sub",
          "parameters": {
            "A_SIGNED": "00000000000000000000000000000000",
            "A_WIDTH": "00000000000000000000000000000101",
            "B_SIGNED": "00000000000000000000000000000000",
            "B_WIDTH": "00000000000000000000000000000101",
            "Y_WIDTH": "00000000000000000000000000000101"
          },
          "attributes": {
            "src": "designs/74/top.sv:18.48-18.157"
          },
          "port_directions": {
            "A": "input",
            "B": "input",
            "Y": "output"
          },
          "connections": {
            "A": [ 39, 40, 41, 42, 43 ],
            "B": [ 182, "1", "1", "1", "1" ],
            "Y": [ 183, 185, 186, 187, 315 ]
          }
        },
        "$sub$designs/74/top.sv:20$31": {
          "hide_name": 1,
          "type": "$sub",
          "parameters": {
            "A_SIGNED": "00000000000000000000000000000000",
            "A_WIDTH": "00000000000000000000000000000111",
            "B_SIGNED": "00000000000000000000000000000000",
            "B_WIDTH": "00000000000000000000000000000100",
            "Y_WIDTH": "00000000000000000000000000000111"
          },
          "attributes": {
            "src": "designs/74/top.sv:20.26-20.104"
          },
          "port_directions": {
            "A": "input",
            "B": "input",
            "Y": "output"
          },
          "connections": {
            "A": [ 151, 152, 153, 154, 155, 156, 157 ],
            "B": [ 35, 36, 37, 38 ],
            "Y": [ 64, 65, 66, 67, 68, 69, 70 ]
          }
        },
        "$sub$designs/74/top.sv:20$37": {
          "hide_name": 1,
          "type": "$sub",
          "parameters": {
            "A_SIGNED": "00000000000000000000000000000000",
            "A_WIDTH": "00000000000000000000000000000100",
            "B_SIGNED": "00000000000000000000000000000000",
            "B_WIDTH": "00000000000000000000000000000001",
            "Y_WIDTH": "00000000000000000000000000000100"
          },
          "attributes": {
            "src": "designs/74/top.sv:20.22-20.159"
          },
          "port_directions": {
            "A": "input",
            "B": "input",
            "Y": "output"
          },
          "connections": {
            "A": [ 194, 195, 163, 164 ],
            "B": [ "1" ],
            "Y": [ 87, 88, 89, 90 ]
          }
        },
        "$sub$designs/74/top.sv:25$54": {
          "hide_name": 1,
          "type": "$sub",
          "parameters": {
            "A_SIGNED": "00000000000000000000000000000000",
            "A_WIDTH": "00000000000000000000000000000100",
            "B_SIGNED": "00000000000000000000000000000000",
            "B_WIDTH": "00000000000000000000000000011000",
            "Y_WIDTH": "00000000000000000000000000011001"
          },
          "attributes": {
            "src": "designs/74/top.sv:25.67-25.91"
          },
          "port_directions": {
            "A": "input",
            "B": "input",
            "Y": "output"
          },
          "connections": {
            "A": [ 236, 237, 238, 239 ],
            "B": [ 91, 92, 93, 94, 95, 96, 97, 98, 99, 100, 101, 102, 103, 104, 105, 106, 107, 108, 109, 110, 111, 112, 113, 114 ],
            "Y": [ 246, 247, 248, 249, 250, 316, 317, 318, 319, 320, 321, 322, 323, 324, 325, 326, 327, 328, 329, 330, 331, 332, 333, 334, 335 ]
          }
        },
        "$sub$designs/74/top.sv:25$58": {
          "hide_name": 1,
          "type": "$sub",
          "parameters": {
            "A_SIGNED": "00000000000000000000000000000000",
            "A_WIDTH": "00000000000000000000000000011010",
            "B_SIGNED": "00000000000000000000000000000000",
            "B_WIDTH": "00000000000000000000000000000001",
            "Y_WIDTH": "00000000000000000000000000011010"
          },
          "attributes": {
            "src": "designs/74/top.sv:25.65-25.114"
          },
          "port_directions": {
            "A": "input",
            "B": "input",
            "Y": "output"
          },
          "connections": {
            "A": [ 251, 252, 253, 254, 255, 316, 317, 318, 319, 320, 321, 322, 323, 324, 325, 326, 327, 328, 329, 330, 331, 332, 333, 334, 335, 335 ],
            "B": [ 25 ],
            "Y": [ 272, 273, 274, 275, 276, 277, 278, 279, 280, 281, 282, 283, 284, 285, 286, 287, 288, 289, 290, 291, 292, 293, 294, 295, 296, 297 ]
          }
        },
        "$sub$designs/74/top.sv:25$61": {
          "hide_name": 1,
          "type": "$sub",
          "parameters": {
            "A_SIGNED": "00000000000000000000000000000000",
            "A_WIDTH": "00000000000000000000000000001110",
            "B_SIGNED": "00000000000000000000000000000000",
            "B_WIDTH": "00000000000000000000000000000100",
            "Y_WIDTH": "00000000000000000000000000001110"
          },
          "attributes": {
            "src": "designs/74/top.sv:25.55-25.138"
          },
          "port_directions": {
            "A": "input",
            "B": "input",
            "Y": "output"
          },
          "connections": {
            "A": [ 298, 299, 300, 301, 302, 303, 304, 305, 306, 307, 308, 309, 310, 311 ],
            "B": [ 236, 237, 238, 239 ],
            "Y": [ 336, 337, 338, 339, 340, 341, 342, 343, 344, 345, 346, 347, 348, 349 ]
          }
        },
        "$sub$designs/74/top.sv:25$62": {
          "hide_name": 1,
          "type": "$sub",
          "parameters": {
            "A_SIGNED": "00000000000000000000000000000000",
            "A_WIDTH": "00000000000000000000000000001110",
            "B_SIGNED": "00000000000000000000000000000000",
            "B_WIDTH": "00000000000000000000000000000001",
            "Y_WIDTH": "00000000000000000000000000001110"
          },
          "attributes": {
            "src": "designs/74/top.sv:25.44-25.149"
          },
          "port_directions": {
            "A": "input",
            "B": "input",
            "Y": "output"
          },
          "connections": {
            "A": [ 336, 337, 338, 339, 340, 341, 342, 343, 344, 345, 346, 347, 348, 349 ],
            "B": [ 25 ],
            "Y": [ 202, 203, 204, 205, 206, 207, 208, 216, 350, 351, 352, 353, 354, 355 ]
          }
        },
        "$xor$designs/74/top.sv:23$53": {
          "hide_name": 1,
          "type": "$xor",
          "parameters": {
            "A_SIGNED": "00000000000000000000000000000000",
            "A_WIDTH": "00000000000000000000000000000100",
            "B_SIGNED": "00000000000000000000000000000000",
            "B_WIDTH": "00000000000000000000000000000100",
            "Y_WIDTH": "00000000000000000000000000000100"
          },
          "attributes": {
            "src": "designs/74/top.sv:23.27-23.134"
          },
          "port_directions": {
            "A": "input",
            "B": "input",
            "Y": "output"
          },
          "connections": {
            "A": [ 201, 312, 313, 314 ],
            "B": [ 45, 46, 47, 48 ],
            "Y": [ 236, 237, 238, 239 ]
          }
        }
      },
      "netnames": {
        "$add$designs/74/top.sv:16$10_Y": {
          "hide_name": 1,
          "bits": [ 20, 21, 22, 23, 356, 357, 358, 359, 360, 361, 362, 363, 364, 365, 366, 367, 368, 369, 370, 371, 372, 373, 374, 375, 376, 377 ],
          "attributes": {
            "src": "designs/74/top.sv:16.25-16.78",
            "unused_bits": "1 2 3 4 5 6 7 8 9 10 11 12 13 14 15 16 17 18 19 20 21 22 23 24 25"
          }
        },
        "$add$designs/74/top.sv:16$12_Y": {
          "hide_name": 1,
          "bits": [ 26, 27, 28, 29, 378, 379, 380, 381, 382, 383, 384, 385, 386, 387, 388, 389, 390, 391, 392, 393, 394, 395, 396, 397, 398, 399 ],
          "attributes": {
            "src": "designs/74/top.sv:16.23-16.98",
            "unused_bits": "4 5 6 7 8 9 10 11 12 13 14 15 16 17 18 19 20 21 22 23 24 25"
          }
        },
        "$add$designs/74/top.sv:18$18_Y": {
          "hide_name": 1,
          "bits": [ 39, 40, 41, 42, 43, 400, 401, 402, 403, 404, "0", "0", "0", "0", "0", "0", "0", "0", "0", "0", "0", "0", "0", "0", "0", "0" ],
          "attributes": {
            "src": "designs/74/top.sv:18.49-18.144",
            "unused_bits": "5 6 7 8 9"
          }
        },
        "$add$designs/74/top.sv:20$29_Y": {
          "hide_name": 1,
          "bits": [ 57, 58, 59, 60, 61, 62, 63, 405, 406, 407, 408, 409, 410, 411, 412, 413, 414, 415, 416, 417, 418, 419, 420, 421, 422, 423 ],
          "attributes": {
            "src": "designs/74/top.sv:20.28-20.75",
            "unused_bits": "7 8 9 10 11 12 13 14 15 16 17 18 19 20 21 22 23 24 25"
          }
        },
        "$add$designs/74/top.sv:20$34_Y": {
          "hide_name": 1,
          "bits": [ 76, 77, 78, 79, 80, 81, 82, 424, 425, 426, 427, 428, 429, 430, 431, 432, 433, 434, 435, 436, 437, 438, 439, 440, 441, 442 ],
          "attributes": {
            "src": "designs/74/top.sv:20.25-20.117",
            "unused_bits": "7 8 9 10 11 12 13 14 15 16 17 18 19 20 21 22 23 24 25"
          }
        },
        "$and$designs/74/top.sv:15$1_Y": {
          "hide_name": 1,
          "bits": [ 137, 138, 139, 140, 141, 142, 143, 144, "0", "0", "0", "0", "0", "0", "0", "0", "0", "0", "0", "0", "0", "0", "0", "0", "0", "0" ],
          "attributes": {
            "src": "designs/74/top.sv:15.37-15.60",
            "unused_bits": "0 1 4 6"
          }
        },
        "$and$designs/74/top.sv:16$11_Y": {
          "hide_name": 1,
          "bits": [ 24, "0", "0", "0", 443, 444, 445, 446, 447, 448, 449, 450, 451, 452, 453, 454, 455, 456, 457, 458, 459, 460, 461, 462, 463, 464 ],
          "attributes": {
            "src": "designs/74/top.sv:16.24-16.88",
            "unused_bits": "4 5 6 7 8 9 10 11 12 13 14 15 16 17 18 19 20 21 22 23 24 25"
          }
        },
        "$and$designs/74/top.sv:18$14_Y": {
          "hide_name": 1,
          "bits": [ 181, "0", "0", "0", "0", "0", "0", "0", "0", "0", "0", "0", "0", "0", "0", "0", "0", "0", "0", "0", "0", "0", "0", "0", "0", "0" ],
          "attributes": {
            "src": "designs/74/top.sv:18.69-18.93"
          }
        },
        "$and$designs/74/top.sv:18$16_Y": {
          "hide_name": 1,
          "bits": [ 150, 31, 32, 33, 34, 465, 466, 467, 468, "0", "0", "0", "0", "0", "0", "0", "0", "0", "0", "0", "0", "0", "0", "0", "0", "0" ],
          "attributes": {
            "src": "designs/74/top.sv:18.51-18.124",
            "unused_bits": "5 6 7 8"
          }
        },
        "$and$designs/74/top.sv:18$23_Y": {
          "hide_name": 1,
          "bits": [ 192, "0", "0", "0", "0", 469, 470, 471, 472, 473, 474, 475, 476, 477, 478, 479, 480, 481, 482, 483, 484, 485, 486, 487, 488, 489, "0", "0", "0", "0", "0", "0", "0", "0", "0", "0", "0" ],
          "attributes": {
            "src": "designs/74/top.sv:18.29-18.189",
            "unused_bits": "5 6 7 8 9 10 11 12 13 14 15 16 17 18 19 20 21 22 23 24 25"
          }
        },
        "$and$designs/74/top.sv:20$30_Y": {
          "hide_name": 1,
          "bits": [ 151, 152, 153, 154, 155, 156, 157, 490, 491, 492, 493, 494, 495, 496, 497, 498, 499, 500, 501, 502, 503, 504, 505, 506, 507, 508 ],
          "attributes": {
            "src": "designs/74/top.sv:20.27-20.94",
            "unused_bits": "7 8 9 10 11 12 13 14 15 16 17 18 19 20 21 22 23 24 25"
          }
        },
        "$and$designs/74/top.sv:20$35_Y": {
          "hide_name": 1,
          "bits": [ 158, 159, 160, 161, 162, 163, 164, 509, 510, 511, 512, 513, 514, 515, 516, 517, 518, 519, 520, 521, 522, 523, 524, 525, 526, 527 ],
          "attributes": {
            "src": "designs/74/top.sv:20.24-20.136",
            "unused_bits": "7 8 9 10 11 12 13 14 15 16 17 18 19 20 21 22 23 24 25"
          }
        },
        "$and$designs/74/top.sv:21$38_Y": {
          "hide_name": 1,
          "bits": [ 196, "0", "0", "0", "0", "0", "0", "0", "0", "0", "0", "0", "0", "0", "0", "0", "0", "0", "0", "0", "0", "0", "0", "0", "0", "0" ],
          "attributes": {
            "src": "designs/74/top.sv:21.44-21.72"
          }
        },
        "$and$designs/74/top.sv:21$42_Y": {
          "hide_name": 1,
          "bits": [ 83, "0", "0", "0", "0", "0", "0", "0", "0", "0", "0", "0", "0", "0", "0", "0", "0", "0", "0", "0", "0", "0", "0", "0", 528, 529 ],
          "attributes": {
            "src": "designs/74/top.sv:21.23-21.107",
            "unused_bits": "24 25"
          }
        },
        "$and$designs/74/top.sv:25$57_Y": {
          "hide_name": 1,
          "bits": [ 251, 252, 253, 254, 255, 316, 317, 318, 319, 320, 321, 322, 323, 324, 325, 326, 327, 328, 329, 330, 331, 332, 333, 334, 335, 335 ],
          "attributes": {
            "src": "designs/74/top.sv:25.66-25.104"
          }
        },
        "$and$designs/74/top.sv:25$64_Y": {
          "hide_name": 1,
          "bits": [ 217, 218, 219, 220, 165, 167, 169, 171, "0", "0", "0", "0", "0", "0", 530, 531, 532, 533, 534, 535, 536, 537, 538, 539, 540, 541 ],
          "attributes": {
            "src": "designs/74/top.sv:25.42-25.173",
            "unused_bits": "14 15 16 17 18 19 20 21 22 23 24 25"
          }
        },
        "$auto$opt_expr.cc:205:group_cell_inputs$111": {
          "hide_name": 1,
          "bits": [ 30 ],
          "attributes": {
          }
        },
        "$auto$opt_expr.cc:205:group_cell_inputs$114": {
          "hide_name": 1,
          "bits": [ 182 ],
          "attributes": {
          }
        },
        "$auto$opt_expr.cc:205:group_cell_inputs$118": {
          "hide_name": 1,
          "bits": [ 184 ],
          "attributes": {
          }
        },
        "$auto$opt_expr.cc:205:group_cell_inputs$120": {
          "hide_name": 1,
          "bits": [ 185, 186, 187, 315 ],
          "attributes": {
            "unused_bits": "3"
          }
        },
        "$auto$opt_expr.cc:205:group_cell_inputs$121": {
          "hide_name": 1,
          "bits": [ 188, 189, 190, 191 ],
          "attributes": {
            "unused_bits": "1 2 3"
          }
        },
        "$auto$opt_expr.cc:205:group_cell_inputs$128": {
          "hide_name": 1,
          "bits": [ 44 ],
          "attributes": {
          }
        },
        "$auto$opt_expr.cc:205:group_cell_inputs$131": {
          "hide_name": 1,
          "bits": [ 50 ],
          "attributes": {
          }
        },
        "$auto$opt_expr.cc:205:group_cell_inputs$133": {
          "hide_name": 1,
          "bits": [ 51, 52, 53, 54, 55, 56 ],
          "attributes": {
          }
        },
        "$auto$opt_expr.cc:205:group_cell_inputs$134": {
          "hide_name": 1,
          "bits": [ 71, 72, 73, 74, 75 ],
          "attributes": {
          }
        },
        "$auto$opt_expr.cc:205:group_cell_inputs$138": {
          "hide_name": 1,
          "bits": [ 84, 85, 86, 194, 195 ],
          "attributes": {
          }
        },
        "$auto$opt_expr.cc:205:group_cell_inputs$145": {
          "hide_name": 1,
          "bits": [ 244, 85, 86, 87, 88, 89, 90 ],
          "attributes": {
          }
        },
        "$auto$opt_expr.cc:205:group_cell_inputs$148": {
          "hide_name": 1,
          "bits": [ 245, "0", "0", "0", "0", "0", "0" ],
          "attributes": {
          }
        },
        "$auto$opt_expr.cc:205:group_cell_inputs$159": {
          "hide_name": 1,
          "bits": [ 198 ],
          "attributes": {
          }
        },
        "$auto$opt_expr.cc:205:group_cell_inputs$162": {
          "hide_name": 1,
          "bits": [ 201 ],
          "attributes": {
          }
        },
        "$auto$opt_expr.cc:205:group_cell_inputs$164": {
          "hide_name": 1,
          "bits": [ 312, 313, 314 ],
          "attributes": {
          }
        },
        "$auto$opt_expr.cc:205:group_cell_inputs$173": {
          "hide_name": 1,
          "bits": [ 209, 210, 211, 212, 213, 214, 215 ],
          "attributes": {
          }
        },
        "$auto$opt_expr.cc:205:group_cell_inputs$175": {
          "hide_name": 1,
          "bits": [ 216, 350, 351, 352, 353, 354, 355 ],
          "attributes": {
            "unused_bits": "1 2 3 4 5 6"
          }
        },
        "$auto$opt_expr.cc:205:group_cell_inputs$180": {
          "hide_name": 1,
          "bits": [ 221, 222, 223, 224 ],
          "attributes": {
          }
        },
        "$auto$opt_expr.cc:205:group_cell_inputs$184": {
          "hide_name": 1,
          "bits": [ 229, 230, 231, 232, 233, 234, 235 ],
          "attributes": {
          }
        },
        "$auto$opt_expr.cc:205:group_cell_inputs$186": {
          "hide_name": 1,
          "bits": [ 172, "1", "1", "1", "1", "1", "1" ],
          "attributes": {
          }
        },
        "$auto$opt_expr.cc:205:group_cell_inputs$187": {
          "hide_name": 1,
          "bits": [ 115, 116, 117, 118, 119, 120, 121, 122 ],
          "attributes": {
          }
        },
        "$auto$opt_expr.cc:205:group_cell_inputs$212": {
          "hide_name": 1,
          "bits": [ 240, 241, 242, 243 ],
          "attributes": {
          }
        },
        "$auto$opt_expr.cc:205:group_cell_inputs$230": {
          "hide_name": 1,
          "bits": [ 225, 226, 227, 228 ],
          "attributes": {
          }
        },
        "$auto$opt_expr.cc:205:group_cell_inputs$232": {
          "hide_name": 1,
          "bits": [ 166, 168, 170, 172 ],
          "attributes": {
          }
        },
        "$auto$opt_expr.cc:205:group_cell_inputs$99": {
          "hide_name": 1,
          "bits": [ 173, 174, 175, 176, 177, 178, 179, 180 ],
          "attributes": {
          }
        },
        "$eq$designs/74/top.sv:23$49_Y": {
          "hide_name": 1,
          "bits": [ 199, "0", "0", "0", "0", "0", "0" ],
          "attributes": {
            "src": "designs/74/top.sv:23.29-23.111"
          }
        },
        "$ge$designs/74/top.sv:15$5_Y": {
          "hide_name": 1,
          "bits": [ 260, "0", "0", "0", "0", "0", "0", "0" ],
          "attributes": {
            "src": "designs/74/top.sv:15.25-15.95"
          }
        },
        "$gt$designs/74/top.sv:15$7_Y": {
          "hide_name": 1,
          "bits": [ 269, "0", "0", "0", "0", "0", "0", "0" ],
          "attributes": {
            "src": "designs/74/top.sv:15.23-15.123"
          }
        },
        "$le$designs/74/top.sv:23$44_Y": {
          "hide_name": 1,
          "bits": [ 270, "0", "0", "0", "0" ],
          "attributes": {
            "src": "designs/74/top.sv:23.34-23.50"
          }
        },
        "$lt$designs/74/top.sv:23$46_Y": {
          "hide_name": 1,
          "bits": [ 197, "0", "0", "0" ],
          "attributes": {
            "src": "designs/74/top.sv:23.32-23.71"
          }
        },
        "$mul$designs/74/top.sv:18$15_Y": {
          "hide_name": 1,
          "bits": [ 145, 146, 147, 148, 149, 542, 543, 544, 545, "0", "0", "0", "0", "0", "0", "0", "0", "0", "0", "0", "0", "0", "0", "0", "0", "0" ],
          "attributes": {
            "src": "designs/74/top.sv:18.60-18.104",
            "unused_bits": "5 6 7 8"
          }
        },
        "$mul$designs/74/top.sv:23$48_Y": {
          "hide_name": 1,
          "bits": [ 256, 257, 258, 259 ],
          "attributes": {
            "src": "designs/74/top.sv:23.30-23.100"
          }
        },
        "$mul$designs/74/top.sv:25$60_Y": {
          "hide_name": 1,
          "bits": [ 298, 299, 300, 301, 302, 303, 304, 305, 306, 307, 308, 309, 310, 311, 546, 547, 548, 549, 550, 551, 552, 553, 554, 555, 556, 557 ],
          "attributes": {
            "src": "designs/74/top.sv:25.56-25.128",
            "unused_bits": "14 15 16 17 18 19 20 21 22 23 24 25"
          }
        },
        "$ne$designs/74/top.sv:23$45_Y": {
          "hide_name": 1,
          "bits": [ 271, "0", "0", "0", "0", "0", "0" ],
          "attributes": {
            "src": "designs/74/top.sv:23.33-23.61"
          }
        },
        "$not$designs/74/top.sv:20$27_Y": {
          "hide_name": 1,
          "bits": [ 193, 51, 52, 53, 54, 55, 56, 558, 559, 560, 561, 562, 563, 564, 565, 566, 567, 568, 569, 570, 571, 572, 573, 574, 575, 576 ],
          "attributes": {
            "src": "designs/74/top.sv:20.39-20.55",
            "unused_bits": "7 8 9 10 11 12 13 14 15 16 17 18 19 20 21 22 23 24 25"
          }
        },
        "$not$designs/74/top.sv:23$51_Y": {
          "hide_name": 1,
          "bits": [ 200, 312, 313, 314, 577, 578, 579 ],
          "attributes": {
            "src": "designs/74/top.sv:23.116-23.123",
            "unused_bits": "4 5 6"
          }
        },
        "$sub$designs/74/top.sv:15$6_Y": {
          "hide_name": 1,
          "bits": [ 261, 262, 263, 264, 265, 266, 267, 268 ],
          "attributes": {
            "src": "designs/74/top.sv:15.24-15.109"
          }
        },
        "$sub$designs/74/top.sv:16$9_Y": {
          "hide_name": 1,
          "bits": [ 16, 17, 18, 19, 580, 580, 580, 580, 580, 580, 580, 580, 580, 580, 580, 580, 580, 580, 580, 580, 580, 580, 580, 580, 580, 580 ],
          "attributes": {
            "src": "designs/74/top.sv:16.26-16.59",
            "unused_bits": "4 5 6 7 8 9 10 11 12 13 14 15 16 17 18 19 20 21 22 23 24 25"
          }
        },
        "$sub$designs/74/top.sv:18$20_Y": {
          "hide_name": 1,
          "bits": [ 183, 185, 186, 187, 315, 581, 582, 583, 584, 585, 586, 587, 588, 589, 590, 591, 592, 593, 594, 595, 596, 597, 598, 599, 600, 601 ],
          "attributes": {
            "src": "designs/74/top.sv:18.48-18.157",
            "unused_bits": "4 5 6 7 8 9 10 11 12 13 14 15 16 17 18 19 20 21 22 23 24 25"
          }
        },
        "$sub$designs/74/top.sv:20$31_Y": {
          "hide_name": 1,
          "bits": [ 64, 65, 66, 67, 68, 69, 70, 602, 603, 604, 605, 606, 607, 608, 609, 610, 611, 612, 613, 614, 615, 616, 617, 618, 619, 620 ],
          "attributes": {
            "src": "designs/74/top.sv:20.26-20.104",
            "unused_bits": "7 8 9 10 11 12 13 14 15 16 17 18 19 20 21 22 23 24 25"
          }
        },
        "$sub$designs/74/top.sv:25$54_Y": {
          "hide_name": 1,
          "bits": [ 246, 247, 248, 249, 250, 316, 317, 318, 319, 320, 321, 322, 323, 324, 325, 326, 327, 328, 329, 330, 331, 332, 333, 334, 335, 335 ],
          "attributes": {
            "src": "designs/74/top.sv:25.67-25.91"
          }
        },
        "$sub$designs/74/top.sv:25$58_Y": {
          "hide_name": 1,
          "bits": [ 272, 273, 274, 275, 276, 277, 278, 279, 280, 281, 282, 283, 284, 285, 286, 287, 288, 289, 290, 291, 292, 293, 294, 295, 296, 297 ],
          "attributes": {
            "src": "designs/74/top.sv:25.65-25.114"
          }
        },
        "$sub$designs/74/top.sv:25$61_Y": {
          "hide_name": 1,
          "bits": [ 336, 337, 338, 339, 340, 341, 342, 343, 344, 345, 346, 347, 348, 349, 621, 622, 623, 624, 625, 626, 627, 628, 629, 630, 631, 632 ],
          "attributes": {
            "src": "designs/74/top.sv:25.55-25.138",
            "unused_bits": "14 15 16 17 18 19 20 21 22 23 24 25"
          }
        },
        "$sub$designs/74/top.sv:25$62_Y": {
          "hide_name": 1,
          "bits": [ 202, 203, 204, 205, 206, 207, 208, 216, 350, 351, 352, 353, 354, 355, 633, 634, 635, 636, 637, 638, 639, 640, 641, 642, 643, 644 ],
          "attributes": {
            "src": "designs/74/top.sv:25.44-25.149",
            "unused_bits": "8 9 10 11 12 13 14 15 16 17 18 19 20 21 22 23 24 25"
          }
        },
        "input_data": {
          "hide_name": 0,
          "bits": [ 2, 3, 4, 5, 6, 7, 8, 9 ],
          "attributes": {
            "src": "designs/74/top.sv:2.17-2.27"
          }
        },
        "output_data": {
          "hide_name": 0,
          "bits": [ 10, 11, 12, 13, 14, 15, "0", "0", "0", "0" ],
          "attributes": {
            "src": "designs/74/top.sv:3.18-3.29"
          }
        },
        "temp_0": {
          "hide_name": 0,
          "bits": [ 25, "0", "0", "0", "0", "0", "0", "0", "0", "0", "0", "0", "0", "0", "0", "0", "0", "0", "0", "0", "0", "0", "0", "0", "0", "0" ],
          "attributes": {
            "src": "designs/74/top.sv:6.18-6.24"
          }
        },
        "temp_1": {
          "hide_name": 0,
          "bits": [ 35, 36, 37, 38 ],
          "attributes": {
            "src": "designs/74/top.sv:7.17-7.23"
          }
        },
        "temp_2": {
          "hide_name": 0,
          "bits": [ 45, 46, 47, 48, 49 ],
          "attributes": {
            "src": "designs/74/top.sv:8.17-8.23"
          }
        },
        "temp_3": {
          "hide_name": 0,
          "bits": [ 84, 85, 86, 87, 88, 89, 90 ],
          "attributes": {
            "src": "designs/74/top.sv:9.17-9.23"
          }
        },
        "temp_4": {
          "hide_name": 0,
          "bits": [ 91, 92, 93, 94, 95, 96, 97, 98, 99, 100, 101, 102, 103, 104, 105, 106, 107, 108, 109, 110, 111, 112, 113, 114 ],
          "attributes": {
            "src": "designs/74/top.sv:10.18-10.24"
          }
        },
        "temp_5": {
          "hide_name": 0,
          "bits": [ 236, 237, 238, 239 ],
          "attributes": {
            "src": "designs/74/top.sv:11.17-11.23"
          }
        },
        "temp_6": {
          "hide_name": 0,
          "bits": [ 123, 124, 125, 126, 127, 128, 129, 130, 131, 132, 133, 134, 135, 136 ],
          "attributes": {
            "src": "designs/74/top.sv:12.18-12.24",
            "unused_bits": "0 1 2 3 4 5 6 7"
          }
        }
      }
    }
  }
}
