{
  "creator": "Yosys 0.60 (git sha1 5bafeb77dc71e054fa331ab9efa613e6fb0a1c49, clang++ 17.0.0 -fPIC -O3)",
  "modules": {
    "top": {
      "attributes": {
        "top": "00000000000000000000000000000001",
        "src": "designs/215/top.sv:1.1-34.10"
      },
      "ports": {
        "input_data": {
          "direction": "input",
          "bits": [ 2, 3, 4 ]
        },
        "output_data": {
          "direction": "output",
          "bits": [ 5, 6, 7, 8, 9, 10, 11, 12, 13, 14, 15, 16, 17, 18, 19, 20 ]
        }
      },
      "cells": {
        "$add$designs/215/top.sv:18$2": {
          "hide_name": 1,
          "type": "$add",
          "parameters": {
            "A_SIGNED": "00000000000000000000000000000000",
            "A_WIDTH": "00000000000000000000000000010001",
            "B_SIGNED": "00000000000000000000000000000000",
            "B_WIDTH": "00000000000000000000000000000011",
            "Y_WIDTH": "00000000000000000000000000010001"
          },
          "attributes": {
            "src": "designs/215/top.sv:18.52-18.89"
          },
          "port_directions": {
            "A": "input",
            "B": "input",
            "Y": "output"
          },
          "connections": {
            "A": [ 2, 3, 21, "0", "0", "1", "1", "1", "1", "1", "1", "1", "0", "0", "0", "0", "1" ],
            "B": [ 2, 3, 4 ],
            "Y": [ 22, 23, 24, 25, 26, 27, 28, 29, 30, 31, 32, 33, 34, 35, 36, 37, 38 ]
          }
        },
        "$add$designs/215/top.sv:18$3": {
          "hide_name": 1,
          "type": "$add",
          "parameters": {
            "A_SIGNED": "00000000000000000000000000000000",
            "A_WIDTH": "00000000000000000000000000010001",
            "B_SIGNED": "00000000000000000000000000000000",
            "B_WIDTH": "00000000000000000000000000000011",
            "Y_WIDTH": "00000000000000000000000000010001"
          },
          "attributes": {
            "src": "designs/215/top.sv:18.43-18.104"
          },
          "port_directions": {
            "A": "input",
            "B": "input",
            "Y": "output"
          },
          "connections": {
            "A": [ 22, 23, 24, 25, 26, 27, 28, 29, 30, 31, 32, 33, 34, 35, 36, 37, 38 ],
            "B": [ 2, 3, 4 ],
            "Y": [ 39, 40, 41, 42, 43, 44, 45, 46, 47, 48, 49, 50, 51, 52, 53, 54, 55 ]
          }
        },
        "$auto$opt_expr.cc:276:group_cell_inputs$100": {
          "hide_name": 1,
          "type": "$and",
          "parameters": {
            "A_SIGNED": "00000000000000000000000000000000",
            "A_WIDTH": "00000000000000000000000000000011",
            "B_SIGNED": "00000000000000000000000000000000",
            "B_WIDTH": "00000000000000000000000000000011",
            "Y_WIDTH": "00000000000000000000000000000011"
          },
          "attributes": {
          },
          "port_directions": {
            "A": "input",
            "B": "input",
            "Y": "output"
          },
          "connections": {
            "A": [ 2, 3, 4 ],
            "B": [ 56, 57, 58 ],
            "Y": [ 59, 60, 61 ]
          }
        },
        "$auto$opt_expr.cc:276:group_cell_inputs$104": {
          "hide_name": 1,
          "type": "$or",
          "parameters": {
            "A_SIGNED": "00000000000000000000000000000000",
            "A_WIDTH": "00000000000000000000000000000001",
            "B_SIGNED": "00000000000000000000000000000000",
            "B_WIDTH": "00000000000000000000000000000001",
            "Y_WIDTH": "00000000000000000000000000000001"
          },
          "attributes": {
          },
          "port_directions": {
            "A": "input",
            "B": "input",
            "Y": "output"
          },
          "connections": {
            "A": [ 62 ],
            "B": [ 21 ],
            "Y": [ 63 ]
          }
        },
        "$auto$opt_expr.cc:276:group_cell_inputs$109": {
          "hide_name": 1,
          "type": "$not",
          "parameters": {
            "A_SIGNED": "00000000000000000000000000000000",
            "A_WIDTH": "00000000000000000000000000000001",
            "Y_WIDTH": "00000000000000000000000000000001"
          },
          "attributes": {
          },
          "port_directions": {
            "A": "input",
            "Y": "output"
          },
          "connections": {
            "A": [ 4 ],
            "Y": [ 21 ]
          }
        },
        "$auto$opt_expr.cc:276:group_cell_inputs$113": {
          "hide_name": 1,
          "type": "$xor",
          "parameters": {
            "A_SIGNED": "00000000000000000000000000000000",
            "A_WIDTH": "00000000000000000000000000000011",
            "B_SIGNED": "00000000000000000000000000000000",
            "B_WIDTH": "00000000000000000000000000000011",
            "Y_WIDTH": "00000000000000000000000000000011"
          },
          "attributes": {
          },
          "port_directions": {
            "A": "input",
            "B": "input",
            "Y": "output"
          },
          "connections": {
            "A": [ 64, 65, 66 ],
            "B": [ 56, 57, 58 ],
            "Y": [ 67, 68, 69 ]
          }
        },
        "$auto$opt_expr.cc:276:group_cell_inputs$134": {
          "hide_name": 1,
          "type": "$xor",
          "parameters": {
            "A_SIGNED": "00000000000000000000000000000000",
            "A_WIDTH": "00000000000000000000000000000011",
            "B_SIGNED": "00000000000000000000000000000000",
            "B_WIDTH": "00000000000000000000000000000011",
            "Y_WIDTH": "00000000000000000000000000000011"
          },
          "attributes": {
          },
          "port_directions": {
            "A": "input",
            "B": "input",
            "Y": "output"
          },
          "connections": {
            "A": [ 67, 68, 69 ],
            "B": [ 56, 57, 58 ],
            "Y": [ 70, 71, 72 ]
          }
        },
        "$auto$opt_expr.cc:276:group_cell_inputs$62": {
          "hide_name": 1,
          "type": "$xor",
          "parameters": {
            "A_SIGNED": "00000000000000000000000000000000",
            "A_WIDTH": "00000000000000000000000000000011",
            "B_SIGNED": "00000000000000000000000000000000",
            "B_WIDTH": "00000000000000000000000000000011",
            "Y_WIDTH": "00000000000000000000000000000011"
          },
          "attributes": {
          },
          "port_directions": {
            "A": "input",
            "B": "input",
            "Y": "output"
          },
          "connections": {
            "A": [ 39, 40, 41 ],
            "B": [ 2, 3, 4 ],
            "Y": [ 73, 74, 75 ]
          }
        },
        "$auto$opt_expr.cc:276:group_cell_inputs$65": {
          "hide_name": 1,
          "type": "$or",
          "parameters": {
            "A_SIGNED": "00000000000000000000000000000000",
            "A_WIDTH": "00000000000000000000000000000011",
            "B_SIGNED": "00000000000000000000000000000000",
            "B_WIDTH": "00000000000000000000000000000011",
            "Y_WIDTH": "00000000000000000000000000000011"
          },
          "attributes": {
          },
          "port_directions": {
            "A": "input",
            "B": "input",
            "Y": "output"
          },
          "connections": {
            "A": [ 73, 74, 75 ],
            "B": [ 2, 3, 4 ],
            "Y": [ 76, 77, 78 ]
          }
        },
        "$auto$opt_expr.cc:276:group_cell_inputs$68": {
          "hide_name": 1,
          "type": "$xor",
          "parameters": {
            "A_SIGNED": "00000000000000000000000000000000",
            "A_WIDTH": "00000000000000000000000000000011",
            "B_SIGNED": "00000000000000000000000000000000",
            "B_WIDTH": "00000000000000000000000000000011",
            "Y_WIDTH": "00000000000000000000000000000011"
          },
          "attributes": {
          },
          "port_directions": {
            "A": "input",
            "B": "input",
            "Y": "output"
          },
          "connections": {
            "A": [ 56, 57, 58 ],
            "B": [ 2, 3, 4 ],
            "Y": [ 79, 80, 81 ]
          }
        },
        "$auto$opt_expr.cc:276:group_cell_inputs$71": {
          "hide_name": 1,
          "type": "$xor",
          "parameters": {
            "A_SIGNED": "00000000000000000000000000000000",
            "A_WIDTH": "00000000000000000000000000000011",
            "B_SIGNED": "00000000000000000000000000000000",
            "B_WIDTH": "00000000000000000000000000000011",
            "Y_WIDTH": "00000000000000000000000000000011"
          },
          "attributes": {
          },
          "port_directions": {
            "A": "input",
            "B": "input",
            "Y": "output"
          },
          "connections": {
            "A": [ 82, 83, 84 ],
            "B": [ 56, 57, 58 ],
            "Y": [ 64, 65, 66 ]
          }
        },
        "$auto$opt_expr.cc:276:group_cell_inputs$93": {
          "hide_name": 1,
          "type": "$or",
          "parameters": {
            "A_SIGNED": "00000000000000000000000000000000",
            "A_WIDTH": "00000000000000000000000000000011",
            "B_SIGNED": "00000000000000000000000000000000",
            "B_WIDTH": "00000000000000000000000000000011",
            "Y_WIDTH": "00000000000000000000000000000011"
          },
          "attributes": {
          },
          "port_directions": {
            "A": "input",
            "B": "input",
            "Y": "output"
          },
          "connections": {
            "A": [ 56, 57, 58 ],
            "B": [ 85, 86, 87 ],
            "Y": [ 88, 89, 90 ]
          }
        },
        "$auto$opt_expr.cc:276:group_cell_inputs$96": {
          "hide_name": 1,
          "type": "$not",
          "parameters": {
            "A_SIGNED": "00000000000000000000000000000000",
            "A_WIDTH": "00000000000000000000000000000011",
            "Y_WIDTH": "00000000000000000000000000000011"
          },
          "attributes": {
          },
          "port_directions": {
            "A": "input",
            "Y": "output"
          },
          "connections": {
            "A": [ 2, 3, 4 ],
            "Y": [ 91, 92, 93 ]
          }
        },
        "$mul$designs/215/top.sv:18$6": {
          "hide_name": 1,
          "type": "$mul",
          "parameters": {
            "A_SIGNED": "00000000000000000000000000000000",
            "A_WIDTH": "00000000000000000000000000010001",
            "B_SIGNED": "00000000000000000000000000000000",
            "B_WIDTH": "00000000000000000000000000000011",
            "Y_WIDTH": "00000000000000000000000000010001"
          },
          "attributes": {
            "src": "designs/215/top.sv:18.22-18.148"
          },
          "port_directions": {
            "A": "input",
            "B": "input",
            "Y": "output"
          },
          "connections": {
            "A": [ 76, 77, 78, 42, 43, 44, 45, 46, 47, 48, 49, 50, 51, 52, 53, 54, 55 ],
            "B": [ 2, 3, 4 ],
            "Y": [ 56, 57, 58, 94, 95, 96, 97, 98, 99, 100, 101, 102, 103, 104, 105, 106, 107 ]
          }
        },
        "$mul$designs/215/top.sv:20$11": {
          "hide_name": 1,
          "type": "$mul",
          "parameters": {
            "A_SIGNED": "00000000000000000000000000000000",
            "A_WIDTH": "00000000000000000000000000010001",
            "B_SIGNED": "00000000000000000000000000000000",
            "B_WIDTH": "00000000000000000000000000010001",
            "Y_WIDTH": "00000000000000000000000000000011"
          },
          "attributes": {
            "src": "designs/215/top.sv:20.36-20.156"
          },
          "port_directions": {
            "A": "input",
            "B": "input",
            "Y": "output"
          },
          "connections": {
            "A": [ 108, 109, 110, 111, 112, 113, 114, 115, 116, 117, 118, 119, 120, 121, 122, 123, 124 ],
            "B": [ 56, 57, 58, 94, 95, 96, 97, 98, 99, 100, 101, 102, 103, 104, 105, 106, 107 ],
            "Y": [ 125, 126, 127 ]
          }
        },
        "$mul$designs/215/top.sv:32$52": {
          "hide_name": 1,
          "type": "$mul",
          "parameters": {
            "A_SIGNED": "00000000000000000000000000000000",
            "A_WIDTH": "00000000000000000000000000011000",
            "B_SIGNED": "00000000000000000000000000000000",
            "B_WIDTH": "00000000000000000000000000000010",
            "Y_WIDTH": "00000000000000000000000000010000"
          },
          "attributes": {
            "src": "designs/215/top.sv:32.36-32.125"
          },
          "port_directions": {
            "A": "input",
            "B": "input",
            "Y": "output"
          },
          "connections": {
            "A": [ 63, 128, 129, 130, 131, 132, 133, 134, 135, 136, 137, 138, 139, 140, 141, 142, 143, 144, 144, 144, 144, 144, 144, 144 ],
            "B": [ 145, 146 ],
            "Y": [ 147, 148, 149, 150, 151, 152, 153, 154, 155, 156, 157, 158, 159, 160, 161, 162 ]
          }
        },
        "$or$designs/215/top.sv:20$12": {
          "hide_name": 1,
          "type": "$or",
          "parameters": {
            "A_SIGNED": "00000000000000000000000000000000",
            "A_WIDTH": "00000000000000000000000000000011",
            "B_SIGNED": "00000000000000000000000000000000",
            "B_WIDTH": "00000000000000000000000000000011",
            "Y_WIDTH": "00000000000000000000000000000011"
          },
          "attributes": {
            "src": "designs/215/top.sv:20.27-20.171"
          },
          "port_directions": {
            "A": "input",
            "B": "input",
            "Y": "output"
          },
          "connections": {
            "A": [ 125, 126, 127 ],
            "B": [ 2, 3, 4 ],
            "Y": [ 85, 86, 87 ]
          }
        },
        "$or$designs/215/top.sv:32$53": {
          "hide_name": 1,
          "type": "$or",
          "parameters": {
            "A_SIGNED": "00000000000000000000000000000000",
            "A_WIDTH": "00000000000000000000000000010000",
            "B_SIGNED": "00000000000000000000000000000000",
            "B_WIDTH": "00000000000000000000000000010000",
            "Y_WIDTH": "00000000000000000000000000010000"
          },
          "attributes": {
            "src": "designs/215/top.sv:32.27-32.136"
          },
          "port_directions": {
            "A": "input",
            "B": "input",
            "Y": "output"
          },
          "connections": {
            "A": [ 147, 148, 149, 150, 151, 152, 153, 154, 155, 156, 157, 158, 159, 160, 161, 162 ],
            "B": [ 56, 57, 58, 94, 95, 96, 97, 98, 99, 100, 101, 102, 103, 104, 105, 106 ],
            "Y": [ 5, 6, 7, 8, 9, 10, 11, 12, 13, 14, 15, 16, 17, 18, 19, 20 ]
          }
        },
        "$shl$designs/215/top.sv:20$10": {
          "hide_name": 1,
          "type": "$shl",
          "parameters": {
            "A_SIGNED": "00000000000000000000000000000001",
            "A_WIDTH": "00000000000000000000000000010001",
            "B_SIGNED": "00000000000000000000000000000000",
            "B_WIDTH": "00000000000000000000000000010001",
            "Y_WIDTH": "00000000000000000000000000010001"
          },
          "attributes": {
            "src": "designs/215/top.sv:20.47-20.145"
          },
          "port_directions": {
            "A": "input",
            "B": "input",
            "Y": "output"
          },
          "connections": {
            "A": [ 163, 164, 165, 166, 167, 168, 169, 170, 171, 172, 173, 174, 175, 176, 177, 178, 179 ],
            "B": [ 56, 57, 58, 94, 95, 96, 97, 98, 99, 100, 101, 102, 103, 104, 105, 106, 107 ],
            "Y": [ 108, 109, 110, 111, 112, 113, 114, 115, 116, 117, 118, 119, 120, 121, 122, 123, 124 ]
          }
        },
        "$shl$designs/215/top.sv:23$28": {
          "hide_name": 1,
          "type": "$shl",
          "parameters": {
            "A_SIGNED": "00000000000000000000000000000001",
            "A_WIDTH": "00000000000000000000000000010001",
            "B_SIGNED": "00000000000000000000000000000000",
            "B_WIDTH": "00000000000000000000000000000011",
            "Y_WIDTH": "00000000000000000000000000001010"
          },
          "attributes": {
            "src": "designs/215/top.sv:23.22-23.190"
          },
          "port_directions": {
            "A": "input",
            "B": "input",
            "Y": "output"
          },
          "connections": {
            "A": [ 180, 181, 182, 183, 184, 185, 186, 187, 188, 189, 190, 191, 192, 193, 194, 195, 196 ],
            "B": [ 2, 3, 4 ],
            "Y": [ 197, 198, 199, 200, 201, 202, 203, 204, 205, 206 ]
          }
        },
        "$shl$designs/215/top.sv:27$39": {
          "hide_name": 1,
          "type": "$shl",
          "parameters": {
            "A_SIGNED": "00000000000000000000000000000001",
            "A_WIDTH": "00000000000000000000000000010001",
            "B_SIGNED": "00000000000000000000000000000000",
            "B_WIDTH": "00000000000000000000000000011000",
            "Y_WIDTH": "00000000000000000000000000010001"
          },
          "attributes": {
            "src": "designs/215/top.sv:27.35-27.74"
          },
          "port_directions": {
            "A": "input",
            "B": "input",
            "Y": "output"
          },
          "connections": {
            "A": [ 88, 89, 90, 94, 95, 96, 97, 98, 99, 100, 101, 102, 103, 104, 105, 106, 107 ],
            "B": [ 91, 92, 93, "1", "1", "1", "1", "1", "1", "1", "1", "1", "1", "1", "1", "1", "1", "1", "1", "1", "1", "1", "1", "1" ],
            "Y": [ 207, 208, 209, 210, 211, 212, 213, 214, 215, 216, 217, 218, 219, 220, 221, 222, 223 ]
          }
        },
        "$shr$designs/215/top.sv:20$8": {
          "hide_name": 1,
          "type": "$shr",
          "parameters": {
            "A_SIGNED": "00000000000000000000000000000001",
            "A_WIDTH": "00000000000000000000000000010001",
            "B_SIGNED": "00000000000000000000000000000000",
            "B_WIDTH": "00000000000000000000000000010001",
            "Y_WIDTH": "00000000000000000000000000010001"
          },
          "attributes": {
            "src": "designs/215/top.sv:20.67-20.118"
          },
          "port_directions": {
            "A": "input",
            "B": "input",
            "Y": "output"
          },
          "connections": {
            "A": [ 79, 80, 81, 94, 95, 96, 97, 98, 99, 100, 101, 102, 103, 104, 105, 106, 107 ],
            "B": [ 56, 57, 58, 94, 95, 96, 97, 98, 99, 100, 101, 102, 103, 104, 105, 106, 107 ],
            "Y": [ 224, 225, 226, 227, 228, 229, 230, 231, 232, 233, 234, 235, 236, 237, 238, 239, 240 ]
          }
        },
        "$shr$designs/215/top.sv:23$20": {
          "hide_name": 1,
          "type": "$shr",
          "parameters": {
            "A_SIGNED": "00000000000000000000000000000001",
            "A_WIDTH": "00000000000000000000000000000011",
            "B_SIGNED": "00000000000000000000000000000000",
            "B_WIDTH": "00000000000000000000000000000011",
            "Y_WIDTH": "00000000000000000000000000000011"
          },
          "attributes": {
            "src": "designs/215/top.sv:23.82-23.111"
          },
          "port_directions": {
            "A": "input",
            "B": "input",
            "Y": "output"
          },
          "connections": {
            "A": [ 2, 3, 4 ],
            "B": [ 85, 86, 87 ],
            "Y": [ 82, 83, 84 ]
          }
        },
        "$shr$designs/215/top.sv:27$40": {
          "hide_name": 1,
          "type": "$shr",
          "parameters": {
            "A_SIGNED": "00000000000000000000000000000001",
            "A_WIDTH": "00000000000000000000000000010001",
            "B_SIGNED": "00000000000000000000000000000000",
            "B_WIDTH": "00000000000000000000000000000011",
            "Y_WIDTH": "00000000000000000000000000010001"
          },
          "attributes": {
            "src": "designs/215/top.sv:27.34-27.85"
          },
          "port_directions": {
            "A": "input",
            "B": "input",
            "Y": "output"
          },
          "connections": {
            "A": [ 207, 208, 209, 210, 211, 212, 213, 214, 215, 216, 217, 218, 219, 220, 221, 222, 223 ],
            "B": [ 85, 86, 87 ],
            "Y": [ 241, 242, 243, 244, 245, 246, 247, 248, 249, 250, 251, 252, 253, 254, 255, 256, 257 ]
          }
        },
        "$shr$designs/215/top.sv:27$42": {
          "hide_name": 1,
          "type": "$shr",
          "parameters": {
            "A_SIGNED": "00000000000000000000000000000000",
            "A_WIDTH": "00000000000000000000000000010001",
            "B_SIGNED": "00000000000000000000000000000000",
            "B_WIDTH": "00000000000000000000000000000011",
            "Y_WIDTH": "00000000000000000000000000000010"
          },
          "attributes": {
            "src": "designs/215/top.sv:27.22-27.107"
          },
          "port_directions": {
            "A": "input",
            "B": "input",
            "Y": "output"
          },
          "connections": {
            "A": [ 258, 259, 260, 261, 262, 263, 264, 265, 266, 267, 268, 269, 270, 271, 272, 273, 274 ],
            "B": [ 2, 3, 4 ],
            "Y": [ 145, 146 ]
          }
        },
        "$sub$designs/215/top.sv:20$9": {
          "hide_name": 1,
          "type": "$sub",
          "parameters": {
            "A_SIGNED": "00000000000000000000000000000000",
            "A_WIDTH": "00000000000000000000000000010001",
            "B_SIGNED": "00000000000000000000000000000000",
            "B_WIDTH": "00000000000000000000000000000011",
            "Y_WIDTH": "00000000000000000000000000010001"
          },
          "attributes": {
            "src": "designs/215/top.sv:20.56-20.133"
          },
          "port_directions": {
            "A": "input",
            "B": "input",
            "Y": "output"
          },
          "connections": {
            "A": [ 224, 225, 226, 227, 228, 229, 230, 231, 232, 233, 234, 235, 236, 237, 238, 239, 240 ],
            "B": [ 2, 3, 4 ],
            "Y": [ 163, 164, 165, 166, 167, 168, 169, 170, 171, 172, 173, 174, 175, 176, 177, 178, 179 ]
          }
        },
        "$sub$designs/215/top.sv:23$26": {
          "hide_name": 1,
          "type": "$sub",
          "parameters": {
            "A_SIGNED": "00000000000000000000000000000000",
            "A_WIDTH": "00000000000000000000000000010001",
            "B_SIGNED": "00000000000000000000000000000000",
            "B_WIDTH": "00000000000000000000000000010001",
            "Y_WIDTH": "00000000000000000000000000010001"
          },
          "attributes": {
            "src": "designs/215/top.sv:23.42-23.163"
          },
          "port_directions": {
            "A": "input",
            "B": "input",
            "Y": "output"
          },
          "connections": {
            "A": [ 70, 71, 72, 94, 95, 96, 97, 98, 99, 100, "0", "0", "0", "0", "0", "0", "0" ],
            "B": [ 4, "1", "1", "1", "1", "1", "1", "1", "1", "1", "1", "1", "1", "1", "1", "1", "1" ],
            "Y": [ 275, 276, 277, 278, 279, 280, 281, 282, 283, 284, 285, 286, 287, 288, 289, 290, 291 ]
          }
        },
        "$sub$designs/215/top.sv:23$27": {
          "hide_name": 1,
          "type": "$sub",
          "parameters": {
            "A_SIGNED": "00000000000000000000000000000000",
            "A_WIDTH": "00000000000000000000000000010001",
            "B_SIGNED": "00000000000000000000000000000000",
            "B_WIDTH": "00000000000000000000000000010001",
            "Y_WIDTH": "00000000000000000000000000010001"
          },
          "attributes": {
            "src": "designs/215/top.sv:23.31-23.174"
          },
          "port_directions": {
            "A": "input",
            "B": "input",
            "Y": "output"
          },
          "connections": {
            "A": [ 275, 276, 277, 278, 279, 280, 281, 282, 283, 284, 285, 286, 287, 288, 289, 290, 291 ],
            "B": [ 56, 57, 58, 94, 95, 96, 97, 98, 99, 100, 101, 102, 103, 104, 105, 106, 107 ],
            "Y": [ 180, 181, 182, 183, 184, 185, 186, 187, 188, 189, 190, 191, 192, 193, 194, 195, 196 ]
          }
        },
        "$sub$designs/215/top.sv:27$41": {
          "hide_name": 1,
          "type": "$sub",
          "parameters": {
            "A_SIGNED": "00000000000000000000000000000000",
            "A_WIDTH": "00000000000000000000000000010001",
            "B_SIGNED": "00000000000000000000000000000000",
            "B_WIDTH": "00000000000000000000000000001010",
            "Y_WIDTH": "00000000000000000000000000010001"
          },
          "attributes": {
            "src": "designs/215/top.sv:27.23-27.96"
          },
          "port_directions": {
            "A": "input",
            "B": "input",
            "Y": "output"
          },
          "connections": {
            "A": [ 241, 242, 243, 244, 245, 246, 247, 248, 249, 250, 251, 252, 253, 254, 255, 256, 257 ],
            "B": [ 197, 198, 199, 200, 201, 202, 203, 204, 205, 206 ],
            "Y": [ 258, 259, 260, 261, 262, 263, 264, 265, 266, 267, 268, 269, 270, 271, 272, 273, 274 ]
          }
        },
        "$sub$designs/215/top.sv:32$50": {
          "hide_name": 1,
          "type": "$sub",
          "parameters": {
            "A_SIGNED": "00000000000000000000000000000000",
            "A_WIDTH": "00000000000000000000000000010001",
            "B_SIGNED": "00000000000000000000000000000000",
            "B_WIDTH": "00000000000000000000000000000001",
            "Y_WIDTH": "00000000000000000000000000010010"
          },
          "attributes": {
            "src": "designs/215/top.sv:32.56-32.103"
          },
          "port_directions": {
            "A": "input",
            "B": "input",
            "Y": "output"
          },
          "connections": {
            "A": [ 59, 60, 61, "0", "0", "0", "0", "0", "0", "0", "0", "0", "0", "0", "0", "0", "0" ],
            "B": [ 146 ],
            "Y": [ 62, 128, 129, 130, 131, 132, 133, 134, 135, 136, 137, 138, 139, 140, 141, 142, 143, 144 ]
          }
        }
      },
      "netnames": {
        "$add$designs/215/top.sv:18$2_Y": {
          "hide_name": 1,
          "bits": [ 22, 23, 24, 25, 26, 27, 28, 29, 30, 31, 32, 33, 34, 35, 36, 37, 38 ],
          "attributes": {
            "src": "designs/215/top.sv:18.52-18.89"
          }
        },
        "$add$designs/215/top.sv:18$3_Y": {
          "hide_name": 1,
          "bits": [ 39, 40, 41, 42, 43, 44, 45, 46, 47, 48, 49, 50, 51, 52, 53, 54, 55 ],
          "attributes": {
            "src": "designs/215/top.sv:18.43-18.104"
          }
        },
        "$and$designs/215/top.sv:32$49_Y": {
          "hide_name": 1,
          "bits": [ 59, 60, 61, "0", "0", "0", "0", "0", "0", "0" ],
          "attributes": {
          }
        },
        "$auto$opt_expr.cc:205:group_cell_inputs$103": {
          "hide_name": 1,
          "bits": [ 63 ],
          "attributes": {
          }
        },
        "$auto$opt_expr.cc:205:group_cell_inputs$105": {
          "hide_name": 1,
          "bits": [ 128, 129, 130, 131, 132, 133, 134, 135, 136, 137, 138, 139, 140, 141, 142, 143, 144 ],
          "attributes": {
          }
        },
        "$auto$opt_expr.cc:205:group_cell_inputs$112": {
          "hide_name": 1,
          "bits": [ 67, 68, 69 ],
          "attributes": {
          }
        },
        "$auto$opt_expr.cc:205:group_cell_inputs$116": {
          "hide_name": 1,
          "bits": [ 70, 71, 72, 94, 95, 96, 97, 98, 99, 100 ],
          "attributes": {
          }
        },
        "$auto$opt_expr.cc:205:group_cell_inputs$61": {
          "hide_name": 1,
          "bits": [ 73, 74, 75 ],
          "attributes": {
          }
        },
        "$auto$opt_expr.cc:205:group_cell_inputs$64": {
          "hide_name": 1,
          "bits": [ 76, 77, 78 ],
          "attributes": {
          }
        },
        "$auto$opt_expr.cc:205:group_cell_inputs$67": {
          "hide_name": 1,
          "bits": [ 79, 80, 81 ],
          "attributes": {
          }
        },
        "$auto$opt_expr.cc:205:group_cell_inputs$70": {
          "hide_name": 1,
          "bits": [ 64, 65, 66 ],
          "attributes": {
          }
        },
        "$auto$opt_expr.cc:205:group_cell_inputs$92": {
          "hide_name": 1,
          "bits": [ 88, 89, 90 ],
          "attributes": {
          }
        },
        "$auto$opt_expr.cc:205:group_cell_inputs$95": {
          "hide_name": 1,
          "bits": [ 91, 92, 93 ],
          "attributes": {
          }
        },
        "$auto$wreduce.cc:514:run$54": {
          "hide_name": 1,
          "bits": [ 147, 148, 149, 150, 151, 152, 153, 154, 155, 156, 157, 158, 159, 160, 161, 162, 292, 293, 294, 295, 296, 297, 298, 299 ],
          "attributes": {
            "src": "designs/215/top.sv:32.36-32.125",
            "unused_bits": "16 17 18 19 20 21 22 23"
          }
        },
        "$auto$wreduce.cc:514:run$57": {
          "hide_name": 1,
          "bits": [ 241, 242, 243, 244, 245, 246, 247, 248, 249, 250, 251, 252, 253, 254, 255, 256, 257 ],
          "signed": 1,
          "attributes": {
            "src": "designs/215/top.sv:27.34-27.85"
          }
        },
        "$mul$designs/215/top.sv:20$11_Y": {
          "hide_name": 1,
          "bits": [ 125, 126, 127, 300, 301, 302, 303, 304, 305, 306, 307, 308, 309, 310, 311, 312, 313 ],
          "attributes": {
            "src": "designs/215/top.sv:20.36-20.156",
            "unused_bits": "3 4 5 6 7 8 9 10 11 12 13 14 15 16"
          }
        },
        "$shl$designs/215/top.sv:20$10_Y": {
          "hide_name": 1,
          "bits": [ 108, 109, 110, 111, 112, 113, 114, 115, 116, 117, 118, 119, 120, 121, 122, 123, 124 ],
          "signed": 1,
          "attributes": {
            "src": "designs/215/top.sv:20.47-20.145"
          }
        },
        "$shl$designs/215/top.sv:27$39_Y": {
          "hide_name": 1,
          "bits": [ 207, 208, 209, 210, 211, 212, 213, 214, 215, 216, 217, 218, 219, 220, 221, 222, 223 ],
          "signed": 1,
          "attributes": {
            "src": "designs/215/top.sv:27.35-27.74"
          }
        },
        "$shr$designs/215/top.sv:20$8_Y": {
          "hide_name": 1,
          "bits": [ 224, 225, 226, 227, 228, 229, 230, 231, 232, 233, 234, 235, 236, 237, 238, 239, 240 ],
          "signed": 1,
          "attributes": {
            "src": "designs/215/top.sv:20.67-20.118"
          }
        },
        "$shr$designs/215/top.sv:23$20_Y": {
          "hide_name": 1,
          "bits": [ 82, 83, 84 ],
          "signed": 1,
          "attributes": {
            "src": "designs/215/top.sv:23.82-23.111"
          }
        },
        "$sub$designs/215/top.sv:20$9_Y": {
          "hide_name": 1,
          "bits": [ 163, 164, 165, 166, 167, 168, 169, 170, 171, 172, 173, 174, 175, 176, 177, 178, 179 ],
          "attributes": {
            "src": "designs/215/top.sv:20.56-20.133"
          }
        },
        "$sub$designs/215/top.sv:23$26_Y": {
          "hide_name": 1,
          "bits": [ 275, 276, 277, 278, 279, 280, 281, 282, 283, 284, 285, 286, 287, 288, 289, 290, 291 ],
          "attributes": {
            "src": "designs/215/top.sv:23.42-23.163"
          }
        },
        "$sub$designs/215/top.sv:23$27_Y": {
          "hide_name": 1,
          "bits": [ 180, 181, 182, 183, 184, 185, 186, 187, 188, 189, 190, 191, 192, 193, 194, 195, 196 ],
          "attributes": {
            "src": "designs/215/top.sv:23.31-23.174"
          }
        },
        "$sub$designs/215/top.sv:27$41_Y": {
          "hide_name": 1,
          "bits": [ 258, 259, 260, 261, 262, 263, 264, 265, 266, 267, 268, 269, 270, 271, 272, 273, 274 ],
          "attributes": {
            "src": "designs/215/top.sv:27.23-27.96"
          }
        },
        "$sub$designs/215/top.sv:32$50_Y": {
          "hide_name": 1,
          "bits": [ 62, 128, 129, 130, 131, 132, 133, 134, 135, 136, 137, 138, 139, 140, 141, 142, 143, 144, 144, 144, 144, 144, 144, 144 ],
          "attributes": {
            "src": "designs/215/top.sv:32.56-32.103"
          }
        },
        "input_data": {
          "hide_name": 0,
          "bits": [ 2, 3, 4 ],
          "attributes": {
            "src": "designs/215/top.sv:2.17-2.27"
          }
        },
        "output_data": {
          "hide_name": 0,
          "bits": [ 5, 6, 7, 8, 9, 10, 11, 12, 13, 14, 15, 16, 17, 18, 19, 20 ],
          "attributes": {
            "src": "designs/215/top.sv:3.19-3.30"
          }
        },
        "temp_0": {
          "hide_name": 0,
          "bits": [ 56, 57, 58, 94, 95, 96, 97, 98, 99, 100, 101, 102, 103, 104, 105, 106, 107 ],
          "attributes": {
            "src": "designs/215/top.sv:6.18-6.24"
          }
        },
        "temp_1": {
          "hide_name": 0,
          "bits": [ 85, 86, 87 ],
          "attributes": {
            "src": "designs/215/top.sv:7.17-7.23"
          }
        },
        "temp_2": {
          "hide_name": 0,
          "bits": [ 21 ],
          "attributes": {
            "single_bit_vector": "00000000000000000000000000000001",
            "src": "designs/215/top.sv:8.17-8.23"
          }
        },
        "temp_3": {
          "hide_name": 0,
          "bits": [ 197, 198, 199, 200, 201, 202, 203, 204, 205, 206 ],
          "attributes": {
            "src": "designs/215/top.sv:9.17-9.23"
          }
        },
        "temp_7": {
          "hide_name": 0,
          "bits": [ 145, 146 ],
          "attributes": {
            "src": "designs/215/top.sv:13.17-13.23"
          }
        }
      }
    }
  }
}
