{
  "creator": "Yosys 0.60 (git sha1 5bafeb77dc71e054fa331ab9efa613e6fb0a1c49, clang++ 17.0.0 -fPIC -O3)",
  "modules": {
    "top": {
      "attributes": {
        "top": "00000000000000000000000000000001",
        "src": "designs/46/top.sv:1.1-42.10"
      },
      "ports": {
        "input_data": {
          "direction": "input",
          "bits": [ 2, 3, 4 ]
        },
        "output_data": {
          "direction": "output",
          "bits": [ 5, 6, 7, 8, 9, 10 ]
        }
      },
      "cells": {
        "$add$designs/46/top.sv:24$12": {
          "hide_name": 1,
          "type": "$add",
          "parameters": {
            "A_SIGNED": "00000000000000000000000000000000",
            "A_WIDTH": "00000000000000000000000000010111",
            "B_SIGNED": "00000000000000000000000000000000",
            "B_WIDTH": "00000000000000000000000000000011",
            "Y_WIDTH": "00000000000000000000000000011000"
          },
          "attributes": {
            "src": "designs/46/top.sv:24.27-24.141"
          },
          "port_directions": {
            "A": "input",
            "B": "input",
            "Y": "output"
          },
          "connections": {
            "A": [ 11, 12, 13, 14, 15, 16, 17, "1", "0", "1", "1", "1", "1", "1", "0", "1", "1", "1", "1", "1", "1", "1", "1" ],
            "B": [ 18, 19, 20 ],
            "Y": [ 21, 22, 23, 24, 25, 26, 27, 28, 29, 30, 31, 32, 33, 34, 35, 36, 37, 38, 39, 40, 41, 42, 43, 44 ]
          }
        },
        "$add$designs/46/top.sv:24$9": {
          "hide_name": 1,
          "type": "$add",
          "parameters": {
            "A_SIGNED": "00000000000000000000000000000000",
            "A_WIDTH": "00000000000000000000000000000110",
            "B_SIGNED": "00000000000000000000000000000000",
            "B_WIDTH": "00000000000000000000000000000011",
            "Y_WIDTH": "00000000000000000000000000000111"
          },
          "attributes": {
            "src": "designs/46/top.sv:24.30-24.106"
          },
          "port_directions": {
            "A": "input",
            "B": "input",
            "Y": "output"
          },
          "connections": {
            "A": [ 45, 46, 47, 48, 49, 50 ],
            "B": [ 18, 19, 20 ],
            "Y": [ 51, 52, 53, 54, 15, 55, 17 ]
          }
        },
        "$add$designs/46/top.sv:27$19": {
          "hide_name": 1,
          "type": "$add",
          "parameters": {
            "A_SIGNED": "00000000000000000000000000000000",
            "A_WIDTH": "00000000000000000000000000001011",
            "B_SIGNED": "00000000000000000000000000000000",
            "B_WIDTH": "00000000000000000000000000000011",
            "Y_WIDTH": "00000000000000000000000000001011"
          },
          "attributes": {
            "src": "designs/46/top.sv:27.55-27.124"
          },
          "port_directions": {
            "A": "input",
            "B": "input",
            "Y": "output"
          },
          "connections": {
            "A": [ 56, "1", "1", "1", "1", "1", "1", "1", "1", "1", "1" ],
            "B": [ 18, 19, 20 ],
            "Y": [ 57, 58, 59, 60, 61, 62, 63, 64, 65, 66, 67 ]
          }
        },
        "$add$designs/46/top.sv:27$25": {
          "hide_name": 1,
          "type": "$add",
          "parameters": {
            "A_SIGNED": "00000000000000000000000000000000",
            "A_WIDTH": "00000000000000000000000000001011",
            "B_SIGNED": "00000000000000000000000000000000",
            "B_WIDTH": "00000000000000000000000000000011",
            "Y_WIDTH": "00000000000000000000000000001011"
          },
          "attributes": {
            "src": "designs/46/top.sv:27.41-27.176"
          },
          "port_directions": {
            "A": "input",
            "B": "input",
            "Y": "output"
          },
          "connections": {
            "A": [ 68, 69, 70, "0", "0", "0", "0", "0", "0", "0", "0" ],
            "B": [ 18, 19, 20 ],
            "Y": [ 71, 72, 73, 74, 75, 76, 77, 78, 79, 80, 81 ]
          }
        },
        "$add$designs/46/top.sv:27$26": {
          "hide_name": 1,
          "type": "$add",
          "parameters": {
            "A_SIGNED": "00000000000000000000000000000000",
            "A_WIDTH": "00000000000000000000000000001011",
            "B_SIGNED": "00000000000000000000000000000000",
            "B_WIDTH": "00000000000000000000000000000011",
            "Y_WIDTH": "00000000000000000000000000001011"
          },
          "attributes": {
            "src": "designs/46/top.sv:27.30-27.191"
          },
          "port_directions": {
            "A": "input",
            "B": "input",
            "Y": "output"
          },
          "connections": {
            "A": [ 71, 72, 73, 74, 75, 76, 77, 78, 79, 80, 81 ],
            "B": [ 2, 3, 4 ],
            "Y": [ 82, 83, 84, 85, 86, 87, 88, 89, 90, 91, 92 ]
          }
        },
        "$add$designs/46/top.sv:28$27": {
          "hide_name": 1,
          "type": "$add",
          "parameters": {
            "A_SIGNED": "00000000000000000000000000000001",
            "A_WIDTH": "00000000000000000000000000000100",
            "B_SIGNED": "00000000000000000000000000000001",
            "B_WIDTH": "00000000000000000000000000001011",
            "Y_WIDTH": "00000000000000000000000000001100"
          },
          "attributes": {
            "src": "designs/46/top.sv:28.44-28.68"
          },
          "port_directions": {
            "A": "input",
            "B": "input",
            "Y": "output"
          },
          "connections": {
            "A": [ 18, 19, 20, "0" ],
            "B": [ 82, 83, 84, 85, 86, 87, 88, 89, 90, 91, 92 ],
            "Y": [ 93, 94, 95, 96, 97, 98, 99, 100, 101, 102, 103, 104 ]
          }
        },
        "$add$designs/46/top.sv:33$64": {
          "hide_name": 1,
          "type": "$add",
          "parameters": {
            "A_SIGNED": "00000000000000000000000000000000",
            "A_WIDTH": "00000000000000000000000000010100",
            "B_SIGNED": "00000000000000000000000000000000",
            "B_WIDTH": "00000000000000000000000000010001",
            "Y_WIDTH": "00000000000000000000000000010101"
          },
          "attributes": {
            "src": "designs/46/top.sv:33.24-33.78"
          },
          "port_directions": {
            "A": "input",
            "B": "input",
            "Y": "output"
          },
          "connections": {
            "A": [ 105, 106, 107, 108, 109, 110, 111, 112, 113, 114, 115, 116, 117, 118, 119, 120, 121, 122, 123, 124 ],
            "B": [ 125, 126, 127, 128, 129, 130, 131, 132, 133, 134, 135, 136, 137, 138, 139, 140, 141 ],
            "Y": [ 142, 143, 144, 145, 146, 147, 148, 149, 150, 151, 152, 153, 154, 155, 156, 157, 158, 159, 160, 161, 162 ]
          }
        },
        "$add$designs/46/top.sv:34$70": {
          "hide_name": 1,
          "type": "$add",
          "parameters": {
            "A_SIGNED": "00000000000000000000000000000000",
            "A_WIDTH": "00000000000000000000000000011000",
            "B_SIGNED": "00000000000000000000000000000000",
            "B_WIDTH": "00000000000000000000000000010100",
            "Y_WIDTH": "00000000000000000000000000011000"
          },
          "attributes": {
            "src": "designs/46/top.sv:34.63-34.92"
          },
          "port_directions": {
            "A": "input",
            "B": "input",
            "Y": "output"
          },
          "connections": {
            "A": [ 163, 164, 165, 166, 167, 168, 169, 170, 171, 172, 173, 174, 175, 176, 177, 178, 179, 180, 181, 182, 183, 184, 185, 186 ],
            "B": [ 82, 83, 84, 85, 86, 87, 88, 89, 90, 91, 92, 92, 92, 92, 92, 92, 92, 92, 92, 92 ],
            "Y": [ 187, 188, 189, 190, 191, 192, 193, 194, 195, 196, 197, 198, 199, 200, 201, 202, 203, 204, 205, 206, 207, 208, 209, 210 ]
          }
        },
        "$and$designs/46/top.sv:22$3": {
          "hide_name": 1,
          "type": "$and",
          "parameters": {
            "A_SIGNED": "00000000000000000000000000000000",
            "A_WIDTH": "00000000000000000000000000000011",
            "B_SIGNED": "00000000000000000000000000000000",
            "B_WIDTH": "00000000000000000000000000000011",
            "Y_WIDTH": "00000000000000000000000000000011"
          },
          "attributes": {
            "src": "designs/46/top.sv:22.24-22.86"
          },
          "port_directions": {
            "A": "input",
            "B": "input",
            "Y": "output"
          },
          "connections": {
            "A": [ 211, 212, 213 ],
            "B": [ 2, 3, 4 ],
            "Y": [ 214, 215, 216 ]
          }
        },
        "$and$designs/46/top.sv:22$4": {
          "hide_name": 1,
          "type": "$and",
          "parameters": {
            "A_SIGNED": "00000000000000000000000000000000",
            "A_WIDTH": "00000000000000000000000000000011",
            "B_SIGNED": "00000000000000000000000000000000",
            "B_WIDTH": "00000000000000000000000000000011",
            "Y_WIDTH": "00000000000000000000000000000011"
          },
          "attributes": {
            "src": "designs/46/top.sv:22.23-22.100"
          },
          "port_directions": {
            "A": "input",
            "B": "input",
            "Y": "output"
          },
          "connections": {
            "A": [ 214, 215, 216 ],
            "B": [ 2, 3, 4 ],
            "Y": [ 217, 218, 219 ]
          }
        },
        "$and$designs/46/top.sv:31$45": {
          "hide_name": 1,
          "type": "$and",
          "parameters": {
            "A_SIGNED": "00000000000000000000000000000000",
            "A_WIDTH": "00000000000000000000000000001011",
            "B_SIGNED": "00000000000000000000000000000000",
            "B_WIDTH": "00000000000000000000000000001011",
            "Y_WIDTH": "00000000000000000000000000001011"
          },
          "attributes": {
            "src": "designs/46/top.sv:31.63-31.78"
          },
          "port_directions": {
            "A": "input",
            "B": "input",
            "Y": "output"
          },
          "connections": {
            "A": [ 82, 83, 84, 85, 86, 87, 88, 89, 90, 91, 92 ],
            "B": [ 125, 126, 127, 128, 129, 130, 131, 132, 133, 134, 135 ],
            "Y": [ 220, 221, 222, 223, 224, 225, 226, 227, 228, 229, 230 ]
          }
        },
        "$and$designs/46/top.sv:31$46": {
          "hide_name": 1,
          "type": "$and",
          "parameters": {
            "A_SIGNED": "00000000000000000000000000000000",
            "A_WIDTH": "00000000000000000000000000001011",
            "B_SIGNED": "00000000000000000000000000000000",
            "B_WIDTH": "00000000000000000000000000001011",
            "Y_WIDTH": "00000000000000000000000000001011"
          },
          "attributes": {
            "src": "designs/46/top.sv:31.54-31.89"
          },
          "port_directions": {
            "A": "input",
            "B": "input",
            "Y": "output"
          },
          "connections": {
            "A": [ 220, 221, 222, 223, 224, 225, 226, 227, 228, 229, 230 ],
            "B": [ 231, 232, 233, 234, 235, 236, 237, 238, 239, 240, 241 ],
            "Y": [ 242, 243, 244, 245, 246, 247, 248, 249, 250, 251, 252 ]
          }
        },
        "$and$designs/46/top.sv:31$49": {
          "hide_name": 1,
          "type": "$and",
          "parameters": {
            "A_SIGNED": "00000000000000000000000000000000",
            "A_WIDTH": "00000000000000000000000000001011",
            "B_SIGNED": "00000000000000000000000000000000",
            "B_WIDTH": "00000000000000000000000000001011",
            "Y_WIDTH": "00000000000000000000000000001011"
          },
          "attributes": {
            "src": "designs/46/top.sv:31.45-31.109"
          },
          "port_directions": {
            "A": "input",
            "B": "input",
            "Y": "output"
          },
          "connections": {
            "A": [ 242, 243, 244, 245, 246, 247, 248, 249, 250, 251, 252 ],
            "B": [ 253, 254, 255, 256, 257, 258, 259, 260, 261, 262, 263 ],
            "Y": [ 264, 265, 266, 267, 268, 269, 270, 271, 272, 273, 274 ]
          }
        },
        "$and$designs/46/top.sv:31$50": {
          "hide_name": 1,
          "type": "$and",
          "parameters": {
            "A_SIGNED": "00000000000000000000000000000000",
            "A_WIDTH": "00000000000000000000000000001011",
            "B_SIGNED": "00000000000000000000000000000000",
            "B_WIDTH": "00000000000000000000000000001011",
            "Y_WIDTH": "00000000000000000000000000001011"
          },
          "attributes": {
            "src": "designs/46/top.sv:31.44-31.119"
          },
          "port_directions": {
            "A": "input",
            "B": "input",
            "Y": "output"
          },
          "connections": {
            "A": [ 264, 265, 266, 267, 268, 269, 270, 271, 272, 273, 274 ],
            "B": [ 21, 22, 23, 24, 25, 26, 27, 28, 29, 30, 31 ],
            "Y": [ 275, 276, 277, 278, 279, 280, 281, 282, 283, 284, 285 ]
          }
        },
        "$auto$opt_expr.cc:250:group_cell_inputs$216": {
          "hide_name": 1,
          "type": "$not",
          "parameters": {
            "A_SIGNED": "00000000000000000000000000000000",
            "A_WIDTH": "00000000000000000000000000000001",
            "Y_WIDTH": "00000000000000000000000000000001"
          },
          "attributes": {
          },
          "port_directions": {
            "A": "input",
            "Y": "output"
          },
          "connections": {
            "A": [ 286 ],
            "Y": [ 164 ]
          }
        },
        "$auto$opt_expr.cc:250:group_cell_inputs$218": {
          "hide_name": 1,
          "type": "$not",
          "parameters": {
            "A_SIGNED": "00000000000000000000000000000000",
            "A_WIDTH": "00000000000000000000000000000001",
            "Y_WIDTH": "00000000000000000000000000000001"
          },
          "attributes": {
          },
          "port_directions": {
            "A": "input",
            "Y": "output"
          },
          "connections": {
            "A": [ 287 ],
            "Y": [ 165 ]
          }
        },
        "$auto$opt_expr.cc:250:group_cell_inputs$220": {
          "hide_name": 1,
          "type": "$not",
          "parameters": {
            "A_SIGNED": "00000000000000000000000000000000",
            "A_WIDTH": "00000000000000000000000000000001",
            "Y_WIDTH": "00000000000000000000000000000001"
          },
          "attributes": {
          },
          "port_directions": {
            "A": "input",
            "Y": "output"
          },
          "connections": {
            "A": [ 288 ],
            "Y": [ 166 ]
          }
        },
        "$auto$opt_expr.cc:250:group_cell_inputs$222": {
          "hide_name": 1,
          "type": "$not",
          "parameters": {
            "A_SIGNED": "00000000000000000000000000000000",
            "A_WIDTH": "00000000000000000000000000000001",
            "Y_WIDTH": "00000000000000000000000000000001"
          },
          "attributes": {
          },
          "port_directions": {
            "A": "input",
            "Y": "output"
          },
          "connections": {
            "A": [ 289 ],
            "Y": [ 167 ]
          }
        },
        "$auto$opt_expr.cc:250:group_cell_inputs$224": {
          "hide_name": 1,
          "type": "$not",
          "parameters": {
            "A_SIGNED": "00000000000000000000000000000000",
            "A_WIDTH": "00000000000000000000000000000001",
            "Y_WIDTH": "00000000000000000000000000000001"
          },
          "attributes": {
          },
          "port_directions": {
            "A": "input",
            "Y": "output"
          },
          "connections": {
            "A": [ 290 ],
            "Y": [ 168 ]
          }
        },
        "$auto$opt_expr.cc:250:group_cell_inputs$226": {
          "hide_name": 1,
          "type": "$not",
          "parameters": {
            "A_SIGNED": "00000000000000000000000000000000",
            "A_WIDTH": "00000000000000000000000000000001",
            "Y_WIDTH": "00000000000000000000000000000001"
          },
          "attributes": {
          },
          "port_directions": {
            "A": "input",
            "Y": "output"
          },
          "connections": {
            "A": [ 291 ],
            "Y": [ 169 ]
          }
        },
        "$auto$opt_expr.cc:250:group_cell_inputs$228": {
          "hide_name": 1,
          "type": "$not",
          "parameters": {
            "A_SIGNED": "00000000000000000000000000000000",
            "A_WIDTH": "00000000000000000000000000000001",
            "Y_WIDTH": "00000000000000000000000000000001"
          },
          "attributes": {
          },
          "port_directions": {
            "A": "input",
            "Y": "output"
          },
          "connections": {
            "A": [ 292 ],
            "Y": [ 170 ]
          }
        },
        "$auto$opt_expr.cc:250:group_cell_inputs$230": {
          "hide_name": 1,
          "type": "$not",
          "parameters": {
            "A_SIGNED": "00000000000000000000000000000000",
            "A_WIDTH": "00000000000000000000000000000001",
            "Y_WIDTH": "00000000000000000000000000000001"
          },
          "attributes": {
          },
          "port_directions": {
            "A": "input",
            "Y": "output"
          },
          "connections": {
            "A": [ 293 ],
            "Y": [ 171 ]
          }
        },
        "$auto$opt_expr.cc:250:group_cell_inputs$232": {
          "hide_name": 1,
          "type": "$not",
          "parameters": {
            "A_SIGNED": "00000000000000000000000000000000",
            "A_WIDTH": "00000000000000000000000000000001",
            "Y_WIDTH": "00000000000000000000000000000001"
          },
          "attributes": {
          },
          "port_directions": {
            "A": "input",
            "Y": "output"
          },
          "connections": {
            "A": [ 294 ],
            "Y": [ 172 ]
          }
        },
        "$auto$opt_expr.cc:250:group_cell_inputs$234": {
          "hide_name": 1,
          "type": "$not",
          "parameters": {
            "A_SIGNED": "00000000000000000000000000000000",
            "A_WIDTH": "00000000000000000000000000000001",
            "Y_WIDTH": "00000000000000000000000000000001"
          },
          "attributes": {
          },
          "port_directions": {
            "A": "input",
            "Y": "output"
          },
          "connections": {
            "A": [ 295 ],
            "Y": [ 173 ]
          }
        },
        "$auto$opt_expr.cc:250:group_cell_inputs$236": {
          "hide_name": 1,
          "type": "$not",
          "parameters": {
            "A_SIGNED": "00000000000000000000000000000000",
            "A_WIDTH": "00000000000000000000000000000001",
            "Y_WIDTH": "00000000000000000000000000000001"
          },
          "attributes": {
          },
          "port_directions": {
            "A": "input",
            "Y": "output"
          },
          "connections": {
            "A": [ 296 ],
            "Y": [ 174 ]
          }
        },
        "$auto$opt_expr.cc:250:group_cell_inputs$238": {
          "hide_name": 1,
          "type": "$not",
          "parameters": {
            "A_SIGNED": "00000000000000000000000000000000",
            "A_WIDTH": "00000000000000000000000000000001",
            "Y_WIDTH": "00000000000000000000000000000001"
          },
          "attributes": {
          },
          "port_directions": {
            "A": "input",
            "Y": "output"
          },
          "connections": {
            "A": [ 297 ],
            "Y": [ 175 ]
          }
        },
        "$auto$opt_expr.cc:250:group_cell_inputs$240": {
          "hide_name": 1,
          "type": "$not",
          "parameters": {
            "A_SIGNED": "00000000000000000000000000000000",
            "A_WIDTH": "00000000000000000000000000000001",
            "Y_WIDTH": "00000000000000000000000000000001"
          },
          "attributes": {
          },
          "port_directions": {
            "A": "input",
            "Y": "output"
          },
          "connections": {
            "A": [ 298 ],
            "Y": [ 176 ]
          }
        },
        "$auto$opt_expr.cc:250:group_cell_inputs$242": {
          "hide_name": 1,
          "type": "$not",
          "parameters": {
            "A_SIGNED": "00000000000000000000000000000000",
            "A_WIDTH": "00000000000000000000000000000001",
            "Y_WIDTH": "00000000000000000000000000000001"
          },
          "attributes": {
          },
          "port_directions": {
            "A": "input",
            "Y": "output"
          },
          "connections": {
            "A": [ 299 ],
            "Y": [ 177 ]
          }
        },
        "$auto$opt_expr.cc:250:group_cell_inputs$244": {
          "hide_name": 1,
          "type": "$not",
          "parameters": {
            "A_SIGNED": "00000000000000000000000000000000",
            "A_WIDTH": "00000000000000000000000000000001",
            "Y_WIDTH": "00000000000000000000000000000001"
          },
          "attributes": {
          },
          "port_directions": {
            "A": "input",
            "Y": "output"
          },
          "connections": {
            "A": [ 300 ],
            "Y": [ 178 ]
          }
        },
        "$auto$opt_expr.cc:250:group_cell_inputs$246": {
          "hide_name": 1,
          "type": "$not",
          "parameters": {
            "A_SIGNED": "00000000000000000000000000000000",
            "A_WIDTH": "00000000000000000000000000000001",
            "Y_WIDTH": "00000000000000000000000000000001"
          },
          "attributes": {
          },
          "port_directions": {
            "A": "input",
            "Y": "output"
          },
          "connections": {
            "A": [ 301 ],
            "Y": [ 179 ]
          }
        },
        "$auto$opt_expr.cc:250:group_cell_inputs$248": {
          "hide_name": 1,
          "type": "$not",
          "parameters": {
            "A_SIGNED": "00000000000000000000000000000000",
            "A_WIDTH": "00000000000000000000000000000001",
            "Y_WIDTH": "00000000000000000000000000000001"
          },
          "attributes": {
          },
          "port_directions": {
            "A": "input",
            "Y": "output"
          },
          "connections": {
            "A": [ 302 ],
            "Y": [ 180 ]
          }
        },
        "$auto$opt_expr.cc:250:group_cell_inputs$250": {
          "hide_name": 1,
          "type": "$not",
          "parameters": {
            "A_SIGNED": "00000000000000000000000000000000",
            "A_WIDTH": "00000000000000000000000000000001",
            "Y_WIDTH": "00000000000000000000000000000001"
          },
          "attributes": {
          },
          "port_directions": {
            "A": "input",
            "Y": "output"
          },
          "connections": {
            "A": [ 303 ],
            "Y": [ 181 ]
          }
        },
        "$auto$opt_expr.cc:250:group_cell_inputs$252": {
          "hide_name": 1,
          "type": "$not",
          "parameters": {
            "A_SIGNED": "00000000000000000000000000000000",
            "A_WIDTH": "00000000000000000000000000000001",
            "Y_WIDTH": "00000000000000000000000000000001"
          },
          "attributes": {
          },
          "port_directions": {
            "A": "input",
            "Y": "output"
          },
          "connections": {
            "A": [ 304 ],
            "Y": [ 182 ]
          }
        },
        "$auto$opt_expr.cc:250:group_cell_inputs$254": {
          "hide_name": 1,
          "type": "$not",
          "parameters": {
            "A_SIGNED": "00000000000000000000000000000000",
            "A_WIDTH": "00000000000000000000000000000001",
            "Y_WIDTH": "00000000000000000000000000000001"
          },
          "attributes": {
          },
          "port_directions": {
            "A": "input",
            "Y": "output"
          },
          "connections": {
            "A": [ 305 ],
            "Y": [ 183 ]
          }
        },
        "$auto$opt_expr.cc:250:group_cell_inputs$256": {
          "hide_name": 1,
          "type": "$not",
          "parameters": {
            "A_SIGNED": "00000000000000000000000000000000",
            "A_WIDTH": "00000000000000000000000000000001",
            "Y_WIDTH": "00000000000000000000000000000001"
          },
          "attributes": {
          },
          "port_directions": {
            "A": "input",
            "Y": "output"
          },
          "connections": {
            "A": [ 306 ],
            "Y": [ 184 ]
          }
        },
        "$auto$opt_expr.cc:250:group_cell_inputs$258": {
          "hide_name": 1,
          "type": "$not",
          "parameters": {
            "A_SIGNED": "00000000000000000000000000000000",
            "A_WIDTH": "00000000000000000000000000000001",
            "Y_WIDTH": "00000000000000000000000000000001"
          },
          "attributes": {
          },
          "port_directions": {
            "A": "input",
            "Y": "output"
          },
          "connections": {
            "A": [ 307 ],
            "Y": [ 185 ]
          }
        },
        "$auto$opt_expr.cc:250:group_cell_inputs$260": {
          "hide_name": 1,
          "type": "$not",
          "parameters": {
            "A_SIGNED": "00000000000000000000000000000000",
            "A_WIDTH": "00000000000000000000000000000001",
            "Y_WIDTH": "00000000000000000000000000000001"
          },
          "attributes": {
          },
          "port_directions": {
            "A": "input",
            "Y": "output"
          },
          "connections": {
            "A": [ 308 ],
            "Y": [ 186 ]
          }
        },
        "$auto$opt_expr.cc:276:group_cell_inputs$101": {
          "hide_name": 1,
          "type": "$xor",
          "parameters": {
            "A_SIGNED": "00000000000000000000000000000000",
            "A_WIDTH": "00000000000000000000000000000011",
            "B_SIGNED": "00000000000000000000000000000000",
            "B_WIDTH": "00000000000000000000000000000011",
            "Y_WIDTH": "00000000000000000000000000000011"
          },
          "attributes": {
          },
          "port_directions": {
            "A": "input",
            "B": "input",
            "Y": "output"
          },
          "connections": {
            "A": [ 309, 310, 311 ],
            "B": [ 18, 19, 20 ],
            "Y": [ 45, 46, 47 ]
          }
        },
        "$auto$opt_expr.cc:276:group_cell_inputs$104": {
          "hide_name": 1,
          "type": "$or",
          "parameters": {
            "A_SIGNED": "00000000000000000000000000000000",
            "A_WIDTH": "00000000000000000000000000000011",
            "B_SIGNED": "00000000000000000000000000000000",
            "B_WIDTH": "00000000000000000000000000000011",
            "Y_WIDTH": "00000000000000000000000000000011"
          },
          "attributes": {
          },
          "port_directions": {
            "A": "input",
            "B": "input",
            "Y": "output"
          },
          "connections": {
            "A": [ 51, 52, 53 ],
            "B": [ 18, 19, 20 ],
            "Y": [ 312, 313, 314 ]
          }
        },
        "$auto$opt_expr.cc:276:group_cell_inputs$119": {
          "hide_name": 1,
          "type": "$not",
          "parameters": {
            "A_SIGNED": "00000000000000000000000000000000",
            "A_WIDTH": "00000000000000000000000000000011",
            "Y_WIDTH": "00000000000000000000000000000011"
          },
          "attributes": {
          },
          "port_directions": {
            "A": "input",
            "Y": "output"
          },
          "connections": {
            "A": [ 2, 3, 4 ],
            "Y": [ 315, 316, 317 ]
          }
        },
        "$auto$opt_expr.cc:276:group_cell_inputs$123": {
          "hide_name": 1,
          "type": "$and",
          "parameters": {
            "A_SIGNED": "00000000000000000000000000000000",
            "A_WIDTH": "00000000000000000000000000000011",
            "B_SIGNED": "00000000000000000000000000000000",
            "B_WIDTH": "00000000000000000000000000000011",
            "Y_WIDTH": "00000000000000000000000000000011"
          },
          "attributes": {
          },
          "port_directions": {
            "A": "input",
            "B": "input",
            "Y": "output"
          },
          "connections": {
            "A": [ 318, 319, 320 ],
            "B": [ 2, 3, 4 ],
            "Y": [ 68, 69, 70 ]
          }
        },
        "$auto$opt_expr.cc:276:group_cell_inputs$127": {
          "hide_name": 1,
          "type": "$and",
          "parameters": {
            "A_SIGNED": "00000000000000000000000000000000",
            "A_WIDTH": "00000000000000000000000000000011",
            "B_SIGNED": "00000000000000000000000000000000",
            "B_WIDTH": "00000000000000000000000000000011",
            "Y_WIDTH": "00000000000000000000000000000011"
          },
          "attributes": {
          },
          "port_directions": {
            "A": "input",
            "B": "input",
            "Y": "output"
          },
          "connections": {
            "A": [ 93, 94, 95 ],
            "B": [ 2, 3, 4 ],
            "Y": [ 321, 322, 323 ]
          }
        },
        "$auto$opt_expr.cc:276:group_cell_inputs$131": {
          "hide_name": 1,
          "type": "$xor",
          "parameters": {
            "A_SIGNED": "00000000000000000000000000000000",
            "A_WIDTH": "00000000000000000000000000000011",
            "B_SIGNED": "00000000000000000000000000000000",
            "B_WIDTH": "00000000000000000000000000000011",
            "Y_WIDTH": "00000000000000000000000000000011"
          },
          "attributes": {
          },
          "port_directions": {
            "A": "input",
            "B": "input",
            "Y": "output"
          },
          "connections": {
            "A": [ 2, 3, 4 ],
            "B": [ 21, 22, 23 ],
            "Y": [ 324, 325, 326 ]
          }
        },
        "$auto$opt_expr.cc:276:group_cell_inputs$134": {
          "hide_name": 1,
          "type": "$xor",
          "parameters": {
            "A_SIGNED": "00000000000000000000000000000000",
            "A_WIDTH": "00000000000000000000000000000011",
            "B_SIGNED": "00000000000000000000000000000000",
            "B_WIDTH": "00000000000000000000000000000011",
            "Y_WIDTH": "00000000000000000000000000000011"
          },
          "attributes": {
          },
          "port_directions": {
            "A": "input",
            "B": "input",
            "Y": "output"
          },
          "connections": {
            "A": [ 324, 325, 326 ],
            "B": [ 2, 3, 4 ],
            "Y": [ 327, 328, 329 ]
          }
        },
        "$auto$opt_expr.cc:276:group_cell_inputs$137": {
          "hide_name": 1,
          "type": "$and",
          "parameters": {
            "A_SIGNED": "00000000000000000000000000000000",
            "A_WIDTH": "00000000000000000000000000000011",
            "B_SIGNED": "00000000000000000000000000000000",
            "B_WIDTH": "00000000000000000000000000000011",
            "Y_WIDTH": "00000000000000000000000000000011"
          },
          "attributes": {
          },
          "port_directions": {
            "A": "input",
            "B": "input",
            "Y": "output"
          },
          "connections": {
            "A": [ 327, 328, 329 ],
            "B": [ 2, 3, 4 ],
            "Y": [ 330, 331, 332 ]
          }
        },
        "$auto$opt_expr.cc:276:group_cell_inputs$141": {
          "hide_name": 1,
          "type": "$xor",
          "parameters": {
            "A_SIGNED": "00000000000000000000000000000000",
            "A_WIDTH": "00000000000000000000000000000011",
            "B_SIGNED": "00000000000000000000000000000000",
            "B_WIDTH": "00000000000000000000000000000011",
            "Y_WIDTH": "00000000000000000000000000000011"
          },
          "attributes": {
          },
          "port_directions": {
            "A": "input",
            "B": "input",
            "Y": "output"
          },
          "connections": {
            "A": [ 330, 331, 332 ],
            "B": [ 2, 3, 4 ],
            "Y": [ 333, 334, 335 ]
          }
        },
        "$auto$opt_expr.cc:276:group_cell_inputs$144": {
          "hide_name": 1,
          "type": "$or",
          "parameters": {
            "A_SIGNED": "00000000000000000000000000000000",
            "A_WIDTH": "00000000000000000000000000000011",
            "B_SIGNED": "00000000000000000000000000000000",
            "B_WIDTH": "00000000000000000000000000000011",
            "Y_WIDTH": "00000000000000000000000000000011"
          },
          "attributes": {
          },
          "port_directions": {
            "A": "input",
            "B": "input",
            "Y": "output"
          },
          "connections": {
            "A": [ 333, 334, 335 ],
            "B": [ 2, 3, 4 ],
            "Y": [ 336, 337, 338 ]
          }
        },
        "$auto$opt_expr.cc:276:group_cell_inputs$172": {
          "hide_name": 1,
          "type": "$xor",
          "parameters": {
            "A_SIGNED": "00000000000000000000000000000000",
            "A_WIDTH": "00000000000000000000000000000011",
            "B_SIGNED": "00000000000000000000000000000000",
            "B_WIDTH": "00000000000000000000000000000011",
            "Y_WIDTH": "00000000000000000000000000000011"
          },
          "attributes": {
          },
          "port_directions": {
            "A": "input",
            "B": "input",
            "Y": "output"
          },
          "connections": {
            "A": [ 142, 143, 144 ],
            "B": [ 339, 340, 341 ],
            "Y": [ 342, 343, 344 ]
          }
        },
        "$auto$opt_expr.cc:276:group_cell_inputs$179": {
          "hide_name": 1,
          "type": "$xor",
          "parameters": {
            "A_SIGNED": "00000000000000000000000000000000",
            "A_WIDTH": "00000000000000000000000000001011",
            "B_SIGNED": "00000000000000000000000000000000",
            "B_WIDTH": "00000000000000000000000000001011",
            "Y_WIDTH": "00000000000000000000000000001011"
          },
          "attributes": {
          },
          "port_directions": {
            "A": "input",
            "B": "input",
            "Y": "output"
          },
          "connections": {
            "A": [ 187, 188, 189, 190, 191, 192, 193, 194, 195, 196, 197 ],
            "B": [ 345, 346, 347, 348, 349, 350, 351, 352, 353, 354, 355 ],
            "Y": [ 356, 357, 358, 359, 360, 361, 362, 363, 364, 365, 366 ]
          }
        },
        "$auto$opt_expr.cc:276:group_cell_inputs$182": {
          "hide_name": 1,
          "type": "$or",
          "parameters": {
            "A_SIGNED": "00000000000000000000000000000000",
            "A_WIDTH": "00000000000000000000000000000011",
            "B_SIGNED": "00000000000000000000000000000000",
            "B_WIDTH": "00000000000000000000000000000011",
            "Y_WIDTH": "00000000000000000000000000000011"
          },
          "attributes": {
          },
          "port_directions": {
            "A": "input",
            "B": "input",
            "Y": "output"
          },
          "connections": {
            "A": [ 356, 357, 358 ],
            "B": [ 18, 19, 20 ],
            "Y": [ 367, 368, 369 ]
          }
        },
        "$auto$opt_expr.cc:276:group_cell_inputs$185": {
          "hide_name": 1,
          "type": "$xor",
          "parameters": {
            "A_SIGNED": "00000000000000000000000000000000",
            "A_WIDTH": "00000000000000000000000000010100",
            "B_SIGNED": "00000000000000000000000000000000",
            "B_WIDTH": "00000000000000000000000000010100",
            "Y_WIDTH": "00000000000000000000000000010100"
          },
          "attributes": {
          },
          "port_directions": {
            "A": "input",
            "B": "input",
            "Y": "output"
          },
          "connections": {
            "A": [ 367, 368, 369, 359, 360, 361, 362, 363, 364, 365, 366, 198, 199, 200, 201, 202, 203, 204, 205, 206 ],
            "B": [ 82, 83, 84, 85, 86, 87, 88, 89, 90, 91, 92, 92, 92, 92, 92, 92, 92, 92, 92, 92 ],
            "Y": [ 370, 371, 372, 373, 374, 375, 376, 377, 378, 379, 380, 381, 382, 383, 384, 385, 386, 387, 388, 389 ]
          }
        },
        "$auto$opt_expr.cc:276:group_cell_inputs$206": {
          "hide_name": 1,
          "type": "$not",
          "parameters": {
            "A_SIGNED": "00000000000000000000000000000000",
            "A_WIDTH": "00000000000000000000000000000101",
            "Y_WIDTH": "00000000000000000000000000000101"
          },
          "attributes": {
          },
          "port_directions": {
            "A": "input",
            "Y": "output"
          },
          "connections": {
            "A": [ 312, 313, 314, 54, 55 ],
            "Y": [ 11, 12, 13, 14, 16 ]
          }
        },
        "$auto$opt_expr.cc:276:group_cell_inputs$267": {
          "hide_name": 1,
          "type": "$xor",
          "parameters": {
            "A_SIGNED": "00000000000000000000000000000000",
            "A_WIDTH": "00000000000000000000000000001010",
            "B_SIGNED": "00000000000000000000000000000000",
            "B_WIDTH": "00000000000000000000000000001010",
            "Y_WIDTH": "00000000000000000000000000001010"
          },
          "attributes": {
          },
          "port_directions": {
            "A": "input",
            "B": "input",
            "Y": "output"
          },
          "connections": {
            "A": [ 276, 277, 278, 279, 280, 281, 282, 283, 284, 285 ],
            "B": [ 126, 127, 128, 129, 130, 131, 132, 133, 134, 135 ],
            "Y": [ 390, 391, 392, 393, 394, 395, 396, 397, 398, 399 ]
          }
        },
        "$auto$opt_expr.cc:615:replace_const_cells$262": {
          "hide_name": 1,
          "type": "$not",
          "parameters": {
            "A_SIGNED": "00000000000000000000000000000000",
            "A_WIDTH": "00000000000000000000000000000001",
            "Y_WIDTH": "00000000000000000000000000000001"
          },
          "attributes": {
          },
          "port_directions": {
            "A": "input",
            "Y": "output"
          },
          "connections": {
            "A": [ 18 ],
            "Y": [ 56 ]
          }
        },
        "$auto$opt_expr.cc:615:replace_const_cells$264": {
          "hide_name": 1,
          "type": "$not",
          "parameters": {
            "A_SIGNED": "00000000000000000000000000000000",
            "A_WIDTH": "00000000000000000000000000000001",
            "Y_WIDTH": "00000000000000000000000000000001"
          },
          "attributes": {
          },
          "port_directions": {
            "A": "input",
            "Y": "output"
          },
          "connections": {
            "A": [ 400 ],
            "Y": [ 339 ]
          }
        },
        "$auto$opt_expr.cc:615:replace_const_cells$271": {
          "hide_name": 1,
          "type": "$not",
          "parameters": {
            "A_SIGNED": "00000000000000000000000000000000",
            "A_WIDTH": "00000000000000000000000000000001",
            "Y_WIDTH": "00000000000000000000000000000001"
          },
          "attributes": {
          },
          "port_directions": {
            "A": "input",
            "Y": "output"
          },
          "connections": {
            "A": [ 401 ],
            "Y": [ 402 ]
          }
        },
        "$mul$designs/46/top.sv:24$6": {
          "hide_name": 1,
          "type": "$mul",
          "parameters": {
            "A_SIGNED": "00000000000000000000000000000000",
            "A_WIDTH": "00000000000000000000000000000011",
            "B_SIGNED": "00000000000000000000000000000000",
            "B_WIDTH": "00000000000000000000000000000011",
            "Y_WIDTH": "00000000000000000000000000000110"
          },
          "attributes": {
            "src": "designs/46/top.sv:24.51-24.70"
          },
          "port_directions": {
            "A": "input",
            "B": "input",
            "Y": "output"
          },
          "connections": {
            "A": [ 18, 19, 20 ],
            "B": [ 2, 3, 4 ],
            "Y": [ 403, 404, 405, 406, 407, 408 ]
          }
        },
        "$mul$designs/46/top.sv:24$7": {
          "hide_name": 1,
          "type": "$mul",
          "parameters": {
            "A_SIGNED": "00000000000000000000000000000000",
            "A_WIDTH": "00000000000000000000000000000110",
            "B_SIGNED": "00000000000000000000000000000000",
            "B_WIDTH": "00000000000000000000000000000011",
            "Y_WIDTH": "00000000000000000000000000000110"
          },
          "attributes": {
            "src": "designs/46/top.sv:24.42-24.85"
          },
          "port_directions": {
            "A": "input",
            "B": "input",
            "Y": "output"
          },
          "connections": {
            "A": [ 403, 404, 405, 406, 407, 408 ],
            "B": [ 2, 3, 4 ],
            "Y": [ 309, 310, 311, 48, 49, 50 ]
          }
        },
        "$mul$designs/46/top.sv:29$35": {
          "hide_name": 1,
          "type": "$mul",
          "parameters": {
            "A_SIGNED": "00000000000000000000000000000000",
            "A_WIDTH": "00000000000000000000000000011000",
            "B_SIGNED": "00000000000000000000000000000000",
            "B_WIDTH": "00000000000000000000000000011000",
            "Y_WIDTH": "00000000000000000000000000001110"
          },
          "attributes": {
            "src": "designs/46/top.sv:29.23-29.153"
          },
          "port_directions": {
            "A": "input",
            "B": "input",
            "Y": "output"
          },
          "connections": {
            "A": [ 336, 337, 338, "0", "0", "0", "0", "0", "0", "0", "0", "0", "0", "0", "0", "0", "0", "0", "0", "0", "0", "0", "0", "0" ],
            "B": [ 21, 22, 23, 24, 25, 26, 27, 28, 29, 30, 31, 32, 33, 34, 35, 36, 37, 38, 39, 40, 41, 42, 43, 44 ],
            "Y": [ 409, 410, 411, 412, 413, 414, 415, 416, 417, 418, 419, 420, 421, 422 ]
          }
        },
        "$mul$designs/46/top.sv:30$37": {
          "hide_name": 1,
          "type": "$mul",
          "parameters": {
            "A_SIGNED": "00000000000000000000000000000000",
            "A_WIDTH": "00000000000000000000000000001110",
            "B_SIGNED": "00000000000000000000000000000000",
            "B_WIDTH": "00000000000000000000000000001110",
            "Y_WIDTH": "00000000000000000000000000000011"
          },
          "attributes": {
            "src": "designs/46/top.sv:30.37-30.52"
          },
          "port_directions": {
            "A": "input",
            "B": "input",
            "Y": "output"
          },
          "connections": {
            "A": [ 231, 232, 233, 234, 235, 236, 237, 238, 239, 240, 241, 423, 424, 425 ],
            "B": [ 231, 232, 233, 234, 235, 236, 237, 238, 239, 240, 241, 423, 424, 425 ],
            "Y": [ 426, 427, 428 ]
          }
        },
        "$mul$designs/46/top.sv:33$62": {
          "hide_name": 1,
          "type": "$mul",
          "parameters": {
            "A_SIGNED": "00000000000000000000000000000000",
            "A_WIDTH": "00000000000000000000000000000011",
            "B_SIGNED": "00000000000000000000000000000000",
            "B_WIDTH": "00000000000000000000000000001110",
            "Y_WIDTH": "00000000000000000000000000010001"
          },
          "attributes": {
            "src": "designs/46/top.sv:33.26-33.54"
          },
          "port_directions": {
            "A": "input",
            "B": "input",
            "Y": "output"
          },
          "connections": {
            "A": [ 2, 3, 4 ],
            "B": [ 231, 232, 233, 234, 235, 236, 237, 238, 239, 240, 241, 423, 424, 425 ],
            "Y": [ 429, 430, 431, 432, 433, 434, 435, 436, 437, 438, 439, 440, 441, 442, 443, 444, 445 ]
          }
        },
        "$mul$designs/46/top.sv:33$63": {
          "hide_name": 1,
          "type": "$mul",
          "parameters": {
            "A_SIGNED": "00000000000000000000000000000000",
            "A_WIDTH": "00000000000000000000000000010001",
            "B_SIGNED": "00000000000000000000000000000000",
            "B_WIDTH": "00000000000000000000000000000011",
            "Y_WIDTH": "00000000000000000000000000010100"
          },
          "attributes": {
            "src": "designs/46/top.sv:33.25-33.68"
          },
          "port_directions": {
            "A": "input",
            "B": "input",
            "Y": "output"
          },
          "connections": {
            "A": [ 429, 430, 431, 432, 433, 434, 435, 436, 437, 438, 439, 440, 441, 442, 443, 444, 445 ],
            "B": [ 2, 3, 4 ],
            "Y": [ 105, 106, 107, 108, 109, 110, 111, 112, 113, 114, 115, 116, 117, 118, 119, 120, 121, 122, 123, 124 ]
          }
        },
        "$mul$designs/46/top.sv:33$66": {
          "hide_name": 1,
          "type": "$mul",
          "parameters": {
            "A_SIGNED": "00000000000000000000000000000000",
            "A_WIDTH": "00000000000000000000000000010101",
            "B_SIGNED": "00000000000000000000000000000000",
            "B_WIDTH": "00000000000000000000000000011000",
            "Y_WIDTH": "00000000000000000000000000011000"
          },
          "attributes": {
            "src": "designs/46/top.sv:33.22-33.98"
          },
          "port_directions": {
            "A": "input",
            "B": "input",
            "Y": "output"
          },
          "connections": {
            "A": [ 342, 343, 344, 145, 146, 147, 148, 149, 150, 151, 152, 153, 154, 155, 156, 157, 158, 159, 160, 161, 162 ],
            "B": [ 21, 22, 23, 24, 25, 26, 27, 28, 29, 30, 31, 32, 33, 34, 35, 36, 37, 38, 39, 40, 41, 42, 43, 44 ],
            "Y": [ 163, 286, 287, 288, 289, 290, 291, 292, 293, 294, 295, 296, 297, 298, 299, 300, 301, 302, 303, 304, 305, 306, 307, 308 ]
          }
        },
        "$not$designs/46/top.sv:30$42": {
          "hide_name": 1,
          "type": "$not",
          "parameters": {
            "A_SIGNED": "00000000000000000000000000000000",
            "A_WIDTH": "00000000000000000000000000000011",
            "Y_WIDTH": "00000000000000000000000000000011"
          },
          "attributes": {
            "src": "designs/46/top.sv:30.88-30.95"
          },
          "port_directions": {
            "A": "input",
            "Y": "output"
          },
          "connections": {
            "A": [ 125, 126, 127 ],
            "Y": [ 446, 447, 448 ]
          }
        },
        "$not$designs/46/top.sv:31$48": {
          "hide_name": 1,
          "type": "$not",
          "parameters": {
            "A_SIGNED": "00000000000000000000000000000000",
            "A_WIDTH": "00000000000000000000000000001011",
            "Y_WIDTH": "00000000000000000000000000001011"
          },
          "attributes": {
            "src": "designs/46/top.sv:31.95-31.108"
          },
          "port_directions": {
            "A": "input",
            "Y": "output"
          },
          "connections": {
            "A": [ 21, 22, 23, 24, 25, 26, 27, 28, 29, 30, 31 ],
            "Y": [ 253, 254, 255, 256, 257, 258, 259, 260, 261, 262, 263 ]
          }
        },
        "$or$designs/46/top.sv:22$1": {
          "hide_name": 1,
          "type": "$or",
          "parameters": {
            "A_SIGNED": "00000000000000000000000000000000",
            "A_WIDTH": "00000000000000000000000000000011",
            "B_SIGNED": "00000000000000000000000000000000",
            "B_WIDTH": "00000000000000000000000000000011",
            "Y_WIDTH": "00000000000000000000000000000011"
          },
          "attributes": {
            "src": "designs/46/top.sv:22.26-22.58"
          },
          "port_directions": {
            "A": "input",
            "B": "input",
            "Y": "output"
          },
          "connections": {
            "A": [ 2, 3, 4 ],
            "B": [ 2, 3, 4 ],
            "Y": [ 449, 450, 451 ]
          }
        },
        "$or$designs/46/top.sv:22$2": {
          "hide_name": 1,
          "type": "$or",
          "parameters": {
            "A_SIGNED": "00000000000000000000000000000000",
            "A_WIDTH": "00000000000000000000000000000011",
            "B_SIGNED": "00000000000000000000000000000000",
            "B_WIDTH": "00000000000000000000000000000011",
            "Y_WIDTH": "00000000000000000000000000000011"
          },
          "attributes": {
            "src": "designs/46/top.sv:22.25-22.72"
          },
          "port_directions": {
            "A": "input",
            "B": "input",
            "Y": "output"
          },
          "connections": {
            "A": [ 449, 450, 451 ],
            "B": [ 2, 3, 4 ],
            "Y": [ 211, 212, 213 ]
          }
        },
        "$or$designs/46/top.sv:22$5": {
          "hide_name": 1,
          "type": "$or",
          "parameters": {
            "A_SIGNED": "00000000000000000000000000000000",
            "A_WIDTH": "00000000000000000000000000000011",
            "B_SIGNED": "00000000000000000000000000000000",
            "B_WIDTH": "00000000000000000000000000000011",
            "Y_WIDTH": "00000000000000000000000000000011"
          },
          "attributes": {
            "src": "designs/46/top.sv:22.22-22.114"
          },
          "port_directions": {
            "A": "input",
            "B": "input",
            "Y": "output"
          },
          "connections": {
            "A": [ 217, 218, 219 ],
            "B": [ 2, 3, 4 ],
            "Y": [ 18, 19, 20 ]
          }
        },
        "$or$designs/46/top.sv:29$36": {
          "hide_name": 1,
          "type": "$or",
          "parameters": {
            "A_SIGNED": "00000000000000000000000000000000",
            "A_WIDTH": "00000000000000000000000000001110",
            "B_SIGNED": "00000000000000000000000000000000",
            "B_WIDTH": "00000000000000000000000000001110",
            "Y_WIDTH": "00000000000000000000000000001110"
          },
          "attributes": {
            "src": "designs/46/top.sv:29.22-29.163"
          },
          "port_directions": {
            "A": "input",
            "B": "input",
            "Y": "output"
          },
          "connections": {
            "A": [ 409, 410, 411, 412, 413, 414, 415, 416, 417, 418, 419, 420, 421, 422 ],
            "B": [ 82, 83, 84, 85, 86, 87, 88, 89, 90, 91, 92, 92, 92, 92 ],
            "Y": [ 231, 232, 233, 234, 235, 236, 237, 238, 239, 240, 241, 423, 424, 425 ]
          }
        },
        "$or$designs/46/top.sv:30$39": {
          "hide_name": 1,
          "type": "$or",
          "parameters": {
            "A_SIGNED": "00000000000000000000000000000000",
            "A_WIDTH": "00000000000000000000000000000011",
            "B_SIGNED": "00000000000000000000000000000000",
            "B_WIDTH": "00000000000000000000000000000011",
            "Y_WIDTH": "00000000000000000000000000000011"
          },
          "attributes": {
            "src": "designs/46/top.sv:30.25-30.73"
          },
          "port_directions": {
            "A": "input",
            "B": "input",
            "Y": "output"
          },
          "connections": {
            "A": [ 452, 453, 454 ],
            "B": [ 82, 83, 84 ],
            "Y": [ 455, 456, 457 ]
          }
        },
        "$or$designs/46/top.sv:30$40": {
          "hide_name": 1,
          "type": "$or",
          "parameters": {
            "A_SIGNED": "00000000000000000000000000000000",
            "A_WIDTH": "00000000000000000000000000000011",
            "B_SIGNED": "00000000000000000000000000000000",
            "B_WIDTH": "00000000000000000000000000000011",
            "Y_WIDTH": "00000000000000000000000000000011"
          },
          "attributes": {
            "src": "designs/46/top.sv:30.24-30.83"
          },
          "port_directions": {
            "A": "input",
            "B": "input",
            "Y": "output"
          },
          "connections": {
            "A": [ 455, 456, 457 ],
            "B": [ 21, 22, 23 ],
            "Y": [ 458, 459, 460 ]
          }
        },
        "$sub$designs/46/top.sv:27$20": {
          "hide_name": 1,
          "type": "$sub",
          "parameters": {
            "A_SIGNED": "00000000000000000000000000000000",
            "A_WIDTH": "00000000000000000000000000001011",
            "B_SIGNED": "00000000000000000000000000000000",
            "B_WIDTH": "00000000000000000000000000000011",
            "Y_WIDTH": "00000000000000000000000000001011"
          },
          "attributes": {
            "src": "designs/46/top.sv:27.44-27.135"
          },
          "port_directions": {
            "A": "input",
            "B": "input",
            "Y": "output"
          },
          "connections": {
            "A": [ 57, 58, 59, 60, 61, 62, 63, 64, 65, 66, 67 ],
            "B": [ 18, 19, 20 ],
            "Y": [ 461, 462, 463, 464, 465, 466, 467, 468, 469, 470, 471 ]
          }
        },
        "$sub$designs/46/top.sv:27$23": {
          "hide_name": 1,
          "type": "$sub",
          "parameters": {
            "A_SIGNED": "00000000000000000000000000000000",
            "A_WIDTH": "00000000000000000000000000001011",
            "B_SIGNED": "00000000000000000000000000000000",
            "B_WIDTH": "00000000000000000000000000001011",
            "Y_WIDTH": "00000000000000000000000000001011"
          },
          "attributes": {
            "src": "designs/46/top.sv:27.43-27.152"
          },
          "port_directions": {
            "A": "input",
            "B": "input",
            "Y": "output"
          },
          "connections": {
            "A": [ 461, 462, 463, 464, 465, 466, 467, 468, 469, 470, 471 ],
            "B": [ 315, 316, 317, "1", "1", "1", "1", "1", "1", "1", "1" ],
            "Y": [ 318, 319, 320, 472, 473, 474, 475, 476, 477, 478, 479 ]
          }
        },
        "$sub$designs/46/top.sv:28$29": {
          "hide_name": 1,
          "type": "$sub",
          "parameters": {
            "A_SIGNED": "00000000000000000000000000000000",
            "A_WIDTH": "00000000000000000000000000010001",
            "B_SIGNED": "00000000000000000000000000000000",
            "B_WIDTH": "00000000000000000000000000000011",
            "Y_WIDTH": "00000000000000000000000000010001"
          },
          "attributes": {
            "src": "designs/46/top.sv:28.22-28.94"
          },
          "port_directions": {
            "A": "input",
            "B": "input",
            "Y": "output"
          },
          "connections": {
            "A": [ 321, 322, 323, "0", "0", "0", "0", "0", "0", "0", "0", "0", "0", "0", "0", "0", "0" ],
            "B": [ 18, 19, 20 ],
            "Y": [ 125, 126, 127, 128, 129, 130, 131, 132, 133, 134, 135, 136, 137, 138, 139, 140, 141 ]
          }
        },
        "$sub$designs/46/top.sv:30$38": {
          "hide_name": 1,
          "type": "$sub",
          "parameters": {
            "A_SIGNED": "00000000000000000000000000000000",
            "A_WIDTH": "00000000000000000000000000000011",
            "B_SIGNED": "00000000000000000000000000000000",
            "B_WIDTH": "00000000000000000000000000000011",
            "Y_WIDTH": "00000000000000000000000000000011"
          },
          "attributes": {
            "src": "designs/46/top.sv:30.36-30.62"
          },
          "port_directions": {
            "A": "input",
            "B": "input",
            "Y": "output"
          },
          "connections": {
            "A": [ 426, 427, 428 ],
            "B": [ 231, 232, 233 ],
            "Y": [ 452, 453, 454 ]
          }
        },
        "$sub$designs/46/top.sv:30$43": {
          "hide_name": 1,
          "type": "$sub",
          "parameters": {
            "A_SIGNED": "00000000000000000000000000000000",
            "A_WIDTH": "00000000000000000000000000000011",
            "B_SIGNED": "00000000000000000000000000000000",
            "B_WIDTH": "00000000000000000000000000000011",
            "Y_WIDTH": "00000000000000000000000000000011"
          },
          "attributes": {
            "src": "designs/46/top.sv:30.23-30.96"
          },
          "port_directions": {
            "A": "input",
            "B": "input",
            "Y": "output"
          },
          "connections": {
            "A": [ 458, 459, 460 ],
            "B": [ 446, 447, 448 ],
            "Y": [ 400, 340, 341 ]
          }
        },
        "$sub$designs/46/top.sv:31$54": {
          "hide_name": 1,
          "type": "$sub",
          "parameters": {
            "A_SIGNED": "00000000000000000000000000000000",
            "A_WIDTH": "00000000000000000000000000001011",
            "B_SIGNED": "00000000000000000000000000000000",
            "B_WIDTH": "00000000000000000000000000000011",
            "Y_WIDTH": "00000000000000000000000000001011"
          },
          "attributes": {
            "src": "designs/46/top.sv:31.22-31.162"
          },
          "port_directions": {
            "A": "input",
            "B": "input",
            "Y": "output"
          },
          "connections": {
            "A": [ "1", 390, "1", "1", 393, "1", "1", 396, "1", 398, 399 ],
            "B": [ 18, 19, 20 ],
            "Y": [ 345, 346, 347, 348, 349, 350, 351, 352, 353, 354, 355 ]
          }
        },
        "$sub$designs/46/top.sv:34$74": {
          "hide_name": 1,
          "type": "$sub",
          "parameters": {
            "A_SIGNED": "00000000000000000000000000000000",
            "A_WIDTH": "00000000000000000000000000011000",
            "B_SIGNED": "00000000000000000000000000000000",
            "B_WIDTH": "00000000000000000000000000011000",
            "Y_WIDTH": "00000000000000000000000000011000"
          },
          "attributes": {
            "src": "designs/46/top.sv:34.51-34.133"
          },
          "port_directions": {
            "A": "input",
            "B": "input",
            "Y": "output"
          },
          "connections": {
            "A": [ 370, 371, 372, 373, 374, 375, 376, 377, 378, 379, 380, 381, 382, 383, 384, 385, 386, 387, 388, 389, 207, 208, 209, 210 ],
            "B": [ 163, 286, 287, 288, 289, 290, 291, 292, 293, 294, 295, 296, 297, 298, 299, 300, 301, 302, 303, 304, 305, 306, 307, 308 ],
            "Y": [ 401, 480, 481, 482, 483, 484, 485, 486, 487, 488, 489, 490, 491, 492, 493, 494, 495, 496, 497, 498, 499, 500, 501, 502 ]
          }
        },
        "$sub$designs/46/top.sv:34$76": {
          "hide_name": 1,
          "type": "$sub",
          "parameters": {
            "A_SIGNED": "00000000000000000000000000000000",
            "A_WIDTH": "00000000000000000000000000011000",
            "B_SIGNED": "00000000000000000000000000000000",
            "B_WIDTH": "00000000000000000000000000000011",
            "Y_WIDTH": "00000000000000000000000000011000"
          },
          "attributes": {
            "src": "designs/46/top.sv:34.31-34.155"
          },
          "port_directions": {
            "A": "input",
            "B": "input",
            "Y": "output"
          },
          "connections": {
            "A": [ 402, 480, 481, 482, 483, 484, 485, 486, 487, 488, 489, 490, 491, 492, 493, 494, 495, 496, 497, 498, 499, 500, 501, 502 ],
            "B": [ 339, 340, 341 ],
            "Y": [ 503, 504, 505, 506, 507, 508, 509, 510, 511, 512, 513, 514, 515, 516, 517, 518, 519, 520, 521, 522, 523, 524, 525, 526 ]
          }
        },
        "$sub$designs/46/top.sv:40$94": {
          "hide_name": 1,
          "type": "$sub",
          "parameters": {
            "A_SIGNED": "00000000000000000000000000000000",
            "A_WIDTH": "00000000000000000000000000000110",
            "B_SIGNED": "00000000000000000000000000000000",
            "B_WIDTH": "00000000000000000000000000000011",
            "Y_WIDTH": "00000000000000000000000000000110"
          },
          "attributes": {
            "src": "designs/46/top.sv:40.27-40.54"
          },
          "port_directions": {
            "A": "input",
            "B": "input",
            "Y": "output"
          },
          "connections": {
            "A": [ 503, 504, 505, 506, 507, 508 ],
            "B": [ 18, 19, 20 ],
            "Y": [ 5, 6, 7, 8, 9, 10 ]
          }
        }
      },
      "netnames": {
        "$add$designs/46/top.sv:24$9_Y": {
          "hide_name": 1,
          "bits": [ 51, 52, 53, 54, 15, 55, 17, "0", "0", "0", "0", "0", "0", "0", "0", "0", "0", "0", "0", "0", "0", "0", "0", "0", "0", "0" ],
          "attributes": {
            "src": "designs/46/top.sv:24.30-24.106"
          }
        },
        "$add$designs/46/top.sv:27$19_Y": {
          "hide_name": 1,
          "bits": [ 57, 58, 59, 60, 61, 62, 63, 64, 65, 66, 67 ],
          "attributes": {
            "src": "designs/46/top.sv:27.55-27.124"
          }
        },
        "$add$designs/46/top.sv:27$25_Y": {
          "hide_name": 1,
          "bits": [ 71, 72, 73, 74, 75, 76, 77, 78, 79, 80, 81 ],
          "attributes": {
            "src": "designs/46/top.sv:27.41-27.176"
          }
        },
        "$add$designs/46/top.sv:28$27_Y": {
          "hide_name": 1,
          "bits": [ 93, 94, 95, 96, 97, 98, 99, 100, 101, 102, 103, 104, 104, 104, 104, 104, 104, 104, 104, 104 ],
          "attributes": {
            "src": "designs/46/top.sv:28.44-28.68",
            "unused_bits": "3 4 5 6 7 8 9 10 11 12 13 14 15 16 17 18 19"
          }
        },
        "$add$designs/46/top.sv:33$64_Y": {
          "hide_name": 1,
          "bits": [ 142, 143, 144, 145, 146, 147, 148, 149, 150, 151, 152, 153, 154, 155, 156, 157, 158, 159, 160, 161, 162, "0", "0", "0", "0", "0" ],
          "attributes": {
            "src": "designs/46/top.sv:33.24-33.78"
          }
        },
        "$add$designs/46/top.sv:34$70_Y": {
          "hide_name": 1,
          "bits": [ 187, 188, 189, 190, 191, 192, 193, 194, 195, 196, 197, 198, 199, 200, 201, 202, 203, 204, 205, 206, 207, 208, 209, 210, 527, 528 ],
          "attributes": {
            "src": "designs/46/top.sv:34.63-34.92",
            "unused_bits": "24 25"
          }
        },
        "$and$designs/46/top.sv:22$3_Y": {
          "hide_name": 1,
          "bits": [ 214, 215, 216, "0", "0", "0" ],
          "attributes": {
            "src": "designs/46/top.sv:22.24-22.86"
          }
        },
        "$and$designs/46/top.sv:22$4_Y": {
          "hide_name": 1,
          "bits": [ 217, 218, 219, "0", "0", "0" ],
          "attributes": {
            "src": "designs/46/top.sv:22.23-22.100"
          }
        },
        "$and$designs/46/top.sv:27$24_Y": {
          "hide_name": 1,
          "bits": [ 68, 69, 70, "0", "0", "0", "0", "0", "0", "0", "0" ],
          "attributes": {
            "src": "designs/46/top.sv:27.42-27.166"
          }
        },
        "$and$designs/46/top.sv:28$28_Y": {
          "hide_name": 1,
          "bits": [ 321, 322, 323, "0", "0", "0", "0", "0", "0", "0", "0", "0", "0", "0", "0", "0", "0", 529, 530, 531 ],
          "attributes": {
            "src": "designs/46/top.sv:28.33-28.83",
            "unused_bits": "17 18 19"
          }
        },
        "$and$designs/46/top.sv:29$32_Y": {
          "hide_name": 1,
          "bits": [ 330, 331, 332, "0", "0", "0", "0", "0", "0", "0", "0", "0", "0", "0", "0", "0", "0", "0", "0", "0", "0", "0", "0", "0" ],
          "attributes": {
            "src": "designs/46/top.sv:29.46-29.113"
          }
        },
        "$and$designs/46/top.sv:31$45_Y": {
          "hide_name": 1,
          "bits": [ 220, 221, 222, 223, 224, 225, 226, 227, 228, 229, 230, 532, 533, 534, 535, 536, 537, 538, 539, 540 ],
          "attributes": {
            "src": "designs/46/top.sv:31.63-31.78",
            "unused_bits": "11 12 13 14 15 16 17 18 19"
          }
        },
        "$and$designs/46/top.sv:31$46_Y": {
          "hide_name": 1,
          "bits": [ 242, 243, 244, 245, 246, 247, 248, 249, 250, 251, 252, 541, 542, 543, 544, 545, 546, 547, 548, 549 ],
          "attributes": {
            "src": "designs/46/top.sv:31.54-31.89",
            "unused_bits": "11 12 13 14 15 16 17 18 19"
          }
        },
        "$and$designs/46/top.sv:31$49_Y": {
          "hide_name": 1,
          "bits": [ 264, 265, 266, 267, 268, 269, 270, 271, 272, 273, 274, 550, 551, 552, 553, 554, 555, 556, 557, 558, 559, 560, 561, 562 ],
          "attributes": {
            "src": "designs/46/top.sv:31.45-31.109",
            "unused_bits": "11 12 13 14 15 16 17 18 19 20 21 22 23"
          }
        },
        "$and$designs/46/top.sv:31$50_Y": {
          "hide_name": 1,
          "bits": [ 275, 276, 277, 278, 279, 280, 281, 282, 283, 284, 285, 563, 564, 565, 566, 567, 568, 569, 570, 571, 572, 573, 574, 575 ],
          "attributes": {
            "src": "designs/46/top.sv:31.44-31.119",
            "unused_bits": "0 11 12 13 14 15 16 17 18 19 20 21 22 23"
          }
        },
        "$auto$opt_expr.cc:205:group_cell_inputs$100": {
          "hide_name": 1,
          "bits": [ 45, 46, 47 ],
          "attributes": {
          }
        },
        "$auto$opt_expr.cc:205:group_cell_inputs$102": {
          "hide_name": 1,
          "bits": [ 48, 49, 50 ],
          "attributes": {
          }
        },
        "$auto$opt_expr.cc:205:group_cell_inputs$103": {
          "hide_name": 1,
          "bits": [ 312, 313, 314 ],
          "attributes": {
          }
        },
        "$auto$opt_expr.cc:205:group_cell_inputs$108": {
          "hide_name": 1,
          "bits": [ 56 ],
          "attributes": {
          }
        },
        "$auto$opt_expr.cc:205:group_cell_inputs$118": {
          "hide_name": 1,
          "bits": [ 315, 316, 317 ],
          "attributes": {
          }
        },
        "$auto$opt_expr.cc:205:group_cell_inputs$130": {
          "hide_name": 1,
          "bits": [ 324, 325, 326 ],
          "attributes": {
          }
        },
        "$auto$opt_expr.cc:205:group_cell_inputs$133": {
          "hide_name": 1,
          "bits": [ 327, 328, 329 ],
          "attributes": {
          }
        },
        "$auto$opt_expr.cc:205:group_cell_inputs$140": {
          "hide_name": 1,
          "bits": [ 333, 334, 335 ],
          "attributes": {
          }
        },
        "$auto$opt_expr.cc:205:group_cell_inputs$143": {
          "hide_name": 1,
          "bits": [ 336, 337, 338 ],
          "attributes": {
          }
        },
        "$auto$opt_expr.cc:205:group_cell_inputs$171": {
          "hide_name": 1,
          "bits": [ 342, 343, 344 ],
          "attributes": {
          }
        },
        "$auto$opt_expr.cc:205:group_cell_inputs$178": {
          "hide_name": 1,
          "bits": [ 356, 357, 358, 359, 360, 361, 362, 363, 364, 365, 366 ],
          "attributes": {
          }
        },
        "$auto$opt_expr.cc:205:group_cell_inputs$181": {
          "hide_name": 1,
          "bits": [ 367, 368, 369 ],
          "attributes": {
          }
        },
        "$auto$opt_expr.cc:205:group_cell_inputs$184": {
          "hide_name": 1,
          "bits": [ 370, 371, 372, 373, 374, 375, 376, 377, 378, 379, 380, 381, 382, 383, 384, 385, 386, 387, 388, 389 ],
          "attributes": {
          }
        },
        "$auto$opt_expr.cc:205:group_cell_inputs$187": {
          "hide_name": 1,
          "bits": [ 402 ],
          "attributes": {
          }
        },
        "$auto$opt_expr.cc:205:group_cell_inputs$189": {
          "hide_name": 1,
          "bits": [ 480, 481, 482, 483, 484, 485, 486, 487, 488, 489, 490, 491, 492, 493, 494, 495, 496, 497, 498, 499, 500, 501, 502 ],
          "attributes": {
          }
        },
        "$auto$opt_expr.cc:205:group_cell_inputs$205": {
          "hide_name": 1,
          "bits": [ 11, 12, 13, 14, 16 ],
          "attributes": {
          }
        },
        "$auto$opt_expr.cc:205:group_cell_inputs$215": {
          "hide_name": 1,
          "bits": [ 164, 165, 166, 167, 168, 169, 170, 171, 172, 173, 174, 175, 176, 177, 178, 179, 180, 181, 182, 183, 184, 185, 186 ],
          "attributes": {
          }
        },
        "$auto$opt_expr.cc:205:group_cell_inputs$266": {
          "hide_name": 1,
          "bits": [ 390, 391, 392, 393, 394, 395, 396, 397, 398, 399 ],
          "attributes": {
            "unused_bits": "1 2 4 5 7"
          }
        },
        "$mul$designs/46/top.sv:24$6_Y": {
          "hide_name": 1,
          "bits": [ 403, 404, 405, 406, 407, 408 ],
          "attributes": {
            "src": "designs/46/top.sv:24.51-24.70"
          }
        },
        "$mul$designs/46/top.sv:24$7_Y": {
          "hide_name": 1,
          "bits": [ 309, 310, 311, 48, 49, 50 ],
          "attributes": {
            "src": "designs/46/top.sv:24.42-24.85"
          }
        },
        "$mul$designs/46/top.sv:29$35_Y": {
          "hide_name": 1,
          "bits": [ 409, 410, 411, 412, 413, 414, 415, 416, 417, 418, 419, 420, 421, 422, 576, 577, 578, 579, 580, 581, 582, 583, 584, 585 ],
          "attributes": {
            "src": "designs/46/top.sv:29.23-29.153",
            "unused_bits": "14 15 16 17 18 19 20 21 22 23"
          }
        },
        "$mul$designs/46/top.sv:30$37_Y": {
          "hide_name": 1,
          "bits": [ 426, 427, 428, 586, 587, 588, 589, 590, 591, 592, 593, 594, 595, 596 ],
          "attributes": {
            "src": "designs/46/top.sv:30.37-30.52",
            "unused_bits": "3 4 5 6 7 8 9 10 11 12 13"
          }
        },
        "$mul$designs/46/top.sv:33$62_Y": {
          "hide_name": 1,
          "bits": [ 429, 430, 431, 432, 433, 434, 435, 436, 437, 438, 439, 440, 441, 442, 443, 444, 445, "0", "0", "0", "0", "0", "0", "0", "0", "0" ],
          "attributes": {
            "src": "designs/46/top.sv:33.26-33.54"
          }
        },
        "$mul$designs/46/top.sv:33$63_Y": {
          "hide_name": 1,
          "bits": [ 105, 106, 107, 108, 109, 110, 111, 112, 113, 114, 115, 116, 117, 118, 119, 120, 121, 122, 123, 124, "0", "0", "0", "0", "0", "0" ],
          "attributes": {
            "src": "designs/46/top.sv:33.25-33.68"
          }
        },
        "$not$designs/46/top.sv:30$42_Y": {
          "hide_name": 1,
          "bits": [ 446, 447, 448, 597, 598, 599, 600, 601, 602, 603, 604, 605, 606, 607, 608, 609, 610, 611, 612, 613, 614, 615, 616, 617 ],
          "attributes": {
            "src": "designs/46/top.sv:30.88-30.95",
            "unused_bits": "3 4 5 6 7 8 9 10 11 12 13 14 15 16 17 18 19 20 21 22 23"
          }
        },
        "$not$designs/46/top.sv:31$48_Y": {
          "hide_name": 1,
          "bits": [ 253, 254, 255, 256, 257, 258, 259, 260, 261, 262, 263, 618, 619, 620, 621, 622, 623, 624, 625, 626, 627, 628, 629, 630 ],
          "attributes": {
            "src": "designs/46/top.sv:31.95-31.108",
            "unused_bits": "11 12 13 14 15 16 17 18 19 20 21 22 23"
          }
        },
        "$or$designs/46/top.sv:22$1_Y": {
          "hide_name": 1,
          "bits": [ 449, 450, 451, "0", "0", "0" ],
          "attributes": {
            "src": "designs/46/top.sv:22.26-22.58"
          }
        },
        "$or$designs/46/top.sv:22$2_Y": {
          "hide_name": 1,
          "bits": [ 211, 212, 213, "0", "0", "0" ],
          "attributes": {
            "src": "designs/46/top.sv:22.25-22.72"
          }
        },
        "$or$designs/46/top.sv:30$39_Y": {
          "hide_name": 1,
          "bits": [ 455, 456, 457, 631, 632, 633, 634, 635, 636, 637, 638, 639, 640, 641, 642, 643, 644, 645, 646, 647, "0", "0", "0", "0" ],
          "attributes": {
            "src": "designs/46/top.sv:30.25-30.73",
            "unused_bits": "3 4 5 6 7 8 9 10 11 12 13 14 15 16 17 18 19"
          }
        },
        "$or$designs/46/top.sv:30$40_Y": {
          "hide_name": 1,
          "bits": [ 458, 459, 460, 648, 649, 650, 651, 652, 653, 654, 655, 656, 657, 658, 659, 660, 661, 662, 663, 664, 665, 666, 667, 668 ],
          "attributes": {
            "src": "designs/46/top.sv:30.24-30.83",
            "unused_bits": "3 4 5 6 7 8 9 10 11 12 13 14 15 16 17 18 19 20 21 22 23"
          }
        },
        "$sub$designs/46/top.sv:27$20_Y": {
          "hide_name": 1,
          "bits": [ 461, 462, 463, 464, 465, 466, 467, 468, 469, 470, 471 ],
          "attributes": {
            "src": "designs/46/top.sv:27.44-27.135"
          }
        },
        "$sub$designs/46/top.sv:27$23_Y": {
          "hide_name": 1,
          "bits": [ 318, 319, 320, 472, 473, 474, 475, 476, 477, 478, 479 ],
          "attributes": {
            "src": "designs/46/top.sv:27.43-27.152",
            "unused_bits": "3 4 5 6 7 8 9 10"
          }
        },
        "$sub$designs/46/top.sv:30$38_Y": {
          "hide_name": 1,
          "bits": [ 452, 453, 454, 669, 670, 671, 672, 673, 674, 675, 676, 677, 678, 679 ],
          "attributes": {
            "src": "designs/46/top.sv:30.36-30.62",
            "unused_bits": "3 4 5 6 7 8 9 10 11 12 13"
          }
        },
        "$sub$designs/46/top.sv:30$43_Y": {
          "hide_name": 1,
          "bits": [ 400, 340, 341, 680, 681, 682, 683, 684, 685, 686, 687, 688, 689, 690, 691, 692, 693, 694, 695, 696, 697, 698, 699, 700 ],
          "attributes": {
            "src": "designs/46/top.sv:30.23-30.96",
            "unused_bits": "3 4 5 6 7 8 9 10 11 12 13 14 15 16 17 18 19 20 21 22 23"
          }
        },
        "$sub$designs/46/top.sv:34$74_Y": {
          "hide_name": 1,
          "bits": [ 401, 480, 481, 482, 483, 484, 485, 486, 487, 488, 489, 490, 491, 492, 493, 494, 495, 496, 497, 498, 499, 500, 501, 502, 701, 702 ],
          "attributes": {
            "src": "designs/46/top.sv:34.51-34.133",
            "unused_bits": "24 25"
          }
        },
        "input_data": {
          "hide_name": 0,
          "bits": [ 2, 3, 4 ],
          "attributes": {
            "src": "designs/46/top.sv:2.17-2.27"
          }
        },
        "output_data": {
          "hide_name": 0,
          "bits": [ 5, 6, 7, 8, 9, 10 ],
          "attributes": {
            "src": "designs/46/top.sv:3.18-3.29"
          }
        },
        "temp_0": {
          "hide_name": 0,
          "bits": [ 18, 19, 20, "0", "0", "0" ],
          "attributes": {
            "src": "designs/46/top.sv:6.17-6.23"
          }
        },
        "temp_1": {
          "hide_name": 0,
          "bits": [ 21, 22, 23, 24, 25, 26, 27, 28, 29, 30, 31, 32, 33, 34, 35, 36, 37, 38, 39, 40, 41, 42, 43, 44 ],
          "attributes": {
            "src": "designs/46/top.sv:7.18-7.24"
          }
        },
        "temp_10": {
          "hide_name": 0,
          "bits": [ 503, 504, 505, 506, 507, 508, 509, 510, 511, 512, 513, 514, 515, 516, 517, 518, 519, 520, 521, 522, 523, 524, 525, 526 ],
          "attributes": {
            "src": "designs/46/top.sv:16.18-16.25",
            "unused_bits": "6 7 8 9 10 11 12 13 14 15 16 17 18 19 20 21 22 23"
          }
        },
        "temp_3": {
          "hide_name": 0,
          "bits": [ 82, 83, 84, 85, 86, 87, 88, 89, 90, 91, 92, 92, 92, 92, 92, 92, 92, 92, 92, 92 ],
          "attributes": {
            "src": "designs/46/top.sv:9.18-9.24"
          }
        },
        "temp_4": {
          "hide_name": 0,
          "bits": [ 125, 126, 127, 128, 129, 130, 131, 132, 133, 134, 135, 136, 137, 138, 139, 140, 141 ],
          "attributes": {
            "src": "designs/46/top.sv:10.18-10.24"
          }
        },
        "temp_5": {
          "hide_name": 0,
          "bits": [ 231, 232, 233, 234, 235, 236, 237, 238, 239, 240, 241, 423, 424, 425 ],
          "attributes": {
            "src": "designs/46/top.sv:11.18-11.24"
          }
        },
        "temp_6": {
          "hide_name": 0,
          "bits": [ 339, 340, 341 ],
          "attributes": {
            "src": "designs/46/top.sv:12.17-12.23"
          }
        },
        "temp_7": {
          "hide_name": 0,
          "bits": [ 345, 346, 347, 348, 349, 350, 351, 352, 353, 354, 355 ],
          "attributes": {
            "src": "designs/46/top.sv:13.18-13.24"
          }
        },
        "temp_9": {
          "hide_name": 0,
          "bits": [ 163, 286, 287, 288, 289, 290, 291, 292, 293, 294, 295, 296, 297, 298, 299, 300, 301, 302, 303, 304, 305, 306, 307, 308, "x", "x" ],
          "attributes": {
            "src": "designs/46/top.sv:15.18-15.24"
          }
        }
      }
    }
  }
}
