{
  "creator": "Yosys 0.60 (git sha1 5bafeb77dc71e054fa331ab9efa613e6fb0a1c49, clang++ 17.0.0 -fPIC -O3)",
  "modules": {
    "top": {
      "attributes": {
        "top": "00000000000000000000000000000001",
        "src": "designs/226/top.sv:1.1-48.10"
      },
      "ports": {
        "input_data": {
          "direction": "input",
          "bits": [ 2, 3, 4, 5, 6, 7, 8, 9, 10, 11 ]
        },
        "output_data": {
          "direction": "output",
          "bits": [ 12, 13, 14, 15, 16, 17, 18, 19, 20, 21, 22, 23, 24, 25, 26, 27, 28, 29, 30, 31, 32, 33, 34, "0", "0", "0", "0", "0", "0", "0", "0", "0", "0", "0", "0", "0", "0", "0", "0", "0" ]
        }
      },
      "cells": {
        "$add$designs/226/top.sv:25$2": {
          "hide_name": 1,
          "type": "$add",
          "parameters": {
            "A_SIGNED": "00000000000000000000000000000000",
            "A_WIDTH": "00000000000000000000000000010110",
            "B_SIGNED": "00000000000000000000000000000000",
            "B_WIDTH": "00000000000000000000000000001000",
            "Y_WIDTH": "00000000000000000000000000010110"
          },
          "attributes": {
            "src": "designs/226/top.sv:25.42-25.81"
          },
          "port_directions": {
            "A": "input",
            "B": "input",
            "Y": "output"
          },
          "connections": {
            "A": [ 35, 36, 37, 38, 39, 40, 41, 42, 43, 44, 45, 46, 47, 48, 49, 50, 51, 52, 53, 54, 55, 56 ],
            "B": [ 4, 5, 6, 7, 8, 9, 10, 11 ],
            "Y": [ 57, 58, 59, 60, 61, 62, 63, 64, 65, 66, 67, 68, 69, 70, 71, 72, 73, 74, 75, 76, 77, 78 ]
          }
        },
        "$add$designs/226/top.sv:25$3": {
          "hide_name": 1,
          "type": "$add",
          "parameters": {
            "A_SIGNED": "00000000000000000000000000000000",
            "A_WIDTH": "00000000000000000000000000011000",
            "B_SIGNED": "00000000000000000000000000000000",
            "B_WIDTH": "00000000000000000000000000001010",
            "Y_WIDTH": "00000000000000000000000000011000"
          },
          "attributes": {
            "src": "designs/226/top.sv:25.41-25.95"
          },
          "port_directions": {
            "A": "input",
            "B": "input",
            "Y": "output"
          },
          "connections": {
            "A": [ 2, 3, 57, 58, 59, 60, 61, 62, 63, 64, 65, 66, 67, 68, 69, 70, 71, 72, 73, 74, 75, 76, 77, 78 ],
            "B": [ 2, 3, 4, 5, 6, 7, 8, 9, 10, 11 ],
            "Y": [ 79, 80, 81, 82, 83, 84, 85, 86, 87, 88, 89, 90, 91, 92, 93, 94, 95, 96, 97, 98, 99, 100, 101, 102 ]
          }
        },
        "$add$designs/226/top.sv:31$16": {
          "hide_name": 1,
          "type": "$add",
          "parameters": {
            "A_SIGNED": "00000000000000000000000000000000",
            "A_WIDTH": "00000000000000000000000000001010",
            "B_SIGNED": "00000000000000000000000000000000",
            "B_WIDTH": "00000000000000000000000000001010",
            "Y_WIDTH": "00000000000000000000000000001011"
          },
          "attributes": {
            "src": "designs/226/top.sv:31.41-31.73"
          },
          "port_directions": {
            "A": "input",
            "B": "input",
            "Y": "output"
          },
          "connections": {
            "A": [ 2, 3, 4, 5, 6, 7, 8, 9, 10, 11 ],
            "B": [ 2, 3, 4, 5, 6, 7, 8, 9, 10, 11 ],
            "Y": [ 103, 104, 105, 106, 107, 108, 109, 110, 111, 112, 113 ]
          }
        },
        "$add$designs/226/top.sv:31$19": {
          "hide_name": 1,
          "type": "$add",
          "parameters": {
            "A_SIGNED": "00000000000000000000000000000001",
            "A_WIDTH": "00000000000000000000000000001101",
            "B_SIGNED": "00000000000000000000000000000001",
            "B_WIDTH": "00000000000000000000000000000010",
            "Y_WIDTH": "00000000000000000000000000001110"
          },
          "attributes": {
            "src": "designs/226/top.sv:31.30-31.108"
          },
          "port_directions": {
            "A": "input",
            "B": "input",
            "Y": "output"
          },
          "connections": {
            "A": [ 114, 115, 116, 117, 118, 119, 120, 121, 122, 123, 124, 125, 126 ],
            "B": [ 127, 128 ],
            "Y": [ 129, 130, 131, 132, 133, 134, 135, 136, 137, 138, 139, 140, 141, 142 ]
          }
        },
        "$add$designs/226/top.sv:33$23": {
          "hide_name": 1,
          "type": "$add",
          "parameters": {
            "A_SIGNED": "00000000000000000000000000000000",
            "A_WIDTH": "00000000000000000000000000001010",
            "B_SIGNED": "00000000000000000000000000000000",
            "B_WIDTH": "00000000000000000000000000001010",
            "Y_WIDTH": "00000000000000000000000000001010"
          },
          "attributes": {
            "src": "designs/226/top.sv:33.32-33.55"
          },
          "port_directions": {
            "A": "input",
            "B": "input",
            "Y": "output"
          },
          "connections": {
            "A": [ 2, 3, 4, 5, 6, 7, 8, 9, 10, 11 ],
            "B": [ 2, 3, 4, 5, 6, 7, 8, 9, 10, 11 ],
            "Y": [ 143, 144, 145, 146, 147, 148, 149, 150, 151, 152 ]
          }
        },
        "$add$designs/226/top.sv:33$24": {
          "hide_name": 1,
          "type": "$add",
          "parameters": {
            "A_SIGNED": "00000000000000000000000000000000",
            "A_WIDTH": "00000000000000000000000000001010",
            "B_SIGNED": "00000000000000000000000000000000",
            "B_WIDTH": "00000000000000000000000000001001",
            "Y_WIDTH": "00000000000000000000000000001010"
          },
          "attributes": {
            "src": "designs/226/top.sv:33.31-33.65"
          },
          "port_directions": {
            "A": "input",
            "B": "input",
            "Y": "output"
          },
          "connections": {
            "A": [ 143, 144, 145, 146, 147, 148, 149, 150, 151, 152 ],
            "B": [ 153, 154, 155, 156, 157, 158, 159, 160, 161 ],
            "Y": [ 162, 163, 164, 165, 166, 167, 168, 169, 170, 171 ]
          }
        },
        "$add$designs/226/top.sv:35$30": {
          "hide_name": 1,
          "type": "$add",
          "parameters": {
            "A_SIGNED": "00000000000000000000000000000000",
            "A_WIDTH": "00000000000000000000000000010010",
            "B_SIGNED": "00000000000000000000000000000000",
            "B_WIDTH": "00000000000000000000000000001010",
            "Y_WIDTH": "00000000000000000000000000010010"
          },
          "attributes": {
            "src": "designs/226/top.sv:35.34-35.84"
          },
          "port_directions": {
            "A": "input",
            "B": "input",
            "Y": "output"
          },
          "connections": {
            "A": [ 172, 173, 174, 175, 176, 177, 178, 179, 180, 181, 182, 183, 184, 185, 186, 187, 188, 189 ],
            "B": [ 2, 3, 4, 5, 6, 7, 8, 9, 10, 11 ],
            "Y": [ 190, 191, 192, 193, 194, 195, 196, 197, 198, 199, 200, 201, 202, 203, 204, 205, 206, 207 ]
          }
        },
        "$add$designs/226/top.sv:40$44": {
          "hide_name": 1,
          "type": "$add",
          "parameters": {
            "A_SIGNED": "00000000000000000000000000000000",
            "A_WIDTH": "00000000000000000000000000001011",
            "B_SIGNED": "00000000000000000000000000000000",
            "B_WIDTH": "00000000000000000000000000001011",
            "Y_WIDTH": "00000000000000000000000000001011"
          },
          "attributes": {
            "src": "designs/226/top.sv:40.24-40.39"
          },
          "port_directions": {
            "A": "input",
            "B": "input",
            "Y": "output"
          },
          "connections": {
            "A": [ 208, 209, 210, 211, 212, 213, 214, 215, 216, 217, "0" ],
            "B": [ 208, 209, 210, 211, 212, 213, 214, 215, 216, 217, "0" ],
            "Y": [ 218, 219, 220, 221, 222, 223, 224, 225, 226, 227, 228 ]
          }
        },
        "$add$designs/226/top.sv:44$48": {
          "hide_name": 1,
          "type": "$add",
          "parameters": {
            "A_SIGNED": "00000000000000000000000000000000",
            "A_WIDTH": "00000000000000000000000000000100",
            "B_SIGNED": "00000000000000000000000000000000",
            "B_WIDTH": "00000000000000000000000000000100",
            "Y_WIDTH": "00000000000000000000000000000100"
          },
          "attributes": {
            "src": "designs/226/top.sv:44.34-44.57"
          },
          "port_directions": {
            "A": "input",
            "B": "input",
            "Y": "output"
          },
          "connections": {
            "A": [ 229, 230, 231, 232 ],
            "B": [ 129, 130, 131, 132 ],
            "Y": [ 233, 234, 235, 236 ]
          }
        },
        "$add$designs/226/top.sv:44$49": {
          "hide_name": 1,
          "type": "$add",
          "parameters": {
            "A_SIGNED": "00000000000000000000000000000000",
            "A_WIDTH": "00000000000000000000000000000100",
            "B_SIGNED": "00000000000000000000000000000000",
            "B_WIDTH": "00000000000000000000000000000100",
            "Y_WIDTH": "00000000000000000000000000000100"
          },
          "attributes": {
            "src": "designs/226/top.sv:44.25-44.68"
          },
          "port_directions": {
            "A": "input",
            "B": "input",
            "Y": "output"
          },
          "connections": {
            "A": [ 233, 234, 235, 236 ],
            "B": [ 208, 209, 210, 211 ],
            "Y": [ 237, 238, 239, 240 ]
          }
        },
        "$add$designs/226/top.sv:46$52": {
          "hide_name": 1,
          "type": "$add",
          "parameters": {
            "A_SIGNED": "00000000000000000000000000000000",
            "A_WIDTH": "00000000000000000000000000000100",
            "B_SIGNED": "00000000000000000000000000000000",
            "B_WIDTH": "00000000000000000000000000001001",
            "Y_WIDTH": "00000000000000000000000000001001"
          },
          "attributes": {
            "src": "designs/226/top.sv:46.58-46.74"
          },
          "port_directions": {
            "A": "input",
            "B": "input",
            "Y": "output"
          },
          "connections": {
            "A": [ 241, 242, 243, 244 ],
            "B": [ 153, 154, 155, 156, 157, 158, 159, 160, 161 ],
            "Y": [ 245, 246, 247, 248, 249, 250, 251, 252, 253 ]
          }
        },
        "$add$designs/226/top.sv:46$55": {
          "hide_name": 1,
          "type": "$add",
          "parameters": {
            "A_SIGNED": "00000000000000000000000000000000",
            "A_WIDTH": "00000000000000000000000000010110",
            "B_SIGNED": "00000000000000000000000000000000",
            "B_WIDTH": "00000000000000000000000000010110",
            "Y_WIDTH": "00000000000000000000000000010111"
          },
          "attributes": {
            "src": "designs/226/top.sv:46.27-46.108"
          },
          "port_directions": {
            "A": "input",
            "B": "input",
            "Y": "output"
          },
          "connections": {
            "A": [ 254, 255, 256, 257, 258, 259, 260, 261, 262, 263, 228, "0", "0", "0", "0", "0", "0", "0", "0", "0", "0", "0" ],
            "B": [ 264, 265, 266, 267, 268, 269, 270, 271, 272, 273, 273, 273, 273, 273, 273, 273, 273, 273, 273, 273, 273, 273 ],
            "Y": [ 12, 13, 14, 15, 16, 17, 18, 19, 20, 21, 22, 23, 24, 25, 26, 27, 28, 29, 30, 31, 32, 33, 34 ]
          }
        },
        "$and$designs/226/top.sv:29$13": {
          "hide_name": 1,
          "type": "$and",
          "parameters": {
            "A_SIGNED": "00000000000000000000000000000000",
            "A_WIDTH": "00000000000000000000000000000001",
            "B_SIGNED": "00000000000000000000000000000000",
            "B_WIDTH": "00000000000000000000000000000001",
            "Y_WIDTH": "00000000000000000000000000000001"
          },
          "attributes": {
            "src": "designs/226/top.sv:29.33-29.57"
          },
          "port_directions": {
            "A": "input",
            "B": "input",
            "Y": "output"
          },
          "connections": {
            "A": [ 3 ],
            "B": [ 208 ],
            "Y": [ 274 ]
          }
        },
        "$and$designs/226/top.sv:33$25": {
          "hide_name": 1,
          "type": "$and",
          "parameters": {
            "A_SIGNED": "00000000000000000000000000000000",
            "A_WIDTH": "00000000000000000000000000001010",
            "B_SIGNED": "00000000000000000000000000000000",
            "B_WIDTH": "00000000000000000000000000001010",
            "Y_WIDTH": "00000000000000000000000000001010"
          },
          "attributes": {
            "src": "designs/226/top.sv:33.30-33.79"
          },
          "port_directions": {
            "A": "input",
            "B": "input",
            "Y": "output"
          },
          "connections": {
            "A": [ 162, 163, 164, 165, 166, 167, 168, 169, 170, 171 ],
            "B": [ 2, 3, 4, 5, 6, 7, 8, 9, 10, 11 ],
            "Y": [ 264, 265, 266, 267, 268, 269, 270, 271, 272, 273 ]
          }
        },
        "$and$designs/226/top.sv:35$31": {
          "hide_name": 1,
          "type": "$and",
          "parameters": {
            "A_SIGNED": "00000000000000000000000000000000",
            "A_WIDTH": "00000000000000000000000000010010",
            "B_SIGNED": "00000000000000000000000000000000",
            "B_WIDTH": "00000000000000000000000000010010",
            "Y_WIDTH": "00000000000000000000000000010010"
          },
          "attributes": {
            "src": "designs/226/top.sv:35.33-35.94"
          },
          "port_directions": {
            "A": "input",
            "B": "input",
            "Y": "output"
          },
          "connections": {
            "A": [ 190, 191, 192, 193, 194, 195, 196, 197, 198, 199, 200, 201, 202, 203, 204, 205, 206, 207 ],
            "B": [ 129, 130, 131, 132, 133, 134, 135, 136, 137, 138, 139, 140, 141, 142, 142, 142, 142, 142 ],
            "Y": [ 275, 276, 277, 278, 279, 280, 281, 282, 283, 284, 285, 286, 287, 288, 229, 230, 231, 232 ]
          }
        },
        "$auto$opt_expr.cc:276:group_cell_inputs$102": {
          "hide_name": 1,
          "type": "$or",
          "parameters": {
            "A_SIGNED": "00000000000000000000000000000000",
            "A_WIDTH": "00000000000000000000000000001010",
            "B_SIGNED": "00000000000000000000000000000000",
            "B_WIDTH": "00000000000000000000000000001010",
            "Y_WIDTH": "00000000000000000000000000001010"
          },
          "attributes": {
          },
          "port_directions": {
            "A": "input",
            "B": "input",
            "Y": "output"
          },
          "connections": {
            "A": [ 2, 3, 4, 289, 290, 291, 292, 293, 294, 295 ],
            "B": [ 208, 209, 210, 211, 212, 213, 214, 215, 216, 217 ],
            "Y": [ 296, 297, 298, 299, 300, 301, 302, 303, 304, 305 ]
          }
        },
        "$auto$opt_expr.cc:276:group_cell_inputs$105": {
          "hide_name": 1,
          "type": "$or",
          "parameters": {
            "A_SIGNED": "00000000000000000000000000000000",
            "A_WIDTH": "00000000000000000000000000001010",
            "B_SIGNED": "00000000000000000000000000000000",
            "B_WIDTH": "00000000000000000000000000001010",
            "Y_WIDTH": "00000000000000000000000000001010"
          },
          "attributes": {
          },
          "port_directions": {
            "A": "input",
            "B": "input",
            "Y": "output"
          },
          "connections": {
            "A": [ 296, 297, 298, 299, 300, 301, 302, 303, 304, 305 ],
            "B": [ 306, 307, 308, 309, 310, 311, 312, 313, 314, 315 ],
            "Y": [ 316, 317, 318, 319, 320, 321, 322, 323, 324, 325 ]
          }
        },
        "$auto$opt_expr.cc:276:group_cell_inputs$108": {
          "hide_name": 1,
          "type": "$and",
          "parameters": {
            "A_SIGNED": "00000000000000000000000000000000",
            "A_WIDTH": "00000000000000000000000000001010",
            "B_SIGNED": "00000000000000000000000000000000",
            "B_WIDTH": "00000000000000000000000000001010",
            "Y_WIDTH": "00000000000000000000000000001010"
          },
          "attributes": {
          },
          "port_directions": {
            "A": "input",
            "B": "input",
            "Y": "output"
          },
          "connections": {
            "A": [ 129, 130, 131, 132, 133, 134, 135, 136, 137, 138 ],
            "B": [ 208, 209, 210, 211, 212, 213, 214, 215, 216, 217 ],
            "Y": [ 326, 327, 328, 329, 330, 331, 332, 333, 334, 335 ]
          }
        },
        "$auto$opt_expr.cc:276:group_cell_inputs$112": {
          "hide_name": 1,
          "type": "$xor",
          "parameters": {
            "A_SIGNED": "00000000000000000000000000000000",
            "A_WIDTH": "00000000000000000000000000001010",
            "B_SIGNED": "00000000000000000000000000000000",
            "B_WIDTH": "00000000000000000000000000001010",
            "Y_WIDTH": "00000000000000000000000000001010"
          },
          "attributes": {
          },
          "port_directions": {
            "A": "input",
            "B": "input",
            "Y": "output"
          },
          "connections": {
            "A": [ 218, 219, 220, 221, 222, 223, 224, 225, 226, 227 ],
            "B": [ 306, 307, 308, 309, 310, 311, 312, 313, 314, 315 ],
            "Y": [ 336, 337, 338, 339, 340, 341, 342, 343, 344, 263 ]
          }
        },
        "$auto$opt_expr.cc:276:group_cell_inputs$115": {
          "hide_name": 1,
          "type": "$or",
          "parameters": {
            "A_SIGNED": "00000000000000000000000000000000",
            "A_WIDTH": "00000000000000000000000000001001",
            "B_SIGNED": "00000000000000000000000000000000",
            "B_WIDTH": "00000000000000000000000000001001",
            "Y_WIDTH": "00000000000000000000000000001001"
          },
          "attributes": {
          },
          "port_directions": {
            "A": "input",
            "B": "input",
            "Y": "output"
          },
          "connections": {
            "A": [ 345, 346, 347, 348, 349, 350, 351, 352, 353 ],
            "B": [ 336, 337, 338, 339, 340, 341, 342, 343, 344 ],
            "Y": [ 254, 255, 256, 257, 258, 259, 260, 261, 262 ]
          }
        },
        "$auto$opt_expr.cc:276:group_cell_inputs$63": {
          "hide_name": 1,
          "type": "$and",
          "parameters": {
            "A_SIGNED": "00000000000000000000000000000000",
            "A_WIDTH": "00000000000000000000000000001010",
            "B_SIGNED": "00000000000000000000000000000000",
            "B_WIDTH": "00000000000000000000000000001010",
            "Y_WIDTH": "00000000000000000000000000001010"
          },
          "attributes": {
          },
          "port_directions": {
            "A": "input",
            "B": "input",
            "Y": "output"
          },
          "connections": {
            "A": [ 79, 80, 81, 82, 83, 84, 85, 86, 87, 88 ],
            "B": [ 2, 3, 4, 5, 6, 7, 8, 9, 10, 11 ],
            "Y": [ 208, 209, 210, 211, 212, 213, 214, 215, 216, 217 ]
          }
        },
        "$auto$opt_expr.cc:276:group_cell_inputs$67": {
          "hide_name": 1,
          "type": "$or",
          "parameters": {
            "A_SIGNED": "00000000000000000000000000000000",
            "A_WIDTH": "00000000000000000000000000001010",
            "B_SIGNED": "00000000000000000000000000000000",
            "B_WIDTH": "00000000000000000000000000001010",
            "Y_WIDTH": "00000000000000000000000000001010"
          },
          "attributes": {
          },
          "port_directions": {
            "A": "input",
            "B": "input",
            "Y": "output"
          },
          "connections": {
            "A": [ 208, 209, 210, 211, 212, 213, 214, 215, 216, 217 ],
            "B": [ 2, 3, 4, 5, 6, 7, 8, 9, 10, 11 ],
            "Y": [ 306, 307, 308, 309, 310, 311, 312, 313, 314, 315 ]
          }
        },
        "$auto$opt_expr.cc:276:group_cell_inputs$73": {
          "hide_name": 1,
          "type": "$xor",
          "parameters": {
            "A_SIGNED": "00000000000000000000000000000000",
            "A_WIDTH": "00000000000000000000000000001010",
            "B_SIGNED": "00000000000000000000000000000000",
            "B_WIDTH": "00000000000000000000000000001010",
            "Y_WIDTH": "00000000000000000000000000001010"
          },
          "attributes": {
          },
          "port_directions": {
            "A": "input",
            "B": "input",
            "Y": "output"
          },
          "connections": {
            "A": [ 103, 104, 105, 106, 107, 108, 109, 110, 111, 112 ],
            "B": [ 2, 3, 4, 5, 6, 7, 8, 9, 10, 11 ],
            "Y": [ 354, 355, 356, 357, 358, 359, 360, 361, 362, 363 ]
          }
        },
        "$auto$opt_expr.cc:276:group_cell_inputs$80": {
          "hide_name": 1,
          "type": "$or",
          "parameters": {
            "A_SIGNED": "00000000000000000000000000000000",
            "A_WIDTH": "00000000000000000000000000000110",
            "B_SIGNED": "00000000000000000000000000000000",
            "B_WIDTH": "00000000000000000000000000000110",
            "Y_WIDTH": "00000000000000000000000000000110"
          },
          "attributes": {
          },
          "port_directions": {
            "A": "input",
            "B": "input",
            "Y": "output"
          },
          "connections": {
            "A": [ 364, 365, 366, 367, 368, 369 ],
            "B": [ 370, 371, 372, 373, 374, 375 ],
            "Y": [ 172, 173, 174, 175, 176, 177 ]
          }
        },
        "$auto$opt_expr.cc:276:group_cell_inputs$95": {
          "hide_name": 1,
          "type": "$and",
          "parameters": {
            "A_SIGNED": "00000000000000000000000000000000",
            "A_WIDTH": "00000000000000000000000000001001",
            "B_SIGNED": "00000000000000000000000000000000",
            "B_WIDTH": "00000000000000000000000000001001",
            "Y_WIDTH": "00000000000000000000000000001001"
          },
          "attributes": {
          },
          "port_directions": {
            "A": "input",
            "B": "input",
            "Y": "output"
          },
          "connections": {
            "A": [ 245, 246, 247, 248, 249, 250, 251, 252, 253 ],
            "B": [ 127, 128, 128, 128, 128, 128, 128, 128, 128 ],
            "Y": [ 345, 346, 347, 348, 349, 350, 351, 352, 353 ]
          }
        },
        "$mul$designs/226/top.sv:25$1": {
          "hide_name": 1,
          "type": "$mul",
          "parameters": {
            "A_SIGNED": "00000000000000000000000000000000",
            "A_WIDTH": "00000000000000000000000000010100",
            "B_SIGNED": "00000000000000000000000000000000",
            "B_WIDTH": "00000000000000000000000000001010",
            "Y_WIDTH": "00000000000000000000000000010110"
          },
          "attributes": {
            "src": "designs/226/top.sv:25.43-25.67"
          },
          "port_directions": {
            "A": "input",
            "B": "input",
            "Y": "output"
          },
          "connections": {
            "A": [ "1", "0", "0", "0", "0", "0", "0", "1", "1", "1", "0", "0", "0", "0", "0", "0", "1", "0", "1", "1" ],
            "B": [ 2, 3, 4, 5, 6, 7, 8, 9, 10, 11 ],
            "Y": [ 35, 36, 37, 38, 39, 40, 41, 42, 43, 44, 45, 46, 47, 48, 49, 50, 51, 52, 53, 54, 55, 56 ]
          }
        },
        "$mul$designs/226/top.sv:27$9": {
          "hide_name": 1,
          "type": "$mul",
          "parameters": {
            "A_SIGNED": "00000000000000000000000000000000",
            "A_WIDTH": "00000000000000000000000000011000",
            "B_SIGNED": "00000000000000000000000000000000",
            "B_WIDTH": "00000000000000000000000000000100",
            "Y_WIDTH": "00000000000000000000000000001000"
          },
          "attributes": {
            "src": "designs/226/top.sv:27.31-27.86"
          },
          "port_directions": {
            "A": "input",
            "B": "input",
            "Y": "output"
          },
          "connections": {
            "A": [ 316, 317, 318, 319, 320, 321, 322, 323, 324, 325, 295, 295, 295, 295, 295, 295, 295, 295, 295, 295, 295, 295, 295, 295 ],
            "B": [ "1", "0", "1", "1" ],
            "Y": [ 376, 377, 378, 379, 380, 381, 382, 383 ]
          }
        },
        "$mul$designs/226/top.sv:32$22": {
          "hide_name": 1,
          "type": "$mul",
          "parameters": {
            "A_SIGNED": "00000000000000000000000000000000",
            "A_WIDTH": "00000000000000000000000000011110",
            "B_SIGNED": "00000000000000000000000000000000",
            "B_WIDTH": "00000000000000000000000000011000",
            "Y_WIDTH": "00000000000000000000000000000110"
          },
          "attributes": {
            "src": "designs/226/top.sv:32.30-32.92"
          },
          "port_directions": {
            "A": "input",
            "B": "input",
            "Y": "output"
          },
          "connections": {
            "A": [ 384, 385, 386, 387, 388, 389, 390, 391, 392, 393, 394, 395, 396, 397, 398, 399, 400, 401, 402, 403, 404, 405, 406, 407, 408, 409, 410, 411, 412, 413 ],
            "B": [ 208, 209, 210, 211, 212, 213, 214, 215, 216, 217, "0", "0", "0", "0", "0", "0", "0", "0", "0", "0", "0", "0", "0", "0" ],
            "Y": [ 370, 371, 372, 373, 374, 375 ]
          }
        },
        "$mul$designs/226/top.sv:35$28": {
          "hide_name": 1,
          "type": "$mul",
          "parameters": {
            "A_SIGNED": "00000000000000000000000000000000",
            "A_WIDTH": "00000000000000000000000000011110",
            "B_SIGNED": "00000000000000000000000000000000",
            "B_WIDTH": "00000000000000000000000000010110",
            "Y_WIDTH": "00000000000000000000000000010010"
          },
          "attributes": {
            "src": "designs/226/top.sv:35.44-35.59"
          },
          "port_directions": {
            "A": "input",
            "B": "input",
            "Y": "output"
          },
          "connections": {
            "A": [ 129, 130, 131, 132, 133, 134, 135, 136, 137, 138, 139, 140, 141, 142, 142, 142, 142, 142, 142, 142, 142, 142, 142, 142, 142, 142, 142, 142, 142, 142 ],
            "B": [ 264, 265, 266, 267, 268, 269, 270, 271, 272, 273, 273, 273, 273, 273, 273, 273, 273, 273, 273, 273, 273, 273 ],
            "Y": [ 364, 365, 366, 367, 368, 369, 178, 179, 180, 181, 182, 183, 184, 185, 186, 187, 188, 189 ]
          }
        },
        "$or$designs/226/top.sv:29$14": {
          "hide_name": 1,
          "type": "$or",
          "parameters": {
            "A_SIGNED": "00000000000000000000000000000000",
            "A_WIDTH": "00000000000000000000000000000001",
            "B_SIGNED": "00000000000000000000000000000000",
            "B_WIDTH": "00000000000000000000000000000001",
            "Y_WIDTH": "00000000000000000000000000000001"
          },
          "attributes": {
            "src": "designs/226/top.sv:29.32-29.76"
          },
          "port_directions": {
            "A": "input",
            "B": "input",
            "Y": "output"
          },
          "connections": {
            "A": [ 274 ],
            "B": [ 3 ],
            "Y": [ 414 ]
          }
        },
        "$or$designs/226/top.sv:44$50": {
          "hide_name": 1,
          "type": "$or",
          "parameters": {
            "A_SIGNED": "00000000000000000000000000000000",
            "A_WIDTH": "00000000000000000000000000000100",
            "B_SIGNED": "00000000000000000000000000000000",
            "B_WIDTH": "00000000000000000000000000000100",
            "Y_WIDTH": "00000000000000000000000000000100"
          },
          "attributes": {
            "src": "designs/226/top.sv:44.24-44.78"
          },
          "port_directions": {
            "A": "input",
            "B": "input",
            "Y": "output"
          },
          "connections": {
            "A": [ 237, 238, 239, 240 ],
            "B": [ 127, 128, 128, 128 ],
            "Y": [ 415, 416, 417, 418 ]
          }
        },
        "$reduce_bool$designs/226/top.sv:27$11": {
          "hide_name": 1,
          "type": "$reduce_bool",
          "parameters": {
            "A_SIGNED": "00000000000000000000000000000000",
            "A_WIDTH": "00000000000000000000000000001010",
            "Y_WIDTH": "00000000000000000000000000000001"
          },
          "attributes": {
            "src": "designs/226/top.sv:27.21-27.107"
          },
          "port_directions": {
            "A": "input",
            "Y": "output"
          },
          "connections": {
            "A": [ 208, 209, 210, 211, 212, 213, 214, 215, 216, 217 ],
            "Y": [ 419 ]
          }
        },
        "$sub$designs/226/top.sv:27$6": {
          "hide_name": 1,
          "type": "$sub",
          "parameters": {
            "A_SIGNED": "00000000000000000000000000000000",
            "A_WIDTH": "00000000000000000000000000000110",
            "B_SIGNED": "00000000000000000000000000000000",
            "B_WIDTH": "00000000000000000000000000000100",
            "Y_WIDTH": "00000000000000000000000000000111"
          },
          "attributes": {
            "src": "designs/226/top.sv:27.34-27.57"
          },
          "port_directions": {
            "A": "input",
            "B": "input",
            "Y": "output"
          },
          "connections": {
            "A": [ 5, 6, 7, 8, 9, 10 ],
            "B": [ "1", "1", "0", "1" ],
            "Y": [ 289, 290, 291, 292, 293, 294, 295 ]
          }
        },
        "$sub$designs/226/top.sv:30$15": {
          "hide_name": 1,
          "type": "$sub",
          "parameters": {
            "A_SIGNED": "00000000000000000000000000000000",
            "A_WIDTH": "00000000000000000000000000000001",
            "B_SIGNED": "00000000000000000000000000000000",
            "B_WIDTH": "00000000000000000000000000000001",
            "Y_WIDTH": "00000000000000000000000000000010"
          },
          "attributes": {
            "src": "designs/226/top.sv:30.22-30.37"
          },
          "port_directions": {
            "A": "input",
            "B": "input",
            "Y": "output"
          },
          "connections": {
            "A": [ 414 ],
            "B": [ 414 ],
            "Y": [ 127, 128 ]
          }
        },
        "$sub$designs/226/top.sv:31$18": {
          "hide_name": 1,
          "type": "$sub",
          "parameters": {
            "A_SIGNED": "00000000000000000000000000000001",
            "A_WIDTH": "00000000000000000000000000001100",
            "B_SIGNED": "00000000000000000000000000000001",
            "B_WIDTH": "00000000000000000000000000000010",
            "Y_WIDTH": "00000000000000000000000000001101"
          },
          "attributes": {
            "src": "designs/226/top.sv:31.39-31.97"
          },
          "port_directions": {
            "A": "input",
            "B": "input",
            "Y": "output"
          },
          "connections": {
            "A": [ 354, 355, 356, 357, 358, 359, 360, 361, 362, 363, 113, "0" ],
            "B": [ 127, 128 ],
            "Y": [ 114, 115, 116, 117, 118, 119, 120, 121, 122, 123, 124, 125, 126 ]
          }
        },
        "$sub$designs/226/top.sv:32$21": {
          "hide_name": 1,
          "type": "$sub",
          "parameters": {
            "A_SIGNED": "00000000000000000000000000000000",
            "A_WIDTH": "00000000000000000000000000011110",
            "B_SIGNED": "00000000000000000000000000000000",
            "B_WIDTH": "00000000000000000000000000000011",
            "Y_WIDTH": "00000000000000000000000000011110"
          },
          "attributes": {
            "src": "designs/226/top.sv:32.31-32.82"
          },
          "port_directions": {
            "A": "input",
            "B": "input",
            "Y": "output"
          },
          "connections": {
            "A": [ 326, 327, 328, 329, 330, 331, 332, 333, 334, 335, "0", "0", "0", "0", "0", "0", "0", "0", "0", "0", "0", "0", "0", "0", "0", "0", "0", "0", "0", "0" ],
            "B": [ 306, 307, 308 ],
            "Y": [ 384, 385, 386, 387, 388, 389, 390, 391, 392, 393, 394, 395, 396, 397, 398, 399, 400, 401, 402, 403, 404, 405, 406, 407, 408, 409, 410, 411, 412, 413 ]
          }
        },
        "$ternary$designs/226/top.sv:27$12": {
          "hide_name": 1,
          "type": "$mux",
          "parameters": {
            "WIDTH": "00000000000000000000000000001001"
          },
          "attributes": {
            "src": "designs/226/top.sv:27.21-27.107"
          },
          "port_directions": {
            "A": "input",
            "B": "input",
            "S": "input",
            "Y": "output"
          },
          "connections": {
            "A": [ "1", 307, "1", "1", "1", "1", "1", 313, "1" ],
            "B": [ "0", 376, 377, 378, 379, 380, 381, 382, 383 ],
            "S": [ 419 ],
            "Y": [ 153, 154, 155, 156, 157, 158, 159, 160, 161 ]
          }
        },
        "$xor$designs/226/top.sv:44$51": {
          "hide_name": 1,
          "type": "$xor",
          "parameters": {
            "A_SIGNED": "00000000000000000000000000000000",
            "A_WIDTH": "00000000000000000000000000000100",
            "B_SIGNED": "00000000000000000000000000000000",
            "B_WIDTH": "00000000000000000000000000000100",
            "Y_WIDTH": "00000000000000000000000000000100"
          },
          "attributes": {
            "src": "designs/226/top.sv:44.23-44.88"
          },
          "port_directions": {
            "A": "input",
            "B": "input",
            "Y": "output"
          },
          "connections": {
            "A": [ 415, 416, 417, 418 ],
            "B": [ 127, 128, 128, 128 ],
            "Y": [ 241, 242, 243, 244 ]
          }
        }
      },
      "netnames": {
        "$add$designs/226/top.sv:25$2_Y": {
          "hide_name": 1,
          "bits": [ 2, 3, 57, 58, 59, 60, 61, 62, 63, 64, 65, 66, 67, 68, 69, 70, 71, 72, 73, 74, 75, 76, 77, 78 ],
          "attributes": {
            "src": "designs/226/top.sv:25.42-25.81"
          }
        },
        "$add$designs/226/top.sv:25$3_Y": {
          "hide_name": 1,
          "bits": [ 79, 80, 81, 82, 83, 84, 85, 86, 87, 88, 89, 90, 91, 92, 93, 94, 95, 96, 97, 98, 99, 100, 101, 102 ],
          "attributes": {
            "src": "designs/226/top.sv:25.41-25.95",
            "unused_bits": "10 11 12 13 14 15 16 17 18 19 20 21 22 23"
          }
        },
        "$add$designs/226/top.sv:31$16_Y": {
          "hide_name": 1,
          "bits": [ 103, 104, 105, 106, 107, 108, 109, 110, 111, 112, 113, "0", "0", "0", "0", "0", "0", "0", "0", "0", "0", "0" ],
          "attributes": {
            "src": "designs/226/top.sv:31.41-31.73"
          }
        },
        "$add$designs/226/top.sv:33$23_Y": {
          "hide_name": 1,
          "bits": [ 143, 144, 145, 146, 147, 148, 149, 150, 151, 152 ],
          "attributes": {
            "src": "designs/226/top.sv:33.32-33.55"
          }
        },
        "$add$designs/226/top.sv:33$24_Y": {
          "hide_name": 1,
          "bits": [ 162, 163, 164, 165, 166, 167, 168, 169, 170, 171 ],
          "attributes": {
            "src": "designs/226/top.sv:33.31-33.65"
          }
        },
        "$add$designs/226/top.sv:35$30_Y": {
          "hide_name": 1,
          "bits": [ 190, 191, 192, 193, 194, 195, 196, 197, 198, 199, 200, 201, 202, 203, 204, 205, 206, 207, 420, 421, 422, 423, 424, 425, 426, 427, 428, 429, 430, 431 ],
          "attributes": {
            "src": "designs/226/top.sv:35.34-35.84",
            "unused_bits": "18 19 20 21 22 23 24 25 26 27 28 29"
          }
        },
        "$add$designs/226/top.sv:40$44_Y": {
          "hide_name": 1,
          "bits": [ 218, 219, 220, 221, 222, 223, 224, 225, 226, 227, 228, 432, 433, 434, 435, 436, 437, 438, 439, 440, 441, 442, 443, 444 ],
          "attributes": {
            "src": "designs/226/top.sv:40.24-40.39",
            "unused_bits": "11 12 13 14 15 16 17 18 19 20 21 22 23"
          }
        },
        "$add$designs/226/top.sv:44$48_Y": {
          "hide_name": 1,
          "bits": [ 233, 234, 235, 236, 445, 446, 447, 448, 449, 450, 451, 452, 453, 454, 455, 456, 457, 458, 459, 460, 461, 462, 463, 464, 465, 466, 467, 468, 469, 470 ],
          "attributes": {
            "src": "designs/226/top.sv:44.34-44.57",
            "unused_bits": "4 5 6 7 8 9 10 11 12 13 14 15 16 17 18 19 20 21 22 23 24 25 26 27 28 29"
          }
        },
        "$add$designs/226/top.sv:44$49_Y": {
          "hide_name": 1,
          "bits": [ 237, 238, 239, 240, 471, 472, 473, 474, 475, 476, 477, 478, 479, 480, 481, 482, 483, 484, 485, 486, 487, 488, 489, 490, 491, 492, 493, 494, 495, 496 ],
          "attributes": {
            "src": "designs/226/top.sv:44.25-44.68",
            "unused_bits": "4 5 6 7 8 9 10 11 12 13 14 15 16 17 18 19 20 21 22 23 24 25 26 27 28 29"
          }
        },
        "$add$designs/226/top.sv:46$52_Y": {
          "hide_name": 1,
          "bits": [ 245, 246, 247, 248, 249, 250, 251, 252, 253 ],
          "attributes": {
            "src": "designs/226/top.sv:46.58-46.74"
          }
        },
        "$and$designs/226/top.sv:29$13_Y": {
          "hide_name": 1,
          "bits": [ 274, 497, 498, 499, 500, 501, 502, 503, 504, 505, 506, 507 ],
          "attributes": {
            "src": "designs/226/top.sv:29.33-29.57",
            "unused_bits": "1 2 3 4 5 6 7 8 9 10 11"
          }
        },
        "$and$designs/226/top.sv:32$20_Y": {
          "hide_name": 1,
          "bits": [ 326, 327, 328, 329, 330, 331, 332, 333, 334, 335, "0", "0", "0", "0", "0", "0", "0", "0", "0", "0", "0", "0", "0", "0", "0", "0", "0", "0", "0", "0" ],
          "attributes": {
            "src": "designs/226/top.sv:32.42-32.66"
          }
        },
        "$and$designs/226/top.sv:46$53_Y": {
          "hide_name": 1,
          "bits": [ 345, 346, 347, 348, 349, 350, 351, 352, 353, "0", "0", "0", "0", "0", "0", "0", "0", "0", "0", "0", "0", "0" ],
          "attributes": {
            "src": "designs/226/top.sv:46.47-46.85"
          }
        },
        "$auto$opt_expr.cc:205:group_cell_inputs$101": {
          "hide_name": 1,
          "bits": [ 296, 297, 298, 299, 300, 301, 302, 303, 304, 305 ],
          "attributes": {
          }
        },
        "$auto$opt_expr.cc:205:group_cell_inputs$103": {
          "hide_name": 1,
          "bits": [ 295 ],
          "attributes": {
          }
        },
        "$auto$opt_expr.cc:205:group_cell_inputs$104": {
          "hide_name": 1,
          "bits": [ 316, 317, 318, 319, 320, 321, 322, 323, 324, 325 ],
          "attributes": {
          }
        },
        "$auto$opt_expr.cc:205:group_cell_inputs$114": {
          "hide_name": 1,
          "bits": [ 254, 255, 256, 257, 258, 259, 260, 261, 262 ],
          "attributes": {
          }
        },
        "$auto$opt_expr.cc:205:group_cell_inputs$72": {
          "hide_name": 1,
          "bits": [ 354, 355, 356, 357, 358, 359, 360, 361, 362, 363 ],
          "attributes": {
          }
        },
        "$auto$opt_expr.cc:205:group_cell_inputs$79": {
          "hide_name": 1,
          "bits": [ 172, 173, 174, 175, 176, 177 ],
          "attributes": {
          }
        },
        "$auto$opt_expr.cc:205:group_cell_inputs$81": {
          "hide_name": 1,
          "bits": [ 178, 179, 180, 181, 182, 183, 184, 185, 186, 187, 188, 189 ],
          "attributes": {
          }
        },
        "$mul$designs/226/top.sv:25$1_Y": {
          "hide_name": 1,
          "bits": [ "0", "0", 35, 36, 37, 38, 39, 40, 41, 42, 43, 44, 45, 46, 47, 48, 49, 50, 51, 52, 53, 54, 55, 56 ],
          "attributes": {
            "src": "designs/226/top.sv:25.43-25.67"
          }
        },
        "$mul$designs/226/top.sv:27$9_Y": {
          "hide_name": 1,
          "bits": [ "0", 376, 377, 378, 379, 380, 381, 382, 383, 508, 509, 510, 511, 512, 513, 514, 515, 516, 517, 518, 519, 520, 521, 522 ],
          "attributes": {
            "src": "designs/226/top.sv:27.31-27.86",
            "unused_bits": "9 10 11 12 13 14 15 16 17 18 19 20 21 22 23"
          }
        },
        "$mul$designs/226/top.sv:35$28_Y": {
          "hide_name": 1,
          "bits": [ 364, 365, 366, 367, 368, 369, 178, 179, 180, 181, 182, 183, 184, 185, 186, 187, 188, 189, 523, 524, 525, 526, 527, 528, 529, 530, 531, 532, 533, 534 ],
          "attributes": {
            "src": "designs/226/top.sv:35.44-35.59",
            "unused_bits": "18 19 20 21 22 23 24 25 26 27 28 29"
          }
        },
        "$or$designs/226/top.sv:44$50_Y": {
          "hide_name": 1,
          "bits": [ 415, 416, 417, 418, 535, 536, 537, 538, 539, 540, 541, 542, 543, 544, 545, 546, 547, 548, 549, 550, 551, 552, 553, 554, 555, 556, 557, 558, 559, 560 ],
          "attributes": {
            "src": "designs/226/top.sv:44.24-44.78",
            "unused_bits": "4 5 6 7 8 9 10 11 12 13 14 15 16 17 18 19 20 21 22 23 24 25 26 27 28 29"
          }
        },
        "$reduce_bool$designs/226/top.sv:27$11_Y": {
          "hide_name": 1,
          "bits": [ 419 ],
          "attributes": {
            "src": "designs/226/top.sv:27.21-27.107"
          }
        },
        "$sub$designs/226/top.sv:27$6_Y": {
          "hide_name": 1,
          "bits": [ 2, 3, 4, 289, 290, 291, 292, 293, 294, 295, 295, 295, 295, 295, 295, 295, 295, 295, 295, 295, 295, 295, 295, 295 ],
          "attributes": {
            "src": "designs/226/top.sv:27.34-27.57"
          }
        },
        "$sub$designs/226/top.sv:31$18_Y": {
          "hide_name": 1,
          "bits": [ 114, 115, 116, 117, 118, 119, 120, 121, 122, 123, 124, 125, 126, 126, 126, 126, 126, 126, 126, 126, 126, 126 ],
          "attributes": {
            "src": "designs/226/top.sv:31.39-31.97"
          }
        },
        "$sub$designs/226/top.sv:32$21_Y": {
          "hide_name": 1,
          "bits": [ 384, 385, 386, 387, 388, 389, 390, 391, 392, 393, 394, 395, 396, 397, 398, 399, 400, 401, 402, 403, 404, 405, 406, 407, 408, 409, 410, 411, 412, 413 ],
          "attributes": {
            "src": "designs/226/top.sv:32.31-32.82"
          }
        },
        "input_data": {
          "hide_name": 0,
          "bits": [ 2, 3, 4, 5, 6, 7, 8, 9, 10, 11 ],
          "attributes": {
            "src": "designs/226/top.sv:2.17-2.27"
          }
        },
        "output_data": {
          "hide_name": 0,
          "bits": [ 12, 13, 14, 15, 16, 17, 18, 19, 20, 21, 22, 23, 24, 25, 26, 27, 28, 29, 30, 31, 32, 33, 34, "0", "0", "0", "0", "0", "0", "0", "0", "0", "0", "0", "0", "0", "0", "0", "0", "0" ],
          "attributes": {
            "src": "designs/226/top.sv:3.19-3.30"
          }
        },
        "temp_0": {
          "hide_name": 0,
          "bits": [ 208, 209, 210, 211, 212, 213, 214, 215, 216, 217, "0", "0", "0", "0", "0", "0", "0", "0", "0", "0", "0", "0", "0", "0" ],
          "attributes": {
            "src": "designs/226/top.sv:6.18-6.24"
          }
        },
        "temp_1": {
          "hide_name": 0,
          "bits": [ 306, 307, 308, 309, 310, 311, 312, 313, 314, 315, "0", "0", "0", "0", "0", "0", "0", "0" ],
          "attributes": {
            "src": "designs/226/top.sv:7.18-7.24"
          }
        },
        "temp_10": {
          "hide_name": 0,
          "bits": [ 275, 276, 277, 278, 279, 280, 281, 282, 283, 284, 285, 286, 287, 288, 229, 230, 231, 232, "x", "x", "x", "x", "x", "x", "x" ],
          "attributes": {
            "src": "designs/226/top.sv:16.18-16.25",
            "unused_bits": "0 1 2 3 4 5 6 7 8 9 10 11 12 13"
          }
        },
        "temp_15": {
          "hide_name": 0,
          "bits": [ 336, 337, 338, 339, 340, 341, 342, 343, 344, 263, 228 ],
          "attributes": {
            "src": "designs/226/top.sv:21.18-21.25"
          }
        },
        "temp_17": {
          "hide_name": 0,
          "bits": [ 241, 242, 243, 244 ],
          "attributes": {
            "src": "designs/226/top.sv:23.17-23.24"
          }
        },
        "temp_2": {
          "hide_name": 0,
          "bits": [ 153, 154, 155, 156, 157, 158, 159, 160, 161 ],
          "attributes": {
            "src": "designs/226/top.sv:8.17-8.23"
          }
        },
        "temp_4": {
          "hide_name": 0,
          "bits": [ 414 ],
          "attributes": {
            "single_bit_vector": "00000000000000000000000000000001",
            "src": "designs/226/top.sv:10.17-10.23"
          }
        },
        "temp_5": {
          "hide_name": 0,
          "bits": [ 127, 128, 128, 128, 128, 128, 128, 128, 128, 128, 128, 128, 128, 128, 128, 128, 128, 128, 128, 128, 128, 128 ],
          "attributes": {
            "src": "designs/226/top.sv:11.18-11.24"
          }
        },
        "temp_6": {
          "hide_name": 0,
          "bits": [ 129, 130, 131, 132, 133, 134, 135, 136, 137, 138, 139, 140, 141, 142, 142, 142, 142, 142, 142, 142, 142, 142, 142, 142, 142, 142, 142, 142, 142, 142 ],
          "attributes": {
            "src": "designs/226/top.sv:12.18-12.24"
          }
        },
        "temp_7": {
          "hide_name": 0,
          "bits": [ 370, 371, 372, 373, 374, 375 ],
          "attributes": {
            "src": "designs/226/top.sv:13.17-13.23"
          }
        },
        "temp_8": {
          "hide_name": 0,
          "bits": [ 264, 265, 266, 267, 268, 269, 270, 271, 272, 273, 273, 273, 273, 273, 273, 273, 273, 273, 273, 273, 273, 273 ],
          "attributes": {
            "src": "designs/226/top.sv:14.18-14.24"
          }
        }
      }
    }
  }
}
