{
  "creator": "Yosys 0.60 (git sha1 5bafeb77dc71e054fa331ab9efa613e6fb0a1c49, clang++ 17.0.0 -fPIC -O3)",
  "modules": {
    "top": {
      "attributes": {
        "top": "00000000000000000000000000000001",
        "src": "designs/237/top.sv:1.1-38.10"
      },
      "ports": {
        "input_data": {
          "direction": "input",
          "bits": [ 2, 3, 4, 5, 6, 7 ]
        },
        "output_data": {
          "direction": "output",
          "bits": [ 8, 9, 10, 11, 12, 13, "0", "0", "0", "0", "0", "0" ]
        }
      },
      "cells": {
        "$add$designs/237/top.sv:27$23": {
          "hide_name": 1,
          "type": "$add",
          "parameters": {
            "A_SIGNED": "00000000000000000000000000000000",
            "A_WIDTH": "00000000000000000000000000001001",
            "B_SIGNED": "00000000000000000000000000000000",
            "B_WIDTH": "00000000000000000000000000001001",
            "Y_WIDTH": "00000000000000000000000000001001"
          },
          "attributes": {
            "src": "designs/237/top.sv:27.41-27.87"
          },
          "port_directions": {
            "A": "input",
            "B": "input",
            "Y": "output"
          },
          "connections": {
            "A": [ 14, 15, 16, 17, 18, 19, 20, 21, 22 ],
            "B": [ 14, 15, 16, 17, 18, 19, 20, 21, 22 ],
            "Y": [ 23, 24, 25, 26, 27, 28, 29, 30, 31 ]
          }
        },
        "$add$designs/237/top.sv:31$31": {
          "hide_name": 1,
          "type": "$add",
          "parameters": {
            "A_SIGNED": "00000000000000000000000000000000",
            "A_WIDTH": "00000000000000000000000000000010",
            "B_SIGNED": "00000000000000000000000000000000",
            "B_WIDTH": "00000000000000000000000000001101",
            "Y_WIDTH": "00000000000000000000000000001101"
          },
          "attributes": {
            "src": "designs/237/top.sv:31.44-31.59"
          },
          "port_directions": {
            "A": "input",
            "B": "input",
            "Y": "output"
          },
          "connections": {
            "A": [ 32, 33 ],
            "B": [ 2, 3, 4, 5, 6, 7, "0", "0", "0", "0", "0", "0", "0" ],
            "Y": [ 34, 35, 36, 37, 38, 39, 40, 41, 42, 43, 44, 45, 46 ]
          }
        },
        "$auto$opt_expr.cc:276:group_cell_inputs$61": {
          "hide_name": 1,
          "type": "$or",
          "parameters": {
            "A_SIGNED": "00000000000000000000000000000000",
            "A_WIDTH": "00000000000000000000000000000110",
            "B_SIGNED": "00000000000000000000000000000000",
            "B_WIDTH": "00000000000000000000000000000110",
            "Y_WIDTH": "00000000000000000000000000000110"
          },
          "attributes": {
          },
          "port_directions": {
            "A": "input",
            "B": "input",
            "Y": "output"
          },
          "connections": {
            "A": [ 23, 24, 25, 26, 27, 28 ],
            "B": [ 47, 48, 49, 50, 51, 52 ],
            "Y": [ 53, 54, 55, 56, 57, 58 ]
          }
        },
        "$auto$opt_expr.cc:276:group_cell_inputs$70": {
          "hide_name": 1,
          "type": "$xor",
          "parameters": {
            "A_SIGNED": "00000000000000000000000000000000",
            "A_WIDTH": "00000000000000000000000000000011",
            "B_SIGNED": "00000000000000000000000000000000",
            "B_WIDTH": "00000000000000000000000000000011",
            "Y_WIDTH": "00000000000000000000000000000011"
          },
          "attributes": {
          },
          "port_directions": {
            "A": "input",
            "B": "input",
            "Y": "output"
          },
          "connections": {
            "A": [ 5, 6, 7 ],
            "B": [ 59, 60, 61 ],
            "Y": [ 8, 9, 10 ]
          }
        },
        "$auto$opt_expr.cc:276:group_cell_inputs$76": {
          "hide_name": 1,
          "type": "$and",
          "parameters": {
            "A_SIGNED": "00000000000000000000000000000000",
            "A_WIDTH": "00000000000000000000000000000110",
            "B_SIGNED": "00000000000000000000000000000000",
            "B_WIDTH": "00000000000000000000000000000110",
            "Y_WIDTH": "00000000000000000000000000000110"
          },
          "attributes": {
          },
          "port_directions": {
            "A": "input",
            "B": "input",
            "Y": "output"
          },
          "connections": {
            "A": [ 62, 63, 64, 65, 66, 67 ],
            "B": [ 2, 3, 4, 5, 6, 7 ],
            "Y": [ 59, 60, 61, 11, 12, 13 ]
          }
        },
        "$mul$designs/237/top.sv:25$17": {
          "hide_name": 1,
          "type": "$mul",
          "parameters": {
            "A_SIGNED": "00000000000000000000000000000000",
            "A_WIDTH": "00000000000000000000000000000110",
            "B_SIGNED": "00000000000000000000000000000000",
            "B_WIDTH": "00000000000000000000000000000110",
            "Y_WIDTH": "00000000000000000000000000000110"
          },
          "attributes": {
            "src": "designs/237/top.sv:25.32-25.67"
          },
          "port_directions": {
            "A": "input",
            "B": "input",
            "Y": "output"
          },
          "connections": {
            "A": [ 5, 6, 7, "0", "0", "0" ],
            "B": [ 2, 3, 4, 5, 6, 7 ],
            "Y": [ 68, 69, 70, 71, 72, 73 ]
          }
        },
        "$mul$designs/237/top.sv:25$18": {
          "hide_name": 1,
          "type": "$mul",
          "parameters": {
            "A_SIGNED": "00000000000000000000000000000000",
            "A_WIDTH": "00000000000000000000000000000110",
            "B_SIGNED": "00000000000000000000000000000000",
            "B_WIDTH": "00000000000000000000000000000110",
            "Y_WIDTH": "00000000000000000000000000000110"
          },
          "attributes": {
            "src": "designs/237/top.sv:25.23-25.82"
          },
          "port_directions": {
            "A": "input",
            "B": "input",
            "Y": "output"
          },
          "connections": {
            "A": [ 68, 69, 70, 71, 72, 73 ],
            "B": [ 2, 3, 4, 5, 6, 7 ],
            "Y": [ 74, 75, 76, 77, 78, 79 ]
          }
        },
        "$mul$designs/237/top.sv:25$19": {
          "hide_name": 1,
          "type": "$mul",
          "parameters": {
            "A_SIGNED": "00000000000000000000000000000000",
            "A_WIDTH": "00000000000000000000000000000110",
            "B_SIGNED": "00000000000000000000000000000000",
            "B_WIDTH": "00000000000000000000000000000011",
            "Y_WIDTH": "00000000000000000000000000000110"
          },
          "attributes": {
            "src": "designs/237/top.sv:25.22-25.92"
          },
          "port_directions": {
            "A": "input",
            "B": "input",
            "Y": "output"
          },
          "connections": {
            "A": [ 74, 75, 76, 77, 78, 79 ],
            "B": [ 5, 6, 7 ],
            "Y": [ 47, 48, 49, 50, 51, 52 ]
          }
        },
        "$mul$designs/237/top.sv:26$20": {
          "hide_name": 1,
          "type": "$mul",
          "parameters": {
            "A_SIGNED": "00000000000000000000000000000000",
            "A_WIDTH": "00000000000000000000000000000110",
            "B_SIGNED": "00000000000000000000000000000000",
            "B_WIDTH": "00000000000000000000000000000011",
            "Y_WIDTH": "00000000000000000000000000000110"
          },
          "attributes": {
            "src": "designs/237/top.sv:26.33-26.61"
          },
          "port_directions": {
            "A": "input",
            "B": "input",
            "Y": "output"
          },
          "connections": {
            "A": [ 2, 3, 4, 5, 6, 7 ],
            "B": [ 5, 6, 7 ],
            "Y": [ 80, 81, 82, 83, 84, 85 ]
          }
        },
        "$mul$designs/237/top.sv:26$21": {
          "hide_name": 1,
          "type": "$mul",
          "parameters": {
            "A_SIGNED": "00000000000000000000000000000000",
            "A_WIDTH": "00000000000000000000000000000110",
            "B_SIGNED": "00000000000000000000000000000000",
            "B_WIDTH": "00000000000000000000000000000110",
            "Y_WIDTH": "00000000000000000000000000001001"
          },
          "attributes": {
            "src": "designs/237/top.sv:26.22-26.76"
          },
          "port_directions": {
            "A": "input",
            "B": "input",
            "Y": "output"
          },
          "connections": {
            "A": [ 80, 81, 82, 83, 84, 85 ],
            "B": [ 2, 3, 4, 5, 6, 7 ],
            "Y": [ 14, 15, 16, 17, 18, 19, 20, 21, 22 ]
          }
        },
        "$mul$designs/237/top.sv:31$33": {
          "hide_name": 1,
          "type": "$mul",
          "parameters": {
            "A_SIGNED": "00000000000000000000000000000000",
            "A_WIDTH": "00000000000000000000000000001101",
            "B_SIGNED": "00000000000000000000000000000000",
            "B_WIDTH": "00000000000000000000000000000110",
            "Y_WIDTH": "00000000000000000000000000001101"
          },
          "attributes": {
            "src": "designs/237/top.sv:31.42-31.83"
          },
          "port_directions": {
            "A": "input",
            "B": "input",
            "Y": "output"
          },
          "connections": {
            "A": [ 34, 35, 36, 37, 38, 39, 40, 41, 42, 43, 44, 45, 46 ],
            "B": [ 2, 3, 4, 5, 6, 7 ],
            "Y": [ 86, 87, 88, 89, 90, 91, 92, 93, 94, 95, 96, 97, 98 ]
          }
        },
        "$or$designs/237/top.sv:30$30": {
          "hide_name": 1,
          "type": "$or",
          "parameters": {
            "A_SIGNED": "00000000000000000000000000000000",
            "A_WIDTH": "00000000000000000000000000000010",
            "B_SIGNED": "00000000000000000000000000000000",
            "B_WIDTH": "00000000000000000000000000000010",
            "Y_WIDTH": "00000000000000000000000000000010"
          },
          "attributes": {
            "src": "designs/237/top.sv:30.22-30.68"
          },
          "port_directions": {
            "A": "input",
            "B": "input",
            "Y": "output"
          },
          "connections": {
            "A": [ 99, 100 ],
            "B": [ 5, 6 ],
            "Y": [ 32, 33 ]
          }
        },
        "$sub$designs/237/top.sv:30$29": {
          "hide_name": 1,
          "type": "$sub",
          "parameters": {
            "A_SIGNED": "00000000000000000000000000000000",
            "A_WIDTH": "00000000000000000000000000000010",
            "B_SIGNED": "00000000000000000000000000000000",
            "B_WIDTH": "00000000000000000000000000000010",
            "Y_WIDTH": "00000000000000000000000000000010"
          },
          "attributes": {
            "src": "designs/237/top.sv:30.31-30.57"
          },
          "port_directions": {
            "A": "input",
            "B": "input",
            "Y": "output"
          },
          "connections": {
            "A": [ 14, 15 ],
            "B": [ 2, 3 ],
            "Y": [ 99, 100 ]
          }
        },
        "$sub$designs/237/top.sv:31$34": {
          "hide_name": 1,
          "type": "$sub",
          "parameters": {
            "A_SIGNED": "00000000000000000000000000000000",
            "A_WIDTH": "00000000000000000000000000001101",
            "B_SIGNED": "00000000000000000000000000000000",
            "B_WIDTH": "00000000000000000000000000001101",
            "Y_WIDTH": "00000000000000000000000000001110"
          },
          "attributes": {
            "src": "designs/237/top.sv:31.31-31.94"
          },
          "port_directions": {
            "A": "input",
            "B": "input",
            "Y": "output"
          },
          "connections": {
            "A": [ 86, 87, 88, 89, 90, 91, 92, 93, 94, 95, 96, 97, 98 ],
            "B": [ 2, 3, 4, 5, 6, 7, "0", "0", "0", "0", "0", "0", "0" ],
            "Y": [ 101, 102, 103, 104, 105, 106, 107, 108, 109, 110, 111, 112, 113, 114 ]
          }
        },
        "$sub$designs/237/top.sv:34$43": {
          "hide_name": 1,
          "type": "$sub",
          "parameters": {
            "A_SIGNED": "00000000000000000000000000000000",
            "A_WIDTH": "00000000000000000000000000001100",
            "B_SIGNED": "00000000000000000000000000000000",
            "B_WIDTH": "00000000000000000000000000001100",
            "Y_WIDTH": "00000000000000000000000000001100"
          },
          "attributes": {
            "src": "designs/237/top.sv:34.33-34.49"
          },
          "port_directions": {
            "A": "input",
            "B": "input",
            "Y": "output"
          },
          "connections": {
            "A": [ 53, 54, 55, 56, 57, 58, 29, 30, 31, 31, 31, 31 ],
            "B": [ 101, 102, 103, 104, 105, 106, 107, 108, 109, 110, 111, 112 ],
            "Y": [ 62, 63, 64, 65, 66, 67, 115, 116, 117, 118, 119, 120 ]
          }
        }
      },
      "netnames": {
        "$add$designs/237/top.sv:27$23_Y": {
          "hide_name": 1,
          "bits": [ 23, 24, 25, 26, 27, 28, 29, 30, 31 ],
          "attributes": {
            "src": "designs/237/top.sv:27.41-27.87"
          }
        },
        "$add$designs/237/top.sv:31$31_Y": {
          "hide_name": 1,
          "bits": [ 34, 35, 36, 37, 38, 39, 40, 41, 42, 43, 44, 45, 46 ],
          "attributes": {
            "src": "designs/237/top.sv:31.44-31.59"
          }
        },
        "$auto$opt_expr.cc:205:group_cell_inputs$66": {
          "hide_name": 1,
          "bits": [ 62, 63, 64, 65, 66, 67 ],
          "attributes": {
          }
        },
        "$auto$opt_expr.cc:205:group_cell_inputs$68": {
          "hide_name": 1,
          "bits": [ 115, 116, 117, 118, 119, 120 ],
          "attributes": {
            "unused_bits": "0 1 2 3 4 5"
          }
        },
        "$auto$wreduce.cc:514:run$50": {
          "hide_name": 1,
          "bits": [ 99, 100, 121, 122, 123, 124, 125, 126, 127, 128, 129, 130, 131, 132 ],
          "attributes": {
            "src": "designs/237/top.sv:30.31-30.57",
            "unused_bits": "2 3 4 5 6 7 8 9 10 11 12 13"
          }
        },
        "$mul$designs/237/top.sv:25$17_Y": {
          "hide_name": 1,
          "bits": [ 68, 69, 70, 71, 72, 73 ],
          "attributes": {
            "src": "designs/237/top.sv:25.32-25.67"
          }
        },
        "$mul$designs/237/top.sv:25$18_Y": {
          "hide_name": 1,
          "bits": [ 74, 75, 76, 77, 78, 79 ],
          "attributes": {
            "src": "designs/237/top.sv:25.23-25.82"
          }
        },
        "$mul$designs/237/top.sv:26$20_Y": {
          "hide_name": 1,
          "bits": [ 80, 81, 82, 83, 84, 85 ],
          "attributes": {
            "src": "designs/237/top.sv:26.33-26.61"
          }
        },
        "$mul$designs/237/top.sv:31$33_Y": {
          "hide_name": 1,
          "bits": [ 86, 87, 88, 89, 90, 91, 92, 93, 94, 95, 96, 97, 98 ],
          "attributes": {
            "src": "designs/237/top.sv:31.42-31.83"
          }
        },
        "input_data": {
          "hide_name": 0,
          "bits": [ 2, 3, 4, 5, 6, 7 ],
          "attributes": {
            "src": "designs/237/top.sv:2.17-2.27"
          }
        },
        "output_data": {
          "hide_name": 0,
          "bits": [ 8, 9, 10, 11, 12, 13, "0", "0", "0", "0", "0", "0" ],
          "attributes": {
            "src": "designs/237/top.sv:3.19-3.30"
          }
        },
        "temp_10": {
          "hide_name": 0,
          "bits": [ 101, 102, 103, 104, 105, 106, 107, 108, 109, 110, 111, 112, 113, 114, "0", "0", "0", "0", "0", "0", "0", "0", "0", "0", "0", "0", "0", "0", "0", "0" ],
          "attributes": {
            "src": "designs/237/top.sv:16.18-16.25",
            "unused_bits": "12 13"
          }
        },
        "temp_13": {
          "hide_name": 0,
          "bits": [ 59, 60, 61, 11, 12, 13, "0", "0", "0", "0", "0", "0", "x", "x", "x", "x", "x", "x", "x", "x", "x", "x", "x", "x", "x" ],
          "attributes": {
            "src": "designs/237/top.sv:19.18-19.25"
          }
        },
        "temp_4": {
          "hide_name": 0,
          "bits": [ 47, 48, 49, 50, 51, 52 ],
          "attributes": {
            "src": "designs/237/top.sv:10.17-10.23"
          }
        },
        "temp_5": {
          "hide_name": 0,
          "bits": [ 14, 15, 16, 17, 18, 19, 20, 21, 22 ],
          "attributes": {
            "src": "designs/237/top.sv:11.17-11.23"
          }
        },
        "temp_6": {
          "hide_name": 0,
          "bits": [ 53, 54, 55, 56, 57, 58, 29, 30, 31, 31, 31, 31, 31, 31, 31, 31 ],
          "attributes": {
            "src": "designs/237/top.sv:12.18-12.24"
          }
        },
        "temp_9": {
          "hide_name": 0,
          "bits": [ 32, 33 ],
          "attributes": {
            "src": "designs/237/top.sv:15.17-15.23"
          }
        }
      }
    }
  }
}
