{
  "creator": "Yosys 0.60 (git sha1 5bafeb77dc71e054fa331ab9efa613e6fb0a1c49, clang++ 17.0.0 -fPIC -O3)",
  "modules": {
    "top": {
      "attributes": {
        "top": "00000000000000000000000000000001",
        "src": "designs/0/top.sv:1.1-22.10"
      },
      "ports": {
        "input_data": {
          "direction": "input",
          "bits": [ 2, 3, 4, 5, 6 ]
        },
        "output_data": {
          "direction": "output",
          "bits": [ 7, 8, 9, 10, 11 ]
        }
      },
      "cells": {
        "$add$designs/0/top.sv:20$13": {
          "hide_name": 1,
          "type": "$add",
          "parameters": {
            "A_SIGNED": "00000000000000000000000000000000",
            "A_WIDTH": "00000000000000000000000000000011",
            "B_SIGNED": "00000000000000000000000000000000",
            "B_WIDTH": "00000000000000000000000000011001",
            "Y_WIDTH": "00000000000000000000000000011001"
          },
          "attributes": {
            "src": "designs/0/top.sv:20.64-20.93"
          },
          "port_directions": {
            "A": "input",
            "B": "input",
            "Y": "output"
          },
          "connections": {
            "A": [ 12, 13, 14 ],
            "B": [ 15, 16, 17, 18, 19, 20, 21, 22, 23, 24, 25, 26, 27, 28, 29, 30, 31, 32, 33, 34, 35, 36, 37, 38, 39 ],
            "Y": [ 40, 41, 42, 43, 44, 45, 46, 47, 48, 49, 50, 51, 52, 53, 54, 55, 56, 57, 58, 59, 60, 61, 62, 63, 64 ]
          }
        },
        "$add$designs/0/top.sv:20$18": {
          "hide_name": 1,
          "type": "$add",
          "parameters": {
            "A_SIGNED": "00000000000000000000000000000000",
            "A_WIDTH": "00000000000000000000000000000101",
            "B_SIGNED": "00000000000000000000000000000000",
            "B_WIDTH": "00000000000000000000000000000101",
            "Y_WIDTH": "00000000000000000000000000000101"
          },
          "attributes": {
            "src": "designs/0/top.sv:20.37-20.136"
          },
          "port_directions": {
            "A": "input",
            "B": "input",
            "Y": "output"
          },
          "connections": {
            "A": [ 65, 66, 67, 68, 69 ],
            "B": [ 2, 3, 4, 5, 6 ],
            "Y": [ 7, 8, 9, 10, 11 ]
          }
        },
        "$auto$opt_expr.cc:276:group_cell_inputs$24": {
          "hide_name": 1,
          "type": "$or",
          "parameters": {
            "A_SIGNED": "00000000000000000000000000000000",
            "A_WIDTH": "00000000000000000000000000000101",
            "B_SIGNED": "00000000000000000000000000000000",
            "B_WIDTH": "00000000000000000000000000000101",
            "Y_WIDTH": "00000000000000000000000000000101"
          },
          "attributes": {
          },
          "port_directions": {
            "A": "input",
            "B": "input",
            "Y": "output"
          },
          "connections": {
            "A": [ 70, 71, 72, 73, 74 ],
            "B": [ 2, 3, 4, 5, 6 ],
            "Y": [ 75, 76, 77, 78, 79 ]
          }
        },
        "$auto$opt_expr.cc:276:group_cell_inputs$27": {
          "hide_name": 1,
          "type": "$xor",
          "parameters": {
            "A_SIGNED": "00000000000000000000000000000000",
            "A_WIDTH": "00000000000000000000000000000101",
            "B_SIGNED": "00000000000000000000000000000000",
            "B_WIDTH": "00000000000000000000000000000101",
            "Y_WIDTH": "00000000000000000000000000000101"
          },
          "attributes": {
          },
          "port_directions": {
            "A": "input",
            "B": "input",
            "Y": "output"
          },
          "connections": {
            "A": [ 75, 76, 77, 78, 79 ],
            "B": [ 2, 3, 4, 5, 6 ],
            "Y": [ 12, 13, 14, 80, 81 ]
          }
        },
        "$auto$opt_expr.cc:276:group_cell_inputs$30": {
          "hide_name": 1,
          "type": "$not",
          "parameters": {
            "A_SIGNED": "00000000000000000000000000000000",
            "A_WIDTH": "00000000000000000000000000000101",
            "Y_WIDTH": "00000000000000000000000000000101"
          },
          "attributes": {
          },
          "port_directions": {
            "A": "input",
            "Y": "output"
          },
          "connections": {
            "A": [ 2, 3, 4, 5, 6 ],
            "Y": [ 82, 83, 84, 85, 86 ]
          }
        },
        "$auto$opt_expr.cc:276:group_cell_inputs$38": {
          "hide_name": 1,
          "type": "$xor",
          "parameters": {
            "A_SIGNED": "00000000000000000000000000000000",
            "A_WIDTH": "00000000000000000000000000000101",
            "B_SIGNED": "00000000000000000000000000000000",
            "B_WIDTH": "00000000000000000000000000000101",
            "Y_WIDTH": "00000000000000000000000000000101"
          },
          "attributes": {
          },
          "port_directions": {
            "A": "input",
            "B": "input",
            "Y": "output"
          },
          "connections": {
            "A": [ 87, 88, 89, 90, 91 ],
            "B": [ 2, 3, 4, 5, 6 ],
            "Y": [ 92, 93, 94, 95, 96 ]
          }
        },
        "$auto$opt_expr.cc:276:group_cell_inputs$41": {
          "hide_name": 1,
          "type": "$or",
          "parameters": {
            "A_SIGNED": "00000000000000000000000000000000",
            "A_WIDTH": "00000000000000000000000000000101",
            "B_SIGNED": "00000000000000000000000000000000",
            "B_WIDTH": "00000000000000000000000000000101",
            "Y_WIDTH": "00000000000000000000000000000101"
          },
          "attributes": {
          },
          "port_directions": {
            "A": "input",
            "B": "input",
            "Y": "output"
          },
          "connections": {
            "A": [ 92, 93, 94, 95, 96 ],
            "B": [ 2, 3, 4, 5, 6 ],
            "Y": [ 97, 98, 99, 100, 101 ]
          }
        },
        "$auto$opt_expr.cc:276:group_cell_inputs$44": {
          "hide_name": 1,
          "type": "$xor",
          "parameters": {
            "A_SIGNED": "00000000000000000000000000000000",
            "A_WIDTH": "00000000000000000000000000000101",
            "B_SIGNED": "00000000000000000000000000000000",
            "B_WIDTH": "00000000000000000000000000000101",
            "Y_WIDTH": "00000000000000000000000000000101"
          },
          "attributes": {
          },
          "port_directions": {
            "A": "input",
            "B": "input",
            "Y": "output"
          },
          "connections": {
            "A": [ 2, 3, 4, 5, 6 ],
            "B": [ 97, 98, 99, 100, 101 ],
            "Y": [ 15, 16, 17, 18, 19 ]
          }
        },
        "$auto$opt_expr.cc:276:group_cell_inputs$47": {
          "hide_name": 1,
          "type": "$not",
          "parameters": {
            "A_SIGNED": "00000000000000000000000000000000",
            "A_WIDTH": "00000000000000000000000000001111",
            "Y_WIDTH": "00000000000000000000000000001111"
          },
          "attributes": {
          },
          "port_directions": {
            "A": "input",
            "Y": "output"
          },
          "connections": {
            "A": [ 25, 26, 27, 28, 29, 30, 31, 32, 33, 34, 35, 36, 37, 38, 39 ],
            "Y": [ 102, 103, 104, 105, 106, 107, 108, 109, 110, 111, 112, 113, 114, 115, 116 ]
          }
        },
        "$auto$opt_expr.cc:276:group_cell_inputs$51": {
          "hide_name": 1,
          "type": "$and",
          "parameters": {
            "A_SIGNED": "00000000000000000000000000000000",
            "A_WIDTH": "00000000000000000000000000000101",
            "B_SIGNED": "00000000000000000000000000000000",
            "B_WIDTH": "00000000000000000000000000000101",
            "Y_WIDTH": "00000000000000000000000000000101"
          },
          "attributes": {
          },
          "port_directions": {
            "A": "input",
            "B": "input",
            "Y": "output"
          },
          "connections": {
            "A": [ 12, 13, 14, 80, 81 ],
            "B": [ 82, 83, 84, 85, 86 ],
            "Y": [ 117, 118, 119, 120, 121 ]
          }
        },
        "$mul$designs/0/top.sv:14$2": {
          "hide_name": 1,
          "type": "$mul",
          "parameters": {
            "A_SIGNED": "00000000000000000000000000000000",
            "A_WIDTH": "00000000000000000000000000000101",
            "B_SIGNED": "00000000000000000000000000000000",
            "B_WIDTH": "00000000000000000000000000000101",
            "Y_WIDTH": "00000000000000000000000000001000"
          },
          "attributes": {
            "src": "designs/0/top.sv:14.40-14.84"
          },
          "port_directions": {
            "A": "input",
            "B": "input",
            "Y": "output"
          },
          "connections": {
            "A": [ 2, 3, 4, 5, 6 ],
            "B": [ 2, 3, 4, 5, 6 ],
            "Y": [ 70, 71, 72, 73, 74, 122, 123, 124 ]
          }
        },
        "$mul$designs/0/top.sv:16$8": {
          "hide_name": 1,
          "type": "$mul",
          "parameters": {
            "A_SIGNED": "00000000000000000000000000000000",
            "A_WIDTH": "00000000000000000000000000100000",
            "B_SIGNED": "00000000000000000000000000000000",
            "B_WIDTH": "00000000000000000000000000001000",
            "Y_WIDTH": "00000000000000000000000000011001"
          },
          "attributes": {
            "src": "designs/0/top.sv:16.40-16.113"
          },
          "port_directions": {
            "A": "input",
            "B": "input",
            "Y": "output"
          },
          "connections": {
            "A": [ 125, 126, 127, 128, 129, 130, 131, 132, 133, 134, 135, 136, 137, 138, 139, 140, 141, 142, 143, 144, 145, 146, 147, 148, 149, 150, 151, 152, 153, 154, 155, 156 ],
            "B": [ 12, 13, 14, 80, 81, 122, 123, 124 ],
            "Y": [ 87, 88, 89, 90, 91, 20, 21, 22, 23, 24, 25, 26, 27, 28, 29, 30, 31, 32, 33, 34, 35, 36, 37, 38, 39 ]
          }
        },
        "$mul$designs/0/top.sv:20$17": {
          "hide_name": 1,
          "type": "$mul",
          "parameters": {
            "A_SIGNED": "00000000000000000000000000000000",
            "A_WIDTH": "00000000000000000000000000011001",
            "B_SIGNED": "00000000000000000000000000000000",
            "B_WIDTH": "00000000000000000000000000011001",
            "Y_WIDTH": "00000000000000000000000000000101"
          },
          "attributes": {
            "src": "designs/0/top.sv:20.46-20.125"
          },
          "port_directions": {
            "A": "input",
            "B": "input",
            "Y": "output"
          },
          "connections": {
            "A": [ 157, 158, 159, 160, 161, 162, 163, 164, 165, 166, 167, 168, 169, 170, 171, 172, 173, 174, 175, 176, 177, 178, 179, 180, 181 ],
            "B": [ 102, 103, 104, 105, 106, 107, 108, 109, 110, 111, 112, 113, 114, 115, 116, "1", "1", "1", "1", "1", "1", "1", "1", "1", "1" ],
            "Y": [ 65, 66, 67, 68, 69 ]
          }
        },
        "$sub$designs/0/top.sv:16$7": {
          "hide_name": 1,
          "type": "$sub",
          "parameters": {
            "A_SIGNED": "00000000000000000000000000000000",
            "A_WIDTH": "00000000000000000000000000100000",
            "B_SIGNED": "00000000000000000000000000000000",
            "B_WIDTH": "00000000000000000000000000000101",
            "Y_WIDTH": "00000000000000000000000000100000"
          },
          "attributes": {
            "src": "designs/0/top.sv:16.49-16.102"
          },
          "port_directions": {
            "A": "input",
            "B": "input",
            "Y": "output"
          },
          "connections": {
            "A": [ 117, 118, 119, 120, 121, 122, 123, 124, "0", "0", "0", "0", "0", "0", "0", "0", "0", "0", "0", "0", "0", "0", "0", "0", "0", "0", "0", "0", "0", "0", "0", "0" ],
            "B": [ 2, 3, 4, 5, 6 ],
            "Y": [ 125, 126, 127, 128, 129, 130, 131, 132, 133, 134, 135, 136, 137, 138, 139, 140, 141, 142, 143, 144, 145, 146, 147, 148, 149, 150, 151, 152, 153, 154, 155, 156 ]
          }
        },
        "$xor$designs/0/top.sv:20$14": {
          "hide_name": 1,
          "type": "$xor",
          "parameters": {
            "A_SIGNED": "00000000000000000000000000000000",
            "A_WIDTH": "00000000000000000000000000011001",
            "B_SIGNED": "00000000000000000000000000000000",
            "B_WIDTH": "00000000000000000000000000011001",
            "Y_WIDTH": "00000000000000000000000000011001"
          },
          "attributes": {
            "src": "designs/0/top.sv:20.55-20.104"
          },
          "port_directions": {
            "A": "input",
            "B": "input",
            "Y": "output"
          },
          "connections": {
            "A": [ 40, 41, 42, 43, 44, 45, 46, 47, 48, 49, 50, 51, 52, 53, 54, 55, 56, 57, 58, 59, 60, 61, 62, 63, 64 ],
            "B": [ 15, 16, 17, 18, 19, 20, 21, 22, 23, 24, 25, 26, 27, 28, 29, 30, 31, 32, 33, 34, 35, 36, 37, 38, 39 ],
            "Y": [ 157, 158, 159, 160, 161, 162, 163, 164, 165, 166, 167, 168, 169, 170, 171, 172, 173, 174, 175, 176, 177, 178, 179, 180, 181 ]
          }
        }
      },
      "netnames": {
        "$add$designs/0/top.sv:20$13_Y": {
          "hide_name": 1,
          "bits": [ 40, 41, 42, 43, 44, 45, 46, 47, 48, 49, 50, 51, 52, 53, 54, 55, 56, 57, 58, 59, 60, 61, 62, 63, 64 ],
          "attributes": {
            "src": "designs/0/top.sv:20.64-20.93"
          }
        },
        "$and$designs/0/top.sv:16$6_Y": {
          "hide_name": 1,
          "bits": [ 117, 118, 119, 120, 121, 122, 123, 124, "0", "0", "0", "0", "0", "0", "0", "0", "0", "0", "0", "0", "0", "0", "0", "0", "0", "0", "0", "0", "0", "0", "0", "0" ],
          "attributes": {
            "src": "designs/0/top.sv:16.58-16.87"
          }
        },
        "$auto$opt_expr.cc:205:group_cell_inputs$23": {
          "hide_name": 1,
          "bits": [ 75, 76, 77, 78, 79 ],
          "attributes": {
          }
        },
        "$auto$opt_expr.cc:205:group_cell_inputs$29": {
          "hide_name": 1,
          "bits": [ 82, 83, 84, 85, 86 ],
          "attributes": {
          }
        },
        "$auto$opt_expr.cc:205:group_cell_inputs$37": {
          "hide_name": 1,
          "bits": [ 92, 93, 94, 95, 96 ],
          "attributes": {
          }
        },
        "$auto$opt_expr.cc:205:group_cell_inputs$46": {
          "hide_name": 1,
          "bits": [ 102, 103, 104, 105, 106, 107, 108, 109, 110, 111, 112, 113, 114, 115, 116 ],
          "attributes": {
          }
        },
        "$auto$wreduce.cc:514:run$19": {
          "hide_name": 1,
          "bits": [ 65, 66, 67, 68, 69, 182, 183, 184, 185, 186, 187, 188, 189, 190, 191, 192, 193, 194, 195, 196, 197, 198, 199, 200, 201 ],
          "attributes": {
            "src": "designs/0/top.sv:20.46-20.125",
            "unused_bits": "5 6 7 8 9 10 11 12 13 14 15 16 17 18 19 20 21 22 23 24"
          }
        },
        "$auto$wreduce.cc:514:run$21": {
          "hide_name": 1,
          "bits": [ 157, 158, 159, 160, 161, 162, 163, 164, 165, 166, 167, 168, 169, 170, 171, 172, 173, 174, 175, 176, 177, 178, 179, 180, 181 ],
          "attributes": {
            "src": "designs/0/top.sv:20.55-20.104"
          }
        },
        "$mul$designs/0/top.sv:14$2_Y": {
          "hide_name": 1,
          "bits": [ 70, 71, 72, 73, 74, 122, 123, 124, 202, 203, "0", "0", "0", "0", "0", "0", "0" ],
          "attributes": {
            "src": "designs/0/top.sv:14.40-14.84",
            "unused_bits": "8 9"
          }
        },
        "$mul$designs/0/top.sv:16$8_Y": {
          "hide_name": 1,
          "bits": [ 87, 88, 89, 90, 91, 20, 21, 22, 23, 24, 25, 26, 27, 28, 29, 30, 31, 32, 33, 34, 35, 36, 37, 38, 39, 204, 205, 206, 207, 208, 209, 210 ],
          "attributes": {
            "src": "designs/0/top.sv:16.40-16.113",
            "unused_bits": "25 26 27 28 29 30 31"
          }
        },
        "$sub$designs/0/top.sv:16$7_Y": {
          "hide_name": 1,
          "bits": [ 125, 126, 127, 128, 129, 130, 131, 132, 133, 134, 135, 136, 137, 138, 139, 140, 141, 142, 143, 144, 145, 146, 147, 148, 149, 150, 151, 152, 153, 154, 155, 156 ],
          "attributes": {
            "src": "designs/0/top.sv:16.49-16.102"
          }
        },
        "input_data": {
          "hide_name": 0,
          "bits": [ 2, 3, 4, 5, 6 ],
          "attributes": {
            "src": "designs/0/top.sv:2.17-2.27"
          }
        },
        "output_data": {
          "hide_name": 0,
          "bits": [ 7, 8, 9, 10, 11 ],
          "attributes": {
            "src": "designs/0/top.sv:3.18-3.29"
          }
        },
        "temp_1": {
          "hide_name": 0,
          "bits": [ 12, 13, 14, 80, 81, 122, 123, 124 ],
          "attributes": {
            "src": "designs/0/top.sv:7.17-7.23"
          }
        },
        "temp_3": {
          "hide_name": 0,
          "bits": [ 97, 98, 99, 100, 101, 20, 21, 22, 23, 24, 25, 26, 27, 28, 29, 30, 31, 32, 33, 34, 35, 36, 37, 38, 39, "x", "x", "x", "x" ],
          "attributes": {
            "src": "designs/0/top.sv:9.18-9.24"
          }
        },
        "temp_5": {
          "hide_name": 0,
          "bits": [ 15, 16, 17, 18, 19, 20, 21, 22, 23, 24, 25, 26, 27, 28, 29, 30, 31, 32, 33, 34, 35, 36, 37, 38, 39 ],
          "attributes": {
            "src": "designs/0/top.sv:11.18-11.24"
          }
        }
      }
    }
  }
}
