{
  "creator": "Yosys 0.60 (git sha1 5bafeb77dc71e054fa331ab9efa613e6fb0a1c49, clang++ 17.0.0 -fPIC -O3)",
  "modules": {
    "top": {
      "attributes": {
        "top": "00000000000000000000000000000001",
        "src": "designs/95/top.sv:1.1-20.10"
      },
      "ports": {
        "input_data": {
          "direction": "input",
          "bits": [ 2, 3, 4, 5 ]
        },
        "output_data": {
          "direction": "output",
          "bits": [ 6, 7, 8, 9, 10, 11, 12, 13, 14, "0", "0", "0", "0", "0", "0", "0", "0", "0", "0", "0", "0", "0", "0", "0", "0", "0", "0", "0", "0", "0", "0", "0", "0", "0", "0", "0", "0" ]
        }
      },
      "cells": {
        "$add$designs/95/top.sv:12$1": {
          "hide_name": 1,
          "type": "$add",
          "parameters": {
            "A_SIGNED": "00000000000000000000000000000000",
            "A_WIDTH": "00000000000000000000000000000101",
            "B_SIGNED": "00000000000000000000000000000000",
            "B_WIDTH": "00000000000000000000000000000100",
            "Y_WIDTH": "00000000000000000000000000000101"
          },
          "attributes": {
            "src": "designs/95/top.sv:12.55-12.73"
          },
          "port_directions": {
            "A": "input",
            "B": "input",
            "Y": "output"
          },
          "connections": {
            "A": [ "1", "1", "0", "1", "1" ],
            "B": [ 2, 3, 4, 5 ],
            "Y": [ 15, 16, 17, 18, 19 ]
          }
        },
        "$add$designs/95/top.sv:18$42": {
          "hide_name": 1,
          "type": "$add",
          "parameters": {
            "A_SIGNED": "00000000000000000000000000000000",
            "A_WIDTH": "00000000000000000000000000001000",
            "B_SIGNED": "00000000000000000000000000000000",
            "B_WIDTH": "00000000000000000000000000000100",
            "Y_WIDTH": "00000000000000000000000000001001"
          },
          "attributes": {
            "src": "designs/95/top.sv:18.35-18.137"
          },
          "port_directions": {
            "A": "input",
            "B": "input",
            "Y": "output"
          },
          "connections": {
            "A": [ 20, 21, 22, 23, 24, 25, 26, 27 ],
            "B": [ 28, 29, 30, 31 ],
            "Y": [ 6, 7, 8, 9, 10, 11, 12, 13, 14 ]
          }
        },
        "$and$designs/95/top.sv:18$40": {
          "hide_name": 1,
          "type": "$and",
          "parameters": {
            "A_SIGNED": "00000000000000000000000000000000",
            "A_WIDTH": "00000000000000000000000000001000",
            "B_SIGNED": "00000000000000000000000000000000",
            "B_WIDTH": "00000000000000000000000000001000",
            "Y_WIDTH": "00000000000000000000000000001000"
          },
          "attributes": {
            "src": "designs/95/top.sv:18.47-18.116"
          },
          "port_directions": {
            "A": "input",
            "B": "input",
            "Y": "output"
          },
          "connections": {
            "A": [ 32, 33, 34, 35, 36, 37, 38, 39 ],
            "B": [ 40, 41, 42, 43, 44, 45, 46, 47 ],
            "Y": [ 48, 49, 50, 51, 24, 25, 26, 27 ]
          }
        },
        "$auto$opt_expr.cc:276:group_cell_inputs$49": {
          "hide_name": 1,
          "type": "$not",
          "parameters": {
            "A_SIGNED": "00000000000000000000000000000000",
            "A_WIDTH": "00000000000000000000000000000100",
            "Y_WIDTH": "00000000000000000000000000000100"
          },
          "attributes": {
          },
          "port_directions": {
            "A": "input",
            "Y": "output"
          },
          "connections": {
            "A": [ 2, 3, 4, 5 ],
            "Y": [ 52, 53, 54, 55 ]
          }
        },
        "$auto$opt_expr.cc:276:group_cell_inputs$53": {
          "hide_name": 1,
          "type": "$or",
          "parameters": {
            "A_SIGNED": "00000000000000000000000000000000",
            "A_WIDTH": "00000000000000000000000000000100",
            "B_SIGNED": "00000000000000000000000000000000",
            "B_WIDTH": "00000000000000000000000000000100",
            "Y_WIDTH": "00000000000000000000000000000100"
          },
          "attributes": {
          },
          "port_directions": {
            "A": "input",
            "B": "input",
            "Y": "output"
          },
          "connections": {
            "A": [ 56, 57, 58, 59 ],
            "B": [ 2, 3, 4, 5 ],
            "Y": [ 60, 61, 62, 63 ]
          }
        },
        "$auto$opt_expr.cc:276:group_cell_inputs$56": {
          "hide_name": 1,
          "type": "$not",
          "parameters": {
            "A_SIGNED": "00000000000000000000000000000000",
            "A_WIDTH": "00000000000000000000000000000100",
            "Y_WIDTH": "00000000000000000000000000000100"
          },
          "attributes": {
          },
          "port_directions": {
            "A": "input",
            "Y": "output"
          },
          "connections": {
            "A": [ 28, 29, 30, 31 ],
            "Y": [ 64, 65, 66, 67 ]
          }
        },
        "$auto$opt_expr.cc:276:group_cell_inputs$60": {
          "hide_name": 1,
          "type": "$and",
          "parameters": {
            "A_SIGNED": "00000000000000000000000000000000",
            "A_WIDTH": "00000000000000000000000000000100",
            "B_SIGNED": "00000000000000000000000000000000",
            "B_WIDTH": "00000000000000000000000000000100",
            "Y_WIDTH": "00000000000000000000000000000100"
          },
          "attributes": {
          },
          "port_directions": {
            "A": "input",
            "B": "input",
            "Y": "output"
          },
          "connections": {
            "A": [ 2, 3, 4, 5 ],
            "B": [ 64, 65, 66, 67 ],
            "Y": [ 68, 69, 70, 71 ]
          }
        },
        "$auto$opt_expr.cc:276:group_cell_inputs$67": {
          "hide_name": 1,
          "type": "$and",
          "parameters": {
            "A_SIGNED": "00000000000000000000000000000000",
            "A_WIDTH": "00000000000000000000000000000101",
            "B_SIGNED": "00000000000000000000000000000000",
            "B_WIDTH": "00000000000000000000000000000101",
            "Y_WIDTH": "00000000000000000000000000000101"
          },
          "attributes": {
          },
          "port_directions": {
            "A": "input",
            "B": "input",
            "Y": "output"
          },
          "connections": {
            "A": [ 72, 73, 74, 75, 76 ],
            "B": [ 77, 78, 79, 80, 76 ],
            "Y": [ 81, 82, 83, 84, 85 ]
          }
        },
        "$auto$opt_expr.cc:276:group_cell_inputs$71": {
          "hide_name": 1,
          "type": "$or",
          "parameters": {
            "A_SIGNED": "00000000000000000000000000000000",
            "A_WIDTH": "00000000000000000000000000000101",
            "B_SIGNED": "00000000000000000000000000000000",
            "B_WIDTH": "00000000000000000000000000000101",
            "Y_WIDTH": "00000000000000000000000000000101"
          },
          "attributes": {
          },
          "port_directions": {
            "A": "input",
            "B": "input",
            "Y": "output"
          },
          "connections": {
            "A": [ 86, 87, 88, 89, 90 ],
            "B": [ 77, 78, 79, 80, 76 ],
            "Y": [ 91, 92, 93, 94, 95 ]
          }
        },
        "$auto$opt_expr.cc:276:group_cell_inputs$87": {
          "hide_name": 1,
          "type": "$or",
          "parameters": {
            "A_SIGNED": "00000000000000000000000000000000",
            "A_WIDTH": "00000000000000000000000000000101",
            "B_SIGNED": "00000000000000000000000000000000",
            "B_WIDTH": "00000000000000000000000000000101",
            "Y_WIDTH": "00000000000000000000000000000101"
          },
          "attributes": {
          },
          "port_directions": {
            "A": "input",
            "B": "input",
            "Y": "output"
          },
          "connections": {
            "A": [ 96, 97, 98, 99, 100 ],
            "B": [ 77, 78, 79, 80, 76 ],
            "Y": [ 32, 33, 34, 35, 36 ]
          }
        },
        "$auto$opt_expr.cc:276:group_cell_inputs$90": {
          "hide_name": 1,
          "type": "$or",
          "parameters": {
            "A_SIGNED": "00000000000000000000000000000000",
            "A_WIDTH": "00000000000000000000000000000100",
            "B_SIGNED": "00000000000000000000000000000000",
            "B_WIDTH": "00000000000000000000000000000100",
            "Y_WIDTH": "00000000000000000000000000000100"
          },
          "attributes": {
          },
          "port_directions": {
            "A": "input",
            "B": "input",
            "Y": "output"
          },
          "connections": {
            "A": [ 48, 49, 50, 51 ],
            "B": [ 28, 29, 30, 31 ],
            "Y": [ 20, 21, 22, 23 ]
          }
        },
        "$auto$opt_expr.cc:276:group_cell_inputs$93": {
          "hide_name": 1,
          "type": "$xor",
          "parameters": {
            "A_SIGNED": "00000000000000000000000000000000",
            "A_WIDTH": "00000000000000000000000000000100",
            "B_SIGNED": "00000000000000000000000000000000",
            "B_WIDTH": "00000000000000000000000000000100",
            "Y_WIDTH": "00000000000000000000000000000100"
          },
          "attributes": {
          },
          "port_directions": {
            "A": "input",
            "B": "input",
            "Y": "output"
          },
          "connections": {
            "A": [ 68, 69, 70, 71 ],
            "B": [ 77, 78, 79, 80 ],
            "Y": [ 72, 73, 74, 75 ]
          }
        },
        "$auto$opt_expr.cc:276:group_cell_inputs$96": {
          "hide_name": 1,
          "type": "$xor",
          "parameters": {
            "A_SIGNED": "00000000000000000000000000000000",
            "A_WIDTH": "00000000000000000000000000000101",
            "B_SIGNED": "00000000000000000000000000000000",
            "B_WIDTH": "00000000000000000000000000000101",
            "Y_WIDTH": "00000000000000000000000000000101"
          },
          "attributes": {
          },
          "port_directions": {
            "A": "input",
            "B": "input",
            "Y": "output"
          },
          "connections": {
            "A": [ 101, 102, 103, 104, 105 ],
            "B": [ 72, 73, 74, 75, 76 ],
            "Y": [ 106, 107, 108, 109, 110 ]
          }
        },
        "$auto$opt_expr.cc:276:group_cell_inputs$99": {
          "hide_name": 1,
          "type": "$or",
          "parameters": {
            "A_SIGNED": "00000000000000000000000000000000",
            "A_WIDTH": "00000000000000000000000000000101",
            "B_SIGNED": "00000000000000000000000000000000",
            "B_WIDTH": "00000000000000000000000000000101",
            "Y_WIDTH": "00000000000000000000000000000101"
          },
          "attributes": {
          },
          "port_directions": {
            "A": "input",
            "B": "input",
            "Y": "output"
          },
          "connections": {
            "A": [ 91, 92, 93, 94, 95 ],
            "B": [ 72, 73, 74, 75, 76 ],
            "Y": [ 40, 41, 42, 43, 44 ]
          }
        },
        "$mul$designs/95/top.sv:15$16": {
          "hide_name": 1,
          "type": "$mul",
          "parameters": {
            "A_SIGNED": "00000000000000000000000000000000",
            "A_WIDTH": "00000000000000000000000000001000",
            "B_SIGNED": "00000000000000000000000000000000",
            "B_WIDTH": "00000000000000000000000000001000",
            "Y_WIDTH": "00000000000000000000000000001000"
          },
          "attributes": {
            "src": "designs/95/top.sv:15.53-15.99"
          },
          "port_directions": {
            "A": "input",
            "B": "input",
            "Y": "output"
          },
          "connections": {
            "A": [ 81, 82, 83, 84, 85, "0", "0", "0" ],
            "B": [ 72, 73, 74, 75, 76, "0", "0", "0" ],
            "Y": [ 111, 112, 113, 114, 115, 116, 117, 118 ]
          }
        },
        "$mul$designs/95/top.sv:15$17": {
          "hide_name": 1,
          "type": "$mul",
          "parameters": {
            "A_SIGNED": "00000000000000000000000000000000",
            "A_WIDTH": "00000000000000000000000000001000",
            "B_SIGNED": "00000000000000000000000000000000",
            "B_WIDTH": "00000000000000000000000000001000",
            "Y_WIDTH": "00000000000000000000000000001000"
          },
          "attributes": {
            "src": "designs/95/top.sv:15.44-15.110"
          },
          "port_directions": {
            "A": "input",
            "B": "input",
            "Y": "output"
          },
          "connections": {
            "A": [ 111, 112, 113, 114, 115, 116, 117, 118 ],
            "B": [ 72, 73, 74, 75, 76, "0", "0", "0" ],
            "Y": [ 101, 102, 103, 104, 105, 119, 120, 121 ]
          }
        },
        "$mul$designs/95/top.sv:15$19": {
          "hide_name": 1,
          "type": "$mul",
          "parameters": {
            "A_SIGNED": "00000000000000000000000000000000",
            "A_WIDTH": "00000000000000000000000000001000",
            "B_SIGNED": "00000000000000000000000000000000",
            "B_WIDTH": "00000000000000000000000000000101",
            "Y_WIDTH": "00000000000000000000000000001000"
          },
          "attributes": {
            "src": "designs/95/top.sv:15.34-15.131"
          },
          "port_directions": {
            "A": "input",
            "B": "input",
            "Y": "output"
          },
          "connections": {
            "A": [ 106, 107, 108, 109, 110, 119, 120, 121 ],
            "B": [ 77, 78, 79, 80, 76 ],
            "Y": [ 86, 87, 88, 89, 90, 45, 46, 47 ]
          }
        },
        "$or$designs/95/top.sv:13$11": {
          "hide_name": 1,
          "type": "$or",
          "parameters": {
            "A_SIGNED": "00000000000000000000000000000000",
            "A_WIDTH": "00000000000000000000000000000100",
            "B_SIGNED": "00000000000000000000000000000000",
            "B_WIDTH": "00000000000000000000000000000100",
            "Y_WIDTH": "00000000000000000000000000000100"
          },
          "attributes": {
            "src": "designs/95/top.sv:13.22-13.104"
          },
          "port_directions": {
            "A": "input",
            "B": "input",
            "Y": "output"
          },
          "connections": {
            "A": [ 122, 123, 124, 125 ],
            "B": [ 2, 3, 4, 5 ],
            "Y": [ 28, 29, 30, 31 ]
          }
        },
        "$or$designs/95/top.sv:13$9": {
          "hide_name": 1,
          "type": "$or",
          "parameters": {
            "A_SIGNED": "00000000000000000000000000000000",
            "A_WIDTH": "00000000000000000000000000000100",
            "B_SIGNED": "00000000000000000000000000000000",
            "B_WIDTH": "00000000000000000000000000000100",
            "Y_WIDTH": "00000000000000000000000000000100"
          },
          "attributes": {
            "src": "designs/95/top.sv:13.42-13.74"
          },
          "port_directions": {
            "A": "input",
            "B": "input",
            "Y": "output"
          },
          "connections": {
            "A": [ 2, 3, 4, 5 ],
            "B": [ 2, 3, 4, 5 ],
            "Y": [ 126, 127, 128, 129 ]
          }
        },
        "$shl$designs/95/top.sv:12$5": {
          "hide_name": 1,
          "type": "$shl",
          "parameters": {
            "A_SIGNED": "00000000000000000000000000000000",
            "A_WIDTH": "00000000000000000000000000000101",
            "B_SIGNED": "00000000000000000000000000000000",
            "B_WIDTH": "00000000000000000000000000000100",
            "Y_WIDTH": "00000000000000000000000000000101"
          },
          "attributes": {
            "src": "designs/95/top.sv:12.43-12.106"
          },
          "port_directions": {
            "A": "input",
            "B": "input",
            "Y": "output"
          },
          "connections": {
            "A": [ 130, 131, 132, 133, 134 ],
            "B": [ 2, 3, 4, 5 ],
            "Y": [ 135, 136, 137, 138, 139 ]
          }
        },
        "$shr$designs/95/top.sv:12$6": {
          "hide_name": 1,
          "type": "$shr",
          "parameters": {
            "A_SIGNED": "00000000000000000000000000000000",
            "A_WIDTH": "00000000000000000000000000000101",
            "B_SIGNED": "00000000000000000000000000000000",
            "B_WIDTH": "00000000000000000000000000000100",
            "Y_WIDTH": "00000000000000000000000000000101"
          },
          "attributes": {
            "src": "designs/95/top.sv:12.32-12.122"
          },
          "port_directions": {
            "A": "input",
            "B": "input",
            "Y": "output"
          },
          "connections": {
            "A": [ 135, 136, 137, 138, 139 ],
            "B": [ 2, 3, 4, 5 ],
            "Y": [ 56, 57, 58, 59, 140 ]
          }
        },
        "$shr$designs/95/top.sv:18$38": {
          "hide_name": 1,
          "type": "$shr",
          "parameters": {
            "A_SIGNED": "00000000000000000000000000000000",
            "A_WIDTH": "00000000000000000000000000001000",
            "B_SIGNED": "00000000000000000000000000000000",
            "B_WIDTH": "00000000000000000000000000001000",
            "Y_WIDTH": "00000000000000000000000000001000"
          },
          "attributes": {
            "src": "designs/95/top.sv:18.59-18.95"
          },
          "port_directions": {
            "A": "input",
            "B": "input",
            "Y": "output"
          },
          "connections": {
            "A": [ 141, 142, 143, 144, 145, 146, 147, 148 ],
            "B": [ 72, 73, 74, 75, 76, "0", "0", "0" ],
            "Y": [ 96, 97, 98, 99, 100, 37, 38, 39 ]
          }
        },
        "$sub$designs/95/top.sv:12$4": {
          "hide_name": 1,
          "type": "$sub",
          "parameters": {
            "A_SIGNED": "00000000000000000000000000000000",
            "A_WIDTH": "00000000000000000000000000000101",
            "B_SIGNED": "00000000000000000000000000000000",
            "B_WIDTH": "00000000000000000000000000000101",
            "Y_WIDTH": "00000000000000000000000000000101"
          },
          "attributes": {
            "src": "designs/95/top.sv:12.44-12.91"
          },
          "port_directions": {
            "A": "input",
            "B": "input",
            "Y": "output"
          },
          "connections": {
            "A": [ 15, 16, 17, 18, 19 ],
            "B": [ 52, 53, 54, 55, "1" ],
            "Y": [ 130, 131, 132, 133, 134 ]
          }
        },
        "$sub$designs/95/top.sv:12$8": {
          "hide_name": 1,
          "type": "$sub",
          "parameters": {
            "A_SIGNED": "00000000000000000000000000000000",
            "A_WIDTH": "00000000000000000000000000000101",
            "B_SIGNED": "00000000000000000000000000000000",
            "B_WIDTH": "00000000000000000000000000000100",
            "Y_WIDTH": "00000000000000000000000000000101"
          },
          "attributes": {
            "src": "designs/95/top.sv:12.22-12.151"
          },
          "port_directions": {
            "A": "input",
            "B": "input",
            "Y": "output"
          },
          "connections": {
            "A": [ 60, 61, 62, 63, 140 ],
            "B": [ 2, 3, 4, 5 ],
            "Y": [ 77, 78, 79, 80, 76 ]
          }
        },
        "$sub$designs/95/top.sv:18$37": {
          "hide_name": 1,
          "type": "$sub",
          "parameters": {
            "A_SIGNED": "00000000000000000000000000000000",
            "A_WIDTH": "00000000000000000000000000001000",
            "B_SIGNED": "00000000000000000000000000000000",
            "B_WIDTH": "00000000000000000000000000001000",
            "Y_WIDTH": "00000000000000000000000000001000"
          },
          "attributes": {
            "src": "designs/95/top.sv:18.68-18.83"
          },
          "port_directions": {
            "A": "input",
            "B": "input",
            "Y": "output"
          },
          "connections": {
            "A": [ 72, 73, 74, 75, 76, "0", "0", "0" ],
            "B": [ 72, 73, 74, 75, 76, "0", "0", "0" ],
            "Y": [ 141, 142, 143, 144, 145, 146, 147, 148 ]
          }
        },
        "$xor$designs/95/top.sv:13$10": {
          "hide_name": 1,
          "type": "$xor",
          "parameters": {
            "A_SIGNED": "00000000000000000000000000000000",
            "A_WIDTH": "00000000000000000000000000000100",
            "B_SIGNED": "00000000000000000000000000000000",
            "B_WIDTH": "00000000000000000000000000000100",
            "Y_WIDTH": "00000000000000000000000000000100"
          },
          "attributes": {
            "src": "designs/95/top.sv:13.31-13.89"
          },
          "port_directions": {
            "A": "input",
            "B": "input",
            "Y": "output"
          },
          "connections": {
            "A": [ 126, 127, 128, 129 ],
            "B": [ 2, 3, 4, 5 ],
            "Y": [ 122, 123, 124, 125 ]
          }
        }
      },
      "netnames": {
        "$add$designs/95/top.sv:12$1_Y": {
          "hide_name": 1,
          "bits": [ 15, 16, 17, 18, 19 ],
          "attributes": {
            "src": "designs/95/top.sv:12.55-12.73"
          }
        },
        "$and$designs/95/top.sv:14$13_Y": {
          "hide_name": 1,
          "bits": [ 68, 69, 70, 71, "0", "0", "0", "0", 149, 150, 151, 152, 153, 154, 155, 156, 157 ],
          "attributes": {
            "src": "designs/95/top.sv:14.31-14.64",
            "unused_bits": "8 9 10 11 12 13 14 15 16"
          }
        },
        "$and$designs/95/top.sv:15$15_Y": {
          "hide_name": 1,
          "bits": [ 81, 82, 83, 84, 85, "0", "0", "0" ],
          "attributes": {
            "src": "designs/95/top.sv:15.64-15.88"
          }
        },
        "$and$designs/95/top.sv:18$40_Y": {
          "hide_name": 1,
          "bits": [ 48, 49, 50, 51, 24, 25, 26, 27, "0", "0", "0", "0", "0", "0", "0", "0", "0", "0", "0", "0", "0", "0", "0", "0", "0", "0", "0", "0", "0", "0", "0", "0" ],
          "attributes": {
            "src": "designs/95/top.sv:18.47-18.116"
          }
        },
        "$auto$opt_expr.cc:205:group_cell_inputs$48": {
          "hide_name": 1,
          "bits": [ 52, 53, 54, 55 ],
          "attributes": {
          }
        },
        "$auto$opt_expr.cc:205:group_cell_inputs$52": {
          "hide_name": 1,
          "bits": [ 60, 61, 62, 63 ],
          "attributes": {
          }
        },
        "$auto$opt_expr.cc:205:group_cell_inputs$54": {
          "hide_name": 1,
          "bits": [ 140 ],
          "attributes": {
          }
        },
        "$auto$opt_expr.cc:205:group_cell_inputs$55": {
          "hide_name": 1,
          "bits": [ 64, 65, 66, 67 ],
          "attributes": {
          }
        },
        "$auto$opt_expr.cc:205:group_cell_inputs$70": {
          "hide_name": 1,
          "bits": [ 91, 92, 93, 94, 95 ],
          "attributes": {
          }
        },
        "$auto$opt_expr.cc:205:group_cell_inputs$86": {
          "hide_name": 1,
          "bits": [ 32, 33, 34, 35, 36 ],
          "attributes": {
          }
        },
        "$auto$opt_expr.cc:205:group_cell_inputs$88": {
          "hide_name": 1,
          "bits": [ 37, 38, 39 ],
          "attributes": {
          }
        },
        "$auto$opt_expr.cc:205:group_cell_inputs$89": {
          "hide_name": 1,
          "bits": [ 20, 21, 22, 23 ],
          "attributes": {
          }
        },
        "$auto$opt_expr.cc:205:group_cell_inputs$95": {
          "hide_name": 1,
          "bits": [ 106, 107, 108, 109, 110 ],
          "attributes": {
          }
        },
        "$auto$opt_expr.cc:205:group_cell_inputs$97": {
          "hide_name": 1,
          "bits": [ 119, 120, 121 ],
          "attributes": {
          }
        },
        "$auto$wreduce.cc:514:run$45": {
          "hide_name": 1,
          "bits": [ 96, 97, 98, 99, 100, 37, 38, 39 ],
          "attributes": {
            "src": "designs/95/top.sv:18.59-18.95"
          }
        },
        "$mul$designs/95/top.sv:15$16_Y": {
          "hide_name": 1,
          "bits": [ 111, 112, 113, 114, 115, 116, 117, 118 ],
          "attributes": {
            "src": "designs/95/top.sv:15.53-15.99"
          }
        },
        "$mul$designs/95/top.sv:15$17_Y": {
          "hide_name": 1,
          "bits": [ 101, 102, 103, 104, 105, 119, 120, 121 ],
          "attributes": {
            "src": "designs/95/top.sv:15.44-15.110"
          }
        },
        "$mul$designs/95/top.sv:15$19_Y": {
          "hide_name": 1,
          "bits": [ 86, 87, 88, 89, 90, 45, 46, 47 ],
          "attributes": {
            "src": "designs/95/top.sv:15.34-15.131"
          }
        },
        "$or$designs/95/top.sv:13$9_Y": {
          "hide_name": 1,
          "bits": [ 126, 127, 128, 129 ],
          "attributes": {
            "src": "designs/95/top.sv:13.42-13.74"
          }
        },
        "$shl$designs/95/top.sv:12$5_Y": {
          "hide_name": 1,
          "bits": [ 135, 136, 137, 138, 139 ],
          "attributes": {
            "src": "designs/95/top.sv:12.43-12.106"
          }
        },
        "$shr$designs/95/top.sv:12$6_Y": {
          "hide_name": 1,
          "bits": [ 56, 57, 58, 59, 140 ],
          "attributes": {
            "src": "designs/95/top.sv:12.32-12.122"
          }
        },
        "$sub$designs/95/top.sv:12$4_Y": {
          "hide_name": 1,
          "bits": [ 130, 131, 132, 133, 134 ],
          "attributes": {
            "src": "designs/95/top.sv:12.44-12.91"
          }
        },
        "$sub$designs/95/top.sv:18$37_Y": {
          "hide_name": 1,
          "bits": [ 141, 142, 143, 144, 145, 146, 147, 148 ],
          "attributes": {
            "src": "designs/95/top.sv:18.68-18.83"
          }
        },
        "$xor$designs/95/top.sv:13$10_Y": {
          "hide_name": 1,
          "bits": [ 122, 123, 124, 125 ],
          "attributes": {
            "src": "designs/95/top.sv:13.31-13.89"
          }
        },
        "input_data": {
          "hide_name": 0,
          "bits": [ 2, 3, 4, 5 ],
          "attributes": {
            "src": "designs/95/top.sv:2.17-2.27"
          }
        },
        "output_data": {
          "hide_name": 0,
          "bits": [ 6, 7, 8, 9, 10, 11, 12, 13, 14, "0", "0", "0", "0", "0", "0", "0", "0", "0", "0", "0", "0", "0", "0", "0", "0", "0", "0", "0", "0", "0", "0", "0", "0", "0", "0", "0", "0" ],
          "attributes": {
            "src": "designs/95/top.sv:3.19-3.30"
          }
        },
        "temp_0": {
          "hide_name": 0,
          "bits": [ 77, 78, 79, 80, 76 ],
          "attributes": {
            "src": "designs/95/top.sv:6.17-6.23"
          }
        },
        "temp_1": {
          "hide_name": 0,
          "bits": [ 28, 29, 30, 31, "0", "0", "0", "0", "0", "0", "0", "0", "0", "0", "0", "0", "0" ],
          "attributes": {
            "src": "designs/95/top.sv:7.18-7.24"
          }
        },
        "temp_2": {
          "hide_name": 0,
          "bits": [ 72, 73, 74, 75, 76, "0", "0", "0" ],
          "attributes": {
            "src": "designs/95/top.sv:8.17-8.23"
          }
        },
        "temp_3": {
          "hide_name": 0,
          "bits": [ 40, 41, 42, 43, 44, 45, 46, 47, "0", "0", "0", "0", "0", "0", "0", "0", "0", "0", "0", "0", "0", "0", "0", "0", "0", "0", "0", "0", "0", "0", "0", "0" ],
          "attributes": {
            "src": "designs/95/top.sv:9.18-9.24"
          }
        }
      }
    }
  }
}
