{
  "creator": "Yosys 0.60 (git sha1 5bafeb77dc71e054fa331ab9efa613e6fb0a1c49, clang++ 17.0.0 -fPIC -O3)",
  "modules": {
    "top": {
      "attributes": {
        "top": "00000000000000000000000000000001",
        "src": "designs/212/top.sv:1.1-28.10"
      },
      "ports": {
        "input_data": {
          "direction": "input",
          "bits": [ 2, 3, 4, 5, 6, 7 ]
        },
        "output_data": {
          "direction": "output",
          "bits": [ 8, 9, 10, 11, 12, 13, 14, 15, 16, 17, 18, 19, 20, 21, 22, 23, 24, 25, 26, 27, 28, 29, 30, 31, 32, 33, 34, 35, 36, 37, 38, 39, 40, 41, 42, 43, 44, 45 ]
        }
      },
      "cells": {
        "$add$designs/212/top.sv:15$2": {
          "hide_name": 1,
          "type": "$add",
          "parameters": {
            "A_SIGNED": "00000000000000000000000000000000",
            "A_WIDTH": "00000000000000000000000000000110",
            "B_SIGNED": "00000000000000000000000000000000",
            "B_WIDTH": "00000000000000000000000000000110",
            "Y_WIDTH": "00000000000000000000000000000111"
          },
          "attributes": {
            "src": "designs/212/top.sv:15.27-15.74"
          },
          "port_directions": {
            "A": "input",
            "B": "input",
            "Y": "output"
          },
          "connections": {
            "A": [ 46, 47, 48, 49, 50, 51 ],
            "B": [ 2, 3, 4, 5, 6, 7 ],
            "Y": [ 52, 53, 54, 55, 56, 57, 58 ]
          }
        },
        "$add$designs/212/top.sv:18$22": {
          "hide_name": 1,
          "type": "$add",
          "parameters": {
            "A_SIGNED": "00000000000000000000000000000000",
            "A_WIDTH": "00000000000000000000000000000101",
            "B_SIGNED": "00000000000000000000000000000000",
            "B_WIDTH": "00000000000000000000000000000101",
            "Y_WIDTH": "00000000000000000000000000000101"
          },
          "attributes": {
            "src": "designs/212/top.sv:18.33-18.137"
          },
          "port_directions": {
            "A": "input",
            "B": "input",
            "Y": "output"
          },
          "connections": {
            "A": [ 59, 60, 61, 62, 63 ],
            "B": [ 64, 65, 66, 67, 68 ],
            "Y": [ 69, 70, 71, 72, 73 ]
          }
        },
        "$add$designs/212/top.sv:18$24": {
          "hide_name": 1,
          "type": "$add",
          "parameters": {
            "A_SIGNED": "00000000000000000000000000000000",
            "A_WIDTH": "00000000000000000000000000000101",
            "B_SIGNED": "00000000000000000000000000000000",
            "B_WIDTH": "00000000000000000000000000000101",
            "Y_WIDTH": "00000000000000000000000000000101"
          },
          "attributes": {
            "src": "designs/212/top.sv:18.22-18.151"
          },
          "port_directions": {
            "A": "input",
            "B": "input",
            "Y": "output"
          },
          "connections": {
            "A": [ 69, 70, 71, 72, 73 ],
            "B": [ 74, 75, 76, 77, 78 ],
            "Y": [ 79, 80, 81, 82, 83 ]
          }
        },
        "$add$designs/212/top.sv:21$29": {
          "hide_name": 1,
          "type": "$add",
          "parameters": {
            "A_SIGNED": "00000000000000000000000000000000",
            "A_WIDTH": "00000000000000000000000000001001",
            "B_SIGNED": "00000000000000000000000000000000",
            "B_WIDTH": "00000000000000000000000000000010",
            "Y_WIDTH": "00000000000000000000000000001010"
          },
          "attributes": {
            "src": "designs/212/top.sv:21.24-21.64"
          },
          "port_directions": {
            "A": "input",
            "B": "input",
            "Y": "output"
          },
          "connections": {
            "A": [ 84, "0", "0", "0", "0", "0", "0", "0", "0" ],
            "B": [ 79, 80 ],
            "Y": [ 85, 86, 87, 88, 89, 90, 91, 92, 93, 94 ]
          }
        },
        "$add$designs/212/top.sv:26$43": {
          "hide_name": 1,
          "type": "$add",
          "parameters": {
            "A_SIGNED": "00000000000000000000000000000000",
            "A_WIDTH": "00000000000000000000000000000010",
            "B_SIGNED": "00000000000000000000000000000000",
            "B_WIDTH": "00000000000000000000000000000001",
            "Y_WIDTH": "00000000000000000000000000000011"
          },
          "attributes": {
            "src": "designs/212/top.sv:26.171-26.202"
          },
          "port_directions": {
            "A": "input",
            "B": "input",
            "Y": "output"
          },
          "connections": {
            "A": [ 79, 80 ],
            "B": [ 95 ],
            "Y": [ 96, 97, 98 ]
          }
        },
        "$and$designs/212/top.sv:19$27": {
          "hide_name": 1,
          "type": "$and",
          "parameters": {
            "A_SIGNED": "00000000000000000000000000000000",
            "A_WIDTH": "00000000000000000000000000000001",
            "B_SIGNED": "00000000000000000000000000000000",
            "B_WIDTH": "00000000000000000000000000000001",
            "Y_WIDTH": "00000000000000000000000000000001"
          },
          "attributes": {
            "src": "designs/212/top.sv:19.22-19.62"
          },
          "port_directions": {
            "A": "input",
            "B": "input",
            "Y": "output"
          },
          "connections": {
            "A": [ 99 ],
            "B": [ 100 ],
            "Y": [ 95 ]
          }
        },
        "$auto$opt_expr.cc:276:group_cell_inputs$54": {
          "hide_name": 1,
          "type": "$and",
          "parameters": {
            "A_SIGNED": "00000000000000000000000000000000",
            "A_WIDTH": "00000000000000000000000000000110",
            "B_SIGNED": "00000000000000000000000000000000",
            "B_WIDTH": "00000000000000000000000000000110",
            "Y_WIDTH": "00000000000000000000000000000110"
          },
          "attributes": {
          },
          "port_directions": {
            "A": "input",
            "B": "input",
            "Y": "output"
          },
          "connections": {
            "A": [ 52, 53, 54, 55, 56, 57 ],
            "B": [ 2, 3, 4, 5, 6, 7 ],
            "Y": [ 101, 102, 103, 104, 105, 106 ]
          }
        },
        "$auto$opt_expr.cc:276:group_cell_inputs$58": {
          "hide_name": 1,
          "type": "$and",
          "parameters": {
            "A_SIGNED": "00000000000000000000000000000000",
            "A_WIDTH": "00000000000000000000000000000110",
            "B_SIGNED": "00000000000000000000000000000000",
            "B_WIDTH": "00000000000000000000000000000110",
            "Y_WIDTH": "00000000000000000000000000000110"
          },
          "attributes": {
          },
          "port_directions": {
            "A": "input",
            "B": "input",
            "Y": "output"
          },
          "connections": {
            "A": [ 101, 102, 103, 104, 105, 106 ],
            "B": [ 2, 3, 4, 5, 6, 7 ],
            "Y": [ 107, 108, 109, 110, 111, 112 ]
          }
        },
        "$auto$opt_expr.cc:276:group_cell_inputs$62": {
          "hide_name": 1,
          "type": "$xor",
          "parameters": {
            "A_SIGNED": "00000000000000000000000000000000",
            "A_WIDTH": "00000000000000000000000000000110",
            "B_SIGNED": "00000000000000000000000000000000",
            "B_WIDTH": "00000000000000000000000000000110",
            "Y_WIDTH": "00000000000000000000000000000110"
          },
          "attributes": {
          },
          "port_directions": {
            "A": "input",
            "B": "input",
            "Y": "output"
          },
          "connections": {
            "A": [ 113, 114, 115, 116, 117, 118 ],
            "B": [ 2, 3, 4, 5, 6, 7 ],
            "Y": [ 119, 120, 121, 122, 123, 124 ]
          }
        },
        "$auto$opt_expr.cc:276:group_cell_inputs$65": {
          "hide_name": 1,
          "type": "$or",
          "parameters": {
            "A_SIGNED": "00000000000000000000000000000000",
            "A_WIDTH": "00000000000000000000000000000110",
            "B_SIGNED": "00000000000000000000000000000000",
            "B_WIDTH": "00000000000000000000000000000110",
            "Y_WIDTH": "00000000000000000000000000000110"
          },
          "attributes": {
          },
          "port_directions": {
            "A": "input",
            "B": "input",
            "Y": "output"
          },
          "connections": {
            "A": [ 119, 120, 121, 122, 123, 124 ],
            "B": [ 2, 3, 4, 5, 6, 7 ],
            "Y": [ 100, 125, 126, 127, 128, 129 ]
          }
        },
        "$auto$opt_expr.cc:276:group_cell_inputs$68": {
          "hide_name": 1,
          "type": "$not",
          "parameters": {
            "A_SIGNED": "00000000000000000000000000000000",
            "A_WIDTH": "00000000000000000000000000001001",
            "Y_WIDTH": "00000000000000000000000000001001"
          },
          "attributes": {
          },
          "port_directions": {
            "A": "input",
            "Y": "output"
          },
          "connections": {
            "A": [ 100, 125, 126, 127, 128, 129, 130, 131, 132 ],
            "Y": [ 133, 134, 135, 136, 137, 138, 139, 140, 141 ]
          }
        },
        "$auto$opt_expr.cc:276:group_cell_inputs$72": {
          "hide_name": 1,
          "type": "$xor",
          "parameters": {
            "A_SIGNED": "00000000000000000000000000000000",
            "A_WIDTH": "00000000000000000000000000000110",
            "B_SIGNED": "00000000000000000000000000000000",
            "B_WIDTH": "00000000000000000000000000000110",
            "Y_WIDTH": "00000000000000000000000000000110"
          },
          "attributes": {
          },
          "port_directions": {
            "A": "input",
            "B": "input",
            "Y": "output"
          },
          "connections": {
            "A": [ 142, 143, 144, 145, 146, 147 ],
            "B": [ 2, 3, 4, 5, 6, 7 ],
            "Y": [ 148, 149, 150, 151, 152, 153 ]
          }
        },
        "$auto$opt_expr.cc:276:group_cell_inputs$75": {
          "hide_name": 1,
          "type": "$not",
          "parameters": {
            "A_SIGNED": "00000000000000000000000000000000",
            "A_WIDTH": "00000000000000000000000000010110",
            "Y_WIDTH": "00000000000000000000000000010110"
          },
          "attributes": {
          },
          "port_directions": {
            "A": "input",
            "Y": "output"
          },
          "connections": {
            "A": [ 66, 67, 68, 154, 155, 156, 157, 158, 159, 160, 161, 162, 163, 164, 165, 166, 167, 168, 169, 170, 171, 172 ],
            "Y": [ 173, 174, 175, 176, 177, 178, 179, 180, 181, 182, 183, 184, 185, 186, 187, 188, 189, 190, 191, 192, 193, 194 ]
          }
        },
        "$auto$opt_expr.cc:276:group_cell_inputs$79": {
          "hide_name": 1,
          "type": "$or",
          "parameters": {
            "A_SIGNED": "00000000000000000000000000000000",
            "A_WIDTH": "00000000000000000000000000000010",
            "B_SIGNED": "00000000000000000000000000000000",
            "B_WIDTH": "00000000000000000000000000000010",
            "Y_WIDTH": "00000000000000000000000000000010"
          },
          "attributes": {
          },
          "port_directions": {
            "A": "input",
            "B": "input",
            "Y": "output"
          },
          "connections": {
            "A": [ 195, 196 ],
            "B": [ 64, 65 ],
            "Y": [ 197, 198 ]
          }
        },
        "$auto$opt_expr.cc:276:group_cell_inputs$82": {
          "hide_name": 1,
          "type": "$and",
          "parameters": {
            "A_SIGNED": "00000000000000000000000000000000",
            "A_WIDTH": "00000000000000000000000000000001",
            "B_SIGNED": "00000000000000000000000000000000",
            "B_WIDTH": "00000000000000000000000000000001",
            "Y_WIDTH": "00000000000000000000000000000001"
          },
          "attributes": {
          },
          "port_directions": {
            "A": "input",
            "B": "input",
            "Y": "output"
          },
          "connections": {
            "A": [ 95 ],
            "B": [ 100 ],
            "Y": [ 84 ]
          }
        },
        "$auto$opt_expr.cc:276:group_cell_inputs$86": {
          "hide_name": 1,
          "type": "$and",
          "parameters": {
            "A_SIGNED": "00000000000000000000000000000000",
            "A_WIDTH": "00000000000000000000000000001001",
            "B_SIGNED": "00000000000000000000000000000000",
            "B_WIDTH": "00000000000000000000000000001001",
            "Y_WIDTH": "00000000000000000000000000001001"
          },
          "attributes": {
          },
          "port_directions": {
            "A": "input",
            "B": "input",
            "Y": "output"
          },
          "connections": {
            "A": [ 85, 86, 87, 88, 89, 90, 91, 92, 93 ],
            "B": [ 100, 125, 126, 127, 128, 129, 130, 131, 132 ],
            "Y": [ 199, 200, 201, 202, 203, 204, 205, 206, 207 ]
          }
        },
        "$auto$opt_expr.cc:276:group_cell_inputs$90": {
          "hide_name": 1,
          "type": "$not",
          "parameters": {
            "A_SIGNED": "00000000000000000000000000000000",
            "A_WIDTH": "00000000000000000000000000001001",
            "Y_WIDTH": "00000000000000000000000000001001"
          },
          "attributes": {
          },
          "port_directions": {
            "A": "input",
            "Y": "output"
          },
          "connections": {
            "A": [ 208, 209, 210, 211, 212, 213, 214, 215, 216 ],
            "Y": [ 217, 218, 219, 220, 221, 222, 223, 224, 225 ]
          }
        },
        "$mul$designs/212/top.sv:15$5": {
          "hide_name": 1,
          "type": "$mul",
          "parameters": {
            "A_SIGNED": "00000000000000000000000000000000",
            "A_WIDTH": "00000000000000000000000000000111",
            "B_SIGNED": "00000000000000000000000000000000",
            "B_WIDTH": "00000000000000000000000000000110",
            "Y_WIDTH": "00000000000000000000000000001001"
          },
          "attributes": {
            "src": "designs/212/top.sv:15.24-15.116"
          },
          "port_directions": {
            "A": "input",
            "B": "input",
            "Y": "output"
          },
          "connections": {
            "A": [ 107, 108, 109, 110, 111, 112, "0" ],
            "B": [ 2, 3, 4, 5, 6, 7 ],
            "Y": [ 113, 114, 115, 116, 117, 118, 130, 131, 132 ]
          }
        },
        "$mul$designs/212/top.sv:17$13": {
          "hide_name": 1,
          "type": "$mul",
          "parameters": {
            "A_SIGNED": "00000000000000000000000000000001",
            "A_WIDTH": "00000000000000000000000000000111",
            "B_SIGNED": "00000000000000000000000000000001",
            "B_WIDTH": "00000000000000000000000000001001",
            "Y_WIDTH": "00000000000000000000000000001001"
          },
          "attributes": {
            "src": "designs/212/top.sv:17.32-17.76"
          },
          "port_directions": {
            "A": "input",
            "B": "input",
            "Y": "output"
          },
          "connections": {
            "A": [ 226, 227, 228, 229, 230, 231, 232 ],
            "B": [ 100, 125, 126, 127, 128, 129, 130, 131, 132 ],
            "Y": [ 142, 143, 144, 145, 146, 147, 233, 234, 235 ]
          }
        },
        "$mul$designs/212/top.sv:18$18": {
          "hide_name": 1,
          "type": "$mul",
          "parameters": {
            "A_SIGNED": "00000000000000000000000000000000",
            "A_WIDTH": "00000000000000000000000000001001",
            "B_SIGNED": "00000000000000000000000000000000",
            "B_WIDTH": "00000000000000000000000000011111",
            "Y_WIDTH": "00000000000000000000000000011111"
          },
          "attributes": {
            "src": "designs/212/top.sv:18.65-18.89"
          },
          "port_directions": {
            "A": "input",
            "B": "input",
            "Y": "output"
          },
          "connections": {
            "A": [ 208, 209, 210, 211, 212, 213, 214, 215, 216 ],
            "B": [ 173, 174, 175, 176, 177, 178, 179, 180, 181, 182, 183, 184, 185, 186, 187, 188, 189, 190, 191, 192, 193, 194, "1", "1", "1", "1", "1", "1", "1", "1", "1" ],
            "Y": [ 236, 237, 238, 239, 240, 241, 242, 243, 244, 245, 246, 247, 248, 249, 250, 251, 252, 253, 254, 255, 256, 257, 258, 259, 260, 261, 262, 263, 264, 265, 266 ]
          }
        },
        "$mul$designs/212/top.sv:18$19": {
          "hide_name": 1,
          "type": "$mul",
          "parameters": {
            "A_SIGNED": "00000000000000000000000000000000",
            "A_WIDTH": "00000000000000000000000000011111",
            "B_SIGNED": "00000000000000000000000000000000",
            "B_WIDTH": "00000000000000000000000000011000",
            "Y_WIDTH": "00000000000000000000000000000101"
          },
          "attributes": {
            "src": "designs/212/top.sv:18.56-18.100"
          },
          "port_directions": {
            "A": "input",
            "B": "input",
            "Y": "output"
          },
          "connections": {
            "A": [ 236, 237, 238, 239, 240, 241, 242, 243, 244, 245, 246, 247, 248, 249, 250, 251, 252, 253, 254, 255, 256, 257, 258, 259, 260, 261, 262, 263, 264, 265, 266 ],
            "B": [ 64, 65, 66, 67, 68, 154, 155, 156, 157, 158, 159, 160, 161, 162, 163, 164, 165, 166, 167, 168, 169, 170, 171, 172 ],
            "Y": [ 195, 196, 267, 268, 269 ]
          }
        },
        "$mul$designs/212/top.sv:26$41": {
          "hide_name": 1,
          "type": "$mul",
          "parameters": {
            "A_SIGNED": "00000000000000000000000000000000",
            "A_WIDTH": "00000000000000000000000000011000",
            "B_SIGNED": "00000000000000000000000000000000",
            "B_WIDTH": "00000000000000000000000000000101",
            "Y_WIDTH": "00000000000000000000000000011000"
          },
          "attributes": {
            "src": "designs/212/top.sv:26.45-26.152"
          },
          "port_directions": {
            "A": "input",
            "B": "input",
            "Y": "output"
          },
          "connections": {
            "A": [ 270, 271, 272, 273, 274, 275, 276, 277, 278, 279, 280, 281, 282, 283, 284, 285, 286, 287, 288, 289, 290, 291, 292, 293 ],
            "B": [ 79, 80, 81, 82, 83 ],
            "Y": [ 294, 295, 296, 297, 298, 299, 300, 301, 302, 303, 304, 305, 306, 307, 308, 309, 310, 311, 312, 313, 314, 315, 316, 317 ]
          }
        },
        "$mul$designs/212/top.sv:26$42": {
          "hide_name": 1,
          "type": "$mul",
          "parameters": {
            "A_SIGNED": "00000000000000000000000000000000",
            "A_WIDTH": "00000000000000000000000000011000",
            "B_SIGNED": "00000000000000000000000000000000",
            "B_WIDTH": "00000000000000000000000000001001",
            "Y_WIDTH": "00000000000000000000000000100001"
          },
          "attributes": {
            "src": "designs/212/top.sv:26.36-26.163"
          },
          "port_directions": {
            "A": "input",
            "B": "input",
            "Y": "output"
          },
          "connections": {
            "A": [ 294, 295, 296, 297, 298, 299, 300, 301, 302, 303, 304, 305, 306, 307, 308, 309, 310, 311, 312, 313, 314, 315, 316, 317 ],
            "B": [ 100, 125, 126, 127, 128, 129, 130, 131, 132 ],
            "Y": [ 318, 319, 320, 321, 322, 323, 324, 325, 326, 327, 328, 329, 330, 331, 332, 333, 334, 335, 336, 337, 338, 339, 340, 341, 342, 343, 344, 345, 346, 347, 348, 349, 350 ]
          }
        },
        "$mul$designs/212/top.sv:26$46": {
          "hide_name": 1,
          "type": "$mul",
          "parameters": {
            "A_SIGNED": "00000000000000000000000000000000",
            "A_WIDTH": "00000000000000000000000000100110",
            "B_SIGNED": "00000000000000000000000000000000",
            "B_WIDTH": "00000000000000000000000000010001",
            "Y_WIDTH": "00000000000000000000000000100110"
          },
          "attributes": {
            "src": "designs/212/top.sv:26.168-26.233"
          },
          "port_directions": {
            "A": "input",
            "B": "input",
            "Y": "output"
          },
          "connections": {
            "A": [ 351, 352, 353, 354, 355, 356, 357, 358, 359, 360, 361, 362, 363, 364, 365, 366, 367, 368, 369, 370, 371, 372, 373, 374, 375, 376, 377, 378, 379, 380, 381, 382, 383, 384, 385, 386, 387, 388 ],
            "B": [ 389, 390, 391, 392, 393, 394, 395, 396, 397, 398, 399, 400, 401, 402, 403, 404, 405 ],
            "Y": [ 406, 407, 408, 409, 410, 411, 412, 413, 414, 415, 416, 417, 418, 419, 420, 421, 422, 423, 424, 425, 426, 427, 428, 429, 430, 431, 432, 433, 434, 435, 436, 437, 438, 439, 440, 441, 442, 443 ]
          }
        },
        "$not$designs/212/top.sv:18$23": {
          "hide_name": 1,
          "type": "$not",
          "parameters": {
            "A_SIGNED": "00000000000000000000000000000000",
            "A_WIDTH": "00000000000000000000000000000101",
            "Y_WIDTH": "00000000000000000000000000000101"
          },
          "attributes": {
            "src": "designs/212/top.sv:18.143-18.150"
          },
          "port_directions": {
            "A": "input",
            "Y": "output"
          },
          "connections": {
            "A": [ 208, 209, 210, 211, 212 ],
            "Y": [ 74, 75, 76, 77, 78 ]
          }
        },
        "$not$designs/212/top.sv:19$25": {
          "hide_name": 1,
          "type": "$not",
          "parameters": {
            "A_SIGNED": "00000000000000000000000000000000",
            "A_WIDTH": "00000000000000000000000000000001",
            "Y_WIDTH": "00000000000000000000000000000001"
          },
          "attributes": {
            "src": "designs/212/top.sv:19.44-19.51"
          },
          "port_directions": {
            "A": "input",
            "Y": "output"
          },
          "connections": {
            "A": [ 208 ],
            "Y": [ 444 ]
          }
        },
        "$not$designs/212/top.sv:26$39": {
          "hide_name": 1,
          "type": "$not",
          "parameters": {
            "A_SIGNED": "00000000000000000000000000000000",
            "A_WIDTH": "00000000000000000000000000011000",
            "Y_WIDTH": "00000000000000000000000000011000"
          },
          "attributes": {
            "src": "designs/212/top.sv:26.133-26.140"
          },
          "port_directions": {
            "A": "input",
            "Y": "output"
          },
          "connections": {
            "A": [ 64, 65, 66, 67, 68, 154, 155, 156, 157, 158, 159, 160, 161, 162, 163, 164, 165, 166, 167, 168, 169, 170, 171, 172 ],
            "Y": [ 445, 446, 447, 448, 449, 450, 451, 452, 453, 454, 455, 456, 457, 458, 459, 460, 461, 462, 463, 464, 465, 466, 467, 468 ]
          }
        },
        "$or$designs/212/top.sv:16$8": {
          "hide_name": 1,
          "type": "$or",
          "parameters": {
            "A_SIGNED": "00000000000000000000000000000000",
            "A_WIDTH": "00000000000000000000000000001001",
            "B_SIGNED": "00000000000000000000000000000000",
            "B_WIDTH": "00000000000000000000000000001001",
            "Y_WIDTH": "00000000000000000000000000001001"
          },
          "attributes": {
            "src": "designs/212/top.sv:16.33-16.64"
          },
          "port_directions": {
            "A": "input",
            "B": "input",
            "Y": "output"
          },
          "connections": {
            "A": [ 100, 125, 126, 127, 128, 129, 130, 131, 132 ],
            "B": [ 100, 125, 126, 127, 128, 129, 130, 131, 132 ],
            "Y": [ 469, 470, 471, 472, 473, 474, 475, 476, 477 ]
          }
        },
        "$or$designs/212/top.sv:17$15": {
          "hide_name": 1,
          "type": "$or",
          "parameters": {
            "A_SIGNED": "00000000000000000000000000000000",
            "A_WIDTH": "00000000000000000000000000001001",
            "B_SIGNED": "00000000000000000000000000000000",
            "B_WIDTH": "00000000000000000000000000001001",
            "Y_WIDTH": "00000000000000000000000000001001"
          },
          "attributes": {
            "src": "designs/212/top.sv:17.22-17.101"
          },
          "port_directions": {
            "A": "input",
            "B": "input",
            "Y": "output"
          },
          "connections": {
            "A": [ 148, 149, 150, 151, 152, 153, 233, 234, 235 ],
            "B": [ 100, 125, 126, 127, 128, 129, 130, 131, 132 ],
            "Y": [ 208, 209, 210, 211, 212, 213, 214, 215, 216 ]
          }
        },
        "$or$designs/212/top.sv:23$33": {
          "hide_name": 1,
          "type": "$or",
          "parameters": {
            "A_SIGNED": "00000000000000000000000000000000",
            "A_WIDTH": "00000000000000000000000000001001",
            "B_SIGNED": "00000000000000000000000000000000",
            "B_WIDTH": "00000000000000000000000000001001",
            "Y_WIDTH": "00000000000000000000000000001001"
          },
          "attributes": {
            "src": "designs/212/top.sv:23.27-23.53"
          },
          "port_directions": {
            "A": "input",
            "B": "input",
            "Y": "output"
          },
          "connections": {
            "A": [ 100, 125, 126, 127, 128, 129, 130, 131, 132 ],
            "B": [ 208, 209, 210, 211, 212, 213, 214, 215, 216 ],
            "Y": [ 478, 479, 480, 481, 482, 483, 484, 485, 486 ]
          }
        },
        "$or$designs/212/top.sv:26$38": {
          "hide_name": 1,
          "type": "$or",
          "parameters": {
            "A_SIGNED": "00000000000000000000000000000000",
            "A_WIDTH": "00000000000000000000000000011000",
            "B_SIGNED": "00000000000000000000000000000000",
            "B_WIDTH": "00000000000000000000000000011000",
            "Y_WIDTH": "00000000000000000000000000011000"
          },
          "attributes": {
            "src": "designs/212/top.sv:26.65-26.126"
          },
          "port_directions": {
            "A": "input",
            "B": "input",
            "Y": "output"
          },
          "connections": {
            "A": [ 487, 488, 489, 490, 491, 492, 493, 494, 495, 496, 497, 498, 499, 500, 501, 502, 503, 504, 504, 504, 504, 504, 504, 504 ],
            "B": [ 64, 65, 66, 67, 68, 154, 155, 156, 157, 158, 159, 160, 161, 162, 163, 164, 165, 166, 167, 168, 169, 170, 171, 172 ],
            "Y": [ 505, 506, 507, 508, 509, 510, 511, 512, 513, 514, 515, 516, 517, 518, 519, 520, 521, 522, 523, 524, 525, 526, 527, 528 ]
          }
        },
        "$reduce_bool$designs/212/top.sv:24$34": {
          "hide_name": 1,
          "type": "$reduce_bool",
          "parameters": {
            "A_SIGNED": "00000000000000000000000000000000",
            "A_WIDTH": "00000000000000000000000000001001",
            "Y_WIDTH": "00000000000000000000000000000001"
          },
          "attributes": {
            "src": "designs/212/top.sv:24.21-24.73"
          },
          "port_directions": {
            "A": "input",
            "Y": "output"
          },
          "connections": {
            "A": [ 208, 209, 210, 211, 212, 213, 214, 215, 216 ],
            "Y": [ 529 ]
          }
        },
        "$reduce_bool$designs/212/top.sv:26$47": {
          "hide_name": 1,
          "type": "$reduce_bool",
          "parameters": {
            "A_SIGNED": "00000000000000000000000000000000",
            "A_WIDTH": "00000000000000000000000000001001",
            "Y_WIDTH": "00000000000000000000000000000001"
          },
          "attributes": {
            "src": "designs/212/top.sv:26.26-26.234"
          },
          "port_directions": {
            "A": "input",
            "Y": "output"
          },
          "connections": {
            "A": [ 530, 531, 532, 533, 534, 535, 536, 537, 538 ],
            "Y": [ 539 ]
          }
        },
        "$shl$designs/212/top.sv:26$40": {
          "hide_name": 1,
          "type": "$shl",
          "parameters": {
            "A_SIGNED": "00000000000000000000000000000000",
            "A_WIDTH": "00000000000000000000000000011000",
            "B_SIGNED": "00000000000000000000000000000000",
            "B_WIDTH": "00000000000000000000000000011000",
            "Y_WIDTH": "00000000000000000000000000011000"
          },
          "attributes": {
            "src": "designs/212/top.sv:26.54-26.141"
          },
          "port_directions": {
            "A": "input",
            "B": "input",
            "Y": "output"
          },
          "connections": {
            "A": [ 505, 506, 507, 508, 509, 510, 511, 512, 513, 514, 515, 516, 517, 518, 519, 520, 521, 522, 523, 524, 525, 526, 527, 528 ],
            "B": [ 445, 446, 447, 448, 449, 450, 451, 452, 453, 454, 455, 456, 457, 458, 459, 460, 461, 462, 463, 464, 465, 466, 467, 468 ],
            "Y": [ 270, 271, 272, 273, 274, 275, 276, 277, 278, 279, 280, 281, 282, 283, 284, 285, 286, 287, 288, 289, 290, 291, 292, 293 ]
          }
        },
        "$shr$designs/212/top.sv:26$44": {
          "hide_name": 1,
          "type": "$shr",
          "parameters": {
            "A_SIGNED": "00000000000000000000000000000000",
            "A_WIDTH": "00000000000000000000000000000011",
            "B_SIGNED": "00000000000000000000000000000000",
            "B_WIDTH": "00000000000000000000000000010001",
            "Y_WIDTH": "00000000000000000000000000100110"
          },
          "attributes": {
            "src": "designs/212/top.sv:26.170-26.213"
          },
          "port_directions": {
            "A": "input",
            "B": "input",
            "Y": "output"
          },
          "connections": {
            "A": [ 96, 97, 98 ],
            "B": [ 389, 390, 391, 392, 393, 394, 395, 396, 397, 398, 399, 400, 401, 402, 403, 404, 405 ],
            "Y": [ 540, 541, 542, 543, 544, 545, 546, 547, 548, 549, 550, 551, 552, 553, 554, 555, 556, 557, 558, 559, 560, 561, 562, 563, 564, 565, 566, 567, 568, 569, 570, 571, 572, 573, 574, 575, 576, 577 ]
          }
        },
        "$sub$designs/212/top.sv:15$1": {
          "hide_name": 1,
          "type": "$sub",
          "parameters": {
            "A_SIGNED": "00000000000000000000000000000000",
            "A_WIDTH": "00000000000000000000000000000110",
            "B_SIGNED": "00000000000000000000000000000000",
            "B_WIDTH": "00000000000000000000000000000110",
            "Y_WIDTH": "00000000000000000000000000000110"
          },
          "attributes": {
            "src": "designs/212/top.sv:15.36-15.59"
          },
          "port_directions": {
            "A": "input",
            "B": "input",
            "Y": "output"
          },
          "connections": {
            "A": [ 2, 3, 4, 5, 6, 7 ],
            "B": [ 2, 3, 4, 5, 6, 7 ],
            "Y": [ 46, 47, 48, 49, 50, 51 ]
          }
        },
        "$sub$designs/212/top.sv:16$11": {
          "hide_name": 1,
          "type": "$sub",
          "parameters": {
            "A_SIGNED": "00000000000000000000000000000000",
            "A_WIDTH": "00000000000000000000000000001001",
            "B_SIGNED": "00000000000000000000000000000000",
            "B_WIDTH": "00000000000000000000000000011000",
            "Y_WIDTH": "00000000000000000000000000011000"
          },
          "attributes": {
            "src": "designs/212/top.sv:16.22-16.78"
          },
          "port_directions": {
            "A": "input",
            "B": "input",
            "Y": "output"
          },
          "connections": {
            "A": [ 469, 470, 471, 472, 473, 474, 475, 476, 477 ],
            "B": [ 133, 134, 135, 136, 137, 138, 139, 140, 141, "1", "1", "1", "1", "1", "1", "1", "1", "1", "1", "1", "1", "1", "1", "1" ],
            "Y": [ 64, 65, 66, 67, 68, 154, 155, 156, 157, 158, 159, 160, 161, 162, 163, 164, 165, 166, 167, 168, 169, 170, 171, 172 ]
          }
        },
        "$sub$designs/212/top.sv:17$12": {
          "hide_name": 1,
          "type": "$sub",
          "parameters": {
            "A_SIGNED": "00000000000000000000000000000000",
            "A_WIDTH": "00000000000000000000000000000010",
            "B_SIGNED": "00000000000000000000000000000000",
            "B_WIDTH": "00000000000000000000000000000110",
            "Y_WIDTH": "00000000000000000000000000000111"
          },
          "attributes": {
            "src": "designs/212/top.sv:17.33-17.66"
          },
          "port_directions": {
            "A": "input",
            "B": "input",
            "Y": "output"
          },
          "connections": {
            "A": [ 100, 125 ],
            "B": [ 2, 3, 4, 5, 6, 7 ],
            "Y": [ 226, 227, 228, 229, 230, 231, 232 ]
          }
        },
        "$sub$designs/212/top.sv:18$21": {
          "hide_name": 1,
          "type": "$sub",
          "parameters": {
            "A_SIGNED": "00000000000000000000000000000000",
            "A_WIDTH": "00000000000000000000000000000101",
            "B_SIGNED": "00000000000000000000000000000000",
            "B_WIDTH": "00000000000000000000000000000101",
            "Y_WIDTH": "00000000000000000000000000000101"
          },
          "attributes": {
            "src": "designs/212/top.sv:18.44-18.126"
          },
          "port_directions": {
            "A": "input",
            "B": "input",
            "Y": "output"
          },
          "connections": {
            "A": [ 197, 198, 267, 268, 269 ],
            "B": [ 100, 125, 126, 127, 128 ],
            "Y": [ 59, 60, 61, 62, 63 ]
          }
        },
        "$sub$designs/212/top.sv:19$26": {
          "hide_name": 1,
          "type": "$sub",
          "parameters": {
            "A_SIGNED": "00000000000000000000000000000000",
            "A_WIDTH": "00000000000000000000000000000001",
            "B_SIGNED": "00000000000000000000000000000000",
            "B_WIDTH": "00000000000000000000000000000001",
            "Y_WIDTH": "00000000000000000000000000000001"
          },
          "attributes": {
            "src": "designs/212/top.sv:19.23-19.52"
          },
          "port_directions": {
            "A": "input",
            "B": "input",
            "Y": "output"
          },
          "connections": {
            "A": [ 100 ],
            "B": [ 444 ],
            "Y": [ 99 ]
          }
        },
        "$sub$designs/212/top.sv:21$32": {
          "hide_name": 1,
          "type": "$sub",
          "parameters": {
            "A_SIGNED": "00000000000000000000000000000000",
            "A_WIDTH": "00000000000000000000000000001010",
            "B_SIGNED": "00000000000000000000000000000000",
            "B_WIDTH": "00000000000000000000000000010001",
            "Y_WIDTH": "00000000000000000000000000010001"
          },
          "attributes": {
            "src": "designs/212/top.sv:21.22-21.87"
          },
          "port_directions": {
            "A": "input",
            "B": "input",
            "Y": "output"
          },
          "connections": {
            "A": [ 199, 200, 201, 202, 203, 204, 205, 206, 207, "0" ],
            "B": [ 217, 218, 219, 220, 221, 222, 223, 224, 225, "1", "1", "1", "1", "1", "1", "1", "1" ],
            "Y": [ 389, 390, 391, 392, 393, 394, 395, 396, 397, 398, 399, 400, 401, 402, 403, 404, 405 ]
          }
        },
        "$sub$designs/212/top.sv:26$37": {
          "hide_name": 1,
          "type": "$sub",
          "parameters": {
            "A_SIGNED": "00000000000000000000000000000000",
            "A_WIDTH": "00000000000000000000000000010001",
            "B_SIGNED": "00000000000000000000000000000000",
            "B_WIDTH": "00000000000000000000000000010001",
            "Y_WIDTH": "00000000000000000000000000010010"
          },
          "attributes": {
            "src": "designs/212/top.sv:26.66-26.116"
          },
          "port_directions": {
            "A": "input",
            "B": "input",
            "Y": "output"
          },
          "connections": {
            "A": [ "0", "0", "0", "0", "0", "0", "0", "0", "0", "0", "0", "0", "0", "0", "0", "0", "0" ],
            "B": [ 389, 390, 391, 392, 393, 394, 395, 396, 397, 398, 399, 400, 401, 402, 403, 404, 405 ],
            "Y": [ 487, 488, 489, 490, 491, 492, 493, 494, 495, 496, 497, 498, 499, 500, 501, 502, 503, 504 ]
          }
        },
        "$sub$designs/212/top.sv:26$45": {
          "hide_name": 1,
          "type": "$sub",
          "parameters": {
            "A_SIGNED": "00000000000000000000000000000000",
            "A_WIDTH": "00000000000000000000000000100110",
            "B_SIGNED": "00000000000000000000000000000000",
            "B_WIDTH": "00000000000000000000000000010001",
            "Y_WIDTH": "00000000000000000000000000100110"
          },
          "attributes": {
            "src": "designs/212/top.sv:26.169-26.223"
          },
          "port_directions": {
            "A": "input",
            "B": "input",
            "Y": "output"
          },
          "connections": {
            "A": [ 540, 541, 542, 543, 544, 545, 546, 547, 548, 549, 550, 551, 552, 553, 554, 555, 556, 557, 558, 559, 560, 561, 562, 563, 564, 565, 566, 567, 568, 569, 570, 571, 572, 573, 574, 575, 576, 577 ],
            "B": [ 389, 390, 391, 392, 393, 394, 395, 396, 397, 398, 399, 400, 401, 402, 403, 404, 405 ],
            "Y": [ 351, 352, 353, 354, 355, 356, 357, 358, 359, 360, 361, 362, 363, 364, 365, 366, 367, 368, 369, 370, 371, 372, 373, 374, 375, 376, 377, 378, 379, 380, 381, 382, 383, 384, 385, 386, 387, 388 ]
          }
        },
        "$ternary$designs/212/top.sv:24$35": {
          "hide_name": 1,
          "type": "$mux",
          "parameters": {
            "WIDTH": "00000000000000000000000000001001"
          },
          "attributes": {
            "src": "designs/212/top.sv:24.21-24.73"
          },
          "port_directions": {
            "A": "input",
            "B": "input",
            "S": "input",
            "Y": "output"
          },
          "connections": {
            "A": [ 478, 479, 480, 481, 482, 483, 484, 485, 486 ],
            "B": [ 100, 125, 126, 127, 128, 129, 130, 131, 132 ],
            "S": [ 529 ],
            "Y": [ 530, 531, 532, 533, 534, 535, 536, 537, 538 ]
          }
        },
        "$ternary$designs/212/top.sv:26$48": {
          "hide_name": 1,
          "type": "$mux",
          "parameters": {
            "WIDTH": "00000000000000000000000000100110"
          },
          "attributes": {
            "src": "designs/212/top.sv:26.26-26.234"
          },
          "port_directions": {
            "A": "input",
            "B": "input",
            "S": "input",
            "Y": "output"
          },
          "connections": {
            "A": [ 406, 407, 408, 409, 410, 411, 412, 413, 414, 415, 416, 417, 418, 419, 420, 421, 422, 423, 424, 425, 426, 427, 428, 429, 430, 431, 432, 433, 434, 435, 436, 437, 438, 439, 440, 441, 442, 443 ],
            "B": [ 318, 319, 320, 321, 322, 323, 324, 325, 326, 327, 328, 329, 330, 331, 332, 333, 334, 335, 336, 337, 338, 339, 340, 341, 342, 343, 344, 345, 346, 347, 348, 349, 350, "0", "0", "0", "0", "0" ],
            "S": [ 539 ],
            "Y": [ 8, 9, 10, 11, 12, 13, 14, 15, 16, 17, 18, 19, 20, 21, 22, 23, 24, 25, 26, 27, 28, 29, 30, 31, 32, 33, 34, 35, 36, 37, 38, 39, 40, 41, 42, 43, 44, 45 ]
          }
        }
      },
      "netnames": {
        "$add$designs/212/top.sv:15$2_Y": {
          "hide_name": 1,
          "bits": [ 52, 53, 54, 55, 56, 57, 58, "0", "0" ],
          "attributes": {
            "src": "designs/212/top.sv:15.27-15.74",
            "unused_bits": "6"
          }
        },
        "$add$designs/212/top.sv:18$22_Y": {
          "hide_name": 1,
          "bits": [ 69, 70, 71, 72, 73 ],
          "attributes": {
          }
        },
        "$add$designs/212/top.sv:21$29_Y": {
          "hide_name": 1,
          "bits": [ 85, 86, 87, 88, 89, 90, 91, 92, 93, 94, "0", "0", "0", "0", "0", "0", "0", "0", "0", "0", "0", "0", "0", "0", "0", "0", "0", "0", "0", "0", "0" ],
          "attributes": {
            "src": "designs/212/top.sv:21.24-21.64",
            "unused_bits": "9"
          }
        },
        "$add$designs/212/top.sv:26$43_Y": {
          "hide_name": 1,
          "bits": [ 96, 97, 98 ],
          "attributes": {
          }
        },
        "$and$designs/212/top.sv:15$3_Y": {
          "hide_name": 1,
          "bits": [ 101, 102, 103, 104, 105, 106, "0", "0", "0" ],
          "attributes": {
            "src": "designs/212/top.sv:15.26-15.88"
          }
        },
        "$and$designs/212/top.sv:15$4_Y": {
          "hide_name": 1,
          "bits": [ 107, 108, 109, 110, 111, 112, "0", "0", "0" ],
          "attributes": {
            "src": "designs/212/top.sv:15.25-15.102"
          }
        },
        "$and$designs/212/top.sv:21$28_Y": {
          "hide_name": 1,
          "bits": [ 84, "0", "0", "0", "0", "0", "0", "0", "0", "0", "0", "0", "0", "0", "0", "0", "0", "0", "0", "0", "0", "0", "0", "0", "0", "0", "0", "0", "0", "0", "0" ],
          "attributes": {
            "src": "designs/212/top.sv:21.33-21.48"
          }
        },
        "$and$designs/212/top.sv:21$30_Y": {
          "hide_name": 1,
          "bits": [ 199, 200, 201, 202, 203, 204, 205, 206, 207, "0", "0", "0", "0", "0", "0", "0", "0", "0", "0", "0", "0", "0", "0", "0", "0", "0", "0", "0", "0", "0", "0" ],
          "attributes": {
            "src": "designs/212/top.sv:21.23-21.74"
          }
        },
        "$auto$opt_expr.cc:205:group_cell_inputs$61": {
          "hide_name": 1,
          "bits": [ 119, 120, 121, 122, 123, 124 ],
          "attributes": {
          }
        },
        "$auto$opt_expr.cc:205:group_cell_inputs$67": {
          "hide_name": 1,
          "bits": [ 133, 134, 135, 136, 137, 138, 139, 140, 141 ],
          "attributes": {
          }
        },
        "$auto$opt_expr.cc:205:group_cell_inputs$71": {
          "hide_name": 1,
          "bits": [ 148, 149, 150, 151, 152, 153 ],
          "attributes": {
          }
        },
        "$auto$opt_expr.cc:205:group_cell_inputs$73": {
          "hide_name": 1,
          "bits": [ 233, 234, 235 ],
          "attributes": {
          }
        },
        "$auto$opt_expr.cc:205:group_cell_inputs$74": {
          "hide_name": 1,
          "bits": [ 173, 174, 175, 176, 177, 178, 179, 180, 181, 182, 183, 184, 185, 186, 187, 188, 189, 190, 191, 192, 193, 194 ],
          "attributes": {
          }
        },
        "$auto$opt_expr.cc:205:group_cell_inputs$78": {
          "hide_name": 1,
          "bits": [ 197, 198 ],
          "attributes": {
          }
        },
        "$auto$opt_expr.cc:205:group_cell_inputs$80": {
          "hide_name": 1,
          "bits": [ 267, 268, 269 ],
          "attributes": {
          }
        },
        "$auto$opt_expr.cc:205:group_cell_inputs$89": {
          "hide_name": 1,
          "bits": [ 217, 218, 219, 220, 221, 222, 223, 224, 225 ],
          "attributes": {
          }
        },
        "$auto$wreduce.cc:514:run$50": {
          "hide_name": 1,
          "bits": [ 318, 319, 320, 321, 322, 323, 324, 325, 326, 327, 328, 329, 330, 331, 332, 333, 334, 335, 336, 337, 338, 339, 340, 341, 342, 343, 344, 345, 346, 347, 348, 349, 350, "0", "0", "0", "0", "0" ],
          "attributes": {
            "src": "designs/212/top.sv:26.36-26.163"
          }
        },
        "$auto$wreduce.cc:514:run$51": {
          "hide_name": 1,
          "bits": [ 294, 295, 296, 297, 298, 299, 300, 301, 302, 303, 304, 305, 306, 307, 308, 309, 310, 311, 312, 313, 314, 315, 316, 317 ],
          "attributes": {
            "src": "designs/212/top.sv:26.45-26.152"
          }
        },
        "$mul$designs/212/top.sv:15$5_Y": {
          "hide_name": 1,
          "bits": [ 113, 114, 115, 116, 117, 118, 130, 131, 132 ],
          "attributes": {
            "src": "designs/212/top.sv:15.24-15.116"
          }
        },
        "$mul$designs/212/top.sv:17$13_Y": {
          "hide_name": 1,
          "bits": [ 142, 143, 144, 145, 146, 147, 233, 234, 235 ],
          "attributes": {
            "src": "designs/212/top.sv:17.32-17.76"
          }
        },
        "$mul$designs/212/top.sv:18$18_Y": {
          "hide_name": 1,
          "bits": [ 236, 237, 238, 239, 240, 241, 242, 243, 244, 245, 246, 247, 248, 249, 250, 251, 252, 253, 254, 255, 256, 257, 258, 259, 260, 261, 262, 263, 264, 265, 266 ],
          "attributes": {
            "src": "designs/212/top.sv:18.65-18.89"
          }
        },
        "$mul$designs/212/top.sv:18$19_Y": {
          "hide_name": 1,
          "bits": [ 195, 196, 267, 268, 269, 578, 579, 580, 581, 582, 583, 584, 585, 586, 587, 588, 589, 590, 591, 592, 593, 594, 595, 596, 597, 598, 599, 600, 601, 602, 603 ],
          "attributes": {
            "src": "designs/212/top.sv:18.56-18.100",
            "unused_bits": "5 6 7 8 9 10 11 12 13 14 15 16 17 18 19 20 21 22 23 24 25 26 27 28 29 30"
          }
        },
        "$mul$designs/212/top.sv:26$46_Y": {
          "hide_name": 1,
          "bits": [ 406, 407, 408, 409, 410, 411, 412, 413, 414, 415, 416, 417, 418, 419, 420, 421, 422, 423, 424, 425, 426, 427, 428, 429, 430, 431, 432, 433, 434, 435, 436, 437, 438, 439, 440, 441, 442, 443 ],
          "attributes": {
            "src": "designs/212/top.sv:26.168-26.233"
          }
        },
        "$not$designs/212/top.sv:18$23_Y": {
          "hide_name": 1,
          "bits": [ 74, 75, 76, 77, 78, 604, 605, 606, 607, 608, 609, 610, 611, 612, 613, 614, 615, 616, 617, 618, 619, 620, 621, 622, 623, 624, 625, 626, 627, 628, 629 ],
          "attributes": {
            "src": "designs/212/top.sv:18.143-18.150",
            "unused_bits": "5 6 7 8 9 10 11 12 13 14 15 16 17 18 19 20 21 22 23 24 25 26 27 28 29 30"
          }
        },
        "$not$designs/212/top.sv:19$25_Y": {
          "hide_name": 1,
          "bits": [ 444, 630, 631, 632, 633, 634, 635, 636, 637, 638, 639, 640, 641, 642, 643, 644, 645, 646, 647, 648, 649, 650, 651, 652, 653, 654, 655, 656, 657, 658, 659 ],
          "attributes": {
            "src": "designs/212/top.sv:19.44-19.51",
            "unused_bits": "1 2 3 4 5 6 7 8 9 10 11 12 13 14 15 16 17 18 19 20 21 22 23 24 25 26 27 28 29 30"
          }
        },
        "$not$designs/212/top.sv:26$39_Y": {
          "hide_name": 1,
          "bits": [ 445, 446, 447, 448, 449, 450, 451, 452, 453, 454, 455, 456, 457, 458, 459, 460, 461, 462, 463, 464, 465, 466, 467, 468 ],
          "attributes": {
            "src": "designs/212/top.sv:26.133-26.140"
          }
        },
        "$or$designs/212/top.sv:16$8_Y": {
          "hide_name": 1,
          "bits": [ 469, 470, 471, 472, 473, 474, 475, 476, 477 ],
          "attributes": {
            "src": "designs/212/top.sv:16.33-16.64"
          }
        },
        "$or$designs/212/top.sv:26$38_Y": {
          "hide_name": 1,
          "bits": [ 505, 506, 507, 508, 509, 510, 511, 512, 513, 514, 515, 516, 517, 518, 519, 520, 521, 522, 523, 524, 525, 526, 527, 528 ],
          "attributes": {
            "src": "designs/212/top.sv:26.65-26.126"
          }
        },
        "$reduce_bool$designs/212/top.sv:24$34_Y": {
          "hide_name": 1,
          "bits": [ 529 ],
          "attributes": {
            "src": "designs/212/top.sv:24.21-24.73"
          }
        },
        "$reduce_bool$designs/212/top.sv:26$47_Y": {
          "hide_name": 1,
          "bits": [ 539 ],
          "attributes": {
            "src": "designs/212/top.sv:26.26-26.234"
          }
        },
        "$shl$designs/212/top.sv:26$40_Y": {
          "hide_name": 1,
          "bits": [ 270, 271, 272, 273, 274, 275, 276, 277, 278, 279, 280, 281, 282, 283, 284, 285, 286, 287, 288, 289, 290, 291, 292, 293 ],
          "attributes": {
            "src": "designs/212/top.sv:26.54-26.141"
          }
        },
        "$shr$designs/212/top.sv:26$44_Y": {
          "hide_name": 1,
          "bits": [ 540, 541, 542, 543, 544, 545, 546, 547, 548, 549, 550, 551, 552, 553, 554, 555, 556, 557, 558, 559, 560, 561, 562, 563, 564, 565, 566, 567, 568, 569, 570, 571, 572, 573, 574, 575, 576, 577 ],
          "attributes": {
            "src": "designs/212/top.sv:26.170-26.213"
          }
        },
        "$sub$designs/212/top.sv:15$1_Y": {
          "hide_name": 1,
          "bits": [ 46, 47, 48, 49, 50, 51 ],
          "attributes": {
            "src": "designs/212/top.sv:15.36-15.59"
          }
        },
        "$sub$designs/212/top.sv:17$12_Y": {
          "hide_name": 1,
          "bits": [ 226, 227, 228, 229, 230, 231, 232, 232, 232 ],
          "attributes": {
            "src": "designs/212/top.sv:17.33-17.66"
          }
        },
        "$sub$designs/212/top.sv:18$21_Y": {
          "hide_name": 1,
          "bits": [ 59, 60, 61, 62, 63, 660, 661, 662, 663, 664, 665, 666, 667, 668, 669, 670, 671, 672, 673, 674, 675, 676, 677, 678, 679, 680, 681, 682, 683, 684, 685 ],
          "attributes": {
            "src": "designs/212/top.sv:18.44-18.126",
            "unused_bits": "5 6 7 8 9 10 11 12 13 14 15 16 17 18 19 20 21 22 23 24 25 26 27 28 29 30"
          }
        },
        "$sub$designs/212/top.sv:19$26_Y": {
          "hide_name": 1,
          "bits": [ 99, 686, 687, 688, 689, 690, 691, 692, 693, 694, 695, 696, 697, 698, 699, 700, 701, 702, 703, 704, 705, 706, 707, 708, 709, 710, 711, 712, 713, 714, 715 ],
          "attributes": {
            "src": "designs/212/top.sv:19.23-19.52",
            "unused_bits": "1 2 3 4 5 6 7 8 9 10 11 12 13 14 15 16 17 18 19 20 21 22 23 24 25 26 27 28 29 30"
          }
        },
        "$sub$designs/212/top.sv:26$37_Y": {
          "hide_name": 1,
          "bits": [ 487, 488, 489, 490, 491, 492, 493, 494, 495, 496, 497, 498, 499, 500, 501, 502, 503, 504, 504, 504, 504, 504, 504, 504 ],
          "attributes": {
            "src": "designs/212/top.sv:26.66-26.116"
          }
        },
        "$sub$designs/212/top.sv:26$45_Y": {
          "hide_name": 1,
          "bits": [ 351, 352, 353, 354, 355, 356, 357, 358, 359, 360, 361, 362, 363, 364, 365, 366, 367, 368, 369, 370, 371, 372, 373, 374, 375, 376, 377, 378, 379, 380, 381, 382, 383, 384, 385, 386, 387, 388 ],
          "attributes": {
            "src": "designs/212/top.sv:26.169-26.223"
          }
        },
        "expr_187229": {
          "hide_name": 0,
          "bits": [ 478, 479, 480, 481, 482, 483, 484, 485, 486, "0", "0", "0", "0", "0", "0", "x", "x", "x", "x", "x", "x", "x", "x", "x", "x", "x", "x", "x", "x", "x", "x", "x" ],
          "attributes": {
            "src": "designs/212/top.sv:22.18-22.29"
          }
        },
        "input_data": {
          "hide_name": 0,
          "bits": [ 2, 3, 4, 5, 6, 7 ],
          "attributes": {
            "src": "designs/212/top.sv:2.17-2.27"
          }
        },
        "output_data": {
          "hide_name": 0,
          "bits": [ 8, 9, 10, 11, 12, 13, 14, 15, 16, 17, 18, 19, 20, 21, 22, 23, 24, 25, 26, 27, 28, 29, 30, 31, 32, 33, 34, 35, 36, 37, 38, 39, 40, 41, 42, 43, 44, 45 ],
          "attributes": {
            "src": "designs/212/top.sv:3.19-3.30"
          }
        },
        "temp_0": {
          "hide_name": 0,
          "bits": [ 100, 125, 126, 127, 128, 129, 130, 131, 132 ],
          "attributes": {
            "src": "designs/212/top.sv:6.17-6.23"
          }
        },
        "temp_1": {
          "hide_name": 0,
          "bits": [ 64, 65, 66, 67, 68, 154, 155, 156, 157, 158, 159, 160, 161, 162, 163, 164, 165, 166, 167, 168, 169, 170, 171, 172 ],
          "attributes": {
            "src": "designs/212/top.sv:7.18-7.24"
          }
        },
        "temp_2": {
          "hide_name": 0,
          "bits": [ 208, 209, 210, 211, 212, 213, 214, 215, 216, "0", "0", "0", "0", "0", "0", "0", "0", "0", "0", "0", "0", "0", "0", "0", "0", "0", "0", "0", "0", "0", "0" ],
          "attributes": {
            "src": "designs/212/top.sv:8.18-8.24"
          }
        },
        "temp_3": {
          "hide_name": 0,
          "bits": [ 79, 80, 81, 82, 83 ],
          "attributes": {
            "src": "designs/212/top.sv:9.17-9.23"
          }
        },
        "temp_4": {
          "hide_name": 0,
          "bits": [ 95 ],
          "attributes": {
            "single_bit_vector": "00000000000000000000000000000001",
            "src": "designs/212/top.sv:10.17-10.23"
          }
        },
        "temp_6": {
          "hide_name": 0,
          "bits": [ 389, 390, 391, 392, 393, 394, 395, 396, 397, 398, 399, 400, 401, 402, 403, 404, 405 ],
          "attributes": {
            "src": "designs/212/top.sv:12.18-12.24"
          }
        },
        "temp_7": {
          "hide_name": 0,
          "bits": [ 530, 531, 532, 533, 534, 535, 536, 537, 538, "0", "0", "0", "0", "0", "0" ],
          "attributes": {
            "src": "designs/212/top.sv:13.18-13.24"
          }
        }
      }
    }
  }
}
