{
  "creator": "Yosys 0.60 (git sha1 5bafeb77dc71e054fa331ab9efa613e6fb0a1c49, clang++ 17.0.0 -fPIC -O3)",
  "modules": {
    "top": {
      "attributes": {
        "top": "00000000000000000000000000000001",
        "src": "designs/175/top.sv:1.1-24.10"
      },
      "ports": {
        "input_data": {
          "direction": "input",
          "bits": [ 2, 3, 4 ]
        },
        "output_data": {
          "direction": "output",
          "bits": [ 5, 6, 7, 8, 9, 10, 11, 12, 13, 14 ]
        }
      },
      "cells": {
        "$add$designs/175/top.sv:14$2": {
          "hide_name": 1,
          "type": "$add",
          "parameters": {
            "A_SIGNED": "00000000000000000000000000000000",
            "A_WIDTH": "00000000000000000000000000000011",
            "B_SIGNED": "00000000000000000000000000000000",
            "B_WIDTH": "00000000000000000000000000000011",
            "Y_WIDTH": "00000000000000000000000000000011"
          },
          "attributes": {
            "src": "designs/175/top.sv:14.34-14.72"
          },
          "port_directions": {
            "A": "input",
            "B": "input",
            "Y": "output"
          },
          "connections": {
            "A": [ 15, 16, 17 ],
            "B": [ 2, 3, 4 ],
            "Y": [ 18, 19, 20 ]
          }
        },
        "$add$designs/175/top.sv:15$12": {
          "hide_name": 1,
          "type": "$add",
          "parameters": {
            "A_SIGNED": "00000000000000000000000000000000",
            "A_WIDTH": "00000000000000000000000000000111",
            "B_SIGNED": "00000000000000000000000000000000",
            "B_WIDTH": "00000000000000000000000000000110",
            "Y_WIDTH": "00000000000000000000000000000111"
          },
          "attributes": {
            "src": "designs/175/top.sv:15.33-15.127"
          },
          "port_directions": {
            "A": "input",
            "B": "input",
            "Y": "output"
          },
          "connections": {
            "A": [ 21, 22, 23, 24, 25, 26, 27 ],
            "B": [ 28, 29, 30, 31, 32, 33 ],
            "Y": [ 34, 35, 36, 37, 38, 39, 40 ]
          }
        },
        "$add$designs/175/top.sv:15$6": {
          "hide_name": 1,
          "type": "$add",
          "parameters": {
            "A_SIGNED": "00000000000000000000000000000000",
            "A_WIDTH": "00000000000000000000000000000111",
            "B_SIGNED": "00000000000000000000000000000000",
            "B_WIDTH": "00000000000000000000000000000110",
            "Y_WIDTH": "00000000000000000000000000000111"
          },
          "attributes": {
            "src": "designs/175/top.sv:15.38-15.65"
          },
          "port_directions": {
            "A": "input",
            "B": "input",
            "Y": "output"
          },
          "connections": {
            "A": [ 41, 42, 43, 44, 45, 46, 47 ],
            "B": [ 28, 29, 30, 31, 32, 33 ],
            "Y": [ 48, 49, 50, 51, 52, 53, 54 ]
          }
        },
        "$add$designs/175/top.sv:17$22": {
          "hide_name": 1,
          "type": "$add",
          "parameters": {
            "A_SIGNED": "00000000000000000000000000000001",
            "A_WIDTH": "00000000000000000000000000001000",
            "B_SIGNED": "00000000000000000000000000000001",
            "B_WIDTH": "00000000000000000000000000001000",
            "Y_WIDTH": "00000000000000000000000000001001"
          },
          "attributes": {
            "src": "designs/175/top.sv:17.48-17.104"
          },
          "port_directions": {
            "A": "input",
            "B": "input",
            "Y": "output"
          },
          "connections": {
            "A": [ 55, 56, 57, "0", "0", "0", "0", "0" ],
            "B": [ 58, 59, 60, 61, 62, 63, 64, 65 ],
            "Y": [ 66, 67, 68, 69, 70, 71, 72, 73, 74 ]
          }
        },
        "$add$designs/175/top.sv:17$24": {
          "hide_name": 1,
          "type": "$add",
          "parameters": {
            "A_SIGNED": "00000000000000000000000000000000",
            "A_WIDTH": "00000000000000000000000000011111",
            "B_SIGNED": "00000000000000000000000000000000",
            "B_WIDTH": "00000000000000000000000000000100",
            "Y_WIDTH": "00000000000000000000000000011111"
          },
          "attributes": {
            "src": "designs/175/top.sv:17.36-17.130"
          },
          "port_directions": {
            "A": "input",
            "B": "input",
            "Y": "output"
          },
          "connections": {
            "A": [ 75, 76, 77, 78, 79, 80, 81, 82, 83, 84, 85, 86, 87, 88, 89, 90, 91, 92, 93, 94, 95, 96, 97, 98, 99, 100, 101, 102, 103, 104, 105 ],
            "B": [ 28, 29, 30, 31 ],
            "Y": [ 106, 107, 108, 109, 110, 111, 112, 113, 114, 115, 116, 117, 118, 119, 120, 121, 122, 123, 124, 125, 126, 127, 128, 129, 130, 131, 132, 133, 134, 135, 136 ]
          }
        },
        "$add$designs/175/top.sv:17$28": {
          "hide_name": 1,
          "type": "$add",
          "parameters": {
            "A_SIGNED": "00000000000000000000000000000000",
            "A_WIDTH": "00000000000000000000000000001010",
            "B_SIGNED": "00000000000000000000000000000000",
            "B_WIDTH": "00000000000000000000000000000111",
            "Y_WIDTH": "00000000000000000000000000001010"
          },
          "attributes": {
            "src": "designs/175/top.sv:17.22-17.180"
          },
          "port_directions": {
            "A": "input",
            "B": "input",
            "Y": "output"
          },
          "connections": {
            "A": [ 137, 138, 139, 140, 141, 142, 143, 144, 145, 146 ],
            "B": [ 147, 148, 149, 150, 151, 152, 153 ],
            "Y": [ 154, 155, 156, 157, 158, 159, 160, 161, 162, 163 ]
          }
        },
        "$add$designs/175/top.sv:19$37": {
          "hide_name": 1,
          "type": "$add",
          "parameters": {
            "A_SIGNED": "00000000000000000000000000000000",
            "A_WIDTH": "00000000000000000000000000011111",
            "B_SIGNED": "00000000000000000000000000000000",
            "B_WIDTH": "00000000000000000000000000000110",
            "Y_WIDTH": "00000000000000000000000000011111"
          },
          "attributes": {
            "src": "designs/175/top.sv:19.25-19.65"
          },
          "port_directions": {
            "A": "input",
            "B": "input",
            "Y": "output"
          },
          "connections": {
            "A": [ 164, 165, 166, 167, 168, 169, 170, 171, 172, 172, 172, 172, 172, 172, 172, 172, 172, 172, 172, 172, 172, 172, 172, 172, 172, 172, 172, 172, 172, 172, 172 ],
            "B": [ 28, 29, 30, 31, 32, 33 ],
            "Y": [ 173, 174, 175, 176, 177, 178, 179, 180, 181, 182, 183, 184, 185, 186, 187, 188, 189, 190, 191, 192, 193, 194, 195, 196, 197, 198, 199, 200, 201, 202, 203 ]
          }
        },
        "$add$designs/175/top.sv:19$38": {
          "hide_name": 1,
          "type": "$add",
          "parameters": {
            "A_SIGNED": "00000000000000000000000000000000",
            "A_WIDTH": "00000000000000000000000000011111",
            "B_SIGNED": "00000000000000000000000000000000",
            "B_WIDTH": "00000000000000000000000000000110",
            "Y_WIDTH": "00000000000000000000000000011111"
          },
          "attributes": {
            "src": "designs/175/top.sv:19.24-19.75"
          },
          "port_directions": {
            "A": "input",
            "B": "input",
            "Y": "output"
          },
          "connections": {
            "A": [ 173, 174, 175, 176, 177, 178, 179, 180, 181, 182, 183, 184, 185, 186, 187, 188, 189, 190, 191, 192, 193, 194, 195, 196, 197, 198, 199, 200, 201, 202, 203 ],
            "B": [ 28, 29, 30, 31, 32, 33 ],
            "Y": [ 204, 205, 206, 207, 208, 209, 210, 211, 212, 213, 214, 215, 216, 217, 218, 219, 220, 221, 222, 223, 224, 225, 226, 227, 228, 229, 230, 231, 232, 233, 234 ]
          }
        },
        "$add$designs/175/top.sv:22$48": {
          "hide_name": 1,
          "type": "$add",
          "parameters": {
            "A_SIGNED": "00000000000000000000000000000000",
            "A_WIDTH": "00000000000000000000000000000010",
            "B_SIGNED": "00000000000000000000000000000000",
            "B_WIDTH": "00000000000000000000000000001010",
            "Y_WIDTH": "00000000000000000000000000001010"
          },
          "attributes": {
            "src": "designs/175/top.sv:22.63-22.78"
          },
          "port_directions": {
            "A": "input",
            "B": "input",
            "Y": "output"
          },
          "connections": {
            "A": [ 235, 236 ],
            "B": [ 154, 155, 156, 157, 158, 159, 160, 161, 162, 163 ],
            "Y": [ 237, 238, 239, 240, 241, 242, 243, 244, 245, 246 ]
          }
        },
        "$add$designs/175/top.sv:22$55": {
          "hide_name": 1,
          "type": "$add",
          "parameters": {
            "A_SIGNED": "00000000000000000000000000000000",
            "A_WIDTH": "00000000000000000000000000001010",
            "B_SIGNED": "00000000000000000000000000000000",
            "B_WIDTH": "00000000000000000000000000000111",
            "Y_WIDTH": "00000000000000000000000000001010"
          },
          "attributes": {
            "src": "designs/175/top.sv:22.36-22.150"
          },
          "port_directions": {
            "A": "input",
            "B": "input",
            "Y": "output"
          },
          "connections": {
            "A": [ 247, 248, 249, 250, 251, 252, 253, 254, 255, 256 ],
            "B": [ 147, 148, 149, 150, 151, 152, 153 ],
            "Y": [ 257, 258, 259, 260, 261, 262, 263, 264, 265, 266 ]
          }
        },
        "$add$designs/175/top.sv:22$60": {
          "hide_name": 1,
          "type": "$add",
          "parameters": {
            "A_SIGNED": "00000000000000000000000000000000",
            "A_WIDTH": "00000000000000000000000000001010",
            "B_SIGNED": "00000000000000000000000000000000",
            "B_WIDTH": "00000000000000000000000000001010",
            "Y_WIDTH": "00000000000000000000000000001010"
          },
          "attributes": {
            "src": "designs/175/top.sv:22.173-22.224"
          },
          "port_directions": {
            "A": "input",
            "B": "input",
            "Y": "output"
          },
          "connections": {
            "A": [ 267, 268, 269, 270, 271, 272, 64, 65, 65, 65 ],
            "B": [ 273, 274, 275, 276, 277, 278, "1", "1", "1", "1" ],
            "Y": [ 279, 280, 281, 282, 283, 284, 285, 286, 287, 288 ]
          }
        },
        "$and$designs/175/top.sv:18$34": {
          "hide_name": 1,
          "type": "$and",
          "parameters": {
            "A_SIGNED": "00000000000000000000000000000000",
            "A_WIDTH": "00000000000000000000000000000110",
            "B_SIGNED": "00000000000000000000000000000000",
            "B_WIDTH": "00000000000000000000000000000110",
            "Y_WIDTH": "00000000000000000000000000000110"
          },
          "attributes": {
            "src": "designs/175/top.sv:18.23-18.111"
          },
          "port_directions": {
            "A": "input",
            "B": "input",
            "Y": "output"
          },
          "connections": {
            "A": [ 289, 290, 291, 292, 293, 294 ],
            "B": [ 58, 59, 60, 61, 62, 63 ],
            "Y": [ 295, 296, 297, 298, 299, 300 ]
          }
        },
        "$and$designs/175/top.sv:18$35": {
          "hide_name": 1,
          "type": "$and",
          "parameters": {
            "A_SIGNED": "00000000000000000000000000000000",
            "A_WIDTH": "00000000000000000000000000000110",
            "B_SIGNED": "00000000000000000000000000000000",
            "B_WIDTH": "00000000000000000000000000000110",
            "Y_WIDTH": "00000000000000000000000000000110"
          },
          "attributes": {
            "src": "designs/175/top.sv:18.22-18.121"
          },
          "port_directions": {
            "A": "input",
            "B": "input",
            "Y": "output"
          },
          "connections": {
            "A": [ 295, 296, 297, 298, 299, 300 ],
            "B": [ 58, 59, 60, 61, 62, 63 ],
            "Y": [ 301, 302, 303, 304, 305, 306 ]
          }
        },
        "$and$designs/175/top.sv:20$45": {
          "hide_name": 1,
          "type": "$and",
          "parameters": {
            "A_SIGNED": "00000000000000000000000000000000",
            "A_WIDTH": "00000000000000000000000000000010",
            "B_SIGNED": "00000000000000000000000000000000",
            "B_WIDTH": "00000000000000000000000000000010",
            "Y_WIDTH": "00000000000000000000000000000010"
          },
          "attributes": {
            "src": "designs/175/top.sv:20.24-20.104"
          },
          "port_directions": {
            "A": "input",
            "B": "input",
            "Y": "output"
          },
          "connections": {
            "A": [ 307, 308 ],
            "B": [ 28, 29 ],
            "Y": [ 309, 310 ]
          }
        },
        "$auto$opt_expr.cc:276:group_cell_inputs$101": {
          "hide_name": 1,
          "type": "$and",
          "parameters": {
            "A_SIGNED": "00000000000000000000000000000000",
            "A_WIDTH": "00000000000000000000000000000111",
            "B_SIGNED": "00000000000000000000000000000000",
            "B_WIDTH": "00000000000000000000000000000111",
            "Y_WIDTH": "00000000000000000000000000000111"
          },
          "attributes": {
          },
          "port_directions": {
            "A": "input",
            "B": "input",
            "Y": "output"
          },
          "connections": {
            "A": [ 311, 312, 313, 314, 315, 316, 64 ],
            "B": [ 147, 148, 149, 150, 151, 152, 153 ],
            "Y": [ 317, 318, 319, 320, 321, 322, 323 ]
          }
        },
        "$auto$opt_expr.cc:276:group_cell_inputs$105": {
          "hide_name": 1,
          "type": "$xor",
          "parameters": {
            "A_SIGNED": "00000000000000000000000000000000",
            "A_WIDTH": "00000000000000000000000000001010",
            "B_SIGNED": "00000000000000000000000000000000",
            "B_WIDTH": "00000000000000000000000000001010",
            "Y_WIDTH": "00000000000000000000000000001010"
          },
          "attributes": {
          },
          "port_directions": {
            "A": "input",
            "B": "input",
            "Y": "output"
          },
          "connections": {
            "A": [ 204, 205, 206, 207, 208, 209, 210, 211, 212, 213 ],
            "B": [ 154, 155, 156, 157, 158, 159, 160, 161, 162, 163 ],
            "Y": [ 324, 325, 326, 327, 328, 329, 330, 331, 332, 333 ]
          }
        },
        "$auto$opt_expr.cc:276:group_cell_inputs$108": {
          "hide_name": 1,
          "type": "$xor",
          "parameters": {
            "A_SIGNED": "00000000000000000000000000000000",
            "A_WIDTH": "00000000000000000000000000000110",
            "B_SIGNED": "00000000000000000000000000000000",
            "B_WIDTH": "00000000000000000000000000000110",
            "Y_WIDTH": "00000000000000000000000000000110"
          },
          "attributes": {
          },
          "port_directions": {
            "A": "input",
            "B": "input",
            "Y": "output"
          },
          "connections": {
            "A": [ 301, 302, 303, 304, 305, 306 ],
            "B": [ 154, 155, 156, 157, 158, 159 ],
            "Y": [ 334, 335, 336, 337, 338, 339 ]
          }
        },
        "$auto$opt_expr.cc:276:group_cell_inputs$111": {
          "hide_name": 1,
          "type": "$xor",
          "parameters": {
            "A_SIGNED": "00000000000000000000000000000000",
            "A_WIDTH": "00000000000000000000000000001010",
            "B_SIGNED": "00000000000000000000000000000000",
            "B_WIDTH": "00000000000000000000000000001010",
            "Y_WIDTH": "00000000000000000000000000001010"
          },
          "attributes": {
          },
          "port_directions": {
            "A": "input",
            "B": "input",
            "Y": "output"
          },
          "connections": {
            "A": [ 334, 335, 336, 337, 338, 339, 160, 161, 162, 163 ],
            "B": [ 58, 59, 60, 61, 62, 63, 64, 65, 65, 65 ],
            "Y": [ 340, 341, 342, 343, 344, 345, 346, 347, 348, 349 ]
          }
        },
        "$auto$opt_expr.cc:276:group_cell_inputs$114": {
          "hide_name": 1,
          "type": "$or",
          "parameters": {
            "A_SIGNED": "00000000000000000000000000000000",
            "A_WIDTH": "00000000000000000000000000000110",
            "B_SIGNED": "00000000000000000000000000000000",
            "B_WIDTH": "00000000000000000000000000000110",
            "Y_WIDTH": "00000000000000000000000000000110"
          },
          "attributes": {
          },
          "port_directions": {
            "A": "input",
            "B": "input",
            "Y": "output"
          },
          "connections": {
            "A": [ 350, 351, 352, 353, 354, 355 ],
            "B": [ 28, 29, 30, 31, 32, 33 ],
            "Y": [ 356, 357, 358, 359, 360, 361 ]
          }
        },
        "$auto$opt_expr.cc:276:group_cell_inputs$117": {
          "hide_name": 1,
          "type": "$xor",
          "parameters": {
            "A_SIGNED": "00000000000000000000000000000000",
            "A_WIDTH": "00000000000000000000000000000010",
            "B_SIGNED": "00000000000000000000000000000000",
            "B_WIDTH": "00000000000000000000000000000010",
            "Y_WIDTH": "00000000000000000000000000000010"
          },
          "attributes": {
          },
          "port_directions": {
            "A": "input",
            "B": "input",
            "Y": "output"
          },
          "connections": {
            "A": [ 356, 357 ],
            "B": [ 235, 236 ],
            "Y": [ 362, 363 ]
          }
        },
        "$auto$opt_expr.cc:276:group_cell_inputs$120": {
          "hide_name": 1,
          "type": "$or",
          "parameters": {
            "A_SIGNED": "00000000000000000000000000000000",
            "A_WIDTH": "00000000000000000000000000000110",
            "B_SIGNED": "00000000000000000000000000000000",
            "B_WIDTH": "00000000000000000000000000000110",
            "Y_WIDTH": "00000000000000000000000000000110"
          },
          "attributes": {
          },
          "port_directions": {
            "A": "input",
            "B": "input",
            "Y": "output"
          },
          "connections": {
            "A": [ 362, 363, 358, 359, 360, 361 ],
            "B": [ 301, 302, 303, 304, 305, 306 ],
            "Y": [ 364, 365, 366, 367, 368, 369 ]
          }
        },
        "$auto$opt_expr.cc:276:group_cell_inputs$123": {
          "hide_name": 1,
          "type": "$xor",
          "parameters": {
            "A_SIGNED": "00000000000000000000000000000000",
            "A_WIDTH": "00000000000000000000000000000010",
            "B_SIGNED": "00000000000000000000000000000000",
            "B_WIDTH": "00000000000000000000000000000010",
            "Y_WIDTH": "00000000000000000000000000000010"
          },
          "attributes": {
          },
          "port_directions": {
            "A": "input",
            "B": "input",
            "Y": "output"
          },
          "connections": {
            "A": [ 364, 365 ],
            "B": [ 235, 236 ],
            "Y": [ 370, 371 ]
          }
        },
        "$auto$opt_expr.cc:276:group_cell_inputs$126": {
          "hide_name": 1,
          "type": "$xor",
          "parameters": {
            "A_SIGNED": "00000000000000000000000000000000",
            "A_WIDTH": "00000000000000000000000000000110",
            "B_SIGNED": "00000000000000000000000000000000",
            "B_WIDTH": "00000000000000000000000000000110",
            "Y_WIDTH": "00000000000000000000000000000110"
          },
          "attributes": {
          },
          "port_directions": {
            "A": "input",
            "B": "input",
            "Y": "output"
          },
          "connections": {
            "A": [ 370, 371, 366, 367, 368, 369 ],
            "B": [ 301, 302, 303, 304, 305, 306 ],
            "Y": [ 247, 248, 249, 250, 251, 252 ]
          }
        },
        "$auto$opt_expr.cc:276:group_cell_inputs$129": {
          "hide_name": 1,
          "type": "$or",
          "parameters": {
            "A_SIGNED": "00000000000000000000000000000000",
            "A_WIDTH": "00000000000000000000000000000101",
            "B_SIGNED": "00000000000000000000000000000000",
            "B_WIDTH": "00000000000000000000000000000101",
            "Y_WIDTH": "00000000000000000000000000000101"
          },
          "attributes": {
          },
          "port_directions": {
            "A": "input",
            "B": "input",
            "Y": "output"
          },
          "connections": {
            "A": [ 28, 29, 30, 31, 32 ],
            "B": [ 372, 373, 374, 375, 376 ],
            "Y": [ 377, 378, 379, 380, 381 ]
          }
        },
        "$auto$opt_expr.cc:276:group_cell_inputs$132": {
          "hide_name": 1,
          "type": "$xor",
          "parameters": {
            "A_SIGNED": "00000000000000000000000000000000",
            "A_WIDTH": "00000000000000000000000000000110",
            "B_SIGNED": "00000000000000000000000000000000",
            "B_WIDTH": "00000000000000000000000000000110",
            "Y_WIDTH": "00000000000000000000000000000110"
          },
          "attributes": {
          },
          "port_directions": {
            "A": "input",
            "B": "input",
            "Y": "output"
          },
          "connections": {
            "A": [ 377, 378, 379, 380, 381, 33 ],
            "B": [ 58, 59, 60, 61, 62, 63 ],
            "Y": [ 267, 268, 269, 270, 271, 272 ]
          }
        },
        "$auto$opt_expr.cc:276:group_cell_inputs$135": {
          "hide_name": 1,
          "type": "$not",
          "parameters": {
            "A_SIGNED": "00000000000000000000000000000000",
            "A_WIDTH": "00000000000000000000000000000110",
            "Y_WIDTH": "00000000000000000000000000000110"
          },
          "attributes": {
          },
          "port_directions": {
            "A": "input",
            "Y": "output"
          },
          "connections": {
            "A": [ 28, 29, 30, 31, 32, 33 ],
            "Y": [ 273, 274, 275, 276, 277, 278 ]
          }
        },
        "$auto$opt_expr.cc:276:group_cell_inputs$139": {
          "hide_name": 1,
          "type": "$xor",
          "parameters": {
            "A_SIGNED": "00000000000000000000000000000000",
            "A_WIDTH": "00000000000000000000000000000110",
            "B_SIGNED": "00000000000000000000000000000000",
            "B_WIDTH": "00000000000000000000000000000110",
            "Y_WIDTH": "00000000000000000000000000000110"
          },
          "attributes": {
          },
          "port_directions": {
            "A": "input",
            "B": "input",
            "Y": "output"
          },
          "connections": {
            "A": [ 279, 280, 281, 282, 283, 284 ],
            "B": [ 28, 29, 30, 31, 32, 33 ],
            "Y": [ 382, 383, 384, 385, 386, 387 ]
          }
        },
        "$auto$opt_expr.cc:276:group_cell_inputs$142": {
          "hide_name": 1,
          "type": "$and",
          "parameters": {
            "A_SIGNED": "00000000000000000000000000000000",
            "A_WIDTH": "00000000000000000000000000000110",
            "B_SIGNED": "00000000000000000000000000000000",
            "B_WIDTH": "00000000000000000000000000000110",
            "Y_WIDTH": "00000000000000000000000000000110"
          },
          "attributes": {
          },
          "port_directions": {
            "A": "input",
            "B": "input",
            "Y": "output"
          },
          "connections": {
            "A": [ 388, 389, 390, 391, 392, 393 ],
            "B": [ 273, 274, 275, 276, 277, 278 ],
            "Y": [ 394, 395, 396, 24, 25, 26 ]
          }
        },
        "$auto$opt_expr.cc:276:group_cell_inputs$145": {
          "hide_name": 1,
          "type": "$xor",
          "parameters": {
            "A_SIGNED": "00000000000000000000000000000000",
            "A_WIDTH": "00000000000000000000000000000011",
            "B_SIGNED": "00000000000000000000000000000000",
            "B_WIDTH": "00000000000000000000000000000011",
            "Y_WIDTH": "00000000000000000000000000000011"
          },
          "attributes": {
          },
          "port_directions": {
            "A": "input",
            "B": "input",
            "Y": "output"
          },
          "connections": {
            "A": [ 397, 398, 399 ],
            "B": [ 147, 148, 149 ],
            "Y": [ 400, 401, 402 ]
          }
        },
        "$auto$opt_expr.cc:276:group_cell_inputs$149": {
          "hide_name": 1,
          "type": "$and",
          "parameters": {
            "A_SIGNED": "00000000000000000000000000000000",
            "A_WIDTH": "00000000000000000000000000000110",
            "B_SIGNED": "00000000000000000000000000000000",
            "B_WIDTH": "00000000000000000000000000000110",
            "Y_WIDTH": "00000000000000000000000000000110"
          },
          "attributes": {
          },
          "port_directions": {
            "A": "input",
            "B": "input",
            "Y": "output"
          },
          "connections": {
            "A": [ 403, 404, 405, 406, 407, 408 ],
            "B": [ 147, 148, 149, 150, 151, 152 ],
            "Y": [ 409, 410, 411, 412, 413, 414 ]
          }
        },
        "$auto$opt_expr.cc:276:group_cell_inputs$70": {
          "hide_name": 1,
          "type": "$or",
          "parameters": {
            "A_SIGNED": "00000000000000000000000000000000",
            "A_WIDTH": "00000000000000000000000000000011",
            "B_SIGNED": "00000000000000000000000000000000",
            "B_WIDTH": "00000000000000000000000000000011",
            "Y_WIDTH": "00000000000000000000000000000011"
          },
          "attributes": {
          },
          "port_directions": {
            "A": "input",
            "B": "input",
            "Y": "output"
          },
          "connections": {
            "A": [ 415, 416, 417 ],
            "B": [ 2, 3, 4 ],
            "Y": [ 28, 29, 30 ]
          }
        },
        "$auto$opt_expr.cc:276:group_cell_inputs$73": {
          "hide_name": 1,
          "type": "$xor",
          "parameters": {
            "A_SIGNED": "00000000000000000000000000000000",
            "A_WIDTH": "00000000000000000000000000000011",
            "B_SIGNED": "00000000000000000000000000000000",
            "B_WIDTH": "00000000000000000000000000000011",
            "Y_WIDTH": "00000000000000000000000000000011"
          },
          "attributes": {
          },
          "port_directions": {
            "A": "input",
            "B": "input",
            "Y": "output"
          },
          "connections": {
            "A": [ 48, 49, 50 ],
            "B": [ 28, 29, 30 ],
            "Y": [ 418, 419, 420 ]
          }
        },
        "$auto$opt_expr.cc:276:group_cell_inputs$80": {
          "hide_name": 1,
          "type": "$xor",
          "parameters": {
            "A_SIGNED": "00000000000000000000000000000000",
            "A_WIDTH": "00000000000000000000000000000011",
            "B_SIGNED": "00000000000000000000000000000000",
            "B_WIDTH": "00000000000000000000000000000011",
            "Y_WIDTH": "00000000000000000000000000000011"
          },
          "attributes": {
          },
          "port_directions": {
            "A": "input",
            "B": "input",
            "Y": "output"
          },
          "connections": {
            "A": [ 394, 395, 396 ],
            "B": [ 2, 3, 4 ],
            "Y": [ 21, 22, 23 ]
          }
        },
        "$auto$opt_expr.cc:276:group_cell_inputs$83": {
          "hide_name": 1,
          "type": "$and",
          "parameters": {
            "A_SIGNED": "00000000000000000000000000000000",
            "A_WIDTH": "00000000000000000000000000000110",
            "B_SIGNED": "00000000000000000000000000000000",
            "B_WIDTH": "00000000000000000000000000000110",
            "Y_WIDTH": "00000000000000000000000000000110"
          },
          "attributes": {
          },
          "port_directions": {
            "A": "input",
            "B": "input",
            "Y": "output"
          },
          "connections": {
            "A": [ 421, 422, 423, 424, 425, 426 ],
            "B": [ 28, 29, 30, 31, 32, 33 ],
            "Y": [ 403, 404, 405, 406, 407, 408 ]
          }
        },
        "$auto$opt_expr.cc:276:group_cell_inputs$87": {
          "hide_name": 1,
          "type": "$or",
          "parameters": {
            "A_SIGNED": "00000000000000000000000000000000",
            "A_WIDTH": "00000000000000000000000000000011",
            "B_SIGNED": "00000000000000000000000000000000",
            "B_WIDTH": "00000000000000000000000000000011",
            "Y_WIDTH": "00000000000000000000000000000011"
          },
          "attributes": {
          },
          "port_directions": {
            "A": "input",
            "B": "input",
            "Y": "output"
          },
          "connections": {
            "A": [ 147, 148, 149 ],
            "B": [ 2, 3, 4 ],
            "Y": [ 397, 398, 399 ]
          }
        },
        "$auto$opt_expr.cc:276:group_cell_inputs$90": {
          "hide_name": 1,
          "type": "$and",
          "parameters": {
            "A_SIGNED": "00000000000000000000000000000000",
            "A_WIDTH": "00000000000000000000000000000011",
            "B_SIGNED": "00000000000000000000000000000000",
            "B_WIDTH": "00000000000000000000000000000011",
            "Y_WIDTH": "00000000000000000000000000000011"
          },
          "attributes": {
          },
          "port_directions": {
            "A": "input",
            "B": "input",
            "Y": "output"
          },
          "connections": {
            "A": [ 400, 401, 402 ],
            "B": [ 2, 3, 4 ],
            "Y": [ 55, 56, 57 ]
          }
        },
        "$auto$opt_expr.cc:276:group_cell_inputs$94": {
          "hide_name": 1,
          "type": "$and",
          "parameters": {
            "A_SIGNED": "00000000000000000000000000000000",
            "A_WIDTH": "00000000000000000000000000000011",
            "B_SIGNED": "00000000000000000000000000000000",
            "B_WIDTH": "00000000000000000000000000000011",
            "Y_WIDTH": "00000000000000000000000000000011"
          },
          "attributes": {
          },
          "port_directions": {
            "A": "input",
            "B": "input",
            "Y": "output"
          },
          "connections": {
            "A": [ 427, 428, 429 ],
            "B": [ 2, 3, 4 ],
            "Y": [ 430, 431, 432 ]
          }
        },
        "$auto$opt_expr.cc:276:group_cell_inputs$98": {
          "hide_name": 1,
          "type": "$xor",
          "parameters": {
            "A_SIGNED": "00000000000000000000000000000000",
            "A_WIDTH": "00000000000000000000000000000110",
            "B_SIGNED": "00000000000000000000000000000000",
            "B_WIDTH": "00000000000000000000000000000110",
            "Y_WIDTH": "00000000000000000000000000000110"
          },
          "attributes": {
          },
          "port_directions": {
            "A": "input",
            "B": "input",
            "Y": "output"
          },
          "connections": {
            "A": [ 58, 59, 60, 61, 62, 63 ],
            "B": [ 28, 29, 30, 31, 32, 33 ],
            "Y": [ 311, 312, 313, 314, 315, 316 ]
          }
        },
        "$mul$designs/175/top.sv:14$1": {
          "hide_name": 1,
          "type": "$mul",
          "parameters": {
            "A_SIGNED": "00000000000000000000000000000000",
            "A_WIDTH": "00000000000000000000000000000011",
            "B_SIGNED": "00000000000000000000000000000000",
            "B_WIDTH": "00000000000000000000000000000011",
            "Y_WIDTH": "00000000000000000000000000000011"
          },
          "attributes": {
            "src": "designs/175/top.sv:14.35-14.58"
          },
          "port_directions": {
            "A": "input",
            "B": "input",
            "Y": "output"
          },
          "connections": {
            "A": [ 2, 3, 4 ],
            "B": [ 2, 3, 4 ],
            "Y": [ 15, 16, 17 ]
          }
        },
        "$mul$designs/175/top.sv:14$3": {
          "hide_name": 1,
          "type": "$mul",
          "parameters": {
            "A_SIGNED": "00000000000000000000000000000000",
            "A_WIDTH": "00000000000000000000000000000011",
            "B_SIGNED": "00000000000000000000000000000000",
            "B_WIDTH": "00000000000000000000000000000011",
            "Y_WIDTH": "00000000000000000000000000000110"
          },
          "attributes": {
            "src": "designs/175/top.sv:14.23-14.87"
          },
          "port_directions": {
            "A": "input",
            "B": "input",
            "Y": "output"
          },
          "connections": {
            "A": [ 18, 19, 20 ],
            "B": [ 2, 3, 4 ],
            "Y": [ 415, 416, 417, 31, 32, 33 ]
          }
        },
        "$mul$designs/175/top.sv:15$8": {
          "hide_name": 1,
          "type": "$mul",
          "parameters": {
            "A_SIGNED": "00000000000000000000000000000000",
            "A_WIDTH": "00000000000000000000000000000111",
            "B_SIGNED": "00000000000000000000000000000000",
            "B_WIDTH": "00000000000000000000000000000110",
            "Y_WIDTH": "00000000000000000000000000000111"
          },
          "attributes": {
            "src": "designs/175/top.sv:15.36-15.90"
          },
          "port_directions": {
            "A": "input",
            "B": "input",
            "Y": "output"
          },
          "connections": {
            "A": [ 418, 419, 420, 51, 52, 53, 54 ],
            "B": [ 28, 29, 30, 31, 32, 33 ],
            "Y": [ 388, 389, 390, 391, 392, 393, 27 ]
          }
        },
        "$mul$designs/175/top.sv:17$27": {
          "hide_name": 1,
          "type": "$mul",
          "parameters": {
            "A_SIGNED": "00000000000000000000000000000000",
            "A_WIDTH": "00000000000000000000000000011111",
            "B_SIGNED": "00000000000000000000000000000000",
            "B_WIDTH": "00000000000000000000000000000010",
            "Y_WIDTH": "00000000000000000000000000001010"
          },
          "attributes": {
            "src": "designs/175/top.sv:17.23-17.170"
          },
          "port_directions": {
            "A": "input",
            "B": "input",
            "Y": "output"
          },
          "connections": {
            "A": [ 430, 431, 432, "0", "0", "0", "0", "0", "0", "0", "0", "0", "0", "0", "0", "0", "0", "0", "0", "0", "0", "0", "0", "0", "0", "0", "0", "0", "0", "0", "0" ],
            "B": [ 28, 29 ],
            "Y": [ 137, 138, 139, 140, 141, 142, 143, 144, 145, 146 ]
          }
        },
        "$mul$designs/175/top.sv:18$31": {
          "hide_name": 1,
          "type": "$mul",
          "parameters": {
            "A_SIGNED": "00000000000000000000000000000000",
            "A_WIDTH": "00000000000000000000000000011111",
            "B_SIGNED": "00000000000000000000000000000000",
            "B_WIDTH": "00000000000000000000000000000011",
            "Y_WIDTH": "00000000000000000000000000000110"
          },
          "attributes": {
            "src": "designs/175/top.sv:18.26-18.77"
          },
          "port_directions": {
            "A": "input",
            "B": "input",
            "Y": "output"
          },
          "connections": {
            "A": [ 317, 318, 319, 320, 321, 322, 323, "0", "0", "0", "0", "0", "0", "0", "0", "0", "0", "0", "0", "0", "0", "0", "0", "0", "0", "0", "0", "0", "0", "0", "0" ],
            "B": [ 31, 32, 33 ],
            "Y": [ 433, 434, 435, 436, 437, 438 ]
          }
        },
        "$mul$designs/175/top.sv:19$40": {
          "hide_name": 1,
          "type": "$mul",
          "parameters": {
            "A_SIGNED": "00000000000000000000000000000001",
            "A_WIDTH": "00000000000000000000000000011111",
            "B_SIGNED": "00000000000000000000000000000001",
            "B_WIDTH": "00000000000000000000000000001000",
            "Y_WIDTH": "00000000000000000000000000000101"
          },
          "attributes": {
            "src": "designs/175/top.sv:19.22-19.95"
          },
          "port_directions": {
            "A": "input",
            "B": "input",
            "Y": "output"
          },
          "connections": {
            "A": [ 324, 325, 326, 327, 328, 329, 330, 331, 332, 333, 214, 215, 216, 217, 218, 219, 220, 221, 222, 223, 224, 225, 226, 227, 228, 229, 230, 231, 232, 233, 234 ],
            "B": [ 58, 59, 60, 61, 62, 63, 64, 65 ],
            "Y": [ 372, 373, 374, 375, 376 ]
          }
        },
        "$mul$designs/175/top.sv:20$44": {
          "hide_name": 1,
          "type": "$mul",
          "parameters": {
            "A_SIGNED": "00000000000000000000000000000000",
            "A_WIDTH": "00000000000000000000000000011111",
            "B_SIGNED": "00000000000000000000000000000000",
            "B_WIDTH": "00000000000000000000000000000110",
            "Y_WIDTH": "00000000000000000000000000000010"
          },
          "attributes": {
            "src": "designs/175/top.sv:20.33-20.93"
          },
          "port_directions": {
            "A": "input",
            "B": "input",
            "Y": "output"
          },
          "connections": {
            "A": [ 439, 440, 441, 442, 443, 444, 445, 446, 447, 448, 449, 450, 451, 452, 453, 454, 455, 456, 457, 458, 459, 460, 461, 462, 463, 464, 465, 466, 467, 468, 469 ],
            "B": [ 301, 302, 303, 304, 305, 306 ],
            "Y": [ 307, 308 ]
          }
        },
        "$or$designs/175/top.sv:16$15": {
          "hide_name": 1,
          "type": "$or",
          "parameters": {
            "A_SIGNED": "00000000000000000000000000000000",
            "A_WIDTH": "00000000000000000000000000000111",
            "B_SIGNED": "00000000000000000000000000000000",
            "B_WIDTH": "00000000000000000000000000000111",
            "Y_WIDTH": "00000000000000000000000000000111"
          },
          "attributes": {
            "src": "designs/175/top.sv:16.41-16.83"
          },
          "port_directions": {
            "A": "input",
            "B": "input",
            "Y": "output"
          },
          "connections": {
            "A": [ 470, 471, 472, 473, 474, 475, 476 ],
            "B": [ 147, 148, 149, 150, 151, 152, 153 ],
            "Y": [ 421, 422, 423, 424, 425, 426, 477 ]
          }
        },
        "$or$designs/175/top.sv:18$32": {
          "hide_name": 1,
          "type": "$or",
          "parameters": {
            "A_SIGNED": "00000000000000000000000000000000",
            "A_WIDTH": "00000000000000000000000000000110",
            "B_SIGNED": "00000000000000000000000000000000",
            "B_WIDTH": "00000000000000000000000000000110",
            "Y_WIDTH": "00000000000000000000000000000110"
          },
          "attributes": {
            "src": "designs/175/top.sv:18.25-18.87"
          },
          "port_directions": {
            "A": "input",
            "B": "input",
            "Y": "output"
          },
          "connections": {
            "A": [ 433, 434, 435, 436, 437, 438 ],
            "B": [ 28, 29, 30, 31, 32, 33 ],
            "Y": [ 478, 479, 480, 481, 482, 483 ]
          }
        },
        "$or$designs/175/top.sv:20$46": {
          "hide_name": 1,
          "type": "$or",
          "parameters": {
            "A_SIGNED": "00000000000000000000000000000000",
            "A_WIDTH": "00000000000000000000000000000010",
            "B_SIGNED": "00000000000000000000000000000000",
            "B_WIDTH": "00000000000000000000000000000010",
            "Y_WIDTH": "00000000000000000000000000000010"
          },
          "attributes": {
            "src": "designs/175/top.sv:20.23-20.114"
          },
          "port_directions": {
            "A": "input",
            "B": "input",
            "Y": "output"
          },
          "connections": {
            "A": [ 309, 310 ],
            "B": [ 372, 373 ],
            "Y": [ 484, 485 ]
          }
        },
        "$reduce_bool$designs/175/top.sv:22$63": {
          "hide_name": 1,
          "type": "$reduce_bool",
          "parameters": {
            "A_SIGNED": "00000000000000000000000000000000",
            "A_WIDTH": "00000000000000000000000000000111",
            "Y_WIDTH": "00000000000000000000000000000001"
          },
          "attributes": {
            "src": "designs/175/top.sv:22.26-22.252"
          },
          "port_directions": {
            "A": "input",
            "Y": "output"
          },
          "connections": {
            "A": [ 147, 148, 149, 150, 151, 152, 153 ],
            "Y": [ 486 ]
          }
        },
        "$shl$designs/175/top.sv:15$5": {
          "hide_name": 1,
          "type": "$shl",
          "parameters": {
            "A_SIGNED": "00000000000000000000000000000000",
            "A_WIDTH": "00000000000000000000000000000110",
            "B_SIGNED": "00000000000000000000000000000000",
            "B_WIDTH": "00000000000000000000000000000110",
            "Y_WIDTH": "00000000000000000000000000000111"
          },
          "attributes": {
            "src": "designs/175/top.sv:15.39-15.55"
          },
          "port_directions": {
            "A": "input",
            "B": "input",
            "Y": "output"
          },
          "connections": {
            "A": [ 28, 29, 30, 31, 32, 33 ],
            "B": [ 28, 29, 30, 31, 32, 33 ],
            "Y": [ 41, 42, 43, 44, 45, 46, 47 ]
          }
        },
        "$shr$designs/175/top.sv:20$43": {
          "hide_name": 1,
          "type": "$shr",
          "parameters": {
            "A_SIGNED": "00000000000000000000000000000000",
            "A_WIDTH": "00000000000000000000000000011111",
            "B_SIGNED": "00000000000000000000000000000000",
            "B_WIDTH": "00000000000000000000000000000110",
            "Y_WIDTH": "00000000000000000000000000011111"
          },
          "attributes": {
            "src": "designs/175/top.sv:20.34-20.83"
          },
          "port_directions": {
            "A": "input",
            "B": "input",
            "Y": "output"
          },
          "connections": {
            "A": [ 340, 341, 342, 343, 344, 345, 346, 347, 348, 349, 65, 65, 65, 65, 65, 65, 65, 65, 65, 65, 65, 65, 65, 65, 65, 65, 65, 65, 65, 65, 65 ],
            "B": [ 28, 29, 30, 31, 32, 33 ],
            "Y": [ 439, 440, 441, 442, 443, 444, 445, 446, 447, 448, 449, 450, 451, 452, 453, 454, 455, 456, 457, 458, 459, 460, 461, 462, 463, 464, 465, 466, 467, 468, 469 ]
          }
        },
        "$sub$designs/175/top.sv:15$13": {
          "hide_name": 1,
          "type": "$sub",
          "parameters": {
            "A_SIGNED": "00000000000000000000000000000000",
            "A_WIDTH": "00000000000000000000000000000111",
            "B_SIGNED": "00000000000000000000000000000000",
            "B_WIDTH": "00000000000000000000000000000110",
            "Y_WIDTH": "00000000000000000000000000000111"
          },
          "attributes": {
            "src": "designs/175/top.sv:15.32-15.137"
          },
          "port_directions": {
            "A": "input",
            "B": "input",
            "Y": "output"
          },
          "connections": {
            "A": [ 34, 35, 36, 37, 38, 39, 40 ],
            "B": [ 28, 29, 30, 31, 32, 33 ],
            "Y": [ 147, 148, 149, 150, 151, 152, 153 ]
          }
        },
        "$sub$designs/175/top.sv:16$14": {
          "hide_name": 1,
          "type": "$sub",
          "parameters": {
            "A_SIGNED": "00000000000000000000000000000000",
            "A_WIDTH": "00000000000000000000000000000110",
            "B_SIGNED": "00000000000000000000000000000000",
            "B_WIDTH": "00000000000000000000000000000011",
            "Y_WIDTH": "00000000000000000000000000000111"
          },
          "attributes": {
            "src": "designs/175/top.sv:16.52-16.72"
          },
          "port_directions": {
            "A": "input",
            "B": "input",
            "Y": "output"
          },
          "connections": {
            "A": [ 28, 29, 30, 31, 32, 33 ],
            "B": [ 28, 29, 30 ],
            "Y": [ 470, 471, 472, 473, 474, 475, 476 ]
          }
        },
        "$sub$designs/175/top.sv:16$18": {
          "hide_name": 1,
          "type": "$sub",
          "parameters": {
            "A_SIGNED": "00000000000000000000000000000000",
            "A_WIDTH": "00000000000000000000000000000111",
            "B_SIGNED": "00000000000000000000000000000000",
            "B_WIDTH": "00000000000000000000000000000011",
            "Y_WIDTH": "00000000000000000000000000001000"
          },
          "attributes": {
            "src": "designs/175/top.sv:16.22-16.119"
          },
          "port_directions": {
            "A": "input",
            "B": "input",
            "Y": "output"
          },
          "connections": {
            "A": [ 409, 410, 411, 412, 413, 414, "0" ],
            "B": [ 2, 3, 4 ],
            "Y": [ 58, 59, 60, 61, 62, 63, 64, 65 ]
          }
        },
        "$sub$designs/175/top.sv:17$23": {
          "hide_name": 1,
          "type": "$sub",
          "parameters": {
            "A_SIGNED": "00000000000000000000000000000000",
            "A_WIDTH": "00000000000000000000000000011111",
            "B_SIGNED": "00000000000000000000000000000000",
            "B_WIDTH": "00000000000000000000000000000111",
            "Y_WIDTH": "00000000000000000000000000011111"
          },
          "attributes": {
            "src": "designs/175/top.sv:17.47-17.114"
          },
          "port_directions": {
            "A": "input",
            "B": "input",
            "Y": "output"
          },
          "connections": {
            "A": [ 66, 67, 68, 69, 70, 71, 72, 73, 74, 74, 74, 74, 74, 74, 74, 74, 74, 74, 74, 74, 74, 74, 74, 74, 74, 74, 74, 74, 74, 74, 74 ],
            "B": [ 147, 148, 149, 150, 151, 152, 153 ],
            "Y": [ 75, 76, 77, 78, 79, 80, 81, 82, 83, 84, 85, 86, 87, 88, 89, 90, 91, 92, 93, 94, 95, 96, 97, 98, 99, 100, 101, 102, 103, 104, 105 ]
          }
        },
        "$sub$designs/175/top.sv:17$25": {
          "hide_name": 1,
          "type": "$sub",
          "parameters": {
            "A_SIGNED": "00000000000000000000000000000000",
            "A_WIDTH": "00000000000000000000000000011111",
            "B_SIGNED": "00000000000000000000000000000000",
            "B_WIDTH": "00000000000000000000000000000110",
            "Y_WIDTH": "00000000000000000000000000011111"
          },
          "attributes": {
            "src": "designs/175/top.sv:17.35-17.140"
          },
          "port_directions": {
            "A": "input",
            "B": "input",
            "Y": "output"
          },
          "connections": {
            "A": [ 106, 107, 108, 109, 110, 111, 112, 113, 114, 115, 116, 117, 118, 119, 120, 121, 122, 123, 124, 125, 126, 127, 128, 129, 130, 131, 132, 133, 134, 135, 136 ],
            "B": [ 28, 29, 30, 31, 32, 33 ],
            "Y": [ 427, 428, 429, 487, 488, 489, 490, 491, 492, 493, 494, 495, 496, 497, 498, 499, 500, 501, 502, 503, 504, 505, 506, 507, 508, 509, 510, 511, 512, 513, 514 ]
          }
        },
        "$sub$designs/175/top.sv:18$33": {
          "hide_name": 1,
          "type": "$sub",
          "parameters": {
            "A_SIGNED": "00000000000000000000000000000000",
            "A_WIDTH": "00000000000000000000000000000110",
            "B_SIGNED": "00000000000000000000000000000000",
            "B_WIDTH": "00000000000000000000000000000011",
            "Y_WIDTH": "00000000000000000000000000000110"
          },
          "attributes": {
            "src": "designs/175/top.sv:18.24-18.101"
          },
          "port_directions": {
            "A": "input",
            "B": "input",
            "Y": "output"
          },
          "connections": {
            "A": [ 478, 479, 480, 481, 482, 483 ],
            "B": [ 2, 3, 4 ],
            "Y": [ 289, 290, 291, 292, 293, 294 ]
          }
        },
        "$sub$designs/175/top.sv:19$36": {
          "hide_name": 1,
          "type": "$sub",
          "parameters": {
            "A_SIGNED": "00000000000000000000000000000001",
            "A_WIDTH": "00000000000000000000000000000111",
            "B_SIGNED": "00000000000000000000000000000001",
            "B_WIDTH": "00000000000000000000000000001000",
            "Y_WIDTH": "00000000000000000000000000001001"
          },
          "attributes": {
            "src": "designs/175/top.sv:19.26-19.55"
          },
          "port_directions": {
            "A": "input",
            "B": "input",
            "Y": "output"
          },
          "connections": {
            "A": [ 28, 29, 30, 31, 32, 33, "0" ],
            "B": [ 58, 59, 60, 61, 62, 63, 64, 65 ],
            "Y": [ 164, 165, 166, 167, 168, 169, 170, 171, 172 ]
          }
        },
        "$sub$designs/175/top.sv:20$47": {
          "hide_name": 1,
          "type": "$sub",
          "parameters": {
            "A_SIGNED": "00000000000000000000000000000000",
            "A_WIDTH": "00000000000000000000000000000010",
            "B_SIGNED": "00000000000000000000000000000000",
            "B_WIDTH": "00000000000000000000000000000010",
            "Y_WIDTH": "00000000000000000000000000000010"
          },
          "attributes": {
            "src": "designs/175/top.sv:20.22-20.129"
          },
          "port_directions": {
            "A": "input",
            "B": "input",
            "Y": "output"
          },
          "connections": {
            "A": [ 484, 485 ],
            "B": [ 372, 373 ],
            "Y": [ 235, 236 ]
          }
        },
        "$sub$designs/175/top.sv:22$49": {
          "hide_name": 1,
          "type": "$sub",
          "parameters": {
            "A_SIGNED": "00000000000000000000000000000000",
            "A_WIDTH": "00000000000000000000000000001010",
            "B_SIGNED": "00000000000000000000000000000000",
            "B_WIDTH": "00000000000000000000000000000110",
            "Y_WIDTH": "00000000000000000000000000001010"
          },
          "attributes": {
            "src": "designs/175/top.sv:22.62-22.88"
          },
          "port_directions": {
            "A": "input",
            "B": "input",
            "Y": "output"
          },
          "connections": {
            "A": [ 237, 238, 239, 240, 241, 242, 243, 244, 245, 246 ],
            "B": [ 28, 29, 30, 31, 32, 33 ],
            "Y": [ 350, 351, 352, 353, 354, 355, 253, 254, 255, 256 ]
          }
        },
        "$ternary$designs/175/top.sv:22$64": {
          "hide_name": 1,
          "type": "$mux",
          "parameters": {
            "WIDTH": "00000000000000000000000000001010"
          },
          "attributes": {
            "src": "designs/175/top.sv:22.26-22.252"
          },
          "port_directions": {
            "A": "input",
            "B": "input",
            "S": "input",
            "Y": "output"
          },
          "connections": {
            "A": [ 515, 516, 517, 518, 519, 520, 521, 522, 523, 524 ],
            "B": [ 257, 258, 259, 260, 261, 262, 263, 264, 265, 266 ],
            "S": [ 486 ],
            "Y": [ 5, 6, 7, 8, 9, 10, 11, 12, 13, 14 ]
          }
        },
        "$xor$designs/175/top.sv:22$62": {
          "hide_name": 1,
          "type": "$xor",
          "parameters": {
            "A_SIGNED": "00000000000000000000000000000000",
            "A_WIDTH": "00000000000000000000000000001010",
            "B_SIGNED": "00000000000000000000000000000000",
            "B_WIDTH": "00000000000000000000000000001010",
            "Y_WIDTH": "00000000000000000000000000001010"
          },
          "attributes": {
            "src": "designs/175/top.sv:22.163-22.250"
          },
          "port_directions": {
            "A": "input",
            "B": "input",
            "Y": "output"
          },
          "connections": {
            "A": [ 382, 383, 384, 385, 386, 387, 285, 286, 287, 288 ],
            "B": [ 58, 59, 60, 61, 62, 63, 64, 65, 65, 65 ],
            "Y": [ 515, 516, 517, 518, 519, 520, 521, 522, 523, 524 ]
          }
        }
      },
      "netnames": {
        "$add$designs/175/top.sv:14$2_Y": {
          "hide_name": 1,
          "bits": [ 18, 19, 20 ],
          "attributes": {
            "src": "designs/175/top.sv:14.34-14.72"
          }
        },
        "$add$designs/175/top.sv:15$12_Y": {
          "hide_name": 1,
          "bits": [ 34, 35, 36, 37, 38, 39, 40 ],
          "attributes": {
            "src": "designs/175/top.sv:15.33-15.127"
          }
        },
        "$add$designs/175/top.sv:15$6_Y": {
          "hide_name": 1,
          "bits": [ 48, 49, 50, 51, 52, 53, 54 ],
          "attributes": {
            "src": "designs/175/top.sv:15.38-15.65"
          }
        },
        "$add$designs/175/top.sv:17$22_Y": {
          "hide_name": 1,
          "bits": [ 66, 67, 68, 69, 70, 71, 72, 73, 74, 74, 74, 74, 74, 74, 74, 74, 74, 74, 74, 74, 74, 74, 74, 74, 74, 74, 74, 74, 74, 74, 74 ],
          "attributes": {
            "src": "designs/175/top.sv:17.48-17.104"
          }
        },
        "$add$designs/175/top.sv:17$24_Y": {
          "hide_name": 1,
          "bits": [ 106, 107, 108, 109, 110, 111, 112, 113, 114, 115, 116, 117, 118, 119, 120, 121, 122, 123, 124, 125, 126, 127, 128, 129, 130, 131, 132, 133, 134, 135, 136 ],
          "attributes": {
            "src": "designs/175/top.sv:17.36-17.130"
          }
        },
        "$add$designs/175/top.sv:19$37_Y": {
          "hide_name": 1,
          "bits": [ 173, 174, 175, 176, 177, 178, 179, 180, 181, 182, 183, 184, 185, 186, 187, 188, 189, 190, 191, 192, 193, 194, 195, 196, 197, 198, 199, 200, 201, 202, 203 ],
          "attributes": {
            "src": "designs/175/top.sv:19.25-19.65"
          }
        },
        "$add$designs/175/top.sv:19$38_Y": {
          "hide_name": 1,
          "bits": [ 204, 205, 206, 207, 208, 209, 210, 211, 212, 213, 214, 215, 216, 217, 218, 219, 220, 221, 222, 223, 224, 225, 226, 227, 228, 229, 230, 231, 232, 233, 234 ],
          "attributes": {
            "src": "designs/175/top.sv:19.24-19.75"
          }
        },
        "$add$designs/175/top.sv:22$48_Y": {
          "hide_name": 1,
          "bits": [ 237, 238, 239, 240, 241, 242, 243, 244, 245, 246 ],
          "attributes": {
            "src": "designs/175/top.sv:22.63-22.78"
          }
        },
        "$add$designs/175/top.sv:22$55_Y": {
          "hide_name": 1,
          "bits": [ 257, 258, 259, 260, 261, 262, 263, 264, 265, 266, 525, "0", "0", "0", "0", "0", "0", "0", "0", "0", "0", "0", "0", "0", "0", "0", "0", "0", "0", "0", "0" ],
          "attributes": {
            "src": "designs/175/top.sv:22.36-22.150",
            "unused_bits": "10 "
          }
        },
        "$add$designs/175/top.sv:22$60_Y": {
          "hide_name": 1,
          "bits": [ 279, 280, 281, 282, 283, 284, 285, 286, 287, 288 ],
          "attributes": {
          }
        },
        "$and$designs/175/top.sv:15$10_Y": {
          "hide_name": 1,
          "bits": [ 394, 395, 396, 24, 25, 26, 27 ],
          "attributes": {
            "src": "designs/175/top.sv:15.35-15.103"
          }
        },
        "$and$designs/175/top.sv:16$16_Y": {
          "hide_name": 1,
          "bits": [ 403, 404, 405, 406, 407, 408, "0", "0", "0", "0", "0", "0", "0", "0", "0", "0", "0", "0", "0", "0", "0", "0", "0", "0", "0", "0" ],
          "attributes": {
            "src": "designs/175/top.sv:16.40-16.93"
          }
        },
        "$and$designs/175/top.sv:16$17_Y": {
          "hide_name": 1,
          "bits": [ 409, 410, 411, 412, 413, 414, "0", "0", "0", "0", "0", "0", "0", "0", "0", "0", "0", "0", "0", "0", "0", "0", "0", "0", "0", "0" ],
          "attributes": {
            "src": "designs/175/top.sv:16.31-16.104"
          }
        },
        "$and$designs/175/top.sv:17$21_Y": {
          "hide_name": 1,
          "bits": [ 55, 56, 57, "0", "0", "0", "0", "0", "0", "0", "0", "0", "0", "0", "0", "0", "0", "0", "0", "0", "0", "0", "0", "0", "0", "0", "0", "0", "0", "0", "0" ],
          "attributes": {
            "src": "designs/175/top.sv:17.49-17.94"
          }
        },
        "$and$designs/175/top.sv:17$26_Y": {
          "hide_name": 1,
          "bits": [ 430, 431, 432, "0", "0", "0", "0", "0", "0", "0", "0", "0", "0", "0", "0", "0", "0", "0", "0", "0", "0", "0", "0", "0", "0", "0", "0", "0", "0", "0", "0" ],
          "attributes": {
            "src": "designs/175/top.sv:17.24-17.155"
          }
        },
        "$and$designs/175/top.sv:18$30_Y": {
          "hide_name": 1,
          "bits": [ 317, 318, 319, 320, 321, 322, 323, "0", "0", "0", "0", "0", "0", "0", "0", "0", "0", "0", "0", "0", "0", "0", "0", "0", "0", "0", "0", "0", "0", "0", "0" ],
          "attributes": {
            "src": "designs/175/top.sv:18.35-18.61"
          }
        },
        "$and$designs/175/top.sv:18$34_Y": {
          "hide_name": 1,
          "bits": [ 295, 296, 297, 298, 299, 300, 526, 527, 528, 529, 530, 531, 532, 533, 534, 535, 536, 537, 538, 539, 540, 541, 542, 543, 544, 545, 546, 547, 548, 549, 550 ],
          "attributes": {
            "src": "designs/175/top.sv:18.23-18.111",
            "unused_bits": "6 7 8 9 10 11 12 13 14 15 16 17 18 19 20 21 22 23 24 25 26 27 28 29 30"
          }
        },
        "$and$designs/175/top.sv:20$45_Y": {
          "hide_name": 1,
          "bits": [ 309, 310, 551, 552, 553, 554, 555, 556, 557, 558, 559, 560, 561, 562, 563, 564, 565, 566, 567, 568, 569, 570, 571, 572, 573, 574, 575, 576, 577, 578, 579 ],
          "attributes": {
            "src": "designs/175/top.sv:20.24-20.104",
            "unused_bits": "2 3 4 5 6 7 8 9 10 11 12 13 14 15 16 17 18 19 20 21 22 23 24 25 26 27 28 29 30"
          }
        },
        "$auto$opt_expr.cc:205:group_cell_inputs$104": {
          "hide_name": 1,
          "bits": [ 324, 325, 326, 327, 328, 329, 330, 331, 332, 333 ],
          "attributes": {
          }
        },
        "$auto$opt_expr.cc:205:group_cell_inputs$107": {
          "hide_name": 1,
          "bits": [ 334, 335, 336, 337, 338, 339 ],
          "attributes": {
          }
        },
        "$auto$opt_expr.cc:205:group_cell_inputs$110": {
          "hide_name": 1,
          "bits": [ 340, 341, 342, 343, 344, 345, 346, 347, 348, 349 ],
          "attributes": {
          }
        },
        "$auto$opt_expr.cc:205:group_cell_inputs$113": {
          "hide_name": 1,
          "bits": [ 356, 357, 358, 359, 360, 361 ],
          "attributes": {
          }
        },
        "$auto$opt_expr.cc:205:group_cell_inputs$115": {
          "hide_name": 1,
          "bits": [ 253, 254, 255, 256 ],
          "attributes": {
          }
        },
        "$auto$opt_expr.cc:205:group_cell_inputs$116": {
          "hide_name": 1,
          "bits": [ 362, 363 ],
          "attributes": {
          }
        },
        "$auto$opt_expr.cc:205:group_cell_inputs$119": {
          "hide_name": 1,
          "bits": [ 364, 365, 366, 367, 368, 369 ],
          "attributes": {
          }
        },
        "$auto$opt_expr.cc:205:group_cell_inputs$122": {
          "hide_name": 1,
          "bits": [ 370, 371 ],
          "attributes": {
          }
        },
        "$auto$opt_expr.cc:205:group_cell_inputs$125": {
          "hide_name": 1,
          "bits": [ 247, 248, 249, 250, 251, 252 ],
          "attributes": {
          }
        },
        "$auto$opt_expr.cc:205:group_cell_inputs$128": {
          "hide_name": 1,
          "bits": [ 377, 378, 379, 380, 381 ],
          "attributes": {
          }
        },
        "$auto$opt_expr.cc:205:group_cell_inputs$131": {
          "hide_name": 1,
          "bits": [ 267, 268, 269, 270, 271, 272 ],
          "attributes": {
          }
        },
        "$auto$opt_expr.cc:205:group_cell_inputs$134": {
          "hide_name": 1,
          "bits": [ 273, 274, 275, 276, 277, 278 ],
          "attributes": {
          }
        },
        "$auto$opt_expr.cc:205:group_cell_inputs$138": {
          "hide_name": 1,
          "bits": [ 382, 383, 384, 385, 386, 387 ],
          "attributes": {
          }
        },
        "$auto$opt_expr.cc:205:group_cell_inputs$144": {
          "hide_name": 1,
          "bits": [ 400, 401, 402 ],
          "attributes": {
          }
        },
        "$auto$opt_expr.cc:205:group_cell_inputs$72": {
          "hide_name": 1,
          "bits": [ 418, 419, 420 ],
          "attributes": {
          }
        },
        "$auto$opt_expr.cc:205:group_cell_inputs$79": {
          "hide_name": 1,
          "bits": [ 21, 22, 23 ],
          "attributes": {
          }
        },
        "$auto$opt_expr.cc:205:group_cell_inputs$86": {
          "hide_name": 1,
          "bits": [ 397, 398, 399 ],
          "attributes": {
          }
        },
        "$auto$opt_expr.cc:205:group_cell_inputs$97": {
          "hide_name": 1,
          "bits": [ 311, 312, 313, 314, 315, 316 ],
          "attributes": {
          }
        },
        "$auto$wreduce.cc:514:run$65": {
          "hide_name": 1,
          "bits": [ 515, 516, 517, 518, 519, 520, 521, 522, 523, 524, 580, 581, 582, 583, 584, 585, 586, 587, 588, 589, 590, 591, 592, 593, 594, 595, 596, 597, 598, 599, 600 ],
          "attributes": {
            "src": "designs/175/top.sv:22.163-22.250",
            "unused_bits": "10 11 12 13 14 15 16 17 18 19 20 21 22 23 24 25 26 27 28 29 30"
          }
        },
        "$auto$wreduce.cc:514:run$68": {
          "hide_name": 1,
          "bits": [ 307, 308, 601, 602, 603, 604, 605, 606, 607, 608, 609, 610, 611, 612, 613, 614, 615, 616, 617, 618, 619, 620, 621, 622, 623, 624, 625, 626, 627, 628, 629 ],
          "attributes": {
            "src": "designs/175/top.sv:20.33-20.93",
            "unused_bits": "2 3 4 5 6 7 8 9 10 11 12 13 14 15 16 17 18 19 20 21 22 23 24 25 26 27 28 29 30"
          }
        },
        "$mul$designs/175/top.sv:14$1_Y": {
          "hide_name": 1,
          "bits": [ 15, 16, 17 ],
          "attributes": {
            "src": "designs/175/top.sv:14.35-14.58"
          }
        },
        "$mul$designs/175/top.sv:14$3_Y": {
          "hide_name": 1,
          "bits": [ 415, 416, 417, 31, 32, 33, "0" ],
          "attributes": {
            "src": "designs/175/top.sv:14.23-14.87"
          }
        },
        "$mul$designs/175/top.sv:15$8_Y": {
          "hide_name": 1,
          "bits": [ 388, 389, 390, 391, 392, 393, 27 ],
          "attributes": {
            "src": "designs/175/top.sv:15.36-15.90"
          }
        },
        "$mul$designs/175/top.sv:17$27_Y": {
          "hide_name": 1,
          "bits": [ 137, 138, 139, 140, 141, 142, 143, 144, 145, 146, 630, 631, 632, 633, 634, 635, 636, 637, 638, 639, 640, 641, 642, 643, 644, 645, 646, 647, 648, 649, 650 ],
          "attributes": {
            "src": "designs/175/top.sv:17.23-17.170",
            "unused_bits": "10 11 12 13 14 15 16 17 18 19 20 21 22 23 24 25 26 27 28 29 30"
          }
        },
        "$mul$designs/175/top.sv:18$31_Y": {
          "hide_name": 1,
          "bits": [ 433, 434, 435, 436, 437, 438, 651, 652, 653, 654, 655, 656, 657, 658, 659, 660, 661, 662, 663, 664, 665, 666, 667, 668, 669, 670, 671, 672, 673, 674, 675 ],
          "attributes": {
            "src": "designs/175/top.sv:18.26-18.77",
            "unused_bits": "6 7 8 9 10 11 12 13 14 15 16 17 18 19 20 21 22 23 24 25 26 27 28 29 30"
          }
        },
        "$or$designs/175/top.sv:16$15_Y": {
          "hide_name": 1,
          "bits": [ 421, 422, 423, 424, 425, 426, 477, "0", "0", "0", "0", "0", "0", "0", "0", "0", "0", "0", "0", "0", "0", "0", "0", "0", "0", "0" ],
          "attributes": {
            "src": "designs/175/top.sv:16.41-16.83",
            "unused_bits": "6"
          }
        },
        "$or$designs/175/top.sv:18$32_Y": {
          "hide_name": 1,
          "bits": [ 478, 479, 480, 481, 482, 483, 676, 677, 678, 679, 680, 681, 682, 683, 684, 685, 686, 687, 688, 689, 690, 691, 692, 693, 694, 695, 696, 697, 698, 699, 700 ],
          "attributes": {
            "src": "designs/175/top.sv:18.25-18.87",
            "unused_bits": "6 7 8 9 10 11 12 13 14 15 16 17 18 19 20 21 22 23 24 25 26 27 28 29 30"
          }
        },
        "$or$designs/175/top.sv:20$46_Y": {
          "hide_name": 1,
          "bits": [ 484, 485, 701, 702, 703, 704, 705, 706, 707, 708, 709, 710, 711, 712, 713, 714, 715, 716, 717, 718, 719, 720, 721, 722, 723, 724, 725, 726, 727, 728, 729 ],
          "attributes": {
            "src": "designs/175/top.sv:20.23-20.114",
            "unused_bits": "2 3 4 5 6 7 8 9 10 11 12 13 14 15 16 17 18 19 20 21 22 23 24 25 26 27 28 29 30"
          }
        },
        "$reduce_bool$designs/175/top.sv:22$63_Y": {
          "hide_name": 1,
          "bits": [ 486 ],
          "attributes": {
            "src": "designs/175/top.sv:22.26-22.252"
          }
        },
        "$shl$designs/175/top.sv:15$5_Y": {
          "hide_name": 1,
          "bits": [ 41, 42, 43, 44, 45, 46, 47 ],
          "attributes": {
            "src": "designs/175/top.sv:15.39-15.55"
          }
        },
        "$shr$designs/175/top.sv:20$43_Y": {
          "hide_name": 1,
          "bits": [ 439, 440, 441, 442, 443, 444, 445, 446, 447, 448, 449, 450, 451, 452, 453, 454, 455, 456, 457, 458, 459, 460, 461, 462, 463, 464, 465, 466, 467, 468, 469 ],
          "attributes": {
            "src": "designs/175/top.sv:20.34-20.83"
          }
        },
        "$sub$designs/175/top.sv:16$14_Y": {
          "hide_name": 1,
          "bits": [ 470, 471, 472, 473, 474, 475, 476 ],
          "attributes": {
            "src": "designs/175/top.sv:16.52-16.72"
          }
        },
        "$sub$designs/175/top.sv:17$23_Y": {
          "hide_name": 1,
          "bits": [ 75, 76, 77, 78, 79, 80, 81, 82, 83, 84, 85, 86, 87, 88, 89, 90, 91, 92, 93, 94, 95, 96, 97, 98, 99, 100, 101, 102, 103, 104, 105 ],
          "attributes": {
            "src": "designs/175/top.sv:17.47-17.114"
          }
        },
        "$sub$designs/175/top.sv:17$25_Y": {
          "hide_name": 1,
          "bits": [ 427, 428, 429, 487, 488, 489, 490, 491, 492, 493, 494, 495, 496, 497, 498, 499, 500, 501, 502, 503, 504, 505, 506, 507, 508, 509, 510, 511, 512, 513, 514 ],
          "attributes": {
            "src": "designs/175/top.sv:17.35-17.140",
            "unused_bits": "3 4 5 6 7 8 9 10 11 12 13 14 15 16 17 18 19 20 21 22 23 24 25 26 27 28 29 30"
          }
        },
        "$sub$designs/175/top.sv:18$33_Y": {
          "hide_name": 1,
          "bits": [ 289, 290, 291, 292, 293, 294, 730, 731, 732, 733, 734, 735, 736, 737, 738, 739, 740, 741, 742, 743, 744, 745, 746, 747, 748, 749, 750, 751, 752, 753, 754 ],
          "attributes": {
            "src": "designs/175/top.sv:18.24-18.101",
            "unused_bits": "6 7 8 9 10 11 12 13 14 15 16 17 18 19 20 21 22 23 24 25 26 27 28 29 30"
          }
        },
        "$sub$designs/175/top.sv:19$36_Y": {
          "hide_name": 1,
          "bits": [ 164, 165, 166, 167, 168, 169, 170, 171, 172, 172, 172, 172, 172, 172, 172, 172, 172, 172, 172, 172, 172, 172, 172, 172, 172, 172, 172, 172, 172, 172, 172 ],
          "attributes": {
            "src": "designs/175/top.sv:19.26-19.55"
          }
        },
        "$sub$designs/175/top.sv:22$49_Y": {
          "hide_name": 1,
          "bits": [ 350, 351, 352, 353, 354, 355, 253, 254, 255, 256 ],
          "attributes": {
            "src": "designs/175/top.sv:22.62-22.88"
          }
        },
        "input_data": {
          "hide_name": 0,
          "bits": [ 2, 3, 4 ],
          "attributes": {
            "src": "designs/175/top.sv:2.17-2.27"
          }
        },
        "output_data": {
          "hide_name": 0,
          "bits": [ 5, 6, 7, 8, 9, 10, 11, 12, 13, 14 ],
          "attributes": {
            "src": "designs/175/top.sv:3.18-3.29"
          }
        },
        "temp_0": {
          "hide_name": 0,
          "bits": [ 28, 29, 30, 31, 32, 33, "0" ],
          "attributes": {
            "src": "designs/175/top.sv:6.17-6.23"
          }
        },
        "temp_1": {
          "hide_name": 0,
          "bits": [ 147, 148, 149, 150, 151, 152, 153, "0", "0", "0", "0", "0", "0", "0", "0", "0", "0", "0", "0", "0", "0", "0", "0", "0", "0", "0" ],
          "attributes": {
            "src": "designs/175/top.sv:7.18-7.24"
          }
        },
        "temp_2": {
          "hide_name": 0,
          "bits": [ 58, 59, 60, 61, 62, 63, 64, 65, 65, 65, 65, 65, 65, 65, 65, 65, 65, 65, 65, 65, 65, 65, 65, 65, 65, 65, 65, 65, 65, 65, 65 ],
          "attributes": {
            "src": "designs/175/top.sv:8.18-8.24"
          }
        },
        "temp_3": {
          "hide_name": 0,
          "bits": [ 154, 155, 156, 157, 158, 159, 160, 161, 162, 163 ],
          "attributes": {
            "src": "designs/175/top.sv:9.17-9.23"
          }
        },
        "temp_4": {
          "hide_name": 0,
          "bits": [ 301, 302, 303, 304, 305, 306 ],
          "attributes": {
            "src": "designs/175/top.sv:10.17-10.23"
          }
        },
        "temp_5": {
          "hide_name": 0,
          "bits": [ 372, 373, 374, 375, 376 ],
          "attributes": {
            "src": "designs/175/top.sv:11.17-11.23"
          }
        },
        "temp_6": {
          "hide_name": 0,
          "bits": [ 235, 236 ],
          "attributes": {
            "src": "designs/175/top.sv:12.17-12.23"
          }
        }
      }
    }
  }
}
