{
  "creator": "Yosys 0.60 (git sha1 5bafeb77dc71e054fa331ab9efa613e6fb0a1c49, clang++ 17.0.0 -fPIC -O3)",
  "modules": {
    "top": {
      "attributes": {
        "top": "00000000000000000000000000000001",
        "src": "designs/225/top.sv:1.1-52.10"
      },
      "ports": {
        "input_data": {
          "direction": "input",
          "bits": [ 2, 3, 4 ]
        },
        "output_data": {
          "direction": "output",
          "bits": [ 5, 6, 7, 8, 9, 10 ]
        }
      },
      "cells": {
        "$add$designs/225/top.sv:27$10": {
          "hide_name": 1,
          "type": "$add",
          "parameters": {
            "A_SIGNED": "00000000000000000000000000000000",
            "A_WIDTH": "00000000000000000000000000011000",
            "B_SIGNED": "00000000000000000000000000000000",
            "B_WIDTH": "00000000000000000000000000010111",
            "Y_WIDTH": "00000000000000000000000000011000"
          },
          "attributes": {
            "src": "designs/225/top.sv:27.30-27.96"
          },
          "port_directions": {
            "A": "input",
            "B": "input",
            "Y": "output"
          },
          "connections": {
            "A": [ 11, 12, 13, 14, 15, 16, 17, 18, 19, 20, 21, 22, 23, 24, 25, 26, 27, 28, 29, 30, 31, 32, 32, 32 ],
            "B": [ "1", "0", "1", "0", "0", "1", "1", "1", "1", "1", "0", "0", "0", "0", "1", "1", "1", "1", "0", "1", "0", "1", "1" ],
            "Y": [ 33, 34, 35, 36, 37, 38, 39, 40, 41, 42, 43, 44, 45, 46, 47, 48, 49, 50, 51, 52, 53, 54, 55, 56 ]
          }
        },
        "$add$designs/225/top.sv:27$12": {
          "hide_name": 1,
          "type": "$add",
          "parameters": {
            "A_SIGNED": "00000000000000000000000000000000",
            "A_WIDTH": "00000000000000000000000000011000",
            "B_SIGNED": "00000000000000000000000000000000",
            "B_WIDTH": "00000000000000000000000000000110",
            "Y_WIDTH": "00000000000000000000000000011000"
          },
          "attributes": {
            "src": "designs/225/top.sv:27.28-27.121"
          },
          "port_directions": {
            "A": "input",
            "B": "input",
            "Y": "output"
          },
          "connections": {
            "A": [ 57, 58, 59, 60, 37, 61, 39, 62, 41, 63, 64, 65, 66, 67, 47, 68, 69, 70, 71, 72, 73, 74, 75, 56 ],
            "B": [ 76, 77, 78, 79, 80, 81 ],
            "Y": [ 82, 83, 84, 85, 86, 87, 88, 89, 90, 91, 92, 93, 94, 95, 96, 97, 98, 99, 100, 101, 102, 103, 104, 105 ]
          }
        },
        "$add$designs/225/top.sv:30$17": {
          "hide_name": 1,
          "type": "$add",
          "parameters": {
            "A_SIGNED": "00000000000000000000000000000000",
            "A_WIDTH": "00000000000000000000000000000110",
            "B_SIGNED": "00000000000000000000000000000000",
            "B_WIDTH": "00000000000000000000000000000011",
            "Y_WIDTH": "00000000000000000000000000000110"
          },
          "attributes": {
            "src": "designs/225/top.sv:30.43-30.101"
          },
          "port_directions": {
            "A": "input",
            "B": "input",
            "Y": "output"
          },
          "connections": {
            "A": [ 106, 107, 108, 109, 110, 111 ],
            "B": [ 2, 3, 4 ],
            "Y": [ 112, 113, 114, 115, 116, 117 ]
          }
        },
        "$add$designs/225/top.sv:33$30": {
          "hide_name": 1,
          "type": "$add",
          "parameters": {
            "A_SIGNED": "00000000000000000000000000000000",
            "A_WIDTH": "00000000000000000000000000001110",
            "B_SIGNED": "00000000000000000000000000000000",
            "B_WIDTH": "00000000000000000000000000001110",
            "Y_WIDTH": "00000000000000000000000000001110"
          },
          "attributes": {
            "src": "designs/225/top.sv:33.39-33.80"
          },
          "port_directions": {
            "A": "input",
            "B": "input",
            "Y": "output"
          },
          "connections": {
            "A": [ 118, 119, 120, 121, 122, 123, 124, 125, 126, 127, 128, 129, 130, 131 ],
            "B": [ 132, 133, 134, 135, 136, 137, 138, 139, 140, 141, 142, 143, 144, 145 ],
            "Y": [ 146, 147, 148, 149, 150, 151, 152, 153, 154, 155, 156, 157, 158, 159 ]
          }
        },
        "$add$designs/225/top.sv:33$33": {
          "hide_name": 1,
          "type": "$add",
          "parameters": {
            "A_SIGNED": "00000000000000000000000000000000",
            "A_WIDTH": "00000000000000000000000000001110",
            "B_SIGNED": "00000000000000000000000000000000",
            "B_WIDTH": "00000000000000000000000000001110",
            "Y_WIDTH": "00000000000000000000000000001110"
          },
          "attributes": {
            "src": "designs/225/top.sv:33.36-33.118"
          },
          "port_directions": {
            "A": "input",
            "B": "input",
            "Y": "output"
          },
          "connections": {
            "A": [ 160, 161, 162, 163, 164, 165, 166, 167, 168, 169, 170, 171, 172, 173 ],
            "B": [ 174, 175, 176, 177, 178, 179, 180, 181, 182, 183, 184, 185, 186, 187 ],
            "Y": [ 188, 189, 190, 191, 192, 193, 194, 195, 196, 197, 198, 199, 200, 201 ]
          }
        },
        "$add$designs/225/top.sv:34$39": {
          "hide_name": 1,
          "type": "$add",
          "parameters": {
            "A_SIGNED": "00000000000000000000000000000000",
            "A_WIDTH": "00000000000000000000000000001110",
            "B_SIGNED": "00000000000000000000000000000000",
            "B_WIDTH": "00000000000000000000000000001110",
            "Y_WIDTH": "00000000000000000000000000001110"
          },
          "attributes": {
            "src": "designs/225/top.sv:34.61-34.131"
          },
          "port_directions": {
            "A": "input",
            "B": "input",
            "Y": "output"
          },
          "connections": {
            "A": [ 202, 203, 204, 205, 206, 207, 208, 209, 210, 211, 212, 213, 214, 215 ],
            "B": [ 132, 133, 134, 135, 136, 137, 138, 139, 140, 141, 142, 143, 144, 145 ],
            "Y": [ 216, 217, 218, 219, 220, 221, 222, 223, 224, 225, 226, 227, 228, 229 ]
          }
        },
        "$add$designs/225/top.sv:37$45": {
          "hide_name": 1,
          "type": "$add",
          "parameters": {
            "A_SIGNED": "00000000000000000000000000000000",
            "A_WIDTH": "00000000000000000000000000011010",
            "B_SIGNED": "00000000000000000000000000000000",
            "B_WIDTH": "00000000000000000000000000010001",
            "Y_WIDTH": "00000000000000000000000000011010"
          },
          "attributes": {
            "src": "designs/225/top.sv:37.31-37.61"
          },
          "port_directions": {
            "A": "input",
            "B": "input",
            "Y": "output"
          },
          "connections": {
            "A": [ 230, 231, 232, 233, 234, 235, 236, 237, 238, 239, 240, 241, 242, 243, 244, 245, 246, 247, 248, 249, 250, 250, 250, 250, 250, 250 ],
            "B": [ 132, 133, 134, 135, 136, 137, 138, 139, 140, 141, 142, 143, 144, 145, 251, 252, 253 ],
            "Y": [ 254, 255, 256, 257, 258, 259, 260, 261, 262, 263, 264, 265, 266, 267, 268, 269, 270, 271, 272, 273, 274, 275, 276, 277, 278, 279 ]
          }
        },
        "$add$designs/225/top.sv:37$48": {
          "hide_name": 1,
          "type": "$add",
          "parameters": {
            "A_SIGNED": "00000000000000000000000000000000",
            "A_WIDTH": "00000000000000000000000000001011",
            "B_SIGNED": "00000000000000000000000000000000",
            "B_WIDTH": "00000000000000000000000000001011",
            "Y_WIDTH": "00000000000000000000000000001011"
          },
          "attributes": {
            "src": "designs/225/top.sv:37.28-37.91"
          },
          "port_directions": {
            "A": "input",
            "B": "input",
            "Y": "output"
          },
          "connections": {
            "A": [ 280, 281, 282, 283, 284, 285, 286, 287, 288, 289, 290 ],
            "B": [ 291, 292, 293, 85, 86, 87, 88, 89, 90, 91, 92 ],
            "Y": [ 294, 295, 296, 297, 298, 299, 300, 301, 302, 303, 304 ]
          }
        },
        "$auto$opt_expr.cc:276:group_cell_inputs$101": {
          "hide_name": 1,
          "type": "$or",
          "parameters": {
            "A_SIGNED": "00000000000000000000000000000000",
            "A_WIDTH": "00000000000000000000000000000011",
            "B_SIGNED": "00000000000000000000000000000000",
            "B_WIDTH": "00000000000000000000000000000011",
            "Y_WIDTH": "00000000000000000000000000000011"
          },
          "attributes": {
          },
          "port_directions": {
            "A": "input",
            "B": "input",
            "Y": "output"
          },
          "connections": {
            "A": [ 305, 306, 307 ],
            "B": [ 2, 3, 4 ],
            "Y": [ 308, 309, 310 ]
          }
        },
        "$auto$opt_expr.cc:276:group_cell_inputs$104": {
          "hide_name": 1,
          "type": "$and",
          "parameters": {
            "A_SIGNED": "00000000000000000000000000000000",
            "A_WIDTH": "00000000000000000000000000000011",
            "B_SIGNED": "00000000000000000000000000000000",
            "B_WIDTH": "00000000000000000000000000000011",
            "Y_WIDTH": "00000000000000000000000000000011"
          },
          "attributes": {
          },
          "port_directions": {
            "A": "input",
            "B": "input",
            "Y": "output"
          },
          "connections": {
            "A": [ 308, 309, 310 ],
            "B": [ 2, 3, 4 ],
            "Y": [ 311, 312, 313 ]
          }
        },
        "$auto$opt_expr.cc:276:group_cell_inputs$108": {
          "hide_name": 1,
          "type": "$and",
          "parameters": {
            "A_SIGNED": "00000000000000000000000000000000",
            "A_WIDTH": "00000000000000000000000000000011",
            "B_SIGNED": "00000000000000000000000000000000",
            "B_WIDTH": "00000000000000000000000000000011",
            "Y_WIDTH": "00000000000000000000000000000011"
          },
          "attributes": {
          },
          "port_directions": {
            "A": "input",
            "B": "input",
            "Y": "output"
          },
          "connections": {
            "A": [ 311, 312, 313 ],
            "B": [ 2, 3, 4 ],
            "Y": [ 314, 315, 316 ]
          }
        },
        "$auto$opt_expr.cc:276:group_cell_inputs$112": {
          "hide_name": 1,
          "type": "$or",
          "parameters": {
            "A_SIGNED": "00000000000000000000000000000000",
            "A_WIDTH": "00000000000000000000000000000011",
            "B_SIGNED": "00000000000000000000000000000000",
            "B_WIDTH": "00000000000000000000000000000011",
            "Y_WIDTH": "00000000000000000000000000000011"
          },
          "attributes": {
          },
          "port_directions": {
            "A": "input",
            "B": "input",
            "Y": "output"
          },
          "connections": {
            "A": [ 314, 315, 316 ],
            "B": [ 2, 3, 4 ],
            "Y": [ 317, 318, 319 ]
          }
        },
        "$auto$opt_expr.cc:276:group_cell_inputs$115": {
          "hide_name": 1,
          "type": "$and",
          "parameters": {
            "A_SIGNED": "00000000000000000000000000000000",
            "A_WIDTH": "00000000000000000000000000000011",
            "B_SIGNED": "00000000000000000000000000000000",
            "B_WIDTH": "00000000000000000000000000000011",
            "Y_WIDTH": "00000000000000000000000000000011"
          },
          "attributes": {
          },
          "port_directions": {
            "A": "input",
            "B": "input",
            "Y": "output"
          },
          "connections": {
            "A": [ 2, 3, 4 ],
            "B": [ 76, 77, 78 ],
            "Y": [ 320, 321, 322 ]
          }
        },
        "$auto$opt_expr.cc:276:group_cell_inputs$119": {
          "hide_name": 1,
          "type": "$or",
          "parameters": {
            "A_SIGNED": "00000000000000000000000000000000",
            "A_WIDTH": "00000000000000000000000000000011",
            "B_SIGNED": "00000000000000000000000000000000",
            "B_WIDTH": "00000000000000000000000000000011",
            "Y_WIDTH": "00000000000000000000000000000011"
          },
          "attributes": {
          },
          "port_directions": {
            "A": "input",
            "B": "input",
            "Y": "output"
          },
          "connections": {
            "A": [ 320, 321, 322 ],
            "B": [ 2, 3, 4 ],
            "Y": [ 323, 324, 325 ]
          }
        },
        "$auto$opt_expr.cc:276:group_cell_inputs$124": {
          "hide_name": 1,
          "type": "$or",
          "parameters": {
            "A_SIGNED": "00000000000000000000000000000000",
            "A_WIDTH": "00000000000000000000000000000011",
            "B_SIGNED": "00000000000000000000000000000000",
            "B_WIDTH": "00000000000000000000000000000011",
            "Y_WIDTH": "00000000000000000000000000000011"
          },
          "attributes": {
          },
          "port_directions": {
            "A": "input",
            "B": "input",
            "Y": "output"
          },
          "connections": {
            "A": [ 82, 83, 84 ],
            "B": [ 2, 3, 4 ],
            "Y": [ 291, 292, 293 ]
          }
        },
        "$auto$opt_expr.cc:276:group_cell_inputs$127": {
          "hide_name": 1,
          "type": "$or",
          "parameters": {
            "A_SIGNED": "00000000000000000000000000000000",
            "A_WIDTH": "00000000000000000000000000000011",
            "B_SIGNED": "00000000000000000000000000000000",
            "B_WIDTH": "00000000000000000000000000000011",
            "Y_WIDTH": "00000000000000000000000000000011"
          },
          "attributes": {
          },
          "port_directions": {
            "A": "input",
            "B": "input",
            "Y": "output"
          },
          "connections": {
            "A": [ 76, 77, 78 ],
            "B": [ 2, 3, 4 ],
            "Y": [ 326, 327, 328 ]
          }
        },
        "$auto$opt_expr.cc:276:group_cell_inputs$130": {
          "hide_name": 1,
          "type": "$or",
          "parameters": {
            "A_SIGNED": "00000000000000000000000000000000",
            "A_WIDTH": "00000000000000000000000000000011",
            "B_SIGNED": "00000000000000000000000000000000",
            "B_WIDTH": "00000000000000000000000000000011",
            "Y_WIDTH": "00000000000000000000000000000011"
          },
          "attributes": {
          },
          "port_directions": {
            "A": "input",
            "B": "input",
            "Y": "output"
          },
          "connections": {
            "A": [ 112, 113, 114 ],
            "B": [ 2, 3, 4 ],
            "Y": [ 329, 330, 331 ]
          }
        },
        "$auto$opt_expr.cc:276:group_cell_inputs$133": {
          "hide_name": 1,
          "type": "$xor",
          "parameters": {
            "A_SIGNED": "00000000000000000000000000000000",
            "A_WIDTH": "00000000000000000000000000000110",
            "B_SIGNED": "00000000000000000000000000000000",
            "B_WIDTH": "00000000000000000000000000000110",
            "Y_WIDTH": "00000000000000000000000000000110"
          },
          "attributes": {
          },
          "port_directions": {
            "A": "input",
            "B": "input",
            "Y": "output"
          },
          "connections": {
            "A": [ 332, 333, 334, 335, 335, 335 ],
            "B": [ 326, 327, 328, 79, 80, 81 ],
            "Y": [ 336, 337, 338, 339, 340, 341 ]
          }
        },
        "$auto$opt_expr.cc:276:group_cell_inputs$136": {
          "hide_name": 1,
          "type": "$and",
          "parameters": {
            "A_SIGNED": "00000000000000000000000000000000",
            "A_WIDTH": "00000000000000000000000000000011",
            "B_SIGNED": "00000000000000000000000000000000",
            "B_WIDTH": "00000000000000000000000000000011",
            "Y_WIDTH": "00000000000000000000000000000011"
          },
          "attributes": {
          },
          "port_directions": {
            "A": "input",
            "B": "input",
            "Y": "output"
          },
          "connections": {
            "A": [ 336, 337, 338 ],
            "B": [ 2, 3, 4 ],
            "Y": [ 342, 343, 344 ]
          }
        },
        "$auto$opt_expr.cc:276:group_cell_inputs$140": {
          "hide_name": 1,
          "type": "$xor",
          "parameters": {
            "A_SIGNED": "00000000000000000000000000000000",
            "A_WIDTH": "00000000000000000000000000000110",
            "B_SIGNED": "00000000000000000000000000000000",
            "B_WIDTH": "00000000000000000000000000000110",
            "Y_WIDTH": "00000000000000000000000000000110"
          },
          "attributes": {
          },
          "port_directions": {
            "A": "input",
            "B": "input",
            "Y": "output"
          },
          "connections": {
            "A": [ 345, 346, 347, 348, 349, 350 ],
            "B": [ 76, 77, 78, 79, 80, 81 ],
            "Y": [ 132, 133, 134, 135, 136, 137 ]
          }
        },
        "$auto$opt_expr.cc:276:group_cell_inputs$143": {
          "hide_name": 1,
          "type": "$and",
          "parameters": {
            "A_SIGNED": "00000000000000000000000000000000",
            "A_WIDTH": "00000000000000000000000000000011",
            "B_SIGNED": "00000000000000000000000000000000",
            "B_WIDTH": "00000000000000000000000000000011",
            "Y_WIDTH": "00000000000000000000000000000011"
          },
          "attributes": {
          },
          "port_directions": {
            "A": "input",
            "B": "input",
            "Y": "output"
          },
          "connections": {
            "A": [ 326, 327, 328 ],
            "B": [ 2, 3, 4 ],
            "Y": [ 351, 352, 353 ]
          }
        },
        "$auto$opt_expr.cc:276:group_cell_inputs$147": {
          "hide_name": 1,
          "type": "$and",
          "parameters": {
            "A_SIGNED": "00000000000000000000000000000000",
            "A_WIDTH": "00000000000000000000000000000011",
            "B_SIGNED": "00000000000000000000000000000000",
            "B_WIDTH": "00000000000000000000000000000011",
            "Y_WIDTH": "00000000000000000000000000000011"
          },
          "attributes": {
          },
          "port_directions": {
            "A": "input",
            "B": "input",
            "Y": "output"
          },
          "connections": {
            "A": [ 146, 147, 148 ],
            "B": [ 2, 3, 4 ],
            "Y": [ 354, 355, 356 ]
          }
        },
        "$auto$opt_expr.cc:276:group_cell_inputs$151": {
          "hide_name": 1,
          "type": "$xor",
          "parameters": {
            "A_SIGNED": "00000000000000000000000000000000",
            "A_WIDTH": "00000000000000000000000000000011",
            "B_SIGNED": "00000000000000000000000000000000",
            "B_WIDTH": "00000000000000000000000000000011",
            "Y_WIDTH": "00000000000000000000000000000011"
          },
          "attributes": {
          },
          "port_directions": {
            "A": "input",
            "B": "input",
            "Y": "output"
          },
          "connections": {
            "A": [ 174, 175, 176 ],
            "B": [ 2, 3, 4 ],
            "Y": [ 357, 358, 359 ]
          }
        },
        "$auto$opt_expr.cc:276:group_cell_inputs$154": {
          "hide_name": 1,
          "type": "$xor",
          "parameters": {
            "A_SIGNED": "00000000000000000000000000000000",
            "A_WIDTH": "00000000000000000000000000000011",
            "B_SIGNED": "00000000000000000000000000000000",
            "B_WIDTH": "00000000000000000000000000000011",
            "Y_WIDTH": "00000000000000000000000000000011"
          },
          "attributes": {
          },
          "port_directions": {
            "A": "input",
            "B": "input",
            "Y": "output"
          },
          "connections": {
            "A": [ 357, 358, 359 ],
            "B": [ 2, 3, 4 ],
            "Y": [ 360, 361, 362 ]
          }
        },
        "$auto$opt_expr.cc:276:group_cell_inputs$157": {
          "hide_name": 1,
          "type": "$xor",
          "parameters": {
            "A_SIGNED": "00000000000000000000000000000000",
            "A_WIDTH": "00000000000000000000000000000110",
            "B_SIGNED": "00000000000000000000000000000000",
            "B_WIDTH": "00000000000000000000000000000110",
            "Y_WIDTH": "00000000000000000000000000000110"
          },
          "attributes": {
          },
          "port_directions": {
            "A": "input",
            "B": "input",
            "Y": "output"
          },
          "connections": {
            "A": [ 360, 361, 362, 177, 178, 179 ],
            "B": [ 76, 77, 78, 79, 80, 81 ],
            "Y": [ 363, 364, 365, 366, 367, 368 ]
          }
        },
        "$auto$opt_expr.cc:276:group_cell_inputs$160": {
          "hide_name": 1,
          "type": "$and",
          "parameters": {
            "A_SIGNED": "00000000000000000000000000000000",
            "A_WIDTH": "00000000000000000000000000010100",
            "B_SIGNED": "00000000000000000000000000000000",
            "B_WIDTH": "00000000000000000000000000010100",
            "Y_WIDTH": "00000000000000000000000000010100"
          },
          "attributes": {
          },
          "port_directions": {
            "A": "input",
            "B": "input",
            "Y": "output"
          },
          "connections": {
            "A": [ 254, 255, 256, 257, 258, 259, 260, 261, 262, 263, 264, 265, 266, 267, 268, 269, 270, 271, 272, 273 ],
            "B": [ 174, 175, 176, 177, 178, 179, 180, 181, 182, 183, 184, 185, 186, 187, 369, 370, 371, 372, 373, 374 ],
            "Y": [ 375, 376, 377, 378, 379, 380, 381, 382, 383, 384, 385, 386, 387, 388, 389, 390, 391, 392, 393, 394 ]
          }
        },
        "$auto$opt_expr.cc:276:group_cell_inputs$164": {
          "hide_name": 1,
          "type": "$xor",
          "parameters": {
            "A_SIGNED": "00000000000000000000000000000000",
            "A_WIDTH": "00000000000000000000000000000110",
            "B_SIGNED": "00000000000000000000000000000000",
            "B_WIDTH": "00000000000000000000000000000110",
            "Y_WIDTH": "00000000000000000000000000000110"
          },
          "attributes": {
          },
          "port_directions": {
            "A": "input",
            "B": "input",
            "Y": "output"
          },
          "connections": {
            "A": [ 294, 295, 296, 297, 298, 299 ],
            "B": [ 76, 77, 78, 79, 80, 81 ],
            "Y": [ 395, 396, 397, 398, 399, 400 ]
          }
        },
        "$auto$opt_expr.cc:716:replace_const_cells$121": {
          "hide_name": 1,
          "type": "$not",
          "parameters": {
            "A_SIGNED": "00000000000000000000000000000000",
            "A_WIDTH": "00000000000000000000000000010011",
            "Y_WIDTH": "00000000000000000000000000010011"
          },
          "attributes": {
          },
          "port_directions": {
            "A": "input",
            "Y": "output"
          },
          "connections": {
            "A": [ 33, 34, 35, 36, 38, 40, 42, 43, 44, 45, 46, 48, 49, 50, 51, 52, 53, 54, 55 ],
            "Y": [ 57, 58, 59, 60, 61, 62, 63, 64, 65, 66, 67, 68, 69, 70, 71, 72, 73, 74, 75 ]
          }
        },
        "$mul$designs/225/top.sv:25$6": {
          "hide_name": 1,
          "type": "$mul",
          "parameters": {
            "A_SIGNED": "00000000000000000000000000000000",
            "A_WIDTH": "00000000000000000000000000000110",
            "B_SIGNED": "00000000000000000000000000000000",
            "B_WIDTH": "00000000000000000000000000000011",
            "Y_WIDTH": "00000000000000000000000000000110"
          },
          "attributes": {
            "src": "designs/225/top.sv:25.22-25.115"
          },
          "port_directions": {
            "A": "input",
            "B": "input",
            "Y": "output"
          },
          "connections": {
            "A": [ 317, 318, 319, "0", "0", "0" ],
            "B": [ 2, 3, 4 ],
            "Y": [ 76, 77, 78, 79, 80, 81 ]
          }
        },
        "$mul$designs/225/top.sv:33$29": {
          "hide_name": 1,
          "type": "$mul",
          "parameters": {
            "A_SIGNED": "00000000000000000000000000000000",
            "A_WIDTH": "00000000000000000000000000000110",
            "B_SIGNED": "00000000000000000000000000000000",
            "B_WIDTH": "00000000000000000000000000011000",
            "Y_WIDTH": "00000000000000000000000000001110"
          },
          "attributes": {
            "src": "designs/225/top.sv:33.40-33.70"
          },
          "port_directions": {
            "A": "input",
            "B": "input",
            "Y": "output"
          },
          "connections": {
            "A": [ 351, 352, 353, "0", "0", "0" ],
            "B": [ 291, 292, 293, 85, 86, 87, 88, 89, 90, 91, 92, 93, 94, 95, 96, 97, 98, 99, 100, 101, 102, 103, 104, 105 ],
            "Y": [ 118, 119, 120, 121, 122, 123, 124, 125, 126, 127, 128, 129, 130, 131 ]
          }
        },
        "$mul$designs/225/top.sv:37$47": {
          "hide_name": 1,
          "type": "$mul",
          "parameters": {
            "A_SIGNED": "00000000000000000000000000000000",
            "A_WIDTH": "00000000000000000000000000011010",
            "B_SIGNED": "00000000000000000000000000000000",
            "B_WIDTH": "00000000000000000000000000001110",
            "Y_WIDTH": "00000000000000000000000000001011"
          },
          "attributes": {
            "src": "designs/225/top.sv:37.29-37.81"
          },
          "port_directions": {
            "A": "input",
            "B": "input",
            "Y": "output"
          },
          "connections": {
            "A": [ 375, 376, 377, 378, 379, 380, 381, 382, 383, 384, 385, 386, 387, 388, 389, 390, 391, 392, 393, 394, "0", "0", "0", "0", "0", "0" ],
            "B": [ 401, 402, 403, 404, 405, 406, 407, 408, 409, 410, 411, 412, 413, 414 ],
            "Y": [ 280, 281, 282, 283, 284, 285, 286, 287, 288, 289, 290 ]
          }
        },
        "$not$designs/225/top.sv:30$19": {
          "hide_name": 1,
          "type": "$not",
          "parameters": {
            "A_SIGNED": "00000000000000000000000000000000",
            "A_WIDTH": "00000000000000000000000000010100",
            "Y_WIDTH": "00000000000000000000000000010100"
          },
          "attributes": {
            "src": "designs/225/top.sv:30.121-30.128"
          },
          "port_directions": {
            "A": "input",
            "Y": "output"
          },
          "connections": {
            "A": [ 291, 292, 293, 85, 86, 87, 88, 89, 90, 91, 92, 93, 94, 95, 96, 97, 98, 99, 100, 101 ],
            "Y": [ 415, 416, 417, 418, 419, 420, 421, 422, 423, 424, 425, 426, 427, 428, 429, 430, 431, 432, 433, 434 ]
          }
        },
        "$or$designs/225/top.sv:30$15": {
          "hide_name": 1,
          "type": "$or",
          "parameters": {
            "A_SIGNED": "00000000000000000000000000000000",
            "A_WIDTH": "00000000000000000000000000000011",
            "B_SIGNED": "00000000000000000000000000000000",
            "B_WIDTH": "00000000000000000000000000000011",
            "Y_WIDTH": "00000000000000000000000000000011"
          },
          "attributes": {
            "src": "designs/225/top.sv:30.53-30.76"
          },
          "port_directions": {
            "A": "input",
            "B": "input",
            "Y": "output"
          },
          "connections": {
            "A": [ 2, 3, 4 ],
            "B": [ 2, 3, 4 ],
            "Y": [ 435, 436, 437 ]
          }
        },
        "$or$designs/225/top.sv:50$94": {
          "hide_name": 1,
          "type": "$or",
          "parameters": {
            "A_SIGNED": "00000000000000000000000000000000",
            "A_WIDTH": "00000000000000000000000000000110",
            "B_SIGNED": "00000000000000000000000000000000",
            "B_WIDTH": "00000000000000000000000000000110",
            "Y_WIDTH": "00000000000000000000000000000110"
          },
          "attributes": {
            "src": "designs/225/top.sv:50.27-50.64"
          },
          "port_directions": {
            "A": "input",
            "B": "input",
            "Y": "output"
          },
          "connections": {
            "A": [ 438, 439, 440, 441, 442, 443 ],
            "B": [ 401, 402, 403, 404, 405, 406 ],
            "Y": [ 5, 6, 7, 8, 9, 10 ]
          }
        },
        "$shr$designs/225/top.sv:31$25": {
          "hide_name": 1,
          "type": "$shr",
          "parameters": {
            "A_SIGNED": "00000000000000000000000000000000",
            "A_WIDTH": "00000000000000000000000000010100",
            "B_SIGNED": "00000000000000000000000000000000",
            "B_WIDTH": "00000000000000000000000000000010",
            "Y_WIDTH": "00000000000000000000000000010001"
          },
          "attributes": {
            "src": "designs/225/top.sv:31.24-31.90"
          },
          "port_directions": {
            "A": "input",
            "B": "input",
            "Y": "output"
          },
          "connections": {
            "A": [ 342, 343, 344, "0", "0", "0", "0", "0", "0", "0", "0", "0", "0", "0", "0", "0", "0", "0", "0", "0" ],
            "B": [ 76, 77 ],
            "Y": [ 444, 445, 446, 447, 448, 449, 450, 451, 452, 453, 454, 455, 456, 457, 458, 459, 460 ]
          }
        },
        "$sub$designs/225/top.sv:25$1": {
          "hide_name": 1,
          "type": "$sub",
          "parameters": {
            "A_SIGNED": "00000000000000000000000000000000",
            "A_WIDTH": "00000000000000000000000000000011",
            "B_SIGNED": "00000000000000000000000000000000",
            "B_WIDTH": "00000000000000000000000000000101",
            "Y_WIDTH": "00000000000000000000000000000110"
          },
          "attributes": {
            "src": "designs/225/top.sv:25.27-25.45"
          },
          "port_directions": {
            "A": "input",
            "B": "input",
            "Y": "output"
          },
          "connections": {
            "A": [ 2, 3, 4 ],
            "B": [ "1", "0", "0", "0", "1" ],
            "Y": [ 305, 306, 307, 461, 462, 463 ]
          }
        },
        "$sub$designs/225/top.sv:27$9": {
          "hide_name": 1,
          "type": "$sub",
          "parameters": {
            "A_SIGNED": "00000000000000000000000000000000",
            "A_WIDTH": "00000000000000000000000000000110",
            "B_SIGNED": "00000000000000000000000000000000",
            "B_WIDTH": "00000000000000000000000000010101",
            "Y_WIDTH": "00000000000000000000000000010110"
          },
          "attributes": {
            "src": "designs/225/top.sv:27.31-27.81"
          },
          "port_directions": {
            "A": "input",
            "B": "input",
            "Y": "output"
          },
          "connections": {
            "A": [ 323, 324, 325, "0", "0", "0" ],
            "B": [ "1", "1", "1", "1", "1", "1", "0", "1", "0", "1", "0", "1", "0", "0", "0", "0", "1", "0", "0", "1", "1" ],
            "Y": [ 11, 12, 13, 14, 15, 16, 17, 18, 19, 20, 21, 22, 23, 24, 25, 26, 27, 28, 29, 30, 31, 32 ]
          }
        },
        "$sub$designs/225/top.sv:30$16": {
          "hide_name": 1,
          "type": "$sub",
          "parameters": {
            "A_SIGNED": "00000000000000000000000000000000",
            "A_WIDTH": "00000000000000000000000000000011",
            "B_SIGNED": "00000000000000000000000000000000",
            "B_WIDTH": "00000000000000000000000000000110",
            "Y_WIDTH": "00000000000000000000000000000110"
          },
          "attributes": {
            "src": "designs/225/top.sv:30.52-30.86"
          },
          "port_directions": {
            "A": "input",
            "B": "input",
            "Y": "output"
          },
          "connections": {
            "A": [ 435, 436, 437 ],
            "B": [ 76, 77, 78, 79, 80, 81 ],
            "Y": [ 106, 107, 108, 109, 110, 111 ]
          }
        },
        "$sub$designs/225/top.sv:30$20": {
          "hide_name": 1,
          "type": "$sub",
          "parameters": {
            "A_SIGNED": "00000000000000000000000000000000",
            "A_WIDTH": "00000000000000000000000000000110",
            "B_SIGNED": "00000000000000000000000000000000",
            "B_WIDTH": "00000000000000000000000000010100",
            "Y_WIDTH": "00000000000000000000000000010100"
          },
          "attributes": {
            "src": "designs/225/top.sv:30.33-30.129"
          },
          "port_directions": {
            "A": "input",
            "B": "input",
            "Y": "output"
          },
          "connections": {
            "A": [ 329, 330, 331, 115, 116, 117 ],
            "B": [ 415, 416, 417, 418, 419, 420, 421, 422, 423, 424, 425, 426, 427, 428, 429, 430, 431, 432, 433, 434 ],
            "Y": [ 464, 465, 466, 467, 468, 469, 470, 471, 472, 473, 474, 475, 476, 477, 478, 479, 480, 481, 482, 483 ]
          }
        },
        "$sub$designs/225/top.sv:30$21": {
          "hide_name": 1,
          "type": "$sub",
          "parameters": {
            "A_SIGNED": "00000000000000000000000000000000",
            "A_WIDTH": "00000000000000000000000000010100",
            "B_SIGNED": "00000000000000000000000000000000",
            "B_WIDTH": "00000000000000000000000000000110",
            "Y_WIDTH": "00000000000000000000000000010100"
          },
          "attributes": {
            "src": "designs/225/top.sv:30.32-30.139"
          },
          "port_directions": {
            "A": "input",
            "B": "input",
            "Y": "output"
          },
          "connections": {
            "A": [ 464, 465, 466, 467, 468, 469, 470, 471, 472, 473, 474, 475, 476, 477, 478, 479, 480, 481, 482, 483 ],
            "B": [ 76, 77, 78, 79, 80, 81 ],
            "Y": [ 174, 175, 176, 177, 178, 179, 180, 181, 182, 183, 184, 185, 186, 187, 369, 370, 371, 372, 373, 374 ]
          }
        },
        "$sub$designs/225/top.sv:31$22": {
          "hide_name": 1,
          "type": "$sub",
          "parameters": {
            "A_SIGNED": "00000000000000000000000000000000",
            "A_WIDTH": "00000000000000000000000000000011",
            "B_SIGNED": "00000000000000000000000000000000",
            "B_WIDTH": "00000000000000000000000000000011",
            "Y_WIDTH": "00000000000000000000000000000100"
          },
          "attributes": {
            "src": "designs/225/top.sv:31.27-31.50"
          },
          "port_directions": {
            "A": "input",
            "B": "input",
            "Y": "output"
          },
          "connections": {
            "A": [ 2, 3, 4 ],
            "B": [ 2, 3, 4 ],
            "Y": [ 332, 333, 334, 335 ]
          }
        },
        "$sub$designs/225/top.sv:31$26": {
          "hide_name": 1,
          "type": "$sub",
          "parameters": {
            "A_SIGNED": "00000000000000000000000000000000",
            "A_WIDTH": "00000000000000000000000000010001",
            "B_SIGNED": "00000000000000000000000000000000",
            "B_WIDTH": "00000000000000000000000000010001",
            "Y_WIDTH": "00000000000000000000000000010001"
          },
          "attributes": {
            "src": "designs/225/top.sv:31.23-31.100"
          },
          "port_directions": {
            "A": "input",
            "B": "input",
            "Y": "output"
          },
          "connections": {
            "A": [ 444, 445, 446, 447, 448, 449, 450, 451, 452, 453, 454, 455, 456, 457, 458, 459, 460 ],
            "B": [ 174, 175, 176, 177, 178, 179, 180, 181, 182, 183, 184, 185, 186, 187, 369, 370, 371 ],
            "Y": [ 345, 346, 347, 348, 349, 350, 138, 139, 140, 141, 142, 143, 144, 145, 251, 252, 253 ]
          }
        },
        "$sub$designs/225/top.sv:33$32": {
          "hide_name": 1,
          "type": "$sub",
          "parameters": {
            "A_SIGNED": "00000000000000000000000000000000",
            "A_WIDTH": "00000000000000000000000000001110",
            "B_SIGNED": "00000000000000000000000000000000",
            "B_WIDTH": "00000000000000000000000000000011",
            "Y_WIDTH": "00000000000000000000000000001110"
          },
          "attributes": {
            "src": "designs/225/top.sv:33.37-33.108"
          },
          "port_directions": {
            "A": "input",
            "B": "input",
            "Y": "output"
          },
          "connections": {
            "A": [ 354, 355, 356, "0", "0", "0", "0", "0", "0", "0", "0", "0", "0", "0" ],
            "B": [ 2, 3, 4 ],
            "Y": [ 160, 161, 162, 163, 164, 165, 166, 167, 168, 169, 170, 171, 172, 173 ]
          }
        },
        "$sub$designs/225/top.sv:33$34": {
          "hide_name": 1,
          "type": "$sub",
          "parameters": {
            "A_SIGNED": "00000000000000000000000000000000",
            "A_WIDTH": "00000000000000000000000000001110",
            "B_SIGNED": "00000000000000000000000000000000",
            "B_WIDTH": "00000000000000000000000000001110",
            "Y_WIDTH": "00000000000000000000000000001110"
          },
          "attributes": {
            "src": "designs/225/top.sv:33.35-33.128"
          },
          "port_directions": {
            "A": "input",
            "B": "input",
            "Y": "output"
          },
          "connections": {
            "A": [ 188, 189, 190, 191, 192, 193, 194, 195, 196, 197, 198, 199, 200, 201 ],
            "B": [ 291, 292, 293, 85, 86, 87, 88, 89, 90, 91, 92, 93, 94, 95 ],
            "Y": [ 484, 485, 486, 487, 488, 489, 490, 491, 492, 493, 494, 495, 496, 497 ]
          }
        },
        "$sub$designs/225/top.sv:34$38": {
          "hide_name": 1,
          "type": "$sub",
          "parameters": {
            "A_SIGNED": "00000000000000000000000000000000",
            "A_WIDTH": "00000000000000000000000000001110",
            "B_SIGNED": "00000000000000000000000000000000",
            "B_WIDTH": "00000000000000000000000000001110",
            "Y_WIDTH": "00000000000000000000000000001110"
          },
          "attributes": {
            "src": "designs/225/top.sv:34.62-34.121"
          },
          "port_directions": {
            "A": "input",
            "B": "input",
            "Y": "output"
          },
          "connections": {
            "A": [ 363, 364, 365, 366, 367, 368, 180, 181, 182, 183, 184, 185, 186, 187 ],
            "B": [ "1", "0", "0", "0", "0", "1", "1", "0", "1", "0", "0", "0", "1", "1" ],
            "Y": [ 202, 203, 204, 205, 206, 207, 208, 209, 210, 211, 212, 213, 214, 215 ]
          }
        },
        "$sub$designs/225/top.sv:34$40": {
          "hide_name": 1,
          "type": "$sub",
          "parameters": {
            "A_SIGNED": "00000000000000000000000000000000",
            "A_WIDTH": "00000000000000000000000000001110",
            "B_SIGNED": "00000000000000000000000000000000",
            "B_WIDTH": "00000000000000000000000000001110",
            "Y_WIDTH": "00000000000000000000000000001110"
          },
          "attributes": {
            "src": "designs/225/top.sv:34.60-34.141"
          },
          "port_directions": {
            "A": "input",
            "B": "input",
            "Y": "output"
          },
          "connections": {
            "A": [ 216, 217, 218, 219, 220, 221, 222, 223, 224, 225, 226, 227, 228, 229 ],
            "B": [ 132, 133, 134, 135, 136, 137, 138, 139, 140, 141, 142, 143, 144, 145 ],
            "Y": [ 498, 499, 500, 501, 502, 503, 504, 505, 506, 507, 508, 509, 510, 511 ]
          }
        },
        "$sub$designs/225/top.sv:37$44": {
          "hide_name": 1,
          "type": "$sub",
          "parameters": {
            "A_SIGNED": "00000000000000000000000000000000",
            "A_WIDTH": "00000000000000000000000000000011",
            "B_SIGNED": "00000000000000000000000000000000",
            "B_WIDTH": "00000000000000000000000000010100",
            "Y_WIDTH": "00000000000000000000000000010101"
          },
          "attributes": {
            "src": "designs/225/top.sv:37.32-37.51"
          },
          "port_directions": {
            "A": "input",
            "B": "input",
            "Y": "output"
          },
          "connections": {
            "A": [ 2, 3, 4 ],
            "B": [ 174, 175, 176, 177, 178, 179, 180, 181, 182, 183, 184, 185, 186, 187, 369, 370, 371, 372, 373, 374 ],
            "Y": [ 230, 231, 232, 233, 234, 235, 236, 237, 238, 239, 240, 241, 242, 243, 244, 245, 246, 247, 248, 249, 250 ]
          }
        },
        "$sub$designs/225/top.sv:50$93": {
          "hide_name": 1,
          "type": "$sub",
          "parameters": {
            "A_SIGNED": "00000000000000000000000000000000",
            "A_WIDTH": "00000000000000000000000000000110",
            "B_SIGNED": "00000000000000000000000000000000",
            "B_WIDTH": "00000000000000000000000000000110",
            "Y_WIDTH": "00000000000000000000000000000110"
          },
          "attributes": {
            "src": "designs/225/top.sv:50.28-50.54"
          },
          "port_directions": {
            "A": "input",
            "B": "input",
            "Y": "output"
          },
          "connections": {
            "A": [ 512, 513, 514, 515, 516, 517 ],
            "B": [ 132, 133, 134, 135, 136, 137 ],
            "Y": [ 438, 439, 440, 441, 442, 443 ]
          }
        },
        "$ternary$designs/225/top.sv:34$42": {
          "hide_name": 1,
          "type": "$mux",
          "parameters": {
            "WIDTH": "00000000000000000000000000001110"
          },
          "attributes": {
            "src": "designs/225/top.sv:34.21-34.142"
          },
          "port_directions": {
            "A": "input",
            "B": "input",
            "S": "input",
            "Y": "output"
          },
          "connections": {
            "A": [ 498, 499, 500, 501, 502, 503, 504, 505, 506, 507, 508, 509, 510, 511 ],
            "B": [ 484, 485, 486, 487, 488, 489, 490, 491, 492, 493, 494, 495, 496, 497 ],
            "S": [ 2 ],
            "Y": [ 401, 402, 403, 404, 405, 406, 407, 408, 409, 410, 411, 412, 413, 414 ]
          }
        },
        "$xor$designs/225/top.sv:50$92": {
          "hide_name": 1,
          "type": "$xor",
          "parameters": {
            "A_SIGNED": "00000000000000000000000000000000",
            "A_WIDTH": "00000000000000000000000000000110",
            "B_SIGNED": "00000000000000000000000000000000",
            "B_WIDTH": "00000000000000000000000000000110",
            "Y_WIDTH": "00000000000000000000000000000110"
          },
          "attributes": {
            "src": "designs/225/top.sv:50.29-50.44"
          },
          "port_directions": {
            "A": "input",
            "B": "input",
            "Y": "output"
          },
          "connections": {
            "A": [ 326, 327, 328, 79, 80, 81 ],
            "B": [ 395, 396, 397, 398, 399, 400 ],
            "Y": [ 512, 513, 514, 515, 516, 517 ]
          }
        }
      },
      "netnames": {
        "$add$designs/225/top.sv:27$10_Y": {
          "hide_name": 1,
          "bits": [ 33, 34, 35, 36, 37, 38, 39, 40, 41, 42, 43, 44, 45, 46, 47, 48, 49, 50, 51, 52, 53, 54, 55, 56, 518, 519, 520, 521, 522 ],
          "attributes": {
            "src": "designs/225/top.sv:27.30-27.96",
            "unused_bits": "24 25 26 27 28"
          }
        },
        "$add$designs/225/top.sv:27$12_Y": {
          "hide_name": 1,
          "bits": [ 82, 83, 84, 85, 86, 87, 88, 89, 90, 91, 92, 93, 94, 95, 96, 97, 98, 99, 100, 101, 102, 103, 104, 105, 523, 524, 525, 526, 527 ],
          "attributes": {
            "src": "designs/225/top.sv:27.28-27.121",
            "unused_bits": "24 25 26 27 28"
          }
        },
        "$add$designs/225/top.sv:30$17_Y": {
          "hide_name": 1,
          "bits": [ 112, 113, 114, 115, 116, 117 ],
          "attributes": {
            "src": "designs/225/top.sv:30.43-30.101"
          }
        },
        "$add$designs/225/top.sv:33$30_Y": {
          "hide_name": 1,
          "bits": [ 146, 147, 148, 149, 150, 151, 152, 153, 154, 155, 156, 157, 158, 159, 528, 529, 530, 531, 532, 533, 534, 535, 536, 537 ],
          "attributes": {
            "src": "designs/225/top.sv:33.39-33.80",
            "unused_bits": "3 4 5 6 7 8 9 10 11 12 13 14 15 16 17 18 19 20 21 22 23"
          }
        },
        "$add$designs/225/top.sv:33$33_Y": {
          "hide_name": 1,
          "bits": [ 188, 189, 190, 191, 192, 193, 194, 195, 196, 197, 198, 199, 200, 201, 538, 539, 540, 541, 542, 543, 544, 545, 546, 547 ],
          "attributes": {
            "src": "designs/225/top.sv:33.36-33.118",
            "unused_bits": "14 15 16 17 18 19 20 21 22 23"
          }
        },
        "$add$designs/225/top.sv:34$39_Y": {
          "hide_name": 1,
          "bits": [ 216, 217, 218, 219, 220, 221, 222, 223, 224, 225, 226, 227, 228, 229, 548, 549, 550, 551, 552, 553 ],
          "attributes": {
            "src": "designs/225/top.sv:34.61-34.131",
            "unused_bits": "14 15 16 17 18 19"
          }
        },
        "$add$designs/225/top.sv:37$45_Y": {
          "hide_name": 1,
          "bits": [ 254, 255, 256, 257, 258, 259, 260, 261, 262, 263, 264, 265, 266, 267, 268, 269, 270, 271, 272, 273, 274, 275, 276, 277, 278, 279 ],
          "attributes": {
            "src": "designs/225/top.sv:37.31-37.61",
            "unused_bits": "20 21 22 23 24 25"
          }
        },
        "$add$designs/225/top.sv:37$48_Y": {
          "hide_name": 1,
          "bits": [ 294, 295, 296, 297, 298, 299, 300, 301, 302, 303, 304, 554, 555, 556, 557, 558, 559, 560, 561, 562, 563, 564, 565, 566, 567, 568 ],
          "attributes": {
            "src": "designs/225/top.sv:37.28-37.91",
            "unused_bits": "6 7 8 9 10 11 12 13 14 15 16 17 18 19 20 21 22 23 24 25"
          }
        },
        "$and$designs/225/top.sv:25$3_Y": {
          "hide_name": 1,
          "bits": [ 311, 312, 313, "0", "0", "0" ],
          "attributes": {
            "src": "designs/225/top.sv:25.25-25.73"
          }
        },
        "$and$designs/225/top.sv:25$4_Y": {
          "hide_name": 1,
          "bits": [ 314, 315, 316, "0", "0", "0" ],
          "attributes": {
            "src": "designs/225/top.sv:25.24-25.87"
          }
        },
        "$and$designs/225/top.sv:27$7_Y": {
          "hide_name": 1,
          "bits": [ 320, 321, 322, "0", "0", "0", "0", "0", "0", "0", "0", "0", "0", "0", "0", "0", "0", "0", "0", "0", "0", "0", "0", "0", "0", "0", "0", "0", "0" ],
          "attributes": {
            "src": "designs/225/top.sv:27.33-27.52"
          }
        },
        "$and$designs/225/top.sv:31$24_Y": {
          "hide_name": 1,
          "bits": [ 342, 343, 344, "0", "0", "0", "0", "0", "0", "0", "0", "0", "0", "0", "0", "0", "0", "0", "0", "0" ],
          "attributes": {
            "src": "designs/225/top.sv:31.25-31.74"
          }
        },
        "$and$designs/225/top.sv:33$28_Y": {
          "hide_name": 1,
          "bits": [ 351, 352, 353, "0", "0", "0", "0", "0", "0", "0", "0", "0", "0", "0", "0", "0", "0", "0", "0", "0", "0", "0", "0", "0" ],
          "attributes": {
            "src": "designs/225/top.sv:33.41-33.60"
          }
        },
        "$and$designs/225/top.sv:33$31_Y": {
          "hide_name": 1,
          "bits": [ 354, 355, 356, "0", "0", "0", "0", "0", "0", "0", "0", "0", "0", "0", 569, 570, 571, 572, 573, 574, 575, 576, 577, 578 ],
          "attributes": {
            "src": "designs/225/top.sv:33.38-33.94",
            "unused_bits": "14 15 16 17 18 19 20 21 22 23"
          }
        },
        "$and$designs/225/top.sv:37$46_Y": {
          "hide_name": 1,
          "bits": [ 375, 376, 377, 378, 379, 380, 381, 382, 383, 384, 385, 386, 387, 388, 389, 390, 391, 392, 393, 394, "0", "0", "0", "0", "0", "0" ],
          "attributes": {
            "src": "designs/225/top.sv:37.30-37.71"
          }
        },
        "$auto$opt_expr.cc:205:group_cell_inputs$100": {
          "hide_name": 1,
          "bits": [ 308, 309, 310 ],
          "attributes": {
          }
        },
        "$auto$opt_expr.cc:205:group_cell_inputs$102": {
          "hide_name": 1,
          "bits": [ 461, 462, 463 ],
          "attributes": {
            "unused_bits": "0 1 2"
          }
        },
        "$auto$opt_expr.cc:205:group_cell_inputs$111": {
          "hide_name": 1,
          "bits": [ 317, 318, 319 ],
          "attributes": {
          }
        },
        "$auto$opt_expr.cc:205:group_cell_inputs$118": {
          "hide_name": 1,
          "bits": [ 323, 324, 325 ],
          "attributes": {
          }
        },
        "$auto$opt_expr.cc:205:group_cell_inputs$129": {
          "hide_name": 1,
          "bits": [ 329, 330, 331 ],
          "attributes": {
          }
        },
        "$auto$opt_expr.cc:205:group_cell_inputs$132": {
          "hide_name": 1,
          "bits": [ 336, 337, 338, 339, 340, 341 ],
          "attributes": {
            "unused_bits": "3 4 5"
          }
        },
        "$auto$opt_expr.cc:205:group_cell_inputs$134": {
          "hide_name": 1,
          "bits": [ 335 ],
          "attributes": {
          }
        },
        "$auto$opt_expr.cc:205:group_cell_inputs$150": {
          "hide_name": 1,
          "bits": [ 357, 358, 359 ],
          "attributes": {
          }
        },
        "$auto$opt_expr.cc:205:group_cell_inputs$153": {
          "hide_name": 1,
          "bits": [ 360, 361, 362 ],
          "attributes": {
          }
        },
        "$auto$opt_expr.cc:205:group_cell_inputs$156": {
          "hide_name": 1,
          "bits": [ 363, 364, 365, 366, 367, 368 ],
          "attributes": {
          }
        },
        "$auto$rtlil.cc:3334:Not$122": {
          "hide_name": 1,
          "bits": [ 57, 58, 59, 60, 61, 62, 63, 64, 65, 66, 67, 68, 69, 70, 71, 72, 73, 74, 75 ],
          "attributes": {
          }
        },
        "$auto$wreduce.cc:514:run$95": {
          "hide_name": 1,
          "bits": [ 438, 439, 440, 441, 442, 443, 579, 580, 581, 582, 583, 584, 585, 586, 587, 588, 589 ],
          "attributes": {
            "src": "designs/225/top.sv:50.28-50.54",
            "unused_bits": "6 7 8 9 10 11 12 13 14 15 16"
          }
        },
        "$mul$designs/225/top.sv:33$29_Y": {
          "hide_name": 1,
          "bits": [ 118, 119, 120, 121, 122, 123, 124, 125, 126, 127, 128, 129, 130, 131, 590, 591, 592, 593, 594, 595, 596, 597, 598, 599 ],
          "attributes": {
            "src": "designs/225/top.sv:33.40-33.70",
            "unused_bits": "14 15 16 17 18 19 20 21 22 23"
          }
        },
        "$mul$designs/225/top.sv:37$47_Y": {
          "hide_name": 1,
          "bits": [ 280, 281, 282, 283, 284, 285, 286, 287, 288, 289, 290, 600, 601, 602, 603, 604, 605, 606, 607, 608, 609, 610, 611, 612, 613, 614 ],
          "attributes": {
            "src": "designs/225/top.sv:37.29-37.81",
            "unused_bits": "11 12 13 14 15 16 17 18 19 20 21 22 23 24 25"
          }
        },
        "$not$designs/225/top.sv:30$19_Y": {
          "hide_name": 1,
          "bits": [ 415, 416, 417, 418, 419, 420, 421, 422, 423, 424, 425, 426, 427, 428, 429, 430, 431, 432, 433, 434, 615, 616, 617, 618 ],
          "attributes": {
            "src": "designs/225/top.sv:30.121-30.128",
            "unused_bits": "20 21 22 23"
          }
        },
        "$or$designs/225/top.sv:30$15_Y": {
          "hide_name": 1,
          "bits": [ 435, 436, 437, "0", "0", "0" ],
          "attributes": {
            "src": "designs/225/top.sv:30.53-30.76"
          }
        },
        "$shr$designs/225/top.sv:31$25_Y": {
          "hide_name": 1,
          "bits": [ 444, 445, 446, 447, 448, 449, 450, 451, 452, 453, 454, 455, 456, 457, 458, 459, 460, 619, 620, 621 ],
          "attributes": {
            "src": "designs/225/top.sv:31.24-31.90",
            "unused_bits": "17 18 19"
          }
        },
        "$sub$designs/225/top.sv:25$1_Y": {
          "hide_name": 1,
          "bits": [ 305, 306, 307, 461, 462, 463 ],
          "attributes": {
            "src": "designs/225/top.sv:25.27-25.45",
            "unused_bits": "3 4 5"
          }
        },
        "$sub$designs/225/top.sv:27$9_Y": {
          "hide_name": 1,
          "bits": [ 11, 12, 13, 14, 15, 16, 17, 18, 19, 20, 21, 22, 23, 24, 25, 26, 27, 28, 29, 30, 31, 32, 32, 32, 32, 32, 32, 32, 32 ],
          "attributes": {
            "src": "designs/225/top.sv:27.31-27.81"
          }
        },
        "$sub$designs/225/top.sv:30$16_Y": {
          "hide_name": 1,
          "bits": [ 106, 107, 108, 109, 110, 111 ],
          "attributes": {
            "src": "designs/225/top.sv:30.52-30.86"
          }
        },
        "$sub$designs/225/top.sv:30$20_Y": {
          "hide_name": 1,
          "bits": [ 464, 465, 466, 467, 468, 469, 470, 471, 472, 473, 474, 475, 476, 477, 478, 479, 480, 481, 482, 483, 622, 623, 624, 625 ],
          "attributes": {
            "src": "designs/225/top.sv:30.33-30.129",
            "unused_bits": "20 21 22 23"
          }
        },
        "$sub$designs/225/top.sv:31$22_Y": {
          "hide_name": 1,
          "bits": [ 332, 333, 334, 335, 335, 335, 335, 335, 335, 335, 335, 335, 335, 335, 335, 335, 335, 335, 335, 335 ],
          "attributes": {
            "src": "designs/225/top.sv:31.27-31.50"
          }
        },
        "$sub$designs/225/top.sv:31$26_Y": {
          "hide_name": 1,
          "bits": [ 345, 346, 347, 348, 349, 350, 138, 139, 140, 141, 142, 143, 144, 145, 251, 252, 253, 626, 627, 628 ],
          "attributes": {
            "src": "designs/225/top.sv:31.23-31.100",
            "unused_bits": "17 18 19"
          }
        },
        "$sub$designs/225/top.sv:33$32_Y": {
          "hide_name": 1,
          "bits": [ 160, 161, 162, 163, 164, 165, 166, 167, 168, 169, 170, 171, 172, 173, 629, 630, 631, 632, 633, 634, 635, 636, 637, 638 ],
          "attributes": {
            "src": "designs/225/top.sv:33.37-33.108",
            "unused_bits": "14 15 16 17 18 19 20 21 22 23"
          }
        },
        "$sub$designs/225/top.sv:34$38_Y": {
          "hide_name": 1,
          "bits": [ 202, 203, 204, 205, 206, 207, 208, 209, 210, 211, 212, 213, 214, 215, 639, 640, 641, 642, 643, 644 ],
          "attributes": {
            "src": "designs/225/top.sv:34.62-34.121",
            "unused_bits": "14 15 16 17 18 19"
          }
        },
        "$sub$designs/225/top.sv:34$40_Y": {
          "hide_name": 1,
          "bits": [ 498, 499, 500, 501, 502, 503, 504, 505, 506, 507, 508, 509, 510, 511, 645, 646, 647, 648, 649, 650 ],
          "attributes": {
            "src": "designs/225/top.sv:34.60-34.141",
            "unused_bits": "14 15 16 17 18 19"
          }
        },
        "$sub$designs/225/top.sv:37$44_Y": {
          "hide_name": 1,
          "bits": [ 230, 231, 232, 233, 234, 235, 236, 237, 238, 239, 240, 241, 242, 243, 244, 245, 246, 247, 248, 249, 250, 250, 250, 250, 250, 250 ],
          "attributes": {
            "src": "designs/225/top.sv:37.32-37.51"
          }
        },
        "$xor$designs/225/top.sv:50$92_Y": {
          "hide_name": 1,
          "bits": [ 512, 513, 514, 515, 516, 517, 651, 652, 653, 654, 655, "0", "0", "0", "0", "0", "0" ],
          "attributes": {
            "src": "designs/225/top.sv:50.29-50.44",
            "unused_bits": "6 7 8 9 10"
          }
        },
        "expr_624074": {
          "hide_name": 0,
          "bits": [ 484, 485, 486, 487, 488, 489, 490, 491, 492, 493, 494, 495, 496, 497, "x", "x", "x", "x", "x", "x", "x", "x", "x", "x", "x", "x", "x", "x", "x", "x" ],
          "attributes": {
            "src": "designs/225/top.sv:32.18-32.29"
          }
        },
        "expr_858381": {
          "hide_name": 0,
          "bits": [ 395, 396, 397, 398, 399, 400, 300, 301, 302, 303, 304, "x", "x", "x", "x", "x", "x", "x", "x", "x", "x", "x", "x", "x", "x", "x" ],
          "attributes": {
            "src": "designs/225/top.sv:36.18-36.29",
            "unused_bits": "6 7 8 9 10"
          }
        },
        "expr_984050": {
          "hide_name": 0,
          "bits": [ 291, 292, 293, 85, 86, 87, 88, 89, 90, 91, 92, 93, 94, 95, 96, 97, 98, 99, 100, 101, 102, 103, 104, 105, "x", "x", "x", "x", "x" ],
          "attributes": {
            "src": "designs/225/top.sv:26.18-26.29"
          }
        },
        "input_data": {
          "hide_name": 0,
          "bits": [ 2, 3, 4 ],
          "attributes": {
            "src": "designs/225/top.sv:2.17-2.27"
          }
        },
        "output_data": {
          "hide_name": 0,
          "bits": [ 5, 6, 7, 8, 9, 10 ],
          "attributes": {
            "src": "designs/225/top.sv:3.18-3.29"
          }
        },
        "temp_0": {
          "hide_name": 0,
          "bits": [ 76, 77, 78, 79, 80, 81 ],
          "attributes": {
            "src": "designs/225/top.sv:6.17-6.23"
          }
        },
        "temp_2": {
          "hide_name": 0,
          "bits": [ 326, 327, 328, 79, 80, 81, "0", "0", "0", "0", "0" ],
          "attributes": {
            "src": "designs/225/top.sv:8.18-8.24"
          }
        },
        "temp_3": {
          "hide_name": 0,
          "bits": [ 174, 175, 176, 177, 178, 179, 180, 181, 182, 183, 184, 185, 186, 187, 369, 370, 371, 372, 373, 374 ],
          "attributes": {
            "src": "designs/225/top.sv:9.18-9.24"
          }
        },
        "temp_4": {
          "hide_name": 0,
          "bits": [ 132, 133, 134, 135, 136, 137, 138, 139, 140, 141, 142, 143, 144, 145, 251, 252, 253 ],
          "attributes": {
            "src": "designs/225/top.sv:10.18-10.24"
          }
        },
        "temp_5": {
          "hide_name": 0,
          "bits": [ 401, 402, 403, 404, 405, 406, 407, 408, 409, 410, 411, 412, 413, 414 ],
          "attributes": {
            "src": "designs/225/top.sv:11.18-11.24"
          }
        }
      }
    }
  }
}
