{
  "creator": "Yosys 0.60 (git sha1 5bafeb77dc71e054fa331ab9efa613e6fb0a1c49, clang++ 17.0.0 -fPIC -O3)",
  "modules": {
    "top": {
      "attributes": {
        "top": "00000000000000000000000000000001",
        "src": "designs/96/top.sv:1.1-42.10"
      },
      "ports": {
        "input_data": {
          "direction": "input",
          "bits": [ 2, 3, 4 ]
        },
        "output_data": {
          "direction": "output",
          "bits": [ 5, 6, 7, 8, 9, 10, 11, 12, 13, 14, 15, 16, 17, 18, 19, 20, 21, 22, 23, 24 ]
        }
      },
      "cells": {
        "$add$designs/96/top.sv:22$5": {
          "hide_name": 1,
          "type": "$add",
          "parameters": {
            "A_SIGNED": "00000000000000000000000000000000",
            "A_WIDTH": "00000000000000000000000000000111",
            "B_SIGNED": "00000000000000000000000000000000",
            "B_WIDTH": "00000000000000000000000000000011",
            "Y_WIDTH": "00000000000000000000000000000111"
          },
          "attributes": {
            "src": "designs/96/top.sv:22.32-22.73"
          },
          "port_directions": {
            "A": "input",
            "B": "input",
            "Y": "output"
          },
          "connections": {
            "A": [ 25, 26, 27, 28, 29, 30, 31 ],
            "B": [ 32, 33, 34 ],
            "Y": [ 35, 36, 37, 38, 39, 40, 41 ]
          }
        },
        "$add$designs/96/top.sv:24$12": {
          "hide_name": 1,
          "type": "$add",
          "parameters": {
            "A_SIGNED": "00000000000000000000000000000000",
            "A_WIDTH": "00000000000000000000000000000111",
            "B_SIGNED": "00000000000000000000000000000000",
            "B_WIDTH": "00000000000000000000000000000111",
            "Y_WIDTH": "00000000000000000000000000001000"
          },
          "attributes": {
            "src": "designs/96/top.sv:24.22-24.83"
          },
          "port_directions": {
            "A": "input",
            "B": "input",
            "Y": "output"
          },
          "connections": {
            "A": [ 42, 43, 44, "0", "0", "0", "0" ],
            "B": [ 45, 46, 47, "0", "0", "0", "0" ],
            "Y": [ 48, 49, 50, 51, 52, 53, 54, 55 ]
          }
        },
        "$add$designs/96/top.sv:27$17": {
          "hide_name": 1,
          "type": "$add",
          "parameters": {
            "A_SIGNED": "00000000000000000000000000000000",
            "A_WIDTH": "00000000000000000000000000000010",
            "B_SIGNED": "00000000000000000000000000000000",
            "B_WIDTH": "00000000000000000000000000000010",
            "Y_WIDTH": "00000000000000000000000000000010"
          },
          "attributes": {
            "src": "designs/96/top.sv:27.22-27.73"
          },
          "port_directions": {
            "A": "input",
            "B": "input",
            "Y": "output"
          },
          "connections": {
            "A": [ 56, 57 ],
            "B": [ 58, 59 ],
            "Y": [ 60, 61 ]
          }
        },
        "$add$designs/96/top.sv:30$20": {
          "hide_name": 1,
          "type": "$add",
          "parameters": {
            "A_SIGNED": "00000000000000000000000000000000",
            "A_WIDTH": "00000000000000000000000000000111",
            "B_SIGNED": "00000000000000000000000000000000",
            "B_WIDTH": "00000000000000000000000000000101",
            "Y_WIDTH": "00000000000000000000000000001000"
          },
          "attributes": {
            "src": "designs/96/top.sv:30.37-30.63"
          },
          "port_directions": {
            "A": "input",
            "B": "input",
            "Y": "output"
          },
          "connections": {
            "A": [ 62, 63, 64, "0", "0", "0", "0" ],
            "B": [ 65, 66, 67, 68, 69 ],
            "Y": [ 70, 71, 72, 73, 74, 75, 76, 77 ]
          }
        },
        "$add$designs/96/top.sv:30$21": {
          "hide_name": 1,
          "type": "$add",
          "parameters": {
            "A_SIGNED": "00000000000000000000000000000000",
            "A_WIDTH": "00000000000000000000000000001000",
            "B_SIGNED": "00000000000000000000000000000000",
            "B_WIDTH": "00000000000000000000000000001000",
            "Y_WIDTH": "00000000000000000000000000001001"
          },
          "attributes": {
            "src": "designs/96/top.sv:30.28-30.74"
          },
          "port_directions": {
            "A": "input",
            "B": "input",
            "Y": "output"
          },
          "connections": {
            "A": [ 70, 71, 72, 73, 74, 75, 76, 77 ],
            "B": [ 48, 49, 50, 51, 52, 53, 54, 55 ],
            "Y": [ 78, 79, 80, 81, 82, 83, 84, 85, 86 ]
          }
        },
        "$auto$opt_expr.cc:276:group_cell_inputs$106": {
          "hide_name": 1,
          "type": "$xor",
          "parameters": {
            "A_SIGNED": "00000000000000000000000000000000",
            "A_WIDTH": "00000000000000000000000000000011",
            "B_SIGNED": "00000000000000000000000000000000",
            "B_WIDTH": "00000000000000000000000000000011",
            "Y_WIDTH": "00000000000000000000000000000011"
          },
          "attributes": {
          },
          "port_directions": {
            "A": "input",
            "B": "input",
            "Y": "output"
          },
          "connections": {
            "A": [ 87, 88, 89 ],
            "B": [ 48, 49, 50 ],
            "Y": [ 5, 6, 7 ]
          }
        },
        "$auto$opt_expr.cc:276:group_cell_inputs$109": {
          "hide_name": 1,
          "type": "$and",
          "parameters": {
            "A_SIGNED": "00000000000000000000000000000000",
            "A_WIDTH": "00000000000000000000000000000011",
            "B_SIGNED": "00000000000000000000000000000000",
            "B_WIDTH": "00000000000000000000000000000011",
            "Y_WIDTH": "00000000000000000000000000000011"
          },
          "attributes": {
          },
          "port_directions": {
            "A": "input",
            "B": "input",
            "Y": "output"
          },
          "connections": {
            "A": [ 90, 91, 92 ],
            "B": [ 45, 46, 47 ],
            "Y": [ 93, 94, 95 ]
          }
        },
        "$auto$opt_expr.cc:276:group_cell_inputs$116": {
          "hide_name": 1,
          "type": "$and",
          "parameters": {
            "A_SIGNED": "00000000000000000000000000000000",
            "A_WIDTH": "00000000000000000000000000000011",
            "B_SIGNED": "00000000000000000000000000000000",
            "B_WIDTH": "00000000000000000000000000000011",
            "Y_WIDTH": "00000000000000000000000000000011"
          },
          "attributes": {
          },
          "port_directions": {
            "A": "input",
            "B": "input",
            "Y": "output"
          },
          "connections": {
            "A": [ 58, 59, 96 ],
            "B": [ 97, 98, 99 ],
            "Y": [ 62, 63, 64 ]
          }
        },
        "$auto$opt_expr.cc:276:group_cell_inputs$120": {
          "hide_name": 1,
          "type": "$xor",
          "parameters": {
            "A_SIGNED": "00000000000000000000000000000000",
            "A_WIDTH": "00000000000000000000000000001000",
            "B_SIGNED": "00000000000000000000000000000000",
            "B_WIDTH": "00000000000000000000000000001000",
            "Y_WIDTH": "00000000000000000000000000001000"
          },
          "attributes": {
          },
          "port_directions": {
            "A": "input",
            "B": "input",
            "Y": "output"
          },
          "connections": {
            "A": [ 100, 101, 102, 51, 52, 53, 54, 55 ],
            "B": [ 103, 104, 105, 106, 107, 108, 109, 110 ],
            "Y": [ 111, 112, 113, 114, 115, 116, 117, 118 ]
          }
        },
        "$auto$opt_expr.cc:276:group_cell_inputs$123": {
          "hide_name": 1,
          "type": "$xor",
          "parameters": {
            "A_SIGNED": "00000000000000000000000000000000",
            "A_WIDTH": "00000000000000000000000000001000",
            "B_SIGNED": "00000000000000000000000000000000",
            "B_WIDTH": "00000000000000000000000000001000",
            "Y_WIDTH": "00000000000000000000000000001000"
          },
          "attributes": {
          },
          "port_directions": {
            "A": "input",
            "B": "input",
            "Y": "output"
          },
          "connections": {
            "A": [ 119, 120, 121, 122, 123, 124, 125, 126 ],
            "B": [ 100, 101, 102, 51, 52, 53, 54, 55 ],
            "Y": [ 127, 128, 129, 130, 131, 132, 133, 134 ]
          }
        },
        "$auto$opt_expr.cc:276:group_cell_inputs$129": {
          "hide_name": 1,
          "type": "$or",
          "parameters": {
            "A_SIGNED": "00000000000000000000000000000000",
            "A_WIDTH": "00000000000000000000000000000011",
            "B_SIGNED": "00000000000000000000000000000000",
            "B_WIDTH": "00000000000000000000000000000011",
            "Y_WIDTH": "00000000000000000000000000000011"
          },
          "attributes": {
          },
          "port_directions": {
            "A": "input",
            "B": "input",
            "Y": "output"
          },
          "connections": {
            "A": [ 93, 94, 95 ],
            "B": [ 48, 49, 50 ],
            "Y": [ 100, 101, 102 ]
          }
        },
        "$auto$opt_expr.cc:276:group_cell_inputs$50": {
          "hide_name": 1,
          "type": "$not",
          "parameters": {
            "A_SIGNED": "00000000000000000000000000000000",
            "A_WIDTH": "00000000000000000000000000000011",
            "Y_WIDTH": "00000000000000000000000000000011"
          },
          "attributes": {
          },
          "port_directions": {
            "A": "input",
            "Y": "output"
          },
          "connections": {
            "A": [ 32, 33, 34 ],
            "Y": [ 135, 136, 137 ]
          }
        },
        "$auto$opt_expr.cc:276:group_cell_inputs$54": {
          "hide_name": 1,
          "type": "$and",
          "parameters": {
            "A_SIGNED": "00000000000000000000000000000000",
            "A_WIDTH": "00000000000000000000000000000011",
            "B_SIGNED": "00000000000000000000000000000000",
            "B_WIDTH": "00000000000000000000000000000011",
            "Y_WIDTH": "00000000000000000000000000000011"
          },
          "attributes": {
          },
          "port_directions": {
            "A": "input",
            "B": "input",
            "Y": "output"
          },
          "connections": {
            "A": [ 35, 36, 37 ],
            "B": [ 32, 33, 34 ],
            "Y": [ 138, 139, 140 ]
          }
        },
        "$auto$opt_expr.cc:276:group_cell_inputs$58": {
          "hide_name": 1,
          "type": "$and",
          "parameters": {
            "A_SIGNED": "00000000000000000000000000000000",
            "A_WIDTH": "00000000000000000000000000000011",
            "B_SIGNED": "00000000000000000000000000000000",
            "B_WIDTH": "00000000000000000000000000000011",
            "Y_WIDTH": "00000000000000000000000000000011"
          },
          "attributes": {
          },
          "port_directions": {
            "A": "input",
            "B": "input",
            "Y": "output"
          },
          "connections": {
            "A": [ 138, 139, 140 ],
            "B": [ 2, 3, 4 ],
            "Y": [ 58, 59, 96 ]
          }
        },
        "$auto$opt_expr.cc:276:group_cell_inputs$62": {
          "hide_name": 1,
          "type": "$xor",
          "parameters": {
            "A_SIGNED": "00000000000000000000000000000000",
            "A_WIDTH": "00000000000000000000000000000011",
            "B_SIGNED": "00000000000000000000000000000000",
            "B_WIDTH": "00000000000000000000000000000011",
            "Y_WIDTH": "00000000000000000000000000000011"
          },
          "attributes": {
          },
          "port_directions": {
            "A": "input",
            "B": "input",
            "Y": "output"
          },
          "connections": {
            "A": [ 32, 33, 34 ],
            "B": [ 58, 59, 96 ],
            "Y": [ 45, 46, 47 ]
          }
        },
        "$auto$opt_expr.cc:276:group_cell_inputs$65": {
          "hide_name": 1,
          "type": "$or",
          "parameters": {
            "A_SIGNED": "00000000000000000000000000000000",
            "A_WIDTH": "00000000000000000000000000000011",
            "B_SIGNED": "00000000000000000000000000000000",
            "B_WIDTH": "00000000000000000000000000000011",
            "Y_WIDTH": "00000000000000000000000000000011"
          },
          "attributes": {
          },
          "port_directions": {
            "A": "input",
            "B": "input",
            "Y": "output"
          },
          "connections": {
            "A": [ 58, 59, 96 ],
            "B": [ 32, 33, 34 ],
            "Y": [ 141, 142, 143 ]
          }
        },
        "$auto$opt_expr.cc:276:group_cell_inputs$68": {
          "hide_name": 1,
          "type": "$or",
          "parameters": {
            "A_SIGNED": "00000000000000000000000000000000",
            "A_WIDTH": "00000000000000000000000000000011",
            "B_SIGNED": "00000000000000000000000000000000",
            "B_WIDTH": "00000000000000000000000000000011",
            "Y_WIDTH": "00000000000000000000000000000011"
          },
          "attributes": {
          },
          "port_directions": {
            "A": "input",
            "B": "input",
            "Y": "output"
          },
          "connections": {
            "A": [ 141, 142, 143 ],
            "B": [ 32, 33, 34 ],
            "Y": [ 144, 145, 146 ]
          }
        },
        "$auto$opt_expr.cc:276:group_cell_inputs$71": {
          "hide_name": 1,
          "type": "$xor",
          "parameters": {
            "A_SIGNED": "00000000000000000000000000000000",
            "A_WIDTH": "00000000000000000000000000000011",
            "B_SIGNED": "00000000000000000000000000000000",
            "B_WIDTH": "00000000000000000000000000000011",
            "Y_WIDTH": "00000000000000000000000000000011"
          },
          "attributes": {
          },
          "port_directions": {
            "A": "input",
            "B": "input",
            "Y": "output"
          },
          "connections": {
            "A": [ 144, 145, 146 ],
            "B": [ 2, 3, 4 ],
            "Y": [ 42, 43, 44 ]
          }
        },
        "$auto$opt_expr.cc:276:group_cell_inputs$87": {
          "hide_name": 1,
          "type": "$or",
          "parameters": {
            "A_SIGNED": "00000000000000000000000000000000",
            "A_WIDTH": "00000000000000000000000000000110",
            "B_SIGNED": "00000000000000000000000000000000",
            "B_WIDTH": "00000000000000000000000000000110",
            "Y_WIDTH": "00000000000000000000000000000110"
          },
          "attributes": {
          },
          "port_directions": {
            "A": "input",
            "B": "input",
            "Y": "output"
          },
          "connections": {
            "A": [ 147, 148, 149, 150, 151, 152 ],
            "B": [ 97, 98, 99, 153, 154, 155 ],
            "Y": [ 90, 91, 92, 156, 157, 158 ]
          }
        },
        "$mul$designs/96/top.sv:21$1": {
          "hide_name": 1,
          "type": "$mul",
          "parameters": {
            "A_SIGNED": "00000000000000000000000000000000",
            "A_WIDTH": "00000000000000000000000000000011",
            "B_SIGNED": "00000000000000000000000000000000",
            "B_WIDTH": "00000000000000000000000000000011",
            "Y_WIDTH": "00000000000000000000000000000011"
          },
          "attributes": {
            "src": "designs/96/top.sv:21.38-21.72"
          },
          "port_directions": {
            "A": "input",
            "B": "input",
            "Y": "output"
          },
          "connections": {
            "A": [ 2, 3, 4 ],
            "B": [ 2, 3, 4 ],
            "Y": [ 159, 160, 161 ]
          }
        },
        "$mul$designs/96/top.sv:21$2": {
          "hide_name": 1,
          "type": "$mul",
          "parameters": {
            "A_SIGNED": "00000000000000000000000000000000",
            "A_WIDTH": "00000000000000000000000000000011",
            "B_SIGNED": "00000000000000000000000000000000",
            "B_WIDTH": "00000000000000000000000000000011",
            "Y_WIDTH": "00000000000000000000000000000011"
          },
          "attributes": {
            "src": "designs/96/top.sv:21.37-21.86"
          },
          "port_directions": {
            "A": "input",
            "B": "input",
            "Y": "output"
          },
          "connections": {
            "A": [ 159, 160, 161 ],
            "B": [ 2, 3, 4 ],
            "Y": [ 32, 33, 34 ]
          }
        },
        "$mul$designs/96/top.sv:30$22": {
          "hide_name": 1,
          "type": "$mul",
          "parameters": {
            "A_SIGNED": "00000000000000000000000000000000",
            "A_WIDTH": "00000000000000000000000000001001",
            "B_SIGNED": "00000000000000000000000000000000",
            "B_WIDTH": "00000000000000000000000000000111",
            "Y_WIDTH": "00000000000000000000000000010000"
          },
          "attributes": {
            "src": "designs/96/top.sv:30.27-30.84"
          },
          "port_directions": {
            "A": "input",
            "B": "input",
            "Y": "output"
          },
          "connections": {
            "A": [ 78, 79, 80, 81, 82, 83, 84, 85, 86 ],
            "B": [ 45, 46, 47, "0", "0", "0", "0" ],
            "Y": [ 103, 104, 105, 106, 107, 108, 109, 110, 162, 163, 164, 165, 166, 167, 168, 169 ]
          }
        },
        "$mul$designs/96/top.sv:33$30": {
          "hide_name": 1,
          "type": "$mul",
          "parameters": {
            "A_SIGNED": "00000000000000000000000000000000",
            "A_WIDTH": "00000000000000000000000000001000",
            "B_SIGNED": "00000000000000000000000000000000",
            "B_WIDTH": "00000000000000000000000000000101",
            "Y_WIDTH": "00000000000000000000000000001101"
          },
          "attributes": {
            "src": "designs/96/top.sv:33.24-33.50"
          },
          "port_directions": {
            "A": "input",
            "B": "input",
            "Y": "output"
          },
          "connections": {
            "A": [ 48, 49, 50, 51, 52, 53, 54, 55 ],
            "B": [ 65, 66, 67, 68, 69 ],
            "Y": [ 170, 171, 172, 173, 174, 175, 176, 177, 178, 179, 180, 181, 182 ]
          }
        },
        "$mul$designs/96/top.sv:33$31": {
          "hide_name": 1,
          "type": "$mul",
          "parameters": {
            "A_SIGNED": "00000000000000000000000000000000",
            "A_WIDTH": "00000000000000000000000000001101",
            "B_SIGNED": "00000000000000000000000000000000",
            "B_WIDTH": "00000000000000000000000000000010",
            "Y_WIDTH": "00000000000000000000000000001111"
          },
          "attributes": {
            "src": "designs/96/top.sv:33.23-33.60"
          },
          "port_directions": {
            "A": "input",
            "B": "input",
            "Y": "output"
          },
          "connections": {
            "A": [ 170, 171, 172, 173, 174, 175, 176, 177, 178, 179, 180, 181, 182 ],
            "B": [ 60, 61 ],
            "Y": [ 147, 148, 149, 150, 151, 152, 183, 184, 185, 186, 187, 188, 189, 190, 191 ]
          }
        },
        "$mul$designs/96/top.sv:40$40": {
          "hide_name": 1,
          "type": "$mul",
          "parameters": {
            "A_SIGNED": "00000000000000000000000000000000",
            "A_WIDTH": "00000000000000000000000000000110",
            "B_SIGNED": "00000000000000000000000000000000",
            "B_WIDTH": "00000000000000000000000000010000",
            "Y_WIDTH": "00000000000000000000000000010110"
          },
          "attributes": {
            "src": "designs/96/top.sv:40.40-40.56"
          },
          "port_directions": {
            "A": "input",
            "B": "input",
            "Y": "output"
          },
          "connections": {
            "A": [ 97, 98, 99, 153, 154, 155 ],
            "B": [ 111, 112, 113, 114, 115, 116, 117, 118, 162, 163, 164, 165, 166, 167, 168, 169 ],
            "Y": [ 119, 120, 121, 122, 123, 124, 125, 126, 192, 193, 194, 195, 196, 197, 198, 199, 200, 201, 202, 203, 204, 205 ]
          }
        },
        "$mul$designs/96/top.sv:40$42": {
          "hide_name": 1,
          "type": "$mul",
          "parameters": {
            "A_SIGNED": "00000000000000000000000000000000",
            "A_WIDTH": "00000000000000000000000000010110",
            "B_SIGNED": "00000000000000000000000000000000",
            "B_WIDTH": "00000000000000000000000000000111",
            "Y_WIDTH": "00000000000000000000000000010100"
          },
          "attributes": {
            "src": "designs/96/top.sv:40.38-40.83"
          },
          "port_directions": {
            "A": "input",
            "B": "input",
            "Y": "output"
          },
          "connections": {
            "A": [ 127, 128, 129, 130, 131, 132, 133, 134, 192, 193, 194, 195, 196, 197, 198, 199, 200, 201, 202, 203, 204, 205 ],
            "B": [ 58, 59, 96, "0", "0", "0", "0" ],
            "Y": [ 87, 88, 89, 8, 9, 10, 11, 12, 13, 14, 15, 16, 17, 18, 19, 20, 21, 22, 23, 24 ]
          }
        },
        "$shl$designs/96/top.sv:22$4": {
          "hide_name": 1,
          "type": "$shl",
          "parameters": {
            "A_SIGNED": "00000000000000000000000000000000",
            "A_WIDTH": "00000000000000000000000000000011",
            "B_SIGNED": "00000000000000000000000000000000",
            "B_WIDTH": "00000000000000000000000000000111",
            "Y_WIDTH": "00000000000000000000000000000111"
          },
          "attributes": {
            "src": "designs/96/top.sv:22.33-22.63"
          },
          "port_directions": {
            "A": "input",
            "B": "input",
            "Y": "output"
          },
          "connections": {
            "A": [ 32, 33, 34 ],
            "B": [ 135, 136, 137, "1", "1", "1", "1" ],
            "Y": [ 25, 26, 27, 28, 29, 30, 31 ]
          }
        },
        "$sub$designs/96/top.sv:25$13": {
          "hide_name": 1,
          "type": "$sub",
          "parameters": {
            "A_SIGNED": "00000000000000000000000000000000",
            "A_WIDTH": "00000000000000000000000000000011",
            "B_SIGNED": "00000000000000000000000000000000",
            "B_WIDTH": "00000000000000000000000000000110",
            "Y_WIDTH": "00000000000000000000000000000110"
          },
          "attributes": {
            "src": "designs/96/top.sv:25.22-25.41"
          },
          "port_directions": {
            "A": "input",
            "B": "input",
            "Y": "output"
          },
          "connections": {
            "A": [ 2, 3, 4 ],
            "B": [ 45, 46, 47, "0", "0", "0" ],
            "Y": [ 97, 98, 99, 153, 154, 155 ]
          }
        },
        "$sub$designs/96/top.sv:26$14": {
          "hide_name": 1,
          "type": "$sub",
          "parameters": {
            "A_SIGNED": "00000000000000000000000000000000",
            "A_WIDTH": "00000000000000000000000000000011",
            "B_SIGNED": "00000000000000000000000000000000",
            "B_WIDTH": "00000000000000000000000000000011",
            "Y_WIDTH": "00000000000000000000000000000100"
          },
          "attributes": {
            "src": "designs/96/top.sv:26.23-26.53"
          },
          "port_directions": {
            "A": "input",
            "B": "input",
            "Y": "output"
          },
          "connections": {
            "A": [ 32, 33, 34 ],
            "B": [ 2, 3, 4 ],
            "Y": [ 206, 207, 208, 209 ]
          }
        },
        "$xor$designs/96/top.sv:26$15": {
          "hide_name": 1,
          "type": "$xor",
          "parameters": {
            "A_SIGNED": "00000000000000000000000000000000",
            "A_WIDTH": "00000000000000000000000000000101",
            "B_SIGNED": "00000000000000000000000000000000",
            "B_WIDTH": "00000000000000000000000000000101",
            "Y_WIDTH": "00000000000000000000000000000101"
          },
          "attributes": {
            "src": "designs/96/top.sv:26.22-26.63"
          },
          "port_directions": {
            "A": "input",
            "B": "input",
            "Y": "output"
          },
          "connections": {
            "A": [ 206, 207, 208, 209, 209 ],
            "B": [ 48, 49, 50, 51, 52 ],
            "Y": [ 65, 66, 67, 68, 69 ]
          }
        },
        "$xor$designs/96/top.sv:27$16": {
          "hide_name": 1,
          "type": "$xor",
          "parameters": {
            "A_SIGNED": "00000000000000000000000000000000",
            "A_WIDTH": "00000000000000000000000000000010",
            "B_SIGNED": "00000000000000000000000000000000",
            "B_WIDTH": "00000000000000000000000000000010",
            "Y_WIDTH": "00000000000000000000000000000010"
          },
          "attributes": {
            "src": "designs/96/top.sv:27.33-27.57"
          },
          "port_directions": {
            "A": "input",
            "B": "input",
            "Y": "output"
          },
          "connections": {
            "A": [ 97, 98 ],
            "B": [ 58, 59 ],
            "Y": [ 56, 57 ]
          }
        }
      },
      "netnames": {
        "$add$designs/96/top.sv:22$5_Y": {
          "hide_name": 1,
          "bits": [ 35, 36, 37, 38, 39, 40, 41 ],
          "attributes": {
            "src": "designs/96/top.sv:22.32-22.73",
            "unused_bits": "3 4 5 6"
          }
        },
        "$add$designs/96/top.sv:30$20_Y": {
          "hide_name": 1,
          "bits": [ 70, 71, 72, 73, 74, 75, 76, 77, "0", "0", "0", "0", "0", "0", "0", "0", "0", "0", "0", "0", "0", "0", "0", "0", "0", "0" ],
          "attributes": {
            "src": "designs/96/top.sv:30.37-30.63"
          }
        },
        "$add$designs/96/top.sv:30$21_Y": {
          "hide_name": 1,
          "bits": [ 78, 79, 80, 81, 82, 83, 84, 85, 86, "0", "0", "0", "0", "0", "0", "0", "0", "0", "0", "0", "0", "0", "0", "0", "0", "0", "0", "0", "0", "0", "0", "0" ],
          "attributes": {
            "src": "designs/96/top.sv:30.28-30.74"
          }
        },
        "$and$designs/96/top.sv:22$6_Y": {
          "hide_name": 1,
          "bits": [ 138, 139, 140, "0", "0", "0", "0", "0", "0", "0", "0", "0", "0", "0", "0", "0", "0", "0", "0", "0", "0", "0", "0", "0", "0", "0" ],
          "attributes": {
            "src": "designs/96/top.sv:22.23-22.84"
          }
        },
        "$and$designs/96/top.sv:30$19_Y": {
          "hide_name": 1,
          "bits": [ 62, 63, 64, "0", "0", "0", "0", "0", "0", "0", "0", "0", "0", "0", "0", "0", "0", "0", "0", "0", "0", "0", "0", "0", "0", "0" ],
          "attributes": {
            "src": "designs/96/top.sv:30.38-30.53"
          }
        },
        "$and$designs/96/top.sv:34$33_Y": {
          "hide_name": 1,
          "bits": [ 93, 94, 95, "0", "0", "0", "0", "0", "0", "0", "0", "0", "0", "0", "0", "0", "0", "0", "0", "0", "0", "0", "0", "0", "0", "0", "0", "0", "0", "0", "0" ],
          "attributes": {
            "src": "designs/96/top.sv:34.42-34.80"
          }
        },
        "$auto$opt_expr.cc:205:group_cell_inputs$102": {
          "hide_name": 1,
          "bits": [ 127, 128, 129, 130, 131, 132, 133, 134, 192, 193, 194, 195 ],
          "attributes": {
          }
        },
        "$auto$opt_expr.cc:205:group_cell_inputs$104": {
          "hide_name": 1,
          "bits": [ 196, 197, 198, 199, 200, 201, 202, 203, 204, 205 ],
          "attributes": {
          }
        },
        "$auto$opt_expr.cc:205:group_cell_inputs$49": {
          "hide_name": 1,
          "bits": [ 135, 136, 137 ],
          "attributes": {
          }
        },
        "$auto$opt_expr.cc:205:group_cell_inputs$64": {
          "hide_name": 1,
          "bits": [ 141, 142, 143 ],
          "attributes": {
          }
        },
        "$auto$opt_expr.cc:205:group_cell_inputs$67": {
          "hide_name": 1,
          "bits": [ 144, 145, 146 ],
          "attributes": {
          }
        },
        "$auto$opt_expr.cc:205:group_cell_inputs$70": {
          "hide_name": 1,
          "bits": [ 42, 43, 44 ],
          "attributes": {
          }
        },
        "$auto$opt_expr.cc:205:group_cell_inputs$86": {
          "hide_name": 1,
          "bits": [ 90, 91, 92, 156, 157, 158 ],
          "attributes": {
            "unused_bits": "3 4 5"
          }
        },
        "$auto$wreduce.cc:514:run$44": {
          "hide_name": 1,
          "bits": [ 87, 88, 89, 8, 9, 10, 11, 12, 13, 14, 15, 16, 17, 18, 19, 20, 21, 22, 23, 24, 210, 211, 212, 213, 214, 215 ],
          "attributes": {
            "src": "designs/96/top.sv:40.38-40.83",
            "unused_bits": "20 21 22 23 24 25"
          }
        },
        "$auto$wreduce.cc:514:run$47": {
          "hide_name": 1,
          "bits": [ 170, 171, 172, 173, 174, 175, 176, 177, 178, 179, 180, 181, 182, "0", "0" ],
          "attributes": {
            "src": "designs/96/top.sv:33.24-33.50"
          }
        },
        "$mul$designs/96/top.sv:21$1_Y": {
          "hide_name": 1,
          "bits": [ 159, 160, 161 ],
          "attributes": {
            "src": "designs/96/top.sv:21.38-21.72"
          }
        },
        "$mul$designs/96/top.sv:40$40_Y": {
          "hide_name": 1,
          "bits": [ 119, 120, 121, 122, 123, 124, 125, 126, 192, 193, 194, 195, 196, 197, 198, 199, 200, 201, 202, 203, 204, 205, "0", "0", "0", "0" ],
          "attributes": {
            "src": "designs/96/top.sv:40.40-40.56"
          }
        },
        "$shl$designs/96/top.sv:22$4_Y": {
          "hide_name": 1,
          "bits": [ 25, 26, 27, 28, 29, 30, 31 ],
          "attributes": {
            "src": "designs/96/top.sv:22.33-22.63"
          }
        },
        "$sub$designs/96/top.sv:26$14_Y": {
          "hide_name": 1,
          "bits": [ 206, 207, 208, 209, 209, 209, 209, 209, 209, 209 ],
          "attributes": {
            "src": "designs/96/top.sv:26.23-26.53"
          }
        },
        "$xor$designs/96/top.sv:27$16_Y": {
          "hide_name": 1,
          "bits": [ 56, 57, 216, 217, 218, 219, 220, "0", "0", "0", "0", "0", "0", "0", "0", "0", "0", "0", "0", "0", "0", "0", "0", "0", "0", "0" ],
          "attributes": {
            "src": "designs/96/top.sv:27.33-27.57",
            "unused_bits": "2 3 4 5 6"
          }
        },
        "expr_176902": {
          "hide_name": 0,
          "bits": [ 103, 104, 105, 106, 107, 108, 109, 110, 162, 163, 164, 165, 166, 167, 168, 169, "0", "0", "0", "x", "x", "x", "x", "x", "x", "x", "x", "x", "x", "x", "x", "x" ],
          "attributes": {
            "src": "designs/96/top.sv:29.18-29.29"
          }
        },
        "input_data": {
          "hide_name": 0,
          "bits": [ 2, 3, 4 ],
          "attributes": {
            "src": "designs/96/top.sv:2.17-2.27"
          }
        },
        "output_data": {
          "hide_name": 0,
          "bits": [ 5, 6, 7, 8, 9, 10, 11, 12, 13, 14, 15, 16, 17, 18, 19, 20, 21, 22, 23, 24 ],
          "attributes": {
            "src": "designs/96/top.sv:3.19-3.30"
          }
        },
        "temp_0": {
          "hide_name": 0,
          "bits": [ 32, 33, 34, "0", "0", "0", "0" ],
          "attributes": {
            "src": "designs/96/top.sv:6.17-6.23"
          }
        },
        "temp_1": {
          "hide_name": 0,
          "bits": [ 58, 59, 96, "0", "0", "0", "0", "0", "0", "0", "0", "0", "0", "0", "0", "0", "0", "0", "0", "0", "0", "0", "0", "0", "0", "0" ],
          "attributes": {
            "src": "designs/96/top.sv:7.18-7.24"
          }
        },
        "temp_10": {
          "hide_name": 0,
          "bits": [ 147, 148, 149, 150, 151, 152, 183, 184, 185, 186, 187, 188, 189, 190, 191 ],
          "attributes": {
            "src": "designs/96/top.sv:16.18-16.25",
            "unused_bits": "6 7 8 9 10 11 12 13 14"
          }
        },
        "temp_11": {
          "hide_name": 0,
          "bits": [ 100, 101, 102, 51, 52, 53, 54, 55, "0", "0", "0", "0", "0", "0", "0" ],
          "attributes": {
          }
        },
        "temp_12": {
          "hide_name": 0,
          "bits": [ 111, 112, 113, 114, 115, 116, 117, 118, 162, 163, 164, 165, 166, 167, 168, 169, "0", "0" ],
          "attributes": {
            "src": "designs/96/top.sv:18.18-18.25"
          }
        },
        "temp_2": {
          "hide_name": 0,
          "bits": [ 45, 46, 47, "0", "0", "0", "0", "0", "0", "0", "0", "0", "0", "0", "0", "0", "0", "0", "0", "0", "0", "0", "0", "0", "0", "0", "0", "0", "0", "0", "0" ],
          "attributes": {
            "src": "designs/96/top.sv:8.18-8.24"
          }
        },
        "temp_3": {
          "hide_name": 0,
          "bits": [ 48, 49, 50, 51, 52, 53, 54, 55, "0", "0" ],
          "attributes": {
            "src": "designs/96/top.sv:9.17-9.23"
          }
        },
        "temp_4": {
          "hide_name": 0,
          "bits": [ 97, 98, 99, 153, 154, 155 ],
          "attributes": {
            "src": "designs/96/top.sv:10.17-10.23"
          }
        },
        "temp_5": {
          "hide_name": 0,
          "bits": [ 65, 66, 67, 68, 69 ],
          "attributes": {
            "src": "designs/96/top.sv:11.17-11.23"
          }
        },
        "temp_6": {
          "hide_name": 0,
          "bits": [ 60, 61 ],
          "attributes": {
            "src": "designs/96/top.sv:12.17-12.23"
          }
        }
      }
    }
  }
}
