{
  "creator": "Yosys 0.60 (git sha1 5bafeb77dc71e054fa331ab9efa613e6fb0a1c49, clang++ 17.0.0 -fPIC -O3)",
  "modules": {
    "top": {
      "attributes": {
        "top": "00000000000000000000000000000001",
        "src": "designs/199/top.sv:1.1-38.10"
      },
      "ports": {
        "input_data": {
          "direction": "input",
          "bits": [ 2, 3, 4, 5, 6, 7, 8, 9, 10 ]
        },
        "output_data": {
          "direction": "output",
          "bits": [ 11, 12, 13, 14, 15, 16, 17, 18, 19, 20, 21, "1", "1", "1", "1", "1", "1", "1", "1", "1", "1", "1", "1", "1", "1", "1", "1", "1", "1", "1", "1", "1", "1", "1", "1", "1", "1" ]
        }
      },
      "cells": {
        "$add$designs/199/top.sv:21$2": {
          "hide_name": 1,
          "type": "$add",
          "parameters": {
            "A_SIGNED": "00000000000000000000000000000000",
            "A_WIDTH": "00000000000000000000000000001001",
            "B_SIGNED": "00000000000000000000000000000000",
            "B_WIDTH": "00000000000000000000000000000110",
            "Y_WIDTH": "00000000000000000000000000001010"
          },
          "attributes": {
            "src": "designs/199/top.sv:21.22-21.41"
          },
          "port_directions": {
            "A": "input",
            "B": "input",
            "Y": "output"
          },
          "connections": {
            "A": [ 2, 3, 4, 5, 6, 7, 8, 9, 10 ],
            "B": [ 22, 23, 24, 25, 26, 27 ],
            "Y": [ 28, 29, 30, 31, 32, 33, 34, 35, 36, 37 ]
          }
        },
        "$add$designs/199/top.sv:23$6": {
          "hide_name": 1,
          "type": "$add",
          "parameters": {
            "A_SIGNED": "00000000000000000000000000000000",
            "A_WIDTH": "00000000000000000000000000000011",
            "B_SIGNED": "00000000000000000000000000000000",
            "B_WIDTH": "00000000000000000000000000000011",
            "Y_WIDTH": "00000000000000000000000000000011"
          },
          "attributes": {
            "src": "designs/199/top.sv:23.22-23.66"
          },
          "port_directions": {
            "A": "input",
            "B": "input",
            "Y": "output"
          },
          "connections": {
            "A": [ 38, 39, 40 ],
            "B": [ 5, 6, 7 ],
            "Y": [ 41, 42, 43 ]
          }
        },
        "$add$designs/199/top.sv:34$19": {
          "hide_name": 1,
          "type": "$add",
          "parameters": {
            "A_SIGNED": "00000000000000000000000000000000",
            "A_WIDTH": "00000000000000000000000000001010",
            "B_SIGNED": "00000000000000000000000000000000",
            "B_WIDTH": "00000000000000000000000000001001",
            "Y_WIDTH": "00000000000000000000000000001011"
          },
          "attributes": {
            "src": "designs/199/top.sv:34.38-34.53"
          },
          "port_directions": {
            "A": "input",
            "B": "input",
            "Y": "output"
          },
          "connections": {
            "A": [ 28, 29, 30, 31, 32, 33, 34, 35, 36, 37 ],
            "B": [ 44, 45, 46, 5, 6, 7, 8, 9, 10 ],
            "Y": [ 47, 48, 49, 50, 51, 52, 53, 54, 55, 56, 57 ]
          }
        },
        "$and$designs/199/top.sv:23$5": {
          "hide_name": 1,
          "type": "$and",
          "parameters": {
            "A_SIGNED": "00000000000000000000000000000000",
            "A_WIDTH": "00000000000000000000000000000011",
            "B_SIGNED": "00000000000000000000000000000000",
            "B_WIDTH": "00000000000000000000000000000011",
            "Y_WIDTH": "00000000000000000000000000000011"
          },
          "attributes": {
            "src": "designs/199/top.sv:23.23-23.47"
          },
          "port_directions": {
            "A": "input",
            "B": "input",
            "Y": "output"
          },
          "connections": {
            "A": [ 28, 29, 30 ],
            "B": [ 28, 29, 30 ],
            "Y": [ 38, 39, 40 ]
          }
        },
        "$auto$opt_expr.cc:276:group_cell_inputs$38": {
          "hide_name": 1,
          "type": "$xor",
          "parameters": {
            "A_SIGNED": "00000000000000000000000000000000",
            "A_WIDTH": "00000000000000000000000000000001",
            "B_SIGNED": "00000000000000000000000000000000",
            "B_WIDTH": "00000000000000000000000000000001",
            "Y_WIDTH": "00000000000000000000000000000001"
          },
          "attributes": {
          },
          "port_directions": {
            "A": "input",
            "B": "input",
            "Y": "output"
          },
          "connections": {
            "A": [ 58 ],
            "B": [ 2 ],
            "Y": [ 59 ]
          }
        },
        "$auto$opt_expr.cc:276:group_cell_inputs$41": {
          "hide_name": 1,
          "type": "$or",
          "parameters": {
            "A_SIGNED": "00000000000000000000000000000000",
            "A_WIDTH": "00000000000000000000000000000011",
            "B_SIGNED": "00000000000000000000000000000000",
            "B_WIDTH": "00000000000000000000000000000011",
            "Y_WIDTH": "00000000000000000000000000000011"
          },
          "attributes": {
          },
          "port_directions": {
            "A": "input",
            "B": "input",
            "Y": "output"
          },
          "connections": {
            "A": [ 59, 3, 4 ],
            "B": [ 41, 42, 43 ],
            "Y": [ 44, 45, 46 ]
          }
        },
        "$auto$opt_expr.cc:276:group_cell_inputs$47": {
          "hide_name": 1,
          "type": "$not",
          "parameters": {
            "A_SIGNED": "00000000000000000000000000000000",
            "A_WIDTH": "00000000000000000000000000001011",
            "Y_WIDTH": "00000000000000000000000000001011"
          },
          "attributes": {
          },
          "port_directions": {
            "A": "input",
            "Y": "output"
          },
          "connections": {
            "A": [ 60, 61, 62, 63, 64, 65, 66, 67, 68, 69, 70 ],
            "Y": [ 71, 72, 73, 74, 75, 76, 77, 78, 79, 80, 81 ]
          }
        },
        "$auto$opt_expr.cc:276:group_cell_inputs$51": {
          "hide_name": 1,
          "type": "$xor",
          "parameters": {
            "A_SIGNED": "00000000000000000000000000000000",
            "A_WIDTH": "00000000000000000000000000000001",
            "B_SIGNED": "00000000000000000000000000000000",
            "B_WIDTH": "00000000000000000000000000000001",
            "Y_WIDTH": "00000000000000000000000000000001"
          },
          "attributes": {
          },
          "port_directions": {
            "A": "input",
            "B": "input",
            "Y": "output"
          },
          "connections": {
            "A": [ 58 ],
            "B": [ 71 ],
            "Y": [ 82 ]
          }
        },
        "$auto$opt_expr.cc:276:group_cell_inputs$54": {
          "hide_name": 1,
          "type": "$or",
          "parameters": {
            "A_SIGNED": "00000000000000000000000000000000",
            "A_WIDTH": "00000000000000000000000000001011",
            "B_SIGNED": "00000000000000000000000000000000",
            "B_WIDTH": "00000000000000000000000000001011",
            "Y_WIDTH": "00000000000000000000000000001011"
          },
          "attributes": {
          },
          "port_directions": {
            "A": "input",
            "B": "input",
            "Y": "output"
          },
          "connections": {
            "A": [ 82, 72, 73, 74, 75, 76, 77, 78, 79, 80, 81 ],
            "B": [ 60, 61, 62, 63, 64, 65, 66, 67, 68, 69, 70 ],
            "Y": [ 11, 12, 13, 14, 15, 16, 17, 18, 19, 20, 21 ]
          }
        },
        "$mul$designs/199/top.sv:24$8": {
          "hide_name": 1,
          "type": "$mul",
          "parameters": {
            "A_SIGNED": "00000000000000000000000000000000",
            "A_WIDTH": "00000000000000000000000000010001",
            "B_SIGNED": "00000000000000000000000000000000",
            "B_WIDTH": "00000000000000000000000000000001",
            "Y_WIDTH": "00000000000000000000000000000001"
          },
          "attributes": {
            "src": "designs/199/top.sv:24.22-24.57"
          },
          "port_directions": {
            "A": "input",
            "B": "input",
            "Y": "output"
          },
          "connections": {
            "A": [ 83, 84, 85, 86, 87, 88, 89, 90, 91, 92, 93, 94, 95, 96, 97, 98, 99 ],
            "B": [ 8 ],
            "Y": [ 58 ]
          }
        },
        "$reduce_bool$designs/199/top.sv:34$20": {
          "hide_name": 1,
          "type": "$reduce_bool",
          "parameters": {
            "A_SIGNED": "00000000000000000000000000000000",
            "A_WIDTH": "00000000000000000000000000001111",
            "Y_WIDTH": "00000000000000000000000000000001"
          },
          "attributes": {
            "src": "designs/199/top.sv:34.22-34.74"
          },
          "port_directions": {
            "A": "input",
            "Y": "output"
          },
          "connections": {
            "A": [ 100, 101, 102, 103, 104, 105, 106, 107, 108, 109, 110, 111, 112, 113, 114 ],
            "Y": [ 115 ]
          }
        },
        "$shr$designs/199/top.sv:22$4": {
          "hide_name": 1,
          "type": "$shr",
          "parameters": {
            "A_SIGNED": "00000000000000000000000000000000",
            "A_WIDTH": "00000000000000000000000000100000",
            "B_SIGNED": "00000000000000000000000000000000",
            "B_WIDTH": "00000000000000000000000000000110",
            "Y_WIDTH": "00000000000000000000000000010001"
          },
          "attributes": {
            "src": "designs/199/top.sv:22.22-22.49"
          },
          "port_directions": {
            "A": "input",
            "B": "input",
            "Y": "output"
          },
          "connections": {
            "A": [ 116, 117, 118, 119, 120, 121, 122, 123, 124, 125, 126, 126, 126, 126, 126, 126, 126, 126, 126, 126, 126, 126, 126, 126, 126, 126, 126, 126, 126, 126, 126, 126 ],
            "B": [ 22, 23, 24, 25, 26, 27 ],
            "Y": [ 127, 128, 100, 101, 102, 103, 104, 105, 106, 107, 108, 109, 110, 111, 112, 113, 114 ]
          }
        },
        "$sub$designs/199/top.sv:22$3": {
          "hide_name": 1,
          "type": "$sub",
          "parameters": {
            "A_SIGNED": "00000000000000000000000000000000",
            "A_WIDTH": "00000000000000000000000000001010",
            "B_SIGNED": "00000000000000000000000000000000",
            "B_WIDTH": "00000000000000000000000000000110",
            "Y_WIDTH": "00000000000000000000000000001011"
          },
          "attributes": {
            "src": "designs/199/top.sv:22.23-22.38"
          },
          "port_directions": {
            "A": "input",
            "B": "input",
            "Y": "output"
          },
          "connections": {
            "A": [ 28, 29, 30, 31, 32, 33, 34, 35, 36, 37 ],
            "B": [ 22, 23, 24, 25, 26, 27 ],
            "Y": [ 116, 117, 118, 119, 120, 121, 122, 123, 124, 125, 126 ]
          }
        },
        "$sub$designs/199/top.sv:24$7": {
          "hide_name": 1,
          "type": "$sub",
          "parameters": {
            "A_SIGNED": "00000000000000000000000000000000",
            "A_WIDTH": "00000000000000000000000000010001",
            "B_SIGNED": "00000000000000000000000000000000",
            "B_WIDTH": "00000000000000000000000000000110",
            "Y_WIDTH": "00000000000000000000000000010001"
          },
          "attributes": {
            "src": "designs/199/top.sv:24.23-24.38"
          },
          "port_directions": {
            "A": "input",
            "B": "input",
            "Y": "output"
          },
          "connections": {
            "A": [ 127, 128, 100, 101, 102, 103, 104, 105, 106, 107, 108, 109, 110, 111, 112, 113, 114 ],
            "B": [ 22, 23, 24, 25, 26, 27 ],
            "Y": [ 83, 84, 85, 86, 87, 88, 89, 90, 91, 92, 93, 94, 95, 96, 97, 98, 99 ]
          }
        },
        "$ternary$designs/199/top.sv:34$22": {
          "hide_name": 1,
          "type": "$mux",
          "parameters": {
            "WIDTH": "00000000000000000000000000001011"
          },
          "attributes": {
            "src": "designs/199/top.sv:34.22-34.74"
          },
          "port_directions": {
            "A": "input",
            "B": "input",
            "S": "input",
            "Y": "output"
          },
          "connections": {
            "A": [ 28, 29, 30, 31, 32, 33, 34, 35, 36, 37, "0" ],
            "B": [ 47, 48, 49, 50, 51, 52, 53, 54, 55, 56, 57 ],
            "S": [ 115 ],
            "Y": [ 60, 61, 62, 63, 64, 65, 66, 67, 68, 69, 70 ]
          }
        },
        "$xor$designs/199/top.sv:20$1": {
          "hide_name": 1,
          "type": "$xor",
          "parameters": {
            "A_SIGNED": "00000000000000000000000000000000",
            "A_WIDTH": "00000000000000000000000000000110",
            "B_SIGNED": "00000000000000000000000000000000",
            "B_WIDTH": "00000000000000000000000000000110",
            "Y_WIDTH": "00000000000000000000000000000110"
          },
          "attributes": {
            "src": "designs/199/top.sv:20.22-20.55"
          },
          "port_directions": {
            "A": "input",
            "B": "input",
            "Y": "output"
          },
          "connections": {
            "A": [ 4, 5, 6, 7, 8, 9 ],
            "B": [ 2, 3, 4, 5, 6, 7 ],
            "Y": [ 22, 23, 24, 25, 26, 27 ]
          }
        }
      },
      "netnames": {
        "$add$designs/199/top.sv:34$19_Y": {
          "hide_name": 1,
          "bits": [ 47, 48, 49, 50, 51, 52, 53, 54, 55, 56, 57, "0", "0", "0", "0", "0", "0", "0", "0", "0", "0", "0", "0", "0", "0", "0", "0", "0", "0", "0", "0", "0" ],
          "attributes": {
            "src": "designs/199/top.sv:34.38-34.53"
          }
        },
        "$and$designs/199/top.sv:23$5_Y": {
          "hide_name": 1,
          "bits": [ 38, 39, 40, 129, 130, 131, 132, 133, 134, 135, "0", "0", "0", "0", "0", "0", "0", "0", "0", "0", "0", "0", "0", "0", "0", "0", "0", "0", "0", "0", "0", "0" ],
          "attributes": {
            "src": "designs/199/top.sv:23.23-23.47",
            "unused_bits": "3 4 5 6 7 8 9"
          }
        },
        "$auto$opt_expr.cc:205:group_cell_inputs$37": {
          "hide_name": 1,
          "bits": [ 59 ],
          "attributes": {
          }
        },
        "$auto$opt_expr.cc:205:group_cell_inputs$46": {
          "hide_name": 1,
          "bits": [ 71, 72, 73, 74, 75, 76, 77, 78, 79, 80, 81 ],
          "attributes": {
          }
        },
        "$auto$opt_expr.cc:205:group_cell_inputs$50": {
          "hide_name": 1,
          "bits": [ 82 ],
          "attributes": {
          }
        },
        "$reduce_bool$designs/199/top.sv:34$20_Y": {
          "hide_name": 1,
          "bits": [ 115 ],
          "attributes": {
            "src": "designs/199/top.sv:34.22-34.74"
          }
        },
        "$sub$designs/199/top.sv:22$3_Y": {
          "hide_name": 1,
          "bits": [ 116, 117, 118, 119, 120, 121, 122, 123, 124, 125, 126, 126, 126, 126, 126, 126, 126, 126, 126, 126, 126, 126, 126, 126, 126, 126, 126, 126, 126, 126, 126, 126 ],
          "attributes": {
            "src": "designs/199/top.sv:22.23-22.38"
          }
        },
        "$sub$designs/199/top.sv:24$7_Y": {
          "hide_name": 1,
          "bits": [ 83, 84, 85, 86, 87, 88, 89, 90, 91, 92, 93, 94, 95, 96, 97, 98, 99 ],
          "attributes": {
            "src": "designs/199/top.sv:24.23-24.38"
          }
        },
        "expr_881605": {
          "hide_name": 0,
          "bits": [ 28, 29, 30, 31, 32, 33, 34, 35, 36, 37, "0", "0", "0", "0", "0", "0", "0", "0", "0", "0", "0", "0", "0", "0", "0", "0", "0", "0", "0", "0", "0", "0" ],
          "attributes": {
            "src": "designs/199/top.sv:32.18-32.29"
          }
        },
        "input_data": {
          "hide_name": 0,
          "bits": [ 2, 3, 4, 5, 6, 7, 8, 9, 10 ],
          "attributes": {
            "src": "designs/199/top.sv:2.17-2.27"
          }
        },
        "output_data": {
          "hide_name": 0,
          "bits": [ 11, 12, 13, 14, 15, 16, 17, 18, 19, 20, 21, "1", "1", "1", "1", "1", "1", "1", "1", "1", "1", "1", "1", "1", "1", "1", "1", "1", "1", "1", "1", "1", "1", "1", "1", "1", "1" ],
          "attributes": {
            "src": "designs/199/top.sv:3.19-3.30"
          }
        },
        "temp_0": {
          "hide_name": 0,
          "bits": [ 22, 23, 24, 25, 26, 27 ],
          "attributes": {
            "src": "designs/199/top.sv:6.17-6.23"
          }
        },
        "temp_12": {
          "hide_name": 0,
          "bits": [ 60, 61, 62, 63, 64, 65, 66, 67, 68, 69, 70, "0", "0" ],
          "attributes": {
            "src": "designs/199/top.sv:18.18-18.25"
          }
        },
        "temp_2": {
          "hide_name": 0,
          "bits": [ 127, 128, 100, 101, 102, 103, 104, 105, 106, 107, 108, 109, 110, 111, 112, 113, 114 ],
          "attributes": {
            "src": "designs/199/top.sv:8.18-8.24"
          }
        },
        "temp_3": {
          "hide_name": 0,
          "bits": [ 41, 42, 43 ],
          "attributes": {
            "src": "designs/199/top.sv:9.17-9.23"
          }
        },
        "temp_4": {
          "hide_name": 0,
          "bits": [ 58 ],
          "attributes": {
            "single_bit_vector": "00000000000000000000000000000001",
            "src": "designs/199/top.sv:10.17-10.23"
          }
        },
        "temp_6": {
          "hide_name": 0,
          "bits": [ 44, 45, 46, 5, 6, 7, 8, 9, 10, "0", "0", "0", "0", "0", "0", "0", "0", "0", "0", "0", "0", "0", "0", "0", "0", "0", "0", "0", "0", "0", "0" ],
          "attributes": {
            "src": "designs/199/top.sv:12.18-12.24"
          }
        }
      }
    }
  }
}
