{
  "creator": "Yosys 0.60 (git sha1 5bafeb77dc71e054fa331ab9efa613e6fb0a1c49, clang++ 17.0.0 -fPIC -O3)",
  "modules": {
    "top": {
      "attributes": {
        "top": "00000000000000000000000000000001",
        "src": "designs/174/top.sv:1.1-30.10"
      },
      "ports": {
        "input_data": {
          "direction": "input",
          "bits": [ 2, 3, 4 ]
        },
        "output_data": {
          "direction": "output",
          "bits": [ 5, 6, 7, 8, 9 ]
        }
      },
      "cells": {
        "$add$designs/174/top.sv:18$4": {
          "hide_name": 1,
          "type": "$add",
          "parameters": {
            "A_SIGNED": "00000000000000000000000000000000",
            "A_WIDTH": "00000000000000000000000000000011",
            "B_SIGNED": "00000000000000000000000000000000",
            "B_WIDTH": "00000000000000000000000000000011",
            "Y_WIDTH": "00000000000000000000000000000011"
          },
          "attributes": {
            "src": "designs/174/top.sv:18.51-18.85"
          },
          "port_directions": {
            "A": "input",
            "B": "input",
            "Y": "output"
          },
          "connections": {
            "A": [ 2, 3, 4 ],
            "B": [ 2, 3, 4 ],
            "Y": [ 10, 11, 12 ]
          }
        },
        "$add$designs/174/top.sv:18$8": {
          "hide_name": 1,
          "type": "$add",
          "parameters": {
            "A_SIGNED": "00000000000000000000000000000000",
            "A_WIDTH": "00000000000000000000000000001000",
            "B_SIGNED": "00000000000000000000000000000000",
            "B_WIDTH": "00000000000000000000000000001000",
            "Y_WIDTH": "00000000000000000000000000001000"
          },
          "attributes": {
            "src": "designs/174/top.sv:18.32-18.124"
          },
          "port_directions": {
            "A": "input",
            "B": "input",
            "Y": "output"
          },
          "connections": {
            "A": [ 13, 14, 15, "0", "0", "0", "0", "0" ],
            "B": [ 16, 17, 18, "1", "1", "1", "1", "1" ],
            "Y": [ 19, 20, 21, 22, 23, 24, 25, 26 ]
          }
        },
        "$add$designs/174/top.sv:20$13": {
          "hide_name": 1,
          "type": "$add",
          "parameters": {
            "A_SIGNED": "00000000000000000000000000000000",
            "A_WIDTH": "00000000000000000000000000001011",
            "B_SIGNED": "00000000000000000000000000000000",
            "B_WIDTH": "00000000000000000000000000001000",
            "Y_WIDTH": "00000000000000000000000000001011"
          },
          "attributes": {
            "src": "designs/174/top.sv:20.62-20.108"
          },
          "port_directions": {
            "A": "input",
            "B": "input",
            "Y": "output"
          },
          "connections": {
            "A": [ 27, 28, 29, 30, 31, 32, 33, 34, 35, 36, 37 ],
            "B": [ 19, 20, 21, 22, 23, 24, 25, 26 ],
            "Y": [ 38, 39, 40, 41, 42, 43, 44, 45, 46, 47, 48 ]
          }
        },
        "$add$designs/174/top.sv:26$31": {
          "hide_name": 1,
          "type": "$add",
          "parameters": {
            "A_SIGNED": "00000000000000000000000000000001",
            "A_WIDTH": "00000000000000000000000000000010",
            "B_SIGNED": "00000000000000000000000000000001",
            "B_WIDTH": "00000000000000000000000000000010",
            "Y_WIDTH": "00000000000000000000000000000010"
          },
          "attributes": {
            "src": "designs/174/top.sv:26.33-26.84"
          },
          "port_directions": {
            "A": "input",
            "B": "input",
            "Y": "output"
          },
          "connections": {
            "A": [ 49, 50 ],
            "B": [ 51, 52 ],
            "Y": [ 53, 54 ]
          }
        },
        "$and$designs/174/top.sv:24$24": {
          "hide_name": 1,
          "type": "$and",
          "parameters": {
            "A_SIGNED": "00000000000000000000000000000000",
            "A_WIDTH": "00000000000000000000000000000111",
            "B_SIGNED": "00000000000000000000000000000000",
            "B_WIDTH": "00000000000000000000000000000111",
            "Y_WIDTH": "00000000000000000000000000000111"
          },
          "attributes": {
            "src": "designs/174/top.sv:24.23-24.47"
          },
          "port_directions": {
            "A": "input",
            "B": "input",
            "Y": "output"
          },
          "connections": {
            "A": [ 19, 20, 21, 22, 23, 24, 25 ],
            "B": [ 19, 20, 21, 22, 23, 24, 25 ],
            "Y": [ 55, 56, 57, 58, 59, 60, 61 ]
          }
        },
        "$and$designs/174/top.sv:26$30": {
          "hide_name": 1,
          "type": "$and",
          "parameters": {
            "A_SIGNED": "00000000000000000000000000000000",
            "A_WIDTH": "00000000000000000000000000000010",
            "B_SIGNED": "00000000000000000000000000000000",
            "B_WIDTH": "00000000000000000000000000000010",
            "Y_WIDTH": "00000000000000000000000000000010"
          },
          "attributes": {
            "src": "designs/174/top.sv:26.42-26.73"
          },
          "port_directions": {
            "A": "input",
            "B": "input",
            "Y": "output"
          },
          "connections": {
            "A": [ 62, 63 ],
            "B": [ 19, 20 ],
            "Y": [ 49, 50 ]
          }
        },
        "$auto$opt_expr.cc:276:group_cell_inputs$43": {
          "hide_name": 1,
          "type": "$and",
          "parameters": {
            "A_SIGNED": "00000000000000000000000000000000",
            "A_WIDTH": "00000000000000000000000000000011",
            "B_SIGNED": "00000000000000000000000000000000",
            "B_WIDTH": "00000000000000000000000000000011",
            "Y_WIDTH": "00000000000000000000000000000011"
          },
          "attributes": {
          },
          "port_directions": {
            "A": "input",
            "B": "input",
            "Y": "output"
          },
          "connections": {
            "A": [ 2, 3, 4 ],
            "B": [ 2, 3, 4 ],
            "Y": [ 64, 65, 66 ]
          }
        },
        "$auto$opt_expr.cc:276:group_cell_inputs$47": {
          "hide_name": 1,
          "type": "$and",
          "parameters": {
            "A_SIGNED": "00000000000000000000000000000000",
            "A_WIDTH": "00000000000000000000000000000011",
            "B_SIGNED": "00000000000000000000000000000000",
            "B_WIDTH": "00000000000000000000000000000011",
            "Y_WIDTH": "00000000000000000000000000000011"
          },
          "attributes": {
          },
          "port_directions": {
            "A": "input",
            "B": "input",
            "Y": "output"
          },
          "connections": {
            "A": [ 64, 65, 66 ],
            "B": [ 2, 3, 4 ],
            "Y": [ 67, 68, 69 ]
          }
        },
        "$auto$opt_expr.cc:276:group_cell_inputs$59": {
          "hide_name": 1,
          "type": "$not",
          "parameters": {
            "A_SIGNED": "00000000000000000000000000000000",
            "A_WIDTH": "00000000000000000000000000001000",
            "Y_WIDTH": "00000000000000000000000000001000"
          },
          "attributes": {
          },
          "port_directions": {
            "A": "input",
            "Y": "output"
          },
          "connections": {
            "A": [ 19, 20, 21, 22, 23, 24, 25, 26 ],
            "Y": [ 70, 71, 72, 73, 74, 75, 76, 77 ]
          }
        },
        "$auto$opt_expr.cc:276:group_cell_inputs$63": {
          "hide_name": 1,
          "type": "$and",
          "parameters": {
            "A_SIGNED": "00000000000000000000000000000000",
            "A_WIDTH": "00000000000000000000000000000011",
            "B_SIGNED": "00000000000000000000000000000000",
            "B_WIDTH": "00000000000000000000000000000011",
            "Y_WIDTH": "00000000000000000000000000000011"
          },
          "attributes": {
          },
          "port_directions": {
            "A": "input",
            "B": "input",
            "Y": "output"
          },
          "connections": {
            "A": [ 78, 79, 80 ],
            "B": [ 67, 68, 69 ],
            "Y": [ 13, 14, 15 ]
          }
        },
        "$auto$opt_expr.cc:276:group_cell_inputs$67": {
          "hide_name": 1,
          "type": "$not",
          "parameters": {
            "A_SIGNED": "00000000000000000000000000000000",
            "A_WIDTH": "00000000000000000000000000000011",
            "Y_WIDTH": "00000000000000000000000000000011"
          },
          "attributes": {
          },
          "port_directions": {
            "A": "input",
            "Y": "output"
          },
          "connections": {
            "A": [ 67, 68, 69 ],
            "Y": [ 16, 17, 18 ]
          }
        },
        "$auto$opt_expr.cc:276:group_cell_inputs$71": {
          "hide_name": 1,
          "type": "$or",
          "parameters": {
            "A_SIGNED": "00000000000000000000000000000000",
            "A_WIDTH": "00000000000000000000000000000011",
            "B_SIGNED": "00000000000000000000000000000000",
            "B_WIDTH": "00000000000000000000000000000011",
            "Y_WIDTH": "00000000000000000000000000000011"
          },
          "attributes": {
          },
          "port_directions": {
            "A": "input",
            "B": "input",
            "Y": "output"
          },
          "connections": {
            "A": [ 67, 68, 69 ],
            "B": [ 19, 20, 21 ],
            "Y": [ 81, 82, 83 ]
          }
        },
        "$auto$opt_expr.cc:276:group_cell_inputs$74": {
          "hide_name": 1,
          "type": "$xor",
          "parameters": {
            "A_SIGNED": "00000000000000000000000000000000",
            "A_WIDTH": "00000000000000000000000000000011",
            "B_SIGNED": "00000000000000000000000000000000",
            "B_WIDTH": "00000000000000000000000000000011",
            "Y_WIDTH": "00000000000000000000000000000011"
          },
          "attributes": {
          },
          "port_directions": {
            "A": "input",
            "B": "input",
            "Y": "output"
          },
          "connections": {
            "A": [ 81, 82, 83 ],
            "B": [ 67, 68, 69 ],
            "Y": [ 84, 85, 86 ]
          }
        },
        "$mul$designs/174/top.sv:18$5": {
          "hide_name": 1,
          "type": "$mul",
          "parameters": {
            "A_SIGNED": "00000000000000000000000000000000",
            "A_WIDTH": "00000000000000000000000000000011",
            "B_SIGNED": "00000000000000000000000000000000",
            "B_WIDTH": "00000000000000000000000000000011",
            "Y_WIDTH": "00000000000000000000000000000110"
          },
          "attributes": {
            "src": "designs/174/top.sv:18.42-18.100"
          },
          "port_directions": {
            "A": "input",
            "B": "input",
            "Y": "output"
          },
          "connections": {
            "A": [ 10, 11, 12 ],
            "B": [ 2, 3, 4 ],
            "Y": [ 78, 79, 80, 87, 88, 89 ]
          }
        },
        "$mul$designs/174/top.sv:20$12": {
          "hide_name": 1,
          "type": "$mul",
          "parameters": {
            "A_SIGNED": "00000000000000000000000000000000",
            "A_WIDTH": "00000000000000000000000000001000",
            "B_SIGNED": "00000000000000000000000000000000",
            "B_WIDTH": "00000000000000000000000000010000",
            "Y_WIDTH": "00000000000000000000000000001011"
          },
          "attributes": {
            "src": "designs/174/top.sv:20.71-20.97"
          },
          "port_directions": {
            "A": "input",
            "B": "input",
            "Y": "output"
          },
          "connections": {
            "A": [ 19, 20, 21, 22, 23, 24, 25, 26 ],
            "B": [ 67, 68, 69, "0", "0", "0", "0", "0", "0", "0", "0", "0", "0", "0", "0", "0" ],
            "Y": [ 27, 28, 29, 30, 31, 32, 33, 34, 35, 36, 37 ]
          }
        },
        "$mul$designs/174/top.sv:25$27": {
          "hide_name": 1,
          "type": "$mul",
          "parameters": {
            "A_SIGNED": "00000000000000000000000000000000",
            "A_WIDTH": "00000000000000000000000000000110",
            "B_SIGNED": "00000000000000000000000000000000",
            "B_WIDTH": "00000000000000000000000000000101",
            "Y_WIDTH": "00000000000000000000000000000010"
          },
          "attributes": {
            "src": "designs/174/top.sv:25.31-25.56"
          },
          "port_directions": {
            "A": "input",
            "B": "input",
            "Y": "output"
          },
          "connections": {
            "A": [ 90, 91, 92, 93, 94, 95 ],
            "B": [ 67, 68, 69, "0", "0" ],
            "Y": [ 96, 97 ]
          }
        },
        "$mul$designs/174/top.sv:26$29": {
          "hide_name": 1,
          "type": "$mul",
          "parameters": {
            "A_SIGNED": "00000000000000000000000000000000",
            "A_WIDTH": "00000000000000000000000000000111",
            "B_SIGNED": "00000000000000000000000000000000",
            "B_WIDTH": "00000000000000000000000000010000",
            "Y_WIDTH": "00000000000000000000000000000010"
          },
          "attributes": {
            "src": "designs/174/top.sv:26.43-26.58"
          },
          "port_directions": {
            "A": "input",
            "B": "input",
            "Y": "output"
          },
          "connections": {
            "A": [ 98, 90, 91, 92, 93, 94, 95 ],
            "B": [ 67, 68, 69, "0", "0", "0", "0", "0", "0", "0", "0", "0", "0", "0", "0", "0" ],
            "Y": [ 62, 63 ]
          }
        },
        "$mul$designs/174/top.sv:28$35": {
          "hide_name": 1,
          "type": "$mul",
          "parameters": {
            "A_SIGNED": "00000000000000000000000000000000",
            "A_WIDTH": "00000000000000000000000000000010",
            "B_SIGNED": "00000000000000000000000000000000",
            "B_WIDTH": "00000000000000000000000000001010",
            "Y_WIDTH": "00000000000000000000000000000101"
          },
          "attributes": {
            "src": "designs/174/top.sv:28.36-28.63"
          },
          "port_directions": {
            "A": "input",
            "B": "input",
            "Y": "output"
          },
          "connections": {
            "A": [ 99, 100 ],
            "B": [ 70, 71, 72, 73, 74, 75, 76, 77, "1", "1" ],
            "Y": [ 101, 102, 103, 104, 105 ]
          }
        },
        "$not$designs/174/top.sv:24$25": {
          "hide_name": 1,
          "type": "$not",
          "parameters": {
            "A_SIGNED": "00000000000000000000000000000000",
            "A_WIDTH": "00000000000000000000000000000111",
            "Y_WIDTH": "00000000000000000000000000000111"
          },
          "attributes": {
            "src": "designs/174/top.sv:24.52-24.59"
          },
          "port_directions": {
            "A": "input",
            "Y": "output"
          },
          "connections": {
            "A": [ 106, 107, 108, 109, 110, 111, 112 ],
            "Y": [ 113, 114, 115, 116, 117, 118, 119 ]
          }
        },
        "$or$designs/174/top.sv:19$11": {
          "hide_name": 1,
          "type": "$or",
          "parameters": {
            "A_SIGNED": "00000000000000000000000000000000",
            "A_WIDTH": "00000000000000000000000000000111",
            "B_SIGNED": "00000000000000000000000000000000",
            "B_WIDTH": "00000000000000000000000000000111",
            "Y_WIDTH": "00000000000000000000000000000111"
          },
          "attributes": {
            "src": "designs/174/top.sv:19.22-19.88"
          },
          "port_directions": {
            "A": "input",
            "B": "input",
            "Y": "output"
          },
          "connections": {
            "A": [ 84, 85, 86, 22, 23, 24, 25 ],
            "B": [ 19, 20, 21, 22, 23, 24, 25 ],
            "Y": [ 106, 107, 108, 109, 110, 111, 112 ]
          }
        },
        "$reduce_bool$designs/174/top.sv:20$14": {
          "hide_name": 1,
          "type": "$reduce_bool",
          "parameters": {
            "A_SIGNED": "00000000000000000000000000000000",
            "A_WIDTH": "00000000000000000000000000000011",
            "Y_WIDTH": "00000000000000000000000000000001"
          },
          "attributes": {
            "src": "designs/174/top.sv:20.21-20.109"
          },
          "port_directions": {
            "A": "input",
            "Y": "output"
          },
          "connections": {
            "A": [ 67, 68, 69 ],
            "Y": [ 120 ]
          }
        },
        "$sub$designs/174/top.sv:24$26": {
          "hide_name": 1,
          "type": "$sub",
          "parameters": {
            "A_SIGNED": "00000000000000000000000000000000",
            "A_WIDTH": "00000000000000000000000000000111",
            "B_SIGNED": "00000000000000000000000000000000",
            "B_WIDTH": "00000000000000000000000000000111",
            "Y_WIDTH": "00000000000000000000000000000111"
          },
          "attributes": {
            "src": "designs/174/top.sv:24.22-24.60"
          },
          "port_directions": {
            "A": "input",
            "B": "input",
            "Y": "output"
          },
          "connections": {
            "A": [ 55, 56, 57, 58, 59, 60, 61 ],
            "B": [ 113, 114, 115, 116, 117, 118, 119 ],
            "Y": [ 98, 90, 91, 92, 93, 94, 95 ]
          }
        },
        "$sub$designs/174/top.sv:25$28": {
          "hide_name": 1,
          "type": "$sub",
          "parameters": {
            "A_SIGNED": "00000000000000000000000000000000",
            "A_WIDTH": "00000000000000000000000000000010",
            "B_SIGNED": "00000000000000000000000000000000",
            "B_WIDTH": "00000000000000000000000000000010",
            "Y_WIDTH": "00000000000000000000000000000010"
          },
          "attributes": {
            "src": "designs/174/top.sv:25.22-25.67"
          },
          "port_directions": {
            "A": "input",
            "B": "input",
            "Y": "output"
          },
          "connections": {
            "A": [ 96, 97 ],
            "B": [ 121, 122 ],
            "Y": [ 51, 52 ]
          }
        },
        "$sub$designs/174/top.sv:26$32": {
          "hide_name": 1,
          "type": "$sub",
          "parameters": {
            "A_SIGNED": "00000000000000000000000000000000",
            "A_WIDTH": "00000000000000000000000000000010",
            "B_SIGNED": "00000000000000000000000000000000",
            "B_WIDTH": "00000000000000000000000000000001",
            "Y_WIDTH": "00000000000000000000000000000010"
          },
          "attributes": {
            "src": "designs/174/top.sv:26.22-26.100"
          },
          "port_directions": {
            "A": "input",
            "B": "input",
            "Y": "output"
          },
          "connections": {
            "A": [ 53, 54 ],
            "B": [ 26 ],
            "Y": [ 99, 100 ]
          }
        },
        "$sub$designs/174/top.sv:28$36": {
          "hide_name": 1,
          "type": "$sub",
          "parameters": {
            "A_SIGNED": "00000000000000000000000000000000",
            "A_WIDTH": "00000000000000000000000000000101",
            "B_SIGNED": "00000000000000000000000000000000",
            "B_WIDTH": "00000000000000000000000000000101",
            "Y_WIDTH": "00000000000000000000000000000101"
          },
          "attributes": {
            "src": "designs/174/top.sv:28.35-28.78"
          },
          "port_directions": {
            "A": "input",
            "B": "input",
            "Y": "output"
          },
          "connections": {
            "A": [ 101, 102, 103, 104, 105 ],
            "B": [ 121, 122, 123, 124, 125 ],
            "Y": [ 5, 6, 7, 8, 9 ]
          }
        },
        "$ternary$designs/174/top.sv:20$15": {
          "hide_name": 1,
          "type": "$mux",
          "parameters": {
            "WIDTH": "00000000000000000000000000001011"
          },
          "attributes": {
            "src": "designs/174/top.sv:20.21-20.109"
          },
          "port_directions": {
            "A": "input",
            "B": "input",
            "S": "input",
            "Y": "output"
          },
          "connections": {
            "A": [ 38, 39, 40, 41, 42, 43, 44, 45, 46, 47, 48 ],
            "B": [ 2, 3, 4, "0", "0", "0", "0", "0", "0", "0", "0" ],
            "S": [ 120 ],
            "Y": [ 126, 127, 128, 129, 130, 131, 132, 133, 134, 135, 136 ]
          }
        },
        "$xor$designs/174/top.sv:23$23": {
          "hide_name": 1,
          "type": "$xor",
          "parameters": {
            "A_SIGNED": "00000000000000000000000000000000",
            "A_WIDTH": "00000000000000000000000000000101",
            "B_SIGNED": "00000000000000000000000000000000",
            "B_WIDTH": "00000000000000000000000000000101",
            "Y_WIDTH": "00000000000000000000000000000101"
          },
          "attributes": {
            "src": "designs/174/top.sv:23.32-23.56"
          },
          "port_directions": {
            "A": "input",
            "B": "input",
            "Y": "output"
          },
          "connections": {
            "A": [ 126, 127, 128, 129, 130 ],
            "B": [ 19, 20, 21, 22, 23 ],
            "Y": [ 121, 122, 123, 124, 125 ]
          }
        }
      },
      "netnames": {
        "$add$designs/174/top.sv:18$4_Y": {
          "hide_name": 1,
          "bits": [ 10, 11, 12 ],
          "attributes": {
            "src": "designs/174/top.sv:18.51-18.85"
          }
        },
        "$add$designs/174/top.sv:20$13_Y": {
          "hide_name": 1,
          "bits": [ 38, 39, 40, 41, 42, 43, 44, 45, 46, 47, 48, 137, 138, 139, 140, 141, 142, 143, "0", "0", "0", "0", "0", "0", "0", "0", "0", "0", "0" ],
          "attributes": {
            "src": "designs/174/top.sv:20.62-20.108",
            "unused_bits": "11 12 13 14 15 16 17"
          }
        },
        "$add$designs/174/top.sv:26$31_Y": {
          "hide_name": 1,
          "bits": [ 53, 54 ],
          "attributes": {
          }
        },
        "$and$designs/174/top.sv:17$2_Y": {
          "hide_name": 1,
          "bits": [ 64, 65, 66, "0", "0", "0", "0", "0", "0", "0", "0", "0", "0", "0", "0", "0", "0" ],
          "attributes": {
            "src": "designs/174/top.sv:17.33-17.79"
          }
        },
        "$and$designs/174/top.sv:18$6_Y": {
          "hide_name": 1,
          "bits": [ 13, 14, 15, "0", "0", "0", "0", "0", 144, 145, 146, 147, 148, 149, 150, 151, "0" ],
          "attributes": {
            "src": "designs/174/top.sv:18.41-18.110",
            "unused_bits": "8 9 10 11 12 13 14 15"
          }
        },
        "$and$designs/174/top.sv:24$24_Y": {
          "hide_name": 1,
          "bits": [ 55, 56, 57, 58, 59, 60, 61 ],
          "attributes": {
          }
        },
        "$and$designs/174/top.sv:26$30_Y": {
          "hide_name": 1,
          "bits": [ 49, 50, 152, 153, 154, 155, 156, 157, 158, 159, 160, 161, 162, 163, 164, 165, 166 ],
          "attributes": {
            "src": "designs/174/top.sv:26.42-26.73",
            "unused_bits": "2 3 4 5 6 7 8 9 10 11 12 13 14 15 16"
          }
        },
        "$auto$opt_expr.cc:205:group_cell_inputs$58": {
          "hide_name": 1,
          "bits": [ 70, 71, 72, 73, 74, 75, 76, 77 ],
          "attributes": {
          }
        },
        "$auto$opt_expr.cc:205:group_cell_inputs$66": {
          "hide_name": 1,
          "bits": [ 16, 17, 18 ],
          "attributes": {
          }
        },
        "$auto$opt_expr.cc:205:group_cell_inputs$70": {
          "hide_name": 1,
          "bits": [ 81, 82, 83 ],
          "attributes": {
          }
        },
        "$auto$opt_expr.cc:205:group_cell_inputs$73": {
          "hide_name": 1,
          "bits": [ 84, 85, 86 ],
          "attributes": {
          }
        },
        "$auto$wreduce.cc:514:run$37": {
          "hide_name": 1,
          "bits": [ 101, 102, 103, 104, 105, 167, 168, 169, 170, 171 ],
          "attributes": {
            "src": "designs/174/top.sv:28.36-28.63",
            "unused_bits": "5 6 7 8 9"
          }
        },
        "$auto$wreduce.cc:514:run$40": {
          "hide_name": 1,
          "bits": [ 62, 63, 172, 173, 174, 175, 176, 177, 178, 179, 180, 181, 182, 183, 184, 185, 186 ],
          "attributes": {
            "src": "designs/174/top.sv:26.43-26.58",
            "unused_bits": "2 3 4 5 6 7 8 9 10 11 12 13 14 15 16"
          }
        },
        "$mul$designs/174/top.sv:18$5_Y": {
          "hide_name": 1,
          "bits": [ 78, 79, 80, 87, 88, 89, "0", "0", "0", "0", "0", "0", "0", "0", "0", "0", "0" ],
          "attributes": {
            "src": "designs/174/top.sv:18.42-18.100",
            "unused_bits": "3 4 5"
          }
        },
        "$mul$designs/174/top.sv:20$12_Y": {
          "hide_name": 1,
          "bits": [ 27, 28, 29, 30, 31, 32, 33, 34, 35, 36, 37, 187, 188, 189, 190, 191, 192 ],
          "attributes": {
            "src": "designs/174/top.sv:20.71-20.97",
            "unused_bits": "11 12 13 14 15 16"
          }
        },
        "$mul$designs/174/top.sv:25$27_Y": {
          "hide_name": 1,
          "bits": [ 96, 97, 193, 194, 195, 196 ],
          "attributes": {
            "src": "designs/174/top.sv:25.31-25.56",
            "unused_bits": "2 3 4 5"
          }
        },
        "$not$designs/174/top.sv:24$25_Y": {
          "hide_name": 1,
          "bits": [ 113, 114, 115, 116, 117, 118, 119, 197, 198, 199, 200, 201, 202, 203, 204, 205, 206, 207, 208, 209, 210, 211, 212, 213, 214, 215, 216, 217, 218, 219, 220, 221 ],
          "attributes": {
            "src": "designs/174/top.sv:24.52-24.59",
            "unused_bits": "7 8 9 10 11 12 13 14 15 16 17 18 19 20 21 22 23 24 25 26 27 28 29 30 31"
          }
        },
        "$reduce_bool$designs/174/top.sv:20$14_Y": {
          "hide_name": 1,
          "bits": [ 120 ],
          "attributes": {
            "src": "designs/174/top.sv:20.21-20.109"
          }
        },
        "input_data": {
          "hide_name": 0,
          "bits": [ 2, 3, 4 ],
          "attributes": {
            "src": "designs/174/top.sv:2.17-2.27"
          }
        },
        "output_data": {
          "hide_name": 0,
          "bits": [ 5, 6, 7, 8, 9 ],
          "attributes": {
            "src": "designs/174/top.sv:3.18-3.29"
          }
        },
        "temp_0": {
          "hide_name": 0,
          "bits": [ 67, 68, 69, "0", "0", "0", "0", "0", "0", "0", "0", "0", "0", "0", "0", "0", "0" ],
          "attributes": {
            "src": "designs/174/top.sv:6.18-6.24"
          }
        },
        "temp_1": {
          "hide_name": 0,
          "bits": [ 19, 20, 21, 22, 23, 24, 25, 26 ],
          "attributes": {
            "src": "designs/174/top.sv:7.17-7.23"
          }
        },
        "temp_2": {
          "hide_name": 0,
          "bits": [ 106, 107, 108, 109, 110, 111, 112, "x", "x", "x", "x", "x", "x", "x", "x", "x", "0", "0", "0", "0", "0", "0", "0", "0", "0", "0", "0", "0", "0", "0", "0", "0" ],
          "attributes": {
            "src": "designs/174/top.sv:8.18-8.24"
          }
        },
        "temp_3": {
          "hide_name": 0,
          "bits": [ 126, 127, 128, 129, 130, 131, 132, 133, 134, 135, 136, "x", "x", "x", "x", "x", "x", "x", "0", "0", "0", "0", "0", "0", "0", "0", "0", "0", "0" ],
          "attributes": {
            "src": "designs/174/top.sv:9.18-9.24",
            "unused_bits": "5 6 7 8 9 10"
          }
        },
        "temp_6": {
          "hide_name": 0,
          "bits": [ 121, 122, 123, 124, 125, "x", "x", "x", "x", "x", "x", "x", "x", "x" ],
          "attributes": {
            "src": "designs/174/top.sv:12.18-12.24"
          }
        },
        "temp_7": {
          "hide_name": 0,
          "bits": [ 98, 90, 91, 92, 93, 94, 95 ],
          "attributes": {
            "src": "designs/174/top.sv:13.17-13.23"
          }
        },
        "temp_8": {
          "hide_name": 0,
          "bits": [ 51, 52, "x", "x", "x", "x", "x", "x", "x", "x", "x", "x", "x", "x", "x", "x", "x", "x", "x", "x", "x", "x", "x", "x", "x", "x", "x", "x", "x", "x", "x", "x" ],
          "attributes": {
            "src": "designs/174/top.sv:14.18-14.24"
          }
        },
        "temp_9": {
          "hide_name": 0,
          "bits": [ 99, 100 ],
          "attributes": {
            "src": "designs/174/top.sv:15.17-15.23"
          }
        }
      }
    }
  }
}
