{
  "creator": "Yosys 0.60 (git sha1 5bafeb77dc71e054fa331ab9efa613e6fb0a1c49, clang++ 17.0.0 -fPIC -O3)",
  "modules": {
    "top": {
      "attributes": {
        "top": "00000000000000000000000000000001",
        "src": "designs/227/top.sv:1.1-40.10"
      },
      "ports": {
        "input_data": {
          "direction": "input",
          "bits": [ 2, 3, 4 ]
        },
        "output_data": {
          "direction": "output",
          "bits": [ 5, 6, 7, 8, 9, 10, "0", "0", "0", "0", "0", "0", "0", "0", "0", "0", "0", "0", "0" ]
        }
      },
      "cells": {
        "$add$designs/227/top.sv:22$1": {
          "hide_name": 1,
          "type": "$add",
          "parameters": {
            "A_SIGNED": "00000000000000000000000000000000",
            "A_WIDTH": "00000000000000000000000000000011",
            "B_SIGNED": "00000000000000000000000000000000",
            "B_WIDTH": "00000000000000000000000000000011",
            "Y_WIDTH": "00000000000000000000000000000011"
          },
          "attributes": {
            "src": "designs/227/top.sv:22.33-22.56"
          },
          "port_directions": {
            "A": "input",
            "B": "input",
            "Y": "output"
          },
          "connections": {
            "A": [ 2, 3, 4 ],
            "B": [ 2, 3, 4 ],
            "Y": [ 11, 12, 13 ]
          }
        },
        "$add$designs/227/top.sv:34$21": {
          "hide_name": 1,
          "type": "$add",
          "parameters": {
            "A_SIGNED": "00000000000000000000000000000000",
            "A_WIDTH": "00000000000000000000000000000111",
            "B_SIGNED": "00000000000000000000000000000000",
            "B_WIDTH": "00000000000000000000000000000010",
            "Y_WIDTH": "00000000000000000000000000001000"
          },
          "attributes": {
            "src": "designs/227/top.sv:34.23-34.60"
          },
          "port_directions": {
            "A": "input",
            "B": "input",
            "Y": "output"
          },
          "connections": {
            "A": [ 14, 15, 16, "0", "0", "0", "0" ],
            "B": [ 17, 18 ],
            "Y": [ 19, 20, 21, 6, 7, 8, 9, 10 ]
          }
        },
        "$auto$opt_expr.cc:276:group_cell_inputs$36": {
          "hide_name": 1,
          "type": "$or",
          "parameters": {
            "A_SIGNED": "00000000000000000000000000000000",
            "A_WIDTH": "00000000000000000000000000000011",
            "B_SIGNED": "00000000000000000000000000000000",
            "B_WIDTH": "00000000000000000000000000000011",
            "Y_WIDTH": "00000000000000000000000000000011"
          },
          "attributes": {
          },
          "port_directions": {
            "A": "input",
            "B": "input",
            "Y": "output"
          },
          "connections": {
            "A": [ 2, 3, 4 ],
            "B": [ 17, 18, 22 ],
            "Y": [ 23, 24, 25 ]
          }
        },
        "$auto$opt_expr.cc:276:group_cell_inputs$39": {
          "hide_name": 1,
          "type": "$xor",
          "parameters": {
            "A_SIGNED": "00000000000000000000000000000000",
            "A_WIDTH": "00000000000000000000000000000011",
            "B_SIGNED": "00000000000000000000000000000000",
            "B_WIDTH": "00000000000000000000000000000011",
            "Y_WIDTH": "00000000000000000000000000000011"
          },
          "attributes": {
          },
          "port_directions": {
            "A": "input",
            "B": "input",
            "Y": "output"
          },
          "connections": {
            "A": [ 23, 24, 25 ],
            "B": [ 2, 3, 4 ],
            "Y": [ 26, 27, 28 ]
          }
        },
        "$auto$opt_expr.cc:276:group_cell_inputs$44": {
          "hide_name": 1,
          "type": "$not",
          "parameters": {
            "A_SIGNED": "00000000000000000000000000000000",
            "A_WIDTH": "00000000000000000000000000000001",
            "Y_WIDTH": "00000000000000000000000000000001"
          },
          "attributes": {
          },
          "port_directions": {
            "A": "input",
            "Y": "output"
          },
          "connections": {
            "A": [ 29 ],
            "Y": [ 30 ]
          }
        },
        "$auto$opt_expr.cc:276:group_cell_inputs$48": {
          "hide_name": 1,
          "type": "$and",
          "parameters": {
            "A_SIGNED": "00000000000000000000000000000000",
            "A_WIDTH": "00000000000000000000000000001001",
            "B_SIGNED": "00000000000000000000000000000000",
            "B_WIDTH": "00000000000000000000000000001001",
            "Y_WIDTH": "00000000000000000000000000001001"
          },
          "attributes": {
          },
          "port_directions": {
            "A": "input",
            "B": "input",
            "Y": "output"
          },
          "connections": {
            "A": [ 31, 32, 33, 34, 35, 36, 37, 38, 39 ],
            "B": [ 17, 18, 22, 40, 41, 42, 43, 44, 45 ],
            "Y": [ 46, 47, 48, 49, 50, 51, 14, 15, 16 ]
          }
        },
        "$auto$opt_expr.cc:276:group_cell_inputs$54": {
          "hide_name": 1,
          "type": "$xor",
          "parameters": {
            "A_SIGNED": "00000000000000000000000000000000",
            "A_WIDTH": "00000000000000000000000000000001",
            "B_SIGNED": "00000000000000000000000000000000",
            "B_WIDTH": "00000000000000000000000000000001",
            "Y_WIDTH": "00000000000000000000000000000001"
          },
          "attributes": {
          },
          "port_directions": {
            "A": "input",
            "B": "input",
            "Y": "output"
          },
          "connections": {
            "A": [ 21 ],
            "B": [ 29 ],
            "Y": [ 5 ]
          }
        },
        "$or$designs/227/top.sv:26$9": {
          "hide_name": 1,
          "type": "$or",
          "parameters": {
            "A_SIGNED": "00000000000000000000000000000000",
            "A_WIDTH": "00000000000000000000000000000001",
            "B_SIGNED": "00000000000000000000000000000000",
            "B_WIDTH": "00000000000000000000000000000001",
            "Y_WIDTH": "00000000000000000000000000000001"
          },
          "attributes": {
            "src": "designs/227/top.sv:26.22-26.46"
          },
          "port_directions": {
            "A": "input",
            "B": "input",
            "Y": "output"
          },
          "connections": {
            "A": [ 17 ],
            "B": [ 52 ],
            "Y": [ 29 ]
          }
        },
        "$reduce_bool$designs/227/top.sv:23$5": {
          "hide_name": 1,
          "type": "$reduce_bool",
          "parameters": {
            "A_SIGNED": "00000000000000000000000000000000",
            "A_WIDTH": "00000000000000000000000000001001",
            "Y_WIDTH": "00000000000000000000000000000001"
          },
          "attributes": {
            "src": "designs/227/top.sv:23.21-23.80"
          },
          "port_directions": {
            "A": "input",
            "Y": "output"
          },
          "connections": {
            "A": [ 17, 18, 22, 40, 41, 42, 43, 44, 45 ],
            "Y": [ 53 ]
          }
        },
        "$shl$designs/227/top.sv:22$2": {
          "hide_name": 1,
          "type": "$shl",
          "parameters": {
            "A_SIGNED": "00000000000000000000000000000000",
            "A_WIDTH": "00000000000000000000000000000011",
            "B_SIGNED": "00000000000000000000000000000000",
            "B_WIDTH": "00000000000000000000000000000011",
            "Y_WIDTH": "00000000000000000000000000001001"
          },
          "attributes": {
            "src": "designs/227/top.sv:22.22-22.72"
          },
          "port_directions": {
            "A": "input",
            "B": "input",
            "Y": "output"
          },
          "connections": {
            "A": [ 11, 12, 13 ],
            "B": [ 2, 3, 4 ],
            "Y": [ 17, 18, 22, 40, 41, 42, 43, 44, 45 ]
          }
        },
        "$sub$designs/227/top.sv:30$17": {
          "hide_name": 1,
          "type": "$sub",
          "parameters": {
            "A_SIGNED": "00000000000000000000000000000000",
            "A_WIDTH": "00000000000000000000000000001001",
            "B_SIGNED": "00000000000000000000000000000000",
            "B_WIDTH": "00000000000000000000000000001101",
            "Y_WIDTH": "00000000000000000000000000001101"
          },
          "attributes": {
            "src": "designs/227/top.sv:30.33-30.62"
          },
          "port_directions": {
            "A": "input",
            "B": "input",
            "Y": "output"
          },
          "connections": {
            "A": [ 52, 54, 55, 40, 41, 42, 43, 44, 45 ],
            "B": [ 30, "1", "1", "1", "1", "1", "1", "1", "1", "1", "1", "1", "1" ],
            "Y": [ 31, 32, 33, 34, 35, 36, 37, 38, 39, 56, 57, 58, 59 ]
          }
        },
        "$ternary$designs/227/top.sv:23$7": {
          "hide_name": 1,
          "type": "$mux",
          "parameters": {
            "WIDTH": "00000000000000000000000000000011"
          },
          "attributes": {
            "src": "designs/227/top.sv:23.21-23.80"
          },
          "port_directions": {
            "A": "input",
            "B": "input",
            "S": "input",
            "Y": "output"
          },
          "connections": {
            "A": [ 17, 18, 22 ],
            "B": [ 26, 27, 28 ],
            "S": [ 53 ],
            "Y": [ 52, 54, 55 ]
          }
        }
      },
      "netnames": {
        "$add$designs/227/top.sv:22$1_Y": {
          "hide_name": 1,
          "bits": [ 11, 12, 13 ],
          "attributes": {
            "src": "designs/227/top.sv:22.33-22.56"
          }
        },
        "$auto$opt_expr.cc:205:group_cell_inputs$35": {
          "hide_name": 1,
          "bits": [ 23, 24, 25 ],
          "attributes": {
          }
        },
        "$auto$opt_expr.cc:205:group_cell_inputs$38": {
          "hide_name": 1,
          "bits": [ 26, 27, 28 ],
          "attributes": {
          }
        },
        "$auto$opt_expr.cc:205:group_cell_inputs$43": {
          "hide_name": 1,
          "bits": [ 30 ],
          "attributes": {
          }
        },
        "$auto$wreduce.cc:514:run$28": {
          "hide_name": 1,
          "bits": [ 31, 32, 33, 34, 35, 36, 37, 38, 39, 56, 57, 58, 59, 60, 61, 62, 63, 64, 65, 66, 67, 68, 69, 70 ],
          "attributes": {
            "src": "designs/227/top.sv:30.33-30.62",
            "unused_bits": "9 10 11 12 13 14 15 16 17 18 19 20 21 22 23"
          }
        },
        "$reduce_bool$designs/227/top.sv:23$5_Y": {
          "hide_name": 1,
          "bits": [ 53 ],
          "attributes": {
            "src": "designs/227/top.sv:23.21-23.80"
          }
        },
        "input_data": {
          "hide_name": 0,
          "bits": [ 2, 3, 4 ],
          "attributes": {
            "src": "designs/227/top.sv:2.17-2.27"
          }
        },
        "output_data": {
          "hide_name": 0,
          "bits": [ 5, 6, 7, 8, 9, 10, "0", "0", "0", "0", "0", "0", "0", "0", "0", "0", "0", "0", "0" ],
          "attributes": {
            "src": "designs/227/top.sv:3.19-3.30"
          }
        },
        "temp_0": {
          "hide_name": 0,
          "bits": [ 17, 18, 22, 40, 41, 42, 43, 44, 45 ],
          "attributes": {
            "src": "designs/227/top.sv:6.17-6.23"
          }
        },
        "temp_1": {
          "hide_name": 0,
          "bits": [ 52, 54, 55, 40, 41, 42, 43, 44, 45 ],
          "attributes": {
          }
        },
        "temp_12": {
          "hide_name": 0,
          "bits": [ 19, 20, 21, 6, 7, 8, 9, 10, "0", "0" ],
          "attributes": {
            "src": "designs/227/top.sv:18.17-18.24",
            "unused_bits": "0 1"
          }
        },
        "temp_4": {
          "hide_name": 0,
          "bits": [ 29 ],
          "attributes": {
            "single_bit_vector": "00000000000000000000000000000001",
            "src": "designs/227/top.sv:10.17-10.23"
          }
        },
        "temp_8": {
          "hide_name": 0,
          "bits": [ 46, 47, 48, 49, 50, 51, 14, 15, 16, "0", "0", "0", "0" ],
          "attributes": {
            "src": "designs/227/top.sv:14.18-14.24",
            "unused_bits": "0 1 2 3 4 5"
          }
        }
      }
    }
  }
}
