{
  "creator": "Yosys 0.60 (git sha1 5bafeb77dc71e054fa331ab9efa613e6fb0a1c49, clang++ 17.0.0 -fPIC -O3)",
  "modules": {
    "top": {
      "attributes": {
        "top": "00000000000000000000000000000001",
        "src": "designs/188/top.sv:1.1-50.10"
      },
      "ports": {
        "input_data": {
          "direction": "input",
          "bits": [ 2, 3, 4, 5, 6 ]
        },
        "output_data": {
          "direction": "output",
          "bits": [ 7, 8, 9, 10, 11, 12, 13, 14, 15 ]
        }
      },
      "cells": {
        "$add$designs/188/top.sv:26$31": {
          "hide_name": 1,
          "type": "$add",
          "parameters": {
            "A_SIGNED": "00000000000000000000000000000000",
            "A_WIDTH": "00000000000000000000000000000101",
            "B_SIGNED": "00000000000000000000000000000000",
            "B_WIDTH": "00000000000000000000000000000101",
            "Y_WIDTH": "00000000000000000000000000000101"
          },
          "attributes": {
            "src": "designs/188/top.sv:26.94-26.170"
          },
          "port_directions": {
            "A": "input",
            "B": "input",
            "Y": "output"
          },
          "connections": {
            "A": [ 16, 17, 18, 19, 20 ],
            "B": [ 2, 3, 4, 5, 6 ],
            "Y": [ 21, 22, 23, 24, 25 ]
          }
        },
        "$add$designs/188/top.sv:26$35": {
          "hide_name": 1,
          "type": "$add",
          "parameters": {
            "A_SIGNED": "00000000000000000000000000000000",
            "A_WIDTH": "00000000000000000000000000010000",
            "B_SIGNED": "00000000000000000000000000000000",
            "B_WIDTH": "00000000000000000000000000000101",
            "Y_WIDTH": "00000000000000000000000000010000"
          },
          "attributes": {
            "src": "designs/188/top.sv:26.73-26.220"
          },
          "port_directions": {
            "A": "input",
            "B": "input",
            "Y": "output"
          },
          "connections": {
            "A": [ 26, 27, 28, 29, 30, 31, 32, 33, 34, 35, 36, 37, 38, 39, 40, 41 ],
            "B": [ 2, 3, 4, 5, 6 ],
            "Y": [ 42, 43, 44, 45, 46, 47, 48, 49, 50, 51, 52, 53, 54, 55, 56, 57 ]
          }
        },
        "$add$designs/188/top.sv:30$55": {
          "hide_name": 1,
          "type": "$add",
          "parameters": {
            "A_SIGNED": "00000000000000000000000000000000",
            "A_WIDTH": "00000000000000000000000000001011",
            "B_SIGNED": "00000000000000000000000000000000",
            "B_WIDTH": "00000000000000000000000000001011",
            "Y_WIDTH": "00000000000000000000000000001011"
          },
          "attributes": {
            "src": "designs/188/top.sv:30.45-30.153"
          },
          "port_directions": {
            "A": "input",
            "B": "input",
            "Y": "output"
          },
          "connections": {
            "A": [ 58, 59, 60, 61, 62, 63, 64, 65, 66, 67, 68 ],
            "B": [ 69, 70, 71, 72, 73, "1", "1", "1", "1", "1", "1" ],
            "Y": [ 74, 75, 76, 77, 78, 79, 80, 81, 82, 83, 84 ]
          }
        },
        "$add$designs/188/top.sv:30$56": {
          "hide_name": 1,
          "type": "$add",
          "parameters": {
            "A_SIGNED": "00000000000000000000000000000000",
            "A_WIDTH": "00000000000000000000000000001011",
            "B_SIGNED": "00000000000000000000000000000000",
            "B_WIDTH": "00000000000000000000000000001011",
            "Y_WIDTH": "00000000000000000000000000001011"
          },
          "attributes": {
            "src": "designs/188/top.sv:30.34-30.164"
          },
          "port_directions": {
            "A": "input",
            "B": "input",
            "Y": "output"
          },
          "connections": {
            "A": [ 74, 75, 76, 77, 78, 79, 80, 81, 82, 83, 84 ],
            "B": [ 85, 86, 87, 88, 89, 90, 91, 92, 93, 94, 95 ],
            "Y": [ 96, 97, 98, 99, 100, 101, 102, 103, 104, 105, 106 ]
          }
        },
        "$add$designs/188/top.sv:30$58": {
          "hide_name": 1,
          "type": "$add",
          "parameters": {
            "A_SIGNED": "00000000000000000000000000000000",
            "A_WIDTH": "00000000000000000000000000001011",
            "B_SIGNED": "00000000000000000000000000000000",
            "B_WIDTH": "00000000000000000000000000000100",
            "Y_WIDTH": "00000000000000000000000000001011"
          },
          "attributes": {
            "src": "designs/188/top.sv:30.24-30.190"
          },
          "port_directions": {
            "A": "input",
            "B": "input",
            "Y": "output"
          },
          "connections": {
            "A": [ 107, 108, 98, 99, 100, 101, 102, 103, 104, 105, 106 ],
            "B": [ 109, 110, 111, 112 ],
            "Y": [ 113, 114, 115, 116, 117, 118, 119, 120, 121, 122, 123 ]
          }
        },
        "$auto$opt_expr.cc:250:group_cell_inputs$336": {
          "hide_name": 1,
          "type": "$not",
          "parameters": {
            "A_SIGNED": "00000000000000000000000000000000",
            "A_WIDTH": "00000000000000000000000000000001",
            "Y_WIDTH": "00000000000000000000000000000001"
          },
          "attributes": {
          },
          "port_directions": {
            "A": "input",
            "Y": "output"
          },
          "connections": {
            "A": [ 124 ],
            "Y": [ 125 ]
          }
        },
        "$auto$opt_expr.cc:250:group_cell_inputs$338": {
          "hide_name": 1,
          "type": "$not",
          "parameters": {
            "A_SIGNED": "00000000000000000000000000000000",
            "A_WIDTH": "00000000000000000000000000000001",
            "Y_WIDTH": "00000000000000000000000000000001"
          },
          "attributes": {
          },
          "port_directions": {
            "A": "input",
            "Y": "output"
          },
          "connections": {
            "A": [ 126 ],
            "Y": [ 127 ]
          }
        },
        "$auto$opt_expr.cc:250:group_cell_inputs$340": {
          "hide_name": 1,
          "type": "$not",
          "parameters": {
            "A_SIGNED": "00000000000000000000000000000000",
            "A_WIDTH": "00000000000000000000000000000001",
            "Y_WIDTH": "00000000000000000000000000000001"
          },
          "attributes": {
          },
          "port_directions": {
            "A": "input",
            "Y": "output"
          },
          "connections": {
            "A": [ 128 ],
            "Y": [ 129 ]
          }
        },
        "$auto$opt_expr.cc:250:group_cell_inputs$342": {
          "hide_name": 1,
          "type": "$not",
          "parameters": {
            "A_SIGNED": "00000000000000000000000000000000",
            "A_WIDTH": "00000000000000000000000000000001",
            "Y_WIDTH": "00000000000000000000000000000001"
          },
          "attributes": {
          },
          "port_directions": {
            "A": "input",
            "Y": "output"
          },
          "connections": {
            "A": [ 130 ],
            "Y": [ 131 ]
          }
        },
        "$auto$opt_expr.cc:250:group_cell_inputs$344": {
          "hide_name": 1,
          "type": "$not",
          "parameters": {
            "A_SIGNED": "00000000000000000000000000000000",
            "A_WIDTH": "00000000000000000000000000000001",
            "Y_WIDTH": "00000000000000000000000000000001"
          },
          "attributes": {
          },
          "port_directions": {
            "A": "input",
            "Y": "output"
          },
          "connections": {
            "A": [ 132 ],
            "Y": [ 133 ]
          }
        },
        "$auto$opt_expr.cc:250:group_cell_inputs$346": {
          "hide_name": 1,
          "type": "$not",
          "parameters": {
            "A_SIGNED": "00000000000000000000000000000000",
            "A_WIDTH": "00000000000000000000000000000001",
            "Y_WIDTH": "00000000000000000000000000000001"
          },
          "attributes": {
          },
          "port_directions": {
            "A": "input",
            "Y": "output"
          },
          "connections": {
            "A": [ 134 ],
            "Y": [ 135 ]
          }
        },
        "$auto$opt_expr.cc:250:group_cell_inputs$348": {
          "hide_name": 1,
          "type": "$not",
          "parameters": {
            "A_SIGNED": "00000000000000000000000000000000",
            "A_WIDTH": "00000000000000000000000000000001",
            "Y_WIDTH": "00000000000000000000000000000001"
          },
          "attributes": {
          },
          "port_directions": {
            "A": "input",
            "Y": "output"
          },
          "connections": {
            "A": [ 136 ],
            "Y": [ 137 ]
          }
        },
        "$auto$opt_expr.cc:250:group_cell_inputs$350": {
          "hide_name": 1,
          "type": "$not",
          "parameters": {
            "A_SIGNED": "00000000000000000000000000000000",
            "A_WIDTH": "00000000000000000000000000000001",
            "Y_WIDTH": "00000000000000000000000000000001"
          },
          "attributes": {
          },
          "port_directions": {
            "A": "input",
            "Y": "output"
          },
          "connections": {
            "A": [ 138 ],
            "Y": [ 139 ]
          }
        },
        "$auto$opt_expr.cc:250:group_cell_inputs$352": {
          "hide_name": 1,
          "type": "$not",
          "parameters": {
            "A_SIGNED": "00000000000000000000000000000000",
            "A_WIDTH": "00000000000000000000000000000001",
            "Y_WIDTH": "00000000000000000000000000000001"
          },
          "attributes": {
          },
          "port_directions": {
            "A": "input",
            "Y": "output"
          },
          "connections": {
            "A": [ 140 ],
            "Y": [ 141 ]
          }
        },
        "$auto$opt_expr.cc:250:group_cell_inputs$354": {
          "hide_name": 1,
          "type": "$not",
          "parameters": {
            "A_SIGNED": "00000000000000000000000000000000",
            "A_WIDTH": "00000000000000000000000000000001",
            "Y_WIDTH": "00000000000000000000000000000001"
          },
          "attributes": {
          },
          "port_directions": {
            "A": "input",
            "Y": "output"
          },
          "connections": {
            "A": [ 142 ],
            "Y": [ 143 ]
          }
        },
        "$auto$opt_expr.cc:250:group_cell_inputs$356": {
          "hide_name": 1,
          "type": "$not",
          "parameters": {
            "A_SIGNED": "00000000000000000000000000000000",
            "A_WIDTH": "00000000000000000000000000000001",
            "Y_WIDTH": "00000000000000000000000000000001"
          },
          "attributes": {
          },
          "port_directions": {
            "A": "input",
            "Y": "output"
          },
          "connections": {
            "A": [ 144 ],
            "Y": [ 145 ]
          }
        },
        "$auto$opt_expr.cc:250:group_cell_inputs$358": {
          "hide_name": 1,
          "type": "$not",
          "parameters": {
            "A_SIGNED": "00000000000000000000000000000000",
            "A_WIDTH": "00000000000000000000000000000001",
            "Y_WIDTH": "00000000000000000000000000000001"
          },
          "attributes": {
          },
          "port_directions": {
            "A": "input",
            "Y": "output"
          },
          "connections": {
            "A": [ 146 ],
            "Y": [ 147 ]
          }
        },
        "$auto$opt_expr.cc:250:group_cell_inputs$360": {
          "hide_name": 1,
          "type": "$not",
          "parameters": {
            "A_SIGNED": "00000000000000000000000000000000",
            "A_WIDTH": "00000000000000000000000000000001",
            "Y_WIDTH": "00000000000000000000000000000001"
          },
          "attributes": {
          },
          "port_directions": {
            "A": "input",
            "Y": "output"
          },
          "connections": {
            "A": [ 148 ],
            "Y": [ 149 ]
          }
        },
        "$auto$opt_expr.cc:250:group_cell_inputs$362": {
          "hide_name": 1,
          "type": "$not",
          "parameters": {
            "A_SIGNED": "00000000000000000000000000000000",
            "A_WIDTH": "00000000000000000000000000000001",
            "Y_WIDTH": "00000000000000000000000000000001"
          },
          "attributes": {
          },
          "port_directions": {
            "A": "input",
            "Y": "output"
          },
          "connections": {
            "A": [ 150 ],
            "Y": [ 151 ]
          }
        },
        "$auto$opt_expr.cc:250:group_cell_inputs$364": {
          "hide_name": 1,
          "type": "$not",
          "parameters": {
            "A_SIGNED": "00000000000000000000000000000000",
            "A_WIDTH": "00000000000000000000000000000001",
            "Y_WIDTH": "00000000000000000000000000000001"
          },
          "attributes": {
          },
          "port_directions": {
            "A": "input",
            "Y": "output"
          },
          "connections": {
            "A": [ 152 ],
            "Y": [ 153 ]
          }
        },
        "$auto$opt_expr.cc:250:group_cell_inputs$366": {
          "hide_name": 1,
          "type": "$not",
          "parameters": {
            "A_SIGNED": "00000000000000000000000000000000",
            "A_WIDTH": "00000000000000000000000000000001",
            "Y_WIDTH": "00000000000000000000000000000001"
          },
          "attributes": {
          },
          "port_directions": {
            "A": "input",
            "Y": "output"
          },
          "connections": {
            "A": [ 154 ],
            "Y": [ 155 ]
          }
        },
        "$auto$opt_expr.cc:250:group_cell_inputs$368": {
          "hide_name": 1,
          "type": "$not",
          "parameters": {
            "A_SIGNED": "00000000000000000000000000000000",
            "A_WIDTH": "00000000000000000000000000000001",
            "Y_WIDTH": "00000000000000000000000000000001"
          },
          "attributes": {
          },
          "port_directions": {
            "A": "input",
            "Y": "output"
          },
          "connections": {
            "A": [ 156 ],
            "Y": [ 157 ]
          }
        },
        "$auto$opt_expr.cc:250:group_cell_inputs$370": {
          "hide_name": 1,
          "type": "$not",
          "parameters": {
            "A_SIGNED": "00000000000000000000000000000000",
            "A_WIDTH": "00000000000000000000000000000001",
            "Y_WIDTH": "00000000000000000000000000000001"
          },
          "attributes": {
          },
          "port_directions": {
            "A": "input",
            "Y": "output"
          },
          "connections": {
            "A": [ 158 ],
            "Y": [ 159 ]
          }
        },
        "$auto$opt_expr.cc:250:group_cell_inputs$372": {
          "hide_name": 1,
          "type": "$not",
          "parameters": {
            "A_SIGNED": "00000000000000000000000000000000",
            "A_WIDTH": "00000000000000000000000000000001",
            "Y_WIDTH": "00000000000000000000000000000001"
          },
          "attributes": {
          },
          "port_directions": {
            "A": "input",
            "Y": "output"
          },
          "connections": {
            "A": [ 160 ],
            "Y": [ 161 ]
          }
        },
        "$auto$opt_expr.cc:250:group_cell_inputs$374": {
          "hide_name": 1,
          "type": "$not",
          "parameters": {
            "A_SIGNED": "00000000000000000000000000000000",
            "A_WIDTH": "00000000000000000000000000000001",
            "Y_WIDTH": "00000000000000000000000000000001"
          },
          "attributes": {
          },
          "port_directions": {
            "A": "input",
            "Y": "output"
          },
          "connections": {
            "A": [ 162 ],
            "Y": [ 163 ]
          }
        },
        "$auto$opt_expr.cc:250:group_cell_inputs$376": {
          "hide_name": 1,
          "type": "$not",
          "parameters": {
            "A_SIGNED": "00000000000000000000000000000000",
            "A_WIDTH": "00000000000000000000000000000001",
            "Y_WIDTH": "00000000000000000000000000000001"
          },
          "attributes": {
          },
          "port_directions": {
            "A": "input",
            "Y": "output"
          },
          "connections": {
            "A": [ 164 ],
            "Y": [ 165 ]
          }
        },
        "$auto$opt_expr.cc:276:group_cell_inputs$177": {
          "hide_name": 1,
          "type": "$or",
          "parameters": {
            "A_SIGNED": "00000000000000000000000000000000",
            "A_WIDTH": "00000000000000000000000000000010",
            "B_SIGNED": "00000000000000000000000000000000",
            "B_WIDTH": "00000000000000000000000000000010",
            "Y_WIDTH": "00000000000000000000000000000010"
          },
          "attributes": {
          },
          "port_directions": {
            "A": "input",
            "B": "input",
            "Y": "output"
          },
          "connections": {
            "A": [ 85, 86 ],
            "B": [ 3, 4 ],
            "Y": [ 166, 167 ]
          }
        },
        "$auto$opt_expr.cc:276:group_cell_inputs$180": {
          "hide_name": 1,
          "type": "$not",
          "parameters": {
            "A_SIGNED": "00000000000000000000000000000000",
            "A_WIDTH": "00000000000000000000000000000010",
            "Y_WIDTH": "00000000000000000000000000000010"
          },
          "attributes": {
          },
          "port_directions": {
            "A": "input",
            "Y": "output"
          },
          "connections": {
            "A": [ 4, 5 ],
            "Y": [ 168, 169 ]
          }
        },
        "$auto$opt_expr.cc:276:group_cell_inputs$186": {
          "hide_name": 1,
          "type": "$or",
          "parameters": {
            "A_SIGNED": "00000000000000000000000000000000",
            "A_WIDTH": "00000000000000000000000000000010",
            "B_SIGNED": "00000000000000000000000000000000",
            "B_WIDTH": "00000000000000000000000000000010",
            "Y_WIDTH": "00000000000000000000000000000010"
          },
          "attributes": {
          },
          "port_directions": {
            "A": "input",
            "B": "input",
            "Y": "output"
          },
          "connections": {
            "A": [ 170, 171 ],
            "B": [ 172, 173 ],
            "Y": [ 174, 175 ]
          }
        },
        "$auto$opt_expr.cc:276:group_cell_inputs$189": {
          "hide_name": 1,
          "type": "$xor",
          "parameters": {
            "A_SIGNED": "00000000000000000000000000000000",
            "A_WIDTH": "00000000000000000000000000000010",
            "B_SIGNED": "00000000000000000000000000000000",
            "B_WIDTH": "00000000000000000000000000000010",
            "Y_WIDTH": "00000000000000000000000000000010"
          },
          "attributes": {
          },
          "port_directions": {
            "A": "input",
            "B": "input",
            "Y": "output"
          },
          "connections": {
            "A": [ 176, 177 ],
            "B": [ 172, 173 ],
            "Y": [ 178, 179 ]
          }
        },
        "$auto$opt_expr.cc:276:group_cell_inputs$192": {
          "hide_name": 1,
          "type": "$xor",
          "parameters": {
            "A_SIGNED": "00000000000000000000000000000000",
            "A_WIDTH": "00000000000000000000000000000010",
            "B_SIGNED": "00000000000000000000000000000000",
            "B_WIDTH": "00000000000000000000000000000010",
            "Y_WIDTH": "00000000000000000000000000000010"
          },
          "attributes": {
          },
          "port_directions": {
            "A": "input",
            "B": "input",
            "Y": "output"
          },
          "connections": {
            "A": [ 180, 181 ],
            "B": [ 172, 173 ],
            "Y": [ 182, 183 ]
          }
        },
        "$auto$opt_expr.cc:276:group_cell_inputs$195": {
          "hide_name": 1,
          "type": "$or",
          "parameters": {
            "A_SIGNED": "00000000000000000000000000000000",
            "A_WIDTH": "00000000000000000000000000010000",
            "B_SIGNED": "00000000000000000000000000000000",
            "B_WIDTH": "00000000000000000000000000010000",
            "Y_WIDTH": "00000000000000000000000000010000"
          },
          "attributes": {
          },
          "port_directions": {
            "A": "input",
            "B": "input",
            "Y": "output"
          },
          "connections": {
            "A": [ 42, 43, 44, 45, 46, 47, 48, 49, 50, 51, 52, 53, 54, 55, 56, 57 ],
            "B": [ 184, 185, 186, 187, 188, 189, 190, 191, 192, 193, 194, 195, 196, 197, 198, 199 ],
            "Y": [ 200, 201, 202, 203, 204, 205, 206, 207, 208, 209, 210, 211, 212, 213, 214, 215 ]
          }
        },
        "$auto$opt_expr.cc:276:group_cell_inputs$198": {
          "hide_name": 1,
          "type": "$or",
          "parameters": {
            "A_SIGNED": "00000000000000000000000000000000",
            "A_WIDTH": "00000000000000000000000000001110",
            "B_SIGNED": "00000000000000000000000000000000",
            "B_WIDTH": "00000000000000000000000000001110",
            "Y_WIDTH": "00000000000000000000000000001110"
          },
          "attributes": {
          },
          "port_directions": {
            "A": "input",
            "B": "input",
            "Y": "output"
          },
          "connections": {
            "A": [ 200, 201, 202, 203, 204, 205, 206, 207, 208, 209, 210, 211, 212, 213 ],
            "B": [ 85, 86, 87, 88, 89, 90, 91, 92, 93, 94, 95, 216, 217, 218 ],
            "Y": [ 219, 220, 221, 222, 223, 224, 225, 226, 227, 228, 229, 230, 231, 232 ]
          }
        },
        "$auto$opt_expr.cc:276:group_cell_inputs$201": {
          "hide_name": 1,
          "type": "$or",
          "parameters": {
            "A_SIGNED": "00000000000000000000000000000000",
            "A_WIDTH": "00000000000000000000000000000101",
            "B_SIGNED": "00000000000000000000000000000000",
            "B_WIDTH": "00000000000000000000000000000101",
            "Y_WIDTH": "00000000000000000000000000000101"
          },
          "attributes": {
          },
          "port_directions": {
            "A": "input",
            "B": "input",
            "Y": "output"
          },
          "connections": {
            "A": [ 219, 220, 221, 222, 223 ],
            "B": [ 184, 185, 186, 187, 188 ],
            "Y": [ 233, 234, 235, 236, 237 ]
          }
        },
        "$auto$opt_expr.cc:276:group_cell_inputs$204": {
          "hide_name": 1,
          "type": "$and",
          "parameters": {
            "A_SIGNED": "00000000000000000000000000000000",
            "A_WIDTH": "00000000000000000000000000000101",
            "B_SIGNED": "00000000000000000000000000000000",
            "B_WIDTH": "00000000000000000000000000000101",
            "Y_WIDTH": "00000000000000000000000000000101"
          },
          "attributes": {
          },
          "port_directions": {
            "A": "input",
            "B": "input",
            "Y": "output"
          },
          "connections": {
            "A": [ 238, 239, 240, 241, 242 ],
            "B": [ 2, 3, 4, 5, 6 ],
            "Y": [ 243, 244, 245, 246, 247 ]
          }
        },
        "$auto$opt_expr.cc:276:group_cell_inputs$208": {
          "hide_name": 1,
          "type": "$not",
          "parameters": {
            "A_SIGNED": "00000000000000000000000000000000",
            "A_WIDTH": "00000000000000000000000000000001",
            "Y_WIDTH": "00000000000000000000000000000001"
          },
          "attributes": {
          },
          "port_directions": {
            "A": "input",
            "Y": "output"
          },
          "connections": {
            "A": [ 173 ],
            "Y": [ 248 ]
          }
        },
        "$auto$opt_expr.cc:276:group_cell_inputs$212": {
          "hide_name": 1,
          "type": "$and",
          "parameters": {
            "A_SIGNED": "00000000000000000000000000000000",
            "A_WIDTH": "00000000000000000000000000000010",
            "B_SIGNED": "00000000000000000000000000000000",
            "B_WIDTH": "00000000000000000000000000000010",
            "Y_WIDTH": "00000000000000000000000000000010"
          },
          "attributes": {
          },
          "port_directions": {
            "A": "input",
            "B": "input",
            "Y": "output"
          },
          "connections": {
            "A": [ 249, 250 ],
            "B": [ 172, 173 ],
            "Y": [ 251, 252 ]
          }
        },
        "$auto$opt_expr.cc:276:group_cell_inputs$219": {
          "hide_name": 1,
          "type": "$not",
          "parameters": {
            "A_SIGNED": "00000000000000000000000000000000",
            "A_WIDTH": "00000000000000000000000000001001",
            "Y_WIDTH": "00000000000000000000000000001001"
          },
          "attributes": {
          },
          "port_directions": {
            "A": "input",
            "Y": "output"
          },
          "connections": {
            "A": [ 85, 86, 87, 88, 89, 90, 91, 92, 93 ],
            "Y": [ 253, 254, 255, 256, 257, 258, 259, 260, 261 ]
          }
        },
        "$auto$opt_expr.cc:276:group_cell_inputs$223": {
          "hide_name": 1,
          "type": "$or",
          "parameters": {
            "A_SIGNED": "00000000000000000000000000000000",
            "A_WIDTH": "00000000000000000000000000000010",
            "B_SIGNED": "00000000000000000000000000000000",
            "B_WIDTH": "00000000000000000000000000000010",
            "Y_WIDTH": "00000000000000000000000000000010"
          },
          "attributes": {
          },
          "port_directions": {
            "A": "input",
            "B": "input",
            "Y": "output"
          },
          "connections": {
            "A": [ 96, 97 ],
            "B": [ 172, 173 ],
            "Y": [ 107, 108 ]
          }
        },
        "$auto$opt_expr.cc:276:group_cell_inputs$226": {
          "hide_name": 1,
          "type": "$and",
          "parameters": {
            "A_SIGNED": "00000000000000000000000000000000",
            "A_WIDTH": "00000000000000000000000000000100",
            "B_SIGNED": "00000000000000000000000000000000",
            "B_WIDTH": "00000000000000000000000000000100",
            "Y_WIDTH": "00000000000000000000000000000100"
          },
          "attributes": {
          },
          "port_directions": {
            "A": "input",
            "B": "input",
            "Y": "output"
          },
          "connections": {
            "A": [ 113, 114, 115, 116 ],
            "B": [ 109, 110, 111, 112 ],
            "Y": [ 262, 263, 264, 265 ]
          }
        },
        "$auto$opt_expr.cc:276:group_cell_inputs$269": {
          "hide_name": 1,
          "type": "$not",
          "parameters": {
            "A_SIGNED": "00000000000000000000000000000000",
            "A_WIDTH": "00000000000000000000000000000101",
            "Y_WIDTH": "00000000000000000000000000000101"
          },
          "attributes": {
          },
          "port_directions": {
            "A": "input",
            "Y": "output"
          },
          "connections": {
            "A": [ 2, 3, 4, 5, 6 ],
            "Y": [ 266, 267, 268, 269, 270 ]
          }
        },
        "$auto$opt_expr.cc:276:group_cell_inputs$334": {
          "hide_name": 1,
          "type": "$xor",
          "parameters": {
            "A_SIGNED": "00000000000000000000000000000000",
            "A_WIDTH": "00000000000000000000000000000010",
            "B_SIGNED": "00000000000000000000000000000000",
            "B_WIDTH": "00000000000000000000000000000010",
            "Y_WIDTH": "00000000000000000000000000000010"
          },
          "attributes": {
          },
          "port_directions": {
            "A": "input",
            "B": "input",
            "Y": "output"
          },
          "connections": {
            "A": [ 271, 272 ],
            "B": [ 168, 169 ],
            "Y": [ 273, 274 ]
          }
        },
        "$auto$opt_expr.cc:276:group_cell_inputs$379": {
          "hide_name": 1,
          "type": "$or",
          "parameters": {
            "A_SIGNED": "00000000000000000000000000000000",
            "A_WIDTH": "00000000000000000000000000000010",
            "B_SIGNED": "00000000000000000000000000000000",
            "B_WIDTH": "00000000000000000000000000000010",
            "Y_WIDTH": "00000000000000000000000000000010"
          },
          "attributes": {
          },
          "port_directions": {
            "A": "input",
            "B": "input",
            "Y": "output"
          },
          "connections": {
            "A": [ 251, 252 ],
            "B": [ 2, 3 ],
            "Y": [ 275, 276 ]
          }
        },
        "$auto$opt_expr.cc:276:group_cell_inputs$382": {
          "hide_name": 1,
          "type": "$or",
          "parameters": {
            "A_SIGNED": "00000000000000000000000000000000",
            "A_WIDTH": "00000000000000000000000000000101",
            "B_SIGNED": "00000000000000000000000000000000",
            "B_WIDTH": "00000000000000000000000000000101",
            "Y_WIDTH": "00000000000000000000000000000101"
          },
          "attributes": {
          },
          "port_directions": {
            "A": "input",
            "B": "input",
            "Y": "output"
          },
          "connections": {
            "A": [ 85, 86, 87, 88, 89 ],
            "B": [ 243, 244, 245, 246, 247 ],
            "Y": [ 277, 278, 279, 280, 281 ]
          }
        },
        "$auto$opt_expr.cc:276:group_cell_inputs$385": {
          "hide_name": 1,
          "type": "$and",
          "parameters": {
            "A_SIGNED": "00000000000000000000000000000000",
            "A_WIDTH": "00000000000000000000000000001001",
            "B_SIGNED": "00000000000000000000000000000000",
            "B_WIDTH": "00000000000000000000000000001001",
            "Y_WIDTH": "00000000000000000000000000001001"
          },
          "attributes": {
          },
          "port_directions": {
            "A": "input",
            "B": "input",
            "Y": "output"
          },
          "connections": {
            "A": [ 282, 283, 284, 285, 286, 287, 288, 289, 290 ],
            "B": [ 253, 254, 255, 256, 257, 258, 259, 260, 261 ],
            "Y": [ 58, 59, 60, 61, 62, 63, 64, 65, 66 ]
          }
        },
        "$auto$opt_expr.cc:276:group_cell_inputs$407": {
          "hide_name": 1,
          "type": "$not",
          "parameters": {
            "A_SIGNED": "00000000000000000000000000000000",
            "A_WIDTH": "00000000000000000000000000000101",
            "Y_WIDTH": "00000000000000000000000000000101"
          },
          "attributes": {
          },
          "port_directions": {
            "A": "input",
            "Y": "output"
          },
          "connections": {
            "A": [ 243, 244, 245, 246, 247 ],
            "Y": [ 69, 70, 71, 72, 73 ]
          }
        },
        "$mul$designs/188/top.sv:23$9": {
          "hide_name": 1,
          "type": "$mul",
          "parameters": {
            "A_SIGNED": "00000000000000000000000000000000",
            "A_WIDTH": "00000000000000000000000000000101",
            "B_SIGNED": "00000000000000000000000000000000",
            "B_WIDTH": "00000000000000000000000000010111",
            "Y_WIDTH": "00000000000000000000000000010111"
          },
          "attributes": {
            "src": "designs/188/top.sv:23.22-23.177"
          },
          "port_directions": {
            "A": "input",
            "B": "input",
            "Y": "output"
          },
          "connections": {
            "A": [ 291, 292, 293, 294, 295 ],
            "B": [ 266, 267, 268, 269, 270, "1", "1", "1", "1", "1", "1", "1", "1", "1", "1", "1", "1", "1", "1", "1", "1", "1", "1" ],
            "Y": [ 85, 86, 87, 88, 89, 90, 91, 92, 93, 94, 95, 216, 217, 218, 296, 297, 298, 299, 300, 301, 302, 303, 304 ]
          }
        },
        "$mul$designs/188/top.sv:24$11": {
          "hide_name": 1,
          "type": "$mul",
          "parameters": {
            "A_SIGNED": "00000000000000000000000000000000",
            "A_WIDTH": "00000000000000000000000000010111",
            "B_SIGNED": "00000000000000000000000000000000",
            "B_WIDTH": "00000000000000000000000000000010",
            "Y_WIDTH": "00000000000000000000000000010111"
          },
          "attributes": {
            "src": "designs/188/top.sv:24.66-24.110"
          },
          "port_directions": {
            "A": "input",
            "B": "input",
            "Y": "output"
          },
          "connections": {
            "A": [ 166, 167, 87, 88, 89, 90, 91, 92, 93, 94, 95, 216, 217, 218, 296, 297, 298, 299, 300, 301, 302, 303, 304 ],
            "B": [ 4, 5 ],
            "Y": [ 271, 272, 124, 126, 128, 130, 132, 134, 136, 138, 140, 142, 144, 146, 148, 150, 152, 154, 156, 158, 160, 162, 164 ]
          }
        },
        "$mul$designs/188/top.sv:24$15": {
          "hide_name": 1,
          "type": "$mul",
          "parameters": {
            "A_SIGNED": "00000000000000000000000000000000",
            "A_WIDTH": "00000000000000000000000000010111",
            "B_SIGNED": "00000000000000000000000000000000",
            "B_WIDTH": "00000000000000000000000000000010",
            "Y_WIDTH": "00000000000000000000000000010111"
          },
          "attributes": {
            "src": "designs/188/top.sv:24.44-24.153"
          },
          "port_directions": {
            "A": "input",
            "B": "input",
            "Y": "output"
          },
          "connections": {
            "A": [ 273, 274, 125, 127, 129, 131, 133, 135, 137, 139, 141, 143, 145, 147, 149, 151, 153, 155, 157, 159, 161, 163, 165 ],
            "B": [ 3, 4 ],
            "Y": [ 305, 306, 307, 308, 309, 310, 311, 312, 313, 314, 315, 316, 317, 318, 319, 320, 321, 322, 323, 324, 325, 326, 327 ]
          }
        },
        "$mul$designs/188/top.sv:24$16": {
          "hide_name": 1,
          "type": "$mul",
          "parameters": {
            "A_SIGNED": "00000000000000000000000000000000",
            "A_WIDTH": "00000000000000000000000000010111",
            "B_SIGNED": "00000000000000000000000000000000",
            "B_WIDTH": "00000000000000000000000000000010",
            "Y_WIDTH": "00000000000000000000000000010111"
          },
          "attributes": {
            "src": "designs/188/top.sv:24.43-24.172"
          },
          "port_directions": {
            "A": "input",
            "B": "input",
            "Y": "output"
          },
          "connections": {
            "A": [ 305, 306, 307, 308, 309, 310, 311, 312, 313, 314, 315, 316, 317, 318, 319, 320, 321, 322, 323, 324, 325, 326, 327 ],
            "B": [ 2, 3 ],
            "Y": [ 328, 329, 330, 331, 332, 333, 334, 335, 336, 337, 338, 339, 340, 341, 342, 343, 344, 345, 346, 347, 348, 349, 350 ]
          }
        },
        "$mul$designs/188/top.sv:24$17": {
          "hide_name": 1,
          "type": "$mul",
          "parameters": {
            "A_SIGNED": "00000000000000000000000000000000",
            "A_WIDTH": "00000000000000000000000000010111",
            "B_SIGNED": "00000000000000000000000000000000",
            "B_WIDTH": "00000000000000000000000000000010",
            "Y_WIDTH": "00000000000000000000000000000010"
          },
          "attributes": {
            "src": "designs/188/top.sv:24.32-24.192"
          },
          "port_directions": {
            "A": "input",
            "B": "input",
            "Y": "output"
          },
          "connections": {
            "A": [ 328, 329, 330, 331, 332, 333, 334, 335, 336, 337, 338, 339, 340, 341, 342, 343, 344, 345, 346, 347, 348, 349, 350 ],
            "B": [ 2, 3 ],
            "Y": [ 172, 173 ]
          }
        },
        "$mul$designs/188/top.sv:25$20": {
          "hide_name": 1,
          "type": "$mul",
          "parameters": {
            "A_SIGNED": "00000000000000000000000000000000",
            "A_WIDTH": "00000000000000000000000000000101",
            "B_SIGNED": "00000000000000000000000000000000",
            "B_WIDTH": "00000000000000000000000000000101",
            "Y_WIDTH": "00000000000000000000000000000101"
          },
          "attributes": {
            "src": "designs/188/top.sv:25.63-25.126"
          },
          "port_directions": {
            "A": "input",
            "B": "input",
            "Y": "output"
          },
          "connections": {
            "A": [ 351, 352, 353, 354, 355 ],
            "B": [ 2, 3, 4, 5, 6 ],
            "Y": [ 170, 171, 356, 357, 358 ]
          }
        },
        "$mul$designs/188/top.sv:25$22": {
          "hide_name": 1,
          "type": "$mul",
          "parameters": {
            "A_SIGNED": "00000000000000000000000000000000",
            "A_WIDTH": "00000000000000000000000000000101",
            "B_SIGNED": "00000000000000000000000000000000",
            "B_WIDTH": "00000000000000000000000000000101",
            "Y_WIDTH": "00000000000000000000000000000101"
          },
          "attributes": {
            "src": "designs/188/top.sv:25.53-25.151"
          },
          "port_directions": {
            "A": "input",
            "B": "input",
            "Y": "output"
          },
          "connections": {
            "A": [ 174, 175, 356, 357, 358 ],
            "B": [ 2, 3, 4, 5, 6 ],
            "Y": [ 176, 177, 359, 360, 361 ]
          }
        },
        "$mul$designs/188/top.sv:25$25": {
          "hide_name": 1,
          "type": "$mul",
          "parameters": {
            "A_SIGNED": "00000000000000000000000000000000",
            "A_WIDTH": "00000000000000000000000000000101",
            "B_SIGNED": "00000000000000000000000000000000",
            "B_WIDTH": "00000000000000000000000000000101",
            "Y_WIDTH": "00000000000000000000000000000101"
          },
          "attributes": {
            "src": "designs/188/top.sv:25.42-25.190"
          },
          "port_directions": {
            "A": "input",
            "B": "input",
            "Y": "output"
          },
          "connections": {
            "A": [ 362, 363, 364, 365, 366 ],
            "B": [ 2, 3, 4, 5, 6 ],
            "Y": [ 180, 181, 367, 368, 369 ]
          }
        },
        "$mul$designs/188/top.sv:26$29": {
          "hide_name": 1,
          "type": "$mul",
          "parameters": {
            "A_SIGNED": "00000000000000000000000000000000",
            "A_WIDTH": "00000000000000000000000000000101",
            "B_SIGNED": "00000000000000000000000000000000",
            "B_WIDTH": "00000000000000000000000000000101",
            "Y_WIDTH": "00000000000000000000000000000101"
          },
          "attributes": {
            "src": "designs/188/top.sv:26.114-26.140"
          },
          "port_directions": {
            "A": "input",
            "B": "input",
            "Y": "output"
          },
          "connections": {
            "A": [ 2, 3, 4, 5, 6 ],
            "B": [ 266, 267, 268, 269, 270 ],
            "Y": [ 370, 371, 372, 373, 374 ]
          }
        },
        "$mul$designs/188/top.sv:26$39": {
          "hide_name": 1,
          "type": "$mul",
          "parameters": {
            "A_SIGNED": "00000000000000000000000000000000",
            "A_WIDTH": "00000000000000000000000000011110",
            "B_SIGNED": "00000000000000000000000000000000",
            "B_WIDTH": "00000000000000000000000000000101",
            "Y_WIDTH": "00000000000000000000000000010000"
          },
          "attributes": {
            "src": "designs/188/top.sv:26.31-26.279"
          },
          "port_directions": {
            "A": "input",
            "B": "input",
            "Y": "output"
          },
          "connections": {
            "A": [ 233, 234, 235, 236, 237, 224, 225, 226, 227, 228, 229, 230, 231, 232, 214, 215, 375, 376, 377, 378, 379, 380, 381, 382, 383, 384, 385, 386, 387, 388 ],
            "B": [ 2, 3, 4, 5, 6 ],
            "Y": [ 238, 239, 240, 241, 242, 389, 390, 391, 392, 393, 394, 395, 396, 397, 398, 399 ]
          }
        },
        "$mul$designs/188/top.sv:30$48": {
          "hide_name": 1,
          "type": "$mul",
          "parameters": {
            "A_SIGNED": "00000000000000000000000000000000",
            "A_WIDTH": "00000000000000000000000000010111",
            "B_SIGNED": "00000000000000000000000000000000",
            "B_WIDTH": "00000000000000000000000000001001",
            "Y_WIDTH": "00000000000000000000000000010111"
          },
          "attributes": {
            "src": "designs/188/top.sv:30.56-30.111"
          },
          "port_directions": {
            "A": "input",
            "B": "input",
            "Y": "output"
          },
          "connections": {
            "A": [ 277, 278, 279, 280, 281, 90, 91, 92, 93, 94, 95, 216, 217, 218, 296, 297, 298, 299, 300, 301, 302, 303, 304 ],
            "B": [ 296, 297, 298, 299, 300, 301, 302, 303, 304 ],
            "Y": [ 400, 401, 402, 403, 404, 405, 406, 407, 408, 409, 410, 411, 412, 413, 414, 415, 416, 417, 418, 419, 420, 421, 422 ]
          }
        },
        "$mul$designs/188/top.sv:30$49": {
          "hide_name": 1,
          "type": "$mul",
          "parameters": {
            "A_SIGNED": "00000000000000000000000000000000",
            "A_WIDTH": "00000000000000000000000000010111",
            "B_SIGNED": "00000000000000000000000000000000",
            "B_WIDTH": "00000000000000000000000000010000",
            "Y_WIDTH": "00000000000000000000000000001011"
          },
          "attributes": {
            "src": "designs/188/top.sv:30.55-30.121"
          },
          "port_directions": {
            "A": "input",
            "B": "input",
            "Y": "output"
          },
          "connections": {
            "A": [ 400, 401, 402, 403, 404, 405, 406, 407, 408, 409, 410, 411, 412, 413, 414, 415, 416, 417, 418, 419, 420, 421, 422 ],
            "B": [ 243, 244, 245, 246, 247, "0", "0", "0", "0", "0", "0", "0", "0", "0", "0", "0" ],
            "Y": [ 282, 283, 284, 285, 286, 287, 288, 289, 290, 67, 68 ]
          }
        },
        "$not$designs/188/top.sv:26$32": {
          "hide_name": 1,
          "type": "$not",
          "parameters": {
            "A_SIGNED": "00000000000000000000000000000000",
            "A_WIDTH": "00000000000000000000000000010000",
            "Y_WIDTH": "00000000000000000000000000010000"
          },
          "attributes": {
            "src": "designs/188/top.sv:26.176-26.189"
          },
          "port_directions": {
            "A": "input",
            "Y": "output"
          },
          "connections": {
            "A": [ 184, 185, 186, 187, 188, 189, 190, 191, 192, 193, 194, 195, 196, 197, 198, 199 ],
            "Y": [ 423, 424, 425, 426, 427, 428, 429, 430, 431, 432, 433, 434, 435, 436, 437, 438 ]
          }
        },
        "$or$designs/188/top.sv:25$24": {
          "hide_name": 1,
          "type": "$or",
          "parameters": {
            "A_SIGNED": "00000000000000000000000000000000",
            "A_WIDTH": "00000000000000000000000000000101",
            "B_SIGNED": "00000000000000000000000000000000",
            "B_WIDTH": "00000000000000000000000000000101",
            "Y_WIDTH": "00000000000000000000000000000101"
          },
          "attributes": {
            "src": "designs/188/top.sv:25.51-25.175"
          },
          "port_directions": {
            "A": "input",
            "B": "input",
            "Y": "output"
          },
          "connections": {
            "A": [ 178, 179, 359, 360, 361 ],
            "B": [ 2, 3, 4, 5, 6 ],
            "Y": [ 362, 363, 364, 365, 366 ]
          }
        },
        "$or$designs/188/top.sv:28$46": {
          "hide_name": 1,
          "type": "$or",
          "parameters": {
            "A_SIGNED": "00000000000000000000000000000000",
            "A_WIDTH": "00000000000000000000000000000100",
            "B_SIGNED": "00000000000000000000000000000000",
            "B_WIDTH": "00000000000000000000000000000100",
            "Y_WIDTH": "00000000000000000000000000000100"
          },
          "attributes": {
            "src": "designs/188/top.sv:28.27-28.130"
          },
          "port_directions": {
            "A": "input",
            "B": "input",
            "Y": "output"
          },
          "connections": {
            "A": [ 275, 276, 4, 5 ],
            "B": [ 2, 3, 4, 5 ],
            "Y": [ 109, 110, 111, 112 ]
          }
        },
        "$shr$designs/188/top.sv:25$27": {
          "hide_name": 1,
          "type": "$shr",
          "parameters": {
            "A_SIGNED": "00000000000000000000000000000001",
            "A_WIDTH": "00000000000000000000000000000101",
            "B_SIGNED": "00000000000000000000000000000000",
            "B_WIDTH": "00000000000000000000000000000101",
            "Y_WIDTH": "00000000000000000000000000011110"
          },
          "attributes": {
            "src": "designs/188/top.sv:25.22-25.217"
          },
          "port_directions": {
            "A": "input",
            "B": "input",
            "Y": "output"
          },
          "connections": {
            "A": [ 182, 183, 367, 368, 369 ],
            "B": [ 2, 3, 4, 5, 6 ],
            "Y": [ 184, 185, 186, 187, 188, 189, 190, 191, 192, 193, 194, 195, 196, 197, 198, 199, 375, 376, 377, 378, 379, 380, 381, 382, 383, 384, 385, 386, 387, 388 ]
          }
        },
        "$sub$designs/188/top.sv:23$1": {
          "hide_name": 1,
          "type": "$sub",
          "parameters": {
            "A_SIGNED": "00000000000000000000000000000000",
            "A_WIDTH": "00000000000000000000000000000101",
            "B_SIGNED": "00000000000000000000000000000000",
            "B_WIDTH": "00000000000000000000000000000101",
            "Y_WIDTH": "00000000000000000000000000000101"
          },
          "attributes": {
            "src": "designs/188/top.sv:23.65-23.97"
          },
          "port_directions": {
            "A": "input",
            "B": "input",
            "Y": "output"
          },
          "connections": {
            "A": [ 2, 3, 4, 5, 6 ],
            "B": [ 2, 3, 4, 5, 6 ],
            "Y": [ 439, 440, 441, 442, 443 ]
          }
        },
        "$sub$designs/188/top.sv:23$2": {
          "hide_name": 1,
          "type": "$sub",
          "parameters": {
            "A_SIGNED": "00000000000000000000000000000000",
            "A_WIDTH": "00000000000000000000000000000101",
            "B_SIGNED": "00000000000000000000000000000000",
            "B_WIDTH": "00000000000000000000000000000101",
            "Y_WIDTH": "00000000000000000000000000000101"
          },
          "attributes": {
            "src": "designs/188/top.sv:23.54-23.112"
          },
          "port_directions": {
            "A": "input",
            "B": "input",
            "Y": "output"
          },
          "connections": {
            "A": [ 439, 440, 441, 442, 443 ],
            "B": [ 2, 3, 4, 5, 6 ],
            "Y": [ 444, 445, 446, 447, 448 ]
          }
        },
        "$sub$designs/188/top.sv:23$5": {
          "hide_name": 1,
          "type": "$sub",
          "parameters": {
            "A_SIGNED": "00000000000000000000000000000000",
            "A_WIDTH": "00000000000000000000000000000101",
            "B_SIGNED": "00000000000000000000000000000000",
            "B_WIDTH": "00000000000000000000000000000101",
            "Y_WIDTH": "00000000000000000000000000000101"
          },
          "attributes": {
            "src": "designs/188/top.sv:23.34-23.145"
          },
          "port_directions": {
            "A": "input",
            "B": "input",
            "Y": "output"
          },
          "connections": {
            "A": [ 449, 450, 451, 452, 453 ],
            "B": [ 266, 267, 268, 269, 270 ],
            "Y": [ 454, 455, 456, 457, 458 ]
          }
        },
        "$sub$designs/188/top.sv:25$19": {
          "hide_name": 1,
          "type": "$sub",
          "parameters": {
            "A_SIGNED": "00000000000000000000000000000000",
            "A_WIDTH": "00000000000000000000000000000101",
            "B_SIGNED": "00000000000000000000000000000000",
            "B_WIDTH": "00000000000000000000000000000010",
            "Y_WIDTH": "00000000000000000000000000000101"
          },
          "attributes": {
            "src": "designs/188/top.sv:25.64-25.112"
          },
          "port_directions": {
            "A": "input",
            "B": "input",
            "Y": "output"
          },
          "connections": {
            "A": [ "0", "0", "0", "0", "0" ],
            "B": [ 172, 173 ],
            "Y": [ 351, 352, 353, 354, 355 ]
          }
        },
        "$sub$designs/188/top.sv:26$30": {
          "hide_name": 1,
          "type": "$sub",
          "parameters": {
            "A_SIGNED": "00000000000000000000000000000000",
            "A_WIDTH": "00000000000000000000000000000101",
            "B_SIGNED": "00000000000000000000000000000000",
            "B_WIDTH": "00000000000000000000000000000101",
            "Y_WIDTH": "00000000000000000000000000000101"
          },
          "attributes": {
            "src": "designs/188/top.sv:26.103-26.155"
          },
          "port_directions": {
            "A": "input",
            "B": "input",
            "Y": "output"
          },
          "connections": {
            "A": [ 370, 371, 372, 373, 374 ],
            "B": [ 2, 3, 4, 5, 6 ],
            "Y": [ 16, 17, 18, 19, 20 ]
          }
        },
        "$sub$designs/188/top.sv:26$33": {
          "hide_name": 1,
          "type": "$sub",
          "parameters": {
            "A_SIGNED": "00000000000000000000000000000000",
            "A_WIDTH": "00000000000000000000000000000101",
            "B_SIGNED": "00000000000000000000000000000000",
            "B_WIDTH": "00000000000000000000000000010000",
            "Y_WIDTH": "00000000000000000000000000010000"
          },
          "attributes": {
            "src": "designs/188/top.sv:26.83-26.190"
          },
          "port_directions": {
            "A": "input",
            "B": "input",
            "Y": "output"
          },
          "connections": {
            "A": [ 21, 22, 23, 24, 25 ],
            "B": [ 423, 424, 425, 426, 427, 428, 429, 430, 431, 432, 433, 434, 435, 436, 437, 438 ],
            "Y": [ 459, 460, 461, 462, 463, 464, 465, 466, 467, 468, 469, 470, 471, 472, 473, 474 ]
          }
        },
        "$sub$designs/188/top.sv:26$34": {
          "hide_name": 1,
          "type": "$sub",
          "parameters": {
            "A_SIGNED": "00000000000000000000000000000000",
            "A_WIDTH": "00000000000000000000000000010000",
            "B_SIGNED": "00000000000000000000000000000000",
            "B_WIDTH": "00000000000000000000000000000010",
            "Y_WIDTH": "00000000000000000000000000010000"
          },
          "attributes": {
            "src": "designs/188/top.sv:26.82-26.205"
          },
          "port_directions": {
            "A": "input",
            "B": "input",
            "Y": "output"
          },
          "connections": {
            "A": [ 459, 460, 461, 462, 463, 464, 465, 466, 467, 468, 469, 470, 471, 472, 473, 474 ],
            "B": [ 172, 173 ],
            "Y": [ 26, 27, 28, 29, 30, 31, 32, 33, 34, 35, 36, 37, 38, 39, 40, 41 ]
          }
        },
        "$sub$designs/188/top.sv:28$43": {
          "hide_name": 1,
          "type": "$sub",
          "parameters": {
            "A_SIGNED": "00000000000000000000000000000000",
            "A_WIDTH": "00000000000000000000000000000100",
            "B_SIGNED": "00000000000000000000000000000000",
            "B_WIDTH": "00000000000000000000000000000100",
            "Y_WIDTH": "00000000000000000000000000000100"
          },
          "attributes": {
            "src": "designs/188/top.sv:28.48-28.80"
          },
          "port_directions": {
            "A": "input",
            "B": "input",
            "Y": "output"
          },
          "connections": {
            "A": [ 85, 86, 87, 88 ],
            "B": [ 248, "1", "1", "1" ],
            "Y": [ 249, 250, 475, 476 ]
          }
        },
        "$sub$designs/188/top.sv:30$60": {
          "hide_name": 1,
          "type": "$sub",
          "parameters": {
            "A_SIGNED": "00000000000000000000000000000000",
            "A_WIDTH": "00000000000000000000000000001011",
            "B_SIGNED": "00000000000000000000000000000000",
            "B_WIDTH": "00000000000000000000000000000101",
            "Y_WIDTH": "00000000000000000000000000001011"
          },
          "attributes": {
            "src": "designs/188/top.sv:30.22-30.214"
          },
          "port_directions": {
            "A": "input",
            "B": "input",
            "Y": "output"
          },
          "connections": {
            "A": [ 262, 263, 264, 265, "0", "0", "0", "0", "0", "0", "0" ],
            "B": [ 2, 3, 4, 5, 6 ],
            "Y": [ 7, 8, 9, 10, 11, 12, 13, 14, 15, 477, 478 ]
          }
        },
        "$xor$designs/188/top.sv:23$3": {
          "hide_name": 1,
          "type": "$xor",
          "parameters": {
            "A_SIGNED": "00000000000000000000000000000000",
            "A_WIDTH": "00000000000000000000000000000101",
            "B_SIGNED": "00000000000000000000000000000000",
            "B_WIDTH": "00000000000000000000000000000101",
            "Y_WIDTH": "00000000000000000000000000000101"
          },
          "attributes": {
            "src": "designs/188/top.sv:23.45-23.127"
          },
          "port_directions": {
            "A": "input",
            "B": "input",
            "Y": "output"
          },
          "connections": {
            "A": [ 444, 445, 446, 447, 448 ],
            "B": [ 2, 3, 4, 5, 6 ],
            "Y": [ 449, 450, 451, 452, 453 ]
          }
        },
        "$xor$designs/188/top.sv:23$6": {
          "hide_name": 1,
          "type": "$xor",
          "parameters": {
            "A_SIGNED": "00000000000000000000000000000000",
            "A_WIDTH": "00000000000000000000000000000101",
            "B_SIGNED": "00000000000000000000000000000000",
            "B_WIDTH": "00000000000000000000000000000101",
            "Y_WIDTH": "00000000000000000000000000000101"
          },
          "attributes": {
            "src": "designs/188/top.sv:23.23-23.160"
          },
          "port_directions": {
            "A": "input",
            "B": "input",
            "Y": "output"
          },
          "connections": {
            "A": [ 454, 455, 456, 457, 458 ],
            "B": [ 2, 3, 4, 5, 6 ],
            "Y": [ 291, 292, 293, 294, 295 ]
          }
        }
      },
      "netnames": {
        "$add$designs/188/top.sv:26$31_Y": {
          "hide_name": 1,
          "bits": [ 21, 22, 23, 24, 25 ],
          "attributes": {
            "src": "designs/188/top.sv:26.94-26.170"
          }
        },
        "$add$designs/188/top.sv:26$35_Y": {
          "hide_name": 1,
          "bits": [ 42, 43, 44, 45, 46, 47, 48, 49, 50, 51, 52, 53, 54, 55, 56, 57 ],
          "attributes": {
            "src": "designs/188/top.sv:26.73-26.220"
          }
        },
        "$add$designs/188/top.sv:30$55_Y": {
          "hide_name": 1,
          "bits": [ 74, 75, 76, 77, 78, 79, 80, 81, 82, 83, 84, 479, 480, 481, 482, 483, 484, 485, 486, 487, 488, 489, 490 ],
          "attributes": {
            "src": "designs/188/top.sv:30.45-30.153",
            "unused_bits": "11 12 13 14 15 16 17 18 19 20 21 22"
          }
        },
        "$add$designs/188/top.sv:30$56_Y": {
          "hide_name": 1,
          "bits": [ 96, 97, 98, 99, 100, 101, 102, 103, 104, 105, 106, 491, 492, 493, 494, 495, 496, 497, 498, 499, 500, 501, 502 ],
          "attributes": {
            "src": "designs/188/top.sv:30.34-30.164",
            "unused_bits": "11 12 13 14 15 16 17 18 19 20 21 22"
          }
        },
        "$add$designs/188/top.sv:30$58_Y": {
          "hide_name": 1,
          "bits": [ 113, 114, 115, 116, 117, 118, 119, 120, 121, 122, 123, 503, 504, 505, 506, 507, 508, 509, 510, 511, 512, 513, 514 ],
          "attributes": {
            "src": "designs/188/top.sv:30.24-30.190",
            "unused_bits": "4 5 6 7 8 9 10 11 12 13 14 15 16 17 18 19 20 21 22"
          }
        },
        "$and$designs/188/top.sv:28$44_Y": {
          "hide_name": 1,
          "bits": [ 251, 252, "0", "0", 515, 516, 517, 518, 519, 520, 521, 522, 523, 524, 525, 526, 527, 528, 529, 530, 531, 532, 533 ],
          "attributes": {
            "src": "designs/188/top.sv:28.37-28.91",
            "unused_bits": "4 5 6 7 8 9 10 11 12 13 14 15 16 17 18 19 20 21 22"
          }
        },
        "$and$designs/188/top.sv:30$52_Y": {
          "hide_name": 1,
          "bits": [ 58, 59, 60, 61, 62, 63, 64, 65, 66, 67, 68, 534, 535, 536, 537, 538, 539, 540, 541, 542, 543, 544, 545 ],
          "attributes": {
            "src": "designs/188/top.sv:30.46-30.140",
            "unused_bits": "11 12 13 14 15 16 17 18 19 20 21 22"
          }
        },
        "$and$designs/188/top.sv:30$59_Y": {
          "hide_name": 1,
          "bits": [ 262, 263, 264, 265, "0", "0", "0", "0", "0", "0", "0", 546, 547, 548, 549, 550, 551, 552, 553, 554, 555, 556, 557 ],
          "attributes": {
            "src": "designs/188/top.sv:30.23-30.200",
            "unused_bits": "11 12 13 14 15 16 17 18 19 20 21 22"
          }
        },
        "$auto$opt_expr.cc:205:group_cell_inputs$172": {
          "hide_name": 1,
          "bits": [ 266, 267, 268, 269, 270 ],
          "attributes": {
          }
        },
        "$auto$opt_expr.cc:205:group_cell_inputs$176": {
          "hide_name": 1,
          "bits": [ 166, 167 ],
          "attributes": {
          }
        },
        "$auto$opt_expr.cc:205:group_cell_inputs$179": {
          "hide_name": 1,
          "bits": [ 168, 169 ],
          "attributes": {
          }
        },
        "$auto$opt_expr.cc:205:group_cell_inputs$185": {
          "hide_name": 1,
          "bits": [ 174, 175 ],
          "attributes": {
          }
        },
        "$auto$opt_expr.cc:205:group_cell_inputs$187": {
          "hide_name": 1,
          "bits": [ 356, 357, 358 ],
          "attributes": {
          }
        },
        "$auto$opt_expr.cc:205:group_cell_inputs$188": {
          "hide_name": 1,
          "bits": [ 178, 179 ],
          "attributes": {
          }
        },
        "$auto$opt_expr.cc:205:group_cell_inputs$190": {
          "hide_name": 1,
          "bits": [ 359, 360, 361 ],
          "attributes": {
          }
        },
        "$auto$opt_expr.cc:205:group_cell_inputs$191": {
          "hide_name": 1,
          "bits": [ 182, 183 ],
          "attributes": {
          }
        },
        "$auto$opt_expr.cc:205:group_cell_inputs$193": {
          "hide_name": 1,
          "bits": [ 367, 368, 369 ],
          "attributes": {
          }
        },
        "$auto$opt_expr.cc:205:group_cell_inputs$194": {
          "hide_name": 1,
          "bits": [ 200, 201, 202, 203, 204, 205, 206, 207, 208, 209, 210, 211, 212, 213, 214, 215 ],
          "attributes": {
          }
        },
        "$auto$opt_expr.cc:205:group_cell_inputs$197": {
          "hide_name": 1,
          "bits": [ 219, 220, 221, 222, 223, 224, 225, 226, 227, 228, 229, 230, 231, 232 ],
          "attributes": {
          }
        },
        "$auto$opt_expr.cc:205:group_cell_inputs$200": {
          "hide_name": 1,
          "bits": [ 233, 234, 235, 236, 237 ],
          "attributes": {
          }
        },
        "$auto$opt_expr.cc:205:group_cell_inputs$207": {
          "hide_name": 1,
          "bits": [ 248 ],
          "attributes": {
          }
        },
        "$auto$opt_expr.cc:205:group_cell_inputs$215": {
          "hide_name": 1,
          "bits": [ 277, 278, 279, 280, 281, 90, 91, 92, 93, 94, 95, 216, 217, 218, 296, 297 ],
          "attributes": {
          }
        },
        "$auto$opt_expr.cc:205:group_cell_inputs$218": {
          "hide_name": 1,
          "bits": [ 253, 254, 255, 256, 257, 258, 259, 260, 261 ],
          "attributes": {
          }
        },
        "$auto$opt_expr.cc:205:group_cell_inputs$222": {
          "hide_name": 1,
          "bits": [ 107, 108 ],
          "attributes": {
          }
        },
        "$auto$opt_expr.cc:205:group_cell_inputs$333": {
          "hide_name": 1,
          "bits": [ 273, 274 ],
          "attributes": {
          }
        },
        "$auto$opt_expr.cc:205:group_cell_inputs$335": {
          "hide_name": 1,
          "bits": [ 125, 127, 129, 131, 133, 135, 137, 139, 141, 143, 145, 147, 149, 151, 153, 155, 157, 159, 161, 163, 165 ],
          "attributes": {
          }
        },
        "$auto$opt_expr.cc:205:group_cell_inputs$378": {
          "hide_name": 1,
          "bits": [ 275, 276 ],
          "attributes": {
          }
        },
        "$auto$opt_expr.cc:205:group_cell_inputs$402": {
          "hide_name": 1,
          "bits": [ 69, 70, 71, 72, 73 ],
          "attributes": {
          }
        },
        "$mul$designs/188/top.sv:24$11_Y": {
          "hide_name": 1,
          "bits": [ 271, 272, 124, 126, 128, 130, 132, 134, 136, 138, 140, 142, 144, 146, 148, 150, 152, 154, 156, 158, 160, 162, 164 ],
          "attributes": {
            "src": "designs/188/top.sv:24.66-24.110"
          }
        },
        "$mul$designs/188/top.sv:24$15_Y": {
          "hide_name": 1,
          "bits": [ 305, 306, 307, 308, 309, 310, 311, 312, 313, 314, 315, 316, 317, 318, 319, 320, 321, 322, 323, 324, 325, 326, 327 ],
          "attributes": {
            "src": "designs/188/top.sv:24.44-24.153"
          }
        },
        "$mul$designs/188/top.sv:24$16_Y": {
          "hide_name": 1,
          "bits": [ 328, 329, 330, 331, 332, 333, 334, 335, 336, 337, 338, 339, 340, 341, 342, 343, 344, 345, 346, 347, 348, 349, 350 ],
          "attributes": {
            "src": "designs/188/top.sv:24.43-24.172"
          }
        },
        "$mul$designs/188/top.sv:25$20_Y": {
          "hide_name": 1,
          "bits": [ 170, 171, 356, 357, 358 ],
          "attributes": {
            "src": "designs/188/top.sv:25.63-25.126"
          }
        },
        "$mul$designs/188/top.sv:25$22_Y": {
          "hide_name": 1,
          "bits": [ 176, 177, 359, 360, 361 ],
          "attributes": {
            "src": "designs/188/top.sv:25.53-25.151"
          }
        },
        "$mul$designs/188/top.sv:25$25_Y": {
          "hide_name": 1,
          "bits": [ 180, 181, 367, 368, 369 ],
          "attributes": {
            "src": "designs/188/top.sv:25.42-25.190"
          }
        },
        "$mul$designs/188/top.sv:26$29_Y": {
          "hide_name": 1,
          "bits": [ 370, 371, 372, 373, 374 ],
          "attributes": {
            "src": "designs/188/top.sv:26.114-26.140"
          }
        },
        "$mul$designs/188/top.sv:26$39_Y": {
          "hide_name": 1,
          "bits": [ 238, 239, 240, 241, 242, 389, 390, 391, 392, 393, 394, 395, 396, 397, 398, 399, 558, 559, 560, 561, 562, 563, 564, 565, 566, 567, 568, 569, 570, 571 ],
          "attributes": {
            "src": "designs/188/top.sv:26.31-26.279",
            "unused_bits": "5 6 7 8 9 10 11 12 13 14 15 16 17 18 19 20 21 22 23 24 25 26 27 28 29"
          }
        },
        "$mul$designs/188/top.sv:30$48_Y": {
          "hide_name": 1,
          "bits": [ 400, 401, 402, 403, 404, 405, 406, 407, 408, 409, 410, 411, 412, 413, 414, 415, 416, 417, 418, 419, 420, 421, 422 ],
          "attributes": {
            "src": "designs/188/top.sv:30.56-30.111"
          }
        },
        "$mul$designs/188/top.sv:30$49_Y": {
          "hide_name": 1,
          "bits": [ 282, 283, 284, 285, 286, 287, 288, 289, 290, 67, 68, 572, 573, 574, 575, 576, 577, 578, 579, 580, 581, 582, 583 ],
          "attributes": {
            "src": "designs/188/top.sv:30.55-30.121",
            "unused_bits": "11 12 13 14 15 16 17 18 19 20 21 22"
          }
        },
        "$not$designs/188/top.sv:26$32_Y": {
          "hide_name": 1,
          "bits": [ 423, 424, 425, 426, 427, 428, 429, 430, 431, 432, 433, 434, 435, 436, 437, 438 ],
          "attributes": {
            "src": "designs/188/top.sv:26.176-26.189"
          }
        },
        "$or$designs/188/top.sv:25$24_Y": {
          "hide_name": 1,
          "bits": [ 362, 363, 364, 365, 366 ],
          "attributes": {
            "src": "designs/188/top.sv:25.51-25.175"
          }
        },
        "$sub$designs/188/top.sv:23$1_Y": {
          "hide_name": 1,
          "bits": [ 439, 440, 441, 442, 443 ],
          "attributes": {
            "src": "designs/188/top.sv:23.65-23.97"
          }
        },
        "$sub$designs/188/top.sv:23$2_Y": {
          "hide_name": 1,
          "bits": [ 444, 445, 446, 447, 448 ],
          "attributes": {
            "src": "designs/188/top.sv:23.54-23.112"
          }
        },
        "$sub$designs/188/top.sv:23$5_Y": {
          "hide_name": 1,
          "bits": [ 454, 455, 456, 457, 458 ],
          "attributes": {
            "src": "designs/188/top.sv:23.34-23.145"
          }
        },
        "$sub$designs/188/top.sv:25$19_Y": {
          "hide_name": 1,
          "bits": [ 351, 352, 353, 354, 355 ],
          "attributes": {
            "src": "designs/188/top.sv:25.64-25.112"
          }
        },
        "$sub$designs/188/top.sv:26$30_Y": {
          "hide_name": 1,
          "bits": [ 16, 17, 18, 19, 20 ],
          "attributes": {
            "src": "designs/188/top.sv:26.103-26.155"
          }
        },
        "$sub$designs/188/top.sv:26$33_Y": {
          "hide_name": 1,
          "bits": [ 459, 460, 461, 462, 463, 464, 465, 466, 467, 468, 469, 470, 471, 472, 473, 474 ],
          "attributes": {
            "src": "designs/188/top.sv:26.83-26.190"
          }
        },
        "$sub$designs/188/top.sv:26$34_Y": {
          "hide_name": 1,
          "bits": [ 26, 27, 28, 29, 30, 31, 32, 33, 34, 35, 36, 37, 38, 39, 40, 41 ],
          "attributes": {
            "src": "designs/188/top.sv:26.82-26.205"
          }
        },
        "$sub$designs/188/top.sv:28$43_Y": {
          "hide_name": 1,
          "bits": [ 249, 250, 475, 476, 584, 585, 586, 587, 588, 589, 590, 591, 592, 593, 594, 595, 596, 597, 598, 599, 600, 601, 602 ],
          "attributes": {
            "src": "designs/188/top.sv:28.48-28.80",
            "unused_bits": "2 3 4 5 6 7 8 9 10 11 12 13 14 15 16 17 18 19 20 21 22"
          }
        },
        "$xor$designs/188/top.sv:23$3_Y": {
          "hide_name": 1,
          "bits": [ 449, 450, 451, 452, 453 ],
          "attributes": {
            "src": "designs/188/top.sv:23.45-23.127"
          }
        },
        "$xor$designs/188/top.sv:23$6_Y": {
          "hide_name": 1,
          "bits": [ 291, 292, 293, 294, 295, "0", "0", "0", "0", "0", "0", "0", "0", "0", "0", "0", "0", "0", "0", "0", "0", "0", "0" ],
          "attributes": {
            "src": "designs/188/top.sv:23.23-23.160"
          }
        },
        "input_data": {
          "hide_name": 0,
          "bits": [ 2, 3, 4, 5, 6 ],
          "attributes": {
            "src": "designs/188/top.sv:2.17-2.27"
          }
        },
        "output_data": {
          "hide_name": 0,
          "bits": [ 7, 8, 9, 10, 11, 12, 13, 14, 15 ],
          "attributes": {
            "src": "designs/188/top.sv:3.18-3.29"
          }
        },
        "temp_0": {
          "hide_name": 0,
          "bits": [ 85, 86, 87, 88, 89, 90, 91, 92, 93, 94, 95, 216, 217, 218, 296, 297, 298, 299, 300, 301, 302, 303, 304 ],
          "attributes": {
            "src": "designs/188/top.sv:6.18-6.24"
          }
        },
        "temp_1": {
          "hide_name": 0,
          "bits": [ 172, 173 ],
          "attributes": {
            "src": "designs/188/top.sv:7.17-7.23"
          }
        },
        "temp_2": {
          "hide_name": 0,
          "bits": [ 184, 185, 186, 187, 188, 189, 190, 191, 192, 193, 194, 195, 196, 197, 198, 199, 375, 376, 377, 378, 379, 380, 381, 382, 383, 384, 385, 386, 387, 388 ],
          "attributes": {
            "src": "designs/188/top.sv:8.18-8.24"
          }
        },
        "temp_3": {
          "hide_name": 0,
          "bits": [ 243, 244, 245, 246, 247, "0", "0", "0", "0", "0", "0", "0", "0", "0", "0", "0" ],
          "attributes": {
            "src": "designs/188/top.sv:9.18-9.24"
          }
        },
        "temp_4": {
          "hide_name": 0,
          "bits": [ 109, 110, 111, 112 ],
          "attributes": {
            "src": "designs/188/top.sv:10.17-10.23"
          }
        },
        "temp_5": {
          "hide_name": 0,
          "bits": [ 7, 8, 9, 10, 11, 12, 13, 14, 15, 477, 478 ],
          "attributes": {
            "src": "designs/188/top.sv:11.18-11.24",
            "unused_bits": "9 10"
          }
        }
      }
    }
  }
}
