{
  "creator": "Yosys 0.60 (git sha1 5bafeb77dc71e054fa331ab9efa613e6fb0a1c49, clang++ 17.0.0 -fPIC -O3)",
  "modules": {
    "top": {
      "attributes": {
        "top": "00000000000000000000000000000001",
        "src": "designs/116/top.sv:1.1-44.10"
      },
      "ports": {
        "input_data": {
          "direction": "input",
          "bits": [ 2, 3, 4, 5, 6, 7, 8 ]
        },
        "output_data": {
          "direction": "output",
          "bits": [ 9, 10, 11, 12, 13, 14 ]
        }
      },
      "cells": {
        "$add$designs/116/top.sv:26$5": {
          "hide_name": 1,
          "type": "$add",
          "parameters": {
            "A_SIGNED": "00000000000000000000000000000000",
            "A_WIDTH": "00000000000000000000000000000001",
            "B_SIGNED": "00000000000000000000000000000000",
            "B_WIDTH": "00000000000000000000000000000001",
            "Y_WIDTH": "00000000000000000000000000000001"
          },
          "attributes": {
            "src": "designs/116/top.sv:26.22-26.77"
          },
          "port_directions": {
            "A": "input",
            "B": "input",
            "Y": "output"
          },
          "connections": {
            "A": [ 15 ],
            "B": [ 2 ],
            "Y": [ 16 ]
          }
        },
        "$auto$opt_expr.cc:276:group_cell_inputs$33": {
          "hide_name": 1,
          "type": "$and",
          "parameters": {
            "A_SIGNED": "00000000000000000000000000000000",
            "A_WIDTH": "00000000000000000000000000000011",
            "B_SIGNED": "00000000000000000000000000000000",
            "B_WIDTH": "00000000000000000000000000000011",
            "Y_WIDTH": "00000000000000000000000000000011"
          },
          "attributes": {
          },
          "port_directions": {
            "A": "input",
            "B": "input",
            "Y": "output"
          },
          "connections": {
            "A": [ 17, 18, 19 ],
            "B": [ 20, 21, 22 ],
            "Y": [ 23, 24, 25 ]
          }
        },
        "$mul$designs/116/top.sv:23$1": {
          "hide_name": 1,
          "type": "$mul",
          "parameters": {
            "A_SIGNED": "00000000000000000000000000000000",
            "A_WIDTH": "00000000000000000000000000000111",
            "B_SIGNED": "00000000000000000000000000000000",
            "B_WIDTH": "00000000000000000000000000000111",
            "Y_WIDTH": "00000000000000000000000000000110"
          },
          "attributes": {
            "src": "designs/116/top.sv:23.23-23.55"
          },
          "port_directions": {
            "A": "input",
            "B": "input",
            "Y": "output"
          },
          "connections": {
            "A": [ 2, 3, 4, 5, 6, 7, 8 ],
            "B": [ 2, 3, 4, 5, 6, 7, 8 ],
            "Y": [ 26, 27, 28, 29, 30, 31 ]
          }
        },
        "$or$designs/116/top.sv:25$3": {
          "hide_name": 1,
          "type": "$or",
          "parameters": {
            "A_SIGNED": "00000000000000000000000000000000",
            "A_WIDTH": "00000000000000000000000000000011",
            "B_SIGNED": "00000000000000000000000000000000",
            "B_WIDTH": "00000000000000000000000000000011",
            "Y_WIDTH": "00000000000000000000000000000011"
          },
          "attributes": {
            "src": "designs/116/top.sv:25.22-25.57"
          },
          "port_directions": {
            "A": "input",
            "B": "input",
            "Y": "output"
          },
          "connections": {
            "A": [ 2, 3, 4 ],
            "B": [ 32, 33, 34 ],
            "Y": [ 20, 21, 22 ]
          }
        },
        "$or$designs/116/top.sv:26$4": {
          "hide_name": 1,
          "type": "$or",
          "parameters": {
            "A_SIGNED": "00000000000000000000000000000000",
            "A_WIDTH": "00000000000000000000000000000001",
            "B_SIGNED": "00000000000000000000000000000000",
            "B_WIDTH": "00000000000000000000000000000001",
            "Y_WIDTH": "00000000000000000000000000000001"
          },
          "attributes": {
            "src": "designs/116/top.sv:26.23-26.58"
          },
          "port_directions": {
            "A": "input",
            "B": "input",
            "Y": "output"
          },
          "connections": {
            "A": [ 5 ],
            "B": [ 32 ],
            "Y": [ 15 ]
          }
        },
        "$shl$designs/116/top.sv:33$12": {
          "hide_name": 1,
          "type": "$shl",
          "parameters": {
            "A_SIGNED": "00000000000000000000000000000000",
            "A_WIDTH": "00000000000000000000000000000111",
            "B_SIGNED": "00000000000000000000000000000000",
            "B_WIDTH": "00000000000000000000000000000100",
            "Y_WIDTH": "00000000000000000000000000011010"
          },
          "attributes": {
            "src": "designs/116/top.sv:33.23-33.55"
          },
          "port_directions": {
            "A": "input",
            "B": "input",
            "Y": "output"
          },
          "connections": {
            "A": [ 2, 3, 4, 5, 6, 7, 8 ],
            "B": [ 23, 24, 25, "0" ],
            "Y": [ 35, 36, 37, 38, 39, 40, 41, 42, 43, 44, 45, 46, 47, 48, 49, 50, 51, 52, 53, 54, 55, 56, 57, 58, 59, 60 ]
          }
        },
        "$sub$designs/116/top.sv:28$6": {
          "hide_name": 1,
          "type": "$sub",
          "parameters": {
            "A_SIGNED": "00000000000000000000000000000000",
            "A_WIDTH": "00000000000000000000000000000100",
            "B_SIGNED": "00000000000000000000000000000000",
            "B_WIDTH": "00000000000000000000000000000001",
            "Y_WIDTH": "00000000000000000000000000000100"
          },
          "attributes": {
            "src": "designs/116/top.sv:28.33-28.48"
          },
          "port_directions": {
            "A": "input",
            "B": "input",
            "Y": "output"
          },
          "connections": {
            "A": [ 32, 33, 34, 61 ],
            "B": [ 16 ],
            "Y": [ 17, 18, 19, 62 ]
          }
        },
        "$sub$designs/116/top.sv:41$21": {
          "hide_name": 1,
          "type": "$sub",
          "parameters": {
            "A_SIGNED": "00000000000000000000000000000000",
            "A_WIDTH": "00000000000000000000000000000110",
            "B_SIGNED": "00000000000000000000000000000000",
            "B_WIDTH": "00000000000000000000000000000110",
            "Y_WIDTH": "00000000000000000000000000000110"
          },
          "attributes": {
            "src": "designs/116/top.sv:41.27-41.88"
          },
          "port_directions": {
            "A": "input",
            "B": "input",
            "Y": "output"
          },
          "connections": {
            "A": [ 55, 56, 57, 58, 59, 60 ],
            "B": [ 32, 33, 34, 61, 63, 64 ],
            "Y": [ 9, 10, 11, 12, 13, 14 ]
          }
        },
        "$xor$designs/116/top.sv:23$2": {
          "hide_name": 1,
          "type": "$xor",
          "parameters": {
            "A_SIGNED": "00000000000000000000000000000000",
            "A_WIDTH": "00000000000000000000000000000110",
            "B_SIGNED": "00000000000000000000000000000000",
            "B_WIDTH": "00000000000000000000000000000110",
            "Y_WIDTH": "00000000000000000000000000000110"
          },
          "attributes": {
            "src": "designs/116/top.sv:23.22-23.69"
          },
          "port_directions": {
            "A": "input",
            "B": "input",
            "Y": "output"
          },
          "connections": {
            "A": [ 26, 27, 28, 29, 30, 31 ],
            "B": [ 2, 3, 4, 5, 6, 7 ],
            "Y": [ 32, 33, 34, 61, 63, 64 ]
          }
        }
      },
      "netnames": {
        "$auto$wreduce.cc:514:run$27": {
          "hide_name": 1,
          "bits": [ 17, 18, 19, 62, 65, 66, 67, 68, 69, 70, 71, 72, 73, 74, 75, 75, 75, 75, 75, 75, 75, 75, 75, 75, 75, 75, 75, 75, 75, 75, 75, 75 ],
          "attributes": {
            "src": "designs/116/top.sv:28.33-28.48",
            "unused_bits": "3 4 5 6 7 8 9 10 11 12 13 14 15 16 17 18 19 20 21 22 23 24 25 26 27 28 29 30 31"
          }
        },
        "$auto$wreduce.cc:514:run$28": {
          "hide_name": 1,
          "bits": [ 15, 76, 77, 78, 79, 80, 81, 82, 83, 84, 85, 86, 87, 88, "0", "0", "0", "0", "0", "0", "0", "0", "0", "0", "0", "0", "0", "0", "0", "0", "0", "0" ],
          "attributes": {
            "src": "designs/116/top.sv:26.23-26.58",
            "unused_bits": "1 2 3 4 5 6 7 8 9 10 11 12 13"
          }
        },
        "$auto$wreduce.cc:514:run$30": {
          "hide_name": 1,
          "bits": [ 26, 27, 28, 29, 30, 31, 89, 90, 91, 92, 93, 94, 95, 96, "0", "0", "0", "0", "0", "0", "0", "0", "0", "0", "0", "0", "0", "0", "0", "0", "0", "0" ],
          "attributes": {
            "src": "designs/116/top.sv:23.23-23.55",
            "unused_bits": "6 7 8 9 10 11 12 13"
          }
        },
        "input_data": {
          "hide_name": 0,
          "bits": [ 2, 3, 4, 5, 6, 7, 8 ],
          "attributes": {
            "src": "designs/116/top.sv:2.17-2.27"
          }
        },
        "output_data": {
          "hide_name": 0,
          "bits": [ 9, 10, 11, 12, 13, 14 ],
          "attributes": {
            "src": "designs/116/top.sv:3.18-3.29"
          }
        },
        "temp_0": {
          "hide_name": 0,
          "bits": [ 32, 33, 34, 61, 63, 64 ],
          "attributes": {
          }
        },
        "temp_10": {
          "hide_name": 0,
          "bits": [ 35, 36, 37, 38, 39, 40, 41, 42, 43, 44, 45, 46, 47, 48, 49, 50, 51, 52, 53, 54, 55, 56, 57, 58, 59, 60, "x", "x", "x", "x", "x", "x" ],
          "attributes": {
            "src": "designs/116/top.sv:16.18-16.25",
            "unused_bits": "0 1 2 3 4 5 6 7 8 9 10 11 12 13 14 15 16 17 18 19"
          }
        },
        "temp_2": {
          "hide_name": 0,
          "bits": [ 20, 21, 22 ],
          "attributes": {
            "src": "designs/116/top.sv:8.17-8.23"
          }
        },
        "temp_3": {
          "hide_name": 0,
          "bits": [ 16 ],
          "attributes": {
            "single_bit_vector": "00000000000000000000000000000001",
            "src": "designs/116/top.sv:9.17-9.23"
          }
        },
        "temp_5": {
          "hide_name": 0,
          "bits": [ 23, 24, 25, "0", "x", "x", "x", "x", "x", "x", "x", "x", "x", "x", "x", "x", "x", "x", "x", "x", "x", "x", "x", "x", "x", "x", "x", "x", "x", "x", "x" ],
          "attributes": {
            "src": "designs/116/top.sv:11.18-11.24"
          }
        }
      }
    }
  }
}
