{
  "creator": "Yosys 0.60 (git sha1 5bafeb77dc71e054fa331ab9efa613e6fb0a1c49, clang++ 17.0.0 -fPIC -O3)",
  "modules": {
    "top": {
      "attributes": {
        "top": "00000000000000000000000000000001",
        "src": "designs/33/top.sv:1.1-42.10"
      },
      "ports": {
        "input_data": {
          "direction": "input",
          "bits": [ 2, 3, 4 ]
        },
        "output_data": {
          "direction": "output",
          "bits": [ 5, 6, 7, 8, "0", "0", "0", "0", "0", "0", "0", "0", "0", "0", "0", "0", "0", "0", "0", "0", "0", "0", "0", "0", "0", "0", "0", "0", "0", "0", "0", "0", "0", "0", "0", "0", "0", "0", "0", "0", "0", "0", "0", "0", "0", "0", "0", "0" ]
        }
      },
      "cells": {
        "$add$designs/33/top.sv:30$7": {
          "hide_name": 1,
          "type": "$add",
          "parameters": {
            "A_SIGNED": "00000000000000000000000000000000",
            "A_WIDTH": "00000000000000000000000000000010",
            "B_SIGNED": "00000000000000000000000000000000",
            "B_WIDTH": "00000000000000000000000000000011",
            "Y_WIDTH": "00000000000000000000000000000100"
          },
          "attributes": {
            "src": "designs/33/top.sv:30.42-30.70"
          },
          "port_directions": {
            "A": "input",
            "B": "input",
            "Y": "output"
          },
          "connections": {
            "A": [ 9, 10 ],
            "B": [ 2, 3, 4 ],
            "Y": [ 11, 12, 13, 14 ]
          }
        },
        "$add$designs/33/top.sv:40$30": {
          "hide_name": 1,
          "type": "$add",
          "parameters": {
            "A_SIGNED": "00000000000000000000000000000000",
            "A_WIDTH": "00000000000000000000000000000111",
            "B_SIGNED": "00000000000000000000000000000000",
            "B_WIDTH": "00000000000000000000000000000010",
            "Y_WIDTH": "00000000000000000000000000001000"
          },
          "attributes": {
            "src": "designs/33/top.sv:40.57-40.82"
          },
          "port_directions": {
            "A": "input",
            "B": "input",
            "Y": "output"
          },
          "connections": {
            "A": [ 15, 16, 17, 18, 19, 20, 21 ],
            "B": [ 9, 10 ],
            "Y": [ 22, 23, 24, 25, 26, 27, 28, 29 ]
          }
        },
        "$auto$opt_expr.cc:276:group_cell_inputs$42": {
          "hide_name": 1,
          "type": "$not",
          "parameters": {
            "A_SIGNED": "00000000000000000000000000000000",
            "A_WIDTH": "00000000000000000000000000000011",
            "Y_WIDTH": "00000000000000000000000000000011"
          },
          "attributes": {
          },
          "port_directions": {
            "A": "input",
            "Y": "output"
          },
          "connections": {
            "A": [ 2, 3, 4 ],
            "Y": [ 30, 31, 32 ]
          }
        },
        "$auto$opt_expr.cc:276:group_cell_inputs$52": {
          "hide_name": 1,
          "type": "$not",
          "parameters": {
            "A_SIGNED": "00000000000000000000000000000000",
            "A_WIDTH": "00000000000000000000000000000010",
            "Y_WIDTH": "00000000000000000000000000000010"
          },
          "attributes": {
          },
          "port_directions": {
            "A": "input",
            "Y": "output"
          },
          "connections": {
            "A": [ 9, 10 ],
            "Y": [ 33, 34 ]
          }
        },
        "$auto$opt_expr.cc:276:group_cell_inputs$56": {
          "hide_name": 1,
          "type": "$or",
          "parameters": {
            "A_SIGNED": "00000000000000000000000000000000",
            "A_WIDTH": "00000000000000000000000000000001",
            "B_SIGNED": "00000000000000000000000000000000",
            "B_WIDTH": "00000000000000000000000000000001",
            "Y_WIDTH": "00000000000000000000000000000001"
          },
          "attributes": {
          },
          "port_directions": {
            "A": "input",
            "B": "input",
            "Y": "output"
          },
          "connections": {
            "A": [ 10 ],
            "B": [ 9 ],
            "Y": [ 35 ]
          }
        },
        "$auto$opt_expr.cc:276:group_cell_inputs$63": {
          "hide_name": 1,
          "type": "$and",
          "parameters": {
            "A_SIGNED": "00000000000000000000000000000000",
            "A_WIDTH": "00000000000000000000000000000100",
            "B_SIGNED": "00000000000000000000000000000000",
            "B_WIDTH": "00000000000000000000000000000100",
            "Y_WIDTH": "00000000000000000000000000000100"
          },
          "attributes": {
          },
          "port_directions": {
            "A": "input",
            "B": "input",
            "Y": "output"
          },
          "connections": {
            "A": [ 36, 37, 38, 39 ],
            "B": [ 40, 41, 42, 43 ],
            "Y": [ 5, 6, 7, 8 ]
          }
        },
        "$ge$designs/33/top.sv:30$8": {
          "hide_name": 1,
          "type": "$ge",
          "parameters": {
            "A_SIGNED": "00000000000000000000000000000000",
            "A_WIDTH": "00000000000000000000000000000100",
            "B_SIGNED": "00000000000000000000000000000000",
            "B_WIDTH": "00000000000000000000000000000011",
            "Y_WIDTH": "00000000000000000000000000000001"
          },
          "attributes": {
            "src": "designs/33/top.sv:30.33-30.86"
          },
          "port_directions": {
            "A": "input",
            "B": "input",
            "Y": "output"
          },
          "connections": {
            "A": [ 11, 12, 13, 14 ],
            "B": [ 2, 3, 4 ],
            "Y": [ 44 ]
          }
        },
        "$lt$designs/33/top.sv:30$9": {
          "hide_name": 1,
          "type": "$lt",
          "parameters": {
            "A_SIGNED": "00000000000000000000000000000000",
            "A_WIDTH": "00000000000000000000000000000001",
            "B_SIGNED": "00000000000000000000000000000000",
            "B_WIDTH": "00000000000000000000000000000011",
            "Y_WIDTH": "00000000000000000000000000000001"
          },
          "attributes": {
            "src": "designs/33/top.sv:30.22-30.97"
          },
          "port_directions": {
            "A": "input",
            "B": "input",
            "Y": "output"
          },
          "connections": {
            "A": [ 44 ],
            "B": [ 2, 3, 4 ],
            "Y": [ 45 ]
          }
        },
        "$mul$designs/33/top.sv:33$21": {
          "hide_name": 1,
          "type": "$mul",
          "parameters": {
            "A_SIGNED": "00000000000000000000000000000001",
            "A_WIDTH": "00000000000000000000000000000011",
            "B_SIGNED": "00000000000000000000000000000001",
            "B_WIDTH": "00000000000000000000000000011110",
            "Y_WIDTH": "00000000000000000000000000010000"
          },
          "attributes": {
            "src": "designs/33/top.sv:33.22-33.87"
          },
          "port_directions": {
            "A": "input",
            "B": "input",
            "Y": "output"
          },
          "connections": {
            "A": [ 46, 47, 48 ],
            "B": [ 33, 34, "1", "1", "1", "1", "1", "1", "1", "1", "1", "1", "1", "1", "1", "1", "1", "1", "1", "1", "1", "1", "1", "1", "1", "1", "1", "1", "1", "1" ],
            "Y": [ 49, 50, 51, 52, 53, 54, 55, 56, 57, 58, 59, 60, 40, 41, 42, 43 ]
          }
        },
        "$mul$designs/33/top.sv:35$23": {
          "hide_name": 1,
          "type": "$mul",
          "parameters": {
            "A_SIGNED": "00000000000000000000000000000000",
            "A_WIDTH": "00000000000000000000000000010000",
            "B_SIGNED": "00000000000000000000000000000000",
            "B_WIDTH": "00000000000000000000000000000011",
            "Y_WIDTH": "00000000000000000000000000000111"
          },
          "attributes": {
            "src": "designs/33/top.sv:35.23-35.66"
          },
          "port_directions": {
            "A": "input",
            "B": "input",
            "Y": "output"
          },
          "connections": {
            "A": [ 61, 62, 63, 64, 65, 66, 67, 68, 69, 70, 71, 72, 73, 74, 75, 76 ],
            "B": [ 2, 3, 4 ],
            "Y": [ 15, 16, 17, 18, 19, 20, 21 ]
          }
        },
        "$mul$designs/33/top.sv:40$31": {
          "hide_name": 1,
          "type": "$mul",
          "parameters": {
            "A_SIGNED": "00000000000000000000000000000000",
            "A_WIDTH": "00000000000000000000000000001000",
            "B_SIGNED": "00000000000000000000000000000000",
            "B_WIDTH": "00000000000000000000000000000010",
            "Y_WIDTH": "00000000000000000000000000001010"
          },
          "attributes": {
            "src": "designs/33/top.sv:40.46-40.93"
          },
          "port_directions": {
            "A": "input",
            "B": "input",
            "Y": "output"
          },
          "connections": {
            "A": [ 22, 23, 24, 25, 26, 27, 28, 29 ],
            "B": [ 9, 10 ],
            "Y": [ 36, 37, 38, 39, 77, 78, 79, 80, 81, 82 ]
          }
        },
        "$sub$designs/33/top.sv:23$4": {
          "hide_name": 1,
          "type": "$sub",
          "parameters": {
            "A_SIGNED": "00000000000000000000000000000000",
            "A_WIDTH": "00000000000000000000000000000010",
            "B_SIGNED": "00000000000000000000000000000000",
            "B_WIDTH": "00000000000000000000000000000010",
            "Y_WIDTH": "00000000000000000000000000000010"
          },
          "attributes": {
            "src": "designs/33/top.sv:23.22-23.55"
          },
          "port_directions": {
            "A": "input",
            "B": "input",
            "Y": "output"
          },
          "connections": {
            "A": [ 30, "1" ],
            "B": [ 3, 4 ],
            "Y": [ 9, 10 ]
          }
        },
        "$sub$designs/33/top.sv:33$18": {
          "hide_name": 1,
          "type": "$sub",
          "parameters": {
            "A_SIGNED": "00000000000000000000000000000000",
            "A_WIDTH": "00000000000000000000000000000010",
            "B_SIGNED": "00000000000000000000000000000000",
            "B_WIDTH": "00000000000000000000000000000010",
            "Y_WIDTH": "00000000000000000000000000000011"
          },
          "attributes": {
            "src": "designs/33/top.sv:33.23-33.74"
          },
          "port_directions": {
            "A": "input",
            "B": "input",
            "Y": "output"
          },
          "connections": {
            "A": [ 35, 10 ],
            "B": [ 9, 10 ],
            "Y": [ 46, 47, 48 ]
          }
        },
        "$sub$designs/33/top.sv:35$22": {
          "hide_name": 1,
          "type": "$sub",
          "parameters": {
            "A_SIGNED": "00000000000000000000000000000000",
            "A_WIDTH": "00000000000000000000000000010000",
            "B_SIGNED": "00000000000000000000000000000000",
            "B_WIDTH": "00000000000000000000000000000001",
            "Y_WIDTH": "00000000000000000000000000010000"
          },
          "attributes": {
            "src": "designs/33/top.sv:35.34-35.49"
          },
          "port_directions": {
            "A": "input",
            "B": "input",
            "Y": "output"
          },
          "connections": {
            "A": [ 49, 50, 51, 52, 53, 54, 55, 56, 57, 58, 59, 60, 40, 41, 42, 43 ],
            "B": [ 45 ],
            "Y": [ 61, 62, 63, 64, 65, 66, 67, 68, 69, 70, 71, 72, 73, 74, 75, 76 ]
          }
        }
      },
      "netnames": {
        "$add$designs/33/top.sv:30$7_Y": {
          "hide_name": 1,
          "bits": [ 11, 12, 13, 14, "0", "0", "0", "0", "0", "0", "0", "0", "0", "0", "0", "0", "0", "0", "0", "0", "0", "0", "0", "0", "0", "0", "0", "0", "0", "0" ],
          "attributes": {
            "src": "designs/33/top.sv:30.42-30.70"
          }
        },
        "$add$designs/33/top.sv:40$30_Y": {
          "hide_name": 1,
          "bits": [ 22 ],
          "attributes": {
          }
        },
        "$auto$opt_expr.cc:205:group_cell_inputs$41": {
          "hide_name": 1,
          "bits": [ 30, 31, 32 ],
          "attributes": {
            "unused_bits": "1 2"
          }
        },
        "$auto$opt_expr.cc:205:group_cell_inputs$51": {
          "hide_name": 1,
          "bits": [ 33, 34 ],
          "attributes": {
          }
        },
        "$auto$opt_expr.cc:205:group_cell_inputs$55": {
          "hide_name": 1,
          "bits": [ 35 ],
          "attributes": {
          }
        },
        "$auto$wreduce.cc:514:run$34": {
          "hide_name": 1,
          "bits": [ 36, 37, 38, 39, 77, 78, 79, 80, 81, 82, "0", "0", "0", "0", "0", "0", "0", "0", "0", "0", "0", "0", "0", "0", "0", "0", "0", "0", "0", "0" ],
          "attributes": {
            "src": "designs/33/top.sv:40.46-40.93",
            "unused_bits": "4 5 6 7 8 9"
          }
        },
        "$auto$wreduce.cc:514:run$35": {
          "hide_name": 1,
          "bits": [ 22, 23, 24, 25, 26, 27, 28, 29, "0", "0", "0", "0", "0", "0" ],
          "attributes": {
            "src": "designs/33/top.sv:40.57-40.82"
          }
        },
        "$ge$designs/33/top.sv:30$8_Y": {
          "hide_name": 1,
          "bits": [ 44 ],
          "attributes": {
            "src": "designs/33/top.sv:30.33-30.86"
          }
        },
        "$sub$designs/33/top.sv:33$18_Y": {
          "hide_name": 1,
          "bits": [ 46, 47, 48, 48, 48, 48, 48, 48, 48, 48, 48, 48, 48, 48, 48, 48, 48, 48, 48, 48, 48, 48, 48, 48, 48, 48, 48, 48, 48, 48 ],
          "attributes": {
            "src": "designs/33/top.sv:33.23-33.74"
          }
        },
        "$sub$designs/33/top.sv:35$22_Y": {
          "hide_name": 1,
          "bits": [ 61, 62, 63, 64, 65, 66, 67, 68, 69, 70, 71, 72, 73, 74, 75, 76 ],
          "attributes": {
            "src": "designs/33/top.sv:35.34-35.49"
          }
        },
        "input_data": {
          "hide_name": 0,
          "bits": [ 2, 3, 4 ],
          "attributes": {
            "src": "designs/33/top.sv:2.17-2.27"
          }
        },
        "output_data": {
          "hide_name": 0,
          "bits": [ 5, 6, 7, 8, "0", "0", "0", "0", "0", "0", "0", "0", "0", "0", "0", "0", "0", "0", "0", "0", "0", "0", "0", "0", "0", "0", "0", "0", "0", "0", "0", "0", "0", "0", "0", "0", "0", "0", "0", "0", "0", "0", "0", "0", "0", "0", "0", "0" ],
          "attributes": {
            "src": "designs/33/top.sv:3.19-3.30"
          }
        },
        "temp_0": {
          "hide_name": 0,
          "bits": [ 30, "1", 32, "1", "1", "1", "1", "1", "1", "1", "1", "1", "1", "1", "1", "1", "1", "1", "1", "1", "1", "1", "1" ],
          "attributes": {
            "src": "designs/33/top.sv:6.18-6.24",
            "unused_bits": "2"
          }
        },
        "temp_1": {
          "hide_name": 0,
          "bits": [ 9, 10 ],
          "attributes": {
            "src": "designs/33/top.sv:7.17-7.23"
          }
        },
        "temp_11": {
          "hide_name": 0,
          "bits": [ 15, 16, 17, 18, 19, 20, 21 ],
          "attributes": {
            "src": "designs/33/top.sv:17.17-17.24"
          }
        },
        "temp_6": {
          "hide_name": 0,
          "bits": [ 45, "0", "0", "0", "0", "0", "0", "0" ],
          "attributes": {
            "src": "designs/33/top.sv:12.17-12.23"
          }
        },
        "temp_9": {
          "hide_name": 0,
          "bits": [ 49, 50, 51, 52, 53, 54, 55, 56, 57, 58, 59, 60, 40, 41, 42, 43 ],
          "attributes": {
            "src": "designs/33/top.sv:15.18-15.24"
          }
        }
      }
    }
  }
}
