{
  "creator": "Yosys 0.60 (git sha1 5bafeb77dc71e054fa331ab9efa613e6fb0a1c49, clang++ 17.0.0 -fPIC -O3)",
  "modules": {
    "top": {
      "attributes": {
        "top": "00000000000000000000000000000001",
        "src": "designs/76/top.sv:1.1-28.10"
      },
      "ports": {
        "input_data": {
          "direction": "input",
          "bits": [ 2, 3, 4, 5, 6, 7, 8, 9, 10, 11, 12, 13 ]
        },
        "output_data": {
          "direction": "output",
          "bits": [ 14, 15, 16, 17, 18, 19, 20, 21, 22, 23, 24, 25, 26, 27, 28, 29, 30, 31, 32, 33, 34, 35, 36, 37, 38, 39, 40 ]
        }
      },
      "cells": {
        "$add$designs/76/top.sv:22$16": {
          "hide_name": 1,
          "type": "$add",
          "parameters": {
            "A_SIGNED": "00000000000000000000000000000000",
            "A_WIDTH": "00000000000000000000000000011011",
            "B_SIGNED": "00000000000000000000000000000000",
            "B_WIDTH": "00000000000000000000000000000001",
            "Y_WIDTH": "00000000000000000000000000011011"
          },
          "attributes": {
            "src": "designs/76/top.sv:22.31-22.55"
          },
          "port_directions": {
            "A": "input",
            "B": "input",
            "Y": "output"
          },
          "connections": {
            "A": [ 41, 42, 43, 44, 45, 46, 47, 48, 49, 50, 51, 52, 53, 54, 55, 56, 57, 58, 59, 60, 61, 62, 63, 64, 65, 66, 67 ],
            "B": [ 68 ],
            "Y": [ 69, 70, 71, 72, 73, 74, 75, 76, 77, 78, 79, 80, 81, 82, 83, 84, 85, 86, 87, 88, 89, 35, 36, 37, 38, 39, 40 ]
          }
        },
        "$add$designs/76/top.sv:24$23": {
          "hide_name": 1,
          "type": "$add",
          "parameters": {
            "A_SIGNED": "00000000000000000000000000000000",
            "A_WIDTH": "00000000000000000000000000010101",
            "B_SIGNED": "00000000000000000000000000000000",
            "B_WIDTH": "00000000000000000000000000010001",
            "Y_WIDTH": "00000000000000000000000000010101"
          },
          "attributes": {
            "src": "designs/76/top.sv:24.32-24.58"
          },
          "port_directions": {
            "A": "input",
            "B": "input",
            "Y": "output"
          },
          "connections": {
            "A": [ 41, 42, 43, 44, 45, 46, 47, 48, 49, 50, 51, 52, 53, 54, 55, 56, 57, 58, 59, 60, 61 ],
            "B": [ 90, 91, 92, 93, 94, 95, 96, 97, 98, 99, 100, 101, "1", "1", "1", "1", "1" ],
            "Y": [ 102, 103, 104, 105, 106, 107, 108, 109, 110, 111, 112, 113, 114, 115, 116, 117, 118, 119, 120, 121, 122 ]
          }
        },
        "$add$designs/76/top.sv:24$25": {
          "hide_name": 1,
          "type": "$add",
          "parameters": {
            "A_SIGNED": "00000000000000000000000000000000",
            "A_WIDTH": "00000000000000000000000000010101",
            "B_SIGNED": "00000000000000000000000000000000",
            "B_WIDTH": "00000000000000000000000000010101",
            "Y_WIDTH": "00000000000000000000000000010101"
          },
          "attributes": {
            "src": "designs/76/top.sv:24.22-24.86"
          },
          "port_directions": {
            "A": "input",
            "B": "input",
            "Y": "output"
          },
          "connections": {
            "A": [ 123, 124, 125, 126, 127, 128, 129, 130, 131, 132, 133, 134, 135, 136, 137, 138, 139, 140, 141, 142, 143 ],
            "B": [ 144, 145, 146, 147, 148, 149, 150, 151, 152, 153, 154, 155, 156, 157, 158, 159, 160, 86, 87, 88, 89 ],
            "Y": [ 161, 162, 163, 164, 165, 166, 167, 168, 169, 170, 171, 172, 173, 174, 175, 176, 177, 178, 179, 180, 181 ]
          }
        },
        "$add$designs/76/top.sv:26$27": {
          "hide_name": 1,
          "type": "$add",
          "parameters": {
            "A_SIGNED": "00000000000000000000000000000000",
            "A_WIDTH": "00000000000000000000000000001110",
            "B_SIGNED": "00000000000000000000000000000000",
            "B_WIDTH": "00000000000000000000000000010101",
            "Y_WIDTH": "00000000000000000000000000010101"
          },
          "attributes": {
            "src": "designs/76/top.sv:26.56-26.108"
          },
          "port_directions": {
            "A": "input",
            "B": "input",
            "Y": "output"
          },
          "connections": {
            "A": [ 182, 183, 184, 185, 186, 187, 188, 189, 190, 191, 192, 193, 194, 195 ],
            "B": [ 161, 162, 163, 164, 165, 166, 167, 168, 169, 170, 171, 172, 173, 174, 175, 176, 177, 178, 179, 180, 181 ],
            "Y": [ 196, 197, 198, 199, 200, 201, 202, 203, 204, 205, 206, 207, 208, 209, 210, 211, 212, 213, 214, 215, 216 ]
          }
        },
        "$and$designs/76/top.sv:20$13": {
          "hide_name": 1,
          "type": "$and",
          "parameters": {
            "A_SIGNED": "00000000000000000000000000000000",
            "A_WIDTH": "00000000000000000000000000000001",
            "B_SIGNED": "00000000000000000000000000000000",
            "B_WIDTH": "00000000000000000000000000000001",
            "Y_WIDTH": "00000000000000000000000000000001"
          },
          "attributes": {
            "src": "designs/76/top.sv:20.22-20.57"
          },
          "port_directions": {
            "A": "input",
            "B": "input",
            "Y": "output"
          },
          "connections": {
            "A": [ 8 ],
            "B": [ 90 ],
            "Y": [ 68 ]
          }
        },
        "$auto$opt_expr.cc:250:group_cell_inputs$89": {
          "hide_name": 1,
          "type": "$not",
          "parameters": {
            "A_SIGNED": "00000000000000000000000000000000",
            "A_WIDTH": "00000000000000000000000000000001",
            "Y_WIDTH": "00000000000000000000000000000001"
          },
          "attributes": {
          },
          "port_directions": {
            "A": "input",
            "Y": "output"
          },
          "connections": {
            "A": [ 81 ],
            "Y": [ 156 ]
          }
        },
        "$auto$opt_expr.cc:250:group_cell_inputs$91": {
          "hide_name": 1,
          "type": "$not",
          "parameters": {
            "A_SIGNED": "00000000000000000000000000000000",
            "A_WIDTH": "00000000000000000000000000000001",
            "Y_WIDTH": "00000000000000000000000000000001"
          },
          "attributes": {
          },
          "port_directions": {
            "A": "input",
            "Y": "output"
          },
          "connections": {
            "A": [ 82 ],
            "Y": [ 157 ]
          }
        },
        "$auto$opt_expr.cc:250:group_cell_inputs$93": {
          "hide_name": 1,
          "type": "$not",
          "parameters": {
            "A_SIGNED": "00000000000000000000000000000000",
            "A_WIDTH": "00000000000000000000000000000001",
            "Y_WIDTH": "00000000000000000000000000000001"
          },
          "attributes": {
          },
          "port_directions": {
            "A": "input",
            "Y": "output"
          },
          "connections": {
            "A": [ 83 ],
            "Y": [ 158 ]
          }
        },
        "$auto$opt_expr.cc:250:group_cell_inputs$95": {
          "hide_name": 1,
          "type": "$not",
          "parameters": {
            "A_SIGNED": "00000000000000000000000000000000",
            "A_WIDTH": "00000000000000000000000000000001",
            "Y_WIDTH": "00000000000000000000000000000001"
          },
          "attributes": {
          },
          "port_directions": {
            "A": "input",
            "Y": "output"
          },
          "connections": {
            "A": [ 84 ],
            "Y": [ 159 ]
          }
        },
        "$auto$opt_expr.cc:250:group_cell_inputs$97": {
          "hide_name": 1,
          "type": "$not",
          "parameters": {
            "A_SIGNED": "00000000000000000000000000000000",
            "A_WIDTH": "00000000000000000000000000000001",
            "Y_WIDTH": "00000000000000000000000000000001"
          },
          "attributes": {
          },
          "port_directions": {
            "A": "input",
            "Y": "output"
          },
          "connections": {
            "A": [ 85 ],
            "Y": [ 160 ]
          }
        },
        "$auto$opt_expr.cc:276:group_cell_inputs$39": {
          "hide_name": 1,
          "type": "$not",
          "parameters": {
            "A_SIGNED": "00000000000000000000000000000000",
            "A_WIDTH": "00000000000000000000000000000110",
            "Y_WIDTH": "00000000000000000000000000000110"
          },
          "attributes": {
          },
          "port_directions": {
            "A": "input",
            "Y": "output"
          },
          "connections": {
            "A": [ 217, 218, 219, 220, 221, 222 ],
            "Y": [ 223, 224, 225, 226, 227, 228 ]
          }
        },
        "$auto$opt_expr.cc:276:group_cell_inputs$47": {
          "hide_name": 1,
          "type": "$not",
          "parameters": {
            "A_SIGNED": "00000000000000000000000000000000",
            "A_WIDTH": "00000000000000000000000000001100",
            "Y_WIDTH": "00000000000000000000000000001100"
          },
          "attributes": {
          },
          "port_directions": {
            "A": "input",
            "Y": "output"
          },
          "connections": {
            "A": [ 2, 3, 4, 5, 6, 7, 8, 9, 10, 11, 12, 13 ],
            "Y": [ 229, 230, 231, 232, 233, 234, 235, 236, 237, 238, 239, 240 ]
          }
        },
        "$auto$opt_expr.cc:276:group_cell_inputs$51": {
          "hide_name": 1,
          "type": "$and",
          "parameters": {
            "A_SIGNED": "00000000000000000000000000000000",
            "A_WIDTH": "00000000000000000000000000000001",
            "B_SIGNED": "00000000000000000000000000000000",
            "B_WIDTH": "00000000000000000000000000000001",
            "Y_WIDTH": "00000000000000000000000000000001"
          },
          "attributes": {
          },
          "port_directions": {
            "A": "input",
            "B": "input",
            "Y": "output"
          },
          "connections": {
            "A": [ 68 ],
            "B": [ 241 ],
            "Y": [ 242 ]
          }
        },
        "$auto$opt_expr.cc:276:group_cell_inputs$65": {
          "hide_name": 1,
          "type": "$and",
          "parameters": {
            "A_SIGNED": "00000000000000000000000000000000",
            "A_WIDTH": "00000000000000000000000000010101",
            "B_SIGNED": "00000000000000000000000000000000",
            "B_WIDTH": "00000000000000000000000000010101",
            "Y_WIDTH": "00000000000000000000000000010101"
          },
          "attributes": {
          },
          "port_directions": {
            "A": "input",
            "B": "input",
            "Y": "output"
          },
          "connections": {
            "A": [ 243, 244, 245, 246, 247, 248, 249, 250, 251, 252, 253, 254, 255, 256, 257, 258, 259, 260, 261, 262, 263 ],
            "B": [ 264, 265, 266, 267, 268, 269, 270, 271, 272, 273, 274, 275, 276, 277, 278, 279, 280, 281, 282, 283, 284 ],
            "Y": [ 285, 286, 287, 288, 289, 290, 291, 292, 293, 294, 295, 296, 297, 298, 299, 300, 301, 302, 303, 304, 305 ]
          }
        },
        "$auto$opt_expr.cc:276:group_cell_inputs$74": {
          "hide_name": 1,
          "type": "$or",
          "parameters": {
            "A_SIGNED": "00000000000000000000000000000000",
            "A_WIDTH": "00000000000000000000000000001100",
            "B_SIGNED": "00000000000000000000000000000000",
            "B_WIDTH": "00000000000000000000000000001100",
            "Y_WIDTH": "00000000000000000000000000001100"
          },
          "attributes": {
          },
          "port_directions": {
            "A": "input",
            "B": "input",
            "Y": "output"
          },
          "connections": {
            "A": [ 41, 42, 43, 44, 45, 46, 47, 48, 49, 50, 51, 52 ],
            "B": [ 229, 230, 231, 232, 233, 234, 235, 236, 237, 238, 239, 240 ],
            "Y": [ 90, 91, 92, 93, 94, 95, 96, 97, 98, 99, 100, 101 ]
          }
        },
        "$auto$opt_expr.cc:276:group_cell_inputs$81": {
          "hide_name": 1,
          "type": "$xor",
          "parameters": {
            "A_SIGNED": "00000000000000000000000000000000",
            "A_WIDTH": "00000000000000000000000000010101",
            "B_SIGNED": "00000000000000000000000000000000",
            "B_WIDTH": "00000000000000000000000000010101",
            "Y_WIDTH": "00000000000000000000000000010101"
          },
          "attributes": {
          },
          "port_directions": {
            "A": "input",
            "B": "input",
            "Y": "output"
          },
          "connections": {
            "A": [ 285, 286, 287, 288, 289, 290, 291, 292, 293, 294, 295, 296, 297, 298, 299, 300, 301, 302, 303, 304, 305 ],
            "B": [ 144, 145, 146, 147, 148, 149, 150, 151, 152, 153, 154, 155, 156, 157, 158, 159, 160, 86, 87, 88, 89 ],
            "Y": [ 14, 15, 16, 17, 18, 19, 20, 21, 22, 23, 24, 25, 26, 27, 28, 29, 30, 31, 32, 33, 34 ]
          }
        },
        "$auto$opt_expr.cc:276:group_cell_inputs$84": {
          "hide_name": 1,
          "type": "$and",
          "parameters": {
            "A_SIGNED": "00000000000000000000000000000000",
            "A_WIDTH": "00000000000000000000000000000001",
            "B_SIGNED": "00000000000000000000000000000000",
            "B_WIDTH": "00000000000000000000000000000001",
            "Y_WIDTH": "00000000000000000000000000000001"
          },
          "attributes": {
          },
          "port_directions": {
            "A": "input",
            "B": "input",
            "Y": "output"
          },
          "connections": {
            "A": [ 306 ],
            "B": [ 223 ],
            "Y": [ 307 ]
          }
        },
        "$auto$opt_expr.cc:276:group_cell_inputs$87": {
          "hide_name": 1,
          "type": "$xor",
          "parameters": {
            "A_SIGNED": "00000000000000000000000000000000",
            "A_WIDTH": "00000000000000000000000000001100",
            "B_SIGNED": "00000000000000000000000000000000",
            "B_WIDTH": "00000000000000000000000000001100",
            "Y_WIDTH": "00000000000000000000000000001100"
          },
          "attributes": {
          },
          "port_directions": {
            "A": "input",
            "B": "input",
            "Y": "output"
          },
          "connections": {
            "A": [ 69, 70, 71, 72, 73, 74, 75, 76, 77, 78, 79, 80 ],
            "B": [ 90, 91, 92, 93, 94, 95, 96, 97, 98, 99, 100, 101 ],
            "Y": [ 144, 145, 146, 147, 148, 149, 150, 151, 152, 153, 154, 155 ]
          }
        },
        "$ge$designs/76/top.sv:17$3": {
          "hide_name": 1,
          "type": "$ge",
          "parameters": {
            "A_SIGNED": "00000000000000000000000000000000",
            "A_WIDTH": "00000000000000000000000000001100",
            "B_SIGNED": "00000000000000000000000000000000",
            "B_WIDTH": "00000000000000000000000000001100",
            "Y_WIDTH": "00000000000000000000000000000001"
          },
          "attributes": {
            "src": "designs/76/top.sv:17.62-17.97"
          },
          "port_directions": {
            "A": "input",
            "B": "input",
            "Y": "output"
          },
          "connections": {
            "A": [ 2, 3, 4, 5, 6, 7, 8, 9, 10, 11, 12, 13 ],
            "B": [ 2, 3, 4, 5, 6, 7, 8, 9, 10, 11, 12, 13 ],
            "Y": [ 308 ]
          }
        },
        "$ge$designs/76/top.sv:17$4": {
          "hide_name": 1,
          "type": "$ge",
          "parameters": {
            "A_SIGNED": "00000000000000000000000000000000",
            "A_WIDTH": "00000000000000000000000000000001",
            "B_SIGNED": "00000000000000000000000000000000",
            "B_WIDTH": "00000000000000000000000000001100",
            "Y_WIDTH": "00000000000000000000000000000001"
          },
          "attributes": {
            "src": "designs/76/top.sv:17.53-17.113"
          },
          "port_directions": {
            "A": "input",
            "B": "input",
            "Y": "output"
          },
          "connections": {
            "A": [ 308 ],
            "B": [ 2, 3, 4, 5, 6, 7, 8, 9, 10, 11, 12, 13 ],
            "Y": [ 306 ]
          }
        },
        "$mul$designs/76/top.sv:17$9": {
          "hide_name": 1,
          "type": "$mul",
          "parameters": {
            "A_SIGNED": "00000000000000000000000000000000",
            "A_WIDTH": "00000000000000000000000000100000",
            "B_SIGNED": "00000000000000000000000000000000",
            "B_WIDTH": "00000000000000000000000000000110",
            "Y_WIDTH": "00000000000000000000000000100000"
          },
          "attributes": {
            "src": "designs/76/top.sv:17.22-17.157"
          },
          "port_directions": {
            "A": "input",
            "B": "input",
            "Y": "output"
          },
          "connections": {
            "A": [ 307, 224, "0", "0", 227, 228, "1", "1", "1", "0", "1", "0", "0", "1", "0", "1", "1", "1", "1", "0", "1", "1", "1", "0", "0", "1", "1", "0", "0", "0", "0", "1" ],
            "B": [ 217, 218, 219, 220, 221, 222 ],
            "Y": [ 41, 42, 43, 44, 45, 46, 47, 48, 49, 50, 51, 52, 53, 54, 55, 56, 57, 58, 59, 60, 61, 62, 63, 64, 65, 66, 67, 309, 310, 311, 312, 313 ]
          }
        },
        "$not$designs/76/top.sv:21$14": {
          "hide_name": 1,
          "type": "$not",
          "parameters": {
            "A_SIGNED": "00000000000000000000000000000000",
            "A_WIDTH": "00000000000000000000000000001010",
            "Y_WIDTH": "00000000000000000000000000001010"
          },
          "attributes": {
            "src": "designs/76/top.sv:21.51-21.58"
          },
          "port_directions": {
            "A": "input",
            "Y": "output"
          },
          "connections": {
            "A": [ 41, 42, 43, 44, 45, 46, 47, 48, 49, 50 ],
            "Y": [ 241, 314, 315, 316, 317, 318, 319, 320, 321, 322 ]
          }
        },
        "$not$designs/76/top.sv:26$29": {
          "hide_name": 1,
          "type": "$not",
          "parameters": {
            "A_SIGNED": "00000000000000000000000000000000",
            "A_WIDTH": "00000000000000000000000000011011",
            "Y_WIDTH": "00000000000000000000000000011011"
          },
          "attributes": {
            "src": "designs/76/top.sv:26.125-26.132"
          },
          "port_directions": {
            "A": "input",
            "Y": "output"
          },
          "connections": {
            "A": [ 41, 42, 43, 44, 45, 46, 47, 48, 49, 50, 51, 52, 53, 54, 55, 56, 57, 58, 59, 60, 61, 62, 63, 64, 65, 66, 67 ],
            "Y": [ 264, 265, 266, 267, 268, 269, 270, 271, 272, 273, 274, 275, 276, 277, 278, 279, 280, 281, 282, 283, 284, 323, 324, 325, 326, 327, 328 ]
          }
        },
        "$or$designs/76/top.sv:16$1": {
          "hide_name": 1,
          "type": "$or",
          "parameters": {
            "A_SIGNED": "00000000000000000000000000000000",
            "A_WIDTH": "00000000000000000000000000000110",
            "B_SIGNED": "00000000000000000000000000000000",
            "B_WIDTH": "00000000000000000000000000000110",
            "Y_WIDTH": "00000000000000000000000000000110"
          },
          "attributes": {
            "src": "designs/76/top.sv:16.31-16.75"
          },
          "port_directions": {
            "A": "input",
            "B": "input",
            "Y": "output"
          },
          "connections": {
            "A": [ 6, 7, 8, 9, 10, 11 ],
            "B": [ 3, 4, 5, 6, 7, 8 ],
            "Y": [ 329, 330, 331, 332, 333, 334 ]
          }
        },
        "$sub$designs/76/top.sv:24$24": {
          "hide_name": 1,
          "type": "$sub",
          "parameters": {
            "A_SIGNED": "00000000000000000000000000000000",
            "A_WIDTH": "00000000000000000000000000010101",
            "B_SIGNED": "00000000000000000000000000000000",
            "B_WIDTH": "00000000000000000000000000000110",
            "Y_WIDTH": "00000000000000000000000000010101"
          },
          "attributes": {
            "src": "designs/76/top.sv:24.31-24.75"
          },
          "port_directions": {
            "A": "input",
            "B": "input",
            "Y": "output"
          },
          "connections": {
            "A": [ 102, 103, 104, 105, 106, 107, 108, 109, 110, 111, 112, 113, 114, 115, 116, 117, 118, 119, 120, 121, 122 ],
            "B": [ 101, "1", "1", "1", "1", "1" ],
            "Y": [ 123, 124, 125, 126, 127, 128, 129, 130, 131, 132, 133, 134, 135, 136, 137, 138, 139, 140, 141, 142, 143 ]
          }
        },
        "$sub$designs/76/top.sv:26$26": {
          "hide_name": 1,
          "type": "$sub",
          "parameters": {
            "A_SIGNED": "00000000000000000000000000000000",
            "A_WIDTH": "00000000000000000000000000001010",
            "B_SIGNED": "00000000000000000000000000000000",
            "B_WIDTH": "00000000000000000000000000001110",
            "Y_WIDTH": "00000000000000000000000000001110"
          },
          "attributes": {
            "src": "designs/76/top.sv:26.67-26.97"
          },
          "port_directions": {
            "A": "input",
            "B": "input",
            "Y": "output"
          },
          "connections": {
            "A": [ 242, "0", "0", "0", "0", "0", "0", "0", "0", "0" ],
            "B": [ 93, 94, 95, 96, 97, 98, 99, 100, 101, "1", "1", "1", "1", "1" ],
            "Y": [ 182, 183, 184, 185, 186, 187, 188, 189, 190, 191, 192, 193, 194, 195 ]
          }
        },
        "$sub$designs/76/top.sv:26$28": {
          "hide_name": 1,
          "type": "$sub",
          "parameters": {
            "A_SIGNED": "00000000000000000000000000000000",
            "A_WIDTH": "00000000000000000000000000010101",
            "B_SIGNED": "00000000000000000000000000000000",
            "B_WIDTH": "00000000000000000000000000000001",
            "Y_WIDTH": "00000000000000000000000000010101"
          },
          "attributes": {
            "src": "designs/76/top.sv:26.47-26.119"
          },
          "port_directions": {
            "A": "input",
            "B": "input",
            "Y": "output"
          },
          "connections": {
            "A": [ 196, 197, 198, 199, 200, 201, 202, 203, 204, 205, 206, 207, 208, 209, 210, 211, 212, 213, 214, 215, 216 ],
            "B": [ 68 ],
            "Y": [ 243, 244, 245, 246, 247, 248, 249, 250, 251, 252, 253, 254, 255, 256, 257, 258, 259, 260, 261, 262, 263 ]
          }
        },
        "$xor$designs/76/top.sv:16$2": {
          "hide_name": 1,
          "type": "$xor",
          "parameters": {
            "A_SIGNED": "00000000000000000000000000000000",
            "A_WIDTH": "00000000000000000000000000000110",
            "B_SIGNED": "00000000000000000000000000000000",
            "B_WIDTH": "00000000000000000000000000000110",
            "Y_WIDTH": "00000000000000000000000000000110"
          },
          "attributes": {
            "src": "designs/76/top.sv:16.22-16.96"
          },
          "port_directions": {
            "A": "input",
            "B": "input",
            "Y": "output"
          },
          "connections": {
            "A": [ 329, 330, 331, 332, 333, 334 ],
            "B": [ 7, 8, 9, 10, 11, 12 ],
            "Y": [ 217, 218, 219, 220, 221, 222 ]
          }
        }
      },
      "netnames": {
        "$add$designs/76/top.sv:22$16_Y": {
          "hide_name": 1,
          "bits": [ 69, 70, 71, 72, 73, 74, 75, 76, 77, 78, 79, 80, 81, 82, 83, 84, 85, 86, 87, 88, 89, 35, 36, 37, 38, 39, 40, 335, 336, 337, 338, 339 ],
          "attributes": {
            "src": "designs/76/top.sv:22.31-22.55",
            "unused_bits": "27 28 29 30 31"
          }
        },
        "$add$designs/76/top.sv:24$23_Y": {
          "hide_name": 1,
          "bits": [ 102, 103, 104, 105, 106, 107, 108, 109, 110, 111, 112, 113, 114, 115, 116, 117, 118, 119, 120, 121, 122, 340, 341, 342, 343, 344, 345, 346, 347, 348, 349, 350 ],
          "attributes": {
            "src": "designs/76/top.sv:24.32-24.58",
            "unused_bits": "21 22 23 24 25 26 27 28 29 30 31"
          }
        },
        "$add$designs/76/top.sv:26$27_Y": {
          "hide_name": 1,
          "bits": [ 196, 197, 198, 199, 200 ],
          "attributes": {
          }
        },
        "$and$designs/76/top.sv:17$8_Y": {
          "hide_name": 1,
          "bits": [ 307, 224, "0", "0", 227, 228, "1", "1", "1", "0", "1", "0", "0", "1", "0", "1", "1", "1", "1", "0", "1", "1", "1", "0", "0", "1", "1", "0", "0", "0", "0", "1" ],
          "attributes": {
            "src": "designs/76/top.sv:17.31-17.146"
          }
        },
        "$and$designs/76/top.sv:26$30_Y": {
          "hide_name": 1,
          "bits": [ 285, 286, 287, 288, 289, 290, 291, 292, 293, 294, 295, 296, 297, 298, 299, 300, 301, 302, 303, 304, 305, "0", "0", "0", "0", "0", "0" ],
          "attributes": {
          }
        },
        "$auto$opt_expr.cc:205:group_cell_inputs$38": {
          "hide_name": 1,
          "bits": [ 223, 224, 225, 226, 227, 228 ],
          "attributes": {
            "unused_bits": "2 3"
          }
        },
        "$auto$opt_expr.cc:205:group_cell_inputs$46": {
          "hide_name": 1,
          "bits": [ 229, 230, 231, 232, 233, 234, 235, 236, 237, 238, 239, 240 ],
          "attributes": {
          }
        },
        "$auto$wreduce.cc:514:run$33": {
          "hide_name": 1,
          "bits": [ 264, 265, 266, 267, 268, 269, 270, 271, 272, 273, 274, 275, 276, 277, 278, 279, 280, 281, 282, 283, 284, 323, 324, 325, 326, 327, 328, 351, 352, 353, 354, 355 ],
          "attributes": {
            "src": "designs/76/top.sv:26.125-26.132",
            "unused_bits": "21 22 23 24 25 26 27 28 29 30 31"
          }
        },
        "$auto$wreduce.cc:514:run$34": {
          "hide_name": 1,
          "bits": [ 196, 197, 198, 199, 200, 201, 202, 203, 204, 205, 206, 207, 208, 209, 210, 211, 212, 213, 214, 215, 216 ],
          "attributes": {
            "src": "designs/76/top.sv:26.56-26.108"
          }
        },
        "$ge$designs/76/top.sv:17$3_Y": {
          "hide_name": 1,
          "bits": [ 308 ],
          "attributes": {
            "src": "designs/76/top.sv:17.62-17.97"
          }
        },
        "$ge$designs/76/top.sv:17$4_Y": {
          "hide_name": 1,
          "bits": [ 306 ],
          "attributes": {
            "src": "designs/76/top.sv:17.53-17.113"
          }
        },
        "$not$designs/76/top.sv:21$14_Y": {
          "hide_name": 1,
          "bits": [ 241, 314, 315, 316, 317, 318, 319, 320, 321, 322, 356, 357, 358, 359, 360, 361, 362, 363, 364, 365, 366, 367, 368, 369, 370, 371, 372, 373, 374, 375, 376, 377 ],
          "attributes": {
            "src": "designs/76/top.sv:21.51-21.58",
            "unused_bits": "1 2 3 4 5 6 7 8 9 10 11 12 13 14 15 16 17 18 19 20 21 22 23 24 25 26 27 28 29 30 31"
          }
        },
        "$or$designs/76/top.sv:16$1_Y": {
          "hide_name": 1,
          "bits": [ 329, 330, 331, 332, 333, 334 ],
          "attributes": {
            "src": "designs/76/top.sv:16.31-16.75"
          }
        },
        "$sub$designs/76/top.sv:24$24_Y": {
          "hide_name": 1,
          "bits": [ 123, 124, 125, 126, 127, 128, 129, 130, 131, 132, 133, 134, 135, 136, 137, 138, 139, 140, 141, 142, 143, 378, 379, 380, 381, 382, 383, 384, 385, 386, 387, 388 ],
          "attributes": {
            "src": "designs/76/top.sv:24.31-24.75",
            "unused_bits": "21 22 23 24 25 26 27 28 29 30 31"
          }
        },
        "$sub$designs/76/top.sv:26$26_Y": {
          "hide_name": 1,
          "bits": [ 182, 183, 184, 185, 186, 187, 188, 189, 190, 191, 192, 193, 194, 195 ],
          "attributes": {
            "src": "designs/76/top.sv:26.67-26.97"
          }
        },
        "$sub$designs/76/top.sv:26$28_Y": {
          "hide_name": 1,
          "bits": [ 243, 244, 245, 246, 247, 248, 249, 250, 251, 252, 253, 254, 255, 256, 257, 258, 259, 260, 261, 262, 263 ],
          "attributes": {
            "src": "designs/76/top.sv:26.47-26.119"
          }
        },
        "input_data": {
          "hide_name": 0,
          "bits": [ 2, 3, 4, 5, 6, 7, 8, 9, 10, 11, 12, 13 ],
          "attributes": {
            "src": "designs/76/top.sv:2.18-2.28"
          }
        },
        "output_data": {
          "hide_name": 0,
          "bits": [ 14, 15, 16, 17, 18, 19, 20, 21, 22, 23, 24, 25, 26, 27, 28, 29, 30, 31, 32, 33, 34, 35, 36, 37, 38, 39, 40 ],
          "attributes": {
            "src": "designs/76/top.sv:3.19-3.30"
          }
        },
        "temp_0": {
          "hide_name": 0,
          "bits": [ 217, 218, 219, 220, 221, 222 ],
          "attributes": {
            "src": "designs/76/top.sv:6.17-6.23"
          }
        },
        "temp_1": {
          "hide_name": 0,
          "bits": [ 41, 42, 43, 44, 45, 46, 47, 48, 49, 50, 51, 52, 53, 54, 55, 56, 57, 58, 59, 60, 61, 62, 63, 64, 65, 66, 67, 309, 310, 311, 312, 313 ],
          "attributes": {
            "src": "designs/76/top.sv:7.18-7.24",
            "unused_bits": "27 28 29 30 31"
          }
        },
        "temp_2": {
          "hide_name": 0,
          "bits": [ 90, 91, 92, 93, 94, 95, 96, 97, 98, 99, 100, 101, "1", "1", "1", "1", "1" ],
          "attributes": {
            "src": "designs/76/top.sv:8.18-8.24"
          }
        },
        "temp_4": {
          "hide_name": 0,
          "bits": [ 68 ],
          "attributes": {
            "single_bit_vector": "00000000000000000000000000000001",
            "src": "designs/76/top.sv:10.17-10.23"
          }
        },
        "temp_5": {
          "hide_name": 0,
          "bits": [ 242, "0", "0", "0", "0", "0", "0", "0", "0", "0" ],
          "attributes": {
            "src": "designs/76/top.sv:11.17-11.23"
          }
        },
        "temp_6": {
          "hide_name": 0,
          "bits": [ 144, 145, 146, 147, 148, 149, 150, 151, 152, 153, 154, 155, 156, 157, 158, 159, 160, 86, 87, 88, 89, 35, 36, 37, 38, 39, 40, "x", "x", "x", "x" ],
          "attributes": {
            "src": "designs/76/top.sv:12.18-12.24"
          }
        },
        "temp_8": {
          "hide_name": 0,
          "bits": [ 161, 162, 163, 164, 165, 166, 167, 168, 169, 170, 171, 172, 173, 174, 175, 176, 177, 178, 179, 180, 181 ],
          "attributes": {
            "src": "designs/76/top.sv:14.18-14.24"
          }
        }
      }
    }
  }
}
