{
  "creator": "Yosys 0.60 (git sha1 5bafeb77dc71e054fa331ab9efa613e6fb0a1c49, clang++ 17.0.0 -fPIC -O3)",
  "modules": {
    "top": {
      "attributes": {
        "top": "00000000000000000000000000000001",
        "src": "designs/63/top.sv:1.1-46.10"
      },
      "ports": {
        "input_data": {
          "direction": "input",
          "bits": [ 2, 3, 4, 5, 6 ]
        },
        "output_data": {
          "direction": "output",
          "bits": [ 7, 8, 9, 10, 11, 12, 13, 14, 14, 14, 14, 14, 14, 14, 14, 14, 14, 14, 14, 14, 14, 14, 14, 14, 14, 14, 14, 14, 14, 14, 14, "0", "0", "0", "0", "0", "0" ]
        }
      },
      "cells": {
        "$add$designs/63/top.sv:33$9": {
          "hide_name": 1,
          "type": "$add",
          "parameters": {
            "A_SIGNED": "00000000000000000000000000000000",
            "A_WIDTH": "00000000000000000000000000000101",
            "B_SIGNED": "00000000000000000000000000000000",
            "B_WIDTH": "00000000000000000000000000000111",
            "Y_WIDTH": "00000000000000000000000000000111"
          },
          "attributes": {
            "src": "designs/63/top.sv:33.22-33.37"
          },
          "port_directions": {
            "A": "input",
            "B": "input",
            "Y": "output"
          },
          "connections": {
            "A": [ 15, 16, 17, 18, 19 ],
            "B": [ 20, 21, 22, 23, 24, 25, 25 ],
            "Y": [ 26, 27, 28, 29, 30, 31, 32 ]
          }
        },
        "$and$designs/63/top.sv:24$1": {
          "hide_name": 1,
          "type": "$and",
          "parameters": {
            "A_SIGNED": "00000000000000000000000000000000",
            "A_WIDTH": "00000000000000000000000000000101",
            "B_SIGNED": "00000000000000000000000000000000",
            "B_WIDTH": "00000000000000000000000000000101",
            "Y_WIDTH": "00000000000000000000000000000101"
          },
          "attributes": {
            "src": "designs/63/top.sv:24.32-24.51"
          },
          "port_directions": {
            "A": "input",
            "B": "input",
            "Y": "output"
          },
          "connections": {
            "A": [ 2, 3, 4, 5, 6 ],
            "B": [ 2, 3, 4, 5, 6 ],
            "Y": [ 33, 34, 35, 36, 37 ]
          }
        },
        "$auto$opt_expr.cc:276:group_cell_inputs$27": {
          "hide_name": 1,
          "type": "$or",
          "parameters": {
            "A_SIGNED": "00000000000000000000000000000000",
            "A_WIDTH": "00000000000000000000000000000001",
            "B_SIGNED": "00000000000000000000000000000000",
            "B_WIDTH": "00000000000000000000000000000001",
            "Y_WIDTH": "00000000000000000000000000000001"
          },
          "attributes": {
          },
          "port_directions": {
            "A": "input",
            "B": "input",
            "Y": "output"
          },
          "connections": {
            "A": [ 2 ],
            "B": [ 38 ],
            "Y": [ 39 ]
          }
        },
        "$auto$opt_expr.cc:276:group_cell_inputs$30": {
          "hide_name": 1,
          "type": "$or",
          "parameters": {
            "A_SIGNED": "00000000000000000000000000000000",
            "A_WIDTH": "00000000000000000000000000000111",
            "B_SIGNED": "00000000000000000000000000000000",
            "B_WIDTH": "00000000000000000000000000000111",
            "Y_WIDTH": "00000000000000000000000000000111"
          },
          "attributes": {
          },
          "port_directions": {
            "A": "input",
            "B": "input",
            "Y": "output"
          },
          "connections": {
            "A": [ 40, 41, 42, 43, 44, 14, 14 ],
            "B": [ 26, 27, 28, 29, 30, 31, 32 ],
            "Y": [ 7, 8, 9, 10, 11, 12, 13 ]
          }
        },
        "$eq$designs/63/top.sv:27$4": {
          "hide_name": 1,
          "type": "$eq",
          "parameters": {
            "A_SIGNED": "00000000000000000000000000000000",
            "A_WIDTH": "00000000000000000000000000000101",
            "B_SIGNED": "00000000000000000000000000000000",
            "B_WIDTH": "00000000000000000000000000000101",
            "Y_WIDTH": "00000000000000000000000000000001"
          },
          "attributes": {
            "src": "designs/63/top.sv:27.32-27.52"
          },
          "port_directions": {
            "A": "input",
            "B": "input",
            "Y": "output"
          },
          "connections": {
            "A": [ 2, 3, 4, 5, 6 ],
            "B": [ 33, 34, 35, 36, 37 ],
            "Y": [ 38 ]
          }
        },
        "$mul$designs/63/top.sv:34$10": {
          "hide_name": 1,
          "type": "$mul",
          "parameters": {
            "A_SIGNED": "00000000000000000000000000000000",
            "A_WIDTH": "00000000000000000000000000000101",
            "B_SIGNED": "00000000000000000000000000000000",
            "B_WIDTH": "00000000000000000000000000011001",
            "Y_WIDTH": "00000000000000000000000000011001"
          },
          "attributes": {
            "src": "designs/63/top.sv:34.30-34.45"
          },
          "port_directions": {
            "A": "input",
            "B": "input",
            "Y": "output"
          },
          "connections": {
            "A": [ 2, 3, 4, 5, 6 ],
            "B": [ 20, 21, 22, 23, 24, 25, 25, 25, 25, 25, 25, 25, 25, 25, 25, 25, 25, 25, 25, 25, 25, 25, 25, 25, 25 ],
            "Y": [ 45, 46, 47, 48, 49, 50, 51, 52, 53, 54, 55, 56, 57, 58, 59, 60, 61, 62, 63, 64, 65, 66, 67, 68, 69 ]
          }
        },
        "$mul$designs/63/top.sv:34$11": {
          "hide_name": 1,
          "type": "$mul",
          "parameters": {
            "A_SIGNED": "00000000000000000000000000000000",
            "A_WIDTH": "00000000000000000000000000011001",
            "B_SIGNED": "00000000000000000000000000000000",
            "B_WIDTH": "00000000000000000000000000000101",
            "Y_WIDTH": "00000000000000000000000000011001"
          },
          "attributes": {
            "src": "designs/63/top.sv:34.29-34.55"
          },
          "port_directions": {
            "A": "input",
            "B": "input",
            "Y": "output"
          },
          "connections": {
            "A": [ 45, 46, 47, 48, 49, 50, 51, 52, 53, 54, 55, 56, 57, 58, 59, 60, 61, 62, 63, 64, 65, 66, 67, 68, 69 ],
            "B": [ 33, 34, 35, 36, 37 ],
            "Y": [ 70, 71, 72, 73, 74, 75, 76, 77, 78, 79, 80, 81, 82, 83, 84, 85, 86, 87, 88, 89, 90, 91, 92, 93, 94 ]
          }
        },
        "$mul$designs/63/top.sv:38$13": {
          "hide_name": 1,
          "type": "$mul",
          "parameters": {
            "A_SIGNED": "00000000000000000000000000000000",
            "A_WIDTH": "00000000000000000000000000000101",
            "B_SIGNED": "00000000000000000000000000000000",
            "B_WIDTH": "00000000000000000000000000011001",
            "Y_WIDTH": "00000000000000000000000000000001"
          },
          "attributes": {
            "src": "designs/63/top.sv:38.24-38.39"
          },
          "port_directions": {
            "A": "input",
            "B": "input",
            "Y": "output"
          },
          "connections": {
            "A": [ 33, 34, 35, 36, 37 ],
            "B": [ 70, 71, 72, 73, 74, 75, 76, 77, 78, 79, 80, 81, 82, 83, 84, 85, 86, 87, 88, 89, 90, 91, 92, 93, 94 ],
            "Y": [ 95 ]
          }
        },
        "$or$designs/63/top.sv:26$2": {
          "hide_name": 1,
          "type": "$or",
          "parameters": {
            "A_SIGNED": "00000000000000000000000000000000",
            "A_WIDTH": "00000000000000000000000000000101",
            "B_SIGNED": "00000000000000000000000000000000",
            "B_WIDTH": "00000000000000000000000000000101",
            "Y_WIDTH": "00000000000000000000000000000101"
          },
          "attributes": {
            "src": "designs/63/top.sv:26.43-26.66"
          },
          "port_directions": {
            "A": "input",
            "B": "input",
            "Y": "output"
          },
          "connections": {
            "A": [ 2, 3, 4, 5, 6 ],
            "B": [ 2, 3, 4, 5, 6 ],
            "Y": [ 96, 97, 98, 99, 100 ]
          }
        },
        "$or$designs/63/top.sv:26$3": {
          "hide_name": 1,
          "type": "$or",
          "parameters": {
            "A_SIGNED": "00000000000000000000000000000000",
            "A_WIDTH": "00000000000000000000000000000101",
            "B_SIGNED": "00000000000000000000000000000000",
            "B_WIDTH": "00000000000000000000000000000101",
            "Y_WIDTH": "00000000000000000000000000000101"
          },
          "attributes": {
            "src": "designs/63/top.sv:26.32-26.81"
          },
          "port_directions": {
            "A": "input",
            "B": "input",
            "Y": "output"
          },
          "connections": {
            "A": [ 96, 97, 98, 99, 100 ],
            "B": [ 2, 3, 4, 5, 6 ],
            "Y": [ 15, 16, 17, 18, 19 ]
          }
        },
        "$sub$designs/63/top.sv:29$7": {
          "hide_name": 1,
          "type": "$sub",
          "parameters": {
            "A_SIGNED": "00000000000000000000000000000000",
            "A_WIDTH": "00000000000000000000000000000101",
            "B_SIGNED": "00000000000000000000000000000000",
            "B_WIDTH": "00000000000000000000000000000101",
            "Y_WIDTH": "00000000000000000000000000000110"
          },
          "attributes": {
            "src": "designs/63/top.sv:29.22-29.68"
          },
          "port_directions": {
            "A": "input",
            "B": "input",
            "Y": "output"
          },
          "connections": {
            "A": [ 39, 3, 4, 5, 6 ],
            "B": [ 2, 3, 4, 5, 6 ],
            "Y": [ 20, 21, 22, 23, 24, 25 ]
          }
        },
        "$sub$designs/63/top.sv:38$14": {
          "hide_name": 1,
          "type": "$sub",
          "parameters": {
            "A_SIGNED": "00000000000000000000000000000000",
            "A_WIDTH": "00000000000000000000000000000001",
            "B_SIGNED": "00000000000000000000000000000000",
            "B_WIDTH": "00000000000000000000000000000001",
            "Y_WIDTH": "00000000000000000000000000000001"
          },
          "attributes": {
            "src": "designs/63/top.sv:38.23-38.49"
          },
          "port_directions": {
            "A": "input",
            "B": "input",
            "Y": "output"
          },
          "connections": {
            "A": [ 95 ],
            "B": [ 70 ],
            "Y": [ 101 ]
          }
        },
        "$sub$designs/63/top.sv:44$16": {
          "hide_name": 1,
          "type": "$sub",
          "parameters": {
            "A_SIGNED": "00000000000000000000000000000000",
            "A_WIDTH": "00000000000000000000000000000101",
            "B_SIGNED": "00000000000000000000000000000000",
            "B_WIDTH": "00000000000000000000000000000001",
            "Y_WIDTH": "00000000000000000000000000000110"
          },
          "attributes": {
            "src": "designs/63/top.sv:44.38-44.54"
          },
          "port_directions": {
            "A": "input",
            "B": "input",
            "Y": "output"
          },
          "connections": {
            "A": [ 102, 103, 104, 105, 106 ],
            "B": [ 101 ],
            "Y": [ 40, 41, 42, 43, 44, 14 ]
          }
        },
        "$xor$designs/63/top.sv:28$5": {
          "hide_name": 1,
          "type": "$xor",
          "parameters": {
            "A_SIGNED": "00000000000000000000000000000000",
            "A_WIDTH": "00000000000000000000000000000101",
            "B_SIGNED": "00000000000000000000000000000000",
            "B_WIDTH": "00000000000000000000000000000101",
            "Y_WIDTH": "00000000000000000000000000000101"
          },
          "attributes": {
            "src": "designs/63/top.sv:28.22-28.37"
          },
          "port_directions": {
            "A": "input",
            "B": "input",
            "Y": "output"
          },
          "connections": {
            "A": [ 2, 3, 4, 5, 6 ],
            "B": [ 33, 34, 35, 36, 37 ],
            "Y": [ 102, 103, 104, 105, 106 ]
          }
        }
      },
      "netnames": {
        "$auto$opt_expr.cc:205:group_cell_inputs$26": {
          "hide_name": 1,
          "bits": [ 39 ],
          "attributes": {
          }
        },
        "$auto$wreduce.cc:514:run$18": {
          "hide_name": 1,
          "bits": [ 95, 107, 108, 109, 110, 111, 112, 113, 114, 115, 116, 117, 118, 119, 120, 121, 122, 123, 124, 125, 126, 127, 128, 129, 130, 131, 132, 133, 134, 135, "0", "0" ],
          "attributes": {
            "src": "designs/63/top.sv:38.24-38.39",
            "unused_bits": "1 2 3 4 5 6 7 8 9 10 11 12 13 14 15 16 17 18 19 20 21 22 23 24 25 26 27 28 29"
          }
        },
        "$auto$wreduce.cc:514:run$23": {
          "hide_name": 1,
          "bits": [ 15, 16, 17, 18, 19, "0", "0", "0", "0", "0", "0", "0", "0", "0", "0", "0", "0", "0", "0", "0", "0", "0", "0", "0", "0", "0", "0", "0", "0", "0", "0", "0" ],
          "attributes": {
            "src": "designs/63/top.sv:9.18-9.24"
          }
        },
        "$mul$designs/63/top.sv:34$10_Y": {
          "hide_name": 1,
          "bits": [ 45, 46, 47, 48, 49, 50, 51, 52, 53, 54, 55, 56, 57, 58, 59, 60, 61, 62, 63, 64, 65, 66, 67, 68, 69 ],
          "attributes": {
            "src": "designs/63/top.sv:34.30-34.45"
          }
        },
        "$or$designs/63/top.sv:26$2_Y": {
          "hide_name": 1,
          "bits": [ 96, 97, 98, 99, 100 ],
          "attributes": {
            "src": "designs/63/top.sv:26.43-26.66"
          }
        },
        "$sub$designs/63/top.sv:44$16_Y": {
          "hide_name": 1,
          "bits": [ 40, 41, 42, 43, 44, 14, 14, 14, 14, 14, 14, 14, 14, 14, 14, 14, 14, 14, 14, 14, 14, 14, 14, 14, 14, 14, 14, 14, 14, 14, 14 ],
          "attributes": {
            "src": "designs/63/top.sv:44.38-44.54"
          }
        },
        "input_data": {
          "hide_name": 0,
          "bits": [ 2, 3, 4, 5, 6 ],
          "attributes": {
            "src": "designs/63/top.sv:2.17-2.27"
          }
        },
        "output_data": {
          "hide_name": 0,
          "bits": [ 7, 8, 9, 10, 11, 12, 13, 14, 14, 14, 14, 14, 14, 14, 14, 14, 14, 14, 14, 14, 14, 14, 14, 14, 14, 14, 14, 14, 14, 14, 14, "0", "0", "0", "0", "0", "0" ],
          "attributes": {
            "src": "designs/63/top.sv:3.19-3.30"
          }
        },
        "temp_1": {
          "hide_name": 0,
          "bits": [ 33, 34, 35, 36, 37 ],
          "attributes": {
          }
        },
        "temp_13": {
          "hide_name": 0,
          "bits": [ 101 ],
          "attributes": {
            "single_bit_vector": "00000000000000000000000000000001",
            "src": "designs/63/top.sv:19.17-19.24"
          }
        },
        "temp_3": {
          "hide_name": 0,
          "bits": [ 15, 16 ],
          "attributes": {
          }
        },
        "temp_4": {
          "hide_name": 0,
          "bits": [ 38, "0", "0", "0", "0", "0", "0", "0", "0", "0", "0", "0", "0", "0", "0", "0", "0", "0", "0", "0", "0", "0", "0", "0", "0", "0", "0", "0", "0" ],
          "attributes": {
            "src": "designs/63/top.sv:10.18-10.24"
          }
        },
        "temp_5": {
          "hide_name": 0,
          "bits": [ 102, 103, 104, 105, 106, "0", "0", "0", "0", "0", "0", "0", "0", "0", "0", "0", "0", "0", "0", "0", "0", "0", "0", "0", "0", "0", "0", "0", "0", "0", "0" ],
          "attributes": {
            "src": "designs/63/top.sv:11.18-11.24"
          }
        },
        "temp_6": {
          "hide_name": 0,
          "bits": [ 20, 21, 22, 23, 24, 25, 25, 25, 25, 25, 25, 25, 25, 25, 25, 25, 25, 25, 25, 25, 25, 25, 25, 25, 25 ],
          "attributes": {
            "src": "designs/63/top.sv:12.18-12.24"
          }
        },
        "temp_8": {
          "hide_name": 0,
          "bits": [ 26, 27, 28, 29, 30, 31, 32 ],
          "attributes": {
            "src": "designs/63/top.sv:14.17-14.23"
          }
        },
        "temp_9": {
          "hide_name": 0,
          "bits": [ 70, 71, 72, 73, 74, 75, 76, 77, 78, 79, 80, 81, 82, 83, 84, 85, 86, 87, 88, 89, 90, 91, 92, 93, 94, "0", "0", "0", "0", "0", "0", "0" ],
          "attributes": {
            "src": "designs/63/top.sv:15.18-15.24"
          }
        }
      }
    }
  }
}
