{
  "creator": "Yosys 0.60 (git sha1 5bafeb77dc71e054fa331ab9efa613e6fb0a1c49, clang++ 17.0.0 -fPIC -O3)",
  "modules": {
    "top": {
      "attributes": {
        "top": "00000000000000000000000000000001",
        "src": "designs/38/top.sv:1.1-20.10"
      },
      "ports": {
        "input_data": {
          "direction": "input",
          "bits": [ 2, 3, 4 ]
        },
        "output_data": {
          "direction": "output",
          "bits": [ 5, 6, 7, 8, 9, 9 ]
        }
      },
      "cells": {
        "$auto$opt_expr.cc:276:group_cell_inputs$29": {
          "hide_name": 1,
          "type": "$xor",
          "parameters": {
            "A_SIGNED": "00000000000000000000000000000000",
            "A_WIDTH": "00000000000000000000000000000010",
            "B_SIGNED": "00000000000000000000000000000000",
            "B_WIDTH": "00000000000000000000000000000010",
            "Y_WIDTH": "00000000000000000000000000000010"
          },
          "attributes": {
          },
          "port_directions": {
            "A": "input",
            "B": "input",
            "Y": "output"
          },
          "connections": {
            "A": [ 10, 11 ],
            "B": [ 3, 4 ],
            "Y": [ 12, 13 ]
          }
        },
        "$auto$opt_expr.cc:276:group_cell_inputs$43": {
          "hide_name": 1,
          "type": "$or",
          "parameters": {
            "A_SIGNED": "00000000000000000000000000000000",
            "A_WIDTH": "00000000000000000000000000000011",
            "B_SIGNED": "00000000000000000000000000000000",
            "B_WIDTH": "00000000000000000000000000000011",
            "Y_WIDTH": "00000000000000000000000000000011"
          },
          "attributes": {
          },
          "port_directions": {
            "A": "input",
            "B": "input",
            "Y": "output"
          },
          "connections": {
            "A": [ 3, 4, 2 ],
            "B": [ 3, 4, 2 ],
            "Y": [ 14, 15, 16 ]
          }
        },
        "$reduce_bool$designs/38/top.sv:18$10": {
          "hide_name": 1,
          "type": "$reduce_bool",
          "parameters": {
            "A_SIGNED": "00000000000000000000000000000000",
            "A_WIDTH": "00000000000000000000000000000110",
            "Y_WIDTH": "00000000000000000000000000000001"
          },
          "attributes": {
            "src": "designs/38/top.sv:18.26-18.70"
          },
          "port_directions": {
            "A": "input",
            "Y": "output"
          },
          "connections": {
            "A": [ 12, 13, 17, 18, 19, 19 ],
            "Y": [ 20 ]
          }
        },
        "$sub$designs/38/top.sv:16$7": {
          "hide_name": 1,
          "type": "$sub",
          "parameters": {
            "A_SIGNED": "00000000000000000000000000000000",
            "A_WIDTH": "00000000000000000000000000000001",
            "B_SIGNED": "00000000000000000000000000000000",
            "B_WIDTH": "00000000000000000000000000000100",
            "Y_WIDTH": "00000000000000000000000000000101"
          },
          "attributes": {
            "src": "designs/38/top.sv:16.31-16.60"
          },
          "port_directions": {
            "A": "input",
            "B": "input",
            "Y": "output"
          },
          "connections": {
            "A": [ "0" ],
            "B": [ 2, 3, 4, "0" ],
            "Y": [ 10, 11, 17, 18, 19 ]
          }
        },
        "$ternary$designs/38/top.sv:18$12": {
          "hide_name": 1,
          "type": "$mux",
          "parameters": {
            "WIDTH": "00000000000000000000000000000101"
          },
          "attributes": {
            "src": "designs/38/top.sv:18.26-18.70"
          },
          "port_directions": {
            "A": "input",
            "B": "input",
            "S": "input",
            "Y": "output"
          },
          "connections": {
            "A": [ 16, 14, 15, "0", "0" ],
            "B": [ 12, 13, 17, 18, 19 ],
            "S": [ 20 ],
            "Y": [ 5, 6, 7, 8, 9 ]
          }
        }
      },
      "netnames": {
        "$auto$opt_expr.cc:205:group_cell_inputs$42": {
          "hide_name": 1,
          "bits": [ 14, 15, 16 ],
          "attributes": {
          }
        },
        "$auto$wreduce.cc:514:run$16": {
          "hide_name": 1,
          "bits": [ 10, 11, 17, 18, 19, 19 ],
          "attributes": {
            "src": "designs/38/top.sv:16.31-16.60"
          }
        },
        "$reduce_bool$designs/38/top.sv:18$10_Y": {
          "hide_name": 1,
          "bits": [ 20 ],
          "attributes": {
            "src": "designs/38/top.sv:18.26-18.70"
          }
        },
        "input_data": {
          "hide_name": 0,
          "bits": [ 2, 3, 4 ],
          "attributes": {
            "src": "designs/38/top.sv:2.17-2.27"
          }
        },
        "output_data": {
          "hide_name": 0,
          "bits": [ 5, 6, 7, 8, 9, 9 ],
          "attributes": {
            "src": "designs/38/top.sv:3.18-3.29"
          }
        },
        "temp_4": {
          "hide_name": 0,
          "bits": [ 12, 13, 17, 18, 19, 19 ],
          "attributes": {
          }
        }
      }
    }
  }
}
