{
  "creator": "Yosys 0.60 (git sha1 5bafeb77dc71e054fa331ab9efa613e6fb0a1c49, clang++ 17.0.0 -fPIC -O3)",
  "modules": {
    "top": {
      "attributes": {
        "top": "00000000000000000000000000000001",
        "src": "designs/195/top.sv:1.1-32.10"
      },
      "ports": {
        "input_data": {
          "direction": "input",
          "bits": [ 2, 3, 4, 5 ]
        },
        "output_data": {
          "direction": "output",
          "bits": [ 6, 7, 8, 9, 10, 11, 12, 13, 14, 15, 16, 17, 18, 19, 20, 21, 22, 23, 24, 25, 26, 27, 28, 29, 30, 31, 32, 33, 34, 35, 35, 35, 35, 35, 35, 35, 35, 35, 35, 35 ]
        }
      },
      "cells": {
        "$add$designs/195/top.sv:18$1": {
          "hide_name": 1,
          "type": "$add",
          "parameters": {
            "A_SIGNED": "00000000000000000000000000000000",
            "A_WIDTH": "00000000000000000000000000000100",
            "B_SIGNED": "00000000000000000000000000000000",
            "B_WIDTH": "00000000000000000000000000000100",
            "Y_WIDTH": "00000000000000000000000000000100"
          },
          "attributes": {
            "src": "designs/195/top.sv:18.32-18.55"
          },
          "port_directions": {
            "A": "input",
            "B": "input",
            "Y": "output"
          },
          "connections": {
            "A": [ 2, 3, 4, 5 ],
            "B": [ 2, 3, 4, 5 ],
            "Y": [ 36, 37, 38, 39 ]
          }
        },
        "$and$designs/195/top.sv:18$3": {
          "hide_name": 1,
          "type": "$and",
          "parameters": {
            "A_SIGNED": "00000000000000000000000000000000",
            "A_WIDTH": "00000000000000000000000000000100",
            "B_SIGNED": "00000000000000000000000000000000",
            "B_WIDTH": "00000000000000000000000000000100",
            "Y_WIDTH": "00000000000000000000000000000100"
          },
          "attributes": {
            "src": "designs/195/top.sv:18.30-18.83"
          },
          "port_directions": {
            "A": "input",
            "B": "input",
            "Y": "output"
          },
          "connections": {
            "A": [ 40, 41, 42, 43 ],
            "B": [ 2, 3, 4, 5 ],
            "Y": [ 44, 45, 46, 47 ]
          }
        },
        "$auto$opt_expr.cc:276:group_cell_inputs$26": {
          "hide_name": 1,
          "type": "$or",
          "parameters": {
            "A_SIGNED": "00000000000000000000000000000000",
            "A_WIDTH": "00000000000000000000000000000100",
            "B_SIGNED": "00000000000000000000000000000000",
            "B_WIDTH": "00000000000000000000000000000100",
            "Y_WIDTH": "00000000000000000000000000000100"
          },
          "attributes": {
          },
          "port_directions": {
            "A": "input",
            "B": "input",
            "Y": "output"
          },
          "connections": {
            "A": [ 48, 49, 50, 51 ],
            "B": [ 2, 3, 4, 5 ],
            "Y": [ 52, 53, 54, 55 ]
          }
        },
        "$auto$opt_expr.cc:276:group_cell_inputs$29": {
          "hide_name": 1,
          "type": "$or",
          "parameters": {
            "A_SIGNED": "00000000000000000000000000000000",
            "A_WIDTH": "00000000000000000000000000000100",
            "B_SIGNED": "00000000000000000000000000000000",
            "B_WIDTH": "00000000000000000000000000000100",
            "Y_WIDTH": "00000000000000000000000000000100"
          },
          "attributes": {
          },
          "port_directions": {
            "A": "input",
            "B": "input",
            "Y": "output"
          },
          "connections": {
            "A": [ 2, 3, 4, 5 ],
            "B": [ 44, 45, 46, 47 ],
            "Y": [ 56, 57, 58, 59 ]
          }
        },
        "$auto$opt_expr.cc:276:group_cell_inputs$32": {
          "hide_name": 1,
          "type": "$xor",
          "parameters": {
            "A_SIGNED": "00000000000000000000000000000000",
            "A_WIDTH": "00000000000000000000000000000011",
            "B_SIGNED": "00000000000000000000000000000000",
            "B_WIDTH": "00000000000000000000000000000011",
            "Y_WIDTH": "00000000000000000000000000000011"
          },
          "attributes": {
          },
          "port_directions": {
            "A": "input",
            "B": "input",
            "Y": "output"
          },
          "connections": {
            "A": [ 60, 61, 62 ],
            "B": [ 47, 47, 47 ],
            "Y": [ 63, 64, 65 ]
          }
        },
        "$mul$designs/195/top.sv:30$21": {
          "hide_name": 1,
          "type": "$mul",
          "parameters": {
            "A_SIGNED": "00000000000000000000000000000000",
            "A_WIDTH": "00000000000000000000000000000100",
            "B_SIGNED": "00000000000000000000000000000000",
            "B_WIDTH": "00000000000000000000000000011110",
            "Y_WIDTH": "00000000000000000000000000011110"
          },
          "attributes": {
            "src": "designs/195/top.sv:30.35-30.50"
          },
          "port_directions": {
            "A": "input",
            "B": "input",
            "Y": "output"
          },
          "connections": {
            "A": [ 2, 3, 4, 5 ],
            "B": [ 63, 64, 65, 66, 67, 68, 69, 70, 71, 72, 73, 74, 75, 76, 77, 78, 79, 80, 81, 82, 83, 84, 85, 86, 87, 88, 89, 90, 91, 92 ],
            "Y": [ 6, 7, 8, 9, 10, 11, 12, 13, 14, 15, 16, 17, 18, 19, 20, 21, 22, 23, 24, 25, 26, 27, 28, 29, 30, 31, 32, 33, 34, 35 ]
          }
        },
        "$shl$designs/195/top.sv:24$12": {
          "hide_name": 1,
          "type": "$shl",
          "parameters": {
            "A_SIGNED": "00000000000000000000000000000000",
            "A_WIDTH": "00000000000000000000000000011000",
            "B_SIGNED": "00000000000000000000000000000000",
            "B_WIDTH": "00000000000000000000000000010010",
            "Y_WIDTH": "00000000000000000000000000011110"
          },
          "attributes": {
            "src": "designs/195/top.sv:24.23-24.63"
          },
          "port_directions": {
            "A": "input",
            "B": "input",
            "Y": "output"
          },
          "connections": {
            "A": [ 56, 57, 58, 59, 47, 47, 47, 47, 47, 47, 47, 47, 47, 47, 47, 47, 47, 47, 47, 47, 47, 47, 47, 47 ],
            "B": [ 93, 94, 95, 96, 97, 98, 99, 100, 101, 102, 103, 104, 105, 106, 107, 108, 109, 110 ],
            "Y": [ 60, 61, 62, 66, 67, 68, 69, 70, 71, 72, 73, 74, 75, 76, 77, 78, 79, 80, 81, 82, 83, 84, 85, 86, 87, 88, 89, 90, 91, 92 ]
          }
        },
        "$sub$designs/195/top.sv:19$4": {
          "hide_name": 1,
          "type": "$sub",
          "parameters": {
            "A_SIGNED": "00000000000000000000000000000000",
            "A_WIDTH": "00000000000000000000000000010001",
            "B_SIGNED": "00000000000000000000000000000000",
            "B_WIDTH": "00000000000000000000000000010010",
            "Y_WIDTH": "00000000000000000000000000010010"
          },
          "attributes": {
            "src": "designs/195/top.sv:19.49-19.68"
          },
          "port_directions": {
            "A": "input",
            "B": "input",
            "Y": "output"
          },
          "connections": {
            "A": [ "0", "0", "1", "0", "1", "0", "1", "1", "0", "0", "1", "0", "1", "0", "0", "1", "1" ],
            "B": [ 44, 45, 46, 47, 47, 47, 47, 47, 47, 47, 47, 47, 47, 47, 47, 47, 47, 47 ],
            "Y": [ 48, 49, 50, 51, 111, 112, 113, 114, 115, 116, 117, 118, 119, 120, 121, 122, 123, 124 ]
          }
        },
        "$sub$designs/195/top.sv:19$6": {
          "hide_name": 1,
          "type": "$sub",
          "parameters": {
            "A_SIGNED": "00000000000000000000000000000000",
            "A_WIDTH": "00000000000000000000000000010010",
            "B_SIGNED": "00000000000000000000000000000000",
            "B_WIDTH": "00000000000000000000000000010010",
            "Y_WIDTH": "00000000000000000000000000010010"
          },
          "attributes": {
            "src": "designs/195/top.sv:19.37-19.99"
          },
          "port_directions": {
            "A": "input",
            "B": "input",
            "Y": "output"
          },
          "connections": {
            "A": [ 52, 53, 54, 55, 111, 112, 113, 114, 115, 116, 117, 118, 119, 120, 121, 122, 123, 124 ],
            "B": [ 44, 45, 46, 47, 47, 47, 47, 47, 47, 47, 47, 47, 47, 47, 47, 47, 47, 47 ],
            "Y": [ 125, 126, 127, 128, 129, 130, 131, 132, 133, 134, 135, 136, 137, 138, 139, 140, 141, 142 ]
          }
        },
        "$ternary$designs/195/top.sv:19$9": {
          "hide_name": 1,
          "type": "$mux",
          "parameters": {
            "WIDTH": "00000000000000000000000000010010"
          },
          "attributes": {
            "src": "designs/195/top.sv:19.21-19.113"
          },
          "port_directions": {
            "A": "input",
            "B": "input",
            "S": "input",
            "Y": "output"
          },
          "connections": {
            "A": [ 2, 3, 4, 5, "0", "0", "0", "0", "0", "0", "0", "0", "0", "0", "0", "0", "0", "0" ],
            "B": [ 125, 126, 127, 128, 129, 130, 131, 132, 133, 134, 135, 136, 137, 138, 139, 140, 141, 142 ],
            "S": [ 47 ],
            "Y": [ 93, 94, 95, 96, 97, 98, 99, 100, 101, 102, 103, 104, 105, 106, 107, 108, 109, 110 ]
          }
        },
        "$xor$designs/195/top.sv:18$2": {
          "hide_name": 1,
          "type": "$xor",
          "parameters": {
            "A_SIGNED": "00000000000000000000000000000000",
            "A_WIDTH": "00000000000000000000000000000100",
            "B_SIGNED": "00000000000000000000000000000000",
            "B_WIDTH": "00000000000000000000000000000100",
            "Y_WIDTH": "00000000000000000000000000000100"
          },
          "attributes": {
            "src": "designs/195/top.sv:18.31-18.69"
          },
          "port_directions": {
            "A": "input",
            "B": "input",
            "Y": "output"
          },
          "connections": {
            "A": [ 36, 37, 38, 39 ],
            "B": [ 2, 3, 4, 5 ],
            "Y": [ 40, 41, 42, 43 ]
          }
        }
      },
      "netnames": {
        "$add$designs/195/top.sv:18$1_Y": {
          "hide_name": 1,
          "bits": [ 36, 37, 38, 39 ],
          "attributes": {
            "src": "designs/195/top.sv:18.32-18.55"
          }
        },
        "$auto$opt_expr.cc:205:group_cell_inputs$25": {
          "hide_name": 1,
          "bits": [ 52, 53, 54, 55 ],
          "attributes": {
          }
        },
        "$auto$opt_expr.cc:205:group_cell_inputs$27": {
          "hide_name": 1,
          "bits": [ 111, 112, 113, 114, 115, 116, 117, 118, 119, 120, 121, 122, 123, 124 ],
          "attributes": {
          }
        },
        "$auto$opt_expr.cc:205:group_cell_inputs$28": {
          "hide_name": 1,
          "bits": [ 56, 57, 58, 59 ],
          "attributes": {
          }
        },
        "$shl$designs/195/top.sv:24$12_Y": {
          "hide_name": 1,
          "bits": [ 60, 61, 62, 66, 67, 68, 69, 70, 71, 72, 73, 74, 75, 76, 77, 78, 79, 80, 81, 82, 83, 84, 85, 86, 87, 88, 89, 90, 91, 92 ],
          "attributes": {
            "src": "designs/195/top.sv:24.23-24.63"
          }
        },
        "$sub$designs/195/top.sv:19$4_Y": {
          "hide_name": 1,
          "bits": [ 48, 49, 50, 51, 111, 112, 113, 114, 115, 116, 117, 118, 119, 120, 121, 122, 123, 124, 143, 144, 145, 146, 147, 148 ],
          "attributes": {
            "src": "designs/195/top.sv:19.49-19.68",
            "unused_bits": "18 19 20 21 22 23"
          }
        },
        "$sub$designs/195/top.sv:19$6_Y": {
          "hide_name": 1,
          "bits": [ 125, 126, 127, 128, 129, 130, 131, 132, 133, 134, 135, 136, 137, 138, 139, 140, 141, 142, 149, 150, 151, 152, 153, 154 ],
          "attributes": {
            "src": "designs/195/top.sv:19.37-19.99",
            "unused_bits": "18 19 20 21 22 23"
          }
        },
        "$xor$designs/195/top.sv:18$2_Y": {
          "hide_name": 1,
          "bits": [ 40, 41, 42, 43 ],
          "attributes": {
            "src": "designs/195/top.sv:18.31-18.69"
          }
        },
        "input_data": {
          "hide_name": 0,
          "bits": [ 2, 3, 4, 5 ],
          "attributes": {
            "src": "designs/195/top.sv:2.17-2.27"
          }
        },
        "output_data": {
          "hide_name": 0,
          "bits": [ 6, 7, 8, 9, 10, 11, 12, 13, 14, 15, 16, 17, 18, 19, 20, 21, 22, 23, 24, 25, 26, 27, 28, 29, 30, 31, 32, 33, 34, 35, 35, 35, 35, 35, 35, 35, 35, 35, 35, 35 ],
          "attributes": {
            "src": "designs/195/top.sv:3.19-3.30"
          }
        },
        "temp_0": {
          "hide_name": 0,
          "bits": [ 44, 45, 46, 47, 47, 47, 47, 47, 47, 47, 47, 47, 47, 47, 47, 47, 47, 47, 47, 47, 47, 47, 47, 47 ],
          "attributes": {
            "src": "designs/195/top.sv:6.18-6.24"
          }
        },
        "temp_1": {
          "hide_name": 0,
          "bits": [ 93, 94, 95, 96, 97, 98, 99, 100, 101, 102, 103, 104, 105, 106, 107, 108, 109, 110 ],
          "attributes": {
            "src": "designs/195/top.sv:7.18-7.24"
          }
        },
        "temp_6": {
          "hide_name": 0,
          "bits": [ 63, 64, 65, 66, 67, 68, 69, 70, 71, 72, 73, 74, 75, 76, 77, 78, 79, 80, 81, 82, 83, 84, 85, 86, 87, 88, 89, 90, 91, 92 ],
          "attributes": {
            "src": "designs/195/top.sv:12.18-12.24"
          }
        }
      }
    }
  }
}
