{
  "creator": "Yosys 0.60 (git sha1 5bafeb77dc71e054fa331ab9efa613e6fb0a1c49, clang++ 17.0.0 -fPIC -O3)",
  "modules": {
    "top": {
      "attributes": {
        "top": "00000000000000000000000000000001",
        "src": "designs/162/top.sv:1.1-34.10"
      },
      "ports": {
        "input_data": {
          "direction": "input",
          "bits": [ 2, 3, 4 ]
        },
        "output_data": {
          "direction": "output",
          "bits": [ 5, 6, 7, 8, 9, 10, 11, 12, 13, 14, 15, 16 ]
        }
      },
      "cells": {
        "$add$designs/162/top.sv:20$11": {
          "hide_name": 1,
          "type": "$add",
          "parameters": {
            "A_SIGNED": "00000000000000000000000000000000",
            "A_WIDTH": "00000000000000000000000000001001",
            "B_SIGNED": "00000000000000000000000000000000",
            "B_WIDTH": "00000000000000000000000000000011",
            "Y_WIDTH": "00000000000000000000000000001001"
          },
          "attributes": {
            "src": "designs/162/top.sv:20.96-20.164"
          },
          "port_directions": {
            "A": "input",
            "B": "input",
            "Y": "output"
          },
          "connections": {
            "A": [ 17, 18, 19, 20, 21, 22, 23, 24, 25 ],
            "B": [ 2, "0", "0" ],
            "Y": [ 26, 27, 28, 29, 30, 31, 32, 33, 34 ]
          }
        },
        "$add$designs/162/top.sv:20$9": {
          "hide_name": 1,
          "type": "$add",
          "parameters": {
            "A_SIGNED": "00000000000000000000000000000000",
            "A_WIDTH": "00000000000000000000000000000110",
            "B_SIGNED": "00000000000000000000000000000000",
            "B_WIDTH": "00000000000000000000000000000011",
            "Y_WIDTH": "00000000000000000000000000000111"
          },
          "attributes": {
            "src": "designs/162/top.sv:20.98-20.140"
          },
          "port_directions": {
            "A": "input",
            "B": "input",
            "Y": "output"
          },
          "connections": {
            "A": [ 35, 36, 37, 38, 39, 40 ],
            "B": [ 2, "0", "0" ],
            "Y": [ 41, 42, 43, 44, 45, 46, 47 ]
          }
        },
        "$add$designs/162/top.sv:21$17": {
          "hide_name": 1,
          "type": "$add",
          "parameters": {
            "A_SIGNED": "00000000000000000000000000000000",
            "A_WIDTH": "00000000000000000000000000010010",
            "B_SIGNED": "00000000000000000000000000000000",
            "B_WIDTH": "00000000000000000000000000000011",
            "Y_WIDTH": "00000000000000000000000000010010"
          },
          "attributes": {
            "src": "designs/162/top.sv:21.33-21.79"
          },
          "port_directions": {
            "A": "input",
            "B": "input",
            "Y": "output"
          },
          "connections": {
            "A": [ "1", "1", "1", "1", "1", "1", "1", "1", "1", "1", "1", "1", "1", "1", "1", "1", "1", "1" ],
            "B": [ 48, 49, 50 ],
            "Y": [ 51, 52, 53, 54, 55, 56, 57, 58, 59, 60, 61, 62, 63, 64, 65, 66, 67, 68 ]
          }
        },
        "$add$designs/162/top.sv:29$49": {
          "hide_name": 1,
          "type": "$add",
          "parameters": {
            "A_SIGNED": "00000000000000000000000000000000",
            "A_WIDTH": "00000000000000000000000000010110",
            "B_SIGNED": "00000000000000000000000000000000",
            "B_WIDTH": "00000000000000000000000000010110",
            "Y_WIDTH": "00000000000000000000000000010110"
          },
          "attributes": {
            "src": "designs/162/top.sv:29.36-29.84"
          },
          "port_directions": {
            "A": "input",
            "B": "input",
            "Y": "output"
          },
          "connections": {
            "A": [ 69, 70, 71, 72, 73, 74, 75, 76, 77, 78, 79, 80, 81, 82, 83, 84, 85, 86, 87, 88, 89, 90 ],
            "B": [ 91, 92, 93, "1", "1", "1", "1", "1", "1", "1", "1", "1", "1", "1", "1", "1", "1", "1", "1", "1", "1", "1" ],
            "Y": [ 94, 95, 96, 97, 98, 99, 100, 101, 102, 103, 104, 105, 106, 107, 108, 109, 110, 111, 112, 113, 114, 115 ]
          }
        },
        "$add$designs/162/top.sv:30$58": {
          "hide_name": 1,
          "type": "$add",
          "parameters": {
            "A_SIGNED": "00000000000000000000000000000000",
            "A_WIDTH": "00000000000000000000000000010010",
            "B_SIGNED": "00000000000000000000000000000000",
            "B_WIDTH": "00000000000000000000000000001011",
            "Y_WIDTH": "00000000000000000000000000010010"
          },
          "attributes": {
            "src": "designs/162/top.sv:30.41-30.79"
          },
          "port_directions": {
            "A": "input",
            "B": "input",
            "Y": "output"
          },
          "connections": {
            "A": [ 116, 117, 118, 119, 119, 119, 119, 119, 119, 119, 119, 119, 119, 119, 119, 119, 119, 119 ],
            "B": [ 120, 121, 122, 123, 124, 125, 126, 127, 128, 129, 130 ],
            "Y": [ 131, 132, 133, 134, 135, 136, 137, 138, 139, 140, 141, 142, 143, 144, 145, 146, 147, 148 ]
          }
        },
        "$add$designs/162/top.sv:32$61": {
          "hide_name": 1,
          "type": "$add",
          "parameters": {
            "A_SIGNED": "00000000000000000000000000000000",
            "A_WIDTH": "00000000000000000000000000001100",
            "B_SIGNED": "00000000000000000000000000000000",
            "B_WIDTH": "00000000000000000000000000001100",
            "Y_WIDTH": "00000000000000000000000000001100"
          },
          "attributes": {
            "src": "designs/162/top.sv:32.58-32.74"
          },
          "port_directions": {
            "A": "input",
            "B": "input",
            "Y": "output"
          },
          "connections": {
            "A": [ 149, 150, 151, 152, 153, 154, 155, 156, 157, 158, 159, 160 ],
            "B": [ 161, 162, 163, 164, 165, 166, 167, 168, 169, 170, 171, 172 ],
            "Y": [ 173, 174, 175, 176, 177, 178, 179, 180, 181, 182, 183, 184 ]
          }
        },
        "$add$designs/162/top.sv:32$66": {
          "hide_name": 1,
          "type": "$add",
          "parameters": {
            "A_SIGNED": "00000000000000000000000000000000",
            "A_WIDTH": "00000000000000000000000000000010",
            "B_SIGNED": "00000000000000000000000000000000",
            "B_WIDTH": "00000000000000000000000000000001",
            "Y_WIDTH": "00000000000000000000000000000011"
          },
          "attributes": {
            "src": "designs/162/top.sv:32.139-32.154"
          },
          "port_directions": {
            "A": "input",
            "B": "input",
            "Y": "output"
          },
          "connections": {
            "A": [ 185, "0" ],
            "B": [ 161 ],
            "Y": [ 186, 187, 188 ]
          }
        },
        "$auto$opt_expr.cc:276:group_cell_inputs$105": {
          "hide_name": 1,
          "type": "$and",
          "parameters": {
            "A_SIGNED": "00000000000000000000000000000000",
            "A_WIDTH": "00000000000000000000000000000001",
            "B_SIGNED": "00000000000000000000000000000000",
            "B_WIDTH": "00000000000000000000000000000001",
            "Y_WIDTH": "00000000000000000000000000000001"
          },
          "attributes": {
          },
          "port_directions": {
            "A": "input",
            "B": "input",
            "Y": "output"
          },
          "connections": {
            "A": [ 189 ],
            "B": [ 2 ],
            "Y": [ 190 ]
          }
        },
        "$auto$opt_expr.cc:276:group_cell_inputs$109": {
          "hide_name": 1,
          "type": "$xor",
          "parameters": {
            "A_SIGNED": "00000000000000000000000000000000",
            "A_WIDTH": "00000000000000000000000000000001",
            "B_SIGNED": "00000000000000000000000000000000",
            "B_WIDTH": "00000000000000000000000000000001",
            "Y_WIDTH": "00000000000000000000000000000001"
          },
          "attributes": {
          },
          "port_directions": {
            "A": "input",
            "B": "input",
            "Y": "output"
          },
          "connections": {
            "A": [ 191 ],
            "B": [ 192 ],
            "Y": [ 193 ]
          }
        },
        "$auto$opt_expr.cc:276:group_cell_inputs$112": {
          "hide_name": 1,
          "type": "$xor",
          "parameters": {
            "A_SIGNED": "00000000000000000000000000000000",
            "A_WIDTH": "00000000000000000000000000000001",
            "B_SIGNED": "00000000000000000000000000000000",
            "B_WIDTH": "00000000000000000000000000000001",
            "Y_WIDTH": "00000000000000000000000000000001"
          },
          "attributes": {
          },
          "port_directions": {
            "A": "input",
            "B": "input",
            "Y": "output"
          },
          "connections": {
            "A": [ 185 ],
            "B": [ 50 ],
            "Y": [ 194 ]
          }
        },
        "$auto$opt_expr.cc:276:group_cell_inputs$127": {
          "hide_name": 1,
          "type": "$not",
          "parameters": {
            "A_SIGNED": "00000000000000000000000000000000",
            "A_WIDTH": "00000000000000000000000000000011",
            "Y_WIDTH": "00000000000000000000000000000011"
          },
          "attributes": {
          },
          "port_directions": {
            "A": "input",
            "Y": "output"
          },
          "connections": {
            "A": [ 195, 196, 197 ],
            "Y": [ 91, 92, 93 ]
          }
        },
        "$auto$opt_expr.cc:276:group_cell_inputs$137": {
          "hide_name": 1,
          "type": "$xor",
          "parameters": {
            "A_SIGNED": "00000000000000000000000000000000",
            "A_WIDTH": "00000000000000000000000000000001",
            "B_SIGNED": "00000000000000000000000000000000",
            "B_WIDTH": "00000000000000000000000000000001",
            "Y_WIDTH": "00000000000000000000000000000001"
          },
          "attributes": {
          },
          "port_directions": {
            "A": "input",
            "B": "input",
            "Y": "output"
          },
          "connections": {
            "A": [ 195 ],
            "B": [ 161 ],
            "Y": [ 198 ]
          }
        },
        "$auto$opt_expr.cc:276:group_cell_inputs$140": {
          "hide_name": 1,
          "type": "$xor",
          "parameters": {
            "A_SIGNED": "00000000000000000000000000000000",
            "A_WIDTH": "00000000000000000000000000000011",
            "B_SIGNED": "00000000000000000000000000000000",
            "B_WIDTH": "00000000000000000000000000000011",
            "Y_WIDTH": "00000000000000000000000000000011"
          },
          "attributes": {
          },
          "port_directions": {
            "A": "input",
            "B": "input",
            "Y": "output"
          },
          "connections": {
            "A": [ 199, 200, 201 ],
            "B": [ 161, 162, 163 ],
            "Y": [ 202, 203, 204 ]
          }
        },
        "$auto$opt_expr.cc:276:group_cell_inputs$143": {
          "hide_name": 1,
          "type": "$and",
          "parameters": {
            "A_SIGNED": "00000000000000000000000000000000",
            "A_WIDTH": "00000000000000000000000000001001",
            "B_SIGNED": "00000000000000000000000000000000",
            "B_WIDTH": "00000000000000000000000000001001",
            "Y_WIDTH": "00000000000000000000000000001001"
          },
          "attributes": {
          },
          "port_directions": {
            "A": "input",
            "B": "input",
            "Y": "output"
          },
          "connections": {
            "A": [ 202, 203, 204, 205, 206, 207, 208, 209, 210 ],
            "B": [ 211, 212, 213, 214, 215, 216, 48, 49, 50 ],
            "Y": [ 217, 218, 219, 220, 221, 222, 223, 224, 225 ]
          }
        },
        "$auto$opt_expr.cc:276:group_cell_inputs$147": {
          "hide_name": 1,
          "type": "$xor",
          "parameters": {
            "A_SIGNED": "00000000000000000000000000000000",
            "A_WIDTH": "00000000000000000000000000000001",
            "B_SIGNED": "00000000000000000000000000000000",
            "B_WIDTH": "00000000000000000000000000000001",
            "Y_WIDTH": "00000000000000000000000000000001"
          },
          "attributes": {
          },
          "port_directions": {
            "A": "input",
            "B": "input",
            "Y": "output"
          },
          "connections": {
            "A": [ 226 ],
            "B": [ 2 ],
            "Y": [ 227 ]
          }
        },
        "$auto$opt_expr.cc:276:group_cell_inputs$154": {
          "hide_name": 1,
          "type": "$not",
          "parameters": {
            "A_SIGNED": "00000000000000000000000000000000",
            "A_WIDTH": "00000000000000000000000000000001",
            "Y_WIDTH": "00000000000000000000000000000001"
          },
          "attributes": {
          },
          "port_directions": {
            "A": "input",
            "Y": "output"
          },
          "connections": {
            "A": [ 2 ],
            "Y": [ 228 ]
          }
        },
        "$auto$opt_expr.cc:276:group_cell_inputs$158": {
          "hide_name": 1,
          "type": "$and",
          "parameters": {
            "A_SIGNED": "00000000000000000000000000000000",
            "A_WIDTH": "00000000000000000000000000000001",
            "B_SIGNED": "00000000000000000000000000000000",
            "B_WIDTH": "00000000000000000000000000000001",
            "Y_WIDTH": "00000000000000000000000000000001"
          },
          "attributes": {
          },
          "port_directions": {
            "A": "input",
            "B": "input",
            "Y": "output"
          },
          "connections": {
            "A": [ 185 ],
            "B": [ 190 ],
            "Y": [ 229 ]
          }
        },
        "$auto$opt_expr.cc:276:group_cell_inputs$162": {
          "hide_name": 1,
          "type": "$xor",
          "parameters": {
            "A_SIGNED": "00000000000000000000000000000000",
            "A_WIDTH": "00000000000000000000000000000001",
            "B_SIGNED": "00000000000000000000000000000000",
            "B_WIDTH": "00000000000000000000000000000001",
            "Y_WIDTH": "00000000000000000000000000000001"
          },
          "attributes": {
          },
          "port_directions": {
            "A": "input",
            "B": "input",
            "Y": "output"
          },
          "connections": {
            "A": [ 230 ],
            "B": [ 185 ],
            "Y": [ 231 ]
          }
        },
        "$auto$opt_expr.cc:276:group_cell_inputs$165": {
          "hide_name": 1,
          "type": "$and",
          "parameters": {
            "A_SIGNED": "00000000000000000000000000000000",
            "A_WIDTH": "00000000000000000000000000000001",
            "B_SIGNED": "00000000000000000000000000000000",
            "B_WIDTH": "00000000000000000000000000000001",
            "Y_WIDTH": "00000000000000000000000000000001"
          },
          "attributes": {
          },
          "port_directions": {
            "A": "input",
            "B": "input",
            "Y": "output"
          },
          "connections": {
            "A": [ 94 ],
            "B": [ 2 ],
            "Y": [ 232 ]
          }
        },
        "$auto$opt_expr.cc:276:group_cell_inputs$169": {
          "hide_name": 1,
          "type": "$xor",
          "parameters": {
            "A_SIGNED": "00000000000000000000000000000000",
            "A_WIDTH": "00000000000000000000000000000001",
            "B_SIGNED": "00000000000000000000000000000000",
            "B_WIDTH": "00000000000000000000000000000001",
            "Y_WIDTH": "00000000000000000000000000000001"
          },
          "attributes": {
          },
          "port_directions": {
            "A": "input",
            "B": "input",
            "Y": "output"
          },
          "connections": {
            "A": [ 194 ],
            "B": [ 233 ],
            "Y": [ 211 ]
          }
        },
        "$auto$opt_expr.cc:276:group_cell_inputs$82": {
          "hide_name": 1,
          "type": "$or",
          "parameters": {
            "A_SIGNED": "00000000000000000000000000000000",
            "A_WIDTH": "00000000000000000000000000000011",
            "B_SIGNED": "00000000000000000000000000000000",
            "B_WIDTH": "00000000000000000000000000000011",
            "Y_WIDTH": "00000000000000000000000000000011"
          },
          "attributes": {
          },
          "port_directions": {
            "A": "input",
            "B": "input",
            "Y": "output"
          },
          "connections": {
            "A": [ 234, 235, 236 ],
            "B": [ 2, 3, 4 ],
            "Y": [ 226, 237, 238 ]
          }
        },
        "$auto$opt_expr.cc:276:group_cell_inputs$97": {
          "hide_name": 1,
          "type": "$and",
          "parameters": {
            "A_SIGNED": "00000000000000000000000000000000",
            "A_WIDTH": "00000000000000000000000000000001",
            "B_SIGNED": "00000000000000000000000000000000",
            "B_WIDTH": "00000000000000000000000000000001",
            "Y_WIDTH": "00000000000000000000000000000001"
          },
          "attributes": {
          },
          "port_directions": {
            "A": "input",
            "B": "input",
            "Y": "output"
          },
          "connections": {
            "A": [ 161 ],
            "B": [ 233 ],
            "Y": [ 185 ]
          }
        },
        "$ge$designs/162/top.sv:25$29": {
          "hide_name": 1,
          "type": "$ge",
          "parameters": {
            "A_SIGNED": "00000000000000000000000000000000",
            "A_WIDTH": "00000000000000000000000000000011",
            "B_SIGNED": "00000000000000000000000000000000",
            "B_WIDTH": "00000000000000000000000000000011",
            "Y_WIDTH": "00000000000000000000000000000001"
          },
          "attributes": {
            "src": "designs/162/top.sv:25.26-25.42"
          },
          "port_directions": {
            "A": "input",
            "B": "input",
            "Y": "output"
          },
          "connections": {
            "A": [ 190, "0", "0" ],
            "B": [ 2, "0", "0" ],
            "Y": [ 191 ]
          }
        },
        "$ge$designs/162/top.sv:25$34": {
          "hide_name": 1,
          "type": "$ge",
          "parameters": {
            "A_SIGNED": "00000000000000000000000000000000",
            "A_WIDTH": "00000000000000000000000000001001",
            "B_SIGNED": "00000000000000000000000000000000",
            "B_WIDTH": "00000000000000000000000000000001",
            "Y_WIDTH": "00000000000000000000000000000001"
          },
          "attributes": {
            "src": "designs/162/top.sv:25.22-25.89"
          },
          "port_directions": {
            "A": "input",
            "B": "input",
            "Y": "output"
          },
          "connections": {
            "A": [ "1", "1", "1", "1", "1", 239, 240, 241, 242 ],
            "B": [ 161 ],
            "Y": [ 243 ]
          }
        },
        "$gt$designs/162/top.sv:24$27": {
          "hide_name": 1,
          "type": "$gt",
          "parameters": {
            "A_SIGNED": "00000000000000000000000000000000",
            "A_WIDTH": "00000000000000000000000000000001",
            "B_SIGNED": "00000000000000000000000000000000",
            "B_WIDTH": "00000000000000000000000000010010",
            "Y_WIDTH": "00000000000000000000000000000001"
          },
          "attributes": {
            "src": "designs/162/top.sv:24.23-24.41"
          },
          "port_directions": {
            "A": "input",
            "B": "input",
            "Y": "output"
          },
          "connections": {
            "A": [ 161 ],
            "B": [ 228, "1", "1", "1", "1", "1", "1", "1", "1", "1", "1", "1", "1", "1", "1", "1", "1", "1" ],
            "Y": [ 189 ]
          }
        },
        "$mul$designs/162/top.sv:20$10": {
          "hide_name": 1,
          "type": "$mul",
          "parameters": {
            "A_SIGNED": "00000000000000000000000000000000",
            "A_WIDTH": "00000000000000000000000000000111",
            "B_SIGNED": "00000000000000000000000000000000",
            "B_WIDTH": "00000000000000000000000000000011",
            "Y_WIDTH": "00000000000000000000000000001001"
          },
          "attributes": {
            "src": "designs/162/top.sv:20.97-20.154"
          },
          "port_directions": {
            "A": "input",
            "B": "input",
            "Y": "output"
          },
          "connections": {
            "A": [ 41, 42, 43, 44, 45, 46, 47 ],
            "B": [ 2, 3, 4 ],
            "Y": [ 17, 18, 19, 20, 21, 22, 23, 24, 25 ]
          }
        },
        "$mul$designs/162/top.sv:20$8": {
          "hide_name": 1,
          "type": "$mul",
          "parameters": {
            "A_SIGNED": "00000000000000000000000000000000",
            "A_WIDTH": "00000000000000000000000000000011",
            "B_SIGNED": "00000000000000000000000000000000",
            "B_WIDTH": "00000000000000000000000000000011",
            "Y_WIDTH": "00000000000000000000000000000110"
          },
          "attributes": {
            "src": "designs/162/top.sv:20.99-20.125"
          },
          "port_directions": {
            "A": "input",
            "B": "input",
            "Y": "output"
          },
          "connections": {
            "A": [ 2, "0", "0" ],
            "B": [ 2, "0", "0" ],
            "Y": [ 35, 36, 37, 38, 39, 40 ]
          }
        },
        "$mul$designs/162/top.sv:21$18": {
          "hide_name": 1,
          "type": "$mul",
          "parameters": {
            "A_SIGNED": "00000000000000000000000000000000",
            "A_WIDTH": "00000000000000000000000000010010",
            "B_SIGNED": "00000000000000000000000000000000",
            "B_WIDTH": "00000000000000000000000000000011",
            "Y_WIDTH": "00000000000000000000000000001100"
          },
          "attributes": {
            "src": "designs/162/top.sv:21.32-21.89"
          },
          "port_directions": {
            "A": "input",
            "B": "input",
            "Y": "output"
          },
          "connections": {
            "A": [ 51, 52, 53, 54, 55, 56, 57, 58, 59, 60, 61, 62, 63, 64, 65, 66, 67, 68 ],
            "B": [ 2, "0", "0" ],
            "Y": [ 161, 162, 163, 164, 165, 166, 167, 168, 169, 170, 171, 172 ]
          }
        },
        "$mul$designs/162/top.sv:25$32": {
          "hide_name": 1,
          "type": "$mul",
          "parameters": {
            "A_SIGNED": "00000000000000000000000000000000",
            "A_WIDTH": "00000000000000000000000000001001",
            "B_SIGNED": "00000000000000000000000000000000",
            "B_WIDTH": "00000000000000000000000000000011",
            "Y_WIDTH": "00000000000000000000000000001001"
          },
          "attributes": {
            "src": "designs/162/top.sv:25.24-25.69"
          },
          "port_directions": {
            "A": "input",
            "B": "input",
            "Y": "output"
          },
          "connections": {
            "A": [ 193, 244, 245, 246, 247, 248, 249, 250, 251 ],
            "B": [ 2, 3, 4 ],
            "Y": [ 252, 253, 254, 255, 256, 239, 240, 241, 242 ]
          }
        },
        "$mul$designs/162/top.sv:27$40": {
          "hide_name": 1,
          "type": "$mul",
          "parameters": {
            "A_SIGNED": "00000000000000000000000000000000",
            "A_WIDTH": "00000000000000000000000000010110",
            "B_SIGNED": "00000000000000000000000000000000",
            "B_WIDTH": "00000000000000000000000000000011",
            "Y_WIDTH": "00000000000000000000000000010110"
          },
          "attributes": {
            "src": "designs/162/top.sv:27.24-27.78"
          },
          "port_directions": {
            "A": "input",
            "B": "input",
            "Y": "output"
          },
          "connections": {
            "A": [ 231, 257, 258, 259, 260, 261, 262, 263, 264, 265, 266, 267, 268, 269, 270, 271, 272, 273, 274, 275, 276, 277 ],
            "B": [ 2, "0", "0" ],
            "Y": [ 278, 279, 280, 281, 282, 283, 284, 285, 286, 287, 288, 289, 290, 291, 292, 293, 294, 295, 296, 297, 298, 299 ]
          }
        },
        "$mul$designs/162/top.sv:27$44": {
          "hide_name": 1,
          "type": "$mul",
          "parameters": {
            "A_SIGNED": "00000000000000000000000000000000",
            "A_WIDTH": "00000000000000000000000000010110",
            "B_SIGNED": "00000000000000000000000000000000",
            "B_WIDTH": "00000000000000000000000000010110",
            "Y_WIDTH": "00000000000000000000000000000011"
          },
          "attributes": {
            "src": "designs/162/top.sv:27.22-27.113"
          },
          "port_directions": {
            "A": "input",
            "B": "input",
            "Y": "output"
          },
          "connections": {
            "A": [ 300, 301, 302, 303, 304, 305, 306, 307, 308, 309, 310, 311, 312, 313, 314, 315, 316, 317, 318, 319, 320, 321 ],
            "B": [ "1", "1", "1", "1", "1", "1", "1", "1", "1", "1", "1", "1", "1", "1", "1", "1", "1", "1", "1", "1", "1", "1" ],
            "Y": [ 195, 196, 197 ]
          }
        },
        "$mul$designs/162/top.sv:30$59": {
          "hide_name": 1,
          "type": "$mul",
          "parameters": {
            "A_SIGNED": "00000000000000000000000000000000",
            "A_WIDTH": "00000000000000000000000000010010",
            "B_SIGNED": "00000000000000000000000000000000",
            "B_WIDTH": "00000000000000000000000000000011",
            "Y_WIDTH": "00000000000000000000000000010010"
          },
          "attributes": {
            "src": "designs/162/top.sv:30.32-30.95"
          },
          "port_directions": {
            "A": "input",
            "B": "input",
            "Y": "output"
          },
          "connections": {
            "A": [ 131, 132, 133, 134, 135, 136, 137, 138, 139, 140, 141, 142, 143, 144, 145, 146, 147, 148 ],
            "B": [ 2, "0", "0" ],
            "Y": [ 322, 323, 324, 325, 326, 327, 328, 329, 330, 331, 332, 333, 334, 335, 336, 337, 338, 339 ]
          }
        },
        "$mul$designs/162/top.sv:32$67": {
          "hide_name": 1,
          "type": "$mul",
          "parameters": {
            "A_SIGNED": "00000000000000000000000000000000",
            "A_WIDTH": "00000000000000000000000000000011",
            "B_SIGNED": "00000000000000000000000000000000",
            "B_WIDTH": "00000000000000000000000000001001",
            "Y_WIDTH": "00000000000000000000000000001100"
          },
          "attributes": {
            "src": "designs/162/top.sv:32.138-32.164"
          },
          "port_directions": {
            "A": "input",
            "B": "input",
            "Y": "output"
          },
          "connections": {
            "A": [ 186, 187, 188 ],
            "B": [ 233, 212, 213, 214, 215, 216, 48, 49, 50 ],
            "Y": [ 340, 341, 342, 343, 344, 345, 346, 347, 348, 349, 350, 351 ]
          }
        },
        "$mul$designs/162/top.sv:32$68": {
          "hide_name": 1,
          "type": "$mul",
          "parameters": {
            "A_SIGNED": "00000000000000000000000000000000",
            "A_WIDTH": "00000000000000000000000000001100",
            "B_SIGNED": "00000000000000000000000000000000",
            "B_WIDTH": "00000000000000000000000000000001",
            "Y_WIDTH": "00000000000000000000000000001100"
          },
          "attributes": {
            "src": "designs/162/top.sv:32.137-32.174"
          },
          "port_directions": {
            "A": "input",
            "B": "input",
            "Y": "output"
          },
          "connections": {
            "A": [ 340, 341, 342, 343, 344, 345, 346, 347, 348, 349, 350, 351 ],
            "B": [ 161 ],
            "Y": [ 352, 353, 354, 355, 356, 357, 358, 359, 360, 361, 362, 363 ]
          }
        },
        "$not$designs/162/top.sv:25$30": {
          "hide_name": 1,
          "type": "$not",
          "parameters": {
            "A_SIGNED": "00000000000000000000000000000000",
            "A_WIDTH": "00000000000000000000000000001001",
            "Y_WIDTH": "00000000000000000000000000001001"
          },
          "attributes": {
            "src": "designs/162/top.sv:25.47-25.54"
          },
          "port_directions": {
            "A": "input",
            "Y": "output"
          },
          "connections": {
            "A": [ 233, 212, 213, 214, 215, 216, 48, 49, 50 ],
            "Y": [ 192, 244, 245, 246, 247, 248, 249, 250, 251 ]
          }
        },
        "$reduce_bool$designs/162/top.sv:32$69": {
          "hide_name": 1,
          "type": "$reduce_bool",
          "parameters": {
            "A_SIGNED": "00000000000000000000000000000000",
            "A_WIDTH": "00000000000000000000000000001100",
            "Y_WIDTH": "00000000000000000000000000000001"
          },
          "attributes": {
            "src": "designs/162/top.sv:32.26-32.175"
          },
          "port_directions": {
            "A": "input",
            "Y": "output"
          },
          "connections": {
            "A": [ 161, 162, 163, 164, 165, 166, 167, 168, 169, 170, 171, 172 ],
            "Y": [ 364 ]
          }
        },
        "$shl$designs/162/top.sv:27$38": {
          "hide_name": 1,
          "type": "$shl",
          "parameters": {
            "A_SIGNED": "00000000000000000000000000000000",
            "A_WIDTH": "00000000000000000000000000000011",
            "B_SIGNED": "00000000000000000000000000000000",
            "B_WIDTH": "00000000000000000000000000000001",
            "Y_WIDTH": "00000000000000000000000000010110"
          },
          "attributes": {
            "src": "designs/162/top.sv:27.26-27.58"
          },
          "port_directions": {
            "A": "input",
            "B": "input",
            "Y": "output"
          },
          "connections": {
            "A": [ 229, "0", "0" ],
            "B": [ 243 ],
            "Y": [ 230, 257, 258, 259, 260, 261, 262, 263, 264, 265, 266, 267, 268, 269, 270, 271, 272, 273, 274, 275, 276, 277 ]
          }
        },
        "$shl$designs/162/top.sv:27$41": {
          "hide_name": 1,
          "type": "$shl",
          "parameters": {
            "A_SIGNED": "00000000000000000000000000000000",
            "A_WIDTH": "00000000000000000000000000010110",
            "B_SIGNED": "00000000000000000000000000000000",
            "B_WIDTH": "00000000000000000000000000000001",
            "Y_WIDTH": "00000000000000000000000000010110"
          },
          "attributes": {
            "src": "designs/162/top.sv:27.23-27.94"
          },
          "port_directions": {
            "A": "input",
            "B": "input",
            "Y": "output"
          },
          "connections": {
            "A": [ 278, 279, 280, 281, 282, 283, 284, 285, 286, 287, 288, 289, 290, 291, 292, 293, 294, 295, 296, 297, 298, 299 ],
            "B": [ 50 ],
            "Y": [ 300, 301, 302, 303, 304, 305, 306, 307, 308, 309, 310, 311, 312, 313, 314, 315, 316, 317, 318, 319, 320, 321 ]
          }
        },
        "$shl$designs/162/top.sv:29$45": {
          "hide_name": 1,
          "type": "$shl",
          "parameters": {
            "A_SIGNED": "00000000000000000000000000000000",
            "A_WIDTH": "00000000000000000000000000000001",
            "B_SIGNED": "00000000000000000000000000000000",
            "B_WIDTH": "00000000000000000000000000000001",
            "Y_WIDTH": "00000000000000000000000000010110"
          },
          "attributes": {
            "src": "designs/162/top.sv:29.38-29.61"
          },
          "port_directions": {
            "A": "input",
            "B": "input",
            "Y": "output"
          },
          "connections": {
            "A": [ "0" ],
            "B": [ 243 ],
            "Y": [ 365, 366, 367, 368, 369, 370, 371, 372, 373, 374, 375, 376, 377, 378, 379, 380, 381, 382, 383, 384, 385, 386 ]
          }
        },
        "$shl$designs/162/top.sv:29$55": {
          "hide_name": 1,
          "type": "$shl",
          "parameters": {
            "A_SIGNED": "00000000000000000000000000000000",
            "A_WIDTH": "00000000000000000000000000010110",
            "B_SIGNED": "00000000000000000000000000000000",
            "B_WIDTH": "00000000000000000000000000000011",
            "Y_WIDTH": "00000000000000000000000000001011"
          },
          "attributes": {
            "src": "designs/162/top.sv:29.23-29.134"
          },
          "port_directions": {
            "A": "input",
            "B": "input",
            "Y": "output"
          },
          "connections": {
            "A": [ 232, "0", "0", "0", "0", "0", "0", "0", "0", "0", "0", "0", "0", "0", "0", "0", "0", "0", "0", "0", "0", "0" ],
            "B": [ 91, 92, 93 ],
            "Y": [ 120, 121, 122, 123, 124, 125, 126, 127, 128, 129, 130 ]
          }
        },
        "$shr$designs/162/top.sv:30$60": {
          "hide_name": 1,
          "type": "$shr",
          "parameters": {
            "A_SIGNED": "00000000000000000000000000000001",
            "A_WIDTH": "00000000000000000000000000010010",
            "B_SIGNED": "00000000000000000000000000000000",
            "B_WIDTH": "00000000000000000000000000000011",
            "Y_WIDTH": "00000000000000000000000000011101"
          },
          "attributes": {
            "src": "designs/162/top.sv:30.23-30.107"
          },
          "port_directions": {
            "A": "input",
            "B": "input",
            "Y": "output"
          },
          "connections": {
            "A": [ 322, 323, 324, 325, 326, 327, 328, 329, 330, 331, 332, 333, 334, 335, 336, 337, 338, 339 ],
            "B": [ 195, 196, 197 ],
            "Y": [ 149, 150, 151, 152, 153, 154, 155, 156, 157, 158, 159, 160, 387, 388, 389, 390, 391, 392, 393, 394, 395, 396, 397, 398, 399, 400, 401, 402, 403 ]
          }
        },
        "$sub$designs/162/top.sv:20$4": {
          "hide_name": 1,
          "type": "$sub",
          "parameters": {
            "A_SIGNED": "00000000000000000000000000000000",
            "A_WIDTH": "00000000000000000000000000001000",
            "B_SIGNED": "00000000000000000000000000000000",
            "B_WIDTH": "00000000000000000000000000000010",
            "Y_WIDTH": "00000000000000000000000000001001"
          },
          "attributes": {
            "src": "designs/162/top.sv:20.46-20.66"
          },
          "port_directions": {
            "A": "input",
            "B": "input",
            "Y": "output"
          },
          "connections": {
            "A": [ "0", "1", "0", "1", "0", "0", "1", "1" ],
            "B": [ 2, "0" ],
            "Y": [ 234, 235, 236, 404, 405, 406, 407, 408, 409 ]
          }
        },
        "$sub$designs/162/top.sv:29$46": {
          "hide_name": 1,
          "type": "$sub",
          "parameters": {
            "A_SIGNED": "00000000000000000000000000000000",
            "A_WIDTH": "00000000000000000000000000010110",
            "B_SIGNED": "00000000000000000000000000000000",
            "B_WIDTH": "00000000000000000000000000000010",
            "Y_WIDTH": "00000000000000000000000000010110"
          },
          "attributes": {
            "src": "designs/162/top.sv:29.37-29.71"
          },
          "port_directions": {
            "A": "input",
            "B": "input",
            "Y": "output"
          },
          "connections": {
            "A": [ 365, 366, 367, 368, 369, 370, 371, 372, 373, 374, 375, 376, 377, 378, 379, 380, 381, 382, 383, 384, 385, 386 ],
            "B": [ 185, "0" ],
            "Y": [ 69, 70, 71, 72, 73, 74, 75, 76, 77, 78, 79, 80, 81, 82, 83, 84, 85, 86, 87, 88, 89, 90 ]
          }
        },
        "$sub$designs/162/top.sv:30$57": {
          "hide_name": 1,
          "type": "$sub",
          "parameters": {
            "A_SIGNED": "00000000000000000000000000000000",
            "A_WIDTH": "00000000000000000000000000000011",
            "B_SIGNED": "00000000000000000000000000000000",
            "B_WIDTH": "00000000000000000000000000000011",
            "Y_WIDTH": "00000000000000000000000000000100"
          },
          "attributes": {
            "src": "designs/162/top.sv:30.42-30.68"
          },
          "port_directions": {
            "A": "input",
            "B": "input",
            "Y": "output"
          },
          "connections": {
            "A": [ 198, 196, 197 ],
            "B": [ 2, "0", "0" ],
            "Y": [ 116, 117, 118, 119 ]
          }
        },
        "$sub$designs/162/top.sv:32$63": {
          "hide_name": 1,
          "type": "$sub",
          "parameters": {
            "A_SIGNED": "00000000000000000000000000000000",
            "A_WIDTH": "00000000000000000000000000001100",
            "B_SIGNED": "00000000000000000000000000000000",
            "B_WIDTH": "00000000000000000000000000000001",
            "Y_WIDTH": "00000000000000000000000000001100"
          },
          "attributes": {
            "src": "designs/162/top.sv:32.46-32.100"
          },
          "port_directions": {
            "A": "input",
            "B": "input",
            "Y": "output"
          },
          "connections": {
            "A": [ 173, 174, 175, 176, 177, 178, 179, 180, 181, 182, 183, 184 ],
            "B": [ 243 ],
            "Y": [ 199, 200, 201, 205, 206, 207, 208, 209, 210, 410, 411, 412 ]
          }
        },
        "$ternary$designs/162/top.sv:20$13": {
          "hide_name": 1,
          "type": "$mux",
          "parameters": {
            "WIDTH": "00000000000000000000000000001001"
          },
          "attributes": {
            "src": "designs/162/top.sv:20.21-20.165"
          },
          "port_directions": {
            "A": "input",
            "B": "input",
            "S": "input",
            "Y": "output"
          },
          "connections": {
            "A": [ 26, 27, 28, 29, 30, 31, 32, 33, 34 ],
            "B": [ 227, 237, 238, 404, 405, 406, 407, 408, 409 ],
            "S": [ 2 ],
            "Y": [ 233, 212, 213, 214, 215, 216, 48, 49, 50 ]
          }
        },
        "$ternary$designs/162/top.sv:32$70": {
          "hide_name": 1,
          "type": "$mux",
          "parameters": {
            "WIDTH": "00000000000000000000000000001100"
          },
          "attributes": {
            "src": "designs/162/top.sv:32.26-32.175"
          },
          "port_directions": {
            "A": "input",
            "B": "input",
            "S": "input",
            "Y": "output"
          },
          "connections": {
            "A": [ 352, 353, 354, 355, 356, 357, 358, 359, 360, 361, 362, 363 ],
            "B": [ 217, 218, 219, 220, 221, 222, 223, 224, 225, "0", "0", "0" ],
            "S": [ 364 ],
            "Y": [ 5, 6, 7, 8, 9, 10, 11, 12, 13, 14, 15, 16 ]
          }
        }
      },
      "netnames": {
        "$add$designs/162/top.sv:20$11_Y": {
          "hide_name": 1,
          "bits": [ 26, 27, 28, 29, 30, 31, 32, 33, 34, 413, 414, "0", "0", "0", "0", "0", "0", "0" ],
          "attributes": {
            "src": "designs/162/top.sv:20.96-20.164",
            "unused_bits": "9 10"
          }
        },
        "$add$designs/162/top.sv:20$9_Y": {
          "hide_name": 1,
          "bits": [ 41, 42, 43, 44, 45, 46, 47, "0", "0", "0", "0", "0", "0", "0", "0", "0", "0", "0" ],
          "attributes": {
            "src": "designs/162/top.sv:20.98-20.140"
          }
        },
        "$add$designs/162/top.sv:21$17_Y": {
          "hide_name": 1,
          "bits": [ 51, 52, 53, 54, 55, 56, 57, 58, 59, 60, 61, 62, 63, 64, 65, 66, 67, 68 ],
          "attributes": {
            "src": "designs/162/top.sv:21.33-21.79"
          }
        },
        "$add$designs/162/top.sv:29$49_Y": {
          "hide_name": 1,
          "bits": [ 94, 95, 96, 97, 98, 99, 100, 101, 102, 103, 104, 105, 106, 107, 108, 109, 110, 111, 112, 113, 114, 115 ],
          "attributes": {
            "src": "designs/162/top.sv:29.36-29.84",
            "unused_bits": "1 2 3 4 5 6 7 8 9 10 11 12 13 14 15 16 17 18 19 20 21"
          }
        },
        "$add$designs/162/top.sv:30$58_Y": {
          "hide_name": 1,
          "bits": [ 131, 132, 133, 134, 135, 136, 137, 138, 139, 140, 141, 142, 143, 144, 145, 146, 147, 148 ],
          "attributes": {
            "src": "designs/162/top.sv:30.41-30.79"
          }
        },
        "$add$designs/162/top.sv:32$61_Y": {
          "hide_name": 1,
          "bits": [ 173, 174, 175, 176, 177, 178, 179, 180, 181, 182, 183, 184, 415, 416, 417, 418, 419, 420, 421, 422, 423, 424, 425, 426, 427, 428, 429, 430, 431 ],
          "attributes": {
            "src": "designs/162/top.sv:32.58-32.74",
            "unused_bits": "12 13 14 15 16 17 18 19 20 21 22 23 24 25 26 27 28"
          }
        },
        "$add$designs/162/top.sv:32$66_Y": {
          "hide_name": 1,
          "bits": [ 186, 187, 188, "0", "0", "0", "0", "0", "0", "0", "0", "0", "0", "0", "0", "0", "0", "0", "0", "0", "0", "0", "0", "0", "0", "0", "0", "0", "0" ],
          "attributes": {
            "src": "designs/162/top.sv:32.139-32.154"
          }
        },
        "$and$designs/162/top.sv:27$37_Y": {
          "hide_name": 1,
          "bits": [ 229, "0", "0", "0", "0", "0", "0", "0", "0", "0", "0", "0", "0", "0", "0", "0", "0", "0", "0", "0", "0", "0" ],
          "attributes": {
            "src": "designs/162/top.sv:27.27-27.47"
          }
        },
        "$and$designs/162/top.sv:29$53_Y": {
          "hide_name": 1,
          "bits": [ 232, "0", "0", "0", "0", "0", "0", "0", "0", "0", "0", "0", "0", "0", "0", "0", "0", "0", "0", "0", "0", "0" ],
          "attributes": {
            "src": "designs/162/top.sv:29.34-29.114"
          }
        },
        "$and$designs/162/top.sv:32$65_Y": {
          "hide_name": 1,
          "bits": [ 217, 218, 219, 220, 221, 222, 223, 224, 225, "0", "0", "0" ],
          "attributes": {
          }
        },
        "$auto$opt_expr.cc:205:group_cell_inputs$100": {
          "hide_name": 1,
          "bits": [ 228, "1", "1" ],
          "attributes": {
          }
        },
        "$auto$opt_expr.cc:205:group_cell_inputs$108": {
          "hide_name": 1,
          "bits": [ 193 ],
          "attributes": {
          }
        },
        "$auto$opt_expr.cc:205:group_cell_inputs$110": {
          "hide_name": 1,
          "bits": [ 244, 245, 246, 247, 248, 249, 250, 251 ],
          "attributes": {
          }
        },
        "$auto$opt_expr.cc:205:group_cell_inputs$111": {
          "hide_name": 1,
          "bits": [ 194 ],
          "attributes": {
          }
        },
        "$auto$opt_expr.cc:205:group_cell_inputs$121": {
          "hide_name": 1,
          "bits": [ 231, 257 ],
          "attributes": {
          }
        },
        "$auto$opt_expr.cc:205:group_cell_inputs$123": {
          "hide_name": 1,
          "bits": [ 258, 259, 260, 261, 262, 263, 264, 265, 266, 267, 268, 269, 270, 271, 272, 273, 274, 275, 276, 277 ],
          "attributes": {
          }
        },
        "$auto$opt_expr.cc:205:group_cell_inputs$126": {
          "hide_name": 1,
          "bits": [ 91, 92, 93 ],
          "attributes": {
          }
        },
        "$auto$opt_expr.cc:205:group_cell_inputs$136": {
          "hide_name": 1,
          "bits": [ 198 ],
          "attributes": {
          }
        },
        "$auto$opt_expr.cc:205:group_cell_inputs$139": {
          "hide_name": 1,
          "bits": [ 202, 203, 204 ],
          "attributes": {
          }
        },
        "$auto$opt_expr.cc:205:group_cell_inputs$141": {
          "hide_name": 1,
          "bits": [ 205, 206, 207, 208, 209, 210, 410, 411, 412 ],
          "attributes": {
            "unused_bits": "6 7 8"
          }
        },
        "$auto$opt_expr.cc:205:group_cell_inputs$146": {
          "hide_name": 1,
          "bits": [ 227 ],
          "attributes": {
          }
        },
        "$auto$opt_expr.cc:205:group_cell_inputs$148": {
          "hide_name": 1,
          "bits": [ 237, 238 ],
          "attributes": {
          }
        },
        "$auto$opt_expr.cc:205:group_cell_inputs$81": {
          "hide_name": 1,
          "bits": [ 226, 237, 238 ],
          "attributes": {
          }
        },
        "$auto$opt_expr.cc:205:group_cell_inputs$83": {
          "hide_name": 1,
          "bits": [ 404, 405, 406, 407, 408, 409 ],
          "attributes": {
          }
        },
        "$auto$wreduce.cc:514:run$71": {
          "hide_name": 1,
          "bits": [ 352, 353, 354, 355, 356, 357, 358, 359, 360, 361, 362, 363, 432, "0", "0", "0", "0", "0", "0", "0", "0", "0", "0", "0", "0", "0", "0", "0", "0" ],
          "attributes": {
            "src": "designs/162/top.sv:32.137-32.174",
            "unused_bits": "12"
          }
        },
        "$auto$wreduce.cc:514:run$72": {
          "hide_name": 1,
          "bits": [ 340, 341, 342, 343, 344, 345, 346, 347, 348, 349, 350, 351, "0", "0", "0", "0", "0", "0", "0", "0", "0", "0", "0", "0", "0", "0", "0", "0", "0" ],
          "attributes": {
            "src": "designs/162/top.sv:32.138-32.164"
          }
        },
        "$ge$designs/162/top.sv:25$29_Y": {
          "hide_name": 1,
          "bits": [ 191, "0", "0", "0", "0", "0", "0", "0", "0" ],
          "attributes": {
            "src": "designs/162/top.sv:25.26-25.42"
          }
        },
        "$gt$designs/162/top.sv:24$27_Y": {
          "hide_name": 1,
          "bits": [ 189, "0", "0", "0", "0", "0", "0", "0", "0", "0", "0", "0", "0", "0", "0", "0", "0", "0", "0", "0", "0", "0", "0", "0", "0", "0", "0", "0", "0", "0" ],
          "attributes": {
            "src": "designs/162/top.sv:24.23-24.41"
          }
        },
        "$mul$designs/162/top.sv:20$10_Y": {
          "hide_name": 1,
          "bits": [ 17, 18, 19, 20, 21, 22, 23, 24, 25, 433, "0", "0", "0", "0", "0", "0", "0", "0" ],
          "attributes": {
            "src": "designs/162/top.sv:20.97-20.154",
            "unused_bits": "9"
          }
        },
        "$mul$designs/162/top.sv:20$8_Y": {
          "hide_name": 1,
          "bits": [ 35, 36, 37, 38, 39, 40, "0", "0", "0", "0", "0", "0", "0", "0", "0", "0", "0", "0" ],
          "attributes": {
            "src": "designs/162/top.sv:20.99-20.125"
          }
        },
        "$mul$designs/162/top.sv:25$32_Y": {
          "hide_name": 1,
          "bits": [ 252, 253, 254, 255, 256, 239, 240, 241, 242 ],
          "attributes": {
            "src": "designs/162/top.sv:25.24-25.69",
            "unused_bits": "0 1 2 3 4"
          }
        },
        "$mul$designs/162/top.sv:27$40_Y": {
          "hide_name": 1,
          "bits": [ 278, 279, 280, 281, 282, 283, 284, 285, 286, 287, 288, 289, 290, 291, 292, 293, 294, 295, 296, 297, 298, 299 ],
          "attributes": {
            "src": "designs/162/top.sv:27.24-27.78"
          }
        },
        "$mul$designs/162/top.sv:30$59_Y": {
          "hide_name": 1,
          "bits": [ 322, 323, 324, 325, 326, 327, 328, 329, 330, 331, 332, 333, 334, 335, 336, 337, 338, 339 ],
          "attributes": {
            "src": "designs/162/top.sv:30.32-30.95"
          }
        },
        "$not$designs/162/top.sv:25$30_Y": {
          "hide_name": 1,
          "bits": [ 192, 244, 245, 246, 247, 248, 249, 250, 251 ],
          "attributes": {
            "src": "designs/162/top.sv:25.47-25.54"
          }
        },
        "$reduce_bool$designs/162/top.sv:32$69_Y": {
          "hide_name": 1,
          "bits": [ 364 ],
          "attributes": {
            "src": "designs/162/top.sv:32.26-32.175"
          }
        },
        "$shl$designs/162/top.sv:27$38_Y": {
          "hide_name": 1,
          "bits": [ 230, 257, 258, 259, 260, 261, 262, 263, 264, 265, 266, 267, 268, 269, 270, 271, 272, 273, 274, 275, 276, 277 ],
          "attributes": {
            "src": "designs/162/top.sv:27.26-27.58"
          }
        },
        "$shl$designs/162/top.sv:27$41_Y": {
          "hide_name": 1,
          "bits": [ 300, 301, 302, 303, 304, 305, 306, 307, 308, 309, 310, 311, 312, 313, 314, 315, 316, 317, 318, 319, 320, 321 ],
          "attributes": {
            "src": "designs/162/top.sv:27.23-27.94"
          }
        },
        "$shl$designs/162/top.sv:29$45_Y": {
          "hide_name": 1,
          "bits": [ 365, 366, 367, 368, 369, 370, 371, 372, 373, 374, 375, 376, 377, 378, 379, 380, 381, 382, 383, 384, 385, 386 ],
          "attributes": {
            "src": "designs/162/top.sv:29.38-29.61"
          }
        },
        "$sub$designs/162/top.sv:20$4_Y": {
          "hide_name": 1,
          "bits": [ 234, 235, 236, 404, 405, 406, 407, 408, 409 ],
          "attributes": {
            "src": "designs/162/top.sv:20.46-20.66"
          }
        },
        "$sub$designs/162/top.sv:29$46_Y": {
          "hide_name": 1,
          "bits": [ 69, 70, 71, 72, 73, 74, 75, 76, 77, 78, 79, 80, 81, 82, 83, 84, 85, 86, 87, 88, 89, 90 ],
          "attributes": {
            "src": "designs/162/top.sv:29.37-29.71"
          }
        },
        "$sub$designs/162/top.sv:30$57_Y": {
          "hide_name": 1,
          "bits": [ 116, 117, 118, 119, 119, 119, 119, 119, 119, 119, 119, 119, 119, 119, 119, 119, 119, 119 ],
          "attributes": {
            "src": "designs/162/top.sv:30.42-30.68"
          }
        },
        "$sub$designs/162/top.sv:32$63_Y": {
          "hide_name": 1,
          "bits": [ 199, 200, 201, 205, 206, 207, 208, 209, 210, 410, 411, 412, 434, 435, 436, 437, 438, 439, 440, 441, 442, 443, 444, 445, 446, 447, 448, 449, 450 ],
          "attributes": {
            "src": "designs/162/top.sv:32.46-32.100",
            "unused_bits": "9 10 11 12 13 14 15 16 17 18 19 20 21 22 23 24 25 26 27 28"
          }
        },
        "input_data": {
          "hide_name": 0,
          "bits": [ 2, 3, 4 ],
          "attributes": {
            "src": "designs/162/top.sv:2.17-2.27"
          }
        },
        "output_data": {
          "hide_name": 0,
          "bits": [ 5, 6, 7, 8, 9, 10, 11, 12, 13, 14, 15, 16 ],
          "attributes": {
            "src": "designs/162/top.sv:3.19-3.30"
          }
        },
        "temp_1": {
          "hide_name": 0,
          "bits": [ 233, 212, 213, 214, 215, 216, 48, 49, 50 ],
          "attributes": {
            "src": "designs/162/top.sv:7.17-7.23"
          }
        },
        "temp_10": {
          "hide_name": 0,
          "bits": [ 120, 121, 122, 123, 124, 125, 126, 127, 128, 129, 130 ],
          "attributes": {
            "src": "designs/162/top.sv:16.18-16.25"
          }
        },
        "temp_11": {
          "hide_name": 0,
          "bits": [ 149, 150, 151, 152, 153, 154, 155, 156, 157, 158, 159, 160, 387, 388, 389, 390, 391, 392, 393, 394, 395, 396, 397, 398, 399, 400, 401, 402, 403 ],
          "attributes": {
            "src": "designs/162/top.sv:17.18-17.25",
            "unused_bits": "12 13 14 15 16 17 18 19 20 21 22 23 24 25 26 27 28"
          }
        },
        "temp_2": {
          "hide_name": 0,
          "bits": [ 161, 162, 163, 164, 165, 166, 167, 168, 169, 170, 171, 172 ],
          "attributes": {
            "src": "designs/162/top.sv:8.18-8.24"
          }
        },
        "temp_4": {
          "hide_name": 0,
          "bits": [ 185, "0", "0", "0", "0", "0", "0", "0", "0", "0", "0", "0", "0", "0", "0", "0", "0", "0", "0", "0", "0", "0" ],
          "attributes": {
            "src": "designs/162/top.sv:10.18-10.24"
          }
        },
        "temp_5": {
          "hide_name": 0,
          "bits": [ 190, "0", "0", "0", "0", "0", "0", "0", "0", "0", "0", "0", "0", "0", "0", "0", "0", "0", "0", "0", "0", "0", "0", "0", "0", "0", "0", "0", "0", "0" ],
          "attributes": {
            "src": "designs/162/top.sv:11.18-11.24"
          }
        },
        "temp_6": {
          "hide_name": 0,
          "bits": [ 243, "0", "0", "0", "0", "0" ],
          "attributes": {
            "src": "designs/162/top.sv:12.17-12.23"
          }
        },
        "temp_7": {
          "hide_name": 0,
          "bits": [ 211, 212, 213, 214, 215, 216, 48, 49, 50, "0", "0", "0", "0", "0", "0", "x", "x", "x", "x", "x", "x", "x" ],
          "attributes": {
            "src": "designs/162/top.sv:13.18-13.24"
          }
        },
        "temp_8": {
          "hide_name": 0,
          "bits": [ 195, 196, 197 ],
          "attributes": {
            "src": "designs/162/top.sv:14.17-14.23"
          }
        }
      }
    }
  }
}
