{
  "creator": "Yosys 0.60 (git sha1 5bafeb77dc71e054fa331ab9efa613e6fb0a1c49, clang++ 17.0.0 -fPIC -O3)",
  "modules": {
    "top": {
      "attributes": {
        "top": "00000000000000000000000000000001",
        "src": "designs/79/top.sv:1.1-46.10"
      },
      "ports": {
        "input_data": {
          "direction": "input",
          "bits": [ 2, 3, 4, 5, 6, 7, 8, 9 ]
        },
        "output_data": {
          "direction": "output",
          "bits": [ 10, 11, 12, 13, 14, 15, 16, 17, 18, 19 ]
        }
      },
      "cells": {
        "$add$designs/79/top.sv:25$2": {
          "hide_name": 1,
          "type": "$add",
          "parameters": {
            "A_SIGNED": "00000000000000000000000000000000",
            "A_WIDTH": "00000000000000000000000000001000",
            "B_SIGNED": "00000000000000000000000000000000",
            "B_WIDTH": "00000000000000000000000000001000",
            "Y_WIDTH": "00000000000000000000000000001000"
          },
          "attributes": {
            "src": "designs/79/top.sv:25.35-25.70"
          },
          "port_directions": {
            "A": "input",
            "B": "input",
            "Y": "output"
          },
          "connections": {
            "A": [ 2, 3, 4, 5, 6, 7, 8, 9 ],
            "B": [ 20, 21, 22, 23, 24, 25, 26, 27 ],
            "Y": [ 28, 29, 30, 31, 32, 33, 34, 35 ]
          }
        },
        "$add$designs/79/top.sv:25$4": {
          "hide_name": 1,
          "type": "$add",
          "parameters": {
            "A_SIGNED": "00000000000000000000000000000000",
            "A_WIDTH": "00000000000000000000000000010000",
            "B_SIGNED": "00000000000000000000000000000000",
            "B_WIDTH": "00000000000000000000000000001000",
            "Y_WIDTH": "00000000000000000000000000010001"
          },
          "attributes": {
            "src": "designs/79/top.sv:25.23-25.99"
          },
          "port_directions": {
            "A": "input",
            "B": "input",
            "Y": "output"
          },
          "connections": {
            "A": [ 36, 37, 38, 39, 40, 41, 42, 43, 44, 45, 46, 47, 48, 49, 50, 51 ],
            "B": [ 2, 3, 4, 5, 6, 7, 8, 9 ],
            "Y": [ 52, 53, 54, 55, 56, 57, 58, 59, 60, 61, 62, 63, 64, 65, 66, 67, 68 ]
          }
        },
        "$add$designs/79/top.sv:28$14": {
          "hide_name": 1,
          "type": "$add",
          "parameters": {
            "A_SIGNED": "00000000000000000000000000000000",
            "A_WIDTH": "00000000000000000000000000000111",
            "B_SIGNED": "00000000000000000000000000000000",
            "B_WIDTH": "00000000000000000000000000000111",
            "Y_WIDTH": "00000000000000000000000000000111"
          },
          "attributes": {
            "src": "designs/79/top.sv:28.22-28.95"
          },
          "port_directions": {
            "A": "input",
            "B": "input",
            "Y": "output"
          },
          "connections": {
            "A": [ 69, 70, 71, 72, 73, "0", "0" ],
            "B": [ 74, 75, 76, 77, 78, 79, 80 ],
            "Y": [ 81, 82, 83, 84, 85, 86, 87 ]
          }
        },
        "$add$designs/79/top.sv:32$27": {
          "hide_name": 1,
          "type": "$add",
          "parameters": {
            "A_SIGNED": "00000000000000000000000000000000",
            "A_WIDTH": "00000000000000000000000000000011",
            "B_SIGNED": "00000000000000000000000000000000",
            "B_WIDTH": "00000000000000000000000000000011",
            "Y_WIDTH": "00000000000000000000000000000011"
          },
          "attributes": {
            "src": "designs/79/top.sv:32.22-32.57"
          },
          "port_directions": {
            "A": "input",
            "B": "input",
            "Y": "output"
          },
          "connections": {
            "A": [ 88, 89, 90 ],
            "B": [ 3, 4, 5 ],
            "Y": [ 91, 92, 93 ]
          }
        },
        "$add$designs/79/top.sv:33$30": {
          "hide_name": 1,
          "type": "$add",
          "parameters": {
            "A_SIGNED": "00000000000000000000000000000000",
            "A_WIDTH": "00000000000000000000000000000110",
            "B_SIGNED": "00000000000000000000000000000000",
            "B_WIDTH": "00000000000000000000000000000110",
            "Y_WIDTH": "00000000000000000000000000000110"
          },
          "attributes": {
            "src": "designs/79/top.sv:33.22-33.82"
          },
          "port_directions": {
            "A": "input",
            "B": "input",
            "Y": "output"
          },
          "connections": {
            "A": [ 94, 95, 96, 97, 98, 99 ],
            "B": [ 3, 4, 5, 6, 7, 8 ],
            "Y": [ 100, 101, 102, 103, 104, 105 ]
          }
        },
        "$add$designs/79/top.sv:40$52": {
          "hide_name": 1,
          "type": "$add",
          "parameters": {
            "A_SIGNED": "00000000000000000000000000000000",
            "A_WIDTH": "00000000000000000000000000000100",
            "B_SIGNED": "00000000000000000000000000000000",
            "B_WIDTH": "00000000000000000000000000000100",
            "Y_WIDTH": "00000000000000000000000000000100"
          },
          "attributes": {
            "src": "designs/79/top.sv:40.34-40.52"
          },
          "port_directions": {
            "A": "input",
            "B": "input",
            "Y": "output"
          },
          "connections": {
            "A": [ 88, 89, 90, 106 ],
            "B": [ 107, 108, 109, 110 ],
            "Y": [ 111, 112, 113, 114 ]
          }
        },
        "$add$designs/79/top.sv:40$55": {
          "hide_name": 1,
          "type": "$add",
          "parameters": {
            "A_SIGNED": "00000000000000000000000000000000",
            "A_WIDTH": "00000000000000000000000000000100",
            "B_SIGNED": "00000000000000000000000000000000",
            "B_WIDTH": "00000000000000000000000000000100",
            "Y_WIDTH": "00000000000000000000000000000100"
          },
          "attributes": {
            "src": "designs/79/top.sv:40.23-40.71"
          },
          "port_directions": {
            "A": "input",
            "B": "input",
            "Y": "output"
          },
          "connections": {
            "A": [ 111, 112, 113, 114 ],
            "B": [ 115, 116, "1", "1" ],
            "Y": [ 117, 118, 119, 120 ]
          }
        },
        "$add$designs/79/top.sv:41$60": {
          "hide_name": 1,
          "type": "$add",
          "parameters": {
            "A_SIGNED": "00000000000000000000000000000000",
            "A_WIDTH": "00000000000000000000000000000100",
            "B_SIGNED": "00000000000000000000000000000000",
            "B_WIDTH": "00000000000000000000000000001000",
            "Y_WIDTH": "00000000000000000000000000001000"
          },
          "attributes": {
            "src": "designs/79/top.sv:41.41-41.101"
          },
          "port_directions": {
            "A": "input",
            "B": "input",
            "Y": "output"
          },
          "connections": {
            "A": [ 121, 122, 123, 124 ],
            "B": [ 125, 126, "1", "1", "1", "1", "1", "1" ],
            "Y": [ 127, 128, 129, 130, 131, 132, 133, 134 ]
          }
        },
        "$and$designs/79/top.sv:41$61": {
          "hide_name": 1,
          "type": "$and",
          "parameters": {
            "A_SIGNED": "00000000000000000000000000000000",
            "A_WIDTH": "00000000000000000000000000001000",
            "B_SIGNED": "00000000000000000000000000000000",
            "B_WIDTH": "00000000000000000000000000001000",
            "Y_WIDTH": "00000000000000000000000000001000"
          },
          "attributes": {
            "src": "designs/79/top.sv:41.32-41.112"
          },
          "port_directions": {
            "A": "input",
            "B": "input",
            "Y": "output"
          },
          "connections": {
            "A": [ 127, 128, 129, 130, 131, 132, 133, 134 ],
            "B": [ 135, 136, 137, 138, 139, 140, 141, 142 ],
            "Y": [ 143, 144, 145, 146, 147, 148, 149, 150 ]
          }
        },
        "$auto$opt_expr.cc:276:group_cell_inputs$115": {
          "hide_name": 1,
          "type": "$not",
          "parameters": {
            "A_SIGNED": "00000000000000000000000000000000",
            "A_WIDTH": "00000000000000000000000000000010",
            "Y_WIDTH": "00000000000000000000000000000010"
          },
          "attributes": {
          },
          "port_directions": {
            "A": "input",
            "Y": "output"
          },
          "connections": {
            "A": [ 151, 152 ],
            "Y": [ 115, 116 ]
          }
        },
        "$auto$opt_expr.cc:276:group_cell_inputs$122": {
          "hide_name": 1,
          "type": "$not",
          "parameters": {
            "A_SIGNED": "00000000000000000000000000000000",
            "A_WIDTH": "00000000000000000000000000000010",
            "Y_WIDTH": "00000000000000000000000000000010"
          },
          "attributes": {
          },
          "port_directions": {
            "A": "input",
            "Y": "output"
          },
          "connections": {
            "A": [ 91, 92 ],
            "Y": [ 125, 126 ]
          }
        },
        "$auto$opt_expr.cc:276:group_cell_inputs$126": {
          "hide_name": 1,
          "type": "$xor",
          "parameters": {
            "A_SIGNED": "00000000000000000000000000000000",
            "A_WIDTH": "00000000000000000000000000000001",
            "B_SIGNED": "00000000000000000000000000000000",
            "B_WIDTH": "00000000000000000000000000000001",
            "Y_WIDTH": "00000000000000000000000000000001"
          },
          "attributes": {
          },
          "port_directions": {
            "A": "input",
            "B": "input",
            "Y": "output"
          },
          "connections": {
            "A": [ 143 ],
            "B": [ 73 ],
            "Y": [ 153 ]
          }
        },
        "$auto$opt_expr.cc:276:group_cell_inputs$74": {
          "hide_name": 1,
          "type": "$and",
          "parameters": {
            "A_SIGNED": "00000000000000000000000000000000",
            "A_WIDTH": "00000000000000000000000000001000",
            "B_SIGNED": "00000000000000000000000000000000",
            "B_WIDTH": "00000000000000000000000000001000",
            "Y_WIDTH": "00000000000000000000000000001000"
          },
          "attributes": {
          },
          "port_directions": {
            "A": "input",
            "B": "input",
            "Y": "output"
          },
          "connections": {
            "A": [ 52, 53, 54, 55, 56, 57, 58, 59 ],
            "B": [ 2, 3, 4, 5, 6, 7, 8, 9 ],
            "Y": [ 135, 136, 137, 138, 139, 140, 141, 142 ]
          }
        },
        "$auto$opt_expr.cc:276:group_cell_inputs$78": {
          "hide_name": 1,
          "type": "$and",
          "parameters": {
            "A_SIGNED": "00000000000000000000000000000000",
            "A_WIDTH": "00000000000000000000000000000100",
            "B_SIGNED": "00000000000000000000000000000000",
            "B_WIDTH": "00000000000000000000000000000100",
            "Y_WIDTH": "00000000000000000000000000000100"
          },
          "attributes": {
          },
          "port_directions": {
            "A": "input",
            "B": "input",
            "Y": "output"
          },
          "connections": {
            "A": [ 154, 155, 156, 157 ],
            "B": [ 158, 159, 160, 161 ],
            "Y": [ 162, 163, 164, 165 ]
          }
        },
        "$auto$opt_expr.cc:276:group_cell_inputs$92": {
          "hide_name": 1,
          "type": "$or",
          "parameters": {
            "A_SIGNED": "00000000000000000000000000000000",
            "A_WIDTH": "00000000000000000000000000000010",
            "B_SIGNED": "00000000000000000000000000000000",
            "B_WIDTH": "00000000000000000000000000000010",
            "Y_WIDTH": "00000000000000000000000000000010"
          },
          "attributes": {
          },
          "port_directions": {
            "A": "input",
            "B": "input",
            "Y": "output"
          },
          "connections": {
            "A": [ 69, 70 ],
            "B": [ 2, 3 ],
            "Y": [ 166, 167 ]
          }
        },
        "$auto$opt_expr.cc:615:replace_const_cells$144": {
          "hide_name": 1,
          "type": "$not",
          "parameters": {
            "A_SIGNED": "00000000000000000000000000000000",
            "A_WIDTH": "00000000000000000000000000000001",
            "Y_WIDTH": "00000000000000000000000000000001"
          },
          "attributes": {
          },
          "port_directions": {
            "A": "input",
            "Y": "output"
          },
          "connections": {
            "A": [ 168 ],
            "Y": [ 121 ]
          }
        },
        "$mul$designs/79/top.sv:25$3": {
          "hide_name": 1,
          "type": "$mul",
          "parameters": {
            "A_SIGNED": "00000000000000000000000000000000",
            "A_WIDTH": "00000000000000000000000000001000",
            "B_SIGNED": "00000000000000000000000000000000",
            "B_WIDTH": "00000000000000000000000000001000",
            "Y_WIDTH": "00000000000000000000000000010000"
          },
          "attributes": {
            "src": "designs/79/top.sv:25.24-25.85"
          },
          "port_directions": {
            "A": "input",
            "B": "input",
            "Y": "output"
          },
          "connections": {
            "A": [ 28, 29, 30, 31, 32, 33, 34, 35 ],
            "B": [ 2, 3, 4, 5, 6, 7, 8, 9 ],
            "Y": [ 36, 37, 38, 39, 40, 41, 42, 43, 44, 45, 46, 47, 48, 49, 50, 51 ]
          }
        },
        "$mul$designs/79/top.sv:27$7": {
          "hide_name": 1,
          "type": "$mul",
          "parameters": {
            "A_SIGNED": "00000000000000000000000000000000",
            "A_WIDTH": "00000000000000000000000000000101",
            "B_SIGNED": "00000000000000000000000000000000",
            "B_WIDTH": "00000000000000000000000000010001",
            "Y_WIDTH": "00000000000000000000000000000101"
          },
          "attributes": {
            "src": "designs/79/top.sv:27.41-27.82"
          },
          "port_directions": {
            "A": "input",
            "B": "input",
            "Y": "output"
          },
          "connections": {
            "A": [ 2, 3, 4, 5, 6 ],
            "B": [ 135, 136, 137, 138, 139, 140, 141, 142, "0", "0", "0", "0", "0", "0", "0", "0", "0" ],
            "Y": [ 154, 155, 156, 157, 169 ]
          }
        },
        "$mul$designs/79/top.sv:27$9": {
          "hide_name": 1,
          "type": "$mul",
          "parameters": {
            "A_SIGNED": "00000000000000000000000000000000",
            "A_WIDTH": "00000000000000000000000000000100",
            "B_SIGNED": "00000000000000000000000000000000",
            "B_WIDTH": "00000000000000000000000000000100",
            "Y_WIDTH": "00000000000000000000000000000101"
          },
          "attributes": {
            "src": "designs/79/top.sv:27.97-27.112"
          },
          "port_directions": {
            "A": "input",
            "B": "input",
            "Y": "output"
          },
          "connections": {
            "A": [ 158, 159, 160, 161 ],
            "B": [ 158, 159, 160, 161 ],
            "Y": [ 170, 171, 172, 173, 174 ]
          }
        },
        "$mul$designs/79/top.sv:33$29": {
          "hide_name": 1,
          "type": "$mul",
          "parameters": {
            "A_SIGNED": "00000000000000000000000000000000",
            "A_WIDTH": "00000000000000000000000000000110",
            "B_SIGNED": "00000000000000000000000000000000",
            "B_WIDTH": "00000000000000000000000000000111",
            "Y_WIDTH": "00000000000000000000000000000110"
          },
          "attributes": {
            "src": "designs/79/top.sv:33.23-33.63"
          },
          "port_directions": {
            "A": "input",
            "B": "input",
            "Y": "output"
          },
          "connections": {
            "A": [ 166, 167, 4, 5, 6, 7 ],
            "B": [ 81, 82, 83, 84, 85, 86, 87 ],
            "Y": [ 94, 95, 96, 97, 98, 99 ]
          }
        },
        "$not$designs/79/top.sv:25$1": {
          "hide_name": 1,
          "type": "$not",
          "parameters": {
            "A_SIGNED": "00000000000000000000000000000000",
            "A_WIDTH": "00000000000000000000000000001000",
            "Y_WIDTH": "00000000000000000000000000001000"
          },
          "attributes": {
            "src": "designs/79/top.sv:25.58-25.69"
          },
          "port_directions": {
            "A": "input",
            "Y": "output"
          },
          "connections": {
            "A": [ 2, 3, 4, 5, 6, 7, 8, 9 ],
            "Y": [ 20, 21, 22, 23, 24, 25, 26, 27 ]
          }
        },
        "$not$designs/79/top.sv:28$13": {
          "hide_name": 1,
          "type": "$not",
          "parameters": {
            "A_SIGNED": "00000000000000000000000000000000",
            "A_WIDTH": "00000000000000000000000000000111",
            "Y_WIDTH": "00000000000000000000000000000111"
          },
          "attributes": {
            "src": "designs/79/top.sv:28.87-28.94"
          },
          "port_directions": {
            "A": "input",
            "Y": "output"
          },
          "connections": {
            "A": [ 135, 136, 137, 138, 139, 140, 141 ],
            "Y": [ 74, 75, 76, 77, 78, 79, 80 ]
          }
        },
        "$not$designs/79/top.sv:30$21": {
          "hide_name": 1,
          "type": "$not",
          "parameters": {
            "A_SIGNED": "00000000000000000000000000000000",
            "A_WIDTH": "00000000000000000000000000000100",
            "Y_WIDTH": "00000000000000000000000000000100"
          },
          "attributes": {
            "src": "designs/79/top.sv:30.70-30.86"
          },
          "port_directions": {
            "A": "input",
            "Y": "output"
          },
          "connections": {
            "A": [ 5, 6, 7, 8 ],
            "Y": [ 175, 176, 177, 178 ]
          }
        },
        "$not$designs/79/top.sv:38$45": {
          "hide_name": 1,
          "type": "$not",
          "parameters": {
            "A_SIGNED": "00000000000000000000000000000000",
            "A_WIDTH": "00000000000000000000000000000110",
            "Y_WIDTH": "00000000000000000000000000000110"
          },
          "attributes": {
            "src": "designs/79/top.sv:38.87-38.94"
          },
          "port_directions": {
            "A": "input",
            "Y": "output"
          },
          "connections": {
            "A": [ 81, 82, 83, 84, 85, 86 ],
            "Y": [ 179, 180, 181, 182, 183, 184 ]
          }
        },
        "$not$designs/79/top.sv:40$51": {
          "hide_name": 1,
          "type": "$not",
          "parameters": {
            "A_SIGNED": "00000000000000000000000000000000",
            "A_WIDTH": "00000000000000000000000000000100",
            "Y_WIDTH": "00000000000000000000000000000100"
          },
          "attributes": {
            "src": "designs/79/top.sv:40.44-40.51"
          },
          "port_directions": {
            "A": "input",
            "Y": "output"
          },
          "connections": {
            "A": [ 100, 101, 102, 103 ],
            "Y": [ 107, 108, 109, 110 ]
          }
        },
        "$or$designs/79/top.sv:30$20": {
          "hide_name": 1,
          "type": "$or",
          "parameters": {
            "A_SIGNED": "00000000000000000000000000000000",
            "A_WIDTH": "00000000000000000000000000000100",
            "B_SIGNED": "00000000000000000000000000000000",
            "B_WIDTH": "00000000000000000000000000000100",
            "Y_WIDTH": "00000000000000000000000000000100"
          },
          "attributes": {
            "src": "designs/79/top.sv:30.31-30.64"
          },
          "port_directions": {
            "A": "input",
            "B": "input",
            "Y": "output"
          },
          "connections": {
            "A": [ 3, 4, 5, 6 ],
            "B": [ 3, 4, 5, 6 ],
            "Y": [ 185, 186, 187, 188 ]
          }
        },
        "$or$designs/79/top.sv:38$47": {
          "hide_name": 1,
          "type": "$or",
          "parameters": {
            "A_SIGNED": "00000000000000000000000000000000",
            "A_WIDTH": "00000000000000000000000000000110",
            "B_SIGNED": "00000000000000000000000000000000",
            "B_WIDTH": "00000000000000000000000000000110",
            "Y_WIDTH": "00000000000000000000000000000110"
          },
          "attributes": {
            "src": "designs/79/top.sv:38.23-38.106"
          },
          "port_directions": {
            "A": "input",
            "B": "input",
            "Y": "output"
          },
          "connections": {
            "A": [ 179, 180, 181, 182, 183, 184 ],
            "B": [ 135, 136, 137, 138, 139, 140 ],
            "Y": [ 189, 190, 191, 192, 193, 194 ]
          }
        },
        "$or$designs/79/top.sv:41$56": {
          "hide_name": 1,
          "type": "$or",
          "parameters": {
            "A_SIGNED": "00000000000000000000000000000000",
            "A_WIDTH": "00000000000000000000000000000100",
            "B_SIGNED": "00000000000000000000000000000000",
            "B_WIDTH": "00000000000000000000000000000100",
            "Y_WIDTH": "00000000000000000000000000000100"
          },
          "attributes": {
            "src": "designs/79/top.sv:41.51-41.72"
          },
          "port_directions": {
            "A": "input",
            "B": "input",
            "Y": "output"
          },
          "connections": {
            "A": [ 117, 118, 119, 120 ],
            "B": [ 158, 159, 160, 161 ],
            "Y": [ 168, 122, 123, 124 ]
          }
        },
        "$sub$designs/79/top.sv:34$31": {
          "hide_name": 1,
          "type": "$sub",
          "parameters": {
            "A_SIGNED": "00000000000000000000000000000000",
            "A_WIDTH": "00000000000000000000000000000011",
            "B_SIGNED": "00000000000000000000000000000000",
            "B_WIDTH": "00000000000000000000000000000011",
            "Y_WIDTH": "00000000000000000000000000000100"
          },
          "attributes": {
            "src": "designs/79/top.sv:34.22-34.48"
          },
          "port_directions": {
            "A": "input",
            "B": "input",
            "Y": "output"
          },
          "connections": {
            "A": [ 91, 92, 93 ],
            "B": [ 91, 92, 93 ],
            "Y": [ 151, 152, 195, 196 ]
          }
        },
        "$sub$designs/79/top.sv:39$48": {
          "hide_name": 1,
          "type": "$sub",
          "parameters": {
            "A_SIGNED": "00000000000000000000000000000000",
            "A_WIDTH": "00000000000000000000000000001000",
            "B_SIGNED": "00000000000000000000000000000000",
            "B_WIDTH": "00000000000000000000000000000110",
            "Y_WIDTH": "00000000000000000000000000001000"
          },
          "attributes": {
            "src": "designs/79/top.sv:39.49-39.80"
          },
          "port_directions": {
            "A": "input",
            "B": "input",
            "Y": "output"
          },
          "connections": {
            "A": [ 2, 3, 4, 5, 6, 7, 8, 9 ],
            "B": [ 189, 190, 191, 192, 193, 194 ],
            "Y": [ 197, 198, 199, 200, 201, 202, 203, 204 ]
          }
        },
        "$sub$designs/79/top.sv:39$49": {
          "hide_name": 1,
          "type": "$sub",
          "parameters": {
            "A_SIGNED": "00000000000000000000000000000000",
            "A_WIDTH": "00000000000000000000000000001000",
            "B_SIGNED": "00000000000000000000000000000000",
            "B_WIDTH": "00000000000000000000000000001000",
            "Y_WIDTH": "00000000000000000000000000001001"
          },
          "attributes": {
            "src": "designs/79/top.sv:39.40-39.92"
          },
          "port_directions": {
            "A": "input",
            "B": "input",
            "Y": "output"
          },
          "connections": {
            "A": [ 197, 198, 199, 200, 201, 202, 203, 204 ],
            "B": [ 2, 3, 4, 5, 6, 7, 8, 9 ],
            "Y": [ 205, 206, 207, 208, 209, 210, 211, 212, 213 ]
          }
        },
        "$sub$designs/79/top.sv:44$66": {
          "hide_name": 1,
          "type": "$sub",
          "parameters": {
            "A_SIGNED": "00000000000000000000000000000000",
            "A_WIDTH": "00000000000000000000000000001010",
            "B_SIGNED": "00000000000000000000000000000000",
            "B_WIDTH": "00000000000000000000000000000101",
            "Y_WIDTH": "00000000000000000000000000001010"
          },
          "attributes": {
            "src": "designs/79/top.sv:44.36-44.52"
          },
          "port_directions": {
            "A": "input",
            "B": "input",
            "Y": "output"
          },
          "connections": {
            "A": [ "1", 206, 207, 208, 209, 210, 211, 212, 213, 213 ],
            "B": [ 69, 70, 71, 72, 73 ],
            "Y": [ 214, 215, 216, 217, 218, 219, 220, 221, 222, 223 ]
          }
        },
        "$sub$designs/79/top.sv:44$67": {
          "hide_name": 1,
          "type": "$sub",
          "parameters": {
            "A_SIGNED": "00000000000000000000000000000000",
            "A_WIDTH": "00000000000000000000000000001010",
            "B_SIGNED": "00000000000000000000000000000000",
            "B_WIDTH": "00000000000000000000000000001000",
            "Y_WIDTH": "00000000000000000000000000001010"
          },
          "attributes": {
            "src": "designs/79/top.sv:44.27-44.64"
          },
          "port_directions": {
            "A": "input",
            "B": "input",
            "Y": "output"
          },
          "connections": {
            "A": [ 214, 215, 216, 217, 218, 219, 220, 221, 222, 223 ],
            "B": [ 153, 144, 145, 146, 147, 148, 149, 150 ],
            "Y": [ 10, 11, 12, 13, 14, 15, 16, 17, 18, 19 ]
          }
        },
        "$ternary$designs/79/top.sv:27$10": {
          "hide_name": 1,
          "type": "$mux",
          "parameters": {
            "WIDTH": "00000000000000000000000000000101"
          },
          "attributes": {
            "src": "designs/79/top.sv:27.21-27.113"
          },
          "port_directions": {
            "A": "input",
            "B": "input",
            "S": "input",
            "Y": "output"
          },
          "connections": {
            "A": [ 170, 171, 172, 173, 174 ],
            "B": [ 162, 163, 164, 165, "0" ],
            "S": [ 7 ],
            "Y": [ 69, 70, 71, 72, 73 ]
          }
        },
        "$xor$designs/79/top.sv:26$6": {
          "hide_name": 1,
          "type": "$xor",
          "parameters": {
            "A_SIGNED": "00000000000000000000000000000000",
            "A_WIDTH": "00000000000000000000000000000100",
            "B_SIGNED": "00000000000000000000000000000000",
            "B_WIDTH": "00000000000000000000000000000100",
            "Y_WIDTH": "00000000000000000000000000000100"
          },
          "attributes": {
            "src": "designs/79/top.sv:26.22-26.64"
          },
          "port_directions": {
            "A": "input",
            "B": "input",
            "Y": "output"
          },
          "connections": {
            "A": [ 4, 5, 6, 7 ],
            "B": [ 2, 3, 4, 5 ],
            "Y": [ 158, 159, 160, 161 ]
          }
        },
        "$xor$designs/79/top.sv:30$22": {
          "hide_name": 1,
          "type": "$xor",
          "parameters": {
            "A_SIGNED": "00000000000000000000000000000000",
            "A_WIDTH": "00000000000000000000000000000100",
            "B_SIGNED": "00000000000000000000000000000000",
            "B_WIDTH": "00000000000000000000000000000100",
            "Y_WIDTH": "00000000000000000000000000000100"
          },
          "attributes": {
            "src": "designs/79/top.sv:30.22-30.87"
          },
          "port_directions": {
            "A": "input",
            "B": "input",
            "Y": "output"
          },
          "connections": {
            "A": [ 185, 186, 187, 188 ],
            "B": [ 175, 176, 177, 178 ],
            "Y": [ 88, 89, 90, 106 ]
          }
        }
      },
      "netnames": {
        "$add$designs/79/top.sv:25$2_Y": {
          "hide_name": 1,
          "bits": [ 28, 29, 30, 31, 32, 33, 34, 35 ],
          "attributes": {
            "src": "designs/79/top.sv:25.35-25.70"
          }
        },
        "$add$designs/79/top.sv:25$4_Y": {
          "hide_name": 1,
          "bits": [ 52, 53, 54, 55, 56, 57, 58, 59, 60, 61, 62, 63, 64, 65, 66, 67, 68, "0", "0", "0", "0", "0", "0", "0", "0", "0" ],
          "attributes": {
            "src": "designs/79/top.sv:25.23-25.99",
            "unused_bits": "8 9 10 11 12 13 14 15 16"
          }
        },
        "$add$designs/79/top.sv:40$52_Y": {
          "hide_name": 1,
          "bits": [ 111, 112, 113, 114, 224, 225 ],
          "attributes": {
            "src": "designs/79/top.sv:40.34-40.52",
            "unused_bits": "4 5"
          }
        },
        "$add$designs/79/top.sv:41$60_Y": {
          "hide_name": 1,
          "bits": [ 127, 128, 129, 130, 131, 132, 133, 134 ],
          "attributes": {
          }
        },
        "$and$designs/79/top.sv:27$8_Y": {
          "hide_name": 1,
          "bits": [ 162, 163, 164, 165, "0", 226, 227, 228, 229, 230, 231, 232, 233, 234, 235, 236, 237, 238, 239, 240, 241, 242, "0", "0" ],
          "attributes": {
            "src": "designs/79/top.sv:27.40-27.92",
            "unused_bits": "5 6 7 8 9 10 11 12 13 14 15 16 17 18 19 20 21"
          }
        },
        "$and$designs/79/top.sv:41$61_Y": {
          "hide_name": 1,
          "bits": [ 143, 144, 145, 146, 147, 148, 149, 150 ],
          "attributes": {
          }
        },
        "$auto$opt_expr.cc:205:group_cell_inputs$114": {
          "hide_name": 1,
          "bits": [ 115, 116 ],
          "attributes": {
          }
        },
        "$auto$opt_expr.cc:205:group_cell_inputs$118": {
          "hide_name": 1,
          "bits": [ 121 ],
          "attributes": {
          }
        },
        "$auto$opt_expr.cc:205:group_cell_inputs$120": {
          "hide_name": 1,
          "bits": [ 122, 123, 124 ],
          "attributes": {
          }
        },
        "$auto$opt_expr.cc:205:group_cell_inputs$121": {
          "hide_name": 1,
          "bits": [ 125, 126 ],
          "attributes": {
          }
        },
        "$auto$opt_expr.cc:205:group_cell_inputs$91": {
          "hide_name": 1,
          "bits": [ 166, 167 ],
          "attributes": {
          }
        },
        "$auto$wreduce.cc:514:run$68": {
          "hide_name": 1,
          "bits": [ 214, 215, 216, 217, 218, 219, 220, 221, 222, 223, 243, 244, 245, 246, 247, 248, 249, 250, 251, 252, 253, 254, 255, 256, 257, 258, 259, 260 ],
          "attributes": {
            "src": "designs/79/top.sv:44.36-44.52",
            "unused_bits": "10 11 12 13 14 15 16 17 18 19 20 21 22 23 24 25 26 27"
          }
        },
        "$mul$designs/79/top.sv:25$3_Y": {
          "hide_name": 1,
          "bits": [ 36, 37, 38, 39, 40, 41, 42, 43, 44, 45, 46, 47, 48, 49, 50, 51, "0", "0", "0", "0", "0", "0", "0", "0", "0", "0" ],
          "attributes": {
            "src": "designs/79/top.sv:25.24-25.85"
          }
        },
        "$mul$designs/79/top.sv:27$7_Y": {
          "hide_name": 1,
          "bits": [ 154, 155, 156, 157, 169, 261, 262, 263, 264, 265, 266, 267, 268, 269, 270, 271, 272, 273, 274, 275, 276, 277, "0", "0" ],
          "attributes": {
            "src": "designs/79/top.sv:27.41-27.82",
            "unused_bits": "4 5 6 7 8 9 10 11 12 13 14 15 16 17 18 19 20 21"
          }
        },
        "$mul$designs/79/top.sv:27$9_Y": {
          "hide_name": 1,
          "bits": [ 170, 171, 172, 173, 174, 278, 279, 280, "0", "0", "0", "0", "0", "0", "0", "0", "0", "0", "0", "0", "0", "0", "0", "0" ],
          "attributes": {
            "src": "designs/79/top.sv:27.97-27.112",
            "unused_bits": "5 6 7"
          }
        },
        "$mul$designs/79/top.sv:33$29_Y": {
          "hide_name": 1,
          "bits": [ 94, 95, 96, 97, 98, 99, 281 ],
          "attributes": {
            "src": "designs/79/top.sv:33.23-33.63",
            "unused_bits": "6"
          }
        },
        "$not$designs/79/top.sv:25$1_Y": {
          "hide_name": 1,
          "bits": [ 20, 21, 22, 23, 24, 25, 26, 27 ],
          "attributes": {
            "src": "designs/79/top.sv:25.58-25.69"
          }
        },
        "$not$designs/79/top.sv:28$13_Y": {
          "hide_name": 1,
          "bits": [ 74, 75, 76, 77, 78, 79, 80, 282, 283, 284, 285, 286, 287, 288, 289, 290, 291, 292, 293, 294, 295, 296, 297, 298, 299, 300 ],
          "attributes": {
            "src": "designs/79/top.sv:28.87-28.94",
            "unused_bits": "7 8 9 10 11 12 13 14 15 16 17 18 19 20 21 22 23 24 25"
          }
        },
        "$not$designs/79/top.sv:30$21_Y": {
          "hide_name": 1,
          "bits": [ 175, 176, 177, 178 ],
          "attributes": {
            "src": "designs/79/top.sv:30.70-30.86"
          }
        },
        "$not$designs/79/top.sv:38$45_Y": {
          "hide_name": 1,
          "bits": [ 179, 180, 181, 182, 183, 184, 301 ],
          "attributes": {
            "src": "designs/79/top.sv:38.87-38.94",
            "unused_bits": "6"
          }
        },
        "$not$designs/79/top.sv:40$51_Y": {
          "hide_name": 1,
          "bits": [ 107, 108, 109, 110, 302, 303 ],
          "attributes": {
            "src": "designs/79/top.sv:40.44-40.51",
            "unused_bits": "4 5"
          }
        },
        "$or$designs/79/top.sv:30$20_Y": {
          "hide_name": 1,
          "bits": [ 185, 186, 187, 188 ],
          "attributes": {
            "src": "designs/79/top.sv:30.31-30.64"
          }
        },
        "$or$designs/79/top.sv:41$56_Y": {
          "hide_name": 1,
          "bits": [ 168, 122, 123, 124, "0", "0", "0", "0", "0", "0", "0", "0", "0", "0", "0", "0", "0", "0", "0", "0", "0", "0", "0", "0" ],
          "attributes": {
            "src": "designs/79/top.sv:41.51-41.72"
          }
        },
        "$sub$designs/79/top.sv:39$48_Y": {
          "hide_name": 1,
          "bits": [ 197, 198, 199, 200, 201, 202, 203, 204 ],
          "attributes": {
            "src": "designs/79/top.sv:39.49-39.80"
          }
        },
        "$sub$designs/79/top.sv:39$49_Y": {
          "hide_name": 1,
          "bits": [ 205, 206, 207, 208, 209, 210, 211, 212, 213, 213, 213, 213, 213, 213, 213, 213, 213, 213, 213, 213, 213, 213, 213, 213, 213, 213, 213 ],
          "attributes": {
            "src": "designs/79/top.sv:39.40-39.92",
            "unused_bits": "0 "
          }
        },
        "input_data": {
          "hide_name": 0,
          "bits": [ 2, 3, 4, 5, 6, 7, 8, 9 ],
          "attributes": {
            "src": "designs/79/top.sv:2.17-2.27"
          }
        },
        "output_data": {
          "hide_name": 0,
          "bits": [ 10, 11, 12, 13, 14, 15, 16, 17, 18, 19 ],
          "attributes": {
            "src": "designs/79/top.sv:3.18-3.29"
          }
        },
        "temp_0": {
          "hide_name": 0,
          "bits": [ 135, 136, 137, 138, 139, 140, 141, 142, "0", "0", "0", "0", "0", "0", "0", "0", "0", "0", "0", "0", "0", "0", "0", "0", "0", "0" ],
          "attributes": {
            "src": "designs/79/top.sv:6.18-6.24"
          }
        },
        "temp_1": {
          "hide_name": 0,
          "bits": [ 158, 159, 160, 161 ],
          "attributes": {
            "src": "designs/79/top.sv:7.17-7.23"
          }
        },
        "temp_13": {
          "hide_name": 0,
          "bits": [ 189, 190, 191, 192, 193, 194 ],
          "attributes": {
            "src": "designs/79/top.sv:19.17-19.24"
          }
        },
        "temp_14": {
          "hide_name": 0,
          "bits": [ "1", 206, 207, 208, 209, 210, 211, 212, 213, 213, "x", "x", "x", "x", "x", "x", "x", "x", "x", "x", "x", "x", "x", "x", "x", "x", "x", "x" ],
          "attributes": {
            "src": "designs/79/top.sv:20.18-20.25"
          }
        },
        "temp_15": {
          "hide_name": 0,
          "bits": [ 117, 118, 119, 120 ],
          "attributes": {
            "src": "designs/79/top.sv:21.17-21.24"
          }
        },
        "temp_16": {
          "hide_name": 0,
          "bits": [ 153, 144, 145, 146, 147, 148, 149, 150 ],
          "attributes": {
            "src": "designs/79/top.sv:22.17-22.24"
          }
        },
        "temp_2": {
          "hide_name": 0,
          "bits": [ 69, 70, 71, 72, 73 ],
          "attributes": {
            "src": "designs/79/top.sv:8.17-8.23"
          }
        },
        "temp_3": {
          "hide_name": 0,
          "bits": [ 81, 82, 83, 84, 85, 86, 87 ],
          "attributes": {
            "src": "designs/79/top.sv:9.17-9.23"
          }
        },
        "temp_5": {
          "hide_name": 0,
          "bits": [ 88, 89, 90, 106 ],
          "attributes": {
            "src": "designs/79/top.sv:11.17-11.23"
          }
        },
        "temp_7": {
          "hide_name": 0,
          "bits": [ 91, 92, 93 ],
          "attributes": {
            "src": "designs/79/top.sv:13.17-13.23"
          }
        },
        "temp_8": {
          "hide_name": 0,
          "bits": [ 100, 101, 102, 103, 104, 105 ],
          "attributes": {
            "src": "designs/79/top.sv:14.17-14.23",
            "unused_bits": "4 5"
          }
        },
        "temp_9": {
          "hide_name": 0,
          "bits": [ 151, 152, 195, 196, 196, 196, 196, 196, 196, 196, 196, 196, 196, 196, 196, 196, 196, 196, 196, 196, 196, 196, 196, 196, 196, 196, 196, 196 ],
          "attributes": {
            "src": "designs/79/top.sv:15.18-15.24",
            "unused_bits": "2 3 4 5 6 7 8 9 10 11 12 13 14 15 16 17 18 19 20 21 22 23 24 25 26 27"
          }
        }
      }
    }
  }
}
