{
  "creator": "Yosys 0.60 (git sha1 5bafeb77dc71e054fa331ab9efa613e6fb0a1c49, clang++ 17.0.0 -fPIC -O3)",
  "modules": {
    "top": {
      "attributes": {
        "top": "00000000000000000000000000000001",
        "src": "designs/170/top.sv:1.1-40.10"
      },
      "ports": {
        "input_data": {
          "direction": "input",
          "bits": [ 2, 3, 4 ]
        },
        "output_data": {
          "direction": "output",
          "bits": [ 5, 6, 7, 8, 9, 10 ]
        }
      },
      "cells": {
        "$auto$opt_expr.cc:250:group_cell_inputs$121": {
          "hide_name": 1,
          "type": "$not",
          "parameters": {
            "A_SIGNED": "00000000000000000000000000000000",
            "A_WIDTH": "00000000000000000000000000000001",
            "Y_WIDTH": "00000000000000000000000000000001"
          },
          "attributes": {
          },
          "port_directions": {
            "A": "input",
            "Y": "output"
          },
          "connections": {
            "A": [ 11 ],
            "Y": [ 12 ]
          }
        },
        "$auto$opt_expr.cc:250:group_cell_inputs$123": {
          "hide_name": 1,
          "type": "$not",
          "parameters": {
            "A_SIGNED": "00000000000000000000000000000000",
            "A_WIDTH": "00000000000000000000000000000001",
            "Y_WIDTH": "00000000000000000000000000000001"
          },
          "attributes": {
          },
          "port_directions": {
            "A": "input",
            "Y": "output"
          },
          "connections": {
            "A": [ 13 ],
            "Y": [ 14 ]
          }
        },
        "$auto$opt_expr.cc:250:group_cell_inputs$125": {
          "hide_name": 1,
          "type": "$not",
          "parameters": {
            "A_SIGNED": "00000000000000000000000000000000",
            "A_WIDTH": "00000000000000000000000000000001",
            "Y_WIDTH": "00000000000000000000000000000001"
          },
          "attributes": {
          },
          "port_directions": {
            "A": "input",
            "Y": "output"
          },
          "connections": {
            "A": [ 15 ],
            "Y": [ 16 ]
          }
        },
        "$auto$opt_expr.cc:250:group_cell_inputs$127": {
          "hide_name": 1,
          "type": "$not",
          "parameters": {
            "A_SIGNED": "00000000000000000000000000000000",
            "A_WIDTH": "00000000000000000000000000000001",
            "Y_WIDTH": "00000000000000000000000000000001"
          },
          "attributes": {
          },
          "port_directions": {
            "A": "input",
            "Y": "output"
          },
          "connections": {
            "A": [ 17 ],
            "Y": [ 18 ]
          }
        },
        "$auto$opt_expr.cc:250:group_cell_inputs$129": {
          "hide_name": 1,
          "type": "$not",
          "parameters": {
            "A_SIGNED": "00000000000000000000000000000000",
            "A_WIDTH": "00000000000000000000000000000001",
            "Y_WIDTH": "00000000000000000000000000000001"
          },
          "attributes": {
          },
          "port_directions": {
            "A": "input",
            "Y": "output"
          },
          "connections": {
            "A": [ 19 ],
            "Y": [ 20 ]
          }
        },
        "$auto$opt_expr.cc:250:group_cell_inputs$131": {
          "hide_name": 1,
          "type": "$not",
          "parameters": {
            "A_SIGNED": "00000000000000000000000000000000",
            "A_WIDTH": "00000000000000000000000000000001",
            "Y_WIDTH": "00000000000000000000000000000001"
          },
          "attributes": {
          },
          "port_directions": {
            "A": "input",
            "Y": "output"
          },
          "connections": {
            "A": [ 21 ],
            "Y": [ 22 ]
          }
        },
        "$auto$opt_expr.cc:250:group_cell_inputs$133": {
          "hide_name": 1,
          "type": "$not",
          "parameters": {
            "A_SIGNED": "00000000000000000000000000000000",
            "A_WIDTH": "00000000000000000000000000000001",
            "Y_WIDTH": "00000000000000000000000000000001"
          },
          "attributes": {
          },
          "port_directions": {
            "A": "input",
            "Y": "output"
          },
          "connections": {
            "A": [ 23 ],
            "Y": [ 24 ]
          }
        },
        "$auto$opt_expr.cc:250:group_cell_inputs$135": {
          "hide_name": 1,
          "type": "$not",
          "parameters": {
            "A_SIGNED": "00000000000000000000000000000000",
            "A_WIDTH": "00000000000000000000000000000001",
            "Y_WIDTH": "00000000000000000000000000000001"
          },
          "attributes": {
          },
          "port_directions": {
            "A": "input",
            "Y": "output"
          },
          "connections": {
            "A": [ 25 ],
            "Y": [ 26 ]
          }
        },
        "$auto$opt_expr.cc:250:group_cell_inputs$137": {
          "hide_name": 1,
          "type": "$not",
          "parameters": {
            "A_SIGNED": "00000000000000000000000000000000",
            "A_WIDTH": "00000000000000000000000000000001",
            "Y_WIDTH": "00000000000000000000000000000001"
          },
          "attributes": {
          },
          "port_directions": {
            "A": "input",
            "Y": "output"
          },
          "connections": {
            "A": [ 27 ],
            "Y": [ 28 ]
          }
        },
        "$auto$opt_expr.cc:250:group_cell_inputs$139": {
          "hide_name": 1,
          "type": "$not",
          "parameters": {
            "A_SIGNED": "00000000000000000000000000000000",
            "A_WIDTH": "00000000000000000000000000000001",
            "Y_WIDTH": "00000000000000000000000000000001"
          },
          "attributes": {
          },
          "port_directions": {
            "A": "input",
            "Y": "output"
          },
          "connections": {
            "A": [ 29 ],
            "Y": [ 30 ]
          }
        },
        "$auto$opt_expr.cc:250:group_cell_inputs$141": {
          "hide_name": 1,
          "type": "$not",
          "parameters": {
            "A_SIGNED": "00000000000000000000000000000000",
            "A_WIDTH": "00000000000000000000000000000001",
            "Y_WIDTH": "00000000000000000000000000000001"
          },
          "attributes": {
          },
          "port_directions": {
            "A": "input",
            "Y": "output"
          },
          "connections": {
            "A": [ 31 ],
            "Y": [ 32 ]
          }
        },
        "$auto$opt_expr.cc:250:group_cell_inputs$143": {
          "hide_name": 1,
          "type": "$not",
          "parameters": {
            "A_SIGNED": "00000000000000000000000000000000",
            "A_WIDTH": "00000000000000000000000000000001",
            "Y_WIDTH": "00000000000000000000000000000001"
          },
          "attributes": {
          },
          "port_directions": {
            "A": "input",
            "Y": "output"
          },
          "connections": {
            "A": [ 33 ],
            "Y": [ 34 ]
          }
        },
        "$auto$opt_expr.cc:250:group_cell_inputs$145": {
          "hide_name": 1,
          "type": "$not",
          "parameters": {
            "A_SIGNED": "00000000000000000000000000000000",
            "A_WIDTH": "00000000000000000000000000000001",
            "Y_WIDTH": "00000000000000000000000000000001"
          },
          "attributes": {
          },
          "port_directions": {
            "A": "input",
            "Y": "output"
          },
          "connections": {
            "A": [ 35 ],
            "Y": [ 36 ]
          }
        },
        "$auto$opt_expr.cc:250:group_cell_inputs$147": {
          "hide_name": 1,
          "type": "$not",
          "parameters": {
            "A_SIGNED": "00000000000000000000000000000000",
            "A_WIDTH": "00000000000000000000000000000001",
            "Y_WIDTH": "00000000000000000000000000000001"
          },
          "attributes": {
          },
          "port_directions": {
            "A": "input",
            "Y": "output"
          },
          "connections": {
            "A": [ 37 ],
            "Y": [ 38 ]
          }
        },
        "$auto$opt_expr.cc:250:group_cell_inputs$149": {
          "hide_name": 1,
          "type": "$not",
          "parameters": {
            "A_SIGNED": "00000000000000000000000000000000",
            "A_WIDTH": "00000000000000000000000000000001",
            "Y_WIDTH": "00000000000000000000000000000001"
          },
          "attributes": {
          },
          "port_directions": {
            "A": "input",
            "Y": "output"
          },
          "connections": {
            "A": [ 39 ],
            "Y": [ 40 ]
          }
        },
        "$auto$opt_expr.cc:250:group_cell_inputs$151": {
          "hide_name": 1,
          "type": "$not",
          "parameters": {
            "A_SIGNED": "00000000000000000000000000000000",
            "A_WIDTH": "00000000000000000000000000000001",
            "Y_WIDTH": "00000000000000000000000000000001"
          },
          "attributes": {
          },
          "port_directions": {
            "A": "input",
            "Y": "output"
          },
          "connections": {
            "A": [ 41 ],
            "Y": [ 42 ]
          }
        },
        "$auto$opt_expr.cc:250:group_cell_inputs$153": {
          "hide_name": 1,
          "type": "$not",
          "parameters": {
            "A_SIGNED": "00000000000000000000000000000000",
            "A_WIDTH": "00000000000000000000000000000001",
            "Y_WIDTH": "00000000000000000000000000000001"
          },
          "attributes": {
          },
          "port_directions": {
            "A": "input",
            "Y": "output"
          },
          "connections": {
            "A": [ 43 ],
            "Y": [ 44 ]
          }
        },
        "$auto$opt_expr.cc:250:group_cell_inputs$155": {
          "hide_name": 1,
          "type": "$not",
          "parameters": {
            "A_SIGNED": "00000000000000000000000000000000",
            "A_WIDTH": "00000000000000000000000000000001",
            "Y_WIDTH": "00000000000000000000000000000001"
          },
          "attributes": {
          },
          "port_directions": {
            "A": "input",
            "Y": "output"
          },
          "connections": {
            "A": [ 45 ],
            "Y": [ 46 ]
          }
        },
        "$auto$opt_expr.cc:250:group_cell_inputs$157": {
          "hide_name": 1,
          "type": "$not",
          "parameters": {
            "A_SIGNED": "00000000000000000000000000000000",
            "A_WIDTH": "00000000000000000000000000000001",
            "Y_WIDTH": "00000000000000000000000000000001"
          },
          "attributes": {
          },
          "port_directions": {
            "A": "input",
            "Y": "output"
          },
          "connections": {
            "A": [ 47 ],
            "Y": [ 48 ]
          }
        },
        "$auto$opt_expr.cc:250:group_cell_inputs$159": {
          "hide_name": 1,
          "type": "$not",
          "parameters": {
            "A_SIGNED": "00000000000000000000000000000000",
            "A_WIDTH": "00000000000000000000000000000001",
            "Y_WIDTH": "00000000000000000000000000000001"
          },
          "attributes": {
          },
          "port_directions": {
            "A": "input",
            "Y": "output"
          },
          "connections": {
            "A": [ 49 ],
            "Y": [ 50 ]
          }
        },
        "$auto$opt_expr.cc:250:group_cell_inputs$161": {
          "hide_name": 1,
          "type": "$not",
          "parameters": {
            "A_SIGNED": "00000000000000000000000000000000",
            "A_WIDTH": "00000000000000000000000000000001",
            "Y_WIDTH": "00000000000000000000000000000001"
          },
          "attributes": {
          },
          "port_directions": {
            "A": "input",
            "Y": "output"
          },
          "connections": {
            "A": [ 51 ],
            "Y": [ 52 ]
          }
        },
        "$auto$opt_expr.cc:250:group_cell_inputs$163": {
          "hide_name": 1,
          "type": "$not",
          "parameters": {
            "A_SIGNED": "00000000000000000000000000000000",
            "A_WIDTH": "00000000000000000000000000000001",
            "Y_WIDTH": "00000000000000000000000000000001"
          },
          "attributes": {
          },
          "port_directions": {
            "A": "input",
            "Y": "output"
          },
          "connections": {
            "A": [ 53 ],
            "Y": [ 54 ]
          }
        },
        "$auto$opt_expr.cc:276:group_cell_inputs$106": {
          "hide_name": 1,
          "type": "$xor",
          "parameters": {
            "A_SIGNED": "00000000000000000000000000000000",
            "A_WIDTH": "00000000000000000000000000000010",
            "B_SIGNED": "00000000000000000000000000000000",
            "B_WIDTH": "00000000000000000000000000000010",
            "Y_WIDTH": "00000000000000000000000000000010"
          },
          "attributes": {
          },
          "port_directions": {
            "A": "input",
            "B": "input",
            "Y": "output"
          },
          "connections": {
            "A": [ 55, 56 ],
            "B": [ 57, 58 ],
            "Y": [ 59, 60 ]
          }
        },
        "$auto$opt_expr.cc:276:group_cell_inputs$109": {
          "hide_name": 1,
          "type": "$xor",
          "parameters": {
            "A_SIGNED": "00000000000000000000000000000000",
            "A_WIDTH": "00000000000000000000000000001110",
            "B_SIGNED": "00000000000000000000000000000000",
            "B_WIDTH": "00000000000000000000000000001110",
            "Y_WIDTH": "00000000000000000000000000001110"
          },
          "attributes": {
          },
          "port_directions": {
            "A": "input",
            "B": "input",
            "Y": "output"
          },
          "connections": {
            "A": [ 61, 62, 63, 64, 65, 66, 67, 68, 69, 70, 71, 72, 73, 74 ],
            "B": [ 75, 76, 77, 78, 79, 80, 81, 82, 83, 84, 85, 86, 87, 88 ],
            "Y": [ 89, 90, 91, 92, 93, 94, 95, 96, 97, 98, 99, 100, 101, 102 ]
          }
        },
        "$auto$opt_expr.cc:276:group_cell_inputs$112": {
          "hide_name": 1,
          "type": "$xor",
          "parameters": {
            "A_SIGNED": "00000000000000000000000000000000",
            "A_WIDTH": "00000000000000000000000000000110",
            "B_SIGNED": "00000000000000000000000000000000",
            "B_WIDTH": "00000000000000000000000000000110",
            "Y_WIDTH": "00000000000000000000000000000110"
          },
          "attributes": {
          },
          "port_directions": {
            "A": "input",
            "B": "input",
            "Y": "output"
          },
          "connections": {
            "A": [ 89, 90, 91, 92, 93, 94 ],
            "B": [ 103, 104, 105, 106, 107, 108 ],
            "Y": [ 109, 110, 111, 112, 113, 114 ]
          }
        },
        "$auto$opt_expr.cc:276:group_cell_inputs$115": {
          "hide_name": 1,
          "type": "$not",
          "parameters": {
            "A_SIGNED": "00000000000000000000000000000000",
            "A_WIDTH": "00000000000000000000000000000010",
            "Y_WIDTH": "00000000000000000000000000000010"
          },
          "attributes": {
          },
          "port_directions": {
            "A": "input",
            "Y": "output"
          },
          "connections": {
            "A": [ 103, 105 ],
            "Y": [ 115, 116 ]
          }
        },
        "$auto$opt_expr.cc:276:group_cell_inputs$119": {
          "hide_name": 1,
          "type": "$xor",
          "parameters": {
            "A_SIGNED": "00000000000000000000000000000000",
            "A_WIDTH": "00000000000000000000000000000110",
            "B_SIGNED": "00000000000000000000000000000000",
            "B_WIDTH": "00000000000000000000000000000110",
            "Y_WIDTH": "00000000000000000000000000000110"
          },
          "attributes": {
          },
          "port_directions": {
            "A": "input",
            "B": "input",
            "Y": "output"
          },
          "connections": {
            "A": [ 117, 118, 119, 120, 121, 122 ],
            "B": [ 123, 124, 125, 126, 127, 128 ],
            "Y": [ 129, 130, 131, 132, 133, 134 ]
          }
        },
        "$auto$opt_expr.cc:276:group_cell_inputs$74": {
          "hide_name": 1,
          "type": "$xor",
          "parameters": {
            "A_SIGNED": "00000000000000000000000000000000",
            "A_WIDTH": "00000000000000000000000000000011",
            "B_SIGNED": "00000000000000000000000000000000",
            "B_WIDTH": "00000000000000000000000000000011",
            "Y_WIDTH": "00000000000000000000000000000011"
          },
          "attributes": {
          },
          "port_directions": {
            "A": "input",
            "B": "input",
            "Y": "output"
          },
          "connections": {
            "A": [ 135, 136, 137 ],
            "B": [ 2, 3, 4 ],
            "Y": [ 138, 139, 140 ]
          }
        },
        "$auto$opt_expr.cc:276:group_cell_inputs$77": {
          "hide_name": 1,
          "type": "$or",
          "parameters": {
            "A_SIGNED": "00000000000000000000000000000000",
            "A_WIDTH": "00000000000000000000000000000011",
            "B_SIGNED": "00000000000000000000000000000000",
            "B_WIDTH": "00000000000000000000000000000011",
            "Y_WIDTH": "00000000000000000000000000000011"
          },
          "attributes": {
          },
          "port_directions": {
            "A": "input",
            "B": "input",
            "Y": "output"
          },
          "connections": {
            "A": [ 138, 139, 140 ],
            "B": [ 2, 3, 4 ],
            "Y": [ 141, 57, 142 ]
          }
        },
        "$auto$opt_expr.cc:276:group_cell_inputs$80": {
          "hide_name": 1,
          "type": "$not",
          "parameters": {
            "A_SIGNED": "00000000000000000000000000000000",
            "A_WIDTH": "00000000000000000000000000000110",
            "Y_WIDTH": "00000000000000000000000000000110"
          },
          "attributes": {
          },
          "port_directions": {
            "A": "input",
            "Y": "output"
          },
          "connections": {
            "A": [ 103, 104, 105, 106, 107, 108 ],
            "Y": [ 123, 124, 125, 126, 127, 128 ]
          }
        },
        "$auto$opt_expr.cc:276:group_cell_inputs$91": {
          "hide_name": 1,
          "type": "$or",
          "parameters": {
            "A_SIGNED": "00000000000000000000000000000000",
            "A_WIDTH": "00000000000000000000000000000010",
            "B_SIGNED": "00000000000000000000000000000000",
            "B_WIDTH": "00000000000000000000000000000010",
            "Y_WIDTH": "00000000000000000000000000000010"
          },
          "attributes": {
          },
          "port_directions": {
            "A": "input",
            "B": "input",
            "Y": "output"
          },
          "connections": {
            "A": [ 103, 105 ],
            "B": [ 57, 58 ],
            "Y": [ 143, 144 ]
          }
        },
        "$auto$opt_expr.cc:276:group_cell_inputs$94": {
          "hide_name": 1,
          "type": "$not",
          "parameters": {
            "A_SIGNED": "00000000000000000000000000000000",
            "A_WIDTH": "00000000000000000000000000000011",
            "Y_WIDTH": "00000000000000000000000000000011"
          },
          "attributes": {
          },
          "port_directions": {
            "A": "input",
            "Y": "output"
          },
          "connections": {
            "A": [ 2, 3, 4 ],
            "Y": [ 145, 146, 147 ]
          }
        },
        "$mul$designs/170/top.sv:20$1": {
          "hide_name": 1,
          "type": "$mul",
          "parameters": {
            "A_SIGNED": "00000000000000000000000000000000",
            "A_WIDTH": "00000000000000000000000000000011",
            "B_SIGNED": "00000000000000000000000000000000",
            "B_WIDTH": "00000000000000000000000000000011",
            "Y_WIDTH": "00000000000000000000000000000110"
          },
          "attributes": {
            "src": "designs/170/top.sv:20.22-20.41"
          },
          "port_directions": {
            "A": "input",
            "B": "input",
            "Y": "output"
          },
          "connections": {
            "A": [ 2, 3, 4 ],
            "B": [ 2, 3, 4 ],
            "Y": [ 103, 104, 105, 106, 107, 108 ]
          }
        },
        "$mul$designs/170/top.sv:25$14": {
          "hide_name": 1,
          "type": "$mul",
          "parameters": {
            "A_SIGNED": "00000000000000000000000000000000",
            "A_WIDTH": "00000000000000000000000000011100",
            "B_SIGNED": "00000000000000000000000000000000",
            "B_WIDTH": "00000000000000000000000000010100",
            "Y_WIDTH": "00000000000000000000000000011100"
          },
          "attributes": {
            "src": "designs/170/top.sv:25.28-25.97"
          },
          "port_directions": {
            "A": "input",
            "B": "input",
            "Y": "output"
          },
          "connections": {
            "A": [ 148, 149, 150, 151, 152, 153, 154, 155, 156, 157, 158, 159, 160, 161, 162, 163, 164, 165, 166, 167, 168, 169, 170, 171, 172, 173, 174, 175 ],
            "B": [ "1", "0", "1", "0", "0", "0", "1", "1", "1", "0", "0", "0", "0", "0", "0", "1", "0", "0", "0", "1" ],
            "Y": [ 176, 177, 178, 179, 180, 181, 182, 183, 184, 185, 186, 187, 188, 189, 190, 191, 192, 193, 194, 195, 196, 197, 198, 199, 200, 201, 202, 203 ]
          }
        },
        "$mul$designs/170/top.sv:25$15": {
          "hide_name": 1,
          "type": "$mul",
          "parameters": {
            "A_SIGNED": "00000000000000000000000000000000",
            "A_WIDTH": "00000000000000000000000000011100",
            "B_SIGNED": "00000000000000000000000000000000",
            "B_WIDTH": "00000000000000000000000000000110",
            "Y_WIDTH": "00000000000000000000000000001110"
          },
          "attributes": {
            "src": "designs/170/top.sv:25.27-25.107"
          },
          "port_directions": {
            "A": "input",
            "B": "input",
            "Y": "output"
          },
          "connections": {
            "A": [ 176, 177, 178, 179, 180, 181, 182, 183, 184, 185, 186, 187, 188, 189, 190, 191, 192, 193, 194, 195, 196, 197, 198, 199, 200, 201, 202, 203 ],
            "B": [ 103, 104, 105, 106, 107, 108 ],
            "Y": [ 204, 205, 206, 207, 208, 209, 210, 211, 212, 213, 214, 215, 216, 217 ]
          }
        },
        "$mul$designs/170/top.sv:25$9": {
          "hide_name": 1,
          "type": "$mul",
          "parameters": {
            "A_SIGNED": "00000000000000000000000000000000",
            "A_WIDTH": "00000000000000000000000000011100",
            "B_SIGNED": "00000000000000000000000000000000",
            "B_WIDTH": "00000000000000000000000000000110",
            "Y_WIDTH": "00000000000000000000000000011100"
          },
          "attributes": {
            "src": "designs/170/top.sv:25.31-25.64"
          },
          "port_directions": {
            "A": "input",
            "B": "input",
            "Y": "output"
          },
          "connections": {
            "A": [ 4, "1", "1", "0", "0", "0", "0", "1", "1", "0", "0", "0", "1", "1", "1", "1", "1", "1", "1", "1", "1", "1", "1", "1", "1", "1", "1", "1" ],
            "B": [ 141, 57, 142, 58, 218, 219 ],
            "Y": [ 117, 118, 119, 120, 121, 122, 11, 13, 15, 17, 19, 21, 23, 25, 27, 29, 31, 33, 35, 37, 39, 41, 43, 45, 47, 49, 51, 53 ]
          }
        },
        "$mul$designs/170/top.sv:33$35": {
          "hide_name": 1,
          "type": "$mul",
          "parameters": {
            "A_SIGNED": "00000000000000000000000000000000",
            "A_WIDTH": "00000000000000000000000000011100",
            "B_SIGNED": "00000000000000000000000000000000",
            "B_WIDTH": "00000000000000000000000000000110",
            "Y_WIDTH": "00000000000000000000000000011100"
          },
          "attributes": {
            "src": "designs/170/top.sv:33.23-33.76"
          },
          "port_directions": {
            "A": "input",
            "B": "input",
            "Y": "output"
          },
          "connections": {
            "A": [ 220, 221, 222, 223, 224, 225, 226, 226, 226, 226, 226, 226, 226, 226, 226, 226, 226, 226, 226, 226, 226, 226, 226, 226, 226, 226, 226, 226 ],
            "B": [ 141, 57, 142, 58, 218, 219 ],
            "Y": [ 227, 228, 229, 230, 231, 232, 233, 234, 235, 236, 237, 238, 239, 240, 241, 242, 243, 244, 245, 246, 247, 248, 249, 250, 251, 252, 253, 254 ]
          }
        },
        "$mul$designs/170/top.sv:33$36": {
          "hide_name": 1,
          "type": "$mul",
          "parameters": {
            "A_SIGNED": "00000000000000000000000000000000",
            "A_WIDTH": "00000000000000000000000000011100",
            "B_SIGNED": "00000000000000000000000000000000",
            "B_WIDTH": "00000000000000000000000000000110",
            "Y_WIDTH": "00000000000000000000000000011100"
          },
          "attributes": {
            "src": "designs/170/top.sv:33.22-33.86"
          },
          "port_directions": {
            "A": "input",
            "B": "input",
            "Y": "output"
          },
          "connections": {
            "A": [ 227, 228, 229, 230, 231, 232, 233, 234, 235, 236, 237, 238, 239, 240, 241, 242, 243, 244, 245, 246, 247, 248, 249, 250, 251, 252, 253, 254 ],
            "B": [ 141, 57, 142, 58, 218, 219 ],
            "Y": [ 255, 256, 257, 258, 259, 260, 261, 262, 263, 264, 265, 266, 267, 268, 269, 270, 271, 272, 273, 274, 275, 276, 277, 278, 279, 280, 281, 282 ]
          }
        },
        "$mul$designs/170/top.sv:35$57": {
          "hide_name": 1,
          "type": "$mul",
          "parameters": {
            "A_SIGNED": "00000000000000000000000000000000",
            "A_WIDTH": "00000000000000000000000000011100",
            "B_SIGNED": "00000000000000000000000000000000",
            "B_WIDTH": "00000000000000000000000000001011",
            "Y_WIDTH": "00000000000000000000000000011000"
          },
          "attributes": {
            "src": "designs/170/top.sv:35.23-35.67"
          },
          "port_directions": {
            "A": "input",
            "B": "input",
            "Y": "output"
          },
          "connections": {
            "A": [ 59, 283, 60, 284, 285, 286, 287, 288, 289, 290, 291, 292, 293, 294, 295, 296, 297, 298, 299, 300, 301, 302, 303, 304, 305, 306, 307, 308 ],
            "B": [ 309, 310, 311, 312, 313, 314, 315, 316, 317, 318, 319 ],
            "Y": [ 75, 76, 77, 78, 79, 80, 81, 82, 83, 84, 85, 86, 87, 88, 320, 321, 322, 323, 324, 325, 326, 327, 328, 329 ]
          }
        },
        "$mul$designs/170/top.sv:38$61": {
          "hide_name": 1,
          "type": "$mul",
          "parameters": {
            "A_SIGNED": "00000000000000000000000000000000",
            "A_WIDTH": "00000000000000000000000000011000",
            "B_SIGNED": "00000000000000000000000000000000",
            "B_WIDTH": "00000000000000000000000000001011",
            "Y_WIDTH": "00000000000000000000000000000110"
          },
          "attributes": {
            "src": "designs/170/top.sv:38.28-38.66"
          },
          "port_directions": {
            "A": "input",
            "B": "input",
            "Y": "output"
          },
          "connections": {
            "A": [ 109, 110, 111, 112, 113, 114, 95, 96, 97, 98, 99, 100, 101, 102, 320, 321, 322, 323, 324, 325, 326, 327, 328, 329 ],
            "B": [ 309, 310, 311, 312, 313, 314, 315, 316, 317, 318, 319 ],
            "Y": [ 330, 331, 332, 333, 334, 335 ]
          }
        },
        "$shl$designs/170/top.sv:32$31": {
          "hide_name": 1,
          "type": "$shl",
          "parameters": {
            "A_SIGNED": "00000000000000000000000000000000",
            "A_WIDTH": "00000000000000000000000000001011",
            "B_SIGNED": "00000000000000000000000000000000",
            "B_WIDTH": "00000000000000000000000000000011",
            "Y_WIDTH": "00000000000000000000000000001011"
          },
          "attributes": {
            "src": "designs/170/top.sv:32.22-32.75"
          },
          "port_directions": {
            "A": "input",
            "B": "input",
            "Y": "output"
          },
          "connections": {
            "A": [ "0", "0", "0", "0", "0", "0", "0", "0", "0", "0", "0" ],
            "B": [ 2, 3, 4 ],
            "Y": [ 309, 310, 311, 312, 313, 314, 315, 316, 317, 318, 319 ]
          }
        },
        "$sub$designs/170/top.sv:21$5": {
          "hide_name": 1,
          "type": "$sub",
          "parameters": {
            "A_SIGNED": "00000000000000000000000000000000",
            "A_WIDTH": "00000000000000000000000000000110",
            "B_SIGNED": "00000000000000000000000000000000",
            "B_WIDTH": "00000000000000000000000000000011",
            "Y_WIDTH": "00000000000000000000000000000110"
          },
          "attributes": {
            "src": "designs/170/top.sv:21.31-21.99"
          },
          "port_directions": {
            "A": "input",
            "B": "input",
            "Y": "output"
          },
          "connections": {
            "A": [ 2, 3, 4, "0", "0", "0" ],
            "B": [ 2, 3, 4 ],
            "Y": [ 135, 136, 137, 58, 218, 219 ]
          }
        },
        "$sub$designs/170/top.sv:25$13": {
          "hide_name": 1,
          "type": "$sub",
          "parameters": {
            "A_SIGNED": "00000000000000000000000000000000",
            "A_WIDTH": "00000000000000000000000000011100",
            "B_SIGNED": "00000000000000000000000000000000",
            "B_WIDTH": "00000000000000000000000000010100",
            "Y_WIDTH": "00000000000000000000000000011100"
          },
          "attributes": {
            "src": "designs/170/top.sv:25.29-25.87"
          },
          "port_directions": {
            "A": "input",
            "B": "input",
            "Y": "output"
          },
          "connections": {
            "A": [ 129, 130, 131, 132, 133, 134, 12, 14, 16, 18, 20, 22, 24, 26, 28, 30, 32, 34, 36, 38, 40, 42, 44, 46, 48, 50, 52, 54 ],
            "B": [ "1", "0", "1", "0", "0", "0", "1", "1", "1", "0", "0", "0", "0", "0", "0", "1", "0", "0", "0", "1" ],
            "Y": [ 148, 149, 150, 151, 152, 153, 154, 155, 156, 157, 158, 159, 160, 161, 162, 163, 164, 165, 166, 167, 168, 169, 170, 171, 172, 173, 174, 175 ]
          }
        },
        "$sub$designs/170/top.sv:33$34": {
          "hide_name": 1,
          "type": "$sub",
          "parameters": {
            "A_SIGNED": "00000000000000000000000000000000",
            "A_WIDTH": "00000000000000000000000000000110",
            "B_SIGNED": "00000000000000000000000000000000",
            "B_WIDTH": "00000000000000000000000000000110",
            "Y_WIDTH": "00000000000000000000000000000111"
          },
          "attributes": {
            "src": "designs/170/top.sv:33.24-33.66"
          },
          "port_directions": {
            "A": "input",
            "B": "input",
            "Y": "output"
          },
          "connections": {
            "A": [ 336, 337, 338, 339, 340, 341 ],
            "B": [ 103, 104, 105, 106, 107, 108 ],
            "Y": [ 220, 221, 222, 223, 224, 225, 226 ]
          }
        },
        "$sub$designs/170/top.sv:35$55": {
          "hide_name": 1,
          "type": "$sub",
          "parameters": {
            "A_SIGNED": "00000000000000000000000000000000",
            "A_WIDTH": "00000000000000000000000000011100",
            "B_SIGNED": "00000000000000000000000000000000",
            "B_WIDTH": "00000000000000000000000000011100",
            "Y_WIDTH": "00000000000000000000000000011100"
          },
          "attributes": {
            "src": "designs/170/top.sv:35.25-35.47"
          },
          "port_directions": {
            "A": "input",
            "B": "input",
            "Y": "output"
          },
          "connections": {
            "A": [ 255, 256, 257, 258, 259, 260, 261, 262, 263, 264, 265, 266, 267, 268, 269, 270, 271, 272, 273, 274, 275, 276, 277, 278, 279, 280, 281, 282 ],
            "B": [ 145, 146, 147, "1", "1", "1", "1", "1", "1", "1", "1", "1", "1", "1", "1", "1", "1", "1", "1", "1", "1", "1", "1", "1", "1", "1", "1", "1" ],
            "Y": [ 55, 283, 56, 284, 285, 286, 287, 288, 289, 290, 291, 292, 293, 294, 295, 296, 297, 298, 299, 300, 301, 302, 303, 304, 305, 306, 307, 308 ]
          }
        },
        "$sub$designs/170/top.sv:38$62": {
          "hide_name": 1,
          "type": "$sub",
          "parameters": {
            "A_SIGNED": "00000000000000000000000000000000",
            "A_WIDTH": "00000000000000000000000000000110",
            "B_SIGNED": "00000000000000000000000000000000",
            "B_WIDTH": "00000000000000000000000000000011",
            "Y_WIDTH": "00000000000000000000000000000110"
          },
          "attributes": {
            "src": "designs/170/top.sv:38.27-38.76"
          },
          "port_directions": {
            "A": "input",
            "B": "input",
            "Y": "output"
          },
          "connections": {
            "A": [ 330, 331, 332, 333, 334, 335 ],
            "B": [ 2, 3, 4 ],
            "Y": [ 5, 6, 7, 8, 9, 10 ]
          }
        },
        "$ternary$designs/170/top.sv:28$17": {
          "hide_name": 1,
          "type": "$mux",
          "parameters": {
            "WIDTH": "00000000000000000000000000001110"
          },
          "attributes": {
            "src": "designs/170/top.sv:28.21-28.76"
          },
          "port_directions": {
            "A": "input",
            "B": "input",
            "S": "input",
            "Y": "output"
          },
          "connections": {
            "A": [ 115, 104, 116, 106, 107, 108, "1", "1", "1", "0", "0", "0", "0", "0" ],
            "B": [ 204, 205, 206, 207, 208, 209, 210, 211, 212, 213, 214, 215, 216, 217 ],
            "S": [ 2 ],
            "Y": [ 61, 62, 63, 64, 65, 66, 67, 68, 69, 70, 71, 72, 73, 74 ]
          }
        },
        "$xor$designs/170/top.sv:33$33": {
          "hide_name": 1,
          "type": "$xor",
          "parameters": {
            "A_SIGNED": "00000000000000000000000000000000",
            "A_WIDTH": "00000000000000000000000000000110",
            "B_SIGNED": "00000000000000000000000000000000",
            "B_WIDTH": "00000000000000000000000000000110",
            "Y_WIDTH": "00000000000000000000000000000110"
          },
          "attributes": {
            "src": "designs/170/top.sv:33.25-33.56"
          },
          "port_directions": {
            "A": "input",
            "B": "input",
            "Y": "output"
          },
          "connections": {
            "A": [ 143, 104, 144, 106, 107, 108 ],
            "B": [ 141, 57, 142, 58, 218, 219 ],
            "Y": [ 336, 337, 338, 339, 340, 341 ]
          }
        }
      },
      "netnames": {
        "$auto$opt_expr.cc:205:group_cell_inputs$101": {
          "hide_name": 1,
          "bits": [ 145, 146, 147 ],
          "attributes": {
          }
        },
        "$auto$opt_expr.cc:205:group_cell_inputs$105": {
          "hide_name": 1,
          "bits": [ 59, 60 ],
          "attributes": {
          }
        },
        "$auto$opt_expr.cc:205:group_cell_inputs$107": {
          "hide_name": 1,
          "bits": [ 283, 284, 285, 286, 287, 288, 289, 290, 291, 292, 293, 294, 295, 296, 297, 298, 299, 300, 301, 302, 303, 304, 305, 306, 307, 308 ],
          "attributes": {
          }
        },
        "$auto$opt_expr.cc:205:group_cell_inputs$108": {
          "hide_name": 1,
          "bits": [ 89, 90, 91, 92, 93, 94, 95, 96, 97, 98, 99, 100, 101, 102 ],
          "attributes": {
          }
        },
        "$auto$opt_expr.cc:205:group_cell_inputs$111": {
          "hide_name": 1,
          "bits": [ 109, 110, 111, 112, 113, 114 ],
          "attributes": {
          }
        },
        "$auto$opt_expr.cc:205:group_cell_inputs$118": {
          "hide_name": 1,
          "bits": [ 129, 130, 131, 132, 133, 134 ],
          "attributes": {
          }
        },
        "$auto$opt_expr.cc:205:group_cell_inputs$120": {
          "hide_name": 1,
          "bits": [ 12, 14, 16, 18, 20, 22, 24, 26, 28, 30, 32, 34, 36, 38, 40, 42, 44, 46, 48, 50, 52, 54 ],
          "attributes": {
          }
        },
        "$auto$opt_expr.cc:205:group_cell_inputs$73": {
          "hide_name": 1,
          "bits": [ 138, 139, 140 ],
          "attributes": {
          }
        },
        "$auto$opt_expr.cc:205:group_cell_inputs$79": {
          "hide_name": 1,
          "bits": [ 123, 124, 125, 126, 127, 128 ],
          "attributes": {
          }
        },
        "$auto$opt_expr.cc:205:group_cell_inputs$90": {
          "hide_name": 1,
          "bits": [ 143, 144 ],
          "attributes": {
          }
        },
        "$auto$wreduce.cc:514:run$63": {
          "hide_name": 1,
          "bits": [ 330, 331, 332, 333, 334, 335, 342, 343, 344, 345, 346, 347, 348, 349, 350, 351, 352, 353, 354, 355, 356, 357, 358, 359 ],
          "attributes": {
            "src": "designs/170/top.sv:38.28-38.66",
            "unused_bits": "6 7 8 9 10 11 12 13 14 15 16 17 18 19 20 21 22 23"
          }
        },
        "$mul$designs/170/top.sv:25$14_Y": {
          "hide_name": 1,
          "bits": [ 176, 177, 178, 179, 180, 181, 182, 183, 184, 185, 186, 187, 188, 189, 190, 191, 192, 193, 194, 195, 196, 197, 198, 199, 200, 201, 202, 203 ],
          "attributes": {
            "src": "designs/170/top.sv:25.28-25.97"
          }
        },
        "$mul$designs/170/top.sv:25$9_Y": {
          "hide_name": 1,
          "bits": [ 117, 118, 119, 120, 121, 122, 11, 13, 15, 17, 19, 21, 23, 25, 27, 29, 31, 33, 35, 37, 39, 41, 43, 45, 47, 49, 51, 53 ],
          "attributes": {
            "src": "designs/170/top.sv:25.31-25.64"
          }
        },
        "$mul$designs/170/top.sv:33$35_Y": {
          "hide_name": 1,
          "bits": [ 227, 228, 229, 230, 231, 232, 233, 234, 235, 236, 237, 238, 239, 240, 241, 242, 243, 244, 245, 246, 247, 248, 249, 250, 251, 252, 253, 254 ],
          "attributes": {
            "src": "designs/170/top.sv:33.23-33.76"
          }
        },
        "$sub$designs/170/top.sv:21$5_Y": {
          "hide_name": 1,
          "bits": [ 135, 136, 137, 58, 218, 219 ],
          "attributes": {
            "src": "designs/170/top.sv:21.31-21.99"
          }
        },
        "$sub$designs/170/top.sv:25$13_Y": {
          "hide_name": 1,
          "bits": [ 148, 149, 150, 151, 152, 153, 154, 155, 156, 157, 158, 159, 160, 161, 162, 163, 164, 165, 166, 167, 168, 169, 170, 171, 172, 173, 174, 175 ],
          "attributes": {
            "src": "designs/170/top.sv:25.29-25.87"
          }
        },
        "$sub$designs/170/top.sv:33$34_Y": {
          "hide_name": 1,
          "bits": [ 220, 221, 222, 223, 224, 225, 226, 226, 226, 226, 226, 226, 226, 226, 226, 226, 226, 226, 226, 226, 226, 226, 226, 226, 226, 226, 226, 226 ],
          "attributes": {
            "src": "designs/170/top.sv:33.24-33.66"
          }
        },
        "$sub$designs/170/top.sv:35$55_Y": {
          "hide_name": 1,
          "bits": [ 55, 283, 56, 284, 285, 286, 287, 288, 289, 290, 291, 292, 293, 294, 295, 296, 297, 298, 299, 300, 301, 302, 303, 304, 305, 306, 307, 308 ],
          "attributes": {
            "src": "designs/170/top.sv:35.25-35.47"
          }
        },
        "$xor$designs/170/top.sv:33$33_Y": {
          "hide_name": 1,
          "bits": [ 336, 337, 338, 339, 340, 341, "0", "0", "0", "0", "0", "0", "0", "0", "0", "0", "0", "0", "0", "0", "0", "0", "0", "0", "0", "0", "0", "0" ],
          "attributes": {
            "src": "designs/170/top.sv:33.25-33.56"
          }
        },
        "expr_106861": {
          "hide_name": 0,
          "bits": [ 115, 104, 116, 106, 107, 108, "1", "1", "1", "0", "0", "0", "0", "0", "x", "x", "x", "x", "x", "x", "x", "x", "x", "x", "0" ],
          "attributes": {
            "src": "designs/170/top.sv:26.18-26.29"
          }
        },
        "expr_258747": {
          "hide_name": 0,
          "bits": [ 204, 205, 206, 207, 208, 209, 210, 211, 212, 213, 214, 215, 216, 217, "x", "x", "x", "x", "x", "x", "x", "x", "x", "x", "x", "x", "x", "x" ],
          "attributes": {
            "src": "designs/170/top.sv:24.18-24.29"
          }
        },
        "input_data": {
          "hide_name": 0,
          "bits": [ 2, 3, 4 ],
          "attributes": {
            "src": "designs/170/top.sv:2.17-2.27"
          }
        },
        "output_data": {
          "hide_name": 0,
          "bits": [ 5, 6, 7, 8, 9, 10 ],
          "attributes": {
            "src": "designs/170/top.sv:3.18-3.29"
          }
        },
        "temp_1": {
          "hide_name": 0,
          "bits": [ 103, 104, 105, 106, 107, 108, "0", "0", "0", "0", "0", "0", "0", "0", "0", "0", "0", "0", "0", "0", "0", "0", "0", "0" ],
          "attributes": {
            "src": "designs/170/top.sv:7.18-7.24"
          }
        },
        "temp_10": {
          "hide_name": 0,
          "bits": [ 75, 76, 77, 78, 79, 80, 81, 82, 83, 84, 85, 86, 87, 88, 320, 321, 322, 323, 324, 325, 326, 327, 328, 329 ],
          "attributes": {
            "src": "designs/170/top.sv:16.18-16.25"
          }
        },
        "temp_2": {
          "hide_name": 0,
          "bits": [ 141, 57, 142, 58, 218, 219, "0", "0", "0", "0", "0" ],
          "attributes": {
            "src": "designs/170/top.sv:8.18-8.24"
          }
        },
        "temp_5": {
          "hide_name": 0,
          "bits": [ 61, 62, 63, 64, 65, 66, 67, 68, 69, 70, 71, 72, 73, 74 ],
          "attributes": {
            "src": "designs/170/top.sv:11.18-11.24"
          }
        },
        "temp_7": {
          "hide_name": 0,
          "bits": [ 309, 310, 311, 312, 313, 314, 315, 316, 317, 318, 319 ],
          "attributes": {
            "src": "designs/170/top.sv:13.18-13.24"
          }
        },
        "temp_8": {
          "hide_name": 0,
          "bits": [ 255, 256, 257, 258, 259, 260, 261, 262, 263, 264, 265, 266, 267, 268, 269, 270, 271, 272, 273, 274, 275, 276, 277, 278, 279, 280, 281, 282 ],
          "attributes": {
            "src": "designs/170/top.sv:14.18-14.24"
          }
        }
      }
    }
  }
}
