{
  "creator": "Yosys 0.60 (git sha1 5bafeb77dc71e054fa331ab9efa613e6fb0a1c49, clang++ 17.0.0 -fPIC -O3)",
  "modules": {
    "top": {
      "attributes": {
        "top": "00000000000000000000000000000001",
        "src": "designs/56/top.sv:1.1-44.10"
      },
      "ports": {
        "input_data": {
          "direction": "input",
          "bits": [ 2, 3, 4, 5, 6 ]
        },
        "output_data": {
          "direction": "output",
          "bits": [ "0", "0", 7, 8, 9, 10, "0", "0", "0", "0", "0", "0", 11, 12, "0", "0", "0", "0", "0" ]
        }
      },
      "cells": {
        "$add$designs/56/top.sv:23$1": {
          "hide_name": 1,
          "type": "$add",
          "parameters": {
            "A_SIGNED": "00000000000000000000000000000000",
            "A_WIDTH": "00000000000000000000000000000101",
            "B_SIGNED": "00000000000000000000000000000000",
            "B_WIDTH": "00000000000000000000000000000101",
            "Y_WIDTH": "00000000000000000000000000000101"
          },
          "attributes": {
            "src": "designs/56/top.sv:23.44-23.67"
          },
          "port_directions": {
            "A": "input",
            "B": "input",
            "Y": "output"
          },
          "connections": {
            "A": [ 2, 3, 4, 5, 6 ],
            "B": [ 2, 3, 4, 5, 6 ],
            "Y": [ 13, 14, 15, 16, 17 ]
          }
        },
        "$add$designs/56/top.sv:26$14": {
          "hide_name": 1,
          "type": "$add",
          "parameters": {
            "A_SIGNED": "00000000000000000000000000000000",
            "A_WIDTH": "00000000000000000000000000000101",
            "B_SIGNED": "00000000000000000000000000000000",
            "B_WIDTH": "00000000000000000000000000010001",
            "Y_WIDTH": "00000000000000000000000000010001"
          },
          "attributes": {
            "src": "designs/56/top.sv:26.31-26.101"
          },
          "port_directions": {
            "A": "input",
            "B": "input",
            "Y": "output"
          },
          "connections": {
            "A": [ 18, 19, 20, 21, 22 ],
            "B": [ 2, 3, "1", "1", "1", "1", "0", "0", "0", "0", "0", "0", "1", "1", "0", "1", "1" ],
            "Y": [ 23, 24, 25, 26, 27, 28, 29, 30, 31, 32, 33, 34, 35, 36, 37, 38, 39 ]
          }
        },
        "$add$designs/56/top.sv:31$41": {
          "hide_name": 1,
          "type": "$add",
          "parameters": {
            "A_SIGNED": "00000000000000000000000000000000",
            "A_WIDTH": "00000000000000000000000000000111",
            "B_SIGNED": "00000000000000000000000000000000",
            "B_WIDTH": "00000000000000000000000000000111",
            "Y_WIDTH": "00000000000000000000000000000111"
          },
          "attributes": {
            "src": "designs/56/top.sv:31.33-31.85"
          },
          "port_directions": {
            "A": "input",
            "B": "input",
            "Y": "output"
          },
          "connections": {
            "A": [ 40, 41, 42, 43, 44, 45, 46 ],
            "B": [ 47, 48, 49, 50, 51, 52, 53 ],
            "Y": [ 54, 55, 56, 57, 58, 59, 60 ]
          }
        },
        "$add$designs/56/top.sv:32$43": {
          "hide_name": 1,
          "type": "$add",
          "parameters": {
            "A_SIGNED": "00000000000000000000000000000000",
            "A_WIDTH": "00000000000000000000000000001000",
            "B_SIGNED": "00000000000000000000000000000000",
            "B_WIDTH": "00000000000000000000000000000001",
            "Y_WIDTH": "00000000000000000000000000001000"
          },
          "attributes": {
            "src": "designs/56/top.sv:32.61-32.92"
          },
          "port_directions": {
            "A": "input",
            "B": "input",
            "Y": "output"
          },
          "connections": {
            "A": [ 47, 48, 49, 50, 51, 52, 53, 61 ],
            "B": [ 62 ],
            "Y": [ 63, 64, 65, 66, 67, 68, 69, 70 ]
          }
        },
        "$add$designs/56/top.sv:35$57": {
          "hide_name": 1,
          "type": "$add",
          "parameters": {
            "A_SIGNED": "00000000000000000000000000000000",
            "A_WIDTH": "00000000000000000000000000011011",
            "B_SIGNED": "00000000000000000000000000000000",
            "B_WIDTH": "00000000000000000000000000010110",
            "Y_WIDTH": "00000000000000000000000000011011"
          },
          "attributes": {
            "src": "designs/56/top.sv:35.42-35.148"
          },
          "port_directions": {
            "A": "input",
            "B": "input",
            "Y": "output"
          },
          "connections": {
            "A": [ 71, 72, 73, 74, 75, 76, 77, 78, 79, 80, 81, 82, 83, 84, 85, 86, 87, 88, 89, 90, 91, 92, 93, 94, 95, 96, 97 ],
            "B": [ "1", "0", "0", "1", "1", "1", "1", "1", "1", "0", "0", "0", "0", "1", "0", "0", "0", "1", "1", "0", "1", "1" ],
            "Y": [ 98, 99, 100, 101, 102, 103, 104, 105, 106, 107, 108, 109, 110, 111, 112, 113, 114, 115, 116, 117, 118, 119, 120, 121, 122, 123, 124 ]
          }
        },
        "$add$designs/56/top.sv:42$80": {
          "hide_name": 1,
          "type": "$add",
          "parameters": {
            "A_SIGNED": "00000000000000000000000000000000",
            "A_WIDTH": "00000000000000000000000000011100",
            "B_SIGNED": "00000000000000000000000000000000",
            "B_WIDTH": "00000000000000000000000000010010",
            "Y_WIDTH": "00000000000000000000000000011100"
          },
          "attributes": {
            "src": "designs/56/top.sv:42.49-42.121"
          },
          "port_directions": {
            "A": "input",
            "B": "input",
            "Y": "output"
          },
          "connections": {
            "A": [ 125, 126, "1", "1", "1", "1", "1", "1", "1", "1", "1", "1", "1", "1", "1", "1", "1", "1", "1", "1", "1", "1", "1", "1", "1", "1", "1", "1" ],
            "B": [ 127, 128, 129, 130, 131, 132, 133, 134, 135, 136, 137, 138, 139, 140, 141, 142, 143, 144 ],
            "Y": [ 145, 146, 147, 148, 149, 150, 151, 152, 153, 154, 155, 156, 157, 158, 159, 160, 161, 162, 163, 164, 165, 166, 167, 168, 169, 170, 171, 172 ]
          }
        },
        "$add$designs/56/top.sv:42$83": {
          "hide_name": 1,
          "type": "$add",
          "parameters": {
            "A_SIGNED": "00000000000000000000000000000000",
            "A_WIDTH": "00000000000000000000000000011100",
            "B_SIGNED": "00000000000000000000000000000000",
            "B_WIDTH": "00000000000000000000000000010001",
            "Y_WIDTH": "00000000000000000000000000011100"
          },
          "attributes": {
            "src": "designs/56/top.sv:42.46-42.157"
          },
          "port_directions": {
            "A": "input",
            "B": "input",
            "Y": "output"
          },
          "connections": {
            "A": [ 173, 174, 175, 176, 177, 178, 179, 180, 181, 182, 183, 184, 185, 186, 187, 188, 189, 190, 191, 192, 193, 194, 195, 196, 197, 198, 199, 200 ],
            "B": [ 2, 3, "1", "1", "1", "1", "0", "0", "0", "0", "0", "0", "1", "1", "0", "1", "1" ],
            "Y": [ 201, 202, 203, 204, 205, 206, 207, 208, 209, 210, 211, 212, 213, 214, 215, 216, 217, 218, 219, 220, 221, 222, 223, 224, 225, 226, 227, 228 ]
          }
        },
        "$and$designs/56/top.sv:23$2": {
          "hide_name": 1,
          "type": "$and",
          "parameters": {
            "A_SIGNED": "00000000000000000000000000000000",
            "A_WIDTH": "00000000000000000000000000000101",
            "B_SIGNED": "00000000000000000000000000000000",
            "B_WIDTH": "00000000000000000000000000000101",
            "Y_WIDTH": "00000000000000000000000000000101"
          },
          "attributes": {
            "src": "designs/56/top.sv:23.33-23.82"
          },
          "port_directions": {
            "A": "input",
            "B": "input",
            "Y": "output"
          },
          "connections": {
            "A": [ 13, 14, 15, 16, 17 ],
            "B": [ 2, 3, 4, 5, 6 ],
            "Y": [ 229, 230, 231, 232, 233 ]
          }
        },
        "$and$designs/56/top.sv:23$3": {
          "hide_name": 1,
          "type": "$and",
          "parameters": {
            "A_SIGNED": "00000000000000000000000000000000",
            "A_WIDTH": "00000000000000000000000000000101",
            "B_SIGNED": "00000000000000000000000000000000",
            "B_WIDTH": "00000000000000000000000000000101",
            "Y_WIDTH": "00000000000000000000000000000101"
          },
          "attributes": {
            "src": "designs/56/top.sv:23.22-23.97"
          },
          "port_directions": {
            "A": "input",
            "B": "input",
            "Y": "output"
          },
          "connections": {
            "A": [ 229, 230, 231, 232, 233 ],
            "B": [ 2, 3, 4, 5, 6 ],
            "Y": [ 234, 235, 236, 237, 238 ]
          }
        },
        "$and$designs/56/top.sv:37$66": {
          "hide_name": 1,
          "type": "$and",
          "parameters": {
            "A_SIGNED": "00000000000000000000000000000000",
            "A_WIDTH": "00000000000000000000000000000001",
            "B_SIGNED": "00000000000000000000000000000000",
            "B_WIDTH": "00000000000000000000000000000001",
            "Y_WIDTH": "00000000000000000000000000000001"
          },
          "attributes": {
            "src": "designs/56/top.sv:37.27-37.219"
          },
          "port_directions": {
            "A": "input",
            "B": "input",
            "Y": "output"
          },
          "connections": {
            "A": [ 239 ],
            "B": [ 240 ],
            "Y": [ 241 ]
          }
        },
        "$auto$opt_expr.cc:250:group_cell_inputs$129": {
          "hide_name": 1,
          "type": "$not",
          "parameters": {
            "A_SIGNED": "00000000000000000000000000000000",
            "A_WIDTH": "00000000000000000000000000000001",
            "Y_WIDTH": "00000000000000000000000000000001"
          },
          "attributes": {
          },
          "port_directions": {
            "A": "input",
            "Y": "output"
          },
          "connections": {
            "A": [ 4 ],
            "Y": [ 242 ]
          }
        },
        "$auto$opt_expr.cc:250:group_cell_inputs$131": {
          "hide_name": 1,
          "type": "$not",
          "parameters": {
            "A_SIGNED": "00000000000000000000000000000000",
            "A_WIDTH": "00000000000000000000000000000001",
            "Y_WIDTH": "00000000000000000000000000000001"
          },
          "attributes": {
          },
          "port_directions": {
            "A": "input",
            "Y": "output"
          },
          "connections": {
            "A": [ 5 ],
            "Y": [ 243 ]
          }
        },
        "$auto$opt_expr.cc:250:group_cell_inputs$133": {
          "hide_name": 1,
          "type": "$not",
          "parameters": {
            "A_SIGNED": "00000000000000000000000000000000",
            "A_WIDTH": "00000000000000000000000000000001",
            "Y_WIDTH": "00000000000000000000000000000001"
          },
          "attributes": {
          },
          "port_directions": {
            "A": "input",
            "Y": "output"
          },
          "connections": {
            "A": [ 6 ],
            "Y": [ 244 ]
          }
        },
        "$auto$opt_expr.cc:276:group_cell_inputs$102": {
          "hide_name": 1,
          "type": "$or",
          "parameters": {
            "A_SIGNED": "00000000000000000000000000000000",
            "A_WIDTH": "00000000000000000000000000000101",
            "B_SIGNED": "00000000000000000000000000000000",
            "B_WIDTH": "00000000000000000000000000000101",
            "Y_WIDTH": "00000000000000000000000000000101"
          },
          "attributes": {
          },
          "port_directions": {
            "A": "input",
            "B": "input",
            "Y": "output"
          },
          "connections": {
            "A": [ 245, 246, 247, 248, 249 ],
            "B": [ 2, 3, 4, 5, 6 ],
            "Y": [ 250, 251, 252, 253, 254 ]
          }
        },
        "$auto$opt_expr.cc:276:group_cell_inputs$105": {
          "hide_name": 1,
          "type": "$or",
          "parameters": {
            "A_SIGNED": "00000000000000000000000000000000",
            "A_WIDTH": "00000000000000000000000000000101",
            "B_SIGNED": "00000000000000000000000000000000",
            "B_WIDTH": "00000000000000000000000000000101",
            "Y_WIDTH": "00000000000000000000000000000101"
          },
          "attributes": {
          },
          "port_directions": {
            "A": "input",
            "B": "input",
            "Y": "output"
          },
          "connections": {
            "A": [ 250, 251, 252, 253, 254 ],
            "B": [ 2, 3, 4, 5, 6 ],
            "Y": [ 47, 48, 49, 50, 51 ]
          }
        },
        "$auto$opt_expr.cc:276:group_cell_inputs$108": {
          "hide_name": 1,
          "type": "$not",
          "parameters": {
            "A_SIGNED": "00000000000000000000000000000000",
            "A_WIDTH": "00000000000000000000000000000101",
            "Y_WIDTH": "00000000000000000000000000000101"
          },
          "attributes": {
          },
          "port_directions": {
            "A": "input",
            "Y": "output"
          },
          "connections": {
            "A": [ 2, 3, 4, 5, 6 ],
            "Y": [ 255, 256, 257, 258, 259 ]
          }
        },
        "$auto$opt_expr.cc:276:group_cell_inputs$112": {
          "hide_name": 1,
          "type": "$not",
          "parameters": {
            "A_SIGNED": "00000000000000000000000000000000",
            "A_WIDTH": "00000000000000000000000000000101",
            "Y_WIDTH": "00000000000000000000000000000101"
          },
          "attributes": {
          },
          "port_directions": {
            "A": "input",
            "Y": "output"
          },
          "connections": {
            "A": [ 234, 235, 236, 237, 238 ],
            "Y": [ 260, 261, 262, 263, 264 ]
          }
        },
        "$auto$opt_expr.cc:276:group_cell_inputs$116": {
          "hide_name": 1,
          "type": "$or",
          "parameters": {
            "A_SIGNED": "00000000000000000000000000000000",
            "A_WIDTH": "00000000000000000000000000000101",
            "B_SIGNED": "00000000000000000000000000000000",
            "B_WIDTH": "00000000000000000000000000000101",
            "Y_WIDTH": "00000000000000000000000000000101"
          },
          "attributes": {
          },
          "port_directions": {
            "A": "input",
            "B": "input",
            "Y": "output"
          },
          "connections": {
            "A": [ 265, 266, 267, 268, 269 ],
            "B": [ 2, 3, 4, 5, 6 ],
            "Y": [ 270, 271, 272, 273, 274 ]
          }
        },
        "$auto$opt_expr.cc:276:group_cell_inputs$121": {
          "hide_name": 1,
          "type": "$xor",
          "parameters": {
            "A_SIGNED": "00000000000000000000000000000000",
            "A_WIDTH": "00000000000000000000000000000101",
            "B_SIGNED": "00000000000000000000000000000000",
            "B_WIDTH": "00000000000000000000000000000101",
            "Y_WIDTH": "00000000000000000000000000000101"
          },
          "attributes": {
          },
          "port_directions": {
            "A": "input",
            "B": "input",
            "Y": "output"
          },
          "connections": {
            "A": [ 2, 3, 4, 5, 6 ],
            "B": [ 275, 276, 277, 278, 279 ],
            "Y": [ 280, 281, 282, 283, 284 ]
          }
        },
        "$auto$opt_expr.cc:276:group_cell_inputs$124": {
          "hide_name": 1,
          "type": "$xor",
          "parameters": {
            "A_SIGNED": "00000000000000000000000000000000",
            "A_WIDTH": "00000000000000000000000000000101",
            "B_SIGNED": "00000000000000000000000000000000",
            "B_WIDTH": "00000000000000000000000000000101",
            "Y_WIDTH": "00000000000000000000000000000101"
          },
          "attributes": {
          },
          "port_directions": {
            "A": "input",
            "B": "input",
            "Y": "output"
          },
          "connections": {
            "A": [ 285, 286, 287, 288, 289 ],
            "B": [ 2, 3, 4, 5, 6 ],
            "Y": [ 290, 291, 292, 293, 294 ]
          }
        },
        "$auto$opt_expr.cc:276:group_cell_inputs$127": {
          "hide_name": 1,
          "type": "$not",
          "parameters": {
            "A_SIGNED": "00000000000000000000000000000000",
            "A_WIDTH": "00000000000000000000000000011110",
            "Y_WIDTH": "00000000000000000000000000011110"
          },
          "attributes": {
          },
          "port_directions": {
            "A": "input",
            "Y": "output"
          },
          "connections": {
            "A": [ 295, 296, 297, 298, 299, 45, 46, 300, 301, 302, 303, 304, 305, 306, 307, 308, 309, 310, 311, 312, 313, 314, 315, 316, 317, 318, 319, 320, 321, 322 ],
            "Y": [ 323, 324, 325, 326, 327, 328, 329, 330, 331, 332, 333, 334, 335, 336, 337, 338, 339, 340, 341, 342, 343, 344, 345, 346, 347, 348, 349, 350, 351, 352 ]
          }
        },
        "$auto$opt_expr.cc:276:group_cell_inputs$142": {
          "hide_name": 1,
          "type": "$xor",
          "parameters": {
            "A_SIGNED": "00000000000000000000000000000000",
            "A_WIDTH": "00000000000000000000000000000101",
            "B_SIGNED": "00000000000000000000000000000000",
            "B_WIDTH": "00000000000000000000000000000101",
            "Y_WIDTH": "00000000000000000000000000000101"
          },
          "attributes": {
          },
          "port_directions": {
            "A": "input",
            "B": "input",
            "Y": "output"
          },
          "connections": {
            "A": [ 2, 3, 4, 5, 6 ],
            "B": [ 295, 296, 297, 298, 299 ],
            "Y": [ 40, 41, 42, 43, 44 ]
          }
        },
        "$auto$opt_expr.cc:276:group_cell_inputs$145": {
          "hide_name": 1,
          "type": "$and",
          "parameters": {
            "A_SIGNED": "00000000000000000000000000000000",
            "A_WIDTH": "00000000000000000000000000000101",
            "B_SIGNED": "00000000000000000000000000000000",
            "B_WIDTH": "00000000000000000000000000000101",
            "Y_WIDTH": "00000000000000000000000000000101"
          },
          "attributes": {
          },
          "port_directions": {
            "A": "input",
            "B": "input",
            "Y": "output"
          },
          "connections": {
            "A": [ 63, 64, 65, 66, 67 ],
            "B": [ 2, 3, 4, 5, 6 ],
            "Y": [ 353, 354, 355, 356, 357 ]
          }
        },
        "$auto$opt_expr.cc:276:group_cell_inputs$149": {
          "hide_name": 1,
          "type": "$and",
          "parameters": {
            "A_SIGNED": "00000000000000000000000000000000",
            "A_WIDTH": "00000000000000000000000000000010",
            "B_SIGNED": "00000000000000000000000000000000",
            "B_WIDTH": "00000000000000000000000000000010",
            "Y_WIDTH": "00000000000000000000000000000010"
          },
          "attributes": {
          },
          "port_directions": {
            "A": "input",
            "B": "input",
            "Y": "output"
          },
          "connections": {
            "A": [ 353, 354 ],
            "B": [ 358, 359 ],
            "Y": [ 360, 361 ]
          }
        },
        "$auto$opt_expr.cc:276:group_cell_inputs$153": {
          "hide_name": 1,
          "type": "$xor",
          "parameters": {
            "A_SIGNED": "00000000000000000000000000000000",
            "A_WIDTH": "00000000000000000000000000000101",
            "B_SIGNED": "00000000000000000000000000000000",
            "B_WIDTH": "00000000000000000000000000000101",
            "Y_WIDTH": "00000000000000000000000000000101"
          },
          "attributes": {
          },
          "port_directions": {
            "A": "input",
            "B": "input",
            "Y": "output"
          },
          "connections": {
            "A": [ 362, 363, 364, 365, 366 ],
            "B": [ 2, 3, 4, 5, 6 ],
            "Y": [ 367, 368, 369, 370, 371 ]
          }
        },
        "$auto$opt_expr.cc:276:group_cell_inputs$156": {
          "hide_name": 1,
          "type": "$or",
          "parameters": {
            "A_SIGNED": "00000000000000000000000000000000",
            "A_WIDTH": "00000000000000000000000000000010",
            "B_SIGNED": "00000000000000000000000000000000",
            "B_WIDTH": "00000000000000000000000000000010",
            "Y_WIDTH": "00000000000000000000000000000010"
          },
          "attributes": {
          },
          "port_directions": {
            "A": "input",
            "B": "input",
            "Y": "output"
          },
          "connections": {
            "A": [ 2, 3 ],
            "B": [ 372, 373 ],
            "Y": [ 374, 375 ]
          }
        },
        "$auto$opt_expr.cc:276:group_cell_inputs$168": {
          "hide_name": 1,
          "type": "$xor",
          "parameters": {
            "A_SIGNED": "00000000000000000000000000000000",
            "A_WIDTH": "00000000000000000000000000000111",
            "B_SIGNED": "00000000000000000000000000000000",
            "B_WIDTH": "00000000000000000000000000000111",
            "Y_WIDTH": "00000000000000000000000000000111"
          },
          "attributes": {
          },
          "port_directions": {
            "A": "input",
            "B": "input",
            "Y": "output"
          },
          "connections": {
            "A": [ 376, 98, 99, 100, 101, 102, 103 ],
            "B": [ 240, 377, 378, 379, 380, 381, 382 ],
            "Y": [ 383, 384, 385, 386, 387, 388, 389 ]
          }
        },
        "$auto$opt_expr.cc:276:group_cell_inputs$186": {
          "hide_name": 1,
          "type": "$or",
          "parameters": {
            "A_SIGNED": "00000000000000000000000000000000",
            "A_WIDTH": "00000000000000000000000000000001",
            "B_SIGNED": "00000000000000000000000000000000",
            "B_WIDTH": "00000000000000000000000000000001",
            "Y_WIDTH": "00000000000000000000000000000001"
          },
          "attributes": {
          },
          "port_directions": {
            "A": "input",
            "B": "input",
            "Y": "output"
          },
          "connections": {
            "A": [ 295 ],
            "B": [ 241 ],
            "Y": [ 390 ]
          }
        },
        "$auto$opt_expr.cc:276:group_cell_inputs$189": {
          "hide_name": 1,
          "type": "$and",
          "parameters": {
            "A_SIGNED": "00000000000000000000000000000000",
            "A_WIDTH": "00000000000000000000000000011111",
            "B_SIGNED": "00000000000000000000000000000000",
            "B_WIDTH": "00000000000000000000000000011111",
            "Y_WIDTH": "00000000000000000000000000011111"
          },
          "attributes": {
          },
          "port_directions": {
            "A": "input",
            "B": "input",
            "Y": "output"
          },
          "connections": {
            "A": [ 390, 296, 297, 298, 299, 45, 46, 300, 301, 302, 303, 304, 305, 306, 307, 308, 309, 310, 311, 312, 313, 314, 315, 316, 317, 318, 319, 320, 321, 322, 322 ],
            "B": [ 391, 392, 393, 394, 395, 396, 397, 398, 399, 400, 401, 402, 403, 404, 405, 406, 407, 408, 409, 410, 411, 412, 413, 414, 415, 416, 417, 418, 419, 420, 421 ],
            "Y": [ 422, 423, 424, 425, 426, 427, 428, 429, 430, 431, 432, 433, 434, 435, 436, 437, 438, 439, 440, 441, 442, 443, 444, 445, 446, 447, 448, 449, 450, 451, 452 ]
          }
        },
        "$auto$opt_expr.cc:276:group_cell_inputs$197": {
          "hide_name": 1,
          "type": "$or",
          "parameters": {
            "A_SIGNED": "00000000000000000000000000000000",
            "A_WIDTH": "00000000000000000000000000000101",
            "B_SIGNED": "00000000000000000000000000000000",
            "B_WIDTH": "00000000000000000000000000000101",
            "Y_WIDTH": "00000000000000000000000000000101"
          },
          "attributes": {
          },
          "port_directions": {
            "A": "input",
            "B": "input",
            "Y": "output"
          },
          "connections": {
            "A": [ 453, 454, 455, 456, 457 ],
            "B": [ 120, 121, 122, 123, 124 ],
            "Y": [ 127, 128, 129, 130, 131 ]
          }
        },
        "$auto$opt_expr.cc:276:group_cell_inputs$200": {
          "hide_name": 1,
          "type": "$not",
          "parameters": {
            "A_SIGNED": "00000000000000000000000000000000",
            "A_WIDTH": "00000000000000000000000000000010",
            "Y_WIDTH": "00000000000000000000000000000010"
          },
          "attributes": {
          },
          "port_directions": {
            "A": "input",
            "Y": "output"
          },
          "connections": {
            "A": [ 372, 373 ],
            "Y": [ 125, 126 ]
          }
        },
        "$auto$opt_expr.cc:276:group_cell_inputs$208": {
          "hide_name": 1,
          "type": "$not",
          "parameters": {
            "A_SIGNED": "00000000000000000000000000000000",
            "A_WIDTH": "00000000000000000000000000001011",
            "Y_WIDTH": "00000000000000000000000000001011"
          },
          "attributes": {
          },
          "port_directions": {
            "A": "input",
            "Y": "output"
          },
          "connections": {
            "A": [ 270, 271, 273, 274, 458, 459, 460, 461, 462, 463, 464 ],
            "Y": [ 465, 466, 467, 468, 469, 470, 471, 472, 473, 474, 475 ]
          }
        },
        "$auto$opt_expr.cc:276:group_cell_inputs$212": {
          "hide_name": 1,
          "type": "$and",
          "parameters": {
            "A_SIGNED": "00000000000000000000000000000000",
            "A_WIDTH": "00000000000000000000000000000011",
            "B_SIGNED": "00000000000000000000000000000000",
            "B_WIDTH": "00000000000000000000000000000011",
            "Y_WIDTH": "00000000000000000000000000000011"
          },
          "attributes": {
          },
          "port_directions": {
            "A": "input",
            "B": "input",
            "Y": "output"
          },
          "connections": {
            "A": [ 244, 243, 242 ],
            "B": [ 279, 278, 277 ],
            "Y": [ 476, 477, 478 ]
          }
        },
        "$auto$opt_expr.cc:276:group_cell_inputs$217": {
          "hide_name": 1,
          "type": "$not",
          "parameters": {
            "A_SIGNED": "00000000000000000000000000000000",
            "A_WIDTH": "00000000000000000000000000000100",
            "Y_WIDTH": "00000000000000000000000000000100"
          },
          "attributes": {
          },
          "port_directions": {
            "A": "input",
            "Y": "output"
          },
          "connections": {
            "A": [ 234, 235, 236, 238 ],
            "Y": [ 479, 480, 481, 482 ]
          }
        },
        "$auto$opt_expr.cc:276:group_cell_inputs$221": {
          "hide_name": 1,
          "type": "$and",
          "parameters": {
            "A_SIGNED": "00000000000000000000000000000000",
            "A_WIDTH": "00000000000000000000000000000010",
            "B_SIGNED": "00000000000000000000000000000000",
            "B_WIDTH": "00000000000000000000000000000010",
            "Y_WIDTH": "00000000000000000000000000000010"
          },
          "attributes": {
          },
          "port_directions": {
            "A": "input",
            "B": "input",
            "Y": "output"
          },
          "connections": {
            "A": [ 483, 484 ],
            "B": [ 374, 375 ],
            "Y": [ 485, 486 ]
          }
        },
        "$auto$opt_expr.cc:276:group_cell_inputs$226": {
          "hide_name": 1,
          "type": "$or",
          "parameters": {
            "A_SIGNED": "00000000000000000000000000000000",
            "A_WIDTH": "00000000000000000000000000000010",
            "B_SIGNED": "00000000000000000000000000000000",
            "B_WIDTH": "00000000000000000000000000000010",
            "Y_WIDTH": "00000000000000000000000000000010"
          },
          "attributes": {
          },
          "port_directions": {
            "A": "input",
            "B": "input",
            "Y": "output"
          },
          "connections": {
            "A": [ 2, 3 ],
            "B": [ 234, 235 ],
            "Y": [ 487, 488 ]
          }
        },
        "$auto$opt_expr.cc:276:group_cell_inputs$247": {
          "hide_name": 1,
          "type": "$and",
          "parameters": {
            "A_SIGNED": "00000000000000000000000000000000",
            "A_WIDTH": "00000000000000000000000000001010",
            "B_SIGNED": "00000000000000000000000000000000",
            "B_WIDTH": "00000000000000000000000000001010",
            "Y_WIDTH": "00000000000000000000000000001010"
          },
          "attributes": {
          },
          "port_directions": {
            "A": "input",
            "B": "input",
            "Y": "output"
          },
          "connections": {
            "A": [ 422, 423, 424, 425, 426, 427, 434, 435, 437, 438 ],
            "B": [ 485, 486, 489, 490, 491, 492, 493, 494, 495, 496 ],
            "Y": [ 497, 498, 499, 500, 501, 502, 503, 504, 505, 506 ]
          }
        },
        "$auto$opt_expr.cc:276:group_cell_inputs$251": {
          "hide_name": 1,
          "type": "$and",
          "parameters": {
            "A_SIGNED": "00000000000000000000000000000000",
            "A_WIDTH": "00000000000000000000000000001010",
            "B_SIGNED": "00000000000000000000000000000000",
            "B_WIDTH": "00000000000000000000000000001010",
            "Y_WIDTH": "00000000000000000000000000001010"
          },
          "attributes": {
          },
          "port_directions": {
            "A": "input",
            "B": "input",
            "Y": "output"
          },
          "connections": {
            "A": [ 507, 508, 509, 510, 511, 512, 513, 514, 515, 516 ],
            "B": [ 485, 486, 489, 490, 491, 492, 493, 494, 495, 496 ],
            "Y": [ 517, 518, 519, 520, 521, 522, 523, 524, 525, 526 ]
          }
        },
        "$auto$opt_expr.cc:276:group_cell_inputs$259": {
          "hide_name": 1,
          "type": "$and",
          "parameters": {
            "A_SIGNED": "00000000000000000000000000000000",
            "A_WIDTH": "00000000000000000000000000000110",
            "B_SIGNED": "00000000000000000000000000000000",
            "B_WIDTH": "00000000000000000000000000000110",
            "Y_WIDTH": "00000000000000000000000000000110"
          },
          "attributes": {
          },
          "port_directions": {
            "A": "input",
            "B": "input",
            "Y": "output"
          },
          "connections": {
            "A": [ 519, 520, 521, 522, 523, 524 ],
            "B": [ 527, 528, 529, 530, 531, 532 ],
            "Y": [ 7, 8, 9, 10, 11, 12 ]
          }
        },
        "$auto$opt_expr.cc:276:group_cell_inputs$95": {
          "hide_name": 1,
          "type": "$and",
          "parameters": {
            "A_SIGNED": "00000000000000000000000000000000",
            "A_WIDTH": "00000000000000000000000000000101",
            "B_SIGNED": "00000000000000000000000000000000",
            "B_WIDTH": "00000000000000000000000000000101",
            "Y_WIDTH": "00000000000000000000000000000101"
          },
          "attributes": {
          },
          "port_directions": {
            "A": "input",
            "B": "input",
            "Y": "output"
          },
          "connections": {
            "A": [ 479, 480, 481, 482, 237 ],
            "B": [ 2, 3, 4, 6, 5 ],
            "Y": [ 533, 534, 535, 536, 537 ]
          }
        },
        "$auto$opt_expr.cc:276:group_cell_inputs$99": {
          "hide_name": 1,
          "type": "$xor",
          "parameters": {
            "A_SIGNED": "00000000000000000000000000000000",
            "A_WIDTH": "00000000000000000000000000000101",
            "B_SIGNED": "00000000000000000000000000000000",
            "B_WIDTH": "00000000000000000000000000000101",
            "Y_WIDTH": "00000000000000000000000000000101"
          },
          "attributes": {
          },
          "port_directions": {
            "A": "input",
            "B": "input",
            "Y": "output"
          },
          "connections": {
            "A": [ 538, 539, 540, 541, 542 ],
            "B": [ 234, 235, 236, 237, 238 ],
            "Y": [ 245, 246, 247, 248, 249 ]
          }
        },
        "$mul$designs/56/top.sv:26$12": {
          "hide_name": 1,
          "type": "$mul",
          "parameters": {
            "A_SIGNED": "00000000000000000000000000000000",
            "A_WIDTH": "00000000000000000000000000000101",
            "B_SIGNED": "00000000000000000000000000000000",
            "B_WIDTH": "00000000000000000000000000000101",
            "Y_WIDTH": "00000000000000000000000000000101"
          },
          "attributes": {
            "src": "designs/56/top.sv:26.51-26.75"
          },
          "port_directions": {
            "A": "input",
            "B": "input",
            "Y": "output"
          },
          "connections": {
            "A": [ 234, 235, 236, 237, 238 ],
            "B": [ 234, 235, 236, 237, 238 ],
            "Y": [ 543, 544, 545, 546, 547 ]
          }
        },
        "$mul$designs/56/top.sv:27$21": {
          "hide_name": 1,
          "type": "$mul",
          "parameters": {
            "A_SIGNED": "00000000000000000000000000000000",
            "A_WIDTH": "00000000000000000000000000010001",
            "B_SIGNED": "00000000000000000000000000000000",
            "B_WIDTH": "00000000000000000000000000010001",
            "Y_WIDTH": "00000000000000000000000000010001"
          },
          "attributes": {
            "src": "designs/56/top.sv:27.74-27.118"
          },
          "port_directions": {
            "A": "input",
            "B": "input",
            "Y": "output"
          },
          "connections": {
            "A": [ 548, 549, 550, 551, 552, 553, 554, 555, 556, 557, 558, 559, 560, 561, 562, 563, 564 ],
            "B": [ 2, 3, "1", "1", "1", "1", "0", "0", "0", "0", "0", "0", "1", "1", "0", "1", "1" ],
            "Y": [ 565, 566, 567, 568, 569, 570, 571, 572, 573, 574, 575, 576, 577, 578, 579, 580, 581 ]
          }
        },
        "$mul$designs/56/top.sv:27$22": {
          "hide_name": 1,
          "type": "$mul",
          "parameters": {
            "A_SIGNED": "00000000000000000000000000000000",
            "A_WIDTH": "00000000000000000000000000010001",
            "B_SIGNED": "00000000000000000000000000000000",
            "B_WIDTH": "00000000000000000000000000000101",
            "Y_WIDTH": "00000000000000000000000000010001"
          },
          "attributes": {
            "src": "designs/56/top.sv:27.63-27.133"
          },
          "port_directions": {
            "A": "input",
            "B": "input",
            "Y": "output"
          },
          "connections": {
            "A": [ 565, 566, 567, 568, 569, 570, 571, 572, 573, 574, 575, 576, 577, 578, 579, 580, 581 ],
            "B": [ 2, 3, 4, 5, 6 ],
            "Y": [ 265, 266, 267, 268, 269, 458, 459, 582, 583, 460, 461, 462, 584, 463, 464, 585, 586 ]
          }
        },
        "$mul$designs/56/top.sv:29$29": {
          "hide_name": 1,
          "type": "$mul",
          "parameters": {
            "A_SIGNED": "00000000000000000000000000000000",
            "A_WIDTH": "00000000000000000000000000000101",
            "B_SIGNED": "00000000000000000000000000000000",
            "B_WIDTH": "00000000000000000000000000001000",
            "Y_WIDTH": "00000000000000000000000000001000"
          },
          "attributes": {
            "src": "designs/56/top.sv:29.61-29.111"
          },
          "port_directions": {
            "A": "input",
            "B": "input",
            "Y": "output"
          },
          "connections": {
            "A": [ 587, 588, 589, 590, 591 ],
            "B": [ 47, 48, 49, 50, 51, 52, 53, 61 ],
            "Y": [ 592, 593, 594, 595, 596, 597, 598, 599 ]
          }
        },
        "$mul$designs/56/top.sv:29$31": {
          "hide_name": 1,
          "type": "$mul",
          "parameters": {
            "A_SIGNED": "00000000000000000000000000000000",
            "A_WIDTH": "00000000000000000000000000001000",
            "B_SIGNED": "00000000000000000000000000000000",
            "B_WIDTH": "00000000000000000000000000001111",
            "Y_WIDTH": "00000000000000000000000000001111"
          },
          "attributes": {
            "src": "designs/56/top.sv:29.50-29.131"
          },
          "port_directions": {
            "A": "input",
            "B": "input",
            "Y": "output"
          },
          "connections": {
            "A": [ 592, 593, 594, 595, 596, 597, 598, 599 ],
            "B": [ 600, 601, 602, 603, 604, 605, 606, 607, 608, 609, 610, 611, 612, 613, 614 ],
            "Y": [ 615, 616, 617, 618, 619, 620, 621, 622, 623, 624, 625, 626, 627, 628, 629 ]
          }
        },
        "$mul$designs/56/top.sv:29$35": {
          "hide_name": 1,
          "type": "$mul",
          "parameters": {
            "A_SIGNED": "00000000000000000000000000000000",
            "A_WIDTH": "00000000000000000000000000001111",
            "B_SIGNED": "00000000000000000000000000000000",
            "B_WIDTH": "00000000000000000000000000011111",
            "Y_WIDTH": "00000000000000000000000000011111"
          },
          "attributes": {
            "src": "designs/56/top.sv:29.31-29.174"
          },
          "port_directions": {
            "A": "input",
            "B": "input",
            "Y": "output"
          },
          "connections": {
            "A": [ 290, 291, 292, 293, 294, 630, 631, 632, 633, 634, 635, 636, 637, 638, 639 ],
            "B": [ 323, 324, 325, 326, 327, 328, 329, 330, 331, 332, 333, 334, 335, 336, 337, 338, 339, 340, 341, 342, 343, 344, 345, 346, 347, 348, 349, 350, 351, 352, 352 ],
            "Y": [ 640, 641, 642, 643, 644, 645, 646, 647, 648, 649, 650, 651, 652, 653, 654, 655, 656, 657, 658, 659, 660, 661, 662, 663, 664, 665, 666, 667, 668, 669, 670 ]
          }
        },
        "$mul$designs/56/top.sv:29$36": {
          "hide_name": 1,
          "type": "$mul",
          "parameters": {
            "A_SIGNED": "00000000000000000000000000000000",
            "A_WIDTH": "00000000000000000000000000011111",
            "B_SIGNED": "00000000000000000000000000000000",
            "B_WIDTH": "00000000000000000000000000000101",
            "Y_WIDTH": "00000000000000000000000000011001"
          },
          "attributes": {
            "src": "designs/56/top.sv:29.22-29.189"
          },
          "port_directions": {
            "A": "input",
            "B": "input",
            "Y": "output"
          },
          "connections": {
            "A": [ 640, 641, 642, 643, 644, 645, 646, 647, 648, 649, 650, 651, 652, 653, 654, 655, 656, 657, 658, 659, 660, 661, 662, 663, 664, 665, 666, 667, 668, 669, 670 ],
            "B": [ 2, 3, 4, 5, 6 ],
            "Y": [ 671, 672, 673, 674, 675, 676, 677, 678, 679, 680, 681, 682, 683, 684, 685, 686, 687, 688, 689, 690, 691, 692, 693, 358, 359 ]
          }
        },
        "$mul$designs/56/top.sv:30$39": {
          "hide_name": 1,
          "type": "$mul",
          "parameters": {
            "A_SIGNED": "00000000000000000000000000000000",
            "A_WIDTH": "00000000000000000000000000011011",
            "B_SIGNED": "00000000000000000000000000000000",
            "B_WIDTH": "00000000000000000000000000000101",
            "Y_WIDTH": "00000000000000000000000000001100"
          },
          "attributes": {
            "src": "designs/56/top.sv:30.22-30.94"
          },
          "port_directions": {
            "A": "input",
            "B": "input",
            "Y": "output"
          },
          "connections": {
            "A": [ 478, 477, 476, 694, "0", "0", "0", "0", "0", "0", 695, 696, "0", 697, 698, "0", "0", "0", "0", "0", "0", "0", "0", "0", "0", "0", "0" ],
            "B": [ 2, 3, 4, 5, 6 ],
            "Y": [ 527, 528, 529, 530, 699, 700, 701, 702, 703, 704, 531, 532 ]
          }
        },
        "$mul$designs/56/top.sv:32$46": {
          "hide_name": 1,
          "type": "$mul",
          "parameters": {
            "A_SIGNED": "00000000000000000000000000000000",
            "A_WIDTH": "00000000000000000000000000001000",
            "B_SIGNED": "00000000000000000000000000000000",
            "B_WIDTH": "00000000000000000000000000000101",
            "Y_WIDTH": "00000000000000000000000000001000"
          },
          "attributes": {
            "src": "designs/56/top.sv:32.42-32.139"
          },
          "port_directions": {
            "A": "input",
            "B": "input",
            "Y": "output"
          },
          "connections": {
            "A": [ 360, 361, "0", "0", "0", "0", "0", "0" ],
            "B": [ 2, 3, 4, 5, 6 ],
            "Y": [ 705, 706, 707, 708, 709, 710, 711, 712 ]
          }
        },
        "$mul$designs/56/top.sv:32$50": {
          "hide_name": 1,
          "type": "$mul",
          "parameters": {
            "A_SIGNED": "00000000000000000000000000000000",
            "A_WIDTH": "00000000000000000000000000001110",
            "B_SIGNED": "00000000000000000000000000000000",
            "B_WIDTH": "00000000000000000000000000100000",
            "Y_WIDTH": "00000000000000000000000000011101"
          },
          "attributes": {
            "src": "designs/56/top.sv:32.22-32.185"
          },
          "port_directions": {
            "A": "input",
            "B": "input",
            "Y": "output"
          },
          "connections": {
            "A": [ 367, 368, 369, 370, 371, 713, 714, 715, 716, 717, 718, 719, 720, 721 ],
            "B": [ 391, 392, 393, 394, 395, 396, 397, 398, 399, 400, 401, 402, 403, 404, 405, 406, 407, 408, 409, 410, 411, 412, 413, 414, 415, 416, 417, 418, 419, 420, 421, 62 ],
            "Y": [ 722, 723, 724, 725, 726, 727, 728, 729, 730, 731, 732, 733, 734, 735, 736, 737, 738, 739, 740, 741, 742, 743, 744, 745, 746, 747, 748, 749, 750 ]
          }
        },
        "$mul$designs/56/top.sv:37$65": {
          "hide_name": 1,
          "type": "$mul",
          "parameters": {
            "A_SIGNED": "00000000000000000000000000000000",
            "A_WIDTH": "00000000000000000000000000011001",
            "B_SIGNED": "00000000000000000000000000000000",
            "B_WIDTH": "00000000000000000000000000011100",
            "Y_WIDTH": "00000000000000000000000000000001"
          },
          "attributes": {
            "src": "designs/56/top.sv:37.36-37.208"
          },
          "port_directions": {
            "A": "input",
            "B": "input",
            "Y": "output"
          },
          "connections": {
            "A": [ 751, 752, 753, 754, 755, 756, 757, 758, 759, 760, 761, 762, 763, 764, 765, 766, 767, 768, 769, 770, 771, 772, 773, 774, 775 ],
            "B": [ 383, 384, 385, 386, 387, 388, 389, 104, 105, 106, 107, 108, 109, 110, 111, 112, 113, 114, 115, 116, 117, 118, 119, 120, 121, 122, 123, 124 ],
            "Y": [ 239 ]
          }
        },
        "$mul$designs/56/top.sv:40$74": {
          "hide_name": 1,
          "type": "$mul",
          "parameters": {
            "A_SIGNED": "00000000000000000000000000000000",
            "A_WIDTH": "00000000000000000000000000100000",
            "B_SIGNED": "00000000000000000000000000000000",
            "B_WIDTH": "00000000000000000000000000100000",
            "Y_WIDTH": "00000000000000000000000000010010"
          },
          "attributes": {
            "src": "designs/56/top.sv:40.34-40.138"
          },
          "port_directions": {
            "A": "input",
            "B": "input",
            "Y": "output"
          },
          "connections": {
            "A": [ 497, 498, 776, 777, 778, 779, 780, 781, 782, 783, 784, 785, 786, 787, 788, 789, 790, 791, 792, 793, 794, 795, 796, 797, 798, 799, 800, 801, 802, 803, 804, 805 ],
            "B": [ 806, 807, 808, 809, 810, 811, 812, 813, 814, 815, 816, 817, 818, 819, 820, 821, 822, 823, 824, 825, 826, 827, 828, 829, 830, 831, 832, 833, 834, 835, 836, 837 ],
            "Y": [ 453, 454, 455, 456, 457, 132, 133, 134, 135, 136, 137, 138, 139, 140, 141, 142, 143, 144 ]
          }
        },
        "$mul$designs/56/top.sv:42$81": {
          "hide_name": 1,
          "type": "$mul",
          "parameters": {
            "A_SIGNED": "00000000000000000000000000000000",
            "A_WIDTH": "00000000000000000000000000011100",
            "B_SIGNED": "00000000000000000000000000000000",
            "B_WIDTH": "00000000000000000000000000000011",
            "Y_WIDTH": "00000000000000000000000000011100"
          },
          "attributes": {
            "src": "designs/56/top.sv:42.48-42.136"
          },
          "port_directions": {
            "A": "input",
            "B": "input",
            "Y": "output"
          },
          "connections": {
            "A": [ 145, 146, 147, 148, 149, 150, 151, 152, 153, 154, 155, 156, 157, 158, 159, 160, 161, 162, 163, 164, 165, 166, 167, 168, 169, 170, 171, 172 ],
            "B": [ 234, 235, 236 ],
            "Y": [ 838, 839, 840, 841, 842, 843, 844, 845, 846, 847, 848, 849, 850, 851, 852, 853, 854, 855, 856, 857, 858, 859, 860, 861, 862, 863, 864, 865 ]
          }
        },
        "$not$designs/56/top.sv:29$30": {
          "hide_name": 1,
          "type": "$not",
          "parameters": {
            "A_SIGNED": "00000000000000000000000000000000",
            "A_WIDTH": "00000000000000000000000000001111",
            "Y_WIDTH": "00000000000000000000000000001111"
          },
          "attributes": {
            "src": "designs/56/top.sv:29.117-29.130"
          },
          "port_directions": {
            "A": "input",
            "Y": "output"
          },
          "connections": {
            "A": [ 295, 296, 297, 298, 299, 45, 46, 300, 301, 302, 303, 304, 305, 306, 307 ],
            "Y": [ 600, 601, 602, 603, 604, 605, 606, 607, 608, 609, 610, 611, 612, 613, 614 ]
          }
        },
        "$not$designs/56/top.sv:40$73": {
          "hide_name": 1,
          "type": "$not",
          "parameters": {
            "A_SIGNED": "00000000000000000000000000000000",
            "A_WIDTH": "00000000000000000000000000100000",
            "Y_WIDTH": "00000000000000000000000000100000"
          },
          "attributes": {
            "src": "designs/56/top.sv:40.130-40.137"
          },
          "port_directions": {
            "A": "input",
            "Y": "output"
          },
          "connections": {
            "A": [ 391, 392, 393, 394, 395, 396, 397, 398, 399, 400, 401, 402, 403, 404, 405, 406, 407, 408, 409, 410, 411, 412, 413, 414, 415, 416, 417, 418, 419, 420, 421, 62 ],
            "Y": [ 806, 807, 808, 809, 810, 811, 812, 813, 814, 815, 816, 817, 818, 819, 820, 821, 822, 823, 824, 825, 826, 827, 828, 829, 830, 831, 832, 833, 834, 835, 836, 837 ]
          }
        },
        "$or$designs/56/top.sv:33$51": {
          "hide_name": 1,
          "type": "$or",
          "parameters": {
            "A_SIGNED": "00000000000000000000000000000000",
            "A_WIDTH": "00000000000000000000000000000010",
            "B_SIGNED": "00000000000000000000000000000000",
            "B_WIDTH": "00000000000000000000000000000010",
            "Y_WIDTH": "00000000000000000000000000000010"
          },
          "attributes": {
            "src": "designs/56/top.sv:33.23-33.47"
          },
          "port_directions": {
            "A": "input",
            "B": "input",
            "Y": "output"
          },
          "connections": {
            "A": [ 47, 48 ],
            "B": [ 234, 235 ],
            "Y": [ 372, 373 ]
          }
        },
        "$shl$designs/56/top.sv:42$82": {
          "hide_name": 1,
          "type": "$shl",
          "parameters": {
            "A_SIGNED": "00000000000000000000000000000000",
            "A_WIDTH": "00000000000000000000000000011100",
            "B_SIGNED": "00000000000000000000000000000000",
            "B_WIDTH": "00000000000000000000000000000111",
            "Y_WIDTH": "00000000000000000000000000011100"
          },
          "attributes": {
            "src": "designs/56/top.sv:42.47-42.147"
          },
          "port_directions": {
            "A": "input",
            "B": "input",
            "Y": "output"
          },
          "connections": {
            "A": [ 838, 839, 840, 841, 842, 843, 844, 845, 846, 847, 848, 849, 850, 851, 852, 853, 854, 855, 856, 857, 858, 859, 860, 861, 862, 863, 864, 865 ],
            "B": [ 240, 377, 378, 379, 380, 381, 382 ],
            "Y": [ 173, 174, 175, 176, 177, 178, 179, 180, 181, 182, 183, 184, 185, 186, 187, 188, 189, 190, 191, 192, 193, 194, 195, 196, 197, 198, 199, 200 ]
          }
        },
        "$shl$designs/56/top.sv:42$84": {
          "hide_name": 1,
          "type": "$shl",
          "parameters": {
            "A_SIGNED": "00000000000000000000000000000000",
            "A_WIDTH": "00000000000000000000000000011100",
            "B_SIGNED": "00000000000000000000000000000000",
            "B_WIDTH": "00000000000000000000000000001000",
            "Y_WIDTH": "00000000000000000000000000010011"
          },
          "attributes": {
            "src": "designs/56/top.sv:42.37-42.169"
          },
          "port_directions": {
            "A": "input",
            "B": "input",
            "Y": "output"
          },
          "connections": {
            "A": [ 201, 202, 203, 204, 205, 206, 207, 208, 209, 210, 211, 212, 213, 214, 215, 216, 217, 218, 219, 220, 221, 222, 223, 224, 225, 226, 227, 228 ],
            "B": [ 47, 48, 49, 50, 51, 52, 53, 61 ],
            "Y": [ 507, 508, 509, 510, 511, 512, 866, 867, 868, 869, 870, 871, 513, 514, 872, 515, 516, 873, 874 ]
          }
        },
        "$sub$designs/56/top.sv:25$8": {
          "hide_name": 1,
          "type": "$sub",
          "parameters": {
            "A_SIGNED": "00000000000000000000000000000000",
            "A_WIDTH": "00000000000000000000000000000110",
            "B_SIGNED": "00000000000000000000000000000000",
            "B_WIDTH": "00000000000000000000000000001000",
            "Y_WIDTH": "00000000000000000000000000001000"
          },
          "attributes": {
            "src": "designs/56/top.sv:25.59-25.150"
          },
          "port_directions": {
            "A": "input",
            "B": "input",
            "Y": "output"
          },
          "connections": {
            "A": [ "0", 534, 535, "0", "0", "0" ],
            "B": [ 2, 3, "1", "1", "1", "1", "0", "0" ],
            "Y": [ 538, 539, 540, 541, 542, 52, 53, 61 ]
          }
        },
        "$sub$designs/56/top.sv:26$13": {
          "hide_name": 1,
          "type": "$sub",
          "parameters": {
            "A_SIGNED": "00000000000000000000000000000000",
            "A_WIDTH": "00000000000000000000000000000101",
            "B_SIGNED": "00000000000000000000000000000000",
            "B_WIDTH": "00000000000000000000000000000101",
            "Y_WIDTH": "00000000000000000000000000000101"
          },
          "attributes": {
            "src": "designs/56/top.sv:26.42-26.90"
          },
          "port_directions": {
            "A": "input",
            "B": "input",
            "Y": "output"
          },
          "connections": {
            "A": [ 543, 544, 545, 546, 547 ],
            "B": [ 2, 3, 4, 5, 6 ],
            "Y": [ 18, 19, 20, 21, 22 ]
          }
        },
        "$sub$designs/56/top.sv:26$17": {
          "hide_name": 1,
          "type": "$sub",
          "parameters": {
            "A_SIGNED": "00000000000000000000000000000000",
            "A_WIDTH": "00000000000000000000000000010001",
            "B_SIGNED": "00000000000000000000000000000000",
            "B_WIDTH": "00000000000000000000000000100000",
            "Y_WIDTH": "00000000000000000000000000100000"
          },
          "attributes": {
            "src": "designs/56/top.sv:26.22-26.119"
          },
          "port_directions": {
            "A": "input",
            "B": "input",
            "Y": "output"
          },
          "connections": {
            "A": [ 23, 24, 25, 26, 27, 28, 29, 30, 31, 32, 33, 34, 35, 36, 37, 38, 39 ],
            "B": [ 255, 256, 257, 258, 259, "1", "1", "1", "1", "1", "1", "1", "1", "1", "1", "1", "1", "1", "1", "1", "1", "1", "1", "1", "1", "1", "1", "1", "1", "1", "1", "1" ],
            "Y": [ 391, 392, 393, 394, 395, 396, 397, 398, 399, 400, 401, 402, 403, 404, 405, 406, 407, 408, 409, 410, 411, 412, 413, 414, 415, 416, 417, 418, 419, 420, 421, 62 ]
          }
        },
        "$sub$designs/56/top.sv:27$20": {
          "hide_name": 1,
          "type": "$sub",
          "parameters": {
            "A_SIGNED": "00000000000000000000000000000000",
            "A_WIDTH": "00000000000000000000000000000101",
            "B_SIGNED": "00000000000000000000000000000000",
            "B_WIDTH": "00000000000000000000000000010001",
            "Y_WIDTH": "00000000000000000000000000010001"
          },
          "attributes": {
            "src": "designs/56/top.sv:27.75-27.108"
          },
          "port_directions": {
            "A": "input",
            "B": "input",
            "Y": "output"
          },
          "connections": {
            "A": [ 2, 3, 4, 5, 6 ],
            "B": [ 260, 261, 262, 263, 264, "1", "1", "1", "1", "1", "1", "1", "1", "1", "1", "1", "1" ],
            "Y": [ 548, 549, 550, 551, 552, 553, 554, 555, 556, 557, 558, 559, 560, 561, 562, 563, 564 ]
          }
        },
        "$sub$designs/56/top.sv:27$25": {
          "hide_name": 1,
          "type": "$sub",
          "parameters": {
            "A_SIGNED": "00000000000000000000000000000000",
            "A_WIDTH": "00000000000000000000000000011011",
            "B_SIGNED": "00000000000000000000000000000000",
            "B_WIDTH": "00000000000000000000000000011101",
            "Y_WIDTH": "00000000000000000000000000011101"
          },
          "attributes": {
            "src": "designs/56/top.sv:27.30-27.177"
          },
          "port_directions": {
            "A": "input",
            "B": "input",
            "Y": "output"
          },
          "connections": {
            "A": [ 465, 466, 272, 467, 468, 469, 470, 582, 583, 471, 472, 473, 584, 474, 475, 585, 586, "1", "1", "0", "1", "0", "1", "0", "0", "1", "1" ],
            "B": [ 391, 392, 393, 394, 395, 396, 397, 398, 399, 400, 401, 402, 403, 404, 405, 406, 407, 408, 409, 410, 411, 412, 413, 414, 415, 416, 417, 418, 419 ],
            "Y": [ 275, 276, 277, 278, 279, 694, 875, 876, 877, 878, 879, 880, 695, 696, 881, 697, 698, 882, 883, 884, 885, 886, 887, 888, 889, 890, 891, 892, 893 ]
          }
        },
        "$sub$designs/56/top.sv:28$27": {
          "hide_name": 1,
          "type": "$sub",
          "parameters": {
            "A_SIGNED": "00000000000000000000000000000000",
            "A_WIDTH": "00000000000000000000000000011101",
            "B_SIGNED": "00000000000000000000000000000000",
            "B_WIDTH": "00000000000000000000000000001000",
            "Y_WIDTH": "00000000000000000000000000011110"
          },
          "attributes": {
            "src": "designs/56/top.sv:28.22-28.70"
          },
          "port_directions": {
            "A": "input",
            "B": "input",
            "Y": "output"
          },
          "connections": {
            "A": [ 280, 281, 282, 283, 284, 694, 875, 876, 877, 878, 879, 880, 695, 696, 881, 697, 698, 882, 883, 884, 885, 886, 887, 888, 889, 890, 891, 892, 893 ],
            "B": [ 47, 48, 49, 50, 51, 52, 53, 61 ],
            "Y": [ 295, 296, 297, 298, 299, 45, 46, 300, 301, 302, 303, 304, 305, 306, 307, 308, 309, 310, 311, 312, 313, 314, 315, 316, 317, 318, 319, 320, 321, 322 ]
          }
        },
        "$sub$designs/56/top.sv:29$28": {
          "hide_name": 1,
          "type": "$sub",
          "parameters": {
            "A_SIGNED": "00000000000000000000000000000000",
            "A_WIDTH": "00000000000000000000000000000101",
            "B_SIGNED": "00000000000000000000000000000000",
            "B_WIDTH": "00000000000000000000000000000101",
            "Y_WIDTH": "00000000000000000000000000000101"
          },
          "attributes": {
            "src": "designs/56/top.sv:29.70-29.100"
          },
          "port_directions": {
            "A": "input",
            "B": "input",
            "Y": "output"
          },
          "connections": {
            "A": [ 234, 235, 236, 237, 238 ],
            "B": [ 2, 3, 4, 5, 6 ],
            "Y": [ 587, 588, 589, 590, 591 ]
          }
        },
        "$sub$designs/56/top.sv:29$32": {
          "hide_name": 1,
          "type": "$sub",
          "parameters": {
            "A_SIGNED": "00000000000000000000000000000000",
            "A_WIDTH": "00000000000000000000000000001111",
            "B_SIGNED": "00000000000000000000000000000000",
            "B_WIDTH": "00000000000000000000000000000101",
            "Y_WIDTH": "00000000000000000000000000001111"
          },
          "attributes": {
            "src": "designs/56/top.sv:29.41-29.146"
          },
          "port_directions": {
            "A": "input",
            "B": "input",
            "Y": "output"
          },
          "connections": {
            "A": [ 615, 616, 617, 618, 619, 620, 621, 622, 623, 624, 625, 626, 627, 628, 629 ],
            "B": [ 2, 3, 4, 5, 6 ],
            "Y": [ 285, 286, 287, 288, 289, 630, 631, 632, 633, 634, 635, 636, 637, 638, 639 ]
          }
        },
        "$sub$designs/56/top.sv:32$47": {
          "hide_name": 1,
          "type": "$sub",
          "parameters": {
            "A_SIGNED": "00000000000000000000000000000000",
            "A_WIDTH": "00000000000000000000000000001000",
            "B_SIGNED": "00000000000000000000000000000000",
            "B_WIDTH": "00000000000000000000000000000111",
            "Y_WIDTH": "00000000000000000000000000001000"
          },
          "attributes": {
            "src": "designs/56/top.sv:32.41-32.149"
          },
          "port_directions": {
            "A": "input",
            "B": "input",
            "Y": "output"
          },
          "connections": {
            "A": [ 705, 706, 707, 708, 709, 710, 711, 712 ],
            "B": [ 240, 377, 378, 379, 380, 381, 382 ],
            "Y": [ 362, 363, 894, 895, 896, 897, 898, 899 ]
          }
        },
        "$sub$designs/56/top.sv:32$48": {
          "hide_name": 1,
          "type": "$sub",
          "parameters": {
            "A_SIGNED": "00000000000000000000000000000000",
            "A_WIDTH": "00000000000000000000000000000110",
            "B_SIGNED": "00000000000000000000000000000000",
            "B_WIDTH": "00000000000000000000000000001100",
            "Y_WIDTH": "00000000000000000000000000001100"
          },
          "attributes": {
            "src": "designs/56/top.sv:32.32-32.160"
          },
          "port_directions": {
            "A": "input",
            "B": "input",
            "Y": "output"
          },
          "connections": {
            "A": [ 894, 895, 896, 897, 898, 899 ],
            "B": [ 527, 528, 529, 530, 699, 700, 701, 702, 703, 704, 531, 532 ],
            "Y": [ 364, 365, 366, 713, 714, 715, 716, 717, 718, 719, 720, 721 ]
          }
        },
        "$sub$designs/56/top.sv:35$55": {
          "hide_name": 1,
          "type": "$sub",
          "parameters": {
            "A_SIGNED": "00000000000000000000000000000000",
            "A_WIDTH": "00000000000000000000000000010001",
            "B_SIGNED": "00000000000000000000000000000000",
            "B_WIDTH": "00000000000000000000000000011100",
            "Y_WIDTH": "00000000000000000000000000011100"
          },
          "attributes": {
            "src": "designs/56/top.sv:35.64-35.121"
          },
          "port_directions": {
            "A": "input",
            "B": "input",
            "Y": "output"
          },
          "connections": {
            "A": [ 487, 488, "1", "1", "1", "1", 699, 700, 701, 702, 703, 704, "1", "1", "0", "1", "1" ],
            "B": [ 275, 276, 277, 278, 279, 694, 875, 876, 877, 878, 879, 880, 695, 696, 881, 697, 698, 882, 883, 884, 885, 886, 887, 888, 889, 890, 891, 892 ],
            "Y": [ 376, 71, 900, 901, 902, 903, 904, 905, 906, 907, 908, 909, 910, 911, 912, 913, 914, 915, 916, 917, 918, 919, 920, 921, 922, 923, 924, 925 ]
          }
        },
        "$sub$designs/56/top.sv:35$56": {
          "hide_name": 1,
          "type": "$sub",
          "parameters": {
            "A_SIGNED": "00000000000000000000000000000000",
            "A_WIDTH": "00000000000000000000000000011010",
            "B_SIGNED": "00000000000000000000000000000000",
            "B_WIDTH": "00000000000000000000000000001100",
            "Y_WIDTH": "00000000000000000000000000011010"
          },
          "attributes": {
            "src": "designs/56/top.sv:35.53-35.132"
          },
          "port_directions": {
            "A": "input",
            "B": "input",
            "Y": "output"
          },
          "connections": {
            "A": [ 900, 901, 902, 903, 904, 905, 906, 907, 908, 909, 910, 911, 912, 913, 914, 915, 916, 917, 918, 919, 920, 921, 922, 923, 924, 925 ],
            "B": [ 527, 528, 529, 530, 699, 700, 701, 702, 703, 704, 531, 532 ],
            "Y": [ 72, 73, 74, 75, 76, 77, 78, 79, 80, 81, 82, 83, 84, 85, 86, 87, 88, 89, 90, 91, 92, 93, 94, 95, 96, 97 ]
          }
        },
        "$sub$designs/56/top.sv:37$64": {
          "hide_name": 1,
          "type": "$sub",
          "parameters": {
            "A_SIGNED": "00000000000000000000000000000000",
            "A_WIDTH": "00000000000000000000000000010001",
            "B_SIGNED": "00000000000000000000000000000000",
            "B_WIDTH": "00000000000000000000000000011001",
            "Y_WIDTH": "00000000000000000000000000011001"
          },
          "attributes": {
            "src": "designs/56/top.sv:37.45-37.196"
          },
          "port_directions": {
            "A": "input",
            "B": "input",
            "Y": "output"
          },
          "connections": {
            "A": [ 374, 375, "1", "1", "1", "1", "0", "0", "0", "0", "0", "0", "1", "1", "0", "1", "1" ],
            "B": [ 671, 672, 673, 674, 675, 676, 677, 678, 679, 680, 681, 682, 683, 684, 685, 686, 687, 688, 689, 690, 691, 692, 693, 358, 359 ],
            "Y": [ 751, 752, 753, 754, 755, 756, 757, 758, 759, 760, 761, 762, 763, 764, 765, 766, 767, 768, 769, 770, 771, 772, 773, 774, 775 ]
          }
        },
        "$sub$designs/56/top.sv:39$67": {
          "hide_name": 1,
          "type": "$sub",
          "parameters": {
            "A_SIGNED": "00000000000000000000000000000000",
            "A_WIDTH": "00000000000000000000000000011101",
            "B_SIGNED": "00000000000000000000000000000000",
            "B_WIDTH": "00000000000000000000000000011101",
            "Y_WIDTH": "00000000000000000000000000011101"
          },
          "attributes": {
            "src": "designs/56/top.sv:39.34-39.49"
          },
          "port_directions": {
            "A": "input",
            "B": "input",
            "Y": "output"
          },
          "connections": {
            "A": [ 722, 723, 724, 725, 726, 727, 728, 729, 730, 731, 732, 733, 734, 735, 736, 737, 738, 739, 740, 741, 742, 743, 744, 745, 746, 747, 748, 749, 750 ],
            "B": [ 275, 276, 277, 278, 279, 694, 875, 876, 877, 878, 879, 880, 695, 696, 881, 697, 698, 882, 883, 884, 885, 886, 887, 888, 889, 890, 891, 892, 893 ],
            "Y": [ 483, 484, 489, 490, 491, 492, 926, 927, 928, 929, 930, 931, 493, 494, 932, 495, 496, 933, 934, 935, 936, 937, 938, 939, 940, 941, 942, 943, 944 ]
          }
        },
        "$sub$designs/56/top.sv:40$72": {
          "hide_name": 1,
          "type": "$sub",
          "parameters": {
            "A_SIGNED": "00000000000000000000000000000000",
            "A_WIDTH": "00000000000000000000000000011110",
            "B_SIGNED": "00000000000000000000000000000000",
            "B_WIDTH": "00000000000000000000000000001100",
            "Y_WIDTH": "00000000000000000000000000011110"
          },
          "attributes": {
            "src": "designs/56/top.sv:40.43-40.124"
          },
          "port_directions": {
            "A": "input",
            "B": "input",
            "Y": "output"
          },
          "connections": {
            "A": [ 499, 500, 501, 502, "0", "0", "0", "0", "0", "0", 503, 504, "0", 505, 506, "0", "0", "0", "0", "0", "0", "0", "0", "0", "0", "0", "0", "0", "0", "0" ],
            "B": [ 527, 528, 529, 530, 699, 700, 701, 702, 703, 704, 531, 532 ],
            "Y": [ 776, 777, 778, 779, 780, 781, 782, 783, 784, 785, 786, 787, 788, 789, 790, 791, 792, 793, 794, 795, 796, 797, 798, 799, 800, 801, 802, 803, 804, 805 ]
          }
        },
        "$xor$designs/56/top.sv:31$42": {
          "hide_name": 1,
          "type": "$xor",
          "parameters": {
            "A_SIGNED": "00000000000000000000000000000000",
            "A_WIDTH": "00000000000000000000000000000111",
            "B_SIGNED": "00000000000000000000000000000000",
            "B_WIDTH": "00000000000000000000000000000111",
            "Y_WIDTH": "00000000000000000000000000000111"
          },
          "attributes": {
            "src": "designs/56/top.sv:31.22-31.96"
          },
          "port_directions": {
            "A": "input",
            "B": "input",
            "Y": "output"
          },
          "connections": {
            "A": [ 54, 55, 56, 57, 58, 59, 60 ],
            "B": [ 275, 276, 277, 278, 279, 694, 875 ],
            "Y": [ 240, 377, 378, 379, 380, 381, 382 ]
          }
        }
      },
      "netnames": {
        "$add$designs/56/top.sv:23$1_Y": {
          "hide_name": 1,
          "bits": [ 13, 14, 15, 16, 17 ],
          "attributes": {
            "src": "designs/56/top.sv:23.44-23.67"
          }
        },
        "$add$designs/56/top.sv:26$14_Y": {
          "hide_name": 1,
          "bits": [ 23, 24, 25, 26, 27, 28, 29, 30, 31, 32, 33, 34, 35, 36, 37, 38, 39 ],
          "attributes": {
            "src": "designs/56/top.sv:26.31-26.101"
          }
        },
        "$add$designs/56/top.sv:31$41_Y": {
          "hide_name": 1,
          "bits": [ 54, 55, 56, 57, 58, 59, 60, 945, 946, 947, 948, 949, 950, 951, 952, 953, 954, 955, 956, 957, 958, 959, 960, 961, 962, 963, 964, 965, 966, 967, 968 ],
          "attributes": {
            "src": "designs/56/top.sv:31.33-31.85",
            "unused_bits": "7 8 9 10 11 12 13 14 15 16 17 18 19 20 21 22 23 24 25 26 27 28 29 30"
          }
        },
        "$add$designs/56/top.sv:32$43_Y": {
          "hide_name": 1,
          "bits": [ 63, 64, 65, 66, 67, 68, 69, 70 ],
          "attributes": {
            "src": "designs/56/top.sv:32.61-32.92",
            "unused_bits": "5 6 7"
          }
        },
        "$add$designs/56/top.sv:35$57_Y": {
          "hide_name": 1,
          "bits": [ 376, 98, 99, 100, 101, 102, 103, 104, 105, 106, 107, 108, 109, 110, 111, 112, 113, 114, 115, 116, 117, 118, 119, 120, 121, 122, 123, 124, 969 ],
          "attributes": {
            "src": "designs/56/top.sv:35.42-35.148",
            "unused_bits": "28"
          }
        },
        "$add$designs/56/top.sv:42$80_Y": {
          "hide_name": 1,
          "bits": [ 145, 146, 147, 148, 149, 150, 151, 152, 153, 154, 155, 156, 157, 158, 159, 160, 161, 162, 163, 164, 165, 166, 167, 168, 169, 170, 171, 172 ],
          "attributes": {
            "src": "designs/56/top.sv:42.49-42.121"
          }
        },
        "$add$designs/56/top.sv:42$83_Y": {
          "hide_name": 1,
          "bits": [ 201, 202, 203, 204, 205, 206, 207, 208, 209, 210, 211, 212, 213, 214, 215, 216, 217, 218, 219, 220, 221, 222, 223, 224, 225, 226, 227, 228 ],
          "attributes": {
            "src": "designs/56/top.sv:42.46-42.157"
          }
        },
        "$and$designs/56/top.sv:23$2_Y": {
          "hide_name": 1,
          "bits": [ 229, 230, 231, 232, 233 ],
          "attributes": {
            "src": "designs/56/top.sv:23.33-23.82"
          }
        },
        "$and$designs/56/top.sv:25$6_Y": {
          "hide_name": 1,
          "bits": [ 533, 534, 535, 537, 536, "0", "0", "0" ],
          "attributes": {
            "src": "designs/56/top.sv:25.79-25.130",
            "unused_bits": "0 3 4"
          }
        },
        "$and$designs/56/top.sv:30$38_Y": {
          "hide_name": 1,
          "bits": [ "0", "0", 478, 477, 476, 694, "0", "0", "0", "0", "0", "0", 695, 696, "0", 697, 698, "0", "0", "0", "0", "0", "0", "0", "0", "0", "0", "0", "0" ],
          "attributes": {
            "src": "designs/56/top.sv:30.31-30.79"
          }
        },
        "$and$designs/56/top.sv:32$44_Y": {
          "hide_name": 1,
          "bits": [ 353, 354, 355, 356, 357, "0", "0", "0" ],
          "attributes": {
            "src": "designs/56/top.sv:32.60-32.106",
            "unused_bits": "2 3 4"
          }
        },
        "$and$designs/56/top.sv:32$45_Y": {
          "hide_name": 1,
          "bits": [ 360, 361, "0", "0", "0", "0", "0", "0" ],
          "attributes": {
            "src": "designs/56/top.sv:32.51-32.124"
          }
        },
        "$and$designs/56/top.sv:40$70_Y": {
          "hide_name": 1,
          "bits": [ 422, 423, 424, 425, 426, 427, 428, 429, 430, 431, 432, 433, 434, 435, 436, 437, 438, 439, 440, 441, 442, 443, 444, 445, 446, 447, 448, 449, 450, 451, 452, "0" ],
          "attributes": {
            "src": "designs/56/top.sv:40.65-40.101",
            "unused_bits": "6 7 8 9 10 11 14 17 18 19 20 21 22 23 24 25 26 27 28 29 30"
          }
        },
        "$and$designs/56/top.sv:40$71_Y": {
          "hide_name": 1,
          "bits": [ 497, 498, 499, 500, 501, 502, "0", "0", "0", "0", "0", "0", 503, 504, "0", 505, 506, "0", "0", "0", "0", "0", "0", "0", "0", "0", "0", "0", "0", "0", "0", "0" ],
          "attributes": {
            "src": "designs/56/top.sv:40.54-40.113"
          }
        },
        "$and$designs/56/top.sv:42$85_Y": {
          "hide_name": 1,
          "bits": [ 517, 518, 519, 520, 521, 522, "0", "0", "0", "0", "0", "0", 523, 524, "0", 525, 526, "0", "0" ],
          "attributes": {
            "unused_bits": "0 1 15 16"
          }
        },
        "$auto$opt_expr.cc:205:group_cell_inputs$101": {
          "hide_name": 1,
          "bits": [ 250, 251, 252, 253, 254 ],
          "attributes": {
          }
        },
        "$auto$opt_expr.cc:205:group_cell_inputs$107": {
          "hide_name": 1,
          "bits": [ 255, 256, 257, 258, 259 ],
          "attributes": {
          }
        },
        "$auto$opt_expr.cc:205:group_cell_inputs$111": {
          "hide_name": 1,
          "bits": [ 260, 261, 262, 263, 264 ],
          "attributes": {
          }
        },
        "$auto$opt_expr.cc:205:group_cell_inputs$115": {
          "hide_name": 1,
          "bits": [ 270, 271, 272, 273, 274 ],
          "attributes": {
          }
        },
        "$auto$opt_expr.cc:205:group_cell_inputs$117": {
          "hide_name": 1,
          "bits": [ 458, 459, 582, 583, 460, 461, 462, 584, 463, 464, 585, 586 ],
          "attributes": {
          }
        },
        "$auto$opt_expr.cc:205:group_cell_inputs$120": {
          "hide_name": 1,
          "bits": [ 280, 281, 282, 283, 284 ],
          "attributes": {
          }
        },
        "$auto$opt_expr.cc:205:group_cell_inputs$123": {
          "hide_name": 1,
          "bits": [ 290, 291, 292, 293, 294 ],
          "attributes": {
          }
        },
        "$auto$opt_expr.cc:205:group_cell_inputs$125": {
          "hide_name": 1,
          "bits": [ 630, 631, 632, 633, 634, 635, 636, 637, 638, 639 ],
          "attributes": {
          }
        },
        "$auto$opt_expr.cc:205:group_cell_inputs$126": {
          "hide_name": 1,
          "bits": [ 323, 324, 325, 326, 327, 328, 329, 330, 331, 332, 333, 334, 335, 336, 337, 338, 339, 340, 341, 342, 343, 344, 345, 346, 347, 348, 349, 350, 351, 352 ],
          "attributes": {
          }
        },
        "$auto$opt_expr.cc:205:group_cell_inputs$128": {
          "hide_name": 1,
          "bits": [ 242, 243, 244 ],
          "attributes": {
          }
        },
        "$auto$opt_expr.cc:205:group_cell_inputs$141": {
          "hide_name": 1,
          "bits": [ 40, 41, 42, 43, 44 ],
          "attributes": {
          }
        },
        "$auto$opt_expr.cc:205:group_cell_inputs$152": {
          "hide_name": 1,
          "bits": [ 367, 368, 369, 370, 371 ],
          "attributes": {
          }
        },
        "$auto$opt_expr.cc:205:group_cell_inputs$154": {
          "hide_name": 1,
          "bits": [ 713, 714, 715, 716, 717, 718, 719, 720, 721 ],
          "attributes": {
          }
        },
        "$auto$opt_expr.cc:205:group_cell_inputs$164": {
          "hide_name": 1,
          "bits": [ 487, 488, "1", "1", "1" ],
          "attributes": {
          }
        },
        "$auto$opt_expr.cc:205:group_cell_inputs$185": {
          "hide_name": 1,
          "bits": [ 390 ],
          "attributes": {
          }
        },
        "$auto$opt_expr.cc:205:group_cell_inputs$199": {
          "hide_name": 1,
          "bits": [ 125, 126 ],
          "attributes": {
          }
        },
        "$auto$opt_expr.cc:205:group_cell_inputs$207": {
          "hide_name": 1,
          "bits": [ 465, 466, 467, 468, 469, 470, 471, 472, 473, 474, 475 ],
          "attributes": {
          }
        },
        "$auto$opt_expr.cc:205:group_cell_inputs$216": {
          "hide_name": 1,
          "bits": [ 479, 480, 481, 482 ],
          "attributes": {
          }
        },
        "$auto$opt_expr.cc:205:group_cell_inputs$98": {
          "hide_name": 1,
          "bits": [ 245, 246, 247, 248, 249 ],
          "attributes": {
          }
        },
        "$auto$wreduce.cc:514:run$88": {
          "hide_name": 1,
          "bits": [ 507, 508, 509, 510, 511, 512, 866, 867, 868, 869, 870, 871, 513, 514, 872, 515, 516, 873, 874, 970, 971, 972, 973, 974, 975, 976, 977, 978, 979 ],
          "attributes": {
            "src": "designs/56/top.sv:42.37-42.169",
            "unused_bits": "6 7 8 9 10 11 14 17 18 19 20 21 22 23 24 25 26 27 28"
          }
        },
        "$auto$wreduce.cc:514:run$89": {
          "hide_name": 1,
          "bits": [ 173, 174, 175, 176, 177, 178, 179, 180, 181, 182, 183, 184, 185, 186, 187, 188, 189, 190, 191, 192, 193, 194, 195, 196, 197, 198, 199, 200 ],
          "attributes": {
            "src": "designs/56/top.sv:42.47-42.147"
          }
        },
        "$auto$wreduce.cc:514:run$91": {
          "hide_name": 1,
          "bits": [ 751, 752, 753, 754, 755, 756, 757, 758, 759, 760, 761, 762, 763, 764, 765, 766, 767, 768, 769, 770, 771, 772, 773, 774, 775 ],
          "attributes": {
            "src": "designs/56/top.sv:37.45-37.196"
          }
        },
        "$mul$designs/56/top.sv:26$12_Y": {
          "hide_name": 1,
          "bits": [ 543, 544, 545, 546, 547 ],
          "attributes": {
            "src": "designs/56/top.sv:26.51-26.75"
          }
        },
        "$mul$designs/56/top.sv:27$21_Y": {
          "hide_name": 1,
          "bits": [ 565, 566, 567, 568, 569, 570, 571, 572, 573, 574, 575, 576, 577, 578, 579, 580, 581 ],
          "attributes": {
            "src": "designs/56/top.sv:27.74-27.118"
          }
        },
        "$mul$designs/56/top.sv:27$22_Y": {
          "hide_name": 1,
          "bits": [ 265, 266, 267, 268, 269, 458, 459, 582, 583, 460, 461, 462, 584, 463, 464, 585, 586 ],
          "attributes": {
            "src": "designs/56/top.sv:27.63-27.133"
          }
        },
        "$mul$designs/56/top.sv:29$29_Y": {
          "hide_name": 1,
          "bits": [ 592, 593, 594, 595, 596, 597, 598, 599 ],
          "attributes": {
            "src": "designs/56/top.sv:29.61-29.111"
          }
        },
        "$mul$designs/56/top.sv:29$31_Y": {
          "hide_name": 1,
          "bits": [ 615, 616, 617, 618, 619, 620, 621, 622, 623, 624, 625, 626, 627, 628, 629 ],
          "attributes": {
            "src": "designs/56/top.sv:29.50-29.131"
          }
        },
        "$mul$designs/56/top.sv:29$35_Y": {
          "hide_name": 1,
          "bits": [ 640, 641, 642, 643, 644, 645, 646, 647, 648, 649, 650, 651, 652, 653, 654, 655, 656, 657, 658, 659, 660, 661, 662, 663, 664, 665, 666, 667, 668, 669, 670 ],
          "attributes": {
            "src": "designs/56/top.sv:29.31-29.174"
          }
        },
        "$mul$designs/56/top.sv:32$46_Y": {
          "hide_name": 1,
          "bits": [ 705, 706, 707, 708, 709, 710, 711, 712 ],
          "attributes": {
            "src": "designs/56/top.sv:32.42-32.139"
          }
        },
        "$mul$designs/56/top.sv:37$65_Y": {
          "hide_name": 1,
          "bits": [ 239, 980, 981, 982, 983, 984, 985, 986, 987, 988, 989, 990, 991, 992, 993, 994, 995, 996, 997, 998, 999, 1000, 1001, 1002, 1003, 1004, 1005, 1006 ],
          "attributes": {
            "src": "designs/56/top.sv:37.36-37.208",
            "unused_bits": "1 2 3 4 5 6 7 8 9 10 11 12 13 14 15 16 17 18 19 20 21 22 23 24 25 26 27"
          }
        },
        "$mul$designs/56/top.sv:40$74_Y": {
          "hide_name": 1,
          "bits": [ 453, 454, 455, 456, 457, 132, 133, 134, 135, 136, 137, 138, 139, 140, 141, 142, 143, 144, 1007, 1008, 1009, 1010, 1011, 1012, 1013, 1014, 1015, 1016, 1017, 1018, 1019, 1020 ],
          "attributes": {
            "src": "designs/56/top.sv:40.34-40.138",
            "unused_bits": "18 19 20 21 22 23 24 25 26 27 28 29 30 31"
          }
        },
        "$mul$designs/56/top.sv:42$81_Y": {
          "hide_name": 1,
          "bits": [ 838, 839, 840, 841, 842, 843, 844, 845, 846, 847, 848, 849, 850, 851, 852, 853, 854, 855, 856, 857, 858, 859, 860, 861, 862, 863, 864, 865 ],
          "attributes": {
            "src": "designs/56/top.sv:42.48-42.136"
          }
        },
        "$not$designs/56/top.sv:29$30_Y": {
          "hide_name": 1,
          "bits": [ 600, 601, 602, 603, 604, 605, 606, 607, 608, 609, 610, 611, 612, 613, 614 ],
          "attributes": {
            "src": "designs/56/top.sv:29.117-29.130"
          }
        },
        "$not$designs/56/top.sv:40$73_Y": {
          "hide_name": 1,
          "bits": [ 806, 807, 808, 809, 810, 811, 812, 813, 814, 815, 816, 817, 818, 819, 820, 821, 822, 823, 824, 825, 826, 827, 828, 829, 830, 831, 832, 833, 834, 835, 836, 837 ],
          "attributes": {
            "src": "designs/56/top.sv:40.130-40.137"
          }
        },
        "$sub$designs/56/top.sv:25$8_Y": {
          "hide_name": 1,
          "bits": [ 538, 539, 540, 541, 542, 52, 53, 61, 1021, 1022, 1023, 1024, 1025, 1026, 1027, 1028, 1029 ],
          "attributes": {
            "src": "designs/56/top.sv:25.59-25.150",
            "unused_bits": "8 9 10 11 12 13 14 15 16"
          }
        },
        "$sub$designs/56/top.sv:26$13_Y": {
          "hide_name": 1,
          "bits": [ 18, 19, 20, 21, 22 ],
          "attributes": {
            "src": "designs/56/top.sv:26.42-26.90"
          }
        },
        "$sub$designs/56/top.sv:27$20_Y": {
          "hide_name": 1,
          "bits": [ 548, 549, 550, 551, 552, 553, 554, 555, 556, 557, 558, 559, 560, 561, 562, 563, 564 ],
          "attributes": {
            "src": "designs/56/top.sv:27.75-27.108"
          }
        },
        "$sub$designs/56/top.sv:29$28_Y": {
          "hide_name": 1,
          "bits": [ 587, 588, 589, 590, 591 ],
          "attributes": {
            "src": "designs/56/top.sv:29.70-29.100"
          }
        },
        "$sub$designs/56/top.sv:29$32_Y": {
          "hide_name": 1,
          "bits": [ 285, 286, 287, 288, 289, 630, 631, 632, 633, 634, 635, 636, 637, 638, 639 ],
          "attributes": {
            "src": "designs/56/top.sv:29.41-29.146"
          }
        },
        "$sub$designs/56/top.sv:32$47_Y": {
          "hide_name": 1,
          "bits": [ 362, 363, 894, 895, 896, 897, 898, 899 ],
          "attributes": {
            "src": "designs/56/top.sv:32.41-32.149"
          }
        },
        "$sub$designs/56/top.sv:32$48_Y": {
          "hide_name": 1,
          "bits": [ 362, 363, 364, 365, 366, 713, 714, 715, 716, 717, 718, 719, 720, 721 ],
          "attributes": {
            "src": "designs/56/top.sv:32.32-32.160"
          }
        },
        "$sub$designs/56/top.sv:35$55_Y": {
          "hide_name": 1,
          "bits": [ 376, 71, 900, 901, 902, 903, 904, 905, 906, 907, 908, 909, 910, 911, 912, 913, 914, 915, 916, 917, 918, 919, 920, 921, 922, 923, 924, 925, 1030 ],
          "attributes": {
            "src": "designs/56/top.sv:35.64-35.121",
            "unused_bits": "28"
          }
        },
        "$sub$designs/56/top.sv:35$56_Y": {
          "hide_name": 1,
          "bits": [ 376, 71, 72, 73, 74, 75, 76, 77, 78, 79, 80, 81, 82, 83, 84, 85, 86, 87, 88, 89, 90, 91, 92, 93, 94, 95, 96, 97, 1031 ],
          "attributes": {
            "src": "designs/56/top.sv:35.53-35.132",
            "unused_bits": "28"
          }
        },
        "$sub$designs/56/top.sv:39$67_Y": {
          "hide_name": 1,
          "bits": [ 483, 484, 489, 490, 491, 492, 926, 927, 928, 929, 930, 931, 493, 494, 932, 495, 496, 933, 934, 935, 936, 937, 938, 939, 940, 941, 942, 943, 944, 1032, 1033, 1034 ],
          "attributes": {
            "src": "designs/56/top.sv:39.34-39.49",
            "unused_bits": "6 7 8 9 10 11 14 17 18 19 20 21 22 23 24 25 26 27 28 29 30 31"
          }
        },
        "$sub$designs/56/top.sv:40$72_Y": {
          "hide_name": 1,
          "bits": [ 497, 498, 776, 777, 778, 779, 780, 781, 782, 783, 784, 785, 786, 787, 788, 789, 790, 791, 792, 793, 794, 795, 796, 797, 798, 799, 800, 801, 802, 803, 804, 805 ],
          "attributes": {
            "src": "designs/56/top.sv:40.43-40.124"
          }
        },
        "input_data": {
          "hide_name": 0,
          "bits": [ 2, 3, 4, 5, 6 ],
          "attributes": {
            "src": "designs/56/top.sv:2.17-2.27"
          }
        },
        "output_data": {
          "hide_name": 0,
          "bits": [ "0", "0", 7, 8, 9, 10, "0", "0", "0", "0", "0", "0", 11, 12, "0", "0", "0", "0", "0" ],
          "attributes": {
            "src": "designs/56/top.sv:3.19-3.30"
          }
        },
        "temp_0": {
          "hide_name": 0,
          "bits": [ 234, 235, 236, 237, 238 ],
          "attributes": {
            "src": "designs/56/top.sv:6.17-6.23"
          }
        },
        "temp_10": {
          "hide_name": 0,
          "bits": [ 372, 373 ],
          "attributes": {
            "src": "designs/56/top.sv:16.17-16.24"
          }
        },
        "temp_11": {
          "hide_name": 0,
          "bits": [ 374, 375, "1", "1", "1", "1", "0", "0", "0", "0", "0", "0", "1", "1", "0", "1", "1", "0", "0", "0", "0", "0", "0", "0", "0" ],
          "attributes": {
            "src": "designs/56/top.sv:17.18-17.25"
          }
        },
        "temp_12": {
          "hide_name": 0,
          "bits": [ 383, 384, 385, 386, 387, 388, 389, 104, 105, 106, 107, 108, 109, 110, 111, 112, 113, 114, 115, 116, 117, 118, 119, 120, 121, 122, 123, 124 ],
          "attributes": {
            "src": "designs/56/top.sv:18.18-18.25"
          }
        },
        "temp_13": {
          "hide_name": 0,
          "bits": [ 241 ],
          "attributes": {
            "single_bit_vector": "00000000000000000000000000000001",
            "src": "designs/56/top.sv:19.17-19.24"
          }
        },
        "temp_14": {
          "hide_name": 0,
          "bits": [ 485, 486, 489, 490, 491, 492, "0", "0", "0", "0", "0", "0", 493, 494, "0", 495, 496, "0", "0", "0", "0", "0", "0", "0", "0", "0", "0", "0", "0" ],
          "attributes": {
            "src": "designs/56/top.sv:20.18-20.25"
          }
        },
        "temp_15": {
          "hide_name": 0,
          "bits": [ 127, 128, 129, 130, 131, 132, 133, 134, 135, 136, 137, 138, 139, 140, 141, 142, 143, 144 ],
          "attributes": {
            "src": "designs/56/top.sv:21.18-21.25"
          }
        },
        "temp_2": {
          "hide_name": 0,
          "bits": [ 47, 48, 49, 50, 51, 52, 53, 61 ],
          "attributes": {
            "src": "designs/56/top.sv:8.17-8.23"
          }
        },
        "temp_3": {
          "hide_name": 0,
          "bits": [ 391, 392, 393, 394, 395, 396, 397, 398, 399, 400, 401, 402, 403, 404, 405, 406, 407, 408, 409, 410, 411, 412, 413, 414, 415, 416, 417, 418, 419, 420, 421, 62 ],
          "attributes": {
            "src": "designs/56/top.sv:9.18-9.24"
          }
        },
        "temp_4": {
          "hide_name": 0,
          "bits": [ 275, 276, 277, 278, 279, 694, 875, 876, 877, 878, 879, 880, 695, 696, 881, 697, 698, 882, 883, 884, 885, 886, 887, 888, 889, 890, 891, 892, 893 ],
          "attributes": {
            "src": "designs/56/top.sv:10.18-10.24"
          }
        },
        "temp_5": {
          "hide_name": 0,
          "bits": [ 295, 296, 297, 298, 299, 45, 46, 300, 301, 302, 303, 304, 305, 306, 307, 308, 309, 310, 311, 312, 313, 314, 315, 316, 317, 318, 319, 320, 321, 322, 322 ],
          "attributes": {
            "src": "designs/56/top.sv:11.18-11.24"
          }
        },
        "temp_6": {
          "hide_name": 0,
          "bits": [ 671, 672, 673, 674, 675, 676, 677, 678, 679, 680, 681, 682, 683, 684, 685, 686, 687, 688, 689, 690, 691, 692, 693, 358, 359 ],
          "attributes": {
            "src": "designs/56/top.sv:12.18-12.24"
          }
        },
        "temp_7": {
          "hide_name": 0,
          "bits": [ "0", "0", 527, 528, 529, 530, 699, 700, 701, 702, 703, 704, 531, 532 ],
          "attributes": {
            "src": "designs/56/top.sv:13.18-13.24"
          }
        },
        "temp_8": {
          "hide_name": 0,
          "bits": [ 240, 377, 378, 379, 380, 381, 382 ],
          "attributes": {
            "src": "designs/56/top.sv:14.17-14.23"
          }
        },
        "temp_9": {
          "hide_name": 0,
          "bits": [ 722, 723, 724, 725, 726, 727, 728, 729, 730, 731, 732, 733, 734, 735, 736, 737, 738, 739, 740, 741, 742, 743, 744, 745, 746, 747, 748, 749, 750, "x", "x", "x" ],
          "attributes": {
            "src": "designs/56/top.sv:15.18-15.24"
          }
        }
      }
    }
  }
}
