{
  "creator": "Yosys 0.60 (git sha1 5bafeb77dc71e054fa331ab9efa613e6fb0a1c49, clang++ 17.0.0 -fPIC -O3)",
  "modules": {
    "top": {
      "attributes": {
        "top": "00000000000000000000000000000001",
        "src": "designs/26/top.sv:1.1-40.10"
      },
      "ports": {
        "input_data": {
          "direction": "input",
          "bits": [ 2, 3, 4, 5, 6, 7, 8, 9 ]
        },
        "output_data": {
          "direction": "output",
          "bits": [ 10, "0", "0", "0", "0" ]
        }
      },
      "cells": {
        "$add$designs/26/top.sv:29$18": {
          "hide_name": 1,
          "type": "$add",
          "parameters": {
            "A_SIGNED": "00000000000000000000000000000000",
            "A_WIDTH": "00000000000000000000000000011000",
            "B_SIGNED": "00000000000000000000000000000000",
            "B_WIDTH": "00000000000000000000000000001000",
            "Y_WIDTH": "00000000000000000000000000011000"
          },
          "attributes": {
            "src": "designs/26/top.sv:29.27-29.46"
          },
          "port_directions": {
            "A": "input",
            "B": "input",
            "Y": "output"
          },
          "connections": {
            "A": [ 11, 12, 13, 14, 15, 16, 17, 18, 19, 20, 21, 22, 23, 24, 25, 26, 27, 28, 29, 30, 31, 32, 33, 34 ],
            "B": [ 2, 3, 4, 5, 6, 7, 8, 9 ],
            "Y": [ 35, 36, 37, 38, 39, 40, 41, 42, 43, 44, 45, 46, 47, 48, 49, 50, 51, 52, 53, 54, 55, 56, 57, 58 ]
          }
        },
        "$add$designs/26/top.sv:29$24": {
          "hide_name": 1,
          "type": "$add",
          "parameters": {
            "A_SIGNED": "00000000000000000000000000000000",
            "A_WIDTH": "00000000000000000000000000001110",
            "B_SIGNED": "00000000000000000000000000000000",
            "B_WIDTH": "00000000000000000000000000001000",
            "Y_WIDTH": "00000000000000000000000000001110"
          },
          "attributes": {
            "src": "designs/26/top.sv:29.23-29.101"
          },
          "port_directions": {
            "A": "input",
            "B": "input",
            "Y": "output"
          },
          "connections": {
            "A": [ 59, 60, 61, 62, 63, 64, 65, 66, 67, 68, 69, 70, 71, 72 ],
            "B": [ 2, 3, 4, 5, 6, 7, 8, 9 ],
            "Y": [ 73, 74, 75, 76, 77, 78, 79, 80, 81, 82, 83, 84, 85, 86 ]
          }
        },
        "$add$designs/26/top.sv:33$45": {
          "hide_name": 1,
          "type": "$add",
          "parameters": {
            "A_SIGNED": "00000000000000000000000000000000",
            "A_WIDTH": "00000000000000000000000000001110",
            "B_SIGNED": "00000000000000000000000000000000",
            "B_WIDTH": "00000000000000000000000000000010",
            "Y_WIDTH": "00000000000000000000000000001111"
          },
          "attributes": {
            "src": "designs/26/top.sv:33.63-33.138"
          },
          "port_directions": {
            "A": "input",
            "B": "input",
            "Y": "output"
          },
          "connections": {
            "A": [ 87, 88, 89, 90, 91, 92, 93, 94, "0", "0", "0", "0", "0", "0" ],
            "B": [ 95, 96 ],
            "Y": [ 97, 98, 99, 100, 101, 102, 103, 104, 105, 106, 107, 108, 109, 110, 111 ]
          }
        },
        "$auto$opt_expr.cc:276:group_cell_inputs$102": {
          "hide_name": 1,
          "type": "$not",
          "parameters": {
            "A_SIGNED": "00000000000000000000000000000000",
            "A_WIDTH": "00000000000000000000000000001000",
            "Y_WIDTH": "00000000000000000000000000001000"
          },
          "attributes": {
          },
          "port_directions": {
            "A": "input",
            "Y": "output"
          },
          "connections": {
            "A": [ 2, 3, 4, 5, 6, 7, 8, 9 ],
            "Y": [ 112, 113, 114, 115, 116, 117, 118, 119 ]
          }
        },
        "$auto$opt_expr.cc:276:group_cell_inputs$106": {
          "hide_name": 1,
          "type": "$and",
          "parameters": {
            "A_SIGNED": "00000000000000000000000000000000",
            "A_WIDTH": "00000000000000000000000000001000",
            "B_SIGNED": "00000000000000000000000000000000",
            "B_WIDTH": "00000000000000000000000000001000",
            "Y_WIDTH": "00000000000000000000000000001000"
          },
          "attributes": {
          },
          "port_directions": {
            "A": "input",
            "B": "input",
            "Y": "output"
          },
          "connections": {
            "A": [ 73, 74, 75, 76, 77, 78, 79, 80 ],
            "B": [ 2, 3, 4, 5, 6, 7, 8, 9 ],
            "Y": [ 120, 121, 122, 123, 124, 125, 126, 127 ]
          }
        },
        "$auto$opt_expr.cc:276:group_cell_inputs$129": {
          "hide_name": 1,
          "type": "$xor",
          "parameters": {
            "A_SIGNED": "00000000000000000000000000000000",
            "A_WIDTH": "00000000000000000000000000000100",
            "B_SIGNED": "00000000000000000000000000000000",
            "B_WIDTH": "00000000000000000000000000000100",
            "Y_WIDTH": "00000000000000000000000000000100"
          },
          "attributes": {
          },
          "port_directions": {
            "A": "input",
            "B": "input",
            "Y": "output"
          },
          "connections": {
            "A": [ 120, 121, 122, 123 ],
            "B": [ 128, 129, 130, 131 ],
            "Y": [ 132, 133, 134, 135 ]
          }
        },
        "$auto$opt_expr.cc:276:group_cell_inputs$132": {
          "hide_name": 1,
          "type": "$or",
          "parameters": {
            "A_SIGNED": "00000000000000000000000000000000",
            "A_WIDTH": "00000000000000000000000000001000",
            "B_SIGNED": "00000000000000000000000000000000",
            "B_WIDTH": "00000000000000000000000000001000",
            "Y_WIDTH": "00000000000000000000000000001000"
          },
          "attributes": {
          },
          "port_directions": {
            "A": "input",
            "B": "input",
            "Y": "output"
          },
          "connections": {
            "A": [ 136, 137, 138, 139, 140, 141, 142, 143 ],
            "B": [ 2, 3, 4, 5, 6, 7, 8, 9 ],
            "Y": [ 144, 145, 146, 147, 148, 149, 150, 151 ]
          }
        },
        "$auto$opt_expr.cc:276:group_cell_inputs$135": {
          "hide_name": 1,
          "type": "$and",
          "parameters": {
            "A_SIGNED": "00000000000000000000000000000000",
            "A_WIDTH": "00000000000000000000000000001000",
            "B_SIGNED": "00000000000000000000000000000000",
            "B_WIDTH": "00000000000000000000000000001000",
            "Y_WIDTH": "00000000000000000000000000001000"
          },
          "attributes": {
          },
          "port_directions": {
            "A": "input",
            "B": "input",
            "Y": "output"
          },
          "connections": {
            "A": [ 144, 145, 146, 147, 148, 149, 150, 151 ],
            "B": [ 2, 3, 4, 5, 6, 7, 8, 9 ],
            "Y": [ 87, 88, 89, 90, 91, 92, 93, 94 ]
          }
        },
        "$auto$opt_expr.cc:276:group_cell_inputs$139": {
          "hide_name": 1,
          "type": "$or",
          "parameters": {
            "A_SIGNED": "00000000000000000000000000000000",
            "A_WIDTH": "00000000000000000000000000001111",
            "B_SIGNED": "00000000000000000000000000000000",
            "B_WIDTH": "00000000000000000000000000001111",
            "Y_WIDTH": "00000000000000000000000000001111"
          },
          "attributes": {
          },
          "port_directions": {
            "A": "input",
            "B": "input",
            "Y": "output"
          },
          "connections": {
            "A": [ 97, 98, 99, 100, 101, 102, 103, 104, 105, 106, 107, 108, 109, 110, 111 ],
            "B": [ 11, 12, 13, 14, 15, 16, 17, 18, 19, 20, 21, 22, 23, 24, 25 ],
            "Y": [ 152, 153, 154, 155, 156, 157, 158, 159, 160, 161, 162, 163, 164, 165, 166 ]
          }
        },
        "$auto$opt_expr.cc:276:group_cell_inputs$142": {
          "hide_name": 1,
          "type": "$not",
          "parameters": {
            "A_SIGNED": "00000000000000000000000000000000",
            "A_WIDTH": "00000000000000000000000000000011",
            "Y_WIDTH": "00000000000000000000000000000011"
          },
          "attributes": {
          },
          "port_directions": {
            "A": "input",
            "Y": "output"
          },
          "connections": {
            "A": [ 167, 168, 169 ],
            "Y": [ 170, 171, 172 ]
          }
        },
        "$auto$opt_expr.cc:276:group_cell_inputs$150": {
          "hide_name": 1,
          "type": "$and",
          "parameters": {
            "A_SIGNED": "00000000000000000000000000000000",
            "A_WIDTH": "00000000000000000000000000001000",
            "B_SIGNED": "00000000000000000000000000000000",
            "B_WIDTH": "00000000000000000000000000001000",
            "Y_WIDTH": "00000000000000000000000000001000"
          },
          "attributes": {
          },
          "port_directions": {
            "A": "input",
            "B": "input",
            "Y": "output"
          },
          "connections": {
            "A": [ 173, 174, 175, 176, 177, 178, 179, 180 ],
            "B": [ 112, 113, 114, 115, 116, 117, 118, 119 ],
            "Y": [ 59, 60, 61, 62, 63, 64, 65, 66 ]
          }
        },
        "$auto$opt_expr.cc:276:group_cell_inputs$73": {
          "hide_name": 1,
          "type": "$or",
          "parameters": {
            "A_SIGNED": "00000000000000000000000000000000",
            "A_WIDTH": "00000000000000000000000000000100",
            "B_SIGNED": "00000000000000000000000000000000",
            "B_WIDTH": "00000000000000000000000000000100",
            "Y_WIDTH": "00000000000000000000000000000100"
          },
          "attributes": {
          },
          "port_directions": {
            "A": "input",
            "B": "input",
            "Y": "output"
          },
          "connections": {
            "A": [ 2, 3, 4, 5 ],
            "B": [ 2, 3, 4, 5 ],
            "Y": [ 181, 182, 183, 184 ]
          }
        },
        "$auto$opt_expr.cc:276:group_cell_inputs$76": {
          "hide_name": 1,
          "type": "$and",
          "parameters": {
            "A_SIGNED": "00000000000000000000000000000000",
            "A_WIDTH": "00000000000000000000000000000100",
            "B_SIGNED": "00000000000000000000000000000000",
            "B_WIDTH": "00000000000000000000000000000100",
            "Y_WIDTH": "00000000000000000000000000000100"
          },
          "attributes": {
          },
          "port_directions": {
            "A": "input",
            "B": "input",
            "Y": "output"
          },
          "connections": {
            "A": [ 2, 3, 4, 5 ],
            "B": [ 181, 182, 183, 184 ],
            "Y": [ 185, 186, 187, 188 ]
          }
        },
        "$auto$opt_expr.cc:276:group_cell_inputs$80": {
          "hide_name": 1,
          "type": "$and",
          "parameters": {
            "A_SIGNED": "00000000000000000000000000000000",
            "A_WIDTH": "00000000000000000000000000000010",
            "B_SIGNED": "00000000000000000000000000000000",
            "B_WIDTH": "00000000000000000000000000000010",
            "Y_WIDTH": "00000000000000000000000000000010"
          },
          "attributes": {
          },
          "port_directions": {
            "A": "input",
            "B": "input",
            "Y": "output"
          },
          "connections": {
            "A": [ 185, 186 ],
            "B": [ 2, 3 ],
            "Y": [ 189, 190 ]
          }
        },
        "$auto$opt_expr.cc:276:group_cell_inputs$84": {
          "hide_name": 1,
          "type": "$xor",
          "parameters": {
            "A_SIGNED": "00000000000000000000000000000000",
            "A_WIDTH": "00000000000000000000000000000100",
            "B_SIGNED": "00000000000000000000000000000000",
            "B_WIDTH": "00000000000000000000000000000100",
            "Y_WIDTH": "00000000000000000000000000000100"
          },
          "attributes": {
          },
          "port_directions": {
            "A": "input",
            "B": "input",
            "Y": "output"
          },
          "connections": {
            "A": [ 3, 4, 5, 6 ],
            "B": [ 2, 3, 4, 5 ],
            "Y": [ 191, 192, 193, 194 ]
          }
        },
        "$auto$opt_expr.cc:276:group_cell_inputs$91": {
          "hide_name": 1,
          "type": "$not",
          "parameters": {
            "A_SIGNED": "00000000000000000000000000000000",
            "A_WIDTH": "00000000000000000000000000000111",
            "Y_WIDTH": "00000000000000000000000000000111"
          },
          "attributes": {
          },
          "port_directions": {
            "A": "input",
            "Y": "output"
          },
          "connections": {
            "A": [ 95, 96, 195, 196, 197, 198, 199 ],
            "Y": [ 200, 201, 202, 203, 204, 205, 206 ]
          }
        },
        "$auto$opt_expr.cc:276:group_cell_inputs$95": {
          "hide_name": 1,
          "type": "$or",
          "parameters": {
            "A_SIGNED": "00000000000000000000000000000000",
            "A_WIDTH": "00000000000000000000000000001000",
            "B_SIGNED": "00000000000000000000000000000000",
            "B_WIDTH": "00000000000000000000000000001000",
            "Y_WIDTH": "00000000000000000000000000001000"
          },
          "attributes": {
          },
          "port_directions": {
            "A": "input",
            "B": "input",
            "Y": "output"
          },
          "connections": {
            "A": [ 207, 208, 209, 210, 211, 212, 213, 214 ],
            "B": [ 2, 3, 4, 5, 6, 7, 8, 9 ],
            "Y": [ 11, 12, 13, 14, 15, 16, 17, 18 ]
          }
        },
        "$auto$opt_expr.cc:276:group_cell_inputs$98": {
          "hide_name": 1,
          "type": "$and",
          "parameters": {
            "A_SIGNED": "00000000000000000000000000000000",
            "A_WIDTH": "00000000000000000000000000000101",
            "B_SIGNED": "00000000000000000000000000000000",
            "B_WIDTH": "00000000000000000000000000000101",
            "Y_WIDTH": "00000000000000000000000000000101"
          },
          "attributes": {
          },
          "port_directions": {
            "A": "input",
            "B": "input",
            "Y": "output"
          },
          "connections": {
            "A": [ 2, 3, 4, 5, 6 ],
            "B": [ 181, 182, 183, 184, 6 ],
            "Y": [ 215, 216, 217, 218, 219 ]
          }
        },
        "$mul$designs/26/top.sv:26$6": {
          "hide_name": 1,
          "type": "$mul",
          "parameters": {
            "A_SIGNED": "00000000000000000000000000000000",
            "A_WIDTH": "00000000000000000000000000000111",
            "B_SIGNED": "00000000000000000000000000000000",
            "B_WIDTH": "00000000000000000000000000011010",
            "Y_WIDTH": "00000000000000000000000000000111"
          },
          "attributes": {
            "src": "designs/26/top.sv:26.50-26.88"
          },
          "port_directions": {
            "A": "input",
            "B": "input",
            "Y": "output"
          },
          "connections": {
            "A": [ 191, 192, 193, 194, 7, 8, 9 ],
            "B": [ 112, 113, 114, 115, 116, 117, 118, 119, "1", "1", "1", "1", "1", "1", "1", "1", "1", "1", "1", "1", "1", "1", "1", "1", "1", "1" ],
            "Y": [ 220, 221, 222, 223, 224, 225, 226 ]
          }
        },
        "$mul$designs/26/top.sv:27$13": {
          "hide_name": 1,
          "type": "$mul",
          "parameters": {
            "A_SIGNED": "00000000000000000000000000000001",
            "A_WIDTH": "00000000000000000000000000000110",
            "B_SIGNED": "00000000000000000000000000000001",
            "B_WIDTH": "00000000000000000000000000011000",
            "Y_WIDTH": "00000000000000000000000000011000"
          },
          "attributes": {
            "src": "designs/26/top.sv:27.23-27.63"
          },
          "port_directions": {
            "A": "input",
            "B": "input",
            "Y": "output"
          },
          "connections": {
            "A": [ 227, 228, 229, 230, 231, 232 ],
            "B": [ 200, 201, 202, 203, 204, 205, 206, "1", "1", "1", "1", "1", "1", "1", "1", "1", "1", "1", "1", "1", "1", "1", "1", "1" ],
            "Y": [ 207, 208, 209, 210, 211, 212, 213, 214, 19, 20, 21, 22, 23, 24, 25, 26, 27, 28, 29, 30, 31, 32, 33, 34 ]
          }
        },
        "$mul$designs/26/top.sv:28$16": {
          "hide_name": 1,
          "type": "$mul",
          "parameters": {
            "A_SIGNED": "00000000000000000000000000000000",
            "A_WIDTH": "00000000000000000000000000001000",
            "B_SIGNED": "00000000000000000000000000000000",
            "B_WIDTH": "00000000000000000000000000001000",
            "Y_WIDTH": "00000000000000000000000000010000"
          },
          "attributes": {
            "src": "designs/26/top.sv:28.31-28.66"
          },
          "port_directions": {
            "A": "input",
            "B": "input",
            "Y": "output"
          },
          "connections": {
            "A": [ 215, 216, 217, 218, 219, "0", "0", "0" ],
            "B": [ 2, 3, 4, 5, 6, 7, 8, 9 ],
            "Y": [ 233, 234, 235, 236, 237, 238, 239, 240, 241, 242, 243, 244, 245, 246, 247, 248 ]
          }
        },
        "$mul$designs/26/top.sv:28$17": {
          "hide_name": 1,
          "type": "$mul",
          "parameters": {
            "A_SIGNED": "00000000000000000000000000000000",
            "A_WIDTH": "00000000000000000000000000010000",
            "B_SIGNED": "00000000000000000000000000000000",
            "B_WIDTH": "00000000000000000000000000001000",
            "Y_WIDTH": "00000000000000000000000000000100"
          },
          "attributes": {
            "src": "designs/26/top.sv:28.30-28.76"
          },
          "port_directions": {
            "A": "input",
            "B": "input",
            "Y": "output"
          },
          "connections": {
            "A": [ 233, 234, 235, 236, 237, 238, 239, 240, 241, 242, 243, 244, 245, 246, 247, 248 ],
            "B": [ 2, 3, 4, 5, 6, 7, 8, 9 ],
            "Y": [ 128, 129, 130, 131 ]
          }
        },
        "$mul$designs/26/top.sv:29$19": {
          "hide_name": 1,
          "type": "$mul",
          "parameters": {
            "A_SIGNED": "00000000000000000000000000000000",
            "A_WIDTH": "00000000000000000000000000011000",
            "B_SIGNED": "00000000000000000000000000000000",
            "B_WIDTH": "00000000000000000000000000001000",
            "Y_WIDTH": "00000000000000000000000000011000"
          },
          "attributes": {
            "src": "designs/26/top.sv:29.26-29.60"
          },
          "port_directions": {
            "A": "input",
            "B": "input",
            "Y": "output"
          },
          "connections": {
            "A": [ 35, 36, 37, 38, 39, 40, 41, 42, 43, 44, 45, 46, 47, 48, 49, 50, 51, 52, 53, 54, 55, 56, 57, 58 ],
            "B": [ 2, 3, 4, 5, 6, 7, 8, 9 ],
            "Y": [ 249, 250, 251, 252, 253, 254, 255, 256, 257, 258, 259, 260, 261, 262, 263, 264, 265, 266, 267, 268, 269, 270, 271, 272 ]
          }
        },
        "$mul$designs/26/top.sv:29$20": {
          "hide_name": 1,
          "type": "$mul",
          "parameters": {
            "A_SIGNED": "00000000000000000000000000000000",
            "A_WIDTH": "00000000000000000000000000011000",
            "B_SIGNED": "00000000000000000000000000000000",
            "B_WIDTH": "00000000000000000000000000011000",
            "Y_WIDTH": "00000000000000000000000000001110"
          },
          "attributes": {
            "src": "designs/26/top.sv:29.25-29.70"
          },
          "port_directions": {
            "A": "input",
            "B": "input",
            "Y": "output"
          },
          "connections": {
            "A": [ 249, 250, 251, 252, 253, 254, 255, 256, 257, 258, 259, 260, 261, 262, 263, 264, 265, 266, 267, 268, 269, 270, 271, 272 ],
            "B": [ 11, 12, 13, 14, 15, 16, 17, 18, 19, 20, 21, 22, 23, 24, 25, 26, 27, 28, 29, 30, 31, 32, 33, 34 ],
            "Y": [ 173, 174, 175, 176, 177, 178, 179, 180, 67, 68, 69, 70, 71, 72 ]
          }
        },
        "$mul$designs/26/top.sv:33$42": {
          "hide_name": 1,
          "type": "$mul",
          "parameters": {
            "A_SIGNED": "00000000000000000000000000000000",
            "A_WIDTH": "00000000000000000000000000000111",
            "B_SIGNED": "00000000000000000000000000000000",
            "B_WIDTH": "00000000000000000000000000001110",
            "Y_WIDTH": "00000000000000000000000000001110"
          },
          "attributes": {
            "src": "designs/26/top.sv:33.74-33.94"
          },
          "port_directions": {
            "A": "input",
            "B": "input",
            "Y": "output"
          },
          "connections": {
            "A": [ 11, 12, 13, 14, 15, 16, 17 ],
            "B": [ 120, 121, 122, 123, 124, 125, 126, 127, "0", "0", "0", "0", "0", "0" ],
            "Y": [ 136, 137, 138, 139, 140, 141, 142, 143, 273, 274, 275, 276, 277, 278 ]
          }
        },
        "$mul$designs/26/top.sv:38$56": {
          "hide_name": 1,
          "type": "$mul",
          "parameters": {
            "A_SIGNED": "00000000000000000000000000000000",
            "A_WIDTH": "00000000000000000000000000000110",
            "B_SIGNED": "00000000000000000000000000000000",
            "B_WIDTH": "00000000000000000000000000011011",
            "Y_WIDTH": "00000000000000000000000000011011"
          },
          "attributes": {
            "src": "designs/26/top.sv:38.29-38.50"
          },
          "port_directions": {
            "A": "input",
            "B": "input",
            "Y": "output"
          },
          "connections": {
            "A": [ 95, 96, 195, 196, 197, 198 ],
            "B": [ 279, 280, 281, 282, 283, 284, 285, 286, 287, 288, 289, 290, 291, 292, 293, 294, 295, 296, 297, 298, 299, 300, 301, 302, 303, 303, 303 ],
            "Y": [ 304, 305, 306, 307, 308, 309, 310, 311, 312, 313, 314, 315, 316, 317, 318, 319, 320, 321, 322, 323, 324, 325, 326, 327, 328, 329, 330 ]
          }
        },
        "$ne$designs/26/top.sv:38$59": {
          "hide_name": 1,
          "type": "$ne",
          "parameters": {
            "A_SIGNED": "00000000000000000000000000000000",
            "A_WIDTH": "00000000000000000000000000011011",
            "B_SIGNED": "00000000000000000000000000000000",
            "B_WIDTH": "00000000000000000000000000011011",
            "Y_WIDTH": "00000000000000000000000000000001"
          },
          "attributes": {
            "src": "designs/26/top.sv:38.28-38.64"
          },
          "port_directions": {
            "A": "input",
            "B": "input",
            "Y": "output"
          },
          "connections": {
            "A": [ 304, 305, 306, 307, 308, 309, 310, 311, 312, 313, 314, 315, 316, 317, 318, 319, 320, 321, 322, 323, 324, 325, 326, 327, 328, 329, 330 ],
            "B": [ 170, 171, 172, "1", "1", "1", "1", "1", "1", "1", "1", "1", "1", "1", "1", "1", "1", "1", "1", "1", "1", "1", "1", "1", "1", "1", "1" ],
            "Y": [ 331 ]
          }
        },
        "$ne$designs/26/top.sv:38$61": {
          "hide_name": 1,
          "type": "$ne",
          "parameters": {
            "A_SIGNED": "00000000000000000000000000000000",
            "A_WIDTH": "00000000000000000000000000000001",
            "B_SIGNED": "00000000000000000000000000000000",
            "B_WIDTH": "00000000000000000000000000000110",
            "Y_WIDTH": "00000000000000000000000000000001"
          },
          "attributes": {
            "src": "designs/26/top.sv:38.27-38.78"
          },
          "port_directions": {
            "A": "input",
            "B": "input",
            "Y": "output"
          },
          "connections": {
            "A": [ 331 ],
            "B": [ 332, 333, 334, 335, 336, 337 ],
            "Y": [ 10 ]
          }
        },
        "$not$designs/26/top.sv:36$54": {
          "hide_name": 1,
          "type": "$not",
          "parameters": {
            "A_SIGNED": "00000000000000000000000000000000",
            "A_WIDTH": "00000000000000000000000000000110",
            "Y_WIDTH": "00000000000000000000000000000110"
          },
          "attributes": {
            "src": "designs/26/top.sv:36.38-36.45"
          },
          "port_directions": {
            "A": "input",
            "Y": "output"
          },
          "connections": {
            "A": [ 120, 121, 122, 123, 124, 125 ],
            "Y": [ 332, 333, 334, 335, 336, 337 ]
          }
        },
        "$reduce_bool$designs/26/top.sv:26$7": {
          "hide_name": 1,
          "type": "$reduce_bool",
          "parameters": {
            "A_SIGNED": "00000000000000000000000000000000",
            "A_WIDTH": "00000000000000000000000000000100",
            "Y_WIDTH": "00000000000000000000000000000001"
          },
          "attributes": {
            "src": "designs/26/top.sv:26.21-26.89"
          },
          "port_directions": {
            "A": "input",
            "Y": "output"
          },
          "connections": {
            "A": [ 2, 3, 4, 5 ],
            "Y": [ 338 ]
          }
        },
        "$reduce_bool$designs/26/top.sv:33$48": {
          "hide_name": 1,
          "type": "$reduce_bool",
          "parameters": {
            "A_SIGNED": "00000000000000000000000000000000",
            "A_WIDTH": "00000000000000000000000000000101",
            "Y_WIDTH": "00000000000000000000000000000001"
          },
          "attributes": {
            "src": "designs/26/top.sv:33.22-33.159"
          },
          "port_directions": {
            "A": "input",
            "Y": "output"
          },
          "connections": {
            "A": [ 181, 182, 183, 184, 6 ],
            "Y": [ 339 ]
          }
        },
        "$sub$designs/26/top.sv:27$10": {
          "hide_name": 1,
          "type": "$sub",
          "parameters": {
            "A_SIGNED": "00000000000000000000000000000000",
            "A_WIDTH": "00000000000000000000000000000101",
            "B_SIGNED": "00000000000000000000000000000000",
            "B_WIDTH": "00000000000000000000000000000100",
            "Y_WIDTH": "00000000000000000000000000000110"
          },
          "attributes": {
            "src": "designs/26/top.sv:27.24-27.50"
          },
          "port_directions": {
            "A": "input",
            "B": "input",
            "Y": "output"
          },
          "connections": {
            "A": [ 181, 182, 183, 184, 6 ],
            "B": [ 2, 3, 4, 5 ],
            "Y": [ 227, 228, 229, 230, 231, 232 ]
          }
        },
        "$sub$designs/26/top.sv:33$47": {
          "hide_name": 1,
          "type": "$sub",
          "parameters": {
            "A_SIGNED": "00000000000000000000000000000000",
            "A_WIDTH": "00000000000000000000000000011000",
            "B_SIGNED": "00000000000000000000000000000000",
            "B_WIDTH": "00000000000000000000000000000101",
            "Y_WIDTH": "00000000000000000000000000011001"
          },
          "attributes": {
            "src": "designs/26/top.sv:33.61-33.158"
          },
          "port_directions": {
            "A": "input",
            "B": "input",
            "Y": "output"
          },
          "connections": {
            "A": [ 152, 153, 154, 155, 156, 157, 158, 159, 160, 161, 162, 163, 164, 165, 166, 26, 27, 28, 29, 30, 31, 32, 33, 34 ],
            "B": [ 181, 182, 183, 184, 6 ],
            "Y": [ 340, 341, 342, 343, 344, 345, 346, 347, 348, 349, 350, 351, 352, 353, 354, 355, 356, 357, 358, 359, 360, 361, 362, 363, 364 ]
          }
        },
        "$ternary$designs/26/top.sv:26$9": {
          "hide_name": 1,
          "type": "$mux",
          "parameters": {
            "WIDTH": "00000000000000000000000000000111"
          },
          "attributes": {
            "src": "designs/26/top.sv:26.21-26.89"
          },
          "port_directions": {
            "A": "input",
            "B": "input",
            "S": "input",
            "Y": "output"
          },
          "connections": {
            "A": [ 220, 221, 222, 223, 224, 225, 226 ],
            "B": [ 189, 190, "0", "0", "0", "0", "0" ],
            "S": [ 338 ],
            "Y": [ 95, 96, 195, 196, 197, 198, 199 ]
          }
        },
        "$ternary$designs/26/top.sv:33$49": {
          "hide_name": 1,
          "type": "$mux",
          "parameters": {
            "WIDTH": "00000000000000000000000000011001"
          },
          "attributes": {
            "src": "designs/26/top.sv:33.22-33.159"
          },
          "port_directions": {
            "A": "input",
            "B": "input",
            "S": "input",
            "Y": "output"
          },
          "connections": {
            "A": [ 340, 341, 342, 343, 344, 345, 346, 347, 348, 349, 350, 351, 352, 353, 354, 355, 356, 357, 358, 359, 360, 361, 362, 363, 364 ],
            "B": [ 132, 133, 134, 135, 124, 125, 126, 127, "0", "0", "0", "0", "0", "0", "0", "0", "0", "0", "0", "0", "0", "0", "0", "0", "0" ],
            "S": [ 339 ],
            "Y": [ 279, 280, 281, 282, 283, 284, 285, 286, 287, 288, 289, 290, 291, 292, 293, 294, 295, 296, 297, 298, 299, 300, 301, 302, 303 ]
          }
        },
        "$xor$designs/26/top.sv:30$26": {
          "hide_name": 1,
          "type": "$xor",
          "parameters": {
            "A_SIGNED": "00000000000000000000000000000000",
            "A_WIDTH": "00000000000000000000000000000011",
            "B_SIGNED": "00000000000000000000000000000000",
            "B_WIDTH": "00000000000000000000000000000011",
            "Y_WIDTH": "00000000000000000000000000000011"
          },
          "attributes": {
            "src": "designs/26/top.sv:30.22-30.37"
          },
          "port_directions": {
            "A": "input",
            "B": "input",
            "Y": "output"
          },
          "connections": {
            "A": [ 2, 3, 4 ],
            "B": [ 128, 129, 130 ],
            "Y": [ 167, 168, 169 ]
          }
        }
      },
      "netnames": {
        "$add$designs/26/top.sv:29$18_Y": {
          "hide_name": 1,
          "bits": [ 35, 36, 37, 38, 39, 40, 41, 42, 43, 44, 45, 46, 47, 48, 49, 50, 51, 52, 53, 54, 55, 56, 57, 58 ],
          "attributes": {
            "src": "designs/26/top.sv:29.27-29.46"
          }
        },
        "$add$designs/26/top.sv:29$24_Y": {
          "hide_name": 1,
          "bits": [ 73, 74, 75, 76, 77, 78, 79, 80, 81, 82, 83, 84, 85, 86, 365, 366, 367, 368, 369, 370, 371, 372, 373, 374 ],
          "attributes": {
            "src": "designs/26/top.sv:29.23-29.101",
            "unused_bits": "8 9 10 11 12 13 14 15 16 17 18 19 20 21 22 23"
          }
        },
        "$add$designs/26/top.sv:33$45_Y": {
          "hide_name": 1,
          "bits": [ 97, 98, 99, 100, 101, 102, 103, 104, 105, 106, 107, 108 ],
          "attributes": {
          }
        },
        "$and$designs/26/top.sv:25$2_Y": {
          "hide_name": 1,
          "bits": [ 185, 186, 187, 188, "0", "0", "0", 375, "0", "0", "0", "0", "0", "0", "0", "0", "0", "0", "0", "0", "0", "0", "0", "0", "0", "0", "0", "0" ],
          "attributes": {
            "src": "designs/26/top.sv:25.28-25.48",
            "unused_bits": "2 3 7"
          }
        },
        "$and$designs/26/top.sv:28$15_Y": {
          "hide_name": 1,
          "bits": [ 215, 216, 217, 218, 219, "0", "0", "0", "0", "0", "0", "0", "0", "0", "0", "0", "0", "0", "0", "0", "0", "0", "0", "0", "0", "0" ],
          "attributes": {
            "src": "designs/26/top.sv:28.40-28.55"
          }
        },
        "$and$designs/26/top.sv:29$23_Y": {
          "hide_name": 1,
          "bits": [ 59, 60, 61, 62, 63, 64, 65, 66, 67, 68, 69, 70, 71, 72, 376, 377, 378, 379, 380, 381, 382, 383, 384, 385 ],
          "attributes": {
            "src": "designs/26/top.sv:29.24-29.87",
            "unused_bits": "14 15 16 17 18 19 20 21 22 23"
          }
        },
        "$and$designs/26/top.sv:33$44_Y": {
          "hide_name": 1,
          "bits": [ 87, 88, 89, 90 ],
          "attributes": {
          }
        },
        "$auto$opt_expr.cc:205:group_cell_inputs$101": {
          "hide_name": 1,
          "bits": [ 112, 113, 114, 115, 116, 117, 118, 119 ],
          "attributes": {
          }
        },
        "$auto$opt_expr.cc:205:group_cell_inputs$128": {
          "hide_name": 1,
          "bits": [ 132, 133, 134, 135 ],
          "attributes": {
          }
        },
        "$auto$opt_expr.cc:205:group_cell_inputs$131": {
          "hide_name": 1,
          "bits": [ 144, 145, 146, 147, 148, 149, 150, 151 ],
          "attributes": {
          }
        },
        "$auto$opt_expr.cc:205:group_cell_inputs$133": {
          "hide_name": 1,
          "bits": [ 273, 274, 275, 276, 277, 278 ],
          "attributes": {
            "unused_bits": "0 1 2 3 4 5"
          }
        },
        "$auto$opt_expr.cc:205:group_cell_inputs$134": {
          "hide_name": 1,
          "bits": [ 87, 88, 89, 90, 91, 92, 93, 94 ],
          "attributes": {
          }
        },
        "$auto$opt_expr.cc:205:group_cell_inputs$138": {
          "hide_name": 1,
          "bits": [ 152, 153, 154, 155, 156, 157, 158, 159, 160, 161, 162, 163, 164, 165, 166 ],
          "attributes": {
          }
        },
        "$auto$opt_expr.cc:205:group_cell_inputs$141": {
          "hide_name": 1,
          "bits": [ 170, 171, 172 ],
          "attributes": {
          }
        },
        "$auto$opt_expr.cc:205:group_cell_inputs$83": {
          "hide_name": 1,
          "bits": [ 191, 192, 193, 194 ],
          "attributes": {
          }
        },
        "$auto$opt_expr.cc:205:group_cell_inputs$90": {
          "hide_name": 1,
          "bits": [ 200, 201, 202, 203, 204, 205, 206 ],
          "attributes": {
          }
        },
        "$auto$wreduce.cc:514:run$63": {
          "hide_name": 1,
          "bits": [ 331, "0", "0", "0", "0", "0" ],
          "attributes": {
            "src": "designs/26/top.sv:38.28-38.64"
          }
        },
        "$auto$wreduce.cc:514:run$65": {
          "hide_name": 1,
          "bits": [ 304, 305, 306, 307, 308, 309, 310, 311, 312, 313, 314, 315, 316, 317, 318, 319, 320, 321, 322, 323, 324, 325, 326, 327, 328, 329, 330 ],
          "attributes": {
            "src": "designs/26/top.sv:38.29-38.50"
          }
        },
        "$auto$wreduce.cc:514:run$67": {
          "hide_name": 1,
          "bits": [ 97, 98, 99, 100, 101, 102, 103, 104, 105, 106, 107, 108, 109, 110, 111, "0", "0", "0", "0", "0", "0", "0", "0", "0", "0", "0", "0" ],
          "attributes": {
            "src": "designs/26/top.sv:33.63-33.138"
          }
        },
        "$auto$wreduce.cc:514:run$69": {
          "hide_name": 1,
          "bits": [ 136, 137, 138, 139, 140, 141, 142, 143, 273, 274, 275, 276, 277, 278 ],
          "attributes": {
            "src": "designs/26/top.sv:33.74-33.94",
            "unused_bits": "8 9 10 11 12 13"
          }
        },
        "$mul$designs/26/top.sv:26$6_Y": {
          "hide_name": 1,
          "bits": [ 220, 221, 222, 223, 224, 225, 226, 386, 387, 388, 389, 390, 391, 392, 393, 394, 395, 396, 397, 398, 399, 400, 401, 402, 403, 404 ],
          "attributes": {
            "src": "designs/26/top.sv:26.50-26.88",
            "unused_bits": "7 8 9 10 11 12 13 14 15 16 17 18 19 20 21 22 23 24 25"
          }
        },
        "$mul$designs/26/top.sv:27$13_Y": {
          "hide_name": 1,
          "bits": [ 207, 208, 209, 210, 211, 212, 213, 214, 19, 20, 21, 22, 23, 24, 25, 26, 27, 28, 29, 30, 31, 32, 33, 34 ],
          "attributes": {
            "src": "designs/26/top.sv:27.23-27.63"
          }
        },
        "$mul$designs/26/top.sv:28$16_Y": {
          "hide_name": 1,
          "bits": [ 233, 234, 235, 236, 237, 238, 239, 240, 241, 242, 243, 244, 245, 246, 247, 248, "0", "0", "0", "0", "0", "0", "0", "0", "0", "0" ],
          "attributes": {
            "src": "designs/26/top.sv:28.31-28.66"
          }
        },
        "$mul$designs/26/top.sv:29$19_Y": {
          "hide_name": 1,
          "bits": [ 249, 250, 251, 252, 253, 254, 255, 256, 257, 258, 259, 260, 261, 262, 263, 264, 265, 266, 267, 268, 269, 270, 271, 272 ],
          "attributes": {
            "src": "designs/26/top.sv:29.26-29.60"
          }
        },
        "$mul$designs/26/top.sv:29$20_Y": {
          "hide_name": 1,
          "bits": [ 173, 174, 175, 176, 177, 178, 179, 180, 67, 68, 69, 70, 71, 72, 405, 406, 407, 408, 409, 410, 411, 412, 413, 414 ],
          "attributes": {
            "src": "designs/26/top.sv:29.25-29.70",
            "unused_bits": "14 15 16 17 18 19 20 21 22 23"
          }
        },
        "$not$designs/26/top.sv:36$54_Y": {
          "hide_name": 1,
          "bits": [ 332, 333, 334, 335, 336, 337 ],
          "attributes": {
            "src": "designs/26/top.sv:36.38-36.45"
          }
        },
        "$reduce_bool$designs/26/top.sv:26$7_Y": {
          "hide_name": 1,
          "bits": [ 338 ],
          "attributes": {
            "src": "designs/26/top.sv:26.21-26.89"
          }
        },
        "$reduce_bool$designs/26/top.sv:33$48_Y": {
          "hide_name": 1,
          "bits": [ 339 ],
          "attributes": {
            "src": "designs/26/top.sv:33.22-33.159"
          }
        },
        "$sub$designs/26/top.sv:27$10_Y": {
          "hide_name": 1,
          "bits": [ 227, 228, 229, 230, 231, 232, 232, 232, 232, 232, 232, 232, 232, 232, 232, 232, 232, 232, 232, 232, 232, 232, 232, 232 ],
          "attributes": {
            "src": "designs/26/top.sv:27.24-27.50"
          }
        },
        "$sub$designs/26/top.sv:33$47_Y": {
          "hide_name": 1,
          "bits": [ 340, 341, 342, 343, 344, 345, 346, 347, 348, 349, 350, 351, 352, 353, 354, 355, 356, 357, 358, 359, 360, 361, 362, 363, 364, 364, 364 ],
          "attributes": {
            "src": "designs/26/top.sv:33.61-33.158"
          }
        },
        "expr_735567": {
          "hide_name": 0,
          "bits": [ 189, 190, "0", "0", "0", "0", "0", "x", "x", "x", "x", "x", "x", "x", "x", "x", "x", "x", "x", "x", "x", "x", "x", "x", "x", "x", "x", "x" ],
          "attributes": {
            "src": "designs/26/top.sv:24.18-24.29"
          }
        },
        "input_data": {
          "hide_name": 0,
          "bits": [ 2, 3, 4, 5, 6, 7, 8, 9 ],
          "attributes": {
            "src": "designs/26/top.sv:2.17-2.27"
          }
        },
        "output_data": {
          "hide_name": 0,
          "bits": [ 10, "0", "0", "0", "0" ],
          "attributes": {
            "src": "designs/26/top.sv:3.18-3.29"
          }
        },
        "temp_10": {
          "hide_name": 0,
          "bits": [ 279, 280, 281, 282, 283, 284, 285, 286, 287, 288, 289, 290, 291, 292, 293, 294, 295, 296, 297, 298, 299, 300, 301, 302, 303, 303, 303 ],
          "attributes": {
            "src": "designs/26/top.sv:16.18-16.25"
          }
        },
        "temp_2": {
          "hide_name": 0,
          "bits": [ 181, 182, 183, 184, 6 ],
          "attributes": {
            "src": "designs/26/top.sv:8.17-8.23"
          }
        },
        "temp_3": {
          "hide_name": 0,
          "bits": [ 95, 96, 195, 196, 197, 198, 199 ],
          "attributes": {
            "src": "designs/26/top.sv:9.17-9.23"
          }
        },
        "temp_4": {
          "hide_name": 0,
          "bits": [ 11, 12, 13, 14, 15, 16, 17, 18, 19, 20, 21, 22, 23, 24, 25, 26, 27, 28, 29, 30, 31, 32, 33, 34 ],
          "attributes": {
            "src": "designs/26/top.sv:10.18-10.24"
          }
        },
        "temp_5": {
          "hide_name": 0,
          "bits": [ 128, 129, 130, 131 ],
          "attributes": {
            "src": "designs/26/top.sv:11.17-11.23"
          }
        },
        "temp_6": {
          "hide_name": 0,
          "bits": [ 120, 121, 122, 123, 124, 125, 126, 127, "0", "0", "0", "0", "0", "0" ],
          "attributes": {
            "src": "designs/26/top.sv:12.18-12.24"
          }
        },
        "temp_7": {
          "hide_name": 0,
          "bits": [ 167, 168, 169 ],
          "attributes": {
            "src": "designs/26/top.sv:13.17-13.23"
          }
        }
      }
    }
  }
}
