{
  "creator": "Yosys 0.60 (git sha1 5bafeb77dc71e054fa331ab9efa613e6fb0a1c49, clang++ 17.0.0 -fPIC -O3)",
  "modules": {
    "top": {
      "attributes": {
        "top": "00000000000000000000000000000001",
        "src": "designs/163/top.sv:1.1-26.10"
      },
      "ports": {
        "input_data": {
          "direction": "input",
          "bits": [ 2, 3, 4, 5 ]
        },
        "output_data": {
          "direction": "output",
          "bits": [ 6, 7, 8, 9, 10 ]
        }
      },
      "cells": {
        "$add$designs/163/top.sv:14$2": {
          "hide_name": 1,
          "type": "$add",
          "parameters": {
            "A_SIGNED": "00000000000000000000000000000000",
            "A_WIDTH": "00000000000000000000000000000100",
            "B_SIGNED": "00000000000000000000000000000000",
            "B_WIDTH": "00000000000000000000000000000100",
            "Y_WIDTH": "00000000000000000000000000000101"
          },
          "attributes": {
            "src": "designs/163/top.sv:14.22-14.50"
          },
          "port_directions": {
            "A": "input",
            "B": "input",
            "Y": "output"
          },
          "connections": {
            "A": [ 2, 3, 4, 5 ],
            "B": [ 2, 3, 4, 5 ],
            "Y": [ 11, 12, 13, 14, 15 ]
          }
        },
        "$add$designs/163/top.sv:15$3": {
          "hide_name": 1,
          "type": "$add",
          "parameters": {
            "A_SIGNED": "00000000000000000000000000000000",
            "A_WIDTH": "00000000000000000000000000000101",
            "B_SIGNED": "00000000000000000000000000000000",
            "B_WIDTH": "00000000000000000000000000000101",
            "Y_WIDTH": "00000000000000000000000000000110"
          },
          "attributes": {
            "src": "designs/163/top.sv:15.32-15.56"
          },
          "port_directions": {
            "A": "input",
            "B": "input",
            "Y": "output"
          },
          "connections": {
            "A": [ 11, 12, 13, 14, 15 ],
            "B": [ 11, 12, 13, 14, 15 ],
            "Y": [ 16, 17, 18, 19, 20, 21 ]
          }
        },
        "$add$designs/163/top.sv:23$11": {
          "hide_name": 1,
          "type": "$add",
          "parameters": {
            "A_SIGNED": "00000000000000000000000000000000",
            "A_WIDTH": "00000000000000000000000000000100",
            "B_SIGNED": "00000000000000000000000000000000",
            "B_WIDTH": "00000000000000000000000000000101",
            "Y_WIDTH": "00000000000000000000000000000101"
          },
          "attributes": {
            "src": "designs/163/top.sv:23.27-23.53"
          },
          "port_directions": {
            "A": "input",
            "B": "input",
            "Y": "output"
          },
          "connections": {
            "A": [ 2, 3, 4, 5 ],
            "B": [ 22, 23, 24, 25, 20 ],
            "Y": [ 6, 7, 8, 9, 10 ]
          }
        },
        "$auto$opt_expr.cc:276:group_cell_inputs$17": {
          "hide_name": 1,
          "type": "$xor",
          "parameters": {
            "A_SIGNED": "00000000000000000000000000000000",
            "A_WIDTH": "00000000000000000000000000000100",
            "B_SIGNED": "00000000000000000000000000000000",
            "B_WIDTH": "00000000000000000000000000000100",
            "Y_WIDTH": "00000000000000000000000000000100"
          },
          "attributes": {
          },
          "port_directions": {
            "A": "input",
            "B": "input",
            "Y": "output"
          },
          "connections": {
            "A": [ 16, 17, 18, 19 ],
            "B": [ 2, 3, 4, 5 ],
            "Y": [ 22, 23, 24, 25 ]
          }
        }
      },
      "netnames": {
        "input_data": {
          "hide_name": 0,
          "bits": [ 2, 3, 4, 5 ],
          "attributes": {
            "src": "designs/163/top.sv:2.17-2.27"
          }
        },
        "output_data": {
          "hide_name": 0,
          "bits": [ 6, 7, 8, 9, 10 ],
          "attributes": {
            "src": "designs/163/top.sv:3.18-3.29"
          }
        },
        "temp_1": {
          "hide_name": 0,
          "bits": [ 11, 12, 13, 14, 15, "0", "0", "0", "0", "0", "0", "0", "0", "0", "0", "0", "0", "0", "0", "0", "0", "0", "0", "0", "0", "0" ],
          "attributes": {
            "src": "designs/163/top.sv:7.18-7.24"
          }
        },
        "temp_2": {
          "hide_name": 0,
          "bits": [ 16, 17, 18, 19, 20, 21, "0", "0", "0", "0", "0", "0", "0", "0", "0", "0", "0", "0", "0", "0", "0", "0", "0", "0", "0", "0", "0", "0", "0", "0", "0" ],
          "attributes": {
            "src": "designs/163/top.sv:8.18-8.24",
            "unused_bits": "5"
          }
        },
        "temp_4": {
          "hide_name": 0,
          "bits": [ 22, 23, 24, 25, 20, "x" ],
          "attributes": {
            "src": "designs/163/top.sv:10.17-10.23"
          }
        }
      }
    }
  }
}
