{
  "creator": "Yosys 0.60 (git sha1 5bafeb77dc71e054fa331ab9efa613e6fb0a1c49, clang++ 17.0.0 -fPIC -O3)",
  "modules": {
    "top": {
      "attributes": {
        "top": "00000000000000000000000000000001",
        "src": "designs/72/top.sv:1.1-24.10"
      },
      "ports": {
        "input_data": {
          "direction": "input",
          "bits": [ 2, 3, 4, 5, 6, 7, 8, 9, 10, 11, 12, 13 ]
        },
        "output_data": {
          "direction": "output",
          "bits": [ 14, 15, 16, 17, 18, 19, 20, 21, 22, 23, 24, 25, 26, 27, 28, 29, 30 ]
        }
      },
      "cells": {
        "$add$designs/72/top.sv:18$27": {
          "hide_name": 1,
          "type": "$add",
          "parameters": {
            "A_SIGNED": "00000000000000000000000000000000",
            "A_WIDTH": "00000000000000000000000000000100",
            "B_SIGNED": "00000000000000000000000000000000",
            "B_WIDTH": "00000000000000000000000000000100",
            "Y_WIDTH": "00000000000000000000000000000100"
          },
          "attributes": {
            "src": "designs/72/top.sv:18.44-18.144"
          },
          "port_directions": {
            "A": "input",
            "B": "input",
            "Y": "output"
          },
          "connections": {
            "A": [ 31, 32, 33, 34 ],
            "B": [ 35, 36, 37, 38 ],
            "Y": [ 39, 40, 41, 42 ]
          }
        },
        "$add$designs/72/top.sv:20$44": {
          "hide_name": 1,
          "type": "$add",
          "parameters": {
            "A_SIGNED": "00000000000000000000000000000000",
            "A_WIDTH": "00000000000000000000000000001000",
            "B_SIGNED": "00000000000000000000000000000000",
            "B_WIDTH": "00000000000000000000000000001000",
            "Y_WIDTH": "00000000000000000000000000001000"
          },
          "attributes": {
            "src": "designs/72/top.sv:20.44-20.214"
          },
          "port_directions": {
            "A": "input",
            "B": "input",
            "Y": "output"
          },
          "connections": {
            "A": [ 43, 44, 45, 46, 47, 48, 49, 50 ],
            "B": [ 35, 36, 37, 38, 51, 52, 53, 54 ],
            "Y": [ 55, 56, 57, 58, 59, 60, 61, 62 ]
          }
        },
        "$add$designs/72/top.sv:22$50": {
          "hide_name": 1,
          "type": "$add",
          "parameters": {
            "A_SIGNED": "00000000000000000000000000000000",
            "A_WIDTH": "00000000000000000000000000001011",
            "B_SIGNED": "00000000000000000000000000000000",
            "B_WIDTH": "00000000000000000000000000010000",
            "Y_WIDTH": "00000000000000000000000000010000"
          },
          "attributes": {
            "src": "designs/72/top.sv:22.78-22.102"
          },
          "port_directions": {
            "A": "input",
            "B": "input",
            "Y": "output"
          },
          "connections": {
            "A": [ 63, 64, 65, 66, 67, 68, 69, 70, 71, 72, 73 ],
            "B": [ 35, 36, 37, 38, 51, 52, 53, 54, 74, 75, 76, 77, 78, 79, 80, 81 ],
            "Y": [ 82, 83, 84, 85, 86, 87, 88, 89, 90, 91, 92, 93, 94, 95, 96, 97 ]
          }
        },
        "$add$designs/72/top.sv:22$51": {
          "hide_name": 1,
          "type": "$add",
          "parameters": {
            "A_SIGNED": "00000000000000000000000000000000",
            "A_WIDTH": "00000000000000000000000000010000",
            "B_SIGNED": "00000000000000000000000000000000",
            "B_WIDTH": "00000000000000000000000000000001",
            "Y_WIDTH": "00000000000000000000000000010000"
          },
          "attributes": {
            "src": "designs/72/top.sv:22.77-22.117"
          },
          "port_directions": {
            "A": "input",
            "B": "input",
            "Y": "output"
          },
          "connections": {
            "A": [ 82, 83, 84, 85, 86, 87, 88, 89, 90, 91, 92, 93, 94, 95, 96, 97 ],
            "B": [ 98 ],
            "Y": [ 99, 100, 101, 102, 103, 104, 105, 106, 107, 108, 109, 110, 111, 112, 113, 114 ]
          }
        },
        "$and$designs/72/top.sv:14$1": {
          "hide_name": 1,
          "type": "$and",
          "parameters": {
            "A_SIGNED": "00000000000000000000000000000000",
            "A_WIDTH": "00000000000000000000000000001100",
            "B_SIGNED": "00000000000000000000000000000000",
            "B_WIDTH": "00000000000000000000000000001100",
            "Y_WIDTH": "00000000000000000000000000001100"
          },
          "attributes": {
            "src": "designs/72/top.sv:14.34-14.68"
          },
          "port_directions": {
            "A": "input",
            "B": "input",
            "Y": "output"
          },
          "connections": {
            "A": [ 2, 3, 4, 5, 6, 7, 8, 9, 10, 11, 12, 13 ],
            "B": [ 2, 3, 4, 5, 6, 7, 8, 9, 10, 11, 12, 13 ],
            "Y": [ 115, 116, 117, 118, 119, 120, 121, 122, 123, 124, 125, 126 ]
          }
        },
        "$and$designs/72/top.sv:17$14": {
          "hide_name": 1,
          "type": "$and",
          "parameters": {
            "A_SIGNED": "00000000000000000000000000000000",
            "A_WIDTH": "00000000000000000000000000010000",
            "B_SIGNED": "00000000000000000000000000000000",
            "B_WIDTH": "00000000000000000000000000010000",
            "Y_WIDTH": "00000000000000000000000000010000"
          },
          "attributes": {
            "src": "designs/72/top.sv:17.61-17.117"
          },
          "port_directions": {
            "A": "input",
            "B": "input",
            "Y": "output"
          },
          "connections": {
            "A": [ 127, 128, 129, 130, 131, 132, 133, 134, 135, 136, 137, 138, 139, 140, 141, 142 ],
            "B": [ 143, 144, 145, 146, 147, 148, 149, 150, 151, 152, 153, 154, 155, 155, 155, 155 ],
            "Y": [ 156, 157, 158, 159, 160, 161, 162, 163, 164, 165, 166, 167, 168, 169, 170, 171 ]
          }
        },
        "$and$designs/72/top.sv:17$18": {
          "hide_name": 1,
          "type": "$and",
          "parameters": {
            "A_SIGNED": "00000000000000000000000000000000",
            "A_WIDTH": "00000000000000000000000000010000",
            "B_SIGNED": "00000000000000000000000000000000",
            "B_WIDTH": "00000000000000000000000000010000",
            "Y_WIDTH": "00000000000000000000000000010000"
          },
          "attributes": {
            "src": "designs/72/top.sv:17.49-17.141"
          },
          "port_directions": {
            "A": "input",
            "B": "input",
            "Y": "output"
          },
          "connections": {
            "A": [ 172, 173, 174, 175, 176, 177, 178, 179, 180, 181, 182, 183, 184, 185, 186, 187 ],
            "B": [ 188, 189, 190, 191, 192, 193, 194, 195, 196, 197, 198, 199, 200, 200, 200, 200 ],
            "Y": [ 201, 202, 203, 204, 205, 206, 207, 208, 209, 210, 211, 212, 213, 214, 215, 216 ]
          }
        },
        "$and$designs/72/top.sv:17$21": {
          "hide_name": 1,
          "type": "$and",
          "parameters": {
            "A_SIGNED": "00000000000000000000000000000000",
            "A_WIDTH": "00000000000000000000000000010000",
            "B_SIGNED": "00000000000000000000000000000000",
            "B_WIDTH": "00000000000000000000000000010000",
            "Y_WIDTH": "00000000000000000000000000010000"
          },
          "attributes": {
            "src": "designs/72/top.sv:17.22-17.183"
          },
          "port_directions": {
            "A": "input",
            "B": "input",
            "Y": "output"
          },
          "connections": {
            "A": [ 217, 218, 219, 220, 221, 222, 223, 224, 225, 226, 227, 228, 229, 230, 231, 232 ],
            "B": [ 188, 189, 190, 191, 192, 193, 194, 195, 196, 197, 198, 199, 200, 200, 200, 200 ],
            "Y": [ 35, 36, 37, 38, 51, 52, 53, 54, 74, 75, 76, 77, 78, 79, 80, 81 ]
          }
        },
        "$and$designs/72/top.sv:20$41": {
          "hide_name": 1,
          "type": "$and",
          "parameters": {
            "A_SIGNED": "00000000000000000000000000000000",
            "A_WIDTH": "00000000000000000000000000001000",
            "B_SIGNED": "00000000000000000000000000000000",
            "B_WIDTH": "00000000000000000000000000001000",
            "Y_WIDTH": "00000000000000000000000000001000"
          },
          "attributes": {
            "src": "designs/72/top.sv:20.55-20.183"
          },
          "port_directions": {
            "A": "input",
            "B": "input",
            "Y": "output"
          },
          "connections": {
            "A": [ 233, 234, 235, 236, 237, 238, 239, 240 ],
            "B": [ 188, 189, 190, 191, 192, 193, 194, 195 ],
            "Y": [ 241, 242, 243, 244, 245, 246, 247, 248 ]
          }
        },
        "$auto$opt_expr.cc:250:group_cell_inputs$101": {
          "hide_name": 1,
          "type": "$not",
          "parameters": {
            "A_SIGNED": "00000000000000000000000000000000",
            "A_WIDTH": "00000000000000000000000000000001",
            "Y_WIDTH": "00000000000000000000000000000001"
          },
          "attributes": {
          },
          "port_directions": {
            "A": "input",
            "Y": "output"
          },
          "connections": {
            "A": [ 158 ],
            "Y": [ 174 ]
          }
        },
        "$auto$opt_expr.cc:250:group_cell_inputs$103": {
          "hide_name": 1,
          "type": "$not",
          "parameters": {
            "A_SIGNED": "00000000000000000000000000000000",
            "A_WIDTH": "00000000000000000000000000000001",
            "Y_WIDTH": "00000000000000000000000000000001"
          },
          "attributes": {
          },
          "port_directions": {
            "A": "input",
            "Y": "output"
          },
          "connections": {
            "A": [ 159 ],
            "Y": [ 175 ]
          }
        },
        "$auto$opt_expr.cc:250:group_cell_inputs$105": {
          "hide_name": 1,
          "type": "$not",
          "parameters": {
            "A_SIGNED": "00000000000000000000000000000000",
            "A_WIDTH": "00000000000000000000000000000001",
            "Y_WIDTH": "00000000000000000000000000000001"
          },
          "attributes": {
          },
          "port_directions": {
            "A": "input",
            "Y": "output"
          },
          "connections": {
            "A": [ 160 ],
            "Y": [ 176 ]
          }
        },
        "$auto$opt_expr.cc:250:group_cell_inputs$107": {
          "hide_name": 1,
          "type": "$not",
          "parameters": {
            "A_SIGNED": "00000000000000000000000000000000",
            "A_WIDTH": "00000000000000000000000000000001",
            "Y_WIDTH": "00000000000000000000000000000001"
          },
          "attributes": {
          },
          "port_directions": {
            "A": "input",
            "Y": "output"
          },
          "connections": {
            "A": [ 161 ],
            "Y": [ 177 ]
          }
        },
        "$auto$opt_expr.cc:250:group_cell_inputs$109": {
          "hide_name": 1,
          "type": "$not",
          "parameters": {
            "A_SIGNED": "00000000000000000000000000000000",
            "A_WIDTH": "00000000000000000000000000000001",
            "Y_WIDTH": "00000000000000000000000000000001"
          },
          "attributes": {
          },
          "port_directions": {
            "A": "input",
            "Y": "output"
          },
          "connections": {
            "A": [ 162 ],
            "Y": [ 178 ]
          }
        },
        "$auto$opt_expr.cc:250:group_cell_inputs$111": {
          "hide_name": 1,
          "type": "$not",
          "parameters": {
            "A_SIGNED": "00000000000000000000000000000000",
            "A_WIDTH": "00000000000000000000000000000001",
            "Y_WIDTH": "00000000000000000000000000000001"
          },
          "attributes": {
          },
          "port_directions": {
            "A": "input",
            "Y": "output"
          },
          "connections": {
            "A": [ 163 ],
            "Y": [ 179 ]
          }
        },
        "$auto$opt_expr.cc:250:group_cell_inputs$113": {
          "hide_name": 1,
          "type": "$not",
          "parameters": {
            "A_SIGNED": "00000000000000000000000000000000",
            "A_WIDTH": "00000000000000000000000000000001",
            "Y_WIDTH": "00000000000000000000000000000001"
          },
          "attributes": {
          },
          "port_directions": {
            "A": "input",
            "Y": "output"
          },
          "connections": {
            "A": [ 164 ],
            "Y": [ 180 ]
          }
        },
        "$auto$opt_expr.cc:250:group_cell_inputs$115": {
          "hide_name": 1,
          "type": "$not",
          "parameters": {
            "A_SIGNED": "00000000000000000000000000000000",
            "A_WIDTH": "00000000000000000000000000000001",
            "Y_WIDTH": "00000000000000000000000000000001"
          },
          "attributes": {
          },
          "port_directions": {
            "A": "input",
            "Y": "output"
          },
          "connections": {
            "A": [ 165 ],
            "Y": [ 181 ]
          }
        },
        "$auto$opt_expr.cc:250:group_cell_inputs$117": {
          "hide_name": 1,
          "type": "$not",
          "parameters": {
            "A_SIGNED": "00000000000000000000000000000000",
            "A_WIDTH": "00000000000000000000000000000001",
            "Y_WIDTH": "00000000000000000000000000000001"
          },
          "attributes": {
          },
          "port_directions": {
            "A": "input",
            "Y": "output"
          },
          "connections": {
            "A": [ 166 ],
            "Y": [ 182 ]
          }
        },
        "$auto$opt_expr.cc:250:group_cell_inputs$119": {
          "hide_name": 1,
          "type": "$not",
          "parameters": {
            "A_SIGNED": "00000000000000000000000000000000",
            "A_WIDTH": "00000000000000000000000000000001",
            "Y_WIDTH": "00000000000000000000000000000001"
          },
          "attributes": {
          },
          "port_directions": {
            "A": "input",
            "Y": "output"
          },
          "connections": {
            "A": [ 167 ],
            "Y": [ 183 ]
          }
        },
        "$auto$opt_expr.cc:250:group_cell_inputs$121": {
          "hide_name": 1,
          "type": "$not",
          "parameters": {
            "A_SIGNED": "00000000000000000000000000000000",
            "A_WIDTH": "00000000000000000000000000000001",
            "Y_WIDTH": "00000000000000000000000000000001"
          },
          "attributes": {
          },
          "port_directions": {
            "A": "input",
            "Y": "output"
          },
          "connections": {
            "A": [ 168 ],
            "Y": [ 184 ]
          }
        },
        "$auto$opt_expr.cc:250:group_cell_inputs$123": {
          "hide_name": 1,
          "type": "$not",
          "parameters": {
            "A_SIGNED": "00000000000000000000000000000000",
            "A_WIDTH": "00000000000000000000000000000001",
            "Y_WIDTH": "00000000000000000000000000000001"
          },
          "attributes": {
          },
          "port_directions": {
            "A": "input",
            "Y": "output"
          },
          "connections": {
            "A": [ 169 ],
            "Y": [ 185 ]
          }
        },
        "$auto$opt_expr.cc:250:group_cell_inputs$125": {
          "hide_name": 1,
          "type": "$not",
          "parameters": {
            "A_SIGNED": "00000000000000000000000000000000",
            "A_WIDTH": "00000000000000000000000000000001",
            "Y_WIDTH": "00000000000000000000000000000001"
          },
          "attributes": {
          },
          "port_directions": {
            "A": "input",
            "Y": "output"
          },
          "connections": {
            "A": [ 170 ],
            "Y": [ 186 ]
          }
        },
        "$auto$opt_expr.cc:250:group_cell_inputs$127": {
          "hide_name": 1,
          "type": "$not",
          "parameters": {
            "A_SIGNED": "00000000000000000000000000000000",
            "A_WIDTH": "00000000000000000000000000000001",
            "Y_WIDTH": "00000000000000000000000000000001"
          },
          "attributes": {
          },
          "port_directions": {
            "A": "input",
            "Y": "output"
          },
          "connections": {
            "A": [ 171 ],
            "Y": [ 187 ]
          }
        },
        "$auto$opt_expr.cc:276:group_cell_inputs$130": {
          "hide_name": 1,
          "type": "$xor",
          "parameters": {
            "A_SIGNED": "00000000000000000000000000000000",
            "A_WIDTH": "00000000000000000000000000000100",
            "B_SIGNED": "00000000000000000000000000000000",
            "B_WIDTH": "00000000000000000000000000000100",
            "Y_WIDTH": "00000000000000000000000000000100"
          },
          "attributes": {
          },
          "port_directions": {
            "A": "input",
            "B": "input",
            "Y": "output"
          },
          "connections": {
            "A": [ 249, 250, 251, 252 ],
            "B": [ 188, 189, 190, 191 ],
            "Y": [ 253, 254, 255, 256 ]
          }
        },
        "$auto$opt_expr.cc:276:group_cell_inputs$67": {
          "hide_name": 1,
          "type": "$not",
          "parameters": {
            "A_SIGNED": "00000000000000000000000000000000",
            "A_WIDTH": "00000000000000000000000000001101",
            "Y_WIDTH": "00000000000000000000000000001101"
          },
          "attributes": {
          },
          "port_directions": {
            "A": "input",
            "Y": "output"
          },
          "connections": {
            "A": [ 188, 189, 190, 191, 192, 193, 194, 195, 196, 197, 198, 199, 200 ],
            "Y": [ 143, 144, 145, 146, 147, 148, 149, 150, 151, 152, 153, 154, 155 ]
          }
        },
        "$auto$opt_expr.cc:276:group_cell_inputs$69": {
          "hide_name": 1,
          "type": "$not",
          "parameters": {
            "A_SIGNED": "00000000000000000000000000000000",
            "A_WIDTH": "00000000000000000000000000000010",
            "Y_WIDTH": "00000000000000000000000000000010"
          },
          "attributes": {
          },
          "port_directions": {
            "A": "input",
            "Y": "output"
          },
          "connections": {
            "A": [ 257, 98 ],
            "Y": [ 258, 259 ]
          }
        },
        "$auto$opt_expr.cc:276:group_cell_inputs$73": {
          "hide_name": 1,
          "type": "$and",
          "parameters": {
            "A_SIGNED": "00000000000000000000000000000000",
            "A_WIDTH": "00000000000000000000000000000001",
            "B_SIGNED": "00000000000000000000000000000000",
            "B_WIDTH": "00000000000000000000000000000001",
            "Y_WIDTH": "00000000000000000000000000000001"
          },
          "attributes": {
          },
          "port_directions": {
            "A": "input",
            "B": "input",
            "Y": "output"
          },
          "connections": {
            "A": [ 201 ],
            "B": [ 98 ],
            "Y": [ 260 ]
          }
        },
        "$auto$opt_expr.cc:276:group_cell_inputs$77": {
          "hide_name": 1,
          "type": "$or",
          "parameters": {
            "A_SIGNED": "00000000000000000000000000000000",
            "A_WIDTH": "00000000000000000000000000010111",
            "B_SIGNED": "00000000000000000000000000000000",
            "B_WIDTH": "00000000000000000000000000010111",
            "Y_WIDTH": "00000000000000000000000000010111"
          },
          "attributes": {
          },
          "port_directions": {
            "A": "input",
            "B": "input",
            "Y": "output"
          },
          "connections": {
            "A": [ 261, 262, 263, 264, 265, 266, 267, 268, 269, 270, 271, 272, 273, 274, 275, 276, 277, 278, 279, 280, 281, 282, 283 ],
            "B": [ 188, 189, 190, 191, 192, 193, 194, 195, 196, 197, 198, 199, 200, 200, 200, 200, 200, 200, 200, 200, 200, 200, 200 ],
            "Y": [ 284, 285, 286, 287, 288, 289, 290, 291, 292, 293, 294, 295, 296, 297, 298, 299, 300, 301, 302, 303, 304, 305, 306 ]
          }
        },
        "$auto$opt_expr.cc:276:group_cell_inputs$80": {
          "hide_name": 1,
          "type": "$or",
          "parameters": {
            "A_SIGNED": "00000000000000000000000000000000",
            "A_WIDTH": "00000000000000000000000000000010",
            "B_SIGNED": "00000000000000000000000000000000",
            "B_WIDTH": "00000000000000000000000000000010",
            "Y_WIDTH": "00000000000000000000000000000010"
          },
          "attributes": {
          },
          "port_directions": {
            "A": "input",
            "B": "input",
            "Y": "output"
          },
          "connections": {
            "A": [ 307, 308 ],
            "B": [ 257, 98 ],
            "Y": [ 31, 32 ]
          }
        },
        "$auto$opt_expr.cc:276:group_cell_inputs$83": {
          "hide_name": 1,
          "type": "$or",
          "parameters": {
            "A_SIGNED": "00000000000000000000000000000000",
            "A_WIDTH": "00000000000000000000000000010000",
            "B_SIGNED": "00000000000000000000000000000000",
            "B_WIDTH": "00000000000000000000000000010000",
            "Y_WIDTH": "00000000000000000000000000010000"
          },
          "attributes": {
          },
          "port_directions": {
            "A": "input",
            "B": "input",
            "Y": "output"
          },
          "connections": {
            "A": [ 309, 310, 311, 312, 313, 314, 315, 316, 317, 318, 319, 320, 321, 322, 323, 324 ],
            "B": [ 188, 189, 190, 191, 192, 193, 194, 195, 196, 197, 198, 199, 200, 200, 200, 200 ],
            "Y": [ 325, 326, 327, 328, 329, 330, 331, 332, 333, 334, 335, 336, 337, 338, 339, 340 ]
          }
        },
        "$auto$opt_expr.cc:276:group_cell_inputs$86": {
          "hide_name": 1,
          "type": "$and",
          "parameters": {
            "A_SIGNED": "00000000000000000000000000000000",
            "A_WIDTH": "00000000000000000000000000000100",
            "B_SIGNED": "00000000000000000000000000000000",
            "B_WIDTH": "00000000000000000000000000000100",
            "Y_WIDTH": "00000000000000000000000000000100"
          },
          "attributes": {
          },
          "port_directions": {
            "A": "input",
            "B": "input",
            "Y": "output"
          },
          "connections": {
            "A": [ 341, 342, 343, 344 ],
            "B": [ 345, 346, 347, 348 ],
            "Y": [ 249, 250, 251, 252 ]
          }
        },
        "$auto$opt_expr.cc:276:group_cell_inputs$90": {
          "hide_name": 1,
          "type": "$and",
          "parameters": {
            "A_SIGNED": "00000000000000000000000000000000",
            "A_WIDTH": "00000000000000000000000000000100",
            "B_SIGNED": "00000000000000000000000000000000",
            "B_WIDTH": "00000000000000000000000000000100",
            "Y_WIDTH": "00000000000000000000000000000100"
          },
          "attributes": {
          },
          "port_directions": {
            "A": "input",
            "B": "input",
            "Y": "output"
          },
          "connections": {
            "A": [ 349, 350, 351, 352 ],
            "B": [ 345, 346, 347, 348 ],
            "Y": [ 353, 354, 355, 356 ]
          }
        },
        "$auto$opt_expr.cc:276:group_cell_inputs$94": {
          "hide_name": 1,
          "type": "$xor",
          "parameters": {
            "A_SIGNED": "00000000000000000000000000000000",
            "A_WIDTH": "00000000000000000000000000000010",
            "B_SIGNED": "00000000000000000000000000000000",
            "B_WIDTH": "00000000000000000000000000000010",
            "Y_WIDTH": "00000000000000000000000000000010"
          },
          "attributes": {
          },
          "port_directions": {
            "A": "input",
            "B": "input",
            "Y": "output"
          },
          "connections": {
            "A": [ 357, 358 ],
            "B": [ 257, 98 ],
            "Y": [ 43, 44 ]
          }
        },
        "$auto$opt_expr.cc:276:group_cell_inputs$97": {
          "hide_name": 1,
          "type": "$not",
          "parameters": {
            "A_SIGNED": "00000000000000000000000000000000",
            "A_WIDTH": "00000000000000000000000000000001",
            "Y_WIDTH": "00000000000000000000000000000001"
          },
          "attributes": {
          },
          "port_directions": {
            "A": "input",
            "Y": "output"
          },
          "connections": {
            "A": [ 200 ],
            "Y": [ 359 ]
          }
        },
        "$auto$opt_expr.cc:276:group_cell_inputs$99": {
          "hide_name": 1,
          "type": "$xor",
          "parameters": {
            "A_SIGNED": "00000000000000000000000000000000",
            "A_WIDTH": "00000000000000000000000000000010",
            "B_SIGNED": "00000000000000000000000000000000",
            "B_WIDTH": "00000000000000000000000000000010",
            "Y_WIDTH": "00000000000000000000000000000010"
          },
          "attributes": {
          },
          "port_directions": {
            "A": "input",
            "B": "input",
            "Y": "output"
          },
          "connections": {
            "A": [ 156, 157 ],
            "B": [ 258, 259 ],
            "Y": [ 172, 173 ]
          }
        },
        "$auto$opt_expr.cc:716:replace_const_cells$62": {
          "hide_name": 1,
          "type": "$not",
          "parameters": {
            "A_SIGNED": "00000000000000000000000000000000",
            "A_WIDTH": "00000000000000000000000000000001",
            "Y_WIDTH": "00000000000000000000000000000001"
          },
          "attributes": {
          },
          "port_directions": {
            "A": "input",
            "Y": "output"
          },
          "connections": {
            "A": [ 360 ],
            "Y": [ 361 ]
          }
        },
        "$ge$designs/72/top.sv:22$52": {
          "hide_name": 1,
          "type": "$ge",
          "parameters": {
            "A_SIGNED": "00000000000000000000000000000000",
            "A_WIDTH": "00000000000000000000000000010000",
            "B_SIGNED": "00000000000000000000000000000000",
            "B_WIDTH": "00000000000000000000000000000010",
            "Y_WIDTH": "00000000000000000000000000000001"
          },
          "attributes": {
            "src": "designs/72/top.sv:22.66-22.129"
          },
          "port_directions": {
            "A": "input",
            "B": "input",
            "Y": "output"
          },
          "connections": {
            "A": [ 99, 100, 101, 102, 103, 104, 105, 106, 107, 108, 109, 110, 111, 112, 113, 114 ],
            "B": [ 257, 98 ],
            "Y": [ 362 ]
          }
        },
        "$mul$designs/72/top.sv:17$12": {
          "hide_name": 1,
          "type": "$mul",
          "parameters": {
            "A_SIGNED": "00000000000000000000000000000000",
            "A_WIDTH": "00000000000000000000000000010111",
            "B_SIGNED": "00000000000000000000000000000000",
            "B_WIDTH": "00000000000000000000000000000001",
            "Y_WIDTH": "00000000000000000000000000010000"
          },
          "attributes": {
            "src": "designs/72/top.sv:17.62-17.104"
          },
          "port_directions": {
            "A": "input",
            "B": "input",
            "Y": "output"
          },
          "connections": {
            "A": [ 363, 364, 365, 366, 367, 368, 369, 370, 371, 372, 373, 374, 375, 376, 377, 377, 377, 377, 377, 377, 377, 377, 377 ],
            "B": [ 98 ],
            "Y": [ 127, 128, 129, 130, 131, 132, 133, 134, 135, 136, 137, 138, 139, 140, 141, 142 ]
          }
        },
        "$mul$designs/72/top.sv:18$22": {
          "hide_name": 1,
          "type": "$mul",
          "parameters": {
            "A_SIGNED": "00000000000000000000000000000000",
            "A_WIDTH": "00000000000000000000000000010111",
            "B_SIGNED": "00000000000000000000000000000000",
            "B_WIDTH": "00000000000000000000000000010111",
            "Y_WIDTH": "00000000000000000000000000011110"
          },
          "attributes": {
            "src": "designs/72/top.sv:18.67-18.82"
          },
          "port_directions": {
            "A": "input",
            "B": "input",
            "Y": "output"
          },
          "connections": {
            "A": [ 188, 189, 190, 191, 192, 193, 194, 195, 196, 197, 198, 199, 200, 200, 200, 200, 200, 200, 200, 200, 200, 200, 200 ],
            "B": [ 188, 189, 190, 191, 192, 193, 194, 195, 196, 197, 198, 199, 200, 200, 200, 200, 200, 200, 200, 200, 200, 200, 200 ],
            "Y": [ 378, 379, 380, 381, 382, 383, 384, 385, 386, 387, 388, 389, 390, 391, 392, 393, 394, 395, 396, 397, 398, 399, 400, 401, 402, 403, 404, 405, 406, 407 ]
          }
        },
        "$mul$designs/72/top.sv:18$23": {
          "hide_name": 1,
          "type": "$mul",
          "parameters": {
            "A_SIGNED": "00000000000000000000000000000000",
            "A_WIDTH": "00000000000000000000000000011110",
            "B_SIGNED": "00000000000000000000000000000000",
            "B_WIDTH": "00000000000000000000000000010111",
            "Y_WIDTH": "00000000000000000000000000011110"
          },
          "attributes": {
            "src": "designs/72/top.sv:18.58-18.93"
          },
          "port_directions": {
            "A": "input",
            "B": "input",
            "Y": "output"
          },
          "connections": {
            "A": [ 378, 379, 380, 381, 382, 383, 384, 385, 386, 387, 388, 389, 390, 391, 392, 393, 394, 395, 396, 397, 398, 399, 400, 401, 402, 403, 404, 405, 406, 407 ],
            "B": [ 188, 189, 190, 191, 192, 193, 194, 195, 196, 197, 198, 199, 200, 200, 200, 200, 200, 200, 200, 200, 200, 200, 200 ],
            "Y": [ 261, 262, 263, 264, 265, 266, 267, 268, 269, 270, 271, 272, 273, 274, 275, 276, 277, 278, 279, 280, 281, 282, 283, 408, 409, 410, 411, 412, 413, 414 ]
          }
        },
        "$mul$designs/72/top.sv:18$25": {
          "hide_name": 1,
          "type": "$mul",
          "parameters": {
            "A_SIGNED": "00000000000000000000000000000000",
            "A_WIDTH": "00000000000000000000000000011110",
            "B_SIGNED": "00000000000000000000000000000000",
            "B_WIDTH": "00000000000000000000000000000100",
            "Y_WIDTH": "00000000000000000000000000000100"
          },
          "attributes": {
            "src": "designs/72/top.sv:18.56-18.123"
          },
          "port_directions": {
            "A": "input",
            "B": "input",
            "Y": "output"
          },
          "connections": {
            "A": [ 284, 285, 286, 287, 288, 289, 290, 291, 292, 293, 294, 295, 296, 297, 298, 299, 300, 301, 302, 303, 304, 305, 306, 408, 409, 410, 411, 412, 413, 414 ],
            "B": [ 9, 10, 11, 12 ],
            "Y": [ 307, 308, 33, 34 ]
          }
        },
        "$mul$designs/72/top.sv:19$30": {
          "hide_name": 1,
          "type": "$mul",
          "parameters": {
            "A_SIGNED": "00000000000000000000000000000000",
            "A_WIDTH": "00000000000000000000000000000100",
            "B_SIGNED": "00000000000000000000000000000000",
            "B_WIDTH": "00000000000000000000000000010000",
            "Y_WIDTH": "00000000000000000000000000010000"
          },
          "attributes": {
            "src": "designs/72/top.sv:19.73-19.88"
          },
          "port_directions": {
            "A": "input",
            "B": "input",
            "Y": "output"
          },
          "connections": {
            "A": [ 345, 346, 347, 348 ],
            "B": [ 35, 36, 37, 38, 51, 52, 53, 54, 74, 75, 76, 77, 78, 79, 80, 81 ],
            "Y": [ 309, 310, 311, 312, 313, 314, 315, 316, 317, 318, 319, 320, 321, 322, 323, 324 ]
          }
        },
        "$mul$designs/72/top.sv:19$32": {
          "hide_name": 1,
          "type": "$mul",
          "parameters": {
            "A_SIGNED": "00000000000000000000000000000000",
            "A_WIDTH": "00000000000000000000000000010111",
            "B_SIGNED": "00000000000000000000000000000000",
            "B_WIDTH": "00000000000000000000000000001011",
            "Y_WIDTH": "00000000000000000000000000001011"
          },
          "attributes": {
            "src": "designs/72/top.sv:19.51-19.120"
          },
          "port_directions": {
            "A": "input",
            "B": "input",
            "Y": "output"
          },
          "connections": {
            "A": [ 325, 326, 327, 328, 329, 330, 331, 332, 333, 334, 335, 336, 337, 338, 339, 340, 200, 200, 200, 200, 200, 200, 200 ],
            "B": [ 3, 4, 5, 6, 7, 8, 9, 10, 11, 12, 13 ],
            "Y": [ 341, 342, 343, 344, 415, 416, 417, 418, 419, 420, 421 ]
          }
        },
        "$mul$designs/72/top.sv:20$36": {
          "hide_name": 1,
          "type": "$mul",
          "parameters": {
            "A_SIGNED": "00000000000000000000000000000000",
            "A_WIDTH": "00000000000000000000000000010111",
            "B_SIGNED": "00000000000000000000000000000000",
            "B_WIDTH": "00000000000000000000000000010111",
            "Y_WIDTH": "00000000000000000000000000001000"
          },
          "attributes": {
            "src": "designs/72/top.sv:20.104-20.128"
          },
          "port_directions": {
            "A": "input",
            "B": "input",
            "Y": "output"
          },
          "connections": {
            "A": [ 188, 189, 190, 191, 192, 193, 194, 195, 196, 197, 198, 199, 200, 200, 200, 200, 200, 200, 200, 200, 200, 200, 200 ],
            "B": [ 188, 189, 190, 191, 192, 193, 194, 195, 196, 197, 198, 199, 200, 200, 200, 200, 200, 200, 200, 200, 200, 200, 200 ],
            "Y": [ 349, 350, 351, 352, 422, 423, 424, 425 ]
          }
        },
        "$mul$designs/72/top.sv:22$53": {
          "hide_name": 1,
          "type": "$mul",
          "parameters": {
            "A_SIGNED": "00000000000000000000000000000000",
            "A_WIDTH": "00000000000000000000000000000001",
            "B_SIGNED": "00000000000000000000000000000000",
            "B_WIDTH": "00000000000000000000000000001000",
            "Y_WIDTH": "00000000000000000000000000001001"
          },
          "attributes": {
            "src": "designs/72/top.sv:22.65-22.139"
          },
          "port_directions": {
            "A": "input",
            "B": "input",
            "Y": "output"
          },
          "connections": {
            "A": [ 362 ],
            "B": [ 426, 427, 428, 429, 430, 431, 432, 433 ],
            "Y": [ 434, 435, 436, 437, 438, 439, 440, 441, 442 ]
          }
        },
        "$not$designs/72/top.sv:15$5": {
          "hide_name": 1,
          "type": "$not",
          "parameters": {
            "A_SIGNED": "00000000000000000000000000000000",
            "A_WIDTH": "00000000000000000000000000000010",
            "Y_WIDTH": "00000000000000000000000000000010"
          },
          "attributes": {
            "src": "designs/72/top.sv:15.53-15.69"
          },
          "port_directions": {
            "A": "input",
            "Y": "output"
          },
          "connections": {
            "A": [ 7, 8 ],
            "Y": [ 443, 444 ]
          }
        },
        "$not$designs/72/top.sv:20$46": {
          "hide_name": 1,
          "type": "$not",
          "parameters": {
            "A_SIGNED": "00000000000000000000000000000000",
            "A_WIDTH": "00000000000000000000000000001000",
            "Y_WIDTH": "00000000000000000000000000001000"
          },
          "attributes": {
            "src": "designs/72/top.sv:20.220-20.227"
          },
          "port_directions": {
            "A": "input",
            "Y": "output"
          },
          "connections": {
            "A": [ 35, 36, 37, 38, 51, 52, 53, 54 ],
            "Y": [ 445, 446, 447, 448, 449, 450, 451, 452 ]
          }
        },
        "$or$designs/72/top.sv:14$2": {
          "hide_name": 1,
          "type": "$or",
          "parameters": {
            "A_SIGNED": "00000000000000000000000000000000",
            "A_WIDTH": "00000000000000000000000000001100",
            "B_SIGNED": "00000000000000000000000000000000",
            "B_WIDTH": "00000000000000000000000000001100",
            "Y_WIDTH": "00000000000000000000000000001100"
          },
          "attributes": {
            "src": "designs/72/top.sv:14.23-14.83"
          },
          "port_directions": {
            "A": "input",
            "B": "input",
            "Y": "output"
          },
          "connections": {
            "A": [ 115, 116, 117, 118, 119, 120, 121, 122, 123, 124, 125, 126 ],
            "B": [ 2, 3, 4, 5, 6, 7, 8, 9, 10, 11, 12, 13 ],
            "Y": [ 453, 454, 455, 456, 457, 458, 459, 460, 461, 462, 463, 464 ]
          }
        },
        "$or$designs/72/top.sv:18$28": {
          "hide_name": 1,
          "type": "$or",
          "parameters": {
            "A_SIGNED": "00000000000000000000000000000000",
            "A_WIDTH": "00000000000000000000000000000100",
            "B_SIGNED": "00000000000000000000000000000000",
            "B_WIDTH": "00000000000000000000000000000100",
            "Y_WIDTH": "00000000000000000000000000000100"
          },
          "attributes": {
            "src": "designs/72/top.sv:18.33-18.161"
          },
          "port_directions": {
            "A": "input",
            "B": "input",
            "Y": "output"
          },
          "connections": {
            "A": [ 39, 40, 41, 42 ],
            "B": [ 194, 195, 196, 197 ],
            "Y": [ 465, 466, 467, 468 ]
          }
        },
        "$or$designs/72/top.sv:19$35": {
          "hide_name": 1,
          "type": "$or",
          "parameters": {
            "A_SIGNED": "00000000000000000000000000000000",
            "A_WIDTH": "00000000000000000000000000001011",
            "B_SIGNED": "00000000000000000000000000000000",
            "B_WIDTH": "00000000000000000000000000001011",
            "Y_WIDTH": "00000000000000000000000000001011"
          },
          "attributes": {
            "src": "designs/72/top.sv:19.22-19.153"
          },
          "port_directions": {
            "A": "input",
            "B": "input",
            "Y": "output"
          },
          "connections": {
            "A": [ 253, 254, 255, 256, 192, 193, 194, 195, 196, 197, 198 ],
            "B": [ 35, 36, 37, 38, 51, 52, 53, 54, 74, 75, 76 ],
            "Y": [ 63, 64, 65, 66, 67, 68, 69, 70, 71, 72, 73 ]
          }
        },
        "$or$designs/72/top.sv:20$40": {
          "hide_name": 1,
          "type": "$or",
          "parameters": {
            "A_SIGNED": "00000000000000000000000000000000",
            "A_WIDTH": "00000000000000000000000000001000",
            "B_SIGNED": "00000000000000000000000000000000",
            "B_WIDTH": "00000000000000000000000000001000",
            "Y_WIDTH": "00000000000000000000000000001000"
          },
          "attributes": {
            "src": "designs/72/top.sv:20.66-20.172"
          },
          "port_directions": {
            "A": "input",
            "B": "input",
            "Y": "output"
          },
          "connections": {
            "A": [ 469, 470, 471, 472, 473, 474, 475, 476 ],
            "B": [ 188, 189, 190, 191, 192, 193, 194, 195 ],
            "Y": [ 233, 234, 235, 236, 237, 238, 239, 240 ]
          }
        },
        "$or$designs/72/top.sv:20$42": {
          "hide_name": 1,
          "type": "$or",
          "parameters": {
            "A_SIGNED": "00000000000000000000000000000000",
            "A_WIDTH": "00000000000000000000000000001000",
            "B_SIGNED": "00000000000000000000000000000000",
            "B_WIDTH": "00000000000000000000000000001000",
            "Y_WIDTH": "00000000000000000000000000001000"
          },
          "attributes": {
            "src": "designs/72/top.sv:20.54-20.193"
          },
          "port_directions": {
            "A": "input",
            "B": "input",
            "Y": "output"
          },
          "connections": {
            "A": [ 241, 242, 243, 244, 245, 246, 247, 248 ],
            "B": [ 63, 64, 65, 66, 67, 68, 69, 70 ],
            "Y": [ 357, 358, 45, 46, 47, 48, 49, 50 ]
          }
        },
        "$reduce_bool$designs/72/top.sv:22$54": {
          "hide_name": 1,
          "type": "$reduce_bool",
          "parameters": {
            "A_SIGNED": "00000000000000000000000000000000",
            "A_WIDTH": "00000000000000000000000000001000",
            "Y_WIDTH": "00000000000000000000000000000001"
          },
          "attributes": {
            "src": "designs/72/top.sv:22.26-22.140"
          },
          "port_directions": {
            "A": "input",
            "Y": "output"
          },
          "connections": {
            "A": [ 426, 427, 428, 429, 430, 431, 432, 433 ],
            "Y": [ 477 ]
          }
        },
        "$sub$designs/72/top.sv:14$3": {
          "hide_name": 1,
          "type": "$sub",
          "parameters": {
            "A_SIGNED": "00000000000000000000000000000000",
            "A_WIDTH": "00000000000000000000000000001100",
            "B_SIGNED": "00000000000000000000000000000000",
            "B_WIDTH": "00000000000000000000000000001100",
            "Y_WIDTH": "00000000000000000000000000001101"
          },
          "attributes": {
            "src": "designs/72/top.sv:14.22-14.97"
          },
          "port_directions": {
            "A": "input",
            "B": "input",
            "Y": "output"
          },
          "connections": {
            "A": [ 453, 454, 455, 456, 457, 458, 459, 460, 461, 462, 463, 464 ],
            "B": [ 2, 3, 4, 5, 6, 7, 8, 9, 10, 11, 12, 13 ],
            "Y": [ 188, 189, 190, 191, 192, 193, 194, 195, 196, 197, 198, 199, 200 ]
          }
        },
        "$sub$designs/72/top.sv:15$6": {
          "hide_name": 1,
          "type": "$sub",
          "parameters": {
            "A_SIGNED": "00000000000000000000000000000000",
            "A_WIDTH": "00000000000000000000000000000010",
            "B_SIGNED": "00000000000000000000000000000000",
            "B_WIDTH": "00000000000000000000000000000010",
            "Y_WIDTH": "00000000000000000000000000000010"
          },
          "attributes": {
            "src": "designs/72/top.sv:15.32-15.70"
          },
          "port_directions": {
            "A": "input",
            "B": "input",
            "Y": "output"
          },
          "connections": {
            "A": [ 188, 189 ],
            "B": [ 443, 444 ],
            "Y": [ 478, 360 ]
          }
        },
        "$sub$designs/72/top.sv:17$11": {
          "hide_name": 1,
          "type": "$sub",
          "parameters": {
            "A_SIGNED": "00000000000000000000000000000000",
            "A_WIDTH": "00000000000000000000000000000001",
            "B_SIGNED": "00000000000000000000000000000000",
            "B_WIDTH": "00000000000000000000000000001110",
            "Y_WIDTH": "00000000000000000000000000001111"
          },
          "attributes": {
            "src": "designs/72/top.sv:17.63-17.89"
          },
          "port_directions": {
            "A": "input",
            "B": "input",
            "Y": "output"
          },
          "connections": {
            "A": [ 98 ],
            "B": [ 197, 198, 199, 200, 200, 200, 200, 200, 200, 200, 200, 200, 200, 200 ],
            "Y": [ 363, 364, 365, 366, 367, 368, 369, 370, 371, 372, 373, 374, 375, 376, 377 ]
          }
        },
        "$sub$designs/72/top.sv:17$20": {
          "hide_name": 1,
          "type": "$sub",
          "parameters": {
            "A_SIGNED": "00000000000000000000000000000000",
            "A_WIDTH": "00000000000000000000000000010000",
            "B_SIGNED": "00000000000000000000000000000000",
            "B_WIDTH": "00000000000000000000000000001100",
            "Y_WIDTH": "00000000000000000000000000010000"
          },
          "attributes": {
            "src": "designs/72/top.sv:17.31-17.172"
          },
          "port_directions": {
            "A": "input",
            "B": "input",
            "Y": "output"
          },
          "connections": {
            "A": [ 260, "0", "0", "0", "0", "0", "0", "0", "0", "0", "0", "0", "0", "0", "0", "0" ],
            "B": [ 2, 3, 4, 5, 6, 7, 8, 9, 10, 11, 12, 13 ],
            "Y": [ 217, 218, 219, 220, 221, 222, 223, 224, 225, 226, 227, 228, 229, 230, 231, 232 ]
          }
        },
        "$sub$designs/72/top.sv:20$38": {
          "hide_name": 1,
          "type": "$sub",
          "parameters": {
            "A_SIGNED": "00000000000000000000000000000000",
            "A_WIDTH": "00000000000000000000000000001000",
            "B_SIGNED": "00000000000000000000000000000000",
            "B_WIDTH": "00000000000000000000000000001000",
            "Y_WIDTH": "00000000000000000000000000001000"
          },
          "attributes": {
            "src": "designs/72/top.sv:20.84-20.150"
          },
          "port_directions": {
            "A": "input",
            "B": "input",
            "Y": "output"
          },
          "connections": {
            "A": [ 353, 354, 355, 356, "0", "0", "0", "0" ],
            "B": [ 188, 189, 190, 191, 192, 193, 194, 195 ],
            "Y": [ 479, 480, 481, 482, 483, 484, 485, 486 ]
          }
        },
        "$sub$designs/72/top.sv:22$49": {
          "hide_name": 1,
          "type": "$sub",
          "parameters": {
            "A_SIGNED": "00000000000000000000000000000000",
            "A_WIDTH": "00000000000000000000000000010001",
            "B_SIGNED": "00000000000000000000000000000000",
            "B_WIDTH": "00000000000000000000000000000100",
            "Y_WIDTH": "00000000000000000000000000010001"
          },
          "attributes": {
            "src": "designs/72/top.sv:22.36-22.60"
          },
          "port_directions": {
            "A": "input",
            "B": "input",
            "Y": "output"
          },
          "connections": {
            "A": [ 188, 189, 190, 191, 192, 193, 194, 195, 196, 197, 198, 199, 200, 200, 200, 200, 200 ],
            "B": [ 345, 346, 347, 348 ],
            "Y": [ 487, 488, 489, 490, 491, 492, 493, 494, 495, 496, 497, 498, 499, 500, 501, 502, 503 ]
          }
        },
        "$ternary$designs/72/top.sv:22$55": {
          "hide_name": 1,
          "type": "$mux",
          "parameters": {
            "WIDTH": "00000000000000000000000000010001"
          },
          "attributes": {
            "src": "designs/72/top.sv:22.26-22.140"
          },
          "port_directions": {
            "A": "input",
            "B": "input",
            "S": "input",
            "Y": "output"
          },
          "connections": {
            "A": [ 434, 435, 436, 437, 438, 439, 440, 441, 442, "0", "0", "0", "0", "0", "0", "0", "0" ],
            "B": [ 487, 488, 489, 490, 491, 492, 493, 494, 495, 496, 497, 498, 499, 500, 501, 502, 503 ],
            "S": [ 477 ],
            "Y": [ 14, 15, 16, 17, 18, 19, 20, 21, 22, 23, 24, 25, 26, 27, 28, 29, 30 ]
          }
        },
        "$xor$designs/72/top.sv:15$10": {
          "hide_name": 1,
          "type": "$xor",
          "parameters": {
            "A_SIGNED": "00000000000000000000000000000000",
            "A_WIDTH": "00000000000000000000000000000010",
            "B_SIGNED": "00000000000000000000000000000000",
            "B_WIDTH": "00000000000000000000000000000010",
            "Y_WIDTH": "00000000000000000000000000000010"
          },
          "attributes": {
            "src": "designs/72/top.sv:15.22-15.99"
          },
          "port_directions": {
            "A": "input",
            "B": "input",
            "Y": "output"
          },
          "connections": {
            "A": [ 478, 361 ],
            "B": [ 359, 359 ],
            "Y": [ 257, 98 ]
          }
        },
        "$xor$designs/72/top.sv:18$29": {
          "hide_name": 1,
          "type": "$xor",
          "parameters": {
            "A_SIGNED": "00000000000000000000000000000000",
            "A_WIDTH": "00000000000000000000000000000100",
            "B_SIGNED": "00000000000000000000000000000000",
            "B_WIDTH": "00000000000000000000000000000100",
            "Y_WIDTH": "00000000000000000000000000000100"
          },
          "attributes": {
            "src": "designs/72/top.sv:18.22-18.172"
          },
          "port_directions": {
            "A": "input",
            "B": "input",
            "Y": "output"
          },
          "connections": {
            "A": [ 465, 466, 467, 468 ],
            "B": [ 188, 189, 190, 191 ],
            "Y": [ 345, 346, 347, 348 ]
          }
        },
        "$xor$designs/72/top.sv:20$39": {
          "hide_name": 1,
          "type": "$xor",
          "parameters": {
            "A_SIGNED": "00000000000000000000000000000000",
            "A_WIDTH": "00000000000000000000000000001000",
            "B_SIGNED": "00000000000000000000000000000000",
            "B_WIDTH": "00000000000000000000000000001000",
            "Y_WIDTH": "00000000000000000000000000001000"
          },
          "attributes": {
            "src": "designs/72/top.sv:20.75-20.161"
          },
          "port_directions": {
            "A": "input",
            "B": "input",
            "Y": "output"
          },
          "connections": {
            "A": [ 479, 480, 481, 482, 483, 484, 485, 486 ],
            "B": [ 188, 189, 190, 191, 192, 193, 194, 195 ],
            "Y": [ 469, 470, 471, 472, 473, 474, 475, 476 ]
          }
        },
        "$xor$designs/72/top.sv:20$47": {
          "hide_name": 1,
          "type": "$xor",
          "parameters": {
            "A_SIGNED": "00000000000000000000000000000000",
            "A_WIDTH": "00000000000000000000000000001000",
            "B_SIGNED": "00000000000000000000000000000000",
            "B_WIDTH": "00000000000000000000000000001000",
            "Y_WIDTH": "00000000000000000000000000001000"
          },
          "attributes": {
            "src": "designs/72/top.sv:20.33-20.228"
          },
          "port_directions": {
            "A": "input",
            "B": "input",
            "Y": "output"
          },
          "connections": {
            "A": [ 55, 56, 57, 58, 59, 60, 61, 62 ],
            "B": [ 445, 446, 447, 448, 449, 450, 451, 452 ],
            "Y": [ 504, 505, 506, 507, 508, 509, 510, 511 ]
          }
        },
        "$xor$designs/72/top.sv:20$48": {
          "hide_name": 1,
          "type": "$xor",
          "parameters": {
            "A_SIGNED": "00000000000000000000000000000000",
            "A_WIDTH": "00000000000000000000000000001000",
            "B_SIGNED": "00000000000000000000000000000000",
            "B_WIDTH": "00000000000000000000000000001000",
            "Y_WIDTH": "00000000000000000000000000001000"
          },
          "attributes": {
            "src": "designs/72/top.sv:20.22-20.239"
          },
          "port_directions": {
            "A": "input",
            "B": "input",
            "Y": "output"
          },
          "connections": {
            "A": [ 504, 505, 506, 507, 508, 509, 510, 511 ],
            "B": [ 188, 189, 190, 191, 192, 193, 194, 195 ],
            "Y": [ 426, 427, 428, 429, 430, 431, 432, 433 ]
          }
        }
      },
      "netnames": {
        "$add$designs/72/top.sv:18$27_Y": {
          "hide_name": 1,
          "bits": [ 39, 40, 41, 42, 512, 513, 514, 515, 516, 517, 518, 519, 520, 521, 522, 523, 524, 525, 526, 527, 528, 529, 530, 531, 532, 533, 534, 535, 536, 537 ],
          "attributes": {
            "src": "designs/72/top.sv:18.44-18.144",
            "unused_bits": "4 5 6 7 8 9 10 11 12 13 14 15 16 17 18 19 20 21 22 23 24 25 26 27 28 29"
          }
        },
        "$add$designs/72/top.sv:20$44_Y": {
          "hide_name": 1,
          "bits": [ 55, 56, 57, 58, 59, 60, 61 ],
          "attributes": {
          }
        },
        "$add$designs/72/top.sv:22$50_Y": {
          "hide_name": 1,
          "bits": [ 82, 83, 84, 85, 86, 87, 88, 89, 90, 91, 92, 93, 94, 95, 96, 97 ],
          "attributes": {
            "src": "designs/72/top.sv:22.78-22.102"
          }
        },
        "$add$designs/72/top.sv:22$51_Y": {
          "hide_name": 1,
          "bits": [ 99, 100, 101, 102, 103, 104, 105, 106, 107, 108, 109, 110, 111, 112 ],
          "attributes": {
          }
        },
        "$and$designs/72/top.sv:14$1_Y": {
          "hide_name": 1,
          "bits": [ 115, 116, 117, 118, 119, 120, 121, 122, 123, 124, 125, 126 ],
          "attributes": {
            "src": "designs/72/top.sv:14.34-14.68"
          }
        },
        "$and$designs/72/top.sv:17$14_Y": {
          "hide_name": 1,
          "bits": [ 156, 157, 158, 159, 160, 161, 162, 163, 164, 165, 166, 167, 168, 169, 170, 171, 538, 539, 540, 541, 542, 543, 544 ],
          "attributes": {
            "src": "designs/72/top.sv:17.61-17.117",
            "unused_bits": "16 17 18 19 20 21 22"
          }
        },
        "$and$designs/72/top.sv:17$18_Y": {
          "hide_name": 1,
          "bits": [ 201, 202, 203, 204, 205, 206, 207, 208, 209, 210, 211, 212, 213, 214, 215, 216, 545, 546, 547, 548, 549, 550, 551 ],
          "attributes": {
            "src": "designs/72/top.sv:17.49-17.141",
            "unused_bits": "1 2 3 4 5 6 7 8 9 10 11 12 13 14 15 16 17 18 19 20 21 22"
          }
        },
        "$and$designs/72/top.sv:17$19_Y": {
          "hide_name": 1,
          "bits": [ 260, "0", "0", "0", "0", "0", "0", "0", "0", "0", "0", "0", "0", "0", "0", "0", 552, 553, 554, 555, 556, 557, 558 ],
          "attributes": {
            "src": "designs/72/top.sv:17.40-17.157",
            "unused_bits": "16 17 18 19 20 21 22"
          }
        },
        "$and$designs/72/top.sv:19$33_Y": {
          "hide_name": 1,
          "bits": [ 249, 250, 251, 252, "0", "0", "0", "0", "0", "0", "0", 559, 560, 561, 562, 563, 564, 565, 566, 567, 568, 569, 570 ],
          "attributes": {
            "src": "designs/72/top.sv:19.42-19.131",
            "unused_bits": "11 12 13 14 15 16 17 18 19 20 21 22"
          }
        },
        "$and$designs/72/top.sv:20$37_Y": {
          "hide_name": 1,
          "bits": [ 353, 354, 355, 356, "0", "0", "0", "0", 571, 572, 573, 574, 575, 576, 577, 578, 579, 580, 581, 582, 583, 584, 585, 586, 587, 588, 589, 590, 591, 592 ],
          "attributes": {
            "src": "designs/72/top.sv:20.95-20.139",
            "unused_bits": "8 9 10 11 12 13 14 15 16 17 18 19 20 21 22 23 24 25 26 27 28 29"
          }
        },
        "$and$designs/72/top.sv:20$41_Y": {
          "hide_name": 1,
          "bits": [ 241, 242, 243, 244, 245, 246, 247, 248, 593, 594, 595, 596, 597, 598, 599, 600, 601, 602, 603, 604, 605, 606, 607, 608, 609, 610, 611, 612, 613, 614 ],
          "attributes": {
            "src": "designs/72/top.sv:20.55-20.183",
            "unused_bits": "8 9 10 11 12 13 14 15 16 17 18 19 20 21 22 23 24 25 26 27 28 29"
          }
        },
        "$auto$opt_expr.cc:205:group_cell_inputs$100": {
          "hide_name": 1,
          "bits": [ 174, 175, 176, 177, 178, 179, 180, 181, 182, 183, 184, 185, 186, 187 ],
          "attributes": {
          }
        },
        "$auto$opt_expr.cc:205:group_cell_inputs$129": {
          "hide_name": 1,
          "bits": [ 253, 254, 255, 256 ],
          "attributes": {
          }
        },
        "$auto$opt_expr.cc:205:group_cell_inputs$66": {
          "hide_name": 1,
          "bits": [ 143, 144, 145, 146, 147, 148, 149, 150, 151, 152, 153, 154, 155 ],
          "attributes": {
          }
        },
        "$auto$opt_expr.cc:205:group_cell_inputs$68": {
          "hide_name": 1,
          "bits": [ 258, 259 ],
          "attributes": {
          }
        },
        "$auto$opt_expr.cc:205:group_cell_inputs$76": {
          "hide_name": 1,
          "bits": [ 284, 285, 286, 287, 288, 289, 290, 291, 292, 293, 294, 295, 296, 297, 298, 299, 300, 301, 302, 303, 304, 305, 306 ],
          "attributes": {
          }
        },
        "$auto$opt_expr.cc:205:group_cell_inputs$78": {
          "hide_name": 1,
          "bits": [ 408, 409, 410, 411, 412, 413, 414 ],
          "attributes": {
          }
        },
        "$auto$opt_expr.cc:205:group_cell_inputs$79": {
          "hide_name": 1,
          "bits": [ 31, 32 ],
          "attributes": {
          }
        },
        "$auto$opt_expr.cc:205:group_cell_inputs$81": {
          "hide_name": 1,
          "bits": [ 33, 34 ],
          "attributes": {
          }
        },
        "$auto$opt_expr.cc:205:group_cell_inputs$82": {
          "hide_name": 1,
          "bits": [ 325, 326, 327, 328, 329, 330, 331, 332, 333, 334, 335, 336, 337, 338, 339, 340 ],
          "attributes": {
          }
        },
        "$auto$opt_expr.cc:205:group_cell_inputs$93": {
          "hide_name": 1,
          "bits": [ 43, 44 ],
          "attributes": {
          }
        },
        "$auto$opt_expr.cc:205:group_cell_inputs$95": {
          "hide_name": 1,
          "bits": [ 45, 46, 47, 48, 49, 50 ],
          "attributes": {
          }
        },
        "$auto$opt_expr.cc:205:group_cell_inputs$96": {
          "hide_name": 1,
          "bits": [ 359 ],
          "attributes": {
          }
        },
        "$auto$opt_expr.cc:205:group_cell_inputs$98": {
          "hide_name": 1,
          "bits": [ 172, 173 ],
          "attributes": {
          }
        },
        "$auto$rtlil.cc:3334:Not$63": {
          "hide_name": 1,
          "bits": [ 361 ],
          "attributes": {
          }
        },
        "$auto$wreduce.cc:514:run$56": {
          "hide_name": 1,
          "bits": [ 434, 435, 436, 437, 438, 439, 440, 441, 442, "0", "0", "0", "0", "0", "0", "0", "0", "0", "0", "0", "0", "0", "0", "0", "0", "0", "0", "0", "0", "0" ],
          "attributes": {
            "src": "designs/72/top.sv:22.65-22.139"
          }
        },
        "$auto$wreduce.cc:514:run$57": {
          "hide_name": 1,
          "bits": [ 99, 100, 101, 102, 103, 104, 105, 106, 107, 108, 109, 110, 111, 112, 113, 114 ],
          "attributes": {
            "src": "designs/72/top.sv:22.77-22.117"
          }
        },
        "$auto$wreduce.cc:514:run$58": {
          "hide_name": 1,
          "bits": [ 487, 488, 489, 490, 491, 492, 493, 494, 495, 496, 497, 498, 499, 500, 501, 502, 503, 615, 616, 617, 618, 619, 620, 621, 621, 621, 621, 621, 621, 621 ],
          "attributes": {
            "src": "designs/72/top.sv:22.36-22.60",
            "unused_bits": "17 18 19 20 21 22 23 24 25 26 27 28 29"
          }
        },
        "$auto$wreduce.cc:514:run$60": {
          "hide_name": 1,
          "bits": [ 55, 56, 57, 58, 59, 60, 61, 62, 622, 623, 624, 625, 626, 627, 628, 629, 630, 631, 632, 633, 634, 635, 636, 637, 638, 639, 640, 641, 642, 643 ],
          "attributes": {
            "src": "designs/72/top.sv:20.44-20.214",
            "unused_bits": "8 9 10 11 12 13 14 15 16 17 18 19 20 21 22 23 24 25 26 27 28 29"
          }
        },
        "$auto$wreduce.cc:514:run$61": {
          "hide_name": 1,
          "bits": [ 341, 342, 343, 344, 415, 416, 417, 418, 419, 420, 421, 644, 645, 646, 647, 648, 649, 650, 651, 652, 653, 654, 655 ],
          "attributes": {
            "src": "designs/72/top.sv:19.51-19.120",
            "unused_bits": "4 5 6 7 8 9 10 11 12 13 14 15 16 17 18 19 20 21 22"
          }
        },
        "$ge$designs/72/top.sv:22$52_Y": {
          "hide_name": 1,
          "bits": [ 362, "0", "0", "0", "0", "0", "0", "0", "0", "0", "0", "0", "0", "0", "0", "0", "0", "0", "0", "0", "0", "0", "0", "0", "0", "0", "0", "0", "0", "0" ],
          "attributes": {
            "src": "designs/72/top.sv:22.66-22.129"
          }
        },
        "$mul$designs/72/top.sv:17$12_Y": {
          "hide_name": 1,
          "bits": [ 127, 128, 129, 130, 131, 132, 133, 134, 135, 136, 137, 138, 139, 140, 141, 142, 656, 657, 658, 659, 660, 661, 662 ],
          "attributes": {
            "src": "designs/72/top.sv:17.62-17.104",
            "unused_bits": "16 17 18 19 20 21 22"
          }
        },
        "$mul$designs/72/top.sv:18$22_Y": {
          "hide_name": 1,
          "bits": [ 378, 379, 380, 381, 382, 383, 384, 385, 386, 387, 388, 389, 390, 391, 392, 393, 394, 395, 396, 397, 398, 399, 400, 401, 402, 403, 404, 405, 406, 407 ],
          "attributes": {
            "src": "designs/72/top.sv:18.67-18.82"
          }
        },
        "$mul$designs/72/top.sv:18$23_Y": {
          "hide_name": 1,
          "bits": [ 261, 262, 263, 264, 265, 266, 267, 268, 269, 270, 271, 272, 273, 274, 275, 276, 277, 278, 279, 280, 281, 282, 283, 408, 409, 410, 411, 412, 413, 414 ],
          "attributes": {
            "src": "designs/72/top.sv:18.58-18.93"
          }
        },
        "$mul$designs/72/top.sv:18$25_Y": {
          "hide_name": 1,
          "bits": [ 307, 308, 33, 34, 663, 664, 665, 666, 667, 668, 669, 670, 671, 672, 673, 674, 675, 676, 677, 678, 679, 680, 681, 682, 683, 684, 685, 686, 687, 688 ],
          "attributes": {
            "src": "designs/72/top.sv:18.56-18.123",
            "unused_bits": "4 5 6 7 8 9 10 11 12 13 14 15 16 17 18 19 20 21 22 23 24 25 26 27 28 29"
          }
        },
        "$mul$designs/72/top.sv:19$30_Y": {
          "hide_name": 1,
          "bits": [ 309, 310, 311, 312, 313, 314, 315, 316, 317, 318, 319, 320, 321, 322, 323, 324 ],
          "attributes": {
            "src": "designs/72/top.sv:19.73-19.88"
          }
        },
        "$mul$designs/72/top.sv:20$36_Y": {
          "hide_name": 1,
          "bits": [ 349, 350, 351, 352, 422, 423, 424, 425, 689, 690, 691, 692, 693, 694, 695, 696, 697, 698, 699, 700, 701, 702, 703, 704, 705, 706, 707, 708, 709, 710 ],
          "attributes": {
            "src": "designs/72/top.sv:20.104-20.128",
            "unused_bits": "4 5 6 7 8 9 10 11 12 13 14 15 16 17 18 19 20 21 22 23 24 25 26 27 28 29"
          }
        },
        "$not$designs/72/top.sv:15$5_Y": {
          "hide_name": 1,
          "bits": [ 443, 444, 711, 712, 713, 714, 715, 716, 717, 718, 719, 720, 721, 722, 723, 724, 725, 726, 727, 728, 729, 730, 731 ],
          "attributes": {
            "src": "designs/72/top.sv:15.53-15.69",
            "unused_bits": "2 3 4 5 6 7 8 9 10 11 12 13 14 15 16 17 18 19 20 21 22"
          }
        },
        "$not$designs/72/top.sv:20$46_Y": {
          "hide_name": 1,
          "bits": [ 445, 446, 447, 448, 449, 450, 451, 452, 732, 733, 734, 735, 736, 737, 738, 739, 740, 741, 742, 743, 744, 745, 746, 747, 748, 749, 750, 751, 752, 753 ],
          "attributes": {
            "src": "designs/72/top.sv:20.220-20.227",
            "unused_bits": "8 9 10 11 12 13 14 15 16 17 18 19 20 21 22 23 24 25 26 27 28 29"
          }
        },
        "$or$designs/72/top.sv:14$2_Y": {
          "hide_name": 1,
          "bits": [ 453, 454, 455, 456, 457, 458, 459, 460, 461, 462, 463, 464, "0", "0", "0", "0", "0", "0", "0", "0", "0", "0", "0" ],
          "attributes": {
            "src": "designs/72/top.sv:14.23-14.83"
          }
        },
        "$or$designs/72/top.sv:18$28_Y": {
          "hide_name": 1,
          "bits": [ 465, 466, 467, 468, 754, 755, 756, 757, 758, 759, 760, 761, 762, 763, 764, 765, 766, 767, 768, 769, 770, 771, 772, 773, 774, 775, 776, 777, 778, 779 ],
          "attributes": {
            "src": "designs/72/top.sv:18.33-18.161",
            "unused_bits": "4 5 6 7 8 9 10 11 12 13 14 15 16 17 18 19 20 21 22 23 24 25 26 27 28 29"
          }
        },
        "$or$designs/72/top.sv:20$40_Y": {
          "hide_name": 1,
          "bits": [ 233, 234, 235, 236, 237, 238, 239, 240, 780, 781, 782, 783, 784, 785, 786, 787, 788, 789, 790, 791, 792, 793, 794, 795, 796, 797, 798, 799, 800, 801 ],
          "attributes": {
            "src": "designs/72/top.sv:20.66-20.172",
            "unused_bits": "8 9 10 11 12 13 14 15 16 17 18 19 20 21 22 23 24 25 26 27 28 29"
          }
        },
        "$or$designs/72/top.sv:20$42_Y": {
          "hide_name": 1,
          "bits": [ 357, 358, 45, 46, 47, 48, 49, 50, 802, 803, 804, 805, 806, 807, 808, 809, 810, 811, 812, 813, 814, 815, 816, 817, 818, 819, 820, 821, 822, 823 ],
          "attributes": {
            "src": "designs/72/top.sv:20.54-20.193",
            "unused_bits": "8 9 10 11 12 13 14 15 16 17 18 19 20 21 22 23 24 25 26 27 28 29"
          }
        },
        "$reduce_bool$designs/72/top.sv:22$54_Y": {
          "hide_name": 1,
          "bits": [ 477 ],
          "attributes": {
            "src": "designs/72/top.sv:22.26-22.140"
          }
        },
        "$sub$designs/72/top.sv:15$6_Y": {
          "hide_name": 1,
          "bits": [ 478, 360, 824, 825, 826, 827, 828, 829, 830, 831, 832, 833, 834, 835, 836, 837, 838, 839, 840, 841, 842, 843, 844 ],
          "attributes": {
            "src": "designs/72/top.sv:15.32-15.70",
            "unused_bits": "2 3 4 5 6 7 8 9 10 11 12 13 14 15 16 17 18 19 20 21 22"
          }
        },
        "$sub$designs/72/top.sv:17$11_Y": {
          "hide_name": 1,
          "bits": [ 363, 364, 365, 366, 367, 368, 369, 370, 371, 372, 373, 374, 375, 376, 377, 377, 377, 377, 377, 377, 377, 377, 377 ],
          "attributes": {
            "src": "designs/72/top.sv:17.63-17.89"
          }
        },
        "$sub$designs/72/top.sv:17$20_Y": {
          "hide_name": 1,
          "bits": [ 217, 218, 219, 220, 221, 222, 223, 224, 225, 226, 227, 228, 229, 230, 231, 232, 845, 846, 847, 848, 849, 850, 851 ],
          "attributes": {
            "src": "designs/72/top.sv:17.31-17.172",
            "unused_bits": "16 17 18 19 20 21 22"
          }
        },
        "$sub$designs/72/top.sv:20$38_Y": {
          "hide_name": 1,
          "bits": [ 479, 480, 481, 482, 483, 484, 485, 486, 852, 853, 854, 855, 856, 857, 858, 859, 860, 861, 862, 863, 864, 865, 866, 867, 868, 869, 870, 871, 872, 873 ],
          "attributes": {
            "src": "designs/72/top.sv:20.84-20.150",
            "unused_bits": "8 9 10 11 12 13 14 15 16 17 18 19 20 21 22 23 24 25 26 27 28 29"
          }
        },
        "$xor$designs/72/top.sv:20$39_Y": {
          "hide_name": 1,
          "bits": [ 469, 470, 471, 472, 473, 474, 475, 476, 874, 875, 876, 877, 878, 879, 880, 881, 882, 883, 884, 885, 886, 887, 888, 889, 890, 891, 892, 893, 894, 895 ],
          "attributes": {
            "src": "designs/72/top.sv:20.75-20.161",
            "unused_bits": "8 9 10 11 12 13 14 15 16 17 18 19 20 21 22 23 24 25 26 27 28 29"
          }
        },
        "$xor$designs/72/top.sv:20$47_Y": {
          "hide_name": 1,
          "bits": [ 504, 505, 506, 507, 508, 509, 510, 511, 896, 897, 898, 899, 900, 901, 902, 903, 904, 905, 906, 907, 908, 909, 910, 911, 912, 913, 914, 915, 916, 917 ],
          "attributes": {
            "src": "designs/72/top.sv:20.33-20.228",
            "unused_bits": "8 9 10 11 12 13 14 15 16 17 18 19 20 21 22 23 24 25 26 27 28 29"
          }
        },
        "input_data": {
          "hide_name": 0,
          "bits": [ 2, 3, 4, 5, 6, 7, 8, 9, 10, 11, 12, 13 ],
          "attributes": {
            "src": "designs/72/top.sv:2.18-2.28"
          }
        },
        "output_data": {
          "hide_name": 0,
          "bits": [ 14, 15, 16, 17, 18, 19, 20, 21, 22, 23, 24, 25, 26, 27, 28, 29, 30 ],
          "attributes": {
            "src": "designs/72/top.sv:3.19-3.30"
          }
        },
        "temp_0": {
          "hide_name": 0,
          "bits": [ 188, 189, 190, 191, 192, 193, 194, 195, 196, 197, 198, 199, 200, 200, 200, 200, 200, 200, 200, 200, 200, 200, 200 ],
          "attributes": {
            "src": "designs/72/top.sv:6.18-6.24"
          }
        },
        "temp_1": {
          "hide_name": 0,
          "bits": [ 257, 98 ],
          "attributes": {
            "src": "designs/72/top.sv:7.17-7.23"
          }
        },
        "temp_3": {
          "hide_name": 0,
          "bits": [ 35, 36, 37, 38, 51, 52, 53, 54, 74, 75, 76, 77, 78, 79, 80, 81 ],
          "attributes": {
            "src": "designs/72/top.sv:9.18-9.24"
          }
        },
        "temp_4": {
          "hide_name": 0,
          "bits": [ 345, 346, 347, 348 ],
          "attributes": {
            "src": "designs/72/top.sv:10.17-10.23"
          }
        },
        "temp_5": {
          "hide_name": 0,
          "bits": [ 63, 64, 65, 66, 67, 68, 69, 70, 71, 72, 73 ],
          "attributes": {
            "src": "designs/72/top.sv:11.18-11.24"
          }
        },
        "temp_6": {
          "hide_name": 0,
          "bits": [ 426, 427, 428, 429, 430, 431, 432, 433 ],
          "attributes": {
            "src": "designs/72/top.sv:12.17-12.23"
          }
        }
      }
    }
  }
}
