{
  "creator": "Yosys 0.60 (git sha1 5bafeb77dc71e054fa331ab9efa613e6fb0a1c49, clang++ 17.0.0 -fPIC -O3)",
  "modules": {
    "top": {
      "attributes": {
        "top": "00000000000000000000000000000001",
        "src": "designs/164/top.sv:1.1-40.10"
      },
      "ports": {
        "input_data": {
          "direction": "input",
          "bits": [ 2, 3, 4, 5, 6, 7, 8, 9 ]
        },
        "output_data": {
          "direction": "output",
          "bits": [ 10, 11, 12 ]
        }
      },
      "cells": {
        "$add$designs/164/top.sv:22$1": {
          "hide_name": 1,
          "type": "$add",
          "parameters": {
            "A_SIGNED": "00000000000000000000000000000000",
            "A_WIDTH": "00000000000000000000000000001000",
            "B_SIGNED": "00000000000000000000000000000000",
            "B_WIDTH": "00000000000000000000000000001000",
            "Y_WIDTH": "00000000000000000000000000001000"
          },
          "attributes": {
            "src": "designs/164/top.sv:22.73-22.105"
          },
          "port_directions": {
            "A": "input",
            "B": "input",
            "Y": "output"
          },
          "connections": {
            "A": [ 2, 3, 4, 5, 6, 7, 8, 9 ],
            "B": [ 2, 3, 4, 5, 6, 7, 8, 9 ],
            "Y": [ 13, 14, 15, 16, 17, 18, 19, 20 ]
          }
        },
        "$add$designs/164/top.sv:22$3": {
          "hide_name": 1,
          "type": "$add",
          "parameters": {
            "A_SIGNED": "00000000000000000000000000000000",
            "A_WIDTH": "00000000000000000000000000001000",
            "B_SIGNED": "00000000000000000000000000000000",
            "B_WIDTH": "00000000000000000000000000001000",
            "Y_WIDTH": "00000000000000000000000000001000"
          },
          "attributes": {
            "src": "designs/164/top.sv:22.51-22.135"
          },
          "port_directions": {
            "A": "input",
            "B": "input",
            "Y": "output"
          },
          "connections": {
            "A": [ 21, 22, 23, 24, 25, 26, 27, 28 ],
            "B": [ 2, 3, 4, 5, 6, 7, 8, 9 ],
            "Y": [ 29, 30, 31, 32, 33, 34, 35, 36 ]
          }
        },
        "$add$designs/164/top.sv:24$14": {
          "hide_name": 1,
          "type": "$add",
          "parameters": {
            "A_SIGNED": "00000000000000000000000000000000",
            "A_WIDTH": "00000000000000000000000000000101",
            "B_SIGNED": "00000000000000000000000000000000",
            "B_WIDTH": "00000000000000000000000000000101",
            "Y_WIDTH": "00000000000000000000000000000101"
          },
          "attributes": {
            "src": "designs/164/top.sv:24.59-24.120"
          },
          "port_directions": {
            "A": "input",
            "B": "input",
            "Y": "output"
          },
          "connections": {
            "A": [ 37, 38, 39, 40, 41 ],
            "B": [ 42, 43, 44, 45, 46 ],
            "Y": [ 47, 48, 49, 50, 51 ]
          }
        },
        "$add$designs/164/top.sv:24$15": {
          "hide_name": 1,
          "type": "$add",
          "parameters": {
            "A_SIGNED": "00000000000000000000000000000000",
            "A_WIDTH": "00000000000000000000000000000101",
            "B_SIGNED": "00000000000000000000000000000000",
            "B_WIDTH": "00000000000000000000000000000101",
            "Y_WIDTH": "00000000000000000000000000000101"
          },
          "attributes": {
            "src": "designs/164/top.sv:24.50-24.131"
          },
          "port_directions": {
            "A": "input",
            "B": "input",
            "Y": "output"
          },
          "connections": {
            "A": [ 47, 48, 49, 50, 51 ],
            "B": [ 42, 43, 44, 45, 46 ],
            "Y": [ 52, 53, 54, 55, 56 ]
          }
        },
        "$and$designs/164/top.sv:23$9": {
          "hide_name": 1,
          "type": "$and",
          "parameters": {
            "A_SIGNED": "00000000000000000000000000000000",
            "A_WIDTH": "00000000000000000000000000000100",
            "B_SIGNED": "00000000000000000000000000000000",
            "B_WIDTH": "00000000000000000000000000000100",
            "Y_WIDTH": "00000000000000000000000000000100"
          },
          "attributes": {
            "src": "designs/164/top.sv:23.134-23.158"
          },
          "port_directions": {
            "A": "input",
            "B": "input",
            "Y": "output"
          },
          "connections": {
            "A": [ 42, 43, 44, 45 ],
            "B": [ 42, 43, 44, 45 ],
            "Y": [ 57, 58, 59, 60 ]
          }
        },
        "$and$designs/164/top.sv:24$13": {
          "hide_name": 1,
          "type": "$and",
          "parameters": {
            "A_SIGNED": "00000000000000000000000000000000",
            "A_WIDTH": "00000000000000000000000000000101",
            "B_SIGNED": "00000000000000000000000000000000",
            "B_WIDTH": "00000000000000000000000000000101",
            "Y_WIDTH": "00000000000000000000000000000101"
          },
          "attributes": {
            "src": "designs/164/top.sv:24.68-24.103"
          },
          "port_directions": {
            "A": "input",
            "B": "input",
            "Y": "output"
          },
          "connections": {
            "A": [ 5, 6, 7, 8, 9 ],
            "B": [ 42, 43, 44, 45, 46 ],
            "Y": [ 37, 38, 39, 40, 41 ]
          }
        },
        "$auto$opt_expr.cc:276:group_cell_inputs$61": {
          "hide_name": 1,
          "type": "$xor",
          "parameters": {
            "A_SIGNED": "00000000000000000000000000000000",
            "A_WIDTH": "00000000000000000000000000000100",
            "B_SIGNED": "00000000000000000000000000000000",
            "B_WIDTH": "00000000000000000000000000000100",
            "Y_WIDTH": "00000000000000000000000000000100"
          },
          "attributes": {
          },
          "port_directions": {
            "A": "input",
            "B": "input",
            "Y": "output"
          },
          "connections": {
            "A": [ 61, 62, 63, 64 ],
            "B": [ 42, 43, 44, 45 ],
            "Y": [ 65, 66, 67, 68 ]
          }
        },
        "$auto$opt_expr.cc:276:group_cell_inputs$64": {
          "hide_name": 1,
          "type": "$and",
          "parameters": {
            "A_SIGNED": "00000000000000000000000000000000",
            "A_WIDTH": "00000000000000000000000000000101",
            "B_SIGNED": "00000000000000000000000000000000",
            "B_WIDTH": "00000000000000000000000000000101",
            "Y_WIDTH": "00000000000000000000000000000101"
          },
          "attributes": {
          },
          "port_directions": {
            "A": "input",
            "B": "input",
            "Y": "output"
          },
          "connections": {
            "A": [ 3, 4, 5, 6, 7 ],
            "B": [ 69, 70, 71, 72, 73 ],
            "Y": [ 74, 75, 76, 77, 78 ]
          }
        },
        "$auto$opt_expr.cc:276:group_cell_inputs$82": {
          "hide_name": 1,
          "type": "$and",
          "parameters": {
            "A_SIGNED": "00000000000000000000000000000000",
            "A_WIDTH": "00000000000000000000000000000101",
            "B_SIGNED": "00000000000000000000000000000000",
            "B_WIDTH": "00000000000000000000000000000101",
            "Y_WIDTH": "00000000000000000000000000000101"
          },
          "attributes": {
          },
          "port_directions": {
            "A": "input",
            "B": "input",
            "Y": "output"
          },
          "connections": {
            "A": [ 42, 43, 44, 45, 46 ],
            "B": [ 74, 75, 76, 77, 78 ],
            "Y": [ 79, 80, 81, 82, 83 ]
          }
        },
        "$mul$designs/164/top.sv:22$2": {
          "hide_name": 1,
          "type": "$mul",
          "parameters": {
            "A_SIGNED": "00000000000000000000000000000000",
            "A_WIDTH": "00000000000000000000000000001000",
            "B_SIGNED": "00000000000000000000000000000000",
            "B_WIDTH": "00000000000000000000000000001000",
            "Y_WIDTH": "00000000000000000000000000001000"
          },
          "attributes": {
            "src": "designs/164/top.sv:22.62-22.120"
          },
          "port_directions": {
            "A": "input",
            "B": "input",
            "Y": "output"
          },
          "connections": {
            "A": [ 13, 14, 15, 16, 17, 18, 19, 20 ],
            "B": [ 2, 3, 4, 5, 6, 7, 8, 9 ],
            "Y": [ 21, 22, 23, 24, 25, 26, 27, 28 ]
          }
        },
        "$mul$designs/164/top.sv:23$7": {
          "hide_name": 1,
          "type": "$mul",
          "parameters": {
            "A_SIGNED": "00000000000000000000000000000000",
            "A_WIDTH": "00000000000000000000000000000100",
            "B_SIGNED": "00000000000000000000000000000000",
            "B_WIDTH": "00000000000000000000000000000100",
            "Y_WIDTH": "00000000000000000000000000000100"
          },
          "attributes": {
            "src": "designs/164/top.sv:23.49-23.91"
          },
          "port_directions": {
            "A": "input",
            "B": "input",
            "Y": "output"
          },
          "connections": {
            "A": [ 2, 3, 4, 5 ],
            "B": [ 2, 3, 4, 5 ],
            "Y": [ 84, 85, 86, 87 ]
          }
        },
        "$mul$designs/164/top.sv:30$35": {
          "hide_name": 1,
          "type": "$mul",
          "parameters": {
            "A_SIGNED": "00000000000000000000000000000000",
            "A_WIDTH": "00000000000000000000000000001000",
            "B_SIGNED": "00000000000000000000000000000000",
            "B_WIDTH": "00000000000000000000000000000110",
            "Y_WIDTH": "00000000000000000000000000000011"
          },
          "attributes": {
            "src": "designs/164/top.sv:30.22-30.55"
          },
          "port_directions": {
            "A": "input",
            "B": "input",
            "Y": "output"
          },
          "connections": {
            "A": [ 42, 43, 44, 45, 46, 88, 89, 90 ],
            "B": [ 4, 5, 6, 7, 8, 9 ],
            "Y": [ 91, 92, 93 ]
          }
        },
        "$or$designs/164/top.sv:22$4": {
          "hide_name": 1,
          "type": "$or",
          "parameters": {
            "A_SIGNED": "00000000000000000000000000000000",
            "A_WIDTH": "00000000000000000000000000001000",
            "B_SIGNED": "00000000000000000000000000000000",
            "B_WIDTH": "00000000000000000000000000001000",
            "Y_WIDTH": "00000000000000000000000000001000"
          },
          "attributes": {
            "src": "designs/164/top.sv:22.40-22.150"
          },
          "port_directions": {
            "A": "input",
            "B": "input",
            "Y": "output"
          },
          "connections": {
            "A": [ 29, 30, 31, 32, 33, 34, 35, 36 ],
            "B": [ 2, 3, 4, 5, 6, 7, 8, 9 ],
            "Y": [ 94, 95, 96, 97, 98, 99, 100, 101 ]
          }
        },
        "$or$designs/164/top.sv:24$17": {
          "hide_name": 1,
          "type": "$or",
          "parameters": {
            "A_SIGNED": "00000000000000000000000000000000",
            "A_WIDTH": "00000000000000000000000000000101",
            "B_SIGNED": "00000000000000000000000000000000",
            "B_WIDTH": "00000000000000000000000000000101",
            "Y_WIDTH": "00000000000000000000000000000101"
          },
          "attributes": {
            "src": "designs/164/top.sv:24.148-24.194"
          },
          "port_directions": {
            "A": "input",
            "B": "input",
            "Y": "output"
          },
          "connections": {
            "A": [ 65, 66, 67, 68, 46 ],
            "B": [ 42, 43, 44, 45, 46 ],
            "Y": [ 102, 103, 104, 105, 106 ]
          }
        },
        "$or$designs/164/top.sv:24$18": {
          "hide_name": 1,
          "type": "$or",
          "parameters": {
            "A_SIGNED": "00000000000000000000000000000000",
            "A_WIDTH": "00000000000000000000000000000101",
            "B_SIGNED": "00000000000000000000000000000000",
            "B_WIDTH": "00000000000000000000000000000101",
            "Y_WIDTH": "00000000000000000000000000000101"
          },
          "attributes": {
            "src": "designs/164/top.sv:24.137-24.214"
          },
          "port_directions": {
            "A": "input",
            "B": "input",
            "Y": "output"
          },
          "connections": {
            "A": [ 102, 103, 104, 105, 106 ],
            "B": [ 3, 4, 5, 6, 7 ],
            "Y": [ 107, 108, 109, 110, 111 ]
          }
        },
        "$shl$designs/164/top.sv:34$37": {
          "hide_name": 1,
          "type": "$shl",
          "parameters": {
            "A_SIGNED": "00000000000000000000000000000000",
            "A_WIDTH": "00000000000000000000000000001000",
            "B_SIGNED": "00000000000000000000000000000000",
            "B_WIDTH": "00000000000000000000000000001000",
            "Y_WIDTH": "00000000000000000000000000010000"
          },
          "attributes": {
            "src": "designs/164/top.sv:34.23-34.69"
          },
          "port_directions": {
            "A": "input",
            "B": "input",
            "Y": "output"
          },
          "connections": {
            "A": [ 79, 80, 81, 82, 83, "0", "0", "0" ],
            "B": [ 2, 3, 4, 5, 6, 7, 8, 9 ],
            "Y": [ 112, 113, 114, 115, 116, 117, 118, 119, 120, 121, 122, 123, 124, 125, 126, 127 ]
          }
        },
        "$ternary$designs/164/top.sv:22$6": {
          "hide_name": 1,
          "type": "$mux",
          "parameters": {
            "WIDTH": "00000000000000000000000000001000"
          },
          "attributes": {
            "src": "designs/164/top.sv:22.21-22.188"
          },
          "port_directions": {
            "A": "input",
            "B": "input",
            "S": "input",
            "Y": "output"
          },
          "connections": {
            "A": [ "0", "0", "0", "0", "0", "0", "0", "0" ],
            "B": [ 94, 95, 96, 97, 98, 99, 100, 101 ],
            "S": [ 5 ],
            "Y": [ 42, 43, 44, 45, 46, 88, 89, 90 ]
          }
        },
        "$ternary$designs/164/top.sv:23$12": {
          "hide_name": 1,
          "type": "$mux",
          "parameters": {
            "WIDTH": "00000000000000000000000000000100"
          },
          "attributes": {
            "src": "designs/164/top.sv:23.21-23.181"
          },
          "port_directions": {
            "A": "input",
            "B": "input",
            "S": "input",
            "Y": "output"
          },
          "connections": {
            "A": [ 128, 129, 130, 131 ],
            "B": [ 132, 133, 134, 135 ],
            "S": [ 7 ],
            "Y": [ 61, 62, 63, 64 ]
          }
        },
        "$ternary$designs/164/top.sv:24$19": {
          "hide_name": 1,
          "type": "$mux",
          "parameters": {
            "WIDTH": "00000000000000000000000000000101"
          },
          "attributes": {
            "src": "designs/164/top.sv:24.21-24.215"
          },
          "port_directions": {
            "A": "input",
            "B": "input",
            "S": "input",
            "Y": "output"
          },
          "connections": {
            "A": [ 107, 108, 109, 110, 111 ],
            "B": [ 52, 53, 54, 55, 56 ],
            "S": [ 2 ],
            "Y": [ 69, 70, 71, 72, 73 ]
          }
        },
        "$xor$designs/164/top.sv:23$10": {
          "hide_name": 1,
          "type": "$xor",
          "parameters": {
            "A_SIGNED": "00000000000000000000000000000000",
            "A_WIDTH": "00000000000000000000000000000100",
            "B_SIGNED": "00000000000000000000000000000000",
            "B_WIDTH": "00000000000000000000000000000100",
            "Y_WIDTH": "00000000000000000000000000000100"
          },
          "attributes": {
            "src": "designs/164/top.sv:23.125-23.169"
          },
          "port_directions": {
            "A": "input",
            "B": "input",
            "Y": "output"
          },
          "connections": {
            "A": [ 57, 58, 59, 60 ],
            "B": [ 42, 43, 44, 45 ],
            "Y": [ 136, 137, 138, 139 ]
          }
        },
        "$xor$designs/164/top.sv:23$11": {
          "hide_name": 1,
          "type": "$xor",
          "parameters": {
            "A_SIGNED": "00000000000000000000000000000000",
            "A_WIDTH": "00000000000000000000000000000100",
            "B_SIGNED": "00000000000000000000000000000000",
            "B_WIDTH": "00000000000000000000000000000100",
            "Y_WIDTH": "00000000000000000000000000000100"
          },
          "attributes": {
            "src": "designs/164/top.sv:23.116-23.180"
          },
          "port_directions": {
            "A": "input",
            "B": "input",
            "Y": "output"
          },
          "connections": {
            "A": [ 136, 137, 138, 139 ],
            "B": [ 42, 43, 44, 45 ],
            "Y": [ 128, 129, 130, 131 ]
          }
        },
        "$xor$designs/164/top.sv:23$8": {
          "hide_name": 1,
          "type": "$xor",
          "parameters": {
            "A_SIGNED": "00000000000000000000000000000000",
            "A_WIDTH": "00000000000000000000000000000100",
            "B_SIGNED": "00000000000000000000000000000000",
            "B_WIDTH": "00000000000000000000000000000100",
            "Y_WIDTH": "00000000000000000000000000000100"
          },
          "attributes": {
            "src": "designs/164/top.sv:23.40-23.111"
          },
          "port_directions": {
            "A": "input",
            "B": "input",
            "Y": "output"
          },
          "connections": {
            "A": [ 84, 85, 86, 87 ],
            "B": [ 5, 6, 7, 8 ],
            "Y": [ 132, 133, 134, 135 ]
          }
        },
        "$xor$designs/164/top.sv:38$46": {
          "hide_name": 1,
          "type": "$xor",
          "parameters": {
            "A_SIGNED": "00000000000000000000000000000000",
            "A_WIDTH": "00000000000000000000000000000011",
            "B_SIGNED": "00000000000000000000000000000000",
            "B_WIDTH": "00000000000000000000000000000011",
            "Y_WIDTH": "00000000000000000000000000000011"
          },
          "attributes": {
            "src": "designs/164/top.sv:38.37-38.75"
          },
          "port_directions": {
            "A": "input",
            "B": "input",
            "Y": "output"
          },
          "connections": {
            "A": [ 91, 92, 93 ],
            "B": [ 75, 76, 77 ],
            "Y": [ 140, 141, 142 ]
          }
        },
        "$xor$designs/164/top.sv:38$47": {
          "hide_name": 1,
          "type": "$xor",
          "parameters": {
            "A_SIGNED": "00000000000000000000000000000000",
            "A_WIDTH": "00000000000000000000000000000011",
            "B_SIGNED": "00000000000000000000000000000000",
            "B_WIDTH": "00000000000000000000000000000011",
            "Y_WIDTH": "00000000000000000000000000000011"
          },
          "attributes": {
            "src": "designs/164/top.sv:38.28-38.91"
          },
          "port_directions": {
            "A": "input",
            "B": "input",
            "Y": "output"
          },
          "connections": {
            "A": [ 140, 141, 142 ],
            "B": [ 91, 92, 93 ],
            "Y": [ 143, 144, 145 ]
          }
        },
        "$xor$designs/164/top.sv:38$48": {
          "hide_name": 1,
          "type": "$xor",
          "parameters": {
            "A_SIGNED": "00000000000000000000000000000000",
            "A_WIDTH": "00000000000000000000000000000011",
            "B_SIGNED": "00000000000000000000000000000000",
            "B_WIDTH": "00000000000000000000000000000011",
            "Y_WIDTH": "00000000000000000000000000000011"
          },
          "attributes": {
            "src": "designs/164/top.sv:38.27-38.102"
          },
          "port_directions": {
            "A": "input",
            "B": "input",
            "Y": "output"
          },
          "connections": {
            "A": [ 143, 144, 145 ],
            "B": [ 112, 113, 114 ],
            "Y": [ 10, 11, 12 ]
          }
        }
      },
      "netnames": {
        "$add$designs/164/top.sv:22$1_Y": {
          "hide_name": 1,
          "bits": [ 13, 14, 15, 16, 17, 18, 19, 20 ],
          "attributes": {
            "src": "designs/164/top.sv:22.73-22.105"
          }
        },
        "$add$designs/164/top.sv:22$3_Y": {
          "hide_name": 1,
          "bits": [ 29, 30, 31, 32, 33, 34, 35, 36 ],
          "attributes": {
            "src": "designs/164/top.sv:22.51-22.135"
          }
        },
        "$add$designs/164/top.sv:24$14_Y": {
          "hide_name": 1,
          "bits": [ 47, 48, 49, 50, 51, 146, 147, 148, 149, "0", "0", "0", "0", "0", "0", "0", "0", "0", "0", "0", "0", "0", "0", "0", "0", "0" ],
          "attributes": {
            "src": "designs/164/top.sv:24.59-24.120",
            "unused_bits": "5 6 7 8"
          }
        },
        "$add$designs/164/top.sv:24$15_Y": {
          "hide_name": 1,
          "bits": [ 52, 53, 54, 55, 56 ],
          "attributes": {
          }
        },
        "$and$designs/164/top.sv:23$9_Y": {
          "hide_name": 1,
          "bits": [ 57, 58, 59, 60, 150, 151, 152, 153, "0", "0", "0", "0", "0", "0", "0", "0", "0", "0", "0", "0", "0", "0", "0", "0", "0", "0" ],
          "attributes": {
            "src": "designs/164/top.sv:23.134-23.158",
            "unused_bits": "4 5 6 7"
          }
        },
        "$and$designs/164/top.sv:24$13_Y": {
          "hide_name": 1,
          "bits": [ 37, 38, 39, 40, 41, 154, 155, 156, "0", "0", "0", "0", "0", "0", "0", "0", "0", "0", "0", "0", "0", "0", "0", "0", "0", "0" ],
          "attributes": {
            "src": "designs/164/top.sv:24.68-24.103",
            "unused_bits": "5 6 7"
          }
        },
        "$and$designs/164/top.sv:34$36_Y": {
          "hide_name": 1,
          "bits": [ 79, 80, 81, 82, 83, "0", "0", "0" ],
          "attributes": {
          }
        },
        "$auto$opt_expr.cc:205:group_cell_inputs$60": {
          "hide_name": 1,
          "bits": [ 65, 66, 67, 68 ],
          "attributes": {
          }
        },
        "$auto$wreduce.cc:514:run$49": {
          "hide_name": 1,
          "bits": [ 143, 144, 145, 157, 158, 159, "0", "0", "0", "0", "0", "0", "0", "0", "0", "0", "0", "0", "0" ],
          "attributes": {
            "src": "designs/164/top.sv:38.28-38.91",
            "unused_bits": "3 4 5"
          }
        },
        "$auto$wreduce.cc:514:run$50": {
          "hide_name": 1,
          "bits": [ 140, 141, 142, 160, 161, 162, "0", "0", "0", "0", "0", "0", "0", "0", "0", "0", "0", "0", "0" ],
          "attributes": {
            "src": "designs/164/top.sv:38.37-38.75",
            "unused_bits": "3 4 5"
          }
        },
        "$mul$designs/164/top.sv:22$2_Y": {
          "hide_name": 1,
          "bits": [ 21, 22, 23, 24, 25, 26, 27, 28 ],
          "attributes": {
            "src": "designs/164/top.sv:22.62-22.120"
          }
        },
        "$mul$designs/164/top.sv:23$7_Y": {
          "hide_name": 1,
          "bits": [ 84, 85, 86, 87 ],
          "attributes": {
            "src": "designs/164/top.sv:23.49-23.91"
          }
        },
        "$or$designs/164/top.sv:22$4_Y": {
          "hide_name": 1,
          "bits": [ 94, 95, 96, 97, 98, 99, 100, 101, "0", "0", "0", "0", "0", "0", "0", "0", "0", "0", "0", "0", "0", "0", "0", "0", "0", "0" ],
          "attributes": {
            "src": "designs/164/top.sv:22.40-22.150"
          }
        },
        "$or$designs/164/top.sv:24$17_Y": {
          "hide_name": 1,
          "bits": [ 102, 103, 104, 105, 106, 163, 164, 165, "0", "0", "0", "0", "0", "0", "0", "0", "0", "0", "0", "0", "0", "0", "0", "0", "0", "0" ],
          "attributes": {
            "src": "designs/164/top.sv:24.148-24.194",
            "unused_bits": "5 6 7"
          }
        },
        "$or$designs/164/top.sv:24$18_Y": {
          "hide_name": 1,
          "bits": [ 107, 108, 109, 110, 111, 166, 167, 168, "0", "0", "0", "0", "0", "0", "0", "0", "0", "0", "0", "0", "0", "0", "0", "0", "0", "0" ],
          "attributes": {
            "src": "designs/164/top.sv:24.137-24.214",
            "unused_bits": "5 6 7"
          }
        },
        "$xor$designs/164/top.sv:23$10_Y": {
          "hide_name": 1,
          "bits": [ 136, 137, 138, 139, 169, 170, 171, 172, "0", "0", "0", "0", "0", "0", "0", "0", "0", "0", "0", "0", "0", "0", "0", "0", "0", "0" ],
          "attributes": {
            "src": "designs/164/top.sv:23.125-23.169",
            "unused_bits": "4 5 6 7"
          }
        },
        "$xor$designs/164/top.sv:23$11_Y": {
          "hide_name": 1,
          "bits": [ 128, 129, 130, 131, 173, 174, 175, 176, "0", "0", "0", "0", "0", "0", "0", "0", "0", "0", "0", "0", "0", "0", "0", "0", "0", "0" ],
          "attributes": {
            "src": "designs/164/top.sv:23.116-23.180",
            "unused_bits": "4 5 6 7"
          }
        },
        "$xor$designs/164/top.sv:23$8_Y": {
          "hide_name": 1,
          "bits": [ 132, 133, 134, 135, "0", "0", "0", "0", "0", "0", "0", "0", "0", "0", "0", "0", "0", "0", "0", "0", "0", "0", "0", "0", "0", "0" ],
          "attributes": {
            "src": "designs/164/top.sv:23.40-23.111"
          }
        },
        "input_data": {
          "hide_name": 0,
          "bits": [ 2, 3, 4, 5, 6, 7, 8, 9 ],
          "attributes": {
            "src": "designs/164/top.sv:2.17-2.27"
          }
        },
        "output_data": {
          "hide_name": 0,
          "bits": [ 10, 11, 12 ],
          "attributes": {
            "src": "designs/164/top.sv:3.18-3.29"
          }
        },
        "temp_0": {
          "hide_name": 0,
          "bits": [ 42, 43, 44, 45, 46, 88, 89, 90, "0", "0", "0", "0", "0", "0", "0", "0", "0", "0", "0", "0", "0", "0", "0", "0", "0", "0" ],
          "attributes": {
            "src": "designs/164/top.sv:6.18-6.24"
          }
        },
        "temp_1": {
          "hide_name": 0,
          "bits": [ 61, 62, 63, 64 ],
          "attributes": {
            "src": "designs/164/top.sv:7.17-7.23"
          }
        },
        "temp_10": {
          "hide_name": 0,
          "bits": [ 91, 92, 93, "x", "x", "x", "0", "0", "0", "0", "0", "0", "0", "0", "0", "0", "0", "0", "0", "0", "0", "0", "0", "0", "0", "0", "0" ],
          "attributes": {
            "src": "designs/164/top.sv:16.18-16.25"
          }
        },
        "temp_12": {
          "hide_name": 0,
          "bits": [ 112, 113, 114, 115, 116, 117, 118, 119, 120, 121, 122, 123, 124, 125, 126, 127 ],
          "attributes": {
            "src": "designs/164/top.sv:18.18-18.25",
            "unused_bits": "3 4 5 6 7 8 9 10 11 12 13 14 15"
          }
        },
        "temp_2": {
          "hide_name": 0,
          "bits": [ 69, 70, 71, 72, 73 ],
          "attributes": {
            "src": "designs/164/top.sv:8.17-8.23"
          }
        },
        "temp_3": {
          "hide_name": 0,
          "bits": [ 74, 75, 76, 77, 78, "0", "0" ],
          "attributes": {
            "src": "designs/164/top.sv:9.17-9.23"
          }
        }
      }
    }
  }
}
