{
  "creator": "Yosys 0.60 (git sha1 5bafeb77dc71e054fa331ab9efa613e6fb0a1c49, clang++ 17.0.0 -fPIC -O3)",
  "modules": {
    "top": {
      "attributes": {
        "top": "00000000000000000000000000000001",
        "src": "designs/107/top.sv:1.1-30.10"
      },
      "ports": {
        "input_data": {
          "direction": "input",
          "bits": [ 2, 3, 4 ]
        },
        "output_data": {
          "direction": "output",
          "bits": [ 5, 6, 7, 8, 9, 10, 11, 12, 13, 14, 15, 16, 17, 18, 19, 20, 21, 22, 23, 24, 25, 26, 27, 28, 29, 30, 31, 32, 33, 34, 35, 36, "0", "0", "0", "0", "0" ]
        }
      },
      "cells": {
        "$add$designs/107/top.sv:18$10": {
          "hide_name": 1,
          "type": "$add",
          "parameters": {
            "A_SIGNED": "00000000000000000000000000000000",
            "A_WIDTH": "00000000000000000000000000000101",
            "B_SIGNED": "00000000000000000000000000000000",
            "B_WIDTH": "00000000000000000000000000000101",
            "Y_WIDTH": "00000000000000000000000000000101"
          },
          "attributes": {
            "src": "designs/107/top.sv:18.38-18.85"
          },
          "port_directions": {
            "A": "input",
            "B": "input",
            "Y": "output"
          },
          "connections": {
            "A": [ 37, 38, 39, 40, 41 ],
            "B": [ 42, 43, 44, 45, 46 ],
            "Y": [ 47, 48, 49, 50, 51 ]
          }
        },
        "$add$designs/107/top.sv:19$17": {
          "hide_name": 1,
          "type": "$add",
          "parameters": {
            "A_SIGNED": "00000000000000000000000000000000",
            "A_WIDTH": "00000000000000000000000000001000",
            "B_SIGNED": "00000000000000000000000000000000",
            "B_WIDTH": "00000000000000000000000000000101",
            "Y_WIDTH": "00000000000000000000000000001000"
          },
          "attributes": {
            "src": "designs/107/top.sv:19.30-19.102"
          },
          "port_directions": {
            "A": "input",
            "B": "input",
            "Y": "output"
          },
          "connections": {
            "A": [ 52, 53, 54, 55, 56, 57, 58, 59 ],
            "B": [ 60, 61, 62, 63, 64 ],
            "Y": [ 65, 66, 67, 68, 69, 70, 71, 72 ]
          }
        },
        "$add$designs/107/top.sv:20$18": {
          "hide_name": 1,
          "type": "$add",
          "parameters": {
            "A_SIGNED": "00000000000000000000000000000000",
            "A_WIDTH": "00000000000000000000000000000011",
            "B_SIGNED": "00000000000000000000000000000000",
            "B_WIDTH": "00000000000000000000000000000101",
            "Y_WIDTH": "00000000000000000000000000000110"
          },
          "attributes": {
            "src": "designs/107/top.sv:20.31-20.61"
          },
          "port_directions": {
            "A": "input",
            "B": "input",
            "Y": "output"
          },
          "connections": {
            "A": [ 2, 3, 4 ],
            "B": [ 60, 61, 62, 63, 64 ],
            "Y": [ 73, 74, 75, 76, 77, 78 ]
          }
        },
        "$add$designs/107/top.sv:22$31": {
          "hide_name": 1,
          "type": "$add",
          "parameters": {
            "A_SIGNED": "00000000000000000000000000000000",
            "A_WIDTH": "00000000000000000000000000011101",
            "B_SIGNED": "00000000000000000000000000000000",
            "B_WIDTH": "00000000000000000000000000001000",
            "Y_WIDTH": "00000000000000000000000000011101"
          },
          "attributes": {
            "src": "designs/107/top.sv:22.30-22.92"
          },
          "port_directions": {
            "A": "input",
            "B": "input",
            "Y": "output"
          },
          "connections": {
            "A": [ 79, 80, 81, 82, 83, 84, 85, 86, 87, 88, 89, 90, 91, 92, 93, 94, 95, 96, 97, 98, "0", "0", "0", "0", "0", "0", "0", "0", "0" ],
            "B": [ 65, 66, 67, 68, 69, 70, 71, 72 ],
            "Y": [ 99, 100, 101, 102, 103, 104, 105, 106, 107, 108, 109, 110, 111, 112, 113, 114, 115, 116, 117, 118, 119, 120, 121, 122, 123, 124, 125, 126, 127 ]
          }
        },
        "$and$designs/107/top.sv:18$11": {
          "hide_name": 1,
          "type": "$and",
          "parameters": {
            "A_SIGNED": "00000000000000000000000000000000",
            "A_WIDTH": "00000000000000000000000000000101",
            "B_SIGNED": "00000000000000000000000000000000",
            "B_WIDTH": "00000000000000000000000000000101",
            "Y_WIDTH": "00000000000000000000000000000101"
          },
          "attributes": {
            "src": "designs/107/top.sv:18.29-18.96"
          },
          "port_directions": {
            "A": "input",
            "B": "input",
            "Y": "output"
          },
          "connections": {
            "A": [ 47, 48, 49, 50, 51 ],
            "B": [ 42, 43, 44, 45, 46 ],
            "Y": [ 60, 61, 62, 63, 64 ]
          }
        },
        "$auto$opt_expr.cc:276:group_cell_inputs$53": {
          "hide_name": 1,
          "type": "$or",
          "parameters": {
            "A_SIGNED": "00000000000000000000000000000000",
            "A_WIDTH": "00000000000000000000000000000011",
            "B_SIGNED": "00000000000000000000000000000000",
            "B_WIDTH": "00000000000000000000000000000011",
            "Y_WIDTH": "00000000000000000000000000000011"
          },
          "attributes": {
          },
          "port_directions": {
            "A": "input",
            "B": "input",
            "Y": "output"
          },
          "connections": {
            "A": [ 128, 129, 130 ],
            "B": [ 2, 3, 4 ],
            "Y": [ 131, 132, 133 ]
          }
        },
        "$auto$opt_expr.cc:276:group_cell_inputs$62": {
          "hide_name": 1,
          "type": "$not",
          "parameters": {
            "A_SIGNED": "00000000000000000000000000000000",
            "A_WIDTH": "00000000000000000000000000000011",
            "Y_WIDTH": "00000000000000000000000000000011"
          },
          "attributes": {
          },
          "port_directions": {
            "A": "input",
            "Y": "output"
          },
          "connections": {
            "A": [ 2, 3, 4 ],
            "Y": [ 134, 135, 136 ]
          }
        },
        "$auto$opt_expr.cc:276:group_cell_inputs$66": {
          "hide_name": 1,
          "type": "$not",
          "parameters": {
            "A_SIGNED": "00000000000000000000000000000000",
            "A_WIDTH": "00000000000000000000000000000101",
            "Y_WIDTH": "00000000000000000000000000000101"
          },
          "attributes": {
          },
          "port_directions": {
            "A": "input",
            "Y": "output"
          },
          "connections": {
            "A": [ 42, 43, 44, 45, 46 ],
            "Y": [ 137, 138, 139, 140, 141 ]
          }
        },
        "$auto$opt_expr.cc:276:group_cell_inputs$74": {
          "hide_name": 1,
          "type": "$and",
          "parameters": {
            "A_SIGNED": "00000000000000000000000000000000",
            "A_WIDTH": "00000000000000000000000000000011",
            "B_SIGNED": "00000000000000000000000000000000",
            "B_WIDTH": "00000000000000000000000000000011",
            "Y_WIDTH": "00000000000000000000000000000011"
          },
          "attributes": {
          },
          "port_directions": {
            "A": "input",
            "B": "input",
            "Y": "output"
          },
          "connections": {
            "A": [ 2, 3, 4 ],
            "B": [ 137, 138, 139 ],
            "Y": [ 142, 143, 144 ]
          }
        },
        "$auto$opt_expr.cc:276:group_cell_inputs$89": {
          "hide_name": 1,
          "type": "$and",
          "parameters": {
            "A_SIGNED": "00000000000000000000000000000000",
            "A_WIDTH": "00000000000000000000000000010100",
            "B_SIGNED": "00000000000000000000000000000000",
            "B_WIDTH": "00000000000000000000000000010100",
            "Y_WIDTH": "00000000000000000000000000010100"
          },
          "attributes": {
          },
          "port_directions": {
            "A": "input",
            "B": "input",
            "Y": "output"
          },
          "connections": {
            "A": [ 145, 146, 147, 82, 83, 84, 85, 86, 87, 88, 89, 90, 91, 92, 93, 94, 95, 96, 97, 98 ],
            "B": [ 99, 100, 101, 102, 103, 104, 105, 106, 107, 108, 109, 110, 111, 112, 113, 114, 115, 116, 117, 118 ],
            "Y": [ 148, 149, 150, 151, 152, 153, 154, 155, 156, 157, 158, 159, 160, 161, 162, 163, 164, 165, 166, 167 ]
          }
        },
        "$auto$opt_expr.cc:276:group_cell_inputs$93": {
          "hide_name": 1,
          "type": "$xor",
          "parameters": {
            "A_SIGNED": "00000000000000000000000000000000",
            "A_WIDTH": "00000000000000000000000000000010",
            "B_SIGNED": "00000000000000000000000000000000",
            "B_WIDTH": "00000000000000000000000000000010",
            "Y_WIDTH": "00000000000000000000000000000010"
          },
          "attributes": {
          },
          "port_directions": {
            "A": "input",
            "B": "input",
            "Y": "output"
          },
          "connections": {
            "A": [ 168, 169 ],
            "B": [ 60, 61 ],
            "Y": [ 5, 6 ]
          }
        },
        "$auto$opt_expr.cc:276:group_cell_inputs$96": {
          "hide_name": 1,
          "type": "$xor",
          "parameters": {
            "A_SIGNED": "00000000000000000000000000000000",
            "A_WIDTH": "00000000000000000000000000000011",
            "B_SIGNED": "00000000000000000000000000000000",
            "B_WIDTH": "00000000000000000000000000000011",
            "Y_WIDTH": "00000000000000000000000000000011"
          },
          "attributes": {
          },
          "port_directions": {
            "A": "input",
            "B": "input",
            "Y": "output"
          },
          "connections": {
            "A": [ 142, 143, 144 ],
            "B": [ 145, 146, 147 ],
            "Y": [ 79, 80, 81 ]
          }
        },
        "$mul$designs/107/top.sv:19$12": {
          "hide_name": 1,
          "type": "$mul",
          "parameters": {
            "A_SIGNED": "00000000000000000000000000000000",
            "A_WIDTH": "00000000000000000000000000000101",
            "B_SIGNED": "00000000000000000000000000000000",
            "B_WIDTH": "00000000000000000000000000000101",
            "Y_WIDTH": "00000000000000000000000000001000"
          },
          "attributes": {
            "src": "designs/107/top.sv:19.43-19.58"
          },
          "port_directions": {
            "A": "input",
            "B": "input",
            "Y": "output"
          },
          "connections": {
            "A": [ 60, 61, 62, 63, 64 ],
            "B": [ 42, 43, 44, 45, 46 ],
            "Y": [ 170, 171, 172, 173, 174, 175, 176, 177 ]
          }
        },
        "$mul$designs/107/top.sv:21$25": {
          "hide_name": 1,
          "type": "$mul",
          "parameters": {
            "A_SIGNED": "00000000000000000000000000000000",
            "A_WIDTH": "00000000000000000000000000010001",
            "B_SIGNED": "00000000000000000000000000000000",
            "B_WIDTH": "00000000000000000000000000000101",
            "Y_WIDTH": "00000000000000000000000000010001"
          },
          "attributes": {
            "src": "designs/107/top.sv:21.33-21.77"
          },
          "port_directions": {
            "A": "input",
            "B": "input",
            "Y": "output"
          },
          "connections": {
            "A": [ 178, 179, 180, 181, 182, 183, 184, 185, 186, 187, 188, 189, 190, 191, 192, 193, 194 ],
            "B": [ 60, 61, 62, 63, 64 ],
            "Y": [ 195, 196, 197, 198, 199, 200, 201, 202, 203, 204, 205, 206, 207, 208, 209, 210, 211 ]
          }
        },
        "$mul$designs/107/top.sv:21$26": {
          "hide_name": 1,
          "type": "$mul",
          "parameters": {
            "A_SIGNED": "00000000000000000000000000000000",
            "A_WIDTH": "00000000000000000000000000010001",
            "B_SIGNED": "00000000000000000000000000000000",
            "B_WIDTH": "00000000000000000000000000000011",
            "Y_WIDTH": "00000000000000000000000000010100"
          },
          "attributes": {
            "src": "designs/107/top.sv:21.22-21.92"
          },
          "port_directions": {
            "A": "input",
            "B": "input",
            "Y": "output"
          },
          "connections": {
            "A": [ 195, 196, 197, 198, 199, 200, 201, 202, 203, 204, 205, 206, 207, 208, 209, 210, 211 ],
            "B": [ 2, 3, 4 ],
            "Y": [ 145, 146, 147, 82, 83, 84, 85, 86, 87, 88, 89, 90, 91, 92, 93, 94, 95, 96, 97, 98 ]
          }
        },
        "$shl$designs/107/top.sv:17$3": {
          "hide_name": 1,
          "type": "$shl",
          "parameters": {
            "A_SIGNED": "00000000000000000000000000000000",
            "A_WIDTH": "00000000000000000000000000000011",
            "B_SIGNED": "00000000000000000000000000000000",
            "B_WIDTH": "00000000000000000000000000000011",
            "Y_WIDTH": "00000000000000000000000000000011"
          },
          "attributes": {
            "src": "designs/107/top.sv:17.52-17.105"
          },
          "port_directions": {
            "A": "input",
            "B": "input",
            "Y": "output"
          },
          "connections": {
            "A": [ 212, 213, 214 ],
            "B": [ 2, 3, 4 ],
            "Y": [ 215, 216, 217 ]
          }
        },
        "$shr$designs/107/top.sv:17$4": {
          "hide_name": 1,
          "type": "$shr",
          "parameters": {
            "A_SIGNED": "00000000000000000000000000000000",
            "A_WIDTH": "00000000000000000000000000000011",
            "B_SIGNED": "00000000000000000000000000000000",
            "B_WIDTH": "00000000000000000000000000000011",
            "Y_WIDTH": "00000000000000000000000000000101"
          },
          "attributes": {
            "src": "designs/107/top.sv:17.41-17.121"
          },
          "port_directions": {
            "A": "input",
            "B": "input",
            "Y": "output"
          },
          "connections": {
            "A": [ 215, 216, 217 ],
            "B": [ 2, 3, 4 ],
            "Y": [ 128, 129, 130, 218, 219 ]
          }
        },
        "$sub$designs/107/top.sv:17$2": {
          "hide_name": 1,
          "type": "$sub",
          "parameters": {
            "A_SIGNED": "00000000000000000000000000000000",
            "A_WIDTH": "00000000000000000000000000000011",
            "B_SIGNED": "00000000000000000000000000000000",
            "B_WIDTH": "00000000000000000000000000000011",
            "Y_WIDTH": "00000000000000000000000000000011"
          },
          "attributes": {
            "src": "designs/107/top.sv:17.53-17.90"
          },
          "port_directions": {
            "A": "input",
            "B": "input",
            "Y": "output"
          },
          "connections": {
            "A": [ 2, 3, 4 ],
            "B": [ 134, 135, 136 ],
            "Y": [ 212, 213, 214 ]
          }
        },
        "$sub$designs/107/top.sv:19$16": {
          "hide_name": 1,
          "type": "$sub",
          "parameters": {
            "A_SIGNED": "00000000000000000000000000000000",
            "A_WIDTH": "00000000000000000000000000001000",
            "B_SIGNED": "00000000000000000000000000000000",
            "B_WIDTH": "00000000000000000000000000001000",
            "Y_WIDTH": "00000000000000000000000000001000"
          },
          "attributes": {
            "src": "designs/107/top.sv:19.31-19.92"
          },
          "port_directions": {
            "A": "input",
            "B": "input",
            "Y": "output"
          },
          "connections": {
            "A": [ 170, 171, 172, 173, 174, 175, 176, 177 ],
            "B": [ 134, 135, 136, "1", "1", "1", "1", "1" ],
            "Y": [ 52, 53, 54, 55, 56, 57, 58, 59 ]
          }
        },
        "$sub$designs/107/top.sv:20$21": {
          "hide_name": 1,
          "type": "$sub",
          "parameters": {
            "A_SIGNED": "00000000000000000000000000000000",
            "A_WIDTH": "00000000000000000000000000000110",
            "B_SIGNED": "00000000000000000000000000000000",
            "B_WIDTH": "00000000000000000000000000100000",
            "Y_WIDTH": "00000000000000000000000000100000"
          },
          "attributes": {
            "src": "designs/107/top.sv:20.22-20.79"
          },
          "port_directions": {
            "A": "input",
            "B": "input",
            "Y": "output"
          },
          "connections": {
            "A": [ 73, 74, 75, 76, 77, 78 ],
            "B": [ 134, 135, 136, "1", "1", "1", "1", "1", "1", "1", "1", "1", "1", "1", "1", "1", "1", "1", "1", "1", "1", "1", "1", "1", "1", "1", "1", "1", "1", "1", "1", "1" ],
            "Y": [ 220, 221, 222, 223, 224, 225, 226, 227, 228, 229, 230, 231, 232, 233, 234, 235, 236, 237, 238, 239, 240, 241, 242, 243, 244, 245, 246, 247, 248, 249, 250, 251 ]
          }
        },
        "$sub$designs/107/top.sv:21$24": {
          "hide_name": 1,
          "type": "$sub",
          "parameters": {
            "A_SIGNED": "00000000000000000000000000000000",
            "A_WIDTH": "00000000000000000000000000000011",
            "B_SIGNED": "00000000000000000000000000000000",
            "B_WIDTH": "00000000000000000000000000010001",
            "Y_WIDTH": "00000000000000000000000000010001"
          },
          "attributes": {
            "src": "designs/107/top.sv:21.34-21.67"
          },
          "port_directions": {
            "A": "input",
            "B": "input",
            "Y": "output"
          },
          "connections": {
            "A": [ 2, 3, 4 ],
            "B": [ 137, 138, 139, 140, 141, "1", "1", "1", "1", "1", "1", "1", "1", "1", "1", "1", "1" ],
            "Y": [ 178, 179, 180, 181, 182, 183, 184, 185, 186, 187, 188, 189, 190, 191, 192, 193, 194 ]
          }
        },
        "$sub$designs/107/top.sv:28$43": {
          "hide_name": 1,
          "type": "$sub",
          "parameters": {
            "A_SIGNED": "00000000000000000000000000000000",
            "A_WIDTH": "00000000000000000000000000011111",
            "B_SIGNED": "00000000000000000000000000000000",
            "B_WIDTH": "00000000000000000000000000001001",
            "Y_WIDTH": "00000000000000000000000000100000"
          },
          "attributes": {
            "src": "designs/107/top.sv:28.38-28.67"
          },
          "port_directions": {
            "A": "input",
            "B": "input",
            "Y": "output"
          },
          "connections": {
            "A": [ 148, 149, 150, 151, 152, 153, 154, 155, 156, 157, 158, 159, 160, 161, 162, 163, 164, 165, 166, 167, "0", "0", "0", "0", "0", "0", "0", "0", "0", "0", "0" ],
            "B": [ 220, 221, 222, 223, 224, 225, 226, 227, 228 ],
            "Y": [ 168, 169, 7, 8, 9, 10, 11, 12, 13, 14, 15, 16, 17, 18, 19, 20, 21, 22, 23, 24, 25, 26, 27, 28, 29, 30, 31, 32, 33, 34, 35, 36 ]
          }
        },
        "$ternary$designs/107/top.sv:17$7": {
          "hide_name": 1,
          "type": "$mux",
          "parameters": {
            "WIDTH": "00000000000000000000000000000101"
          },
          "attributes": {
            "src": "designs/107/top.sv:17.21-17.186"
          },
          "port_directions": {
            "A": "input",
            "B": "input",
            "S": "input",
            "Y": "output"
          },
          "connections": {
            "A": [ "0", "0", "0", "0", "0" ],
            "B": [ 131, 132, 133, 218, 219 ],
            "S": [ 3 ],
            "Y": [ 42, 43, 44, 45, 46 ]
          }
        },
        "$xor$designs/107/top.sv:18$9": {
          "hide_name": 1,
          "type": "$xor",
          "parameters": {
            "A_SIGNED": "00000000000000000000000000000000",
            "A_WIDTH": "00000000000000000000000000000101",
            "B_SIGNED": "00000000000000000000000000000000",
            "B_WIDTH": "00000000000000000000000000000101",
            "Y_WIDTH": "00000000000000000000000000000101"
          },
          "attributes": {
            "src": "designs/107/top.sv:18.47-18.74"
          },
          "port_directions": {
            "A": "input",
            "B": "input",
            "Y": "output"
          },
          "connections": {
            "A": [ 42, 43, 44, 45, 46 ],
            "B": [ 137, 138, 139, 140, 141 ],
            "Y": [ 37, 38, 39, 40, 41 ]
          }
        }
      },
      "netnames": {
        "$add$designs/107/top.sv:18$10_Y": {
          "hide_name": 1,
          "bits": [ 47, 48, 49, 50, 51 ],
          "attributes": {
            "src": "designs/107/top.sv:18.38-18.85"
          }
        },
        "$add$designs/107/top.sv:19$13_Y": {
          "hide_name": 1,
          "bits": [ 170, 171, 172, 173, 174, 175, 176, 177, 252, 253, 254, "0", "0", "0", "0", "0", "0" ],
          "attributes": {
            "src": "designs/107/top.sv:19.42-19.74",
            "unused_bits": "8 9 10"
          }
        },
        "$add$designs/107/top.sv:20$18_Y": {
          "hide_name": 1,
          "bits": [ 73, 74, 75, 76, 77, 78, "0", "0", "0", "0", "0", "0", "0", "0", "0", "0", "0" ],
          "attributes": {
            "src": "designs/107/top.sv:20.31-20.61"
          }
        },
        "$and$designs/107/top.sv:22$29_Y": {
          "hide_name": 1,
          "bits": [ 142, 143, 144, "0", "0", "0", "0", "0", "0", "0", "0", "0", "0", "0", "0", "0", "0", "0", "0", "0", "0", "0", "0", "0", "0", "0", "0", "0", "0" ],
          "attributes": {
            "src": "designs/107/top.sv:22.40-22.71"
          }
        },
        "$auto$opt_expr.cc:205:group_cell_inputs$52": {
          "hide_name": 1,
          "bits": [ 131, 132, 133 ],
          "attributes": {
          }
        },
        "$auto$opt_expr.cc:205:group_cell_inputs$54": {
          "hide_name": 1,
          "bits": [ 218, 219 ],
          "attributes": {
          }
        },
        "$auto$opt_expr.cc:205:group_cell_inputs$57": {
          "hide_name": 1,
          "bits": [ 134, 135, 136 ],
          "attributes": {
          }
        },
        "$auto$opt_expr.cc:205:group_cell_inputs$65": {
          "hide_name": 1,
          "bits": [ 137, 138, 139, 140, 141 ],
          "attributes": {
          }
        },
        "$auto$opt_expr.cc:205:group_cell_inputs$77": {
          "hide_name": 1,
          "bits": [ 79, 80, 81, 82, 83, 84, 85, 86, 87, 88, 89, 90, 91, 92, 93, 94, 95, 96, 97, 98 ],
          "attributes": {
          }
        },
        "$auto$wreduce.cc:514:run$46": {
          "hide_name": 1,
          "bits": [ 168, 169, 7, 8, 9, 10, 11, 12, 13, 14, 15, 16, 17, 18, 19, 20, 21, 22, 23, 24, 25, 26, 27, 28, 29, 30, 31, 32, 33, 34, 35, 36 ],
          "attributes": {
            "src": "designs/107/top.sv:28.38-28.67"
          }
        },
        "$mul$designs/107/top.sv:21$25_Y": {
          "hide_name": 1,
          "bits": [ 195, 196, 197, 198, 199, 200, 201, 202, 203, 204, 205, 206, 207, 208, 209, 210, 211 ],
          "attributes": {
            "src": "designs/107/top.sv:21.33-21.77"
          }
        },
        "$shl$designs/107/top.sv:17$3_Y": {
          "hide_name": 1,
          "bits": [ 215, 216, 217 ],
          "attributes": {
            "src": "designs/107/top.sv:17.52-17.105"
          }
        },
        "$shr$designs/107/top.sv:17$4_Y": {
          "hide_name": 1,
          "bits": [ 128, 129, 130, 218, 219 ],
          "attributes": {
            "src": "designs/107/top.sv:17.41-17.121"
          }
        },
        "$sub$designs/107/top.sv:17$2_Y": {
          "hide_name": 1,
          "bits": [ 212, 213, 214 ],
          "attributes": {
            "src": "designs/107/top.sv:17.53-17.90"
          }
        },
        "$sub$designs/107/top.sv:19$16_Y": {
          "hide_name": 1,
          "bits": [ 52, 53, 54, 55, 56, 57, 58, 59, 255, 256, 257, 258, 259, 260, 261, 262, 263 ],
          "attributes": {
            "src": "designs/107/top.sv:19.31-19.92",
            "unused_bits": "8 9 10 11 12 13 14 15 16"
          }
        },
        "$sub$designs/107/top.sv:21$24_Y": {
          "hide_name": 1,
          "bits": [ 178, 179, 180, 181, 182, 183, 184, 185, 186, 187, 188, 189, 190, 191, 192, 193, 194 ],
          "attributes": {
            "src": "designs/107/top.sv:21.34-21.67"
          }
        },
        "$xor$designs/107/top.sv:18$9_Y": {
          "hide_name": 1,
          "bits": [ 37, 38, 39, 40, 41 ],
          "attributes": {
            "src": "designs/107/top.sv:18.47-18.74"
          }
        },
        "input_data": {
          "hide_name": 0,
          "bits": [ 2, 3, 4 ],
          "attributes": {
            "src": "designs/107/top.sv:2.17-2.27"
          }
        },
        "output_data": {
          "hide_name": 0,
          "bits": [ 5, 6, 7, 8, 9, 10, 11, 12, 13, 14, 15, 16, 17, 18, 19, 20, 21, 22, 23, 24, 25, 26, 27, 28, 29, 30, 31, 32, 33, 34, 35, 36, "0", "0", "0", "0", "0" ],
          "attributes": {
            "src": "designs/107/top.sv:3.19-3.30"
          }
        },
        "temp_0": {
          "hide_name": 0,
          "bits": [ 42, 43, 44, 45, 46 ],
          "attributes": {
            "src": "designs/107/top.sv:6.17-6.23"
          }
        },
        "temp_1": {
          "hide_name": 0,
          "bits": [ 60, 61, 62, 63, 64, "0", "0", "0", "0", "0", "0", "0", "0", "0", "0", "0", "0" ],
          "attributes": {
            "src": "designs/107/top.sv:7.18-7.24"
          }
        },
        "temp_2": {
          "hide_name": 0,
          "bits": [ 65, 66, 67, 68, 69, 70, 71, 72 ],
          "attributes": {
            "src": "designs/107/top.sv:8.17-8.23"
          }
        },
        "temp_3": {
          "hide_name": 0,
          "bits": [ 220, 221, 222, 223, 224, 225, 226, 227, 228, 229, 230, 231, 232, 233, 234, 235, 236, 237, 238, 239, 240, 241, 242, 243, 244, 245, 246, 247, 248, 249, 250, 251 ],
          "attributes": {
            "src": "designs/107/top.sv:9.18-9.24",
            "unused_bits": "9 10 11 12 13 14 15 16 17 18 19 20 21 22 23 24 25 26 27 28 29 30 31"
          }
        },
        "temp_4": {
          "hide_name": 0,
          "bits": [ 145, 146, 147, 82, 83, 84, 85, 86, 87, 88, 89, 90, 91, 92, 93, 94, 95, 96, 97, 98, "0", "0", "0", "0", "0", "0", "0", "0", "0" ],
          "attributes": {
            "src": "designs/107/top.sv:10.18-10.24"
          }
        },
        "temp_5": {
          "hide_name": 0,
          "bits": [ 99, 100, 101, 102, 103, 104, 105, 106, 107, 108, 109, 110, 111, 112, 113, 114, 115, 116, 117, 118, 119, 120, 121, 122, 123, 124, 125, 126, 127, 127, 127 ],
          "attributes": {
            "src": "designs/107/top.sv:11.18-11.24",
            "unused_bits": "20 21 22 23 24 25 26 27 28 29 30"
          }
        },
        "temp_9": {
          "hide_name": 0,
          "bits": [ 148, 149, 150, 151, 152, 153, 154, 155, 156, 157, 158, 159, 160, 161, 162, 163, 164, 165, 166, 167, "0", "0", "0", "0", "0", "0", "0", "0", "0", "0", "0", "0" ],
          "attributes": {
            "src": "designs/107/top.sv:15.18-15.24"
          }
        }
      }
    }
  }
}
