{
  "creator": "Yosys 0.60 (git sha1 5bafeb77dc71e054fa331ab9efa613e6fb0a1c49, clang++ 17.0.0 -fPIC -O3)",
  "modules": {
    "top": {
      "attributes": {
        "top": "00000000000000000000000000000001",
        "src": "designs/69/top.sv:1.1-24.10"
      },
      "ports": {
        "input_data": {
          "direction": "input",
          "bits": [ 2, 3, 4, 5, 6, 7 ]
        },
        "output_data": {
          "direction": "output",
          "bits": [ 8, 9, 10, 11, 12, 13, 14, 15, 16, 17, 18, 19, 20, 21, 22, 23, 24, 25, 26, 27, 28, 29, 30, 31, 32, 33, 34, 35, 36, 37, 38, 39, 40, 41, 42, 43, 44, 45 ]
        }
      },
      "cells": {
        "$add$designs/69/top.sv:14$5": {
          "hide_name": 1,
          "type": "$add",
          "parameters": {
            "A_SIGNED": "00000000000000000000000000000000",
            "A_WIDTH": "00000000000000000000000000001001",
            "B_SIGNED": "00000000000000000000000000000000",
            "B_WIDTH": "00000000000000000000000000000110",
            "Y_WIDTH": "00000000000000000000000000001001"
          },
          "attributes": {
            "src": "designs/69/top.sv:14.22-14.98"
          },
          "port_directions": {
            "A": "input",
            "B": "input",
            "Y": "output"
          },
          "connections": {
            "A": [ 46, 47, 48, 49, 50, 51, "0", "0", "0" ],
            "B": [ 2, 3, 4, 5, 6, 7 ],
            "Y": [ 52, 53, 54, 55, 56, 57, 58, 59, 60 ]
          }
        },
        "$add$designs/69/top.sv:15$11": {
          "hide_name": 1,
          "type": "$add",
          "parameters": {
            "A_SIGNED": "00000000000000000000000000000000",
            "A_WIDTH": "00000000000000000000000000011000",
            "B_SIGNED": "00000000000000000000000000000000",
            "B_WIDTH": "00000000000000000000000000001000",
            "Y_WIDTH": "00000000000000000000000000011000"
          },
          "attributes": {
            "src": "designs/69/top.sv:15.22-15.110"
          },
          "port_directions": {
            "A": "input",
            "B": "input",
            "Y": "output"
          },
          "connections": {
            "A": [ 61, 62, 63, 64, 65, 66, 67, 68, 69, 70, 71, 72, 73, 74, 75, 76, 77, 78, 79, 80, 81, 82, 83, 84 ],
            "B": [ 52, 53, 54, 55, 56, 57, 58, 59 ],
            "Y": [ 85, 86, 87, 88, 89, 90, 91, 92, 93, 94, 95, 96, 97, 98, 99, 100, 101, 102, 103, 104, 105, 106, 107, 108 ]
          }
        },
        "$add$designs/69/top.sv:16$16": {
          "hide_name": 1,
          "type": "$add",
          "parameters": {
            "A_SIGNED": "00000000000000000000000000000000",
            "A_WIDTH": "00000000000000000000000000000110",
            "B_SIGNED": "00000000000000000000000000000000",
            "B_WIDTH": "00000000000000000000000000000110",
            "Y_WIDTH": "00000000000000000000000000000110"
          },
          "attributes": {
            "src": "designs/69/top.sv:16.51-16.159"
          },
          "port_directions": {
            "A": "input",
            "B": "input",
            "Y": "output"
          },
          "connections": {
            "A": [ 109, 110, 111, 112, 113, 114 ],
            "B": [ 2, 3, 4, 5, 6, 7 ],
            "Y": [ 115, 116, 117, 118, 119, 120 ]
          }
        },
        "$add$designs/69/top.sv:16$17": {
          "hide_name": 1,
          "type": "$add",
          "parameters": {
            "A_SIGNED": "00000000000000000000000000000000",
            "A_WIDTH": "00000000000000000000000000000110",
            "B_SIGNED": "00000000000000000000000000000000",
            "B_WIDTH": "00000000000000000000000000000110",
            "Y_WIDTH": "00000000000000000000000000000110"
          },
          "attributes": {
            "src": "designs/69/top.sv:16.50-16.173"
          },
          "port_directions": {
            "A": "input",
            "B": "input",
            "Y": "output"
          },
          "connections": {
            "A": [ 115, 116, 117, 118, 119, 120 ],
            "B": [ 2, 3, 4, 5, 6, 7 ],
            "Y": [ 121, 122, 123, 124, 125, 126 ]
          }
        },
        "$add$designs/69/top.sv:18$38": {
          "hide_name": 1,
          "type": "$add",
          "parameters": {
            "A_SIGNED": "00000000000000000000000000000000",
            "A_WIDTH": "00000000000000000000000000000001",
            "B_SIGNED": "00000000000000000000000000000000",
            "B_WIDTH": "00000000000000000000000000000001",
            "Y_WIDTH": "00000000000000000000000000000001"
          },
          "attributes": {
            "src": "designs/69/top.sv:18.22-18.213"
          },
          "port_directions": {
            "A": "input",
            "B": "input",
            "Y": "output"
          },
          "connections": {
            "A": [ 127 ],
            "B": [ 128 ],
            "Y": [ 129 ]
          }
        },
        "$add$designs/69/top.sv:19$42": {
          "hide_name": 1,
          "type": "$add",
          "parameters": {
            "A_SIGNED": "00000000000000000000000000000000",
            "A_WIDTH": "00000000000000000000000000001001",
            "B_SIGNED": "00000000000000000000000000000000",
            "B_WIDTH": "00000000000000000000000000011000",
            "Y_WIDTH": "00000000000000000000000000011000"
          },
          "attributes": {
            "src": "designs/69/top.sv:19.65-19.150"
          },
          "port_directions": {
            "A": "input",
            "B": "input",
            "Y": "output"
          },
          "connections": {
            "A": [ 130, 131, 132, 133, 134, 135, "0", "0", "0" ],
            "B": [ 85, 86, 87, 88, 89, 90, 91, 92, 93, 94, 95, 96, 97, 98, 99, 100, 101, 102, 103, 104, 105, 106, 107, 108 ],
            "Y": [ 136, 137, 138, 139, 140, 141, 142, 143, 144, 145, 146, 147, 148, 149, 150, 151, 152, 153, 154, 155, 156, 157, 158, 159 ]
          }
        },
        "$add$designs/69/top.sv:22$67": {
          "hide_name": 1,
          "type": "$add",
          "parameters": {
            "A_SIGNED": "00000000000000000000000000000000",
            "A_WIDTH": "00000000000000000000000000010001",
            "B_SIGNED": "00000000000000000000000000000000",
            "B_WIDTH": "00000000000000000000000000011000",
            "Y_WIDTH": "00000000000000000000000000011000"
          },
          "attributes": {
            "src": "designs/69/top.sv:22.41-22.180"
          },
          "port_directions": {
            "A": "input",
            "B": "input",
            "Y": "output"
          },
          "connections": {
            "A": [ 160, "0", "0", "0", "0", "0", "0", "0", "0", "0", "0", "0", "0", "0", "0", "0", "0" ],
            "B": [ 161, 162, 163, 164, 165, 166, 167, 168, 169, 170, 171, 172, 173, 174, 175, 176, 177, 178, 179, 180, 181, 182, 183, 184 ],
            "Y": [ 185, 186, 187, 188, 189, 190, 191, 192, 193, 194, 195, 196, 197, 198, 199, 200, 201, 202, 203, 204, 205, 206, 207, 208 ]
          }
        },
        "$add$designs/69/top.sv:22$69": {
          "hide_name": 1,
          "type": "$add",
          "parameters": {
            "A_SIGNED": "00000000000000000000000000000000",
            "A_WIDTH": "00000000000000000000000000011010",
            "B_SIGNED": "00000000000000000000000000000000",
            "B_WIDTH": "00000000000000000000000000000001",
            "Y_WIDTH": "00000000000000000000000000011011"
          },
          "attributes": {
            "src": "designs/69/top.sv:22.29-22.206"
          },
          "port_directions": {
            "A": "input",
            "B": "input",
            "Y": "output"
          },
          "connections": {
            "A": [ 209, 210, 211, 212, 213, 214, 215, 216, 217, 218, 219, 220, 221, 222, 223, 224, 225, 226, 227, 228, 229, 230, 231, 232, 233, 234 ],
            "B": [ 129 ],
            "Y": [ 235, 236, 237, 238, 239, 240, 241, 242, 243, 244, 245, 246, 247, 248, 249, 250, 251, 252, 253, 254, 255, 256, 257, 258, 259, 260, 261 ]
          }
        },
        "$and$designs/69/top.sv:14$1": {
          "hide_name": 1,
          "type": "$and",
          "parameters": {
            "A_SIGNED": "00000000000000000000000000000000",
            "A_WIDTH": "00000000000000000000000000000110",
            "B_SIGNED": "00000000000000000000000000000000",
            "B_WIDTH": "00000000000000000000000000000110",
            "Y_WIDTH": "00000000000000000000000000000110"
          },
          "attributes": {
            "src": "designs/69/top.sv:14.34-14.66"
          },
          "port_directions": {
            "A": "input",
            "B": "input",
            "Y": "output"
          },
          "connections": {
            "A": [ 2, 3, 4, 5, 6, 7 ],
            "B": [ 2, 3, 4, 5, 6, 7 ],
            "Y": [ 262, 263, 264, 265, 266, 267 ]
          }
        },
        "$and$designs/69/top.sv:16$15": {
          "hide_name": 1,
          "type": "$and",
          "parameters": {
            "A_SIGNED": "00000000000000000000000000000000",
            "A_WIDTH": "00000000000000000000000000000110",
            "B_SIGNED": "00000000000000000000000000000000",
            "B_WIDTH": "00000000000000000000000000000110",
            "Y_WIDTH": "00000000000000000000000000000110"
          },
          "attributes": {
            "src": "designs/69/top.sv:16.62-16.144"
          },
          "port_directions": {
            "A": "input",
            "B": "input",
            "Y": "output"
          },
          "connections": {
            "A": [ 268, 269, 270, 271, 272, 273 ],
            "B": [ 2, 3, 4, 5, 6, 7 ],
            "Y": [ 109, 110, 111, 112, 113, 114 ]
          }
        },
        "$auto$opt_expr.cc:276:group_cell_inputs$100": {
          "hide_name": 1,
          "type": "$and",
          "parameters": {
            "A_SIGNED": "00000000000000000000000000000000",
            "A_WIDTH": "00000000000000000000000000000001",
            "B_SIGNED": "00000000000000000000000000000000",
            "B_WIDTH": "00000000000000000000000000000001",
            "Y_WIDTH": "00000000000000000000000000000001"
          },
          "attributes": {
          },
          "port_directions": {
            "A": "input",
            "B": "input",
            "Y": "output"
          },
          "connections": {
            "A": [ 128 ],
            "B": [ 6 ],
            "Y": [ 274 ]
          }
        },
        "$auto$opt_expr.cc:276:group_cell_inputs$107": {
          "hide_name": 1,
          "type": "$not",
          "parameters": {
            "A_SIGNED": "00000000000000000000000000000000",
            "A_WIDTH": "00000000000000000000000000000001",
            "Y_WIDTH": "00000000000000000000000000000001"
          },
          "attributes": {
          },
          "port_directions": {
            "A": "input",
            "Y": "output"
          },
          "connections": {
            "A": [ 6 ],
            "Y": [ 275 ]
          }
        },
        "$auto$opt_expr.cc:276:group_cell_inputs$114": {
          "hide_name": 1,
          "type": "$or",
          "parameters": {
            "A_SIGNED": "00000000000000000000000000000000",
            "A_WIDTH": "00000000000000000000000000000101",
            "B_SIGNED": "00000000000000000000000000000000",
            "B_WIDTH": "00000000000000000000000000000101",
            "Y_WIDTH": "00000000000000000000000000000101"
          },
          "attributes": {
          },
          "port_directions": {
            "A": "input",
            "B": "input",
            "Y": "output"
          },
          "connections": {
            "A": [ 2, 3, 4, 5, 6 ],
            "B": [ 128, 276, 277, 278, 279 ],
            "Y": [ 280, 281, 282, 283, 284 ]
          }
        },
        "$auto$opt_expr.cc:276:group_cell_inputs$117": {
          "hide_name": 1,
          "type": "$or",
          "parameters": {
            "A_SIGNED": "00000000000000000000000000000000",
            "A_WIDTH": "00000000000000000000000000000110",
            "B_SIGNED": "00000000000000000000000000000000",
            "B_WIDTH": "00000000000000000000000000000110",
            "Y_WIDTH": "00000000000000000000000000000110"
          },
          "attributes": {
          },
          "port_directions": {
            "A": "input",
            "B": "input",
            "Y": "output"
          },
          "connections": {
            "A": [ 280, 281, 282, 283, 284, 7 ],
            "B": [ 52, 53, 54, 55, 56, 57 ],
            "Y": [ 285, 286, 287, 288, 289, 290 ]
          }
        },
        "$auto$opt_expr.cc:276:group_cell_inputs$120": {
          "hide_name": 1,
          "type": "$and",
          "parameters": {
            "A_SIGNED": "00000000000000000000000000000000",
            "A_WIDTH": "00000000000000000000000000000110",
            "B_SIGNED": "00000000000000000000000000000000",
            "B_WIDTH": "00000000000000000000000000000110",
            "Y_WIDTH": "00000000000000000000000000000110"
          },
          "attributes": {
          },
          "port_directions": {
            "A": "input",
            "B": "input",
            "Y": "output"
          },
          "connections": {
            "A": [ 285, 286, 287, 288, 289, 290 ],
            "B": [ 2, 3, 4, 5, 6, 7 ],
            "Y": [ 130, 131, 132, 133, 134, 135 ]
          }
        },
        "$auto$opt_expr.cc:276:group_cell_inputs$124": {
          "hide_name": 1,
          "type": "$not",
          "parameters": {
            "A_SIGNED": "00000000000000000000000000000000",
            "A_WIDTH": "00000000000000000000000000001001",
            "Y_WIDTH": "00000000000000000000000000001001"
          },
          "attributes": {
          },
          "port_directions": {
            "A": "input",
            "Y": "output"
          },
          "connections": {
            "A": [ 52, 53, 54, 55, 56, 57, 58, 59, 60 ],
            "Y": [ 291, 292, 293, 294, 295, 296, 297, 298, 299 ]
          }
        },
        "$auto$opt_expr.cc:276:group_cell_inputs$128": {
          "hide_name": 1,
          "type": "$and",
          "parameters": {
            "A_SIGNED": "00000000000000000000000000000000",
            "A_WIDTH": "00000000000000000000000000001001",
            "B_SIGNED": "00000000000000000000000000000000",
            "B_WIDTH": "00000000000000000000000000001001",
            "Y_WIDTH": "00000000000000000000000000001001"
          },
          "attributes": {
          },
          "port_directions": {
            "A": "input",
            "B": "input",
            "Y": "output"
          },
          "connections": {
            "A": [ 300, 301, 302, 303, 304, 305, 306, 307, 308 ],
            "B": [ 52, 53, 54, 55, 56, 57, 58, 59, 60 ],
            "Y": [ 309, 310, 311, 312, 313, 314, 315, 316, 317 ]
          }
        },
        "$auto$opt_expr.cc:276:group_cell_inputs$132": {
          "hide_name": 1,
          "type": "$xor",
          "parameters": {
            "A_SIGNED": "00000000000000000000000000000000",
            "A_WIDTH": "00000000000000000000000000000110",
            "B_SIGNED": "00000000000000000000000000000000",
            "B_WIDTH": "00000000000000000000000000000110",
            "Y_WIDTH": "00000000000000000000000000000110"
          },
          "attributes": {
          },
          "port_directions": {
            "A": "input",
            "B": "input",
            "Y": "output"
          },
          "connections": {
            "A": [ 309, 310, 311, 312, 313, 314 ],
            "B": [ 2, 3, 4, 5, 6, 7 ],
            "Y": [ 318, 319, 320, 321, 322, 323 ]
          }
        },
        "$auto$opt_expr.cc:276:group_cell_inputs$135": {
          "hide_name": 1,
          "type": "$and",
          "parameters": {
            "A_SIGNED": "00000000000000000000000000000000",
            "A_WIDTH": "00000000000000000000000000001001",
            "B_SIGNED": "00000000000000000000000000000000",
            "B_WIDTH": "00000000000000000000000000001001",
            "Y_WIDTH": "00000000000000000000000000001001"
          },
          "attributes": {
          },
          "port_directions": {
            "A": "input",
            "B": "input",
            "Y": "output"
          },
          "connections": {
            "A": [ 52, 53, 54, 55, 56, 57, 58, 59, 60 ],
            "B": [ 318, 319, 320, 321, 322, 323, 315, 316, 317 ],
            "Y": [ 324, 325, 326, 327, 328, 329, 330, 331, 332 ]
          }
        },
        "$auto$opt_expr.cc:276:group_cell_inputs$139": {
          "hide_name": 1,
          "type": "$or",
          "parameters": {
            "A_SIGNED": "00000000000000000000000000000000",
            "A_WIDTH": "00000000000000000000000000000001",
            "B_SIGNED": "00000000000000000000000000000000",
            "B_WIDTH": "00000000000000000000000000000001",
            "Y_WIDTH": "00000000000000000000000000000001"
          },
          "attributes": {
          },
          "port_directions": {
            "A": "input",
            "B": "input",
            "Y": "output"
          },
          "connections": {
            "A": [ 333 ],
            "B": [ 334 ],
            "Y": [ 335 ]
          }
        },
        "$auto$opt_expr.cc:276:group_cell_inputs$142": {
          "hide_name": 1,
          "type": "$xor",
          "parameters": {
            "A_SIGNED": "00000000000000000000000000000000",
            "A_WIDTH": "00000000000000000000000000001001",
            "B_SIGNED": "00000000000000000000000000000000",
            "B_WIDTH": "00000000000000000000000000001001",
            "Y_WIDTH": "00000000000000000000000000001001"
          },
          "attributes": {
          },
          "port_directions": {
            "A": "input",
            "B": "input",
            "Y": "output"
          },
          "connections": {
            "A": [ 318, 319, 320, 321, 322, 323, 315, 316, 317 ],
            "B": [ 52, 53, 54, 55, 56, 57, 58, 59, 60 ],
            "Y": [ 336, 337, 338, 339, 340, 341, 342, 343, 344 ]
          }
        },
        "$auto$opt_expr.cc:276:group_cell_inputs$145": {
          "hide_name": 1,
          "type": "$not",
          "parameters": {
            "A_SIGNED": "00000000000000000000000000000000",
            "A_WIDTH": "00000000000000000000000000000001",
            "Y_WIDTH": "00000000000000000000000000000001"
          },
          "attributes": {
          },
          "port_directions": {
            "A": "input",
            "Y": "output"
          },
          "connections": {
            "A": [ 345 ],
            "Y": [ 346 ]
          }
        },
        "$auto$opt_expr.cc:276:group_cell_inputs$149": {
          "hide_name": 1,
          "type": "$not",
          "parameters": {
            "A_SIGNED": "00000000000000000000000000000000",
            "A_WIDTH": "00000000000000000000000000000111",
            "Y_WIDTH": "00000000000000000000000000000111"
          },
          "attributes": {
          },
          "port_directions": {
            "A": "input",
            "Y": "output"
          },
          "connections": {
            "A": [ 54, 55, 56, 57, 58, 59, 60 ],
            "Y": [ 347, 348, 349, 350, 351, 352, 353 ]
          }
        },
        "$auto$opt_expr.cc:276:group_cell_inputs$153": {
          "hide_name": 1,
          "type": "$and",
          "parameters": {
            "A_SIGNED": "00000000000000000000000000000000",
            "A_WIDTH": "00000000000000000000000000000001",
            "B_SIGNED": "00000000000000000000000000000000",
            "B_WIDTH": "00000000000000000000000000000001",
            "Y_WIDTH": "00000000000000000000000000000001"
          },
          "attributes": {
          },
          "port_directions": {
            "A": "input",
            "B": "input",
            "Y": "output"
          },
          "connections": {
            "A": [ 354 ],
            "B": [ 129 ],
            "Y": [ 160 ]
          }
        },
        "$auto$opt_expr.cc:276:group_cell_inputs$157": {
          "hide_name": 1,
          "type": "$or",
          "parameters": {
            "A_SIGNED": "00000000000000000000000000000000",
            "A_WIDTH": "00000000000000000000000000000110",
            "B_SIGNED": "00000000000000000000000000000000",
            "B_WIDTH": "00000000000000000000000000000110",
            "Y_WIDTH": "00000000000000000000000000000110"
          },
          "attributes": {
          },
          "port_directions": {
            "A": "input",
            "B": "input",
            "Y": "output"
          },
          "connections": {
            "A": [ 355, 356, 357, 358, 359, 360 ],
            "B": [ 52, 53, 54, 55, 56, 57 ],
            "Y": [ 361, 362, 363, 364, 365, 366 ]
          }
        },
        "$auto$opt_expr.cc:276:group_cell_inputs$160": {
          "hide_name": 1,
          "type": "$xor",
          "parameters": {
            "A_SIGNED": "00000000000000000000000000000000",
            "A_WIDTH": "00000000000000000000000000000001",
            "B_SIGNED": "00000000000000000000000000000000",
            "B_WIDTH": "00000000000000000000000000000001",
            "Y_WIDTH": "00000000000000000000000000000001"
          },
          "attributes": {
          },
          "port_directions": {
            "A": "input",
            "B": "input",
            "Y": "output"
          },
          "connections": {
            "A": [ 274 ],
            "B": [ 128 ],
            "Y": [ 367 ]
          }
        },
        "$auto$opt_expr.cc:276:group_cell_inputs$163": {
          "hide_name": 1,
          "type": "$or",
          "parameters": {
            "A_SIGNED": "00000000000000000000000000000000",
            "A_WIDTH": "00000000000000000000000000001001",
            "B_SIGNED": "00000000000000000000000000000000",
            "B_WIDTH": "00000000000000000000000000001001",
            "Y_WIDTH": "00000000000000000000000000001001"
          },
          "attributes": {
          },
          "port_directions": {
            "A": "input",
            "B": "input",
            "Y": "output"
          },
          "connections": {
            "A": [ 368, 369, 370, 371, 372, 373, 374, 375, 376 ],
            "B": [ 291, 292, 293, 294, 295, 296, 297, 298, 299 ],
            "Y": [ 377, 378, 379, 380, 381, 382, 383, 384, 385 ]
          }
        },
        "$auto$opt_expr.cc:276:group_cell_inputs$167": {
          "hide_name": 1,
          "type": "$and",
          "parameters": {
            "A_SIGNED": "00000000000000000000000000000000",
            "A_WIDTH": "00000000000000000000000000000111",
            "B_SIGNED": "00000000000000000000000000000000",
            "B_WIDTH": "00000000000000000000000000000111",
            "Y_WIDTH": "00000000000000000000000000000111"
          },
          "attributes": {
          },
          "port_directions": {
            "A": "input",
            "B": "input",
            "Y": "output"
          },
          "connections": {
            "A": [ 386, 387, 388, 389, 390, 391, 392 ],
            "B": [ 347, 348, 349, 350, 351, 352, 353 ],
            "Y": [ 354, 393, 394, 395, 396, 397, 398 ]
          }
        },
        "$auto$opt_expr.cc:276:group_cell_inputs$170": {
          "hide_name": 1,
          "type": "$xor",
          "parameters": {
            "A_SIGNED": "00000000000000000000000000000000",
            "A_WIDTH": "00000000000000000000000000001001",
            "B_SIGNED": "00000000000000000000000000000000",
            "B_WIDTH": "00000000000000000000000000001001",
            "Y_WIDTH": "00000000000000000000000000001001"
          },
          "attributes": {
          },
          "port_directions": {
            "A": "input",
            "B": "input",
            "Y": "output"
          },
          "connections": {
            "A": [ 399, 400, 401, 402, 403, 404, 405, 406, 407 ],
            "B": [ 408, 408, 408, 408, 409, 408, 408, 408, 408 ],
            "Y": [ 410, 411, 412, 413, 414, 415, 416, 417, 418 ]
          }
        },
        "$auto$opt_expr.cc:276:group_cell_inputs$77": {
          "hide_name": 1,
          "type": "$not",
          "parameters": {
            "A_SIGNED": "00000000000000000000000000000000",
            "A_WIDTH": "00000000000000000000000000000110",
            "Y_WIDTH": "00000000000000000000000000000110"
          },
          "attributes": {
          },
          "port_directions": {
            "A": "input",
            "Y": "output"
          },
          "connections": {
            "A": [ 2, 3, 4, 5, 6, 7 ],
            "Y": [ 419, 420, 421, 422, 423, 424 ]
          }
        },
        "$auto$opt_expr.cc:276:group_cell_inputs$81": {
          "hide_name": 1,
          "type": "$and",
          "parameters": {
            "A_SIGNED": "00000000000000000000000000000000",
            "A_WIDTH": "00000000000000000000000000000110",
            "B_SIGNED": "00000000000000000000000000000000",
            "B_WIDTH": "00000000000000000000000000000110",
            "Y_WIDTH": "00000000000000000000000000000110"
          },
          "attributes": {
          },
          "port_directions": {
            "A": "input",
            "B": "input",
            "Y": "output"
          },
          "connections": {
            "A": [ 262, 263, 264, 265, 266, 267 ],
            "B": [ 419, 420, 421, 422, 423, 424 ],
            "Y": [ 46, 47, 48, 49, 50, 51 ]
          }
        },
        "$auto$opt_expr.cc:276:group_cell_inputs$85": {
          "hide_name": 1,
          "type": "$and",
          "parameters": {
            "A_SIGNED": "00000000000000000000000000000000",
            "A_WIDTH": "00000000000000000000000000000110",
            "B_SIGNED": "00000000000000000000000000000000",
            "B_WIDTH": "00000000000000000000000000000110",
            "Y_WIDTH": "00000000000000000000000000000110"
          },
          "attributes": {
          },
          "port_directions": {
            "A": "input",
            "B": "input",
            "Y": "output"
          },
          "connections": {
            "A": [ 55, 56, 57, 58, 59, 60 ],
            "B": [ 52, 53, 54, 55, 56, 57 ],
            "Y": [ 355, 356, 357, 358, 359, 360 ]
          }
        },
        "$auto$opt_expr.cc:276:group_cell_inputs$89": {
          "hide_name": 1,
          "type": "$or",
          "parameters": {
            "A_SIGNED": "00000000000000000000000000000000",
            "A_WIDTH": "00000000000000000000000000000110",
            "B_SIGNED": "00000000000000000000000000000000",
            "B_WIDTH": "00000000000000000000000000000110",
            "Y_WIDTH": "00000000000000000000000000000110"
          },
          "attributes": {
          },
          "port_directions": {
            "A": "input",
            "B": "input",
            "Y": "output"
          },
          "connections": {
            "A": [ 425, 426, 427, 428, 429, 430 ],
            "B": [ 2, 3, 4, 5, 6, 7 ],
            "Y": [ 431, 432, 433, 434, 435, 436 ]
          }
        },
        "$auto$opt_expr.cc:276:group_cell_inputs$92": {
          "hide_name": 1,
          "type": "$xor",
          "parameters": {
            "A_SIGNED": "00000000000000000000000000000000",
            "A_WIDTH": "00000000000000000000000000000101",
            "B_SIGNED": "00000000000000000000000000000000",
            "B_WIDTH": "00000000000000000000000000000101",
            "Y_WIDTH": "00000000000000000000000000000101"
          },
          "attributes": {
          },
          "port_directions": {
            "A": "input",
            "B": "input",
            "Y": "output"
          },
          "connections": {
            "A": [ 437, 438, 439, 440, 441 ],
            "B": [ 2, 3, 4, 5, 6 ],
            "Y": [ 442, 443, 444, 445, 446 ]
          }
        },
        "$auto$opt_expr.cc:276:group_cell_inputs$95": {
          "hide_name": 1,
          "type": "$or",
          "parameters": {
            "A_SIGNED": "00000000000000000000000000000000",
            "A_WIDTH": "00000000000000000000000000000100",
            "B_SIGNED": "00000000000000000000000000000000",
            "B_WIDTH": "00000000000000000000000000000100",
            "Y_WIDTH": "00000000000000000000000000000100"
          },
          "attributes": {
          },
          "port_directions": {
            "A": "input",
            "B": "input",
            "Y": "output"
          },
          "connections": {
            "A": [ 122, 123, 125, 126 ],
            "B": [ 86, 87, 89, 90 ],
            "Y": [ 447, 448, 449, 450 ]
          }
        },
        "$eq$designs/69/top.sv:20$53": {
          "hide_name": 1,
          "type": "$eq",
          "parameters": {
            "A_SIGNED": "00000000000000000000000000000000",
            "A_WIDTH": "00000000000000000000000000000010",
            "B_SIGNED": "00000000000000000000000000000000",
            "B_WIDTH": "00000000000000000000000000011000",
            "Y_WIDTH": "00000000000000000000000000000001"
          },
          "attributes": {
            "src": "designs/69/top.sv:20.36-20.94"
          },
          "port_directions": {
            "A": "input",
            "B": "input",
            "Y": "output"
          },
          "connections": {
            "A": [ 451, 452 ],
            "B": [ 85, 86, 87, 88, 89, 90, 91, 92, 93, 94, 95, 96, 97, 98, 99, 100, 101, 102, 103, 104, 105, 106, 107, 108 ],
            "Y": [ 453 ]
          }
        },
        "$ge$designs/69/top.sv:20$57": {
          "hide_name": 1,
          "type": "$ge",
          "parameters": {
            "A_SIGNED": "00000000000000000000000000000000",
            "A_WIDTH": "00000000000000000000000000010001",
            "B_SIGNED": "00000000000000000000000000000000",
            "B_WIDTH": "00000000000000000000000000011111",
            "Y_WIDTH": "00000000000000000000000000000001"
          },
          "attributes": {
            "src": "designs/69/top.sv:20.22-20.148"
          },
          "port_directions": {
            "A": "input",
            "B": "input",
            "Y": "output"
          },
          "connections": {
            "A": [ 335, 454, 455, 456, 457, 458, 459, 460, 461, 462, 408, 463, 408, 464, 465, 466, 467 ],
            "B": [ 334, 454, 455, 456, 457, 458, 459, 460, 461, 462, 408, 463, 408, 464, 465, 466, 467, 468, 408, 408, 408, 408, 409, 408, "0", "0", 408, "0", 408, "0", 408 ],
            "Y": [ 345 ]
          }
        },
        "$gt$designs/69/top.sv:20$54": {
          "hide_name": 1,
          "type": "$gt",
          "parameters": {
            "A_SIGNED": "00000000000000000000000000000000",
            "A_WIDTH": "00000000000000000000000000000001",
            "B_SIGNED": "00000000000000000000000000000000",
            "B_WIDTH": "00000000000000000000000000001000",
            "Y_WIDTH": "00000000000000000000000000000001"
          },
          "attributes": {
            "src": "designs/69/top.sv:20.25-20.110"
          },
          "port_directions": {
            "A": "input",
            "B": "input",
            "Y": "output"
          },
          "connections": {
            "A": [ 453 ],
            "B": [ 85, 86, 87, 88, 89, 90, 91, 92 ],
            "Y": [ 469 ]
          }
        },
        "$lt$designs/69/top.sv:20$51": {
          "hide_name": 1,
          "type": "$lt",
          "parameters": {
            "A_SIGNED": "00000000000000000000000000000000",
            "A_WIDTH": "00000000000000000000000000011000",
            "B_SIGNED": "00000000000000000000000000000000",
            "B_WIDTH": "00000000000000000000000000000101",
            "Y_WIDTH": "00000000000000000000000000000001"
          },
          "attributes": {
            "src": "designs/69/top.sv:20.38-20.73"
          },
          "port_directions": {
            "A": "input",
            "B": "input",
            "Y": "output"
          },
          "connections": {
            "A": [ 324, 325, 326, 327, 328, 329, 330, 331, 332, "0", "0", "0", "0", "0", "0", "0", "0", "0", "0", "0", "0", "0", "0", "0" ],
            "B": [ 128, 276, 277, 278, 279 ],
            "Y": [ 470 ]
          }
        },
        "$mul$designs/69/top.sv:15$10": {
          "hide_name": 1,
          "type": "$mul",
          "parameters": {
            "A_SIGNED": "00000000000000000000000000000000",
            "A_WIDTH": "00000000000000000000000000001111",
            "B_SIGNED": "00000000000000000000000000000000",
            "B_WIDTH": "00000000000000000000000000001001",
            "Y_WIDTH": "00000000000000000000000000011000"
          },
          "attributes": {
            "src": "designs/69/top.sv:15.23-15.95"
          },
          "port_directions": {
            "A": "input",
            "B": "input",
            "Y": "output"
          },
          "connections": {
            "A": [ 431, 432, 433, 434, 435, 436, 471, 472, 473, 474, 475, 476, 477, 478, 479 ],
            "B": [ 52, 53, 54, 55, 56, 57, 58, 59, 60 ],
            "Y": [ 61, 62, 63, 64, 65, 66, 67, 68, 69, 70, 71, 72, 73, 74, 75, 76, 77, 78, 79, 80, 81, 82, 83, 84 ]
          }
        },
        "$mul$designs/69/top.sv:15$8": {
          "hide_name": 1,
          "type": "$mul",
          "parameters": {
            "A_SIGNED": "00000000000000000000000000000000",
            "A_WIDTH": "00000000000000000000000000001001",
            "B_SIGNED": "00000000000000000000000000000000",
            "B_WIDTH": "00000000000000000000000000000110",
            "Y_WIDTH": "00000000000000000000000000001111"
          },
          "attributes": {
            "src": "designs/69/top.sv:15.25-15.71"
          },
          "port_directions": {
            "A": "input",
            "B": "input",
            "Y": "output"
          },
          "connections": {
            "A": [ 361, 362, 363, 364, 365, 366, 58, 59, 60 ],
            "B": [ 2, 3, 4, 5, 6, 7 ],
            "Y": [ 425, 426, 427, 428, 429, 430, 471, 472, 473, 474, 475, 476, 477, 478, 479 ]
          }
        },
        "$mul$designs/69/top.sv:18$28": {
          "hide_name": 1,
          "type": "$mul",
          "parameters": {
            "A_SIGNED": "00000000000000000000000000000000",
            "A_WIDTH": "00000000000000000000000000000101",
            "B_SIGNED": "00000000000000000000000000000000",
            "B_WIDTH": "00000000000000000000000000011000",
            "Y_WIDTH": "00000000000000000000000000011000"
          },
          "attributes": {
            "src": "designs/69/top.sv:18.65-18.128"
          },
          "port_directions": {
            "A": "input",
            "B": "input",
            "Y": "output"
          },
          "connections": {
            "A": [ 367, 276, 277, 278, 279 ],
            "B": [ 275, "1", "1", "1", "1", "1", "1", "1", "1", "1", "1", "1", "1", "1", "1", "1", "1", "1", "1", "1", "1", "1", "1", "1" ],
            "Y": [ 480, 481, 482, 483, 484, 485, 486, 487, 488, 489, 490, 491, 492, 493, 494, 495, 496, 497, 498, 499, 500, 501, 502, 503 ]
          }
        },
        "$mul$designs/69/top.sv:18$33": {
          "hide_name": 1,
          "type": "$mul",
          "parameters": {
            "A_SIGNED": "00000000000000000000000000000000",
            "A_WIDTH": "00000000000000000000000000011000",
            "B_SIGNED": "00000000000000000000000000000000",
            "B_WIDTH": "00000000000000000000000000001001",
            "Y_WIDTH": "00000000000000000000000000000001"
          },
          "attributes": {
            "src": "designs/69/top.sv:18.51-18.179"
          },
          "port_directions": {
            "A": "input",
            "B": "input",
            "Y": "output"
          },
          "connections": {
            "A": [ 504, 505, 506, 507, 508, 509, 510, 511, 512, 513, 514, 515, 516, 517, 518, 519, 520, 521, 522, 523, 524, 525, 526, 527 ],
            "B": [ 52, 53, 54, 55, 56, 57, 58, 59, 60 ],
            "Y": [ 528 ]
          }
        },
        "$mul$designs/69/top.sv:20$52": {
          "hide_name": 1,
          "type": "$mul",
          "parameters": {
            "A_SIGNED": "00000000000000000000000000000000",
            "A_WIDTH": "00000000000000000000000000000001",
            "B_SIGNED": "00000000000000000000000000000000",
            "B_WIDTH": "00000000000000000000000000000001",
            "Y_WIDTH": "00000000000000000000000000000010"
          },
          "attributes": {
            "src": "designs/69/top.sv:20.37-20.83"
          },
          "port_directions": {
            "A": "input",
            "B": "input",
            "Y": "output"
          },
          "connections": {
            "A": [ 470 ],
            "B": [ 129 ],
            "Y": [ 451, 452 ]
          }
        },
        "$mul$designs/69/top.sv:22$68": {
          "hide_name": 1,
          "type": "$mul",
          "parameters": {
            "A_SIGNED": "00000000000000000000000000000000",
            "A_WIDTH": "00000000000000000000000000011000",
            "B_SIGNED": "00000000000000000000000000000000",
            "B_WIDTH": "00000000000000000000000000000010",
            "Y_WIDTH": "00000000000000000000000000011010"
          },
          "attributes": {
            "src": "designs/69/top.sv:22.30-22.196"
          },
          "port_directions": {
            "A": "input",
            "B": "input",
            "Y": "output"
          },
          "connections": {
            "A": [ 185, 186, 187, 188, 189, 190, 191, 192, 193, 194, 195, 196, 197, 198, 199, 200, 201, 202, 203, 204, 205, 206, 207, 208 ],
            "B": [ 59, 60 ],
            "Y": [ 209, 210, 211, 212, 213, 214, 215, 216, 217, 218, 219, 220, 221, 222, 223, 224, 225, 226, 227, 228, 229, 230, 231, 232, 233, 234 ]
          }
        },
        "$mul$designs/69/top.sv:22$70": {
          "hide_name": 1,
          "type": "$mul",
          "parameters": {
            "A_SIGNED": "00000000000000000000000000000000",
            "A_WIDTH": "00000000000000000000000000011011",
            "B_SIGNED": "00000000000000000000000000000000",
            "B_WIDTH": "00000000000000000000000000011000",
            "Y_WIDTH": "00000000000000000000000000100110"
          },
          "attributes": {
            "src": "designs/69/top.sv:22.28-22.216"
          },
          "port_directions": {
            "A": "input",
            "B": "input",
            "Y": "output"
          },
          "connections": {
            "A": [ 235, 236, 237, 238, 239, 240, 241, 242, 243, 244, 245, 246, 247, 248, 249, 250, 251, 252, 253, 254, 255, 256, 257, 258, 259, 260, 261 ],
            "B": [ 318, 319, 320, 321, 322, 323, 315, 316, 317, "0", "0", "0", "0", "0", "0", "0", "0", "0", "0", "0", "0", "0", "0", "0" ],
            "Y": [ 529, 530, 531, 532, 533, 534, 535, 536, 537, 538, 539, 540, 541, 542, 543, 544, 545, 546, 547, 548, 549, 550, 551, 552, 553, 554, 555, 556, 557, 558, 559, 560, 561, 562, 563, 564, 565, 566 ]
          }
        },
        "$mul$designs/69/top.sv:22$71": {
          "hide_name": 1,
          "type": "$mul",
          "parameters": {
            "A_SIGNED": "00000000000000000000000000000000",
            "A_WIDTH": "00000000000000000000000000100110",
            "B_SIGNED": "00000000000000000000000000000000",
            "B_WIDTH": "00000000000000000000000000011000",
            "Y_WIDTH": "00000000000000000000000000100110"
          },
          "attributes": {
            "src": "designs/69/top.sv:22.27-22.226"
          },
          "port_directions": {
            "A": "input",
            "B": "input",
            "Y": "output"
          },
          "connections": {
            "A": [ 529, 530, 531, 532, 533, 534, 535, 536, 537, 538, 539, 540, 541, 542, 543, 544, 545, 546, 547, 548, 549, 550, 551, 552, 553, 554, 555, 556, 557, 558, 559, 560, 561, 562, 563, 564, 565, 566 ],
            "B": [ 318, 319, 320, 321, 322, 323, 315, 316, 317, "0", "0", "0", "0", "0", "0", "0", "0", "0", "0", "0", "0", "0", "0", "0" ],
            "Y": [ 8, 9, 10, 11, 12, 13, 14, 15, 16, 17, 18, 19, 20, 21, 22, 23, 24, 25, 26, 27, 28, 29, 30, 31, 32, 33, 34, 35, 36, 37, 38, 39, 40, 41, 42, 43, 44, 45 ]
          }
        },
        "$ne$designs/69/top.sv:20$55": {
          "hide_name": 1,
          "type": "$ne",
          "parameters": {
            "A_SIGNED": "00000000000000000000000000000000",
            "A_WIDTH": "00000000000000000000000000010010",
            "B_SIGNED": "00000000000000000000000000000000",
            "B_WIDTH": "00000000000000000000000000010010",
            "Y_WIDTH": "00000000000000000000000000000001"
          },
          "attributes": {
            "src": "designs/69/top.sv:20.24-20.121"
          },
          "port_directions": {
            "A": "input",
            "B": "input",
            "Y": "output"
          },
          "connections": {
            "A": [ 469, "0", "0", "0", "0", "0", "0", "0", "0", "0", "0", "0", "0", "0", "0", "0", "0", "0" ],
            "B": [ 334, 454, 455, 456, 457, 458, 459, 460, 461, 462, 463, 464, 465, 466, 467, 468, 409, 408 ],
            "Y": [ 333 ]
          }
        },
        "$not$designs/69/top.sv:18$36": {
          "hide_name": 1,
          "type": "$not",
          "parameters": {
            "A_SIGNED": "00000000000000000000000000000000",
            "A_WIDTH": "00000000000000000000000000000001",
            "Y_WIDTH": "00000000000000000000000000000001"
          },
          "attributes": {
            "src": "designs/69/top.sv:18.194-18.201"
          },
          "port_directions": {
            "A": "input",
            "Y": "output"
          },
          "connections": {
            "A": [ 52 ],
            "Y": [ 567 ]
          }
        },
        "$not$designs/69/top.sv:22$66": {
          "hide_name": 1,
          "type": "$not",
          "parameters": {
            "A_SIGNED": "00000000000000000000000000000000",
            "A_WIDTH": "00000000000000000000000000011000",
            "Y_WIDTH": "00000000000000000000000000011000"
          },
          "attributes": {
            "src": "designs/69/top.sv:22.172-22.179"
          },
          "port_directions": {
            "A": "input",
            "Y": "output"
          },
          "connections": {
            "A": [ 85, 86, 87, 88, 89, 90, 91, 92, 93, 94, 95, 96, 97, 98, 99, 100, 101, 102, 103, 104, 105, 106, 107, 108 ],
            "Y": [ 161, 162, 163, 164, 165, 166, 167, 168, 169, 170, 171, 172, 173, 174, 175, 176, 177, 178, 179, 180, 181, 182, 183, 184 ]
          }
        },
        "$or$designs/69/top.sv:16$20": {
          "hide_name": 1,
          "type": "$or",
          "parameters": {
            "A_SIGNED": "00000000000000000000000000000000",
            "A_WIDTH": "00000000000000000000000000001001",
            "B_SIGNED": "00000000000000000000000000000000",
            "B_WIDTH": "00000000000000000000000000001001",
            "Y_WIDTH": "00000000000000000000000000001001"
          },
          "attributes": {
            "src": "designs/69/top.sv:16.207-16.233"
          },
          "port_directions": {
            "A": "input",
            "B": "input",
            "Y": "output"
          },
          "connections": {
            "A": [ 52, 53, 54, 55, 56, 57, 58, 59, 60 ],
            "B": [ 52, 53, 54, 55, 56, 57, 58, 59, 60 ],
            "Y": [ 568, 569, 570, 571, 572, 573, 574, 575, 576 ]
          }
        },
        "$or$designs/69/top.sv:18$32": {
          "hide_name": 1,
          "type": "$or",
          "parameters": {
            "A_SIGNED": "00000000000000000000000000000000",
            "A_WIDTH": "00000000000000000000000000011000",
            "B_SIGNED": "00000000000000000000000000000000",
            "B_WIDTH": "00000000000000000000000000011000",
            "Y_WIDTH": "00000000000000000000000000011000"
          },
          "attributes": {
            "src": "designs/69/top.sv:18.62-18.168"
          },
          "port_directions": {
            "A": "input",
            "B": "input",
            "Y": "output"
          },
          "connections": {
            "A": [ 410, 411, 412, 413, 414, 415, 577, 578, 416, 579, 417, 580, 418, 581, 582, 583, 584, 585, 586, 587, 588, 589, 590, 591 ],
            "B": [ 85, 86, 87, 88, 89, 90, 91, 92, 93, 94, 95, 96, 97, 98, 99, 100, 101, 102, 103, 104, 105, 106, 107, 108 ],
            "Y": [ 504, 505, 506, 507, 508, 509, 510, 511, 512, 513, 514, 515, 516, 517, 518, 519, 520, 521, 522, 523, 524, 525, 526, 527 ]
          }
        },
        "$or$designs/69/top.sv:18$37": {
          "hide_name": 1,
          "type": "$or",
          "parameters": {
            "A_SIGNED": "00000000000000000000000000000000",
            "A_WIDTH": "00000000000000000000000000000001",
            "B_SIGNED": "00000000000000000000000000000000",
            "B_WIDTH": "00000000000000000000000000000001",
            "Y_WIDTH": "00000000000000000000000000000001"
          },
          "attributes": {
            "src": "designs/69/top.sv:18.33-18.202"
          },
          "port_directions": {
            "A": "input",
            "B": "input",
            "Y": "output"
          },
          "connections": {
            "A": [ 592 ],
            "B": [ 567 ],
            "Y": [ 127 ]
          }
        },
        "$or$designs/69/top.sv:19$43": {
          "hide_name": 1,
          "type": "$or",
          "parameters": {
            "A_SIGNED": "00000000000000000000000000000000",
            "A_WIDTH": "00000000000000000000000000011000",
            "B_SIGNED": "00000000000000000000000000000000",
            "B_WIDTH": "00000000000000000000000000011000",
            "Y_WIDTH": "00000000000000000000000000011000"
          },
          "attributes": {
            "src": "designs/69/top.sv:19.54-19.167"
          },
          "port_directions": {
            "A": "input",
            "B": "input",
            "Y": "output"
          },
          "connections": {
            "A": [ 136, 137, 138, 139, 140, 141, 142, 143, 144, 145, 146, 147, 148, 149, 150, 151, 152, 153, 154, 155, 156, 157, 158, 159 ],
            "B": [ 334, 454, 455, 456, 457, 458, 459, 460, 461, 462, 408, 463, 408, 464, 465, 466, 467, 468, 408, 408, 408, 408, 409, 408 ],
            "Y": [ 368, 369, 370, 371, 372, 373, 374, 375, 376, 593, 594, 595, 596, 597, 598, 599, 600, 601, 602, 603, 604, 605, 606, 607 ]
          }
        },
        "$shl$designs/69/top.sv:16$12": {
          "hide_name": 1,
          "type": "$shl",
          "parameters": {
            "A_SIGNED": "00000000000000000000000000000000",
            "A_WIDTH": "00000000000000000000000000000101",
            "B_SIGNED": "00000000000000000000000000000000",
            "B_WIDTH": "00000000000000000000000000000011",
            "Y_WIDTH": "00000000000000000000000000000101"
          },
          "attributes": {
            "src": "designs/69/top.sv:16.75-16.101"
          },
          "port_directions": {
            "A": "input",
            "B": "input",
            "Y": "output"
          },
          "connections": {
            "A": [ 56, 57, 58, 59, 60 ],
            "B": [ 85, 86, 87 ],
            "Y": [ 437, 438, 439, 440, 441 ]
          }
        },
        "$sub$designs/69/top.sv:16$14": {
          "hide_name": 1,
          "type": "$sub",
          "parameters": {
            "A_SIGNED": "00000000000000000000000000000000",
            "A_WIDTH": "00000000000000000000000000000110",
            "B_SIGNED": "00000000000000000000000000000000",
            "B_WIDTH": "00000000000000000000000000000110",
            "Y_WIDTH": "00000000000000000000000000000110"
          },
          "attributes": {
            "src": "designs/69/top.sv:16.63-16.130"
          },
          "port_directions": {
            "A": "input",
            "B": "input",
            "Y": "output"
          },
          "connections": {
            "A": [ 442, 443, 444, 445, 446, 7 ],
            "B": [ 2, 3, 4, 5, 6, 7 ],
            "Y": [ 268, 269, 270, 271, 272, 273 ]
          }
        },
        "$sub$designs/69/top.sv:17$22": {
          "hide_name": 1,
          "type": "$sub",
          "parameters": {
            "A_SIGNED": "00000000000000000000000000000000",
            "A_WIDTH": "00000000000000000000000000000101",
            "B_SIGNED": "00000000000000000000000000000000",
            "B_WIDTH": "00000000000000000000000000000101",
            "Y_WIDTH": "00000000000000000000000000000101"
          },
          "attributes": {
            "src": "designs/69/top.sv:17.23-17.38"
          },
          "port_directions": {
            "A": "input",
            "B": "input",
            "Y": "output"
          },
          "connections": {
            "A": [ 334, 454, 455, 456, 457 ],
            "B": [ 52, 53, 54, 55, 56 ],
            "Y": [ 608, 609, 610, 611, 612 ]
          }
        },
        "$sub$designs/69/top.sv:18$30": {
          "hide_name": 1,
          "type": "$sub",
          "parameters": {
            "A_SIGNED": "00000000000000000000000000000000",
            "A_WIDTH": "00000000000000000000000000011000",
            "B_SIGNED": "00000000000000000000000000000000",
            "B_WIDTH": "00000000000000000000000000011000",
            "Y_WIDTH": "00000000000000000000000000011000"
          },
          "attributes": {
            "src": "designs/69/top.sv:18.64-18.141"
          },
          "port_directions": {
            "A": "input",
            "B": "input",
            "Y": "output"
          },
          "connections": {
            "A": [ 480, 481, 482, 483, 484, 485, 486, 487, 488, 489, 490, 491, 492, 493, 494, 495, 496, 497, 498, 499, 500, 501, 502, 503 ],
            "B": [ 161, 162, 163, 164, 165, 166, 167, 168, 169, 170, 171, 172, 173, 174, 175, 176, 177, 178, 179, 180, 181, 182, 183, 184 ],
            "Y": [ 399, 400, 401, 402, 403, 404, 577, 578, 405, 579, 406, 580, 407, 581, 582, 583, 584, 585, 586, 587, 588, 589, 590, 591 ]
          }
        },
        "$sub$designs/69/top.sv:18$34": {
          "hide_name": 1,
          "type": "$sub",
          "parameters": {
            "A_SIGNED": "00000000000000000000000000000000",
            "A_WIDTH": "00000000000000000000000000000001",
            "B_SIGNED": "00000000000000000000000000000000",
            "B_WIDTH": "00000000000000000000000000000001",
            "Y_WIDTH": "00000000000000000000000000000001"
          },
          "attributes": {
            "src": "designs/69/top.sv:18.42-18.188"
          },
          "port_directions": {
            "A": "input",
            "B": "input",
            "Y": "output"
          },
          "connections": {
            "A": [ 528 ],
            "B": [ "1" ],
            "Y": [ 592 ]
          }
        },
        "$sub$designs/69/top.sv:19$47": {
          "hide_name": 1,
          "type": "$sub",
          "parameters": {
            "A_SIGNED": "00000000000000000000000000000000",
            "A_WIDTH": "00000000000000000000000000011000",
            "B_SIGNED": "00000000000000000000000000000000",
            "B_WIDTH": "00000000000000000000000000000010",
            "Y_WIDTH": "00000000000000000000000000011000"
          },
          "attributes": {
            "src": "designs/69/top.sv:19.42-19.196"
          },
          "port_directions": {
            "A": "input",
            "B": "input",
            "Y": "output"
          },
          "connections": {
            "A": [ 377, 378, 379, 380, 381, 382, 383, 384, 385, "1", "1", "1", "1", "1", "1", "1", "1", "1", "1", "1", "1", "1", "1", "1" ],
            "B": [ 128, 276 ],
            "Y": [ 300, 301, 302, 303, 304, 305, 306, 307, 308, 613, 614, 615, 616, 617, 618, 619, 620, 621, 622, 623, 624, 625, 626, 627 ]
          }
        },
        "$sub$designs/69/top.sv:22$60": {
          "hide_name": 1,
          "type": "$sub",
          "parameters": {
            "A_SIGNED": "00000000000000000000000000000000",
            "A_WIDTH": "00000000000000000000000000001110",
            "B_SIGNED": "00000000000000000000000000000000",
            "B_WIDTH": "00000000000000000000000000010001",
            "Y_WIDTH": "00000000000000000000000000010001"
          },
          "attributes": {
            "src": "designs/69/top.sv:22.73-22.119"
          },
          "port_directions": {
            "A": "input",
            "B": "input",
            "Y": "output"
          },
          "connections": {
            "A": [ 336, 337, 338, 339, 340, 341, 342, 343, 344, "0", "0", "0", "0", "0" ],
            "B": [ 346, "1", "1", "1", "1", "1", "1", "1", "1", "1", "1", "1", "1", "1", "1", "1", "1" ],
            "Y": [ 386, 387, 388, 389, 390, 391, 392, 628, 629, 630, 631, 632, 633, 634, 635, 636, 637 ]
          }
        },
        "$ternary$designs/69/top.sv:16$21": {
          "hide_name": 1,
          "type": "$mux",
          "parameters": {
            "WIDTH": "00000000000000000000000000010010"
          },
          "attributes": {
            "src": "designs/69/top.sv:16.21-16.234"
          },
          "port_directions": {
            "A": "input",
            "B": "input",
            "S": "input",
            "Y": "output"
          },
          "connections": {
            "A": [ 568, 569, 570, 571, 572, 573, 574, 575, 576, "0", "0", "0", "0", "0", "0", "0", "0", "0" ],
            "B": [ "1", 447, 448, "1", 449, 450, "1", 92, "1", 94, "1", 96, 98, 99, 100, 101, 102, 107 ],
            "S": [ 4 ],
            "Y": [ 334, 454, 455, 456, 457, 458, 459, 460, 461, 462, 408, 463, 464, 465, 466, 467, 468, 409 ]
          }
        },
        "$xor$designs/69/top.sv:17$23": {
          "hide_name": 1,
          "type": "$xor",
          "parameters": {
            "A_SIGNED": "00000000000000000000000000000000",
            "A_WIDTH": "00000000000000000000000000000101",
            "B_SIGNED": "00000000000000000000000000000000",
            "B_WIDTH": "00000000000000000000000000000101",
            "Y_WIDTH": "00000000000000000000000000000101"
          },
          "attributes": {
            "src": "designs/69/top.sv:17.22-17.57"
          },
          "port_directions": {
            "A": "input",
            "B": "input",
            "Y": "output"
          },
          "connections": {
            "A": [ 608, 609, 610, 611, 612 ],
            "B": [ 3, 4, 5, 6, 7 ],
            "Y": [ 128, 276, 277, 278, 279 ]
          }
        }
      },
      "netnames": {
        "$add$designs/69/top.sv:16$16_Y": {
          "hide_name": 1,
          "bits": [ 115, 116, 117, 118, 119, 120 ],
          "attributes": {
            "src": "designs/69/top.sv:16.51-16.159"
          }
        },
        "$add$designs/69/top.sv:16$17_Y": {
          "hide_name": 1,
          "bits": [ 121, 122, 123, 124, 125, 126 ],
          "attributes": {
            "src": "designs/69/top.sv:16.50-16.173",
            "unused_bits": "0 3"
          }
        },
        "$add$designs/69/top.sv:19$42_Y": {
          "hide_name": 1,
          "bits": [ 136, 137, 138, 139, 140, 141, 142, 143, 144, 145, 146, 147, 148, 149, 150, 151, 152, 153, 154, 155, 156, 157, 158, 159 ],
          "attributes": {
            "src": "designs/69/top.sv:19.65-19.150"
          }
        },
        "$add$designs/69/top.sv:22$67_Y": {
          "hide_name": 1,
          "bits": [ 185, 186, 187, 188, 189, 190, 191, 192, 193, 194, 195, 196, 197, 198, 199, 200, 201, 202, 203, 204, 205, 206, 207, 208 ],
          "attributes": {
            "src": "designs/69/top.sv:22.41-22.180"
          }
        },
        "$add$designs/69/top.sv:22$69_Y": {
          "hide_name": 1,
          "bits": [ 235, 236, 237, 238, 239, 240, 241, 242, 243, 244, 245, 246, 247, 248, 249, 250, 251, 252, 253, 254, 255, 256, 257, 258, 259, 260, 261 ],
          "attributes": {
          }
        },
        "$and$designs/69/top.sv:14$1_Y": {
          "hide_name": 1,
          "bits": [ 262, 263, 264, 265, 266, 267 ],
          "attributes": {
            "src": "designs/69/top.sv:14.34-14.66"
          }
        },
        "$and$designs/69/top.sv:14$4_Y": {
          "hide_name": 1,
          "bits": [ 46, 47, 48, 49, 50, 51, "0", "0", "0" ],
          "attributes": {
            "src": "designs/69/top.sv:14.23-14.84"
          }
        },
        "$and$designs/69/top.sv:15$6_Y": {
          "hide_name": 1,
          "bits": [ 355, 356, 357, 358, 359, 360, "0", "0", "0", "0", "0", "0", "0", "0", "0", "0", "0", "0", "0", "0", "0", "0", "0", "0" ],
          "attributes": {
            "src": "designs/69/top.sv:15.27-15.47"
          }
        },
        "$and$designs/69/top.sv:16$15_Y": {
          "hide_name": 1,
          "bits": [ 109, 110, 111, 112, 113, 114 ],
          "attributes": {
            "src": "designs/69/top.sv:16.62-16.144"
          }
        },
        "$and$designs/69/top.sv:18$24_Y": {
          "hide_name": 1,
          "bits": [ 274, "0", "0", "0", "0", "0", "0", "0", "0", "0", "0", "0", "0", "0", "0", "0", "0", "0", "0", "0", "0", "0", "0", "0" ],
          "attributes": {
            "src": "designs/69/top.sv:18.67-18.96"
          }
        },
        "$and$designs/69/top.sv:19$41_Y": {
          "hide_name": 1,
          "bits": [ 130, 131, 132, 133, 134, 135, "0", "0", "0", "0", "0", "0", "0", "0", "0", "0", "0", "0", "0", "0", "0", "0", "0", "0" ],
          "attributes": {
            "src": "designs/69/top.sv:19.66-19.140"
          }
        },
        "$and$designs/69/top.sv:19$48_Y": {
          "hide_name": 1,
          "bits": [ 309, 310, 311, 312, 313, 314, 315, 316, 317, "0", "0", "0", "0", "0", "0", "0", "0", "0", "0", "0", "0", "0", "0", "0" ],
          "attributes": {
            "src": "designs/69/top.sv:19.33-19.207"
          }
        },
        "$and$designs/69/top.sv:20$50_Y": {
          "hide_name": 1,
          "bits": [ 324, 325, 326, 327, 328, 329, 330, 331, 332, "0", "0", "0", "0", "0", "0", "0", "0", "0", "0", "0", "0", "0", "0", "0", "0", "0", "0", "0", "0", "0", "0" ],
          "attributes": {
            "src": "designs/69/top.sv:20.39-20.63"
          }
        },
        "$and$designs/69/top.sv:22$64_Y": {
          "hide_name": 1,
          "bits": [ 354, 393, 394 ],
          "attributes": {
            "unused_bits": "1 2"
          }
        },
        "$and$designs/69/top.sv:22$65_Y": {
          "hide_name": 1,
          "bits": [ 160, "0", "0", "0", "0", "0", "0", "0", "0", "0", "0", "0", "0", "0", "0", "0", "0", "0", "0", "0", "0", "0", "0", "0" ],
          "attributes": {
            "src": "designs/69/top.sv:22.42-22.167"
          }
        },
        "$auto$opt_expr.cc:205:group_cell_inputs$103": {
          "hide_name": 1,
          "bits": [ 367, 276 ],
          "attributes": {
          }
        },
        "$auto$opt_expr.cc:205:group_cell_inputs$106": {
          "hide_name": 1,
          "bits": [ 275 ],
          "attributes": {
          }
        },
        "$auto$opt_expr.cc:205:group_cell_inputs$110": {
          "hide_name": 1,
          "bits": [ 410, 411, 412, 413, 414, 415, 577, 578, 416, 579, 417, 580, 418 ],
          "attributes": {
          }
        },
        "$auto$opt_expr.cc:205:group_cell_inputs$112": {
          "hide_name": 1,
          "bits": [ 581, 582, 583, 584, 585, 586, 587, 588, 589, 590, 591 ],
          "attributes": {
          }
        },
        "$auto$opt_expr.cc:205:group_cell_inputs$113": {
          "hide_name": 1,
          "bits": [ 280, 281, 282, 283, 284 ],
          "attributes": {
          }
        },
        "$auto$opt_expr.cc:205:group_cell_inputs$116": {
          "hide_name": 1,
          "bits": [ 285, 286, 287, 288, 289, 290 ],
          "attributes": {
          }
        },
        "$auto$opt_expr.cc:205:group_cell_inputs$123": {
          "hide_name": 1,
          "bits": [ 291, 292, 293, 294, 295, 296, 297, 298, 299 ],
          "attributes": {
          }
        },
        "$auto$opt_expr.cc:205:group_cell_inputs$138": {
          "hide_name": 1,
          "bits": [ 335 ],
          "attributes": {
          }
        },
        "$auto$opt_expr.cc:205:group_cell_inputs$141": {
          "hide_name": 1,
          "bits": [ 336, 337, 338, 339, 340, 341, 342, 343, 344 ],
          "attributes": {
          }
        },
        "$auto$opt_expr.cc:205:group_cell_inputs$144": {
          "hide_name": 1,
          "bits": [ 346 ],
          "attributes": {
          }
        },
        "$auto$opt_expr.cc:205:group_cell_inputs$148": {
          "hide_name": 1,
          "bits": [ 347, 348, 349, 350, 351, 352, 353 ],
          "attributes": {
          }
        },
        "$auto$opt_expr.cc:205:group_cell_inputs$156": {
          "hide_name": 1,
          "bits": [ 361, 362, 363, 364, 365, 366 ],
          "attributes": {
          }
        },
        "$auto$opt_expr.cc:205:group_cell_inputs$162": {
          "hide_name": 1,
          "bits": [ 377, 378, 379, 380, 381, 382, 383, 384, 385 ],
          "attributes": {
          }
        },
        "$auto$opt_expr.cc:205:group_cell_inputs$166": {
          "hide_name": 1,
          "bits": [ 354, 393, 394, 395, 396, 397, 398 ],
          "attributes": {
            "unused_bits": "1 2 3 4 5 6"
          }
        },
        "$auto$opt_expr.cc:205:group_cell_inputs$168": {
          "hide_name": 1,
          "bits": [ 628, 629, 630, 631, 632, 633, 634, 635, 636, 637 ],
          "attributes": {
            "unused_bits": "0 1 2 3 4 5 6 7 8 9"
          }
        },
        "$auto$opt_expr.cc:205:group_cell_inputs$76": {
          "hide_name": 1,
          "bits": [ 419, 420, 421, 422, 423, 424 ],
          "attributes": {
          }
        },
        "$auto$opt_expr.cc:205:group_cell_inputs$88": {
          "hide_name": 1,
          "bits": [ 431, 432, 433, 434, 435, 436 ],
          "attributes": {
          }
        },
        "$auto$opt_expr.cc:205:group_cell_inputs$90": {
          "hide_name": 1,
          "bits": [ 471, 472, 473, 474, 475, 476, 477, 478, 479 ],
          "attributes": {
          }
        },
        "$auto$opt_expr.cc:205:group_cell_inputs$91": {
          "hide_name": 1,
          "bits": [ 442, 443, 444, 445, 446 ],
          "attributes": {
          }
        },
        "$auto$opt_expr.cc:205:group_cell_inputs$94": {
          "hide_name": 1,
          "bits": [ 447, 448, 449, 450 ],
          "attributes": {
          }
        },
        "$auto$wreduce.cc:514:run$73": {
          "hide_name": 1,
          "bits": [ 209, 210, 211, 212, 213, 214, 215, 216, 217, 218, 219, 220, 221, 222, 223, 224, 225, 226, 227, 228, 229, 230, 231, 232, 233, 234, "0", "0", "0", "0", "0", "0", "0", "0", "0", "0", "0", "0" ],
          "attributes": {
            "src": "designs/69/top.sv:22.30-22.196"
          }
        },
        "$eq$designs/69/top.sv:20$53_Y": {
          "hide_name": 1,
          "bits": [ 453 ],
          "attributes": {
            "src": "designs/69/top.sv:20.36-20.94"
          }
        },
        "$gt$designs/69/top.sv:20$54_Y": {
          "hide_name": 1,
          "bits": [ 469, "0", "0", "0", "0", "0", "0", "0", "0", "0", "0", "0", "0", "0", "0", "0", "0", "0", "0", "0", "0", "0", "0", "0", "0", "0", "0", "0", "0", "0", "0" ],
          "attributes": {
            "src": "designs/69/top.sv:20.25-20.110"
          }
        },
        "$lt$designs/69/top.sv:20$51_Y": {
          "hide_name": 1,
          "bits": [ 470, "0", "0", "0", "0", "0", "0", "0", "0", "0", "0", "0", "0", "0", "0", "0", "0", "0", "0", "0", "0", "0", "0", "0" ],
          "attributes": {
            "src": "designs/69/top.sv:20.38-20.73"
          }
        },
        "$mul$designs/69/top.sv:15$10_Y": {
          "hide_name": 1,
          "bits": [ 61, 62, 63, 64, 65, 66, 67, 68, 69, 70, 71, 72, 73, 74, 75, 76, 77, 78, 79, 80, 81, 82, 83, 84 ],
          "attributes": {
            "src": "designs/69/top.sv:15.23-15.95"
          }
        },
        "$mul$designs/69/top.sv:15$8_Y": {
          "hide_name": 1,
          "bits": [ 425, 426, 427, 428, 429, 430, 471, 472, 473, 474, 475, 476, 477, 478, 479, "0", "0", "0", "0", "0", "0", "0", "0", "0" ],
          "attributes": {
            "src": "designs/69/top.sv:15.25-15.71"
          }
        },
        "$mul$designs/69/top.sv:18$28_Y": {
          "hide_name": 1,
          "bits": [ 480, 481, 482, 483, 484, 485, 486, 487, 488, 489, 490, 491, 492, 493, 494, 495, 496, 497, 498, 499, 500, 501, 502, 503 ],
          "attributes": {
            "src": "designs/69/top.sv:18.65-18.128"
          }
        },
        "$mul$designs/69/top.sv:18$33_Y": {
          "hide_name": 1,
          "bits": [ 528, 638, 639, 640, 641, 642, 643, 644, 645, 646, 647, 648, 649, 650, 651, 652, 653, 654, 655, 656, 657, 658, 659, 660 ],
          "attributes": {
            "src": "designs/69/top.sv:18.51-18.179",
            "unused_bits": "1 2 3 4 5 6 7 8 9 10 11 12 13 14 15 16 17 18 19 20 21 22 23"
          }
        },
        "$mul$designs/69/top.sv:20$52_Y": {
          "hide_name": 1,
          "bits": [ 451, 452, "0", "0", "0", "0", "0", "0", "0", "0", "0", "0", "0", "0", "0", "0", "0", "0", "0", "0", "0", "0", "0", "0" ],
          "attributes": {
            "src": "designs/69/top.sv:20.37-20.83"
          }
        },
        "$mul$designs/69/top.sv:22$70_Y": {
          "hide_name": 1,
          "bits": [ 529, 530, 531, 532, 533, 534, 535, 536, 537, 538, 539, 540, 541, 542, 543, 544, 545, 546, 547, 548, 549, 550, 551, 552, 553, 554, 555, 556, 557, 558, 559, 560, 561, 562, 563, 564, 565, 566 ],
          "attributes": {
            "src": "designs/69/top.sv:22.28-22.216"
          }
        },
        "$ne$designs/69/top.sv:20$55_Y": {
          "hide_name": 1,
          "bits": [ 333, "0", "0", "0", "0", "0", "0", "0", "0", "0", "0", "0", "0", "0", "0", "0", "0", "0", "0", "0", "0", "0", "0", "0", "0", "0", "0", "0", "0", "0", "0" ],
          "attributes": {
            "src": "designs/69/top.sv:20.24-20.121"
          }
        },
        "$not$designs/69/top.sv:18$29_Y": {
          "hide_name": 1,
          "bits": [ 161, 162, 163, 164, 165, 166, 167, 168, 169, 170, 171, 172, 173, 174, 175, 176, 177, 178, 179, 180, 181, 182, 183, 184 ],
          "attributes": {
            "src": "designs/69/top.sv:18.133-18.140"
          }
        },
        "$not$designs/69/top.sv:18$36_Y": {
          "hide_name": 1,
          "bits": [ 567, 661, 662, 663, 664, 665, 666, 667, 668, 669, 670, 671, 672, 673, 674, 675, 676, 677, 678, 679, 680, 681, 682, 683 ],
          "attributes": {
            "src": "designs/69/top.sv:18.194-18.201",
            "unused_bits": "1 2 3 4 5 6 7 8 9 10 11 12 13 14 15 16 17 18 19 20 21 22 23"
          }
        },
        "$or$designs/69/top.sv:16$20_Y": {
          "hide_name": 1,
          "bits": [ 568, 569, 570, 571, 572, 573, 574, 575, 576, "0", "0", "0", "0", "0", "0", "0", "0", "0", "0", "0", "0", "0", "0", "0", "0", "0", "0", "0", "0", "0", "0" ],
          "attributes": {
            "src": "designs/69/top.sv:16.207-16.233"
          }
        },
        "$or$designs/69/top.sv:18$32_Y": {
          "hide_name": 1,
          "bits": [ 504, 505, 506, 507, 508, 509, 510, 511, 512, 513, 514, 515, 516, 517, 518, 519, 520, 521, 522, 523, 524, 525, 526, 527 ],
          "attributes": {
            "src": "designs/69/top.sv:18.62-18.168"
          }
        },
        "$or$designs/69/top.sv:18$37_Y": {
          "hide_name": 1,
          "bits": [ 127, 684, 685, 686, 687, 688, 689, 690, 691, 692, 693, 694, 695, 696, 697, 698, 699, 700, 701, 702, 703, 704, 705, 706 ],
          "attributes": {
            "src": "designs/69/top.sv:18.33-18.202",
            "unused_bits": "1 2 3 4 5 6 7 8 9 10 11 12 13 14 15 16 17 18 19 20 21 22 23"
          }
        },
        "$or$designs/69/top.sv:19$43_Y": {
          "hide_name": 1,
          "bits": [ 368, 369, 370, 371, 372, 373, 374, 375, 376, 593, 594, 595, 596, 597, 598, 599, 600, 601, 602, 603, 604, 605, 606, 607 ],
          "attributes": {
            "src": "designs/69/top.sv:19.54-19.167",
            "unused_bits": "9 10 11 12 13 14 15 16 17 18 19 20 21 22 23"
          }
        },
        "$or$designs/69/top.sv:22$61_Y": {
          "hide_name": 1,
          "bits": [ 386, 387, 388, 389, 390, 391, 392, 628, 629, 630, 631, 632, 633, 634, 635, 636, 637 ],
          "attributes": {
            "src": "designs/69/top.sv:22.62-22.137",
            "unused_bits": "7 8 9 10 11 12 13 14 15 16"
          }
        },
        "$shl$designs/69/top.sv:16$12_Y": {
          "hide_name": 1,
          "bits": [ 437, 438, 439, 440, 441 ],
          "attributes": {
            "src": "designs/69/top.sv:16.75-16.101"
          }
        },
        "$sub$designs/69/top.sv:16$14_Y": {
          "hide_name": 1,
          "bits": [ 268, 269, 270, 271, 272, 273 ],
          "attributes": {
            "src": "designs/69/top.sv:16.63-16.130"
          }
        },
        "$sub$designs/69/top.sv:17$22_Y": {
          "hide_name": 1,
          "bits": [ 608, 609, 610, 611, 612, 707, 708, 709, 710, 711, 712, 713, 714, 715, 716, 717, 718, 719, 720, 721, 722, 723, 724, 725, 726, 727, 728, 729, 730, 731, 732 ],
          "attributes": {
            "src": "designs/69/top.sv:17.23-17.38",
            "unused_bits": "5 6 7 8 9 10 11 12 13 14 15 16 17 18 19 20 21 22 23 24 25 26 27 28 29 30"
          }
        },
        "$sub$designs/69/top.sv:18$30_Y": {
          "hide_name": 1,
          "bits": [ 399, 400, 401, 402, 403, 404, 577, 578, 405, 579, 406, 580, 407, 581, 582, 583, 584, 585, 586, 587, 588, 589, 590, 591 ],
          "attributes": {
            "src": "designs/69/top.sv:18.64-18.141"
          }
        },
        "$sub$designs/69/top.sv:18$34_Y": {
          "hide_name": 1,
          "bits": [ 592, 733, 734, 735, 736, 737, 738, 739, 740, 741, 742, 743, 744, 745, 746, 747, 748, 749, 750, 751, 752, 753, 754, 755 ],
          "attributes": {
            "src": "designs/69/top.sv:18.42-18.188",
            "unused_bits": "1 2 3 4 5 6 7 8 9 10 11 12 13 14 15 16 17 18 19 20 21 22 23"
          }
        },
        "$sub$designs/69/top.sv:19$47_Y": {
          "hide_name": 1,
          "bits": [ 300, 301, 302, 303, 304, 305, 306, 307, 308, 613, 614, 615, 616, 617, 618, 619, 620, 621, 622, 623, 624, 625, 626, 627 ],
          "attributes": {
            "src": "designs/69/top.sv:19.42-19.196",
            "unused_bits": "9 10 11 12 13 14 15 16 17 18 19 20 21 22 23"
          }
        },
        "input_data": {
          "hide_name": 0,
          "bits": [ 2, 3, 4, 5, 6, 7 ],
          "attributes": {
            "src": "designs/69/top.sv:2.17-2.27"
          }
        },
        "output_data": {
          "hide_name": 0,
          "bits": [ 8, 9, 10, 11, 12, 13, 14, 15, 16, 17, 18, 19, 20, 21, 22, 23, 24, 25, 26, 27, 28, 29, 30, 31, 32, 33, 34, 35, 36, 37, 38, 39, 40, 41, 42, 43, 44, 45 ],
          "attributes": {
            "src": "designs/69/top.sv:3.19-3.30"
          }
        },
        "temp_0": {
          "hide_name": 0,
          "bits": [ 52, 53, 54, 55, 56, 57, 58, 59, 60 ],
          "attributes": {
            "src": "designs/69/top.sv:6.17-6.23"
          }
        },
        "temp_1": {
          "hide_name": 0,
          "bits": [ 85, 86, 87, 88, 89, 90, 91, 92, 93, 94, 95, 96, 97, 98, 99, 100, 101, 102, 103, 104, 105, 106, 107, 108 ],
          "attributes": {
            "src": "designs/69/top.sv:7.18-7.24"
          }
        },
        "temp_2": {
          "hide_name": 0,
          "bits": [ 334, 454, 455, 456, 457, 458, 459, 460, 461, 462, 408, 463, 408, 464, 465, 466, 467, 468, 408, 408, 408, 408, 409, 408, "0", "0", 408, "0", 408, "0", 408 ],
          "attributes": {
            "src": "designs/69/top.sv:8.18-8.24"
          }
        },
        "temp_3": {
          "hide_name": 0,
          "bits": [ 128, 276, 277, 278, 279 ],
          "attributes": {
            "src": "designs/69/top.sv:9.17-9.23"
          }
        },
        "temp_4": {
          "hide_name": 0,
          "bits": [ 129 ],
          "attributes": {
            "single_bit_vector": "00000000000000000000000000000001",
            "src": "designs/69/top.sv:10.17-10.23"
          }
        },
        "temp_5": {
          "hide_name": 0,
          "bits": [ 318, 319, 320, 321, 322, 323, 315, 316, 317, "0", "0", "0", "0", "0", "0", "0", "0", "0", "0", "0", "0", "0", "0", "0", "0", "0", "0", "0", "0", "0", "0" ],
          "attributes": {
            "src": "designs/69/top.sv:11.18-11.24"
          }
        },
        "temp_6": {
          "hide_name": 0,
          "bits": [ 345, "0", "0", "0", "0", "0", "0", "0", "0", "0", "0", "0", "0", "0", "0", "0", "0" ],
          "attributes": {
            "src": "designs/69/top.sv:12.18-12.24"
          }
        }
      }
    }
  }
}
