{
  "creator": "Yosys 0.60 (git sha1 5bafeb77dc71e054fa331ab9efa613e6fb0a1c49, clang++ 17.0.0 -fPIC -O3)",
  "modules": {
    "top": {
      "attributes": {
        "top": "00000000000000000000000000000001",
        "src": "designs/110/top.sv:1.1-32.10"
      },
      "ports": {
        "input_data": {
          "direction": "input",
          "bits": [ 2, 3, 4 ]
        },
        "output_data": {
          "direction": "output",
          "bits": [ 5, 6, 7, "0", 8, "0", 9, 10, "0", "0", "0", "0" ]
        }
      },
      "cells": {
        "$add$designs/110/top.sv:18$22": {
          "hide_name": 1,
          "type": "$add",
          "parameters": {
            "A_SIGNED": "00000000000000000000000000000000",
            "A_WIDTH": "00000000000000000000000000000011",
            "B_SIGNED": "00000000000000000000000000000000",
            "B_WIDTH": "00000000000000000000000000000011",
            "Y_WIDTH": "00000000000000000000000000000011"
          },
          "attributes": {
            "src": "designs/110/top.sv:18.49-18.211"
          },
          "port_directions": {
            "A": "input",
            "B": "input",
            "Y": "output"
          },
          "connections": {
            "A": [ 11, "1", "1" ],
            "B": [ 12, "1", "1" ],
            "Y": [ 13, 14, 15 ]
          }
        },
        "$add$designs/110/top.sv:30$49": {
          "hide_name": 1,
          "type": "$add",
          "parameters": {
            "A_SIGNED": "00000000000000000000000000000000",
            "A_WIDTH": "00000000000000000000000000001000",
            "B_SIGNED": "00000000000000000000000000000000",
            "B_WIDTH": "00000000000000000000000000000100",
            "Y_WIDTH": "00000000000000000000000000001000"
          },
          "attributes": {
            "src": "designs/110/top.sv:30.123-30.172"
          },
          "port_directions": {
            "A": "input",
            "B": "input",
            "Y": "output"
          },
          "connections": {
            "A": [ 16, 17, 18, 19, 20, 21, 22, 23 ],
            "B": [ "1", "0", "1", "0" ],
            "Y": [ 24, 25, 26, 27, 28, 29, 30, 31 ]
          }
        },
        "$add$designs/110/top.sv:30$52": {
          "hide_name": 1,
          "type": "$add",
          "parameters": {
            "A_SIGNED": "00000000000000000000000000000000",
            "A_WIDTH": "00000000000000000000000000000101",
            "B_SIGNED": "00000000000000000000000000000000",
            "B_WIDTH": "00000000000000000000000000001100",
            "Y_WIDTH": "00000000000000000000000000001100"
          },
          "attributes": {
            "src": "designs/110/top.sv:30.92-30.210"
          },
          "port_directions": {
            "A": "input",
            "B": "input",
            "Y": "output"
          },
          "connections": {
            "A": [ 27, 28, 29, 30, 31 ],
            "B": [ 32, 33, 34, 35, 36, "0", "0", "0", "0", "0", "0", "0" ],
            "Y": [ 37, 38, 39, 40, 41, 42, 43, 44, 45, 46, 47, 48 ]
          }
        },
        "$and$designs/110/top.sv:17$13": {
          "hide_name": 1,
          "type": "$and",
          "parameters": {
            "A_SIGNED": "00000000000000000000000000000000",
            "A_WIDTH": "00000000000000000000000000000011",
            "B_SIGNED": "00000000000000000000000000000000",
            "B_WIDTH": "00000000000000000000000000000011",
            "Y_WIDTH": "00000000000000000000000000000011"
          },
          "attributes": {
            "src": "designs/110/top.sv:17.31-17.59"
          },
          "port_directions": {
            "A": "input",
            "B": "input",
            "Y": "output"
          },
          "connections": {
            "A": [ 2, 3, 4 ],
            "B": [ 2, 3, 4 ],
            "Y": [ 49, 50, 51 ]
          }
        },
        "$and$designs/110/top.sv:17$14": {
          "hide_name": 1,
          "type": "$and",
          "parameters": {
            "A_SIGNED": "00000000000000000000000000000000",
            "A_WIDTH": "00000000000000000000000000000011",
            "B_SIGNED": "00000000000000000000000000000000",
            "B_WIDTH": "00000000000000000000000000000011",
            "Y_WIDTH": "00000000000000000000000000000011"
          },
          "attributes": {
            "src": "designs/110/top.sv:17.22-17.70"
          },
          "port_directions": {
            "A": "input",
            "B": "input",
            "Y": "output"
          },
          "connections": {
            "A": [ 49, 50, 51 ],
            "B": [ 2, 3, 4 ],
            "Y": [ 52, 53, 54 ]
          }
        },
        "$and$designs/110/top.sv:21$29": {
          "hide_name": 1,
          "type": "$and",
          "parameters": {
            "A_SIGNED": "00000000000000000000000000000000",
            "A_WIDTH": "00000000000000000000000000000011",
            "B_SIGNED": "00000000000000000000000000000000",
            "B_WIDTH": "00000000000000000000000000000011",
            "Y_WIDTH": "00000000000000000000000000000011"
          },
          "attributes": {
            "src": "designs/110/top.sv:21.98-21.134"
          },
          "port_directions": {
            "A": "input",
            "B": "input",
            "Y": "output"
          },
          "connections": {
            "A": [ 55, 56, 57 ],
            "B": [ 2, 3, 4 ],
            "Y": [ 58, 59, 60 ]
          }
        },
        "$auto$opt_expr.cc:250:group_cell_inputs$104": {
          "hide_name": 1,
          "type": "$not",
          "parameters": {
            "A_SIGNED": "00000000000000000000000000000000",
            "A_WIDTH": "00000000000000000000000000000001",
            "Y_WIDTH": "00000000000000000000000000000001"
          },
          "attributes": {
          },
          "port_directions": {
            "A": "input",
            "Y": "output"
          },
          "connections": {
            "A": [ 24 ],
            "Y": [ 61 ]
          }
        },
        "$auto$opt_expr.cc:250:group_cell_inputs$106": {
          "hide_name": 1,
          "type": "$not",
          "parameters": {
            "A_SIGNED": "00000000000000000000000000000000",
            "A_WIDTH": "00000000000000000000000000000001",
            "Y_WIDTH": "00000000000000000000000000000001"
          },
          "attributes": {
          },
          "port_directions": {
            "A": "input",
            "Y": "output"
          },
          "connections": {
            "A": [ 26 ],
            "Y": [ 62 ]
          }
        },
        "$auto$opt_expr.cc:250:group_cell_inputs$140": {
          "hide_name": 1,
          "type": "$not",
          "parameters": {
            "A_SIGNED": "00000000000000000000000000000000",
            "A_WIDTH": "00000000000000000000000000000001",
            "Y_WIDTH": "00000000000000000000000000000001"
          },
          "attributes": {
          },
          "port_directions": {
            "A": "input",
            "Y": "output"
          },
          "connections": {
            "A": [ 14 ],
            "Y": [ 63 ]
          }
        },
        "$auto$opt_expr.cc:250:group_cell_inputs$142": {
          "hide_name": 1,
          "type": "$not",
          "parameters": {
            "A_SIGNED": "00000000000000000000000000000000",
            "A_WIDTH": "00000000000000000000000000000001",
            "Y_WIDTH": "00000000000000000000000000000001"
          },
          "attributes": {
          },
          "port_directions": {
            "A": "input",
            "Y": "output"
          },
          "connections": {
            "A": [ 15 ],
            "Y": [ 64 ]
          }
        },
        "$auto$opt_expr.cc:276:group_cell_inputs$109": {
          "hide_name": 1,
          "type": "$xor",
          "parameters": {
            "A_SIGNED": "00000000000000000000000000000000",
            "A_WIDTH": "00000000000000000000000000000011",
            "B_SIGNED": "00000000000000000000000000000000",
            "B_WIDTH": "00000000000000000000000000000011",
            "Y_WIDTH": "00000000000000000000000000000011"
          },
          "attributes": {
          },
          "port_directions": {
            "A": "input",
            "B": "input",
            "Y": "output"
          },
          "connections": {
            "A": [ 65, 61, 25 ],
            "B": [ 55, 56, 57 ],
            "Y": [ 66, 67, 68 ]
          }
        },
        "$auto$opt_expr.cc:276:group_cell_inputs$118": {
          "hide_name": 1,
          "type": "$and",
          "parameters": {
            "A_SIGNED": "00000000000000000000000000000000",
            "A_WIDTH": "00000000000000000000000000001000",
            "B_SIGNED": "00000000000000000000000000000000",
            "B_WIDTH": "00000000000000000000000000001000",
            "Y_WIDTH": "00000000000000000000000000001000"
          },
          "attributes": {
          },
          "port_directions": {
            "A": "input",
            "B": "input",
            "Y": "output"
          },
          "connections": {
            "A": [ 69, 70, 71, 72, 73, 74, 75, 76 ],
            "B": [ 77, 78, 79, 80, 81, 82, 83, 84 ],
            "Y": [ 85, 86, 87, 88, 89, 90, 91, 92 ]
          }
        },
        "$auto$opt_expr.cc:276:group_cell_inputs$126": {
          "hide_name": 1,
          "type": "$not",
          "parameters": {
            "A_SIGNED": "00000000000000000000000000000000",
            "A_WIDTH": "00000000000000000000000000000001",
            "Y_WIDTH": "00000000000000000000000000000001"
          },
          "attributes": {
          },
          "port_directions": {
            "A": "input",
            "Y": "output"
          },
          "connections": {
            "A": [ 93 ],
            "Y": [ 12 ]
          }
        },
        "$auto$opt_expr.cc:276:group_cell_inputs$130": {
          "hide_name": 1,
          "type": "$xor",
          "parameters": {
            "A_SIGNED": "00000000000000000000000000000000",
            "A_WIDTH": "00000000000000000000000000000001",
            "B_SIGNED": "00000000000000000000000000000000",
            "B_WIDTH": "00000000000000000000000000000001",
            "Y_WIDTH": "00000000000000000000000000000001"
          },
          "attributes": {
          },
          "port_directions": {
            "A": "input",
            "B": "input",
            "Y": "output"
          },
          "connections": {
            "A": [ 94 ],
            "B": [ 95 ],
            "Y": [ 96 ]
          }
        },
        "$auto$opt_expr.cc:276:group_cell_inputs$134": {
          "hide_name": 1,
          "type": "$or",
          "parameters": {
            "A_SIGNED": "00000000000000000000000000000000",
            "A_WIDTH": "00000000000000000000000000000001",
            "B_SIGNED": "00000000000000000000000000000000",
            "B_WIDTH": "00000000000000000000000000000001",
            "Y_WIDTH": "00000000000000000000000000000001"
          },
          "attributes": {
          },
          "port_directions": {
            "A": "input",
            "B": "input",
            "Y": "output"
          },
          "connections": {
            "A": [ 97 ],
            "B": [ 12 ],
            "Y": [ 98 ]
          }
        },
        "$auto$opt_expr.cc:276:group_cell_inputs$138": {
          "hide_name": 1,
          "type": "$xor",
          "parameters": {
            "A_SIGNED": "00000000000000000000000000000000",
            "A_WIDTH": "00000000000000000000000000000001",
            "B_SIGNED": "00000000000000000000000000000000",
            "B_WIDTH": "00000000000000000000000000000001",
            "Y_WIDTH": "00000000000000000000000000000001"
          },
          "attributes": {
          },
          "port_directions": {
            "A": "input",
            "B": "input",
            "Y": "output"
          },
          "connections": {
            "A": [ 13 ],
            "B": [ 12 ],
            "Y": [ 99 ]
          }
        },
        "$auto$opt_expr.cc:276:group_cell_inputs$145": {
          "hide_name": 1,
          "type": "$or",
          "parameters": {
            "A_SIGNED": "00000000000000000000000000000000",
            "A_WIDTH": "00000000000000000000000000000001",
            "B_SIGNED": "00000000000000000000000000000000",
            "B_WIDTH": "00000000000000000000000000000001",
            "Y_WIDTH": "00000000000000000000000000000001"
          },
          "attributes": {
          },
          "port_directions": {
            "A": "input",
            "B": "input",
            "Y": "output"
          },
          "connections": {
            "A": [ 100 ],
            "B": [ 12 ],
            "Y": [ 95 ]
          }
        },
        "$auto$opt_expr.cc:276:group_cell_inputs$155": {
          "hide_name": 1,
          "type": "$xor",
          "parameters": {
            "A_SIGNED": "00000000000000000000000000000000",
            "A_WIDTH": "00000000000000000000000000000001",
            "B_SIGNED": "00000000000000000000000000000000",
            "B_WIDTH": "00000000000000000000000000000001",
            "Y_WIDTH": "00000000000000000000000000000001"
          },
          "attributes": {
          },
          "port_directions": {
            "A": "input",
            "B": "input",
            "Y": "output"
          },
          "connections": {
            "A": [ 96 ],
            "B": [ 55 ],
            "Y": [ 101 ]
          }
        },
        "$auto$opt_expr.cc:276:group_cell_inputs$158": {
          "hide_name": 1,
          "type": "$and",
          "parameters": {
            "A_SIGNED": "00000000000000000000000000000000",
            "A_WIDTH": "00000000000000000000000000000001",
            "B_SIGNED": "00000000000000000000000000000000",
            "B_WIDTH": "00000000000000000000000000000001",
            "Y_WIDTH": "00000000000000000000000000000001"
          },
          "attributes": {
          },
          "port_directions": {
            "A": "input",
            "B": "input",
            "Y": "output"
          },
          "connections": {
            "A": [ 102 ],
            "B": [ 12 ],
            "Y": [ 5 ]
          }
        },
        "$auto$opt_expr.cc:276:group_cell_inputs$161": {
          "hide_name": 1,
          "type": "$or",
          "parameters": {
            "A_SIGNED": "00000000000000000000000000000000",
            "A_WIDTH": "00000000000000000000000000000001",
            "B_SIGNED": "00000000000000000000000000000000",
            "B_WIDTH": "00000000000000000000000000000001",
            "Y_WIDTH": "00000000000000000000000000000001"
          },
          "attributes": {
          },
          "port_directions": {
            "A": "input",
            "B": "input",
            "Y": "output"
          },
          "connections": {
            "A": [ 98 ],
            "B": [ 2 ],
            "Y": [ 103 ]
          }
        },
        "$auto$opt_expr.cc:276:group_cell_inputs$165": {
          "hide_name": 1,
          "type": "$and",
          "parameters": {
            "A_SIGNED": "00000000000000000000000000000000",
            "A_WIDTH": "00000000000000000000000000000010",
            "B_SIGNED": "00000000000000000000000000000000",
            "B_WIDTH": "00000000000000000000000000000010",
            "Y_WIDTH": "00000000000000000000000000000010"
          },
          "attributes": {
          },
          "port_directions": {
            "A": "input",
            "B": "input",
            "Y": "output"
          },
          "connections": {
            "A": [ 104, 105 ],
            "B": [ 106, 107 ],
            "Y": [ 33, 36 ]
          }
        },
        "$auto$opt_expr.cc:276:group_cell_inputs$170": {
          "hide_name": 1,
          "type": "$or",
          "parameters": {
            "A_SIGNED": "00000000000000000000000000000000",
            "A_WIDTH": "00000000000000000000000000000100",
            "B_SIGNED": "00000000000000000000000000000000",
            "B_WIDTH": "00000000000000000000000000000100",
            "Y_WIDTH": "00000000000000000000000000000100"
          },
          "attributes": {
          },
          "port_directions": {
            "A": "input",
            "B": "input",
            "Y": "output"
          },
          "connections": {
            "A": [ 66, 62, 38, 41 ],
            "B": [ 95, 108, 106, 107 ],
            "Y": [ 109, 110, 111, 112 ]
          }
        },
        "$auto$opt_expr.cc:276:group_cell_inputs$174": {
          "hide_name": 1,
          "type": "$or",
          "parameters": {
            "A_SIGNED": "00000000000000000000000000000000",
            "A_WIDTH": "00000000000000000000000000000001",
            "B_SIGNED": "00000000000000000000000000000000",
            "B_WIDTH": "00000000000000000000000000000001",
            "Y_WIDTH": "00000000000000000000000000000001"
          },
          "attributes": {
          },
          "port_directions": {
            "A": "input",
            "B": "input",
            "Y": "output"
          },
          "connections": {
            "A": [ 103 ],
            "B": [ 2 ],
            "Y": [ 113 ]
          }
        },
        "$auto$opt_expr.cc:276:group_cell_inputs$178": {
          "hide_name": 1,
          "type": "$or",
          "parameters": {
            "A_SIGNED": "00000000000000000000000000000000",
            "A_WIDTH": "00000000000000000000000000000001",
            "B_SIGNED": "00000000000000000000000000000000",
            "B_WIDTH": "00000000000000000000000000000001",
            "Y_WIDTH": "00000000000000000000000000000001"
          },
          "attributes": {
          },
          "port_directions": {
            "A": "input",
            "B": "input",
            "Y": "output"
          },
          "connections": {
            "A": [ 109 ],
            "B": [ 52 ],
            "Y": [ 114 ]
          }
        },
        "$auto$opt_expr.cc:276:group_cell_inputs$182": {
          "hide_name": 1,
          "type": "$or",
          "parameters": {
            "A_SIGNED": "00000000000000000000000000000000",
            "A_WIDTH": "00000000000000000000000000000001",
            "B_SIGNED": "00000000000000000000000000000000",
            "B_WIDTH": "00000000000000000000000000000001",
            "Y_WIDTH": "00000000000000000000000000000001"
          },
          "attributes": {
          },
          "port_directions": {
            "A": "input",
            "B": "input",
            "Y": "output"
          },
          "connections": {
            "A": [ 113 ],
            "B": [ 2 ],
            "Y": [ 11 ]
          }
        },
        "$auto$opt_expr.cc:276:group_cell_inputs$78": {
          "hide_name": 1,
          "type": "$and",
          "parameters": {
            "A_SIGNED": "00000000000000000000000000000000",
            "A_WIDTH": "00000000000000000000000000000011",
            "B_SIGNED": "00000000000000000000000000000000",
            "B_WIDTH": "00000000000000000000000000000011",
            "Y_WIDTH": "00000000000000000000000000000011"
          },
          "attributes": {
          },
          "port_directions": {
            "A": "input",
            "B": "input",
            "Y": "output"
          },
          "connections": {
            "A": [ 115, 116, 117 ],
            "B": [ 55, 56, 57 ],
            "Y": [ 118, 119, 120 ]
          }
        },
        "$auto$opt_expr.cc:276:group_cell_inputs$82": {
          "hide_name": 1,
          "type": "$xor",
          "parameters": {
            "A_SIGNED": "00000000000000000000000000000000",
            "A_WIDTH": "00000000000000000000000000000011",
            "B_SIGNED": "00000000000000000000000000000000",
            "B_WIDTH": "00000000000000000000000000000011",
            "Y_WIDTH": "00000000000000000000000000000011"
          },
          "attributes": {
          },
          "port_directions": {
            "A": "input",
            "B": "input",
            "Y": "output"
          },
          "connections": {
            "A": [ 118, 119, 120 ],
            "B": [ 2, 3, 4 ],
            "Y": [ 121, 122, 123 ]
          }
        },
        "$auto$opt_expr.cc:276:group_cell_inputs$96": {
          "hide_name": 1,
          "type": "$xor",
          "parameters": {
            "A_SIGNED": "00000000000000000000000000000000",
            "A_WIDTH": "00000000000000000000000000000001",
            "B_SIGNED": "00000000000000000000000000000000",
            "B_WIDTH": "00000000000000000000000000000001",
            "Y_WIDTH": "00000000000000000000000000000001"
          },
          "attributes": {
          },
          "port_directions": {
            "A": "input",
            "B": "input",
            "Y": "output"
          },
          "connections": {
            "A": [ 107 ],
            "B": [ 95 ],
            "Y": [ 94 ]
          }
        },
        "$ge$designs/110/top.sv:16$11": {
          "hide_name": 1,
          "type": "$ge",
          "parameters": {
            "A_SIGNED": "00000000000000000000000000000000",
            "A_WIDTH": "00000000000000000000000000010110",
            "B_SIGNED": "00000000000000000000000000000000",
            "B_WIDTH": "00000000000000000000000000000011",
            "Y_WIDTH": "00000000000000000000000000000001"
          },
          "attributes": {
            "src": "designs/110/top.sv:16.33-16.296"
          },
          "port_directions": {
            "A": "input",
            "B": "input",
            "Y": "output"
          },
          "connections": {
            "A": [ 124, 125, 126, 127, 128, 128, 128, 128, 128, 128, 128, 128, 128, 128, 128, 128, 128, 128, 128, 128, 128, 128 ],
            "B": [ 2, 3, 4 ],
            "Y": [ 93 ]
          }
        },
        "$mul$designs/110/top.sv:18$17": {
          "hide_name": 1,
          "type": "$mul",
          "parameters": {
            "A_SIGNED": "00000000000000000000000000000000",
            "A_WIDTH": "00000000000000000000000000000011",
            "B_SIGNED": "00000000000000000000000000000000",
            "B_WIDTH": "00000000000000000000000000001000",
            "Y_WIDTH": "00000000000000000000000000000011"
          },
          "attributes": {
            "src": "designs/110/top.sv:18.96-18.144"
          },
          "port_directions": {
            "A": "input",
            "B": "input",
            "Y": "output"
          },
          "connections": {
            "A": [ 2, 3, 4 ],
            "B": [ 12, "1", "1", "0", "1", "0", "1", "1" ],
            "Y": [ 97, 129, 130 ]
          }
        },
        "$mul$designs/110/top.sv:21$31": {
          "hide_name": 1,
          "type": "$mul",
          "parameters": {
            "A_SIGNED": "00000000000000000000000000000000",
            "A_WIDTH": "00000000000000000000000000011001",
            "B_SIGNED": "00000000000000000000000000000000",
            "B_WIDTH": "00000000000000000000000000000011",
            "Y_WIDTH": "00000000000000000000000000001001"
          },
          "attributes": {
            "src": "designs/110/top.sv:21.78-21.166"
          },
          "port_directions": {
            "A": "input",
            "B": "input",
            "Y": "output"
          },
          "connections": {
            "A": [ 131, 132, 133, 134, 134, 134, 134, 134, 134, 134, 134, 134, 134, 134, 134, 134, 134, 134, 134, 134, 134, 134, 134, 134, 134 ],
            "B": [ 2, 3, 4 ],
            "Y": [ 135, 136, 137, 138, 139, 140, 141, 142, 143 ]
          }
        },
        "$mul$designs/110/top.sv:24$39": {
          "hide_name": 1,
          "type": "$mul",
          "parameters": {
            "A_SIGNED": "00000000000000000000000000000000",
            "A_WIDTH": "00000000000000000000000000001100",
            "B_SIGNED": "00000000000000000000000000000000",
            "B_WIDTH": "00000000000000000000000000000011",
            "Y_WIDTH": "00000000000000000000000000001100"
          },
          "attributes": {
            "src": "designs/110/top.sv:24.28-24.95"
          },
          "port_directions": {
            "A": "input",
            "B": "input",
            "Y": "output"
          },
          "connections": {
            "A": [ "1", "0", "0", "0", "0", "1", "1", "0", "0", "0", "1", "0" ],
            "B": [ 55, 56, 57 ],
            "Y": [ 32, 104, 34, 35, 105, 144, 145, 146, 147, 148, 149, 150 ]
          }
        },
        "$mul$designs/110/top.sv:27$45": {
          "hide_name": 1,
          "type": "$mul",
          "parameters": {
            "A_SIGNED": "00000000000000000000000000000000",
            "A_WIDTH": "00000000000000000000000000010111",
            "B_SIGNED": "00000000000000000000000000000000",
            "B_WIDTH": "00000000000000000000000000001100",
            "Y_WIDTH": "00000000000000000000000000010011"
          },
          "attributes": {
            "src": "designs/110/top.sv:27.39-27.151"
          },
          "port_directions": {
            "A": "input",
            "B": "input",
            "Y": "output"
          },
          "connections": {
            "A": [ 151, 152, 153, 154, 155, 156, 157, 158, 159, 160, 160, 160, 160, 160, 160, 160, 160, 160, 160, 160, 160, 160, 160 ],
            "B": [ 32, 33, 34, 35, 36, "0", "0", "0", "0", "0", "0", "0" ],
            "Y": [ 161, 162, 163, 164, 165, 166, 167, 168, 169, 170, 171, 172, 173, 174, 175, 176, 177, 178, 179 ]
          }
        },
        "$mul$designs/110/top.sv:27$46": {
          "hide_name": 1,
          "type": "$mul",
          "parameters": {
            "A_SIGNED": "00000000000000000000000000000000",
            "A_WIDTH": "00000000000000000000000000010011",
            "B_SIGNED": "00000000000000000000000000000000",
            "B_WIDTH": "00000000000000000000000000000011",
            "Y_WIDTH": "00000000000000000000000000001010"
          },
          "attributes": {
            "src": "designs/110/top.sv:27.28-27.162"
          },
          "port_directions": {
            "A": "input",
            "B": "input",
            "Y": "output"
          },
          "connections": {
            "A": [ 161, 162, 163, 164, 165, 166, 167, 168, 169, 170, 171, 172, 173, 174, 175, 176, 177, 178, 179 ],
            "B": [ 2, 3, 4 ],
            "Y": [ 180, 181, 182, 183, 184, 185, 186, 187, 188, 189 ]
          }
        },
        "$mul$designs/110/top.sv:30$55": {
          "hide_name": 1,
          "type": "$mul",
          "parameters": {
            "A_SIGNED": "00000000000000000000000000000000",
            "A_WIDTH": "00000000000000000000000000010000",
            "B_SIGNED": "00000000000000000000000000000000",
            "B_WIDTH": "00000000000000000000000000000011",
            "Y_WIDTH": "00000000000000000000000000001100"
          },
          "attributes": {
            "src": "designs/110/top.sv:30.61-30.243"
          },
          "port_directions": {
            "A": "input",
            "B": "input",
            "Y": "output"
          },
          "connections": {
            "A": [ 114, "1", "1", 110, "1", 111, "1", "1", 112, 42, 43, 44, 45, 46, 47, 48 ],
            "B": [ 52, 53, 54 ],
            "Y": [ 69, 70, 71, 72, 190, 191, 192, 193, 194, 195, 196, 197 ]
          }
        },
        "$or$designs/110/top.sv:18$24": {
          "hide_name": 1,
          "type": "$or",
          "parameters": {
            "A_SIGNED": "00000000000000000000000000000000",
            "A_WIDTH": "00000000000000000000000000000011",
            "B_SIGNED": "00000000000000000000000000000000",
            "B_WIDTH": "00000000000000000000000000000011",
            "Y_WIDTH": "00000000000000000000000000000011"
          },
          "attributes": {
            "src": "designs/110/top.sv:18.31-18.233"
          },
          "port_directions": {
            "A": "input",
            "B": "input",
            "Y": "output"
          },
          "connections": {
            "A": [ 99, 63, 64 ],
            "B": [ 2, 3, 4 ],
            "Y": [ 198, 199, 200 ]
          }
        },
        "$reduce_bool$designs/110/top.sv:18$25": {
          "hide_name": 1,
          "type": "$reduce_bool",
          "parameters": {
            "A_SIGNED": "00000000000000000000000000000000",
            "A_WIDTH": "00000000000000000000000000000011",
            "Y_WIDTH": "00000000000000000000000000000001"
          },
          "attributes": {
            "src": "designs/110/top.sv:18.21-18.249"
          },
          "port_directions": {
            "A": "input",
            "Y": "output"
          },
          "connections": {
            "A": [ 52, 53, 54 ],
            "Y": [ 201 ]
          }
        },
        "$sub$designs/110/top.sv:16$10": {
          "hide_name": 1,
          "type": "$sub",
          "parameters": {
            "A_SIGNED": "00000000000000000000000000000000",
            "A_WIDTH": "00000000000000000000000000000100",
            "B_SIGNED": "00000000000000000000000000000000",
            "B_WIDTH": "00000000000000000000000000000011",
            "Y_WIDTH": "00000000000000000000000000000101"
          },
          "attributes": {
            "src": "designs/110/top.sv:16.42-16.284"
          },
          "port_directions": {
            "A": "input",
            "B": "input",
            "Y": "output"
          },
          "connections": {
            "A": [ "0", "0", "0", "0" ],
            "B": [ 2, 3, 4 ],
            "Y": [ 124, 125, 126, 127, 128 ]
          }
        },
        "$sub$designs/110/top.sv:21$30": {
          "hide_name": 1,
          "type": "$sub",
          "parameters": {
            "A_SIGNED": "00000000000000000000000000000000",
            "A_WIDTH": "00000000000000000000000000000011",
            "B_SIGNED": "00000000000000000000000000000000",
            "B_WIDTH": "00000000000000000000000000000011",
            "Y_WIDTH": "00000000000000000000000000000100"
          },
          "attributes": {
            "src": "designs/110/top.sv:21.89-21.151"
          },
          "port_directions": {
            "A": "input",
            "B": "input",
            "Y": "output"
          },
          "connections": {
            "A": [ 58, 59, 60 ],
            "B": [ 2, 3, 4 ],
            "Y": [ 131, 132, 133, 134 ]
          }
        },
        "$sub$designs/110/top.sv:21$32": {
          "hide_name": 1,
          "type": "$sub",
          "parameters": {
            "A_SIGNED": "00000000000000000000000000000000",
            "A_WIDTH": "00000000000000000000000000001001",
            "B_SIGNED": "00000000000000000000000000000000",
            "B_WIDTH": "00000000000000000000000000000011",
            "Y_WIDTH": "00000000000000000000000000001001"
          },
          "attributes": {
            "src": "designs/110/top.sv:21.69-21.181"
          },
          "port_directions": {
            "A": "input",
            "B": "input",
            "Y": "output"
          },
          "connections": {
            "A": [ 135, 136, 137, 138, 139, 140, 141, 142, 143 ],
            "B": [ 2, 3, 4 ],
            "Y": [ 115, 116, 117, 202, 203, 204, 205, 206, 207 ]
          }
        },
        "$sub$designs/110/top.sv:21$35": {
          "hide_name": 1,
          "type": "$sub",
          "parameters": {
            "A_SIGNED": "00000000000000000000000000000000",
            "A_WIDTH": "00000000000000000000000000001001",
            "B_SIGNED": "00000000000000000000000000000000",
            "B_WIDTH": "00000000000000000000000000000011",
            "Y_WIDTH": "00000000000000000000000000001001"
          },
          "attributes": {
            "src": "designs/110/top.sv:21.36-21.218"
          },
          "port_directions": {
            "A": "input",
            "B": "input",
            "Y": "output"
          },
          "connections": {
            "A": [ 121, 122, 123, "0", "0", "0", "0", "0", "0" ],
            "B": [ 55, 56, 57 ],
            "Y": [ 100, 208, 209, 108, 210, 106, 211, 212, 107 ]
          }
        },
        "$sub$designs/110/top.sv:27$44": {
          "hide_name": 1,
          "type": "$sub",
          "parameters": {
            "A_SIGNED": "00000000000000000000000000000000",
            "A_WIDTH": "00000000000000000000000000001001",
            "B_SIGNED": "00000000000000000000000000000000",
            "B_WIDTH": "00000000000000000000000000000011",
            "Y_WIDTH": "00000000000000000000000000001010"
          },
          "attributes": {
            "src": "designs/110/top.sv:27.50-27.140"
          },
          "port_directions": {
            "A": "input",
            "B": "input",
            "Y": "output"
          },
          "connections": {
            "A": [ 101, 56, 57, "0", "0", "0", "0", "0", "0" ],
            "B": [ 2, 3, 4 ],
            "Y": [ 151, 152, 153, 154, 155, 156, 157, 158, 159, 160 ]
          }
        },
        "$sub$designs/110/top.sv:27$47": {
          "hide_name": 1,
          "type": "$sub",
          "parameters": {
            "A_SIGNED": "00000000000000000000000000000000",
            "A_WIDTH": "00000000000000000000000000001010",
            "B_SIGNED": "00000000000000000000000000000000",
            "B_WIDTH": "00000000000000000000000000000001",
            "Y_WIDTH": "00000000000000000000000000001010"
          },
          "attributes": {
            "src": "designs/110/top.sv:27.27-27.177"
          },
          "port_directions": {
            "A": "input",
            "B": "input",
            "Y": "output"
          },
          "connections": {
            "A": [ 180, 181, 182, 183, 184, 185, 186, 187, 188, 189 ],
            "B": [ 32 ],
            "Y": [ 213, 214, 77, 78, 79, 80, 81, 82, 83, 84 ]
          }
        },
        "$sub$designs/110/top.sv:30$48": {
          "hide_name": 1,
          "type": "$sub",
          "parameters": {
            "A_SIGNED": "00000000000000000000000000000000",
            "A_WIDTH": "00000000000000000000000000001000",
            "B_SIGNED": "00000000000000000000000000000000",
            "B_WIDTH": "00000000000000000000000000001001",
            "Y_WIDTH": "00000000000000000000000000001001"
          },
          "attributes": {
            "src": "designs/110/top.sv:30.132-30.156"
          },
          "port_directions": {
            "A": "input",
            "B": "input",
            "Y": "output"
          },
          "connections": {
            "A": [ 12, "1", "1", "0", "1", "0", "1", "1" ],
            "B": [ 95, "1", "1", 108, "1", 106, "1", "1", 107 ],
            "Y": [ 65, 16, 17, 18, 19, 20, 21, 22, 23 ]
          }
        },
        "$sub$designs/110/top.sv:30$56": {
          "hide_name": 1,
          "type": "$sub",
          "parameters": {
            "A_SIGNED": "00000000000000000000000000000000",
            "A_WIDTH": "00000000000000000000000000001000",
            "B_SIGNED": "00000000000000000000000000000000",
            "B_WIDTH": "00000000000000000000000000001000",
            "Y_WIDTH": "00000000000000000000000000001000"
          },
          "attributes": {
            "src": "designs/110/top.sv:30.50-30.254"
          },
          "port_directions": {
            "A": "input",
            "B": "input",
            "Y": "output"
          },
          "connections": {
            "A": [ 190, 191, 192, 193, 194, 195, 196, 197 ],
            "B": [ 32, 33, 34, 35, 36, "0", "0", "0" ],
            "Y": [ 73, 74, 75, 76, 215, 216, 217, 218 ]
          }
        },
        "$sub$designs/110/top.sv:30$58": {
          "hide_name": 1,
          "type": "$sub",
          "parameters": {
            "A_SIGNED": "00000000000000000000000000000000",
            "A_WIDTH": "00000000000000000000000000001100",
            "B_SIGNED": "00000000000000000000000000000000",
            "B_WIDTH": "00000000000000000000000000000011",
            "Y_WIDTH": "00000000000000000000000000001100"
          },
          "attributes": {
            "src": "designs/110/top.sv:30.28-30.282"
          },
          "port_directions": {
            "A": "input",
            "B": "input",
            "Y": "output"
          },
          "connections": {
            "A": [ 85, 86, 87, 88, 89, 90, 91, 92, "0", "0", "0", "0" ],
            "B": [ 2, 3, 4 ],
            "Y": [ 102, 6, 7, 219, 8, 220, 9, 10, 221, 222, 223, 224 ]
          }
        },
        "$ternary$designs/110/top.sv:18$27": {
          "hide_name": 1,
          "type": "$mux",
          "parameters": {
            "WIDTH": "00000000000000000000000000000011"
          },
          "attributes": {
            "src": "designs/110/top.sv:18.21-18.249"
          },
          "port_directions": {
            "A": "input",
            "B": "input",
            "S": "input",
            "Y": "output"
          },
          "connections": {
            "A": [ "0", "0", "0" ],
            "B": [ 198, 199, 200 ],
            "S": [ 201 ],
            "Y": [ 55, 56, 57 ]
          }
        }
      },
      "netnames": {
        "$add$designs/110/top.sv:18$22_Y": {
          "hide_name": 1,
          "bits": [ 13, 14, 15, 225, 226, 227, 228, 229, 230, 231, 232, 233, "0", "0", "0", "0", "0", "0", "0", "0", "0", "0", "0", "0", "0" ],
          "attributes": {
            "src": "designs/110/top.sv:18.49-18.211",
            "unused_bits": "3 4 5 6 7 8 9 10 11"
          }
        },
        "$add$designs/110/top.sv:30$49_Y": {
          "hide_name": 1,
          "bits": [ 65, 24, 25, 26, 27, 28, 29, 30, 31 ],
          "attributes": {
            "src": "designs/110/top.sv:30.123-30.172"
          }
        },
        "$add$designs/110/top.sv:30$52_Y": {
          "hide_name": 1,
          "bits": [ 66, 67, 68, 62, 37, 38, 39, 40, 41, 42, 43, 44, 45, 46, 47, 48 ],
          "attributes": {
            "src": "designs/110/top.sv:30.92-30.210",
            "unused_bits": "1 2 4 6 7"
          }
        },
        "$and$designs/110/top.sv:17$13_Y": {
          "hide_name": 1,
          "bits": [ 49, 50, 51, "0", "0", "0", "0", "0", "0", "0", "0", "0", "0", "0", "0", "0", "0", "0", "0", "0", "0", "0", "0", "0", "0" ],
          "attributes": {
            "src": "designs/110/top.sv:17.31-17.59"
          }
        },
        "$and$designs/110/top.sv:21$29_Y": {
          "hide_name": 1,
          "bits": [ 58, 59, 60, "0", "0", "0", "0", "0", "0" ],
          "attributes": {
            "src": "designs/110/top.sv:21.98-21.134"
          }
        },
        "$and$designs/110/top.sv:21$33_Y": {
          "hide_name": 1,
          "bits": [ 118, 119, 120, "0", "0", "0", "0", "0", "0", 234, 235, 236, 237, 238, 239, 240, 241, 242, 243, 244, 245, 246, 247, 248, 249 ],
          "attributes": {
            "src": "designs/110/top.sv:21.58-21.192",
            "unused_bits": "9 10 11 12 13 14 15 16 17 18 19 20 21 22 23 24"
          }
        },
        "$and$designs/110/top.sv:30$57_Y": {
          "hide_name": 1,
          "bits": [ 85, 86, 87, 88, 89, 90, 91, 92, "0", "0", "0", "0", 250, 251, 252, 253 ],
          "attributes": {
            "src": "designs/110/top.sv:30.39-30.271",
            "unused_bits": "12 13 14 15"
          }
        },
        "$auto$opt_expr.cc:205:group_cell_inputs$103": {
          "hide_name": 1,
          "bits": [ 25, 27, 28, 29, 30, 31, 61, 62 ],
          "attributes": {
          }
        },
        "$auto$opt_expr.cc:205:group_cell_inputs$111": {
          "hide_name": 1,
          "bits": [ 109, "1", "1", 110, "1", 111, "1", "1", 112 ],
          "attributes": {
          }
        },
        "$auto$opt_expr.cc:205:group_cell_inputs$114": {
          "hide_name": 1,
          "bits": [ 114, "1", "1" ],
          "attributes": {
          }
        },
        "$auto$opt_expr.cc:205:group_cell_inputs$129": {
          "hide_name": 1,
          "bits": [ 96 ],
          "attributes": {
          }
        },
        "$auto$opt_expr.cc:205:group_cell_inputs$133": {
          "hide_name": 1,
          "bits": [ 98 ],
          "attributes": {
          }
        },
        "$auto$opt_expr.cc:205:group_cell_inputs$137": {
          "hide_name": 1,
          "bits": [ 99 ],
          "attributes": {
          }
        },
        "$auto$opt_expr.cc:205:group_cell_inputs$139": {
          "hide_name": 1,
          "bits": [ 63, 64 ],
          "attributes": {
          }
        },
        "$auto$opt_expr.cc:205:group_cell_inputs$154": {
          "hide_name": 1,
          "bits": [ 101 ],
          "attributes": {
          }
        },
        "$auto$opt_expr.cc:205:group_cell_inputs$160": {
          "hide_name": 1,
          "bits": [ 103 ],
          "attributes": {
          }
        },
        "$auto$opt_expr.cc:205:group_cell_inputs$173": {
          "hide_name": 1,
          "bits": [ 113 ],
          "attributes": {
          }
        },
        "$auto$opt_expr.cc:205:group_cell_inputs$181": {
          "hide_name": 1,
          "bits": [ 11 ],
          "attributes": {
          }
        },
        "$auto$opt_expr.cc:205:group_cell_inputs$81": {
          "hide_name": 1,
          "bits": [ 121, 122, 123 ],
          "attributes": {
          }
        },
        "$auto$opt_expr.cc:205:group_cell_inputs$95": {
          "hide_name": 1,
          "bits": [ 94 ],
          "attributes": {
          }
        },
        "$auto$wreduce.cc:514:run$60": {
          "hide_name": 1,
          "bits": [ 102, 6, 7, 219, 8, 220, 9, 10, 221, 222, 223, 224, 254, 255, 256, 257, 258, 258, 258, 258, 258, 258, 258, 258, 258 ],
          "attributes": {
            "src": "designs/110/top.sv:30.28-30.282",
            "unused_bits": "3 5 8 9 10 11 12 13 14 15 16 17 18 19 20 21 22 23 24"
          }
        },
        "$auto$wreduce.cc:514:run$61": {
          "hide_name": 1,
          "bits": [ 69, 70, 71, 72, 73, 74, 75, 76, 215, 216, 217, 218, 259, 260, 261, 262 ],
          "attributes": {
            "src": "designs/110/top.sv:30.50-30.254",
            "unused_bits": "8 9 10 11 12 13 14 15"
          }
        },
        "$ge$designs/110/top.sv:16$11_Y": {
          "hide_name": 1,
          "bits": [ 93 ],
          "attributes": {
            "src": "designs/110/top.sv:16.33-16.296"
          }
        },
        "$mul$designs/110/top.sv:18$17_Y": {
          "hide_name": 1,
          "bits": [ 97, 129, 130, 263, 264, 265, 266, 267, 268, 269, 270, "0", "0", "0", "0", "0", "0", "0", "0", "0", "0", "0", "0", "0", "0" ],
          "attributes": {
            "src": "designs/110/top.sv:18.96-18.144",
            "unused_bits": "1 2 3 4 5 6 7 8 9 10"
          }
        },
        "$mul$designs/110/top.sv:21$31_Y": {
          "hide_name": 1,
          "bits": [ 135, 136, 137, 138, 139, 140, 141, 142, 143, 271, 272, 273, 274, 275, 276, 277, 278, 279, 280, 281, 282, 283, 284, 285, 286 ],
          "attributes": {
            "src": "designs/110/top.sv:21.78-21.166",
            "unused_bits": "9 10 11 12 13 14 15 16 17 18 19 20 21 22 23 24"
          }
        },
        "$mul$designs/110/top.sv:24$39_Y": {
          "hide_name": 1,
          "bits": [ "0", "0", "0", "0", 32, 104, 34, 35, 105, 144, 145, 146, 147, 148, 149, 150, 287, 288, 289 ],
          "attributes": {
            "src": "designs/110/top.sv:24.28-24.95",
            "unused_bits": "9 10 11 12 13 14 15 16 17 18"
          }
        },
        "$mul$designs/110/top.sv:27$45_Y": {
          "hide_name": 1,
          "bits": [ "0", "0", "0", "0", 161, 162, 163, 164, 165, 166, 167, 168, 169, 170, 171, 172, 173, 174, 175, 176, 177, 178, 179 ],
          "attributes": {
            "src": "designs/110/top.sv:27.39-27.151"
          }
        },
        "$mul$designs/110/top.sv:27$46_Y": {
          "hide_name": 1,
          "bits": [ "0", "0", "0", "0", 180, 181, 182, 183, 184, 185, 186, 187, 188, 189, 290, 291, 292, 293, 294, 295, 296, 297, 298, 299, 300, 301, "0" ],
          "attributes": {
            "src": "designs/110/top.sv:27.28-27.162",
            "unused_bits": "14 15 16 17 18 19 20 21 22 23 24 25"
          }
        },
        "$mul$designs/110/top.sv:30$55_Y": {
          "hide_name": 1,
          "bits": [ 69, 70, 71, 72, 190, 191, 192, 193, 194, 195, 196, 197, 302, 303, 304, 305 ],
          "attributes": {
            "src": "designs/110/top.sv:30.61-30.243",
            "unused_bits": "12 13 14 15"
          }
        },
        "$or$designs/110/top.sv:18$24_Y": {
          "hide_name": 1,
          "bits": [ 198, 199, 200, 306, 307, 308, 309, 310, 311, 312, 313, 314, "0", "0", "0", "0", "0", "0", "0", "0", "0", "0", "0", "0", "0" ],
          "attributes": {
            "src": "designs/110/top.sv:18.31-18.233",
            "unused_bits": "3 4 5 6 7 8 9 10 11"
          }
        },
        "$reduce_bool$designs/110/top.sv:18$25_Y": {
          "hide_name": 1,
          "bits": [ 201 ],
          "attributes": {
            "src": "designs/110/top.sv:18.21-18.249"
          }
        },
        "$sub$designs/110/top.sv:16$10_Y": {
          "hide_name": 1,
          "bits": [ 124, 125, 126, 127, 128, 128, 128, 128, 128, 128, 128, 128, 128, 128, 128, 128, 128, 128, 128, 128, 128, 128 ],
          "attributes": {
            "src": "designs/110/top.sv:16.42-16.284"
          }
        },
        "$sub$designs/110/top.sv:21$30_Y": {
          "hide_name": 1,
          "bits": [ 131, 132, 133, 134, 134, 134, 134, 134, 134, 134, 134, 134, 134, 134, 134, 134, 134, 134, 134, 134, 134, 134, 134, 134, 134 ],
          "attributes": {
            "src": "designs/110/top.sv:21.89-21.151"
          }
        },
        "$sub$designs/110/top.sv:21$32_Y": {
          "hide_name": 1,
          "bits": [ 115, 116, 117, 202, 203, 204, 205, 206, 207, 315, 316, 317, 318, 319, 320, 321, 322, 323, 324, 325, 326, 327, 328, 329, 330 ],
          "attributes": {
            "src": "designs/110/top.sv:21.69-21.181",
            "unused_bits": "3 4 5 6 7 8 9 10 11 12 13 14 15 16 17 18 19 20 21 22 23 24"
          }
        },
        "$sub$designs/110/top.sv:21$35_Y": {
          "hide_name": 1,
          "bits": [ 100, 208, 209, 108, 210, 106, 211, 212, 107, 331, 332, 333, 334, 335, 336, 337, 338, 339, 340, 341, 342, 343, 344, 345, 346 ],
          "attributes": {
            "src": "designs/110/top.sv:21.36-21.218",
            "unused_bits": "1 2 4 6 7 9 10 11 12 13 14 15 16 17 18 19 20 21 22 23 24"
          }
        },
        "$sub$designs/110/top.sv:27$44_Y": {
          "hide_name": 1,
          "bits": [ 151, 152, 153, 154, 155, 156, 157, 158, 159, 160, 160, 160, 160, 160, 160, 160, 160, 160, 160, 160, 160, 160, 160 ],
          "attributes": {
            "src": "designs/110/top.sv:27.50-27.140"
          }
        },
        "$sub$designs/110/top.sv:30$48_Y": {
          "hide_name": 1,
          "bits": [ 65, 16, 17, 18, 19, 20, 21, 22, 23 ],
          "attributes": {
            "src": "designs/110/top.sv:30.132-30.156"
          }
        },
        "expr_243915": {
          "hide_name": 0,
          "bits": [ "0", "0", "0", "0", 32, 33, 34, 35, 36, "0", "0", "0", "0", "0", "0", "0", "x", "x", "x" ],
          "attributes": {
            "src": "designs/110/top.sv:23.18-23.29"
          }
        },
        "expr_535798": {
          "hide_name": 0,
          "bits": [ "0", "0", "0", "0", 213, 214, 77, 78, 79, 80, 81, 82, 83, 84 ],
          "attributes": {
            "unused_bits": "4 5"
          }
        },
        "expr_911152": {
          "hide_name": 0,
          "bits": [ 95, "1", "1", 108, "1", 106, "1", "1", 107 ],
          "attributes": {
          }
        },
        "input_data": {
          "hide_name": 0,
          "bits": [ 2, 3, 4 ],
          "attributes": {
            "src": "designs/110/top.sv:2.17-2.27"
          }
        },
        "output_data": {
          "hide_name": 0,
          "bits": [ 5, 6, 7, "0", 8, "0", 9, 10, "0", "0", "0", "0" ],
          "attributes": {
            "src": "designs/110/top.sv:3.19-3.30"
          }
        },
        "temp_1": {
          "hide_name": 0,
          "bits": [ 12, "1", "1", "0", "1", "0", "1", "1", "0" ],
          "attributes": {
            "src": "designs/110/top.sv:7.17-7.23"
          }
        },
        "temp_2": {
          "hide_name": 0,
          "bits": [ 52, 53, 54, "0", "0", "0", "0", "0", "0", "0", "0", "0", "0" ],
          "attributes": {
            "src": "designs/110/top.sv:8.18-8.24"
          }
        },
        "temp_3": {
          "hide_name": 0,
          "bits": [ 55, 56, 57 ],
          "attributes": {
            "src": "designs/110/top.sv:9.17-9.23"
          }
        }
      }
    }
  }
}
