{
  "creator": "Yosys 0.60 (git sha1 5bafeb77dc71e054fa331ab9efa613e6fb0a1c49, clang++ 17.0.0 -fPIC -O3)",
  "modules": {
    "top": {
      "attributes": {
        "top": "00000000000000000000000000000001",
        "src": "designs/35/top.sv:1.1-34.10"
      },
      "ports": {
        "input_data": {
          "direction": "input",
          "bits": [ 2, 3, 4, 5, 6, 7, 8, 9 ]
        },
        "output_data": {
          "direction": "output",
          "bits": [ 10, 11, 12, 13, 14 ]
        }
      },
      "cells": {
        "$add$designs/35/top.sv:20$10": {
          "hide_name": 1,
          "type": "$add",
          "parameters": {
            "A_SIGNED": "00000000000000000000000000000000",
            "A_WIDTH": "00000000000000000000000000001000",
            "B_SIGNED": "00000000000000000000000000000000",
            "B_WIDTH": "00000000000000000000000000000101",
            "Y_WIDTH": "00000000000000000000000000001001"
          },
          "attributes": {
            "src": "designs/35/top.sv:20.53-20.121"
          },
          "port_directions": {
            "A": "input",
            "B": "input",
            "Y": "output"
          },
          "connections": {
            "A": [ 15, 16, 17, 18, 19, 20, 21, 22 ],
            "B": [ 2, 3, 4, 5, 6 ],
            "Y": [ 23, 24, 25, 26, 27, 28, 29, 30, 31 ]
          }
        },
        "$add$designs/35/top.sv:20$17": {
          "hide_name": 1,
          "type": "$add",
          "parameters": {
            "A_SIGNED": "00000000000000000000000000000000",
            "A_WIDTH": "00000000000000000000000000000101",
            "B_SIGNED": "00000000000000000000000000000000",
            "B_WIDTH": "00000000000000000000000000000100",
            "Y_WIDTH": "00000000000000000000000000000101"
          },
          "attributes": {
            "src": "designs/35/top.sv:20.22-20.201"
          },
          "port_directions": {
            "A": "input",
            "B": "input",
            "Y": "output"
          },
          "connections": {
            "A": [ 32, 33, 34, 35, 36 ],
            "B": [ 37, 38, 39, 40 ],
            "Y": [ 41, 42, 43, 44, 45 ]
          }
        },
        "$add$designs/35/top.sv:21$25": {
          "hide_name": 1,
          "type": "$add",
          "parameters": {
            "A_SIGNED": "00000000000000000000000000000000",
            "A_WIDTH": "00000000000000000000000000000111",
            "B_SIGNED": "00000000000000000000000000000000",
            "B_WIDTH": "00000000000000000000000000000111",
            "Y_WIDTH": "00000000000000000000000000000111"
          },
          "attributes": {
            "src": "designs/35/top.sv:21.45-21.205"
          },
          "port_directions": {
            "A": "input",
            "B": "input",
            "Y": "output"
          },
          "connections": {
            "A": [ 46, 47, 48, 49, 50, 51, 52 ],
            "B": [ 2, 3, 4, 5, 6, 7, 8 ],
            "Y": [ 53, 54, 55, 56, 57, 58, 59 ]
          }
        },
        "$add$designs/35/top.sv:22$38": {
          "hide_name": 1,
          "type": "$add",
          "parameters": {
            "A_SIGNED": "00000000000000000000000000000000",
            "A_WIDTH": "00000000000000000000000000001000",
            "B_SIGNED": "00000000000000000000000000000000",
            "B_WIDTH": "00000000000000000000000000000100",
            "Y_WIDTH": "00000000000000000000000000001000"
          },
          "attributes": {
            "src": "designs/35/top.sv:22.125-22.205"
          },
          "port_directions": {
            "A": "input",
            "B": "input",
            "Y": "output"
          },
          "connections": {
            "A": [ 60, 61, 62, 63, 64, 65, 66, 67 ],
            "B": [ 37, 38, 39, 40 ],
            "Y": [ 68, 69, 70, 71, 72, 73, 74, 75 ]
          }
        },
        "$add$designs/35/top.sv:27$70": {
          "hide_name": 1,
          "type": "$add",
          "parameters": {
            "A_SIGNED": "00000000000000000000000000000000",
            "A_WIDTH": "00000000000000000000000000000110",
            "B_SIGNED": "00000000000000000000000000000000",
            "B_WIDTH": "00000000000000000000000000000110",
            "Y_WIDTH": "00000000000000000000000000000110"
          },
          "attributes": {
            "src": "designs/35/top.sv:27.49-27.148"
          },
          "port_directions": {
            "A": "input",
            "B": "input",
            "Y": "output"
          },
          "connections": {
            "A": [ 76, 77, 78, 79, 80, 81 ],
            "B": [ 82, 83, 84, 85, 86, 87 ],
            "Y": [ 88, 89, 90, 91, 92, 93 ]
          }
        },
        "$add$designs/35/top.sv:32$96": {
          "hide_name": 1,
          "type": "$add",
          "parameters": {
            "A_SIGNED": "00000000000000000000000000000000",
            "A_WIDTH": "00000000000000000000000000011011",
            "B_SIGNED": "00000000000000000000000000000000",
            "B_WIDTH": "00000000000000000000000000011000",
            "Y_WIDTH": "00000000000000000000000000011011"
          },
          "attributes": {
            "src": "designs/35/top.sv:32.39-32.55"
          },
          "port_directions": {
            "A": "input",
            "B": "input",
            "Y": "output"
          },
          "connections": {
            "A": [ 94, 95, 96, 97, 98, 99, 100, 101, 102, 103, 104, 105, 106, 107, 108, 109, 110, 111, 112, 113, 114, 115, 116, 117, 117, 117, 117 ],
            "B": [ 118, 119, 120, 121, 122, 123, 124, 125, 126, 127, 128, 129, 130, 131, 132, 133, 134, 135, 136, 137, 138, 139, 140, 141 ],
            "Y": [ 142, 143, 144, 145, 146, 147, 148, 149, 150, 151, 152, 153, 154, 155, 156, 157, 158, 159, 160, 161, 162, 163, 164, 165, 166, 167, 168 ]
          }
        },
        "$and$designs/35/top.sv:19$8": {
          "hide_name": 1,
          "type": "$and",
          "parameters": {
            "A_SIGNED": "00000000000000000000000000000000",
            "A_WIDTH": "00000000000000000000000000000100",
            "B_SIGNED": "00000000000000000000000000000000",
            "B_WIDTH": "00000000000000000000000000000100",
            "Y_WIDTH": "00000000000000000000000000000100"
          },
          "attributes": {
            "src": "designs/35/top.sv:19.22-19.57"
          },
          "port_directions": {
            "A": "input",
            "B": "input",
            "Y": "output"
          },
          "connections": {
            "A": [ 169, 170, 171, 172 ],
            "B": [ 173, 174, 175, 176 ],
            "Y": [ 37, 38, 39, 40 ]
          }
        },
        "$and$designs/35/top.sv:21$26": {
          "hide_name": 1,
          "type": "$and",
          "parameters": {
            "A_SIGNED": "00000000000000000000000000000000",
            "A_WIDTH": "00000000000000000000000000000111",
            "B_SIGNED": "00000000000000000000000000000000",
            "B_WIDTH": "00000000000000000000000000000111",
            "Y_WIDTH": "00000000000000000000000000000111"
          },
          "attributes": {
            "src": "designs/35/top.sv:21.44-21.224"
          },
          "port_directions": {
            "A": "input",
            "B": "input",
            "Y": "output"
          },
          "connections": {
            "A": [ 53, 54, 55, 56, 57, 58, 59 ],
            "B": [ 3, 4, 5, 6, 7, 8, 9 ],
            "Y": [ 177, 178, 179, 180, 181, 182, 183 ]
          }
        },
        "$and$designs/35/top.sv:21$29": {
          "hide_name": 1,
          "type": "$and",
          "parameters": {
            "A_SIGNED": "00000000000000000000000000000000",
            "A_WIDTH": "00000000000000000000000000000111",
            "B_SIGNED": "00000000000000000000000000000000",
            "B_WIDTH": "00000000000000000000000000000111",
            "Y_WIDTH": "00000000000000000000000000000111"
          },
          "attributes": {
            "src": "designs/35/top.sv:21.230-21.284"
          },
          "port_directions": {
            "A": "input",
            "B": "input",
            "Y": "output"
          },
          "connections": {
            "A": [ 184, 185, 186, 187, 188, 189, 190 ],
            "B": [ 2, 3, 4, 5, 6, 7, 8 ],
            "Y": [ 191, 192, 193, 194, 195, 196, 197 ]
          }
        },
        "$and$designs/35/top.sv:27$69": {
          "hide_name": 1,
          "type": "$and",
          "parameters": {
            "A_SIGNED": "00000000000000000000000000000000",
            "A_WIDTH": "00000000000000000000000000000110",
            "B_SIGNED": "00000000000000000000000000000000",
            "B_WIDTH": "00000000000000000000000000000110",
            "Y_WIDTH": "00000000000000000000000000000110"
          },
          "attributes": {
            "src": "designs/35/top.sv:27.50-27.133"
          },
          "port_directions": {
            "A": "input",
            "B": "input",
            "Y": "output"
          },
          "connections": {
            "A": [ 198, 199, 200, 201, 202, 203 ],
            "B": [ 173, 174, 175, 176, 204, 20 ],
            "Y": [ 76, 77, 78, 79, 80, 81 ]
          }
        },
        "$and$designs/35/top.sv:27$74": {
          "hide_name": 1,
          "type": "$and",
          "parameters": {
            "A_SIGNED": "00000000000000000000000000000000",
            "A_WIDTH": "00000000000000000000000000000110",
            "B_SIGNED": "00000000000000000000000000000000",
            "B_WIDTH": "00000000000000000000000000000110",
            "Y_WIDTH": "00000000000000000000000000000110"
          },
          "attributes": {
            "src": "designs/35/top.sv:27.37-27.172"
          },
          "port_directions": {
            "A": "input",
            "B": "input",
            "Y": "output"
          },
          "connections": {
            "A": [ 205, 206, 207, 208, 209, 210 ],
            "B": [ 211, 212, 213, 214, 215, 216 ],
            "Y": [ 217, 218, 219, 220, 221, 222 ]
          }
        },
        "$auto$opt_expr.cc:276:group_cell_inputs$106": {
          "hide_name": 1,
          "type": "$or",
          "parameters": {
            "A_SIGNED": "00000000000000000000000000000000",
            "A_WIDTH": "00000000000000000000000000000101",
            "B_SIGNED": "00000000000000000000000000000000",
            "B_WIDTH": "00000000000000000000000000000101",
            "Y_WIDTH": "00000000000000000000000000000101"
          },
          "attributes": {
          },
          "port_directions": {
            "A": "input",
            "B": "input",
            "Y": "output"
          },
          "connections": {
            "A": [ 173, 174, 175, 176, 204 ],
            "B": [ 5, 6, 7, 8, 9 ],
            "Y": [ 15, 16, 17, 18, 19 ]
          }
        },
        "$auto$opt_expr.cc:276:group_cell_inputs$109": {
          "hide_name": 1,
          "type": "$and",
          "parameters": {
            "A_SIGNED": "00000000000000000000000000000000",
            "A_WIDTH": "00000000000000000000000000000100",
            "B_SIGNED": "00000000000000000000000000000000",
            "B_WIDTH": "00000000000000000000000000000100",
            "Y_WIDTH": "00000000000000000000000000000100"
          },
          "attributes": {
          },
          "port_directions": {
            "A": "input",
            "B": "input",
            "Y": "output"
          },
          "connections": {
            "A": [ 23, 24, 25, 26 ],
            "B": [ 37, 38, 39, 40 ],
            "Y": [ 223, 224, 225, 226 ]
          }
        },
        "$auto$opt_expr.cc:276:group_cell_inputs$116": {
          "hide_name": 1,
          "type": "$not",
          "parameters": {
            "A_SIGNED": "00000000000000000000000000000000",
            "A_WIDTH": "00000000000000000000000000001000",
            "Y_WIDTH": "00000000000000000000000000001000"
          },
          "attributes": {
          },
          "port_directions": {
            "A": "input",
            "Y": "output"
          },
          "connections": {
            "A": [ 173, 174, 175, 176, 204, 20, 21, 22 ],
            "Y": [ 227, 228, 229, 230, 231, 232, 233, 234 ]
          }
        },
        "$auto$opt_expr.cc:276:group_cell_inputs$120": {
          "hide_name": 1,
          "type": "$and",
          "parameters": {
            "A_SIGNED": "00000000000000000000000000000000",
            "A_WIDTH": "00000000000000000000000000000100",
            "B_SIGNED": "00000000000000000000000000000000",
            "B_WIDTH": "00000000000000000000000000000100",
            "Y_WIDTH": "00000000000000000000000000000100"
          },
          "attributes": {
          },
          "port_directions": {
            "A": "input",
            "B": "input",
            "Y": "output"
          },
          "connections": {
            "A": [ 235, 236, 237, 238 ],
            "B": [ 37, 38, 39, 40 ],
            "Y": [ 239, 240, 241, 242 ]
          }
        },
        "$auto$opt_expr.cc:276:group_cell_inputs$124": {
          "hide_name": 1,
          "type": "$or",
          "parameters": {
            "A_SIGNED": "00000000000000000000000000000000",
            "A_WIDTH": "00000000000000000000000000000101",
            "B_SIGNED": "00000000000000000000000000000000",
            "B_WIDTH": "00000000000000000000000000000101",
            "Y_WIDTH": "00000000000000000000000000000101"
          },
          "attributes": {
          },
          "port_directions": {
            "A": "input",
            "B": "input",
            "Y": "output"
          },
          "connections": {
            "A": [ 243, 244, 245, 246, 247 ],
            "B": [ 41, 42, 43, 44, 45 ],
            "Y": [ 248, 249, 250, 251, 252 ]
          }
        },
        "$auto$opt_expr.cc:276:group_cell_inputs$129": {
          "hide_name": 1,
          "type": "$xor",
          "parameters": {
            "A_SIGNED": "00000000000000000000000000000000",
            "A_WIDTH": "00000000000000000000000000000111",
            "B_SIGNED": "00000000000000000000000000000000",
            "B_WIDTH": "00000000000000000000000000000111",
            "Y_WIDTH": "00000000000000000000000000000111"
          },
          "attributes": {
          },
          "port_directions": {
            "A": "input",
            "B": "input",
            "Y": "output"
          },
          "connections": {
            "A": [ 253, 254, 255, 256, 257, 258, 259 ],
            "B": [ 260, 82, 83, 84, 85, 86, 87 ],
            "Y": [ 261, 262, 263, 264, 265, 266, 267 ]
          }
        },
        "$auto$opt_expr.cc:276:group_cell_inputs$132": {
          "hide_name": 1,
          "type": "$or",
          "parameters": {
            "A_SIGNED": "00000000000000000000000000000000",
            "A_WIDTH": "00000000000000000000000000000100",
            "B_SIGNED": "00000000000000000000000000000000",
            "B_WIDTH": "00000000000000000000000000000100",
            "Y_WIDTH": "00000000000000000000000000000100"
          },
          "attributes": {
          },
          "port_directions": {
            "A": "input",
            "B": "input",
            "Y": "output"
          },
          "connections": {
            "A": [ 268, 269, 270, 271 ],
            "B": [ 37, 38, 39, 40 ],
            "Y": [ 60, 61, 62, 63 ]
          }
        },
        "$auto$opt_expr.cc:276:group_cell_inputs$135": {
          "hide_name": 1,
          "type": "$xor",
          "parameters": {
            "A_SIGNED": "00000000000000000000000000000000",
            "A_WIDTH": "00000000000000000000000000000101",
            "B_SIGNED": "00000000000000000000000000000000",
            "B_WIDTH": "00000000000000000000000000000101",
            "Y_WIDTH": "00000000000000000000000000000101"
          },
          "attributes": {
          },
          "port_directions": {
            "A": "input",
            "B": "input",
            "Y": "output"
          },
          "connections": {
            "A": [ 68, 69, 70, 71, 72 ],
            "B": [ 41, 42, 43, 44, 45 ],
            "Y": [ 272, 273, 274, 275, 276 ]
          }
        },
        "$auto$opt_expr.cc:276:group_cell_inputs$142": {
          "hide_name": 1,
          "type": "$and",
          "parameters": {
            "A_SIGNED": "00000000000000000000000000000000",
            "A_WIDTH": "00000000000000000000000000001000",
            "B_SIGNED": "00000000000000000000000000000000",
            "B_WIDTH": "00000000000000000000000000001000",
            "Y_WIDTH": "00000000000000000000000000001000"
          },
          "attributes": {
          },
          "port_directions": {
            "A": "input",
            "B": "input",
            "Y": "output"
          },
          "connections": {
            "A": [ 272, 273, 274, 275, 276, 73, 74, 75 ],
            "B": [ 227, 228, 229, 230, 231, 232, 233, 234 ],
            "Y": [ 277, 278, 279, 280, 281, 282, 283, 284 ]
          }
        },
        "$auto$opt_expr.cc:276:group_cell_inputs$164": {
          "hide_name": 1,
          "type": "$or",
          "parameters": {
            "A_SIGNED": "00000000000000000000000000000000",
            "A_WIDTH": "00000000000000000000000000000100",
            "B_SIGNED": "00000000000000000000000000000000",
            "B_WIDTH": "00000000000000000000000000000100",
            "Y_WIDTH": "00000000000000000000000000000100"
          },
          "attributes": {
          },
          "port_directions": {
            "A": "input",
            "B": "input",
            "Y": "output"
          },
          "connections": {
            "A": [ 42, 43, 44, 45 ],
            "B": [ 260, 82, 83, 84 ],
            "Y": [ 285, 286, 287, 288 ]
          }
        },
        "$auto$opt_expr.cc:276:group_cell_inputs$178": {
          "hide_name": 1,
          "type": "$xor",
          "parameters": {
            "A_SIGNED": "00000000000000000000000000000000",
            "A_WIDTH": "00000000000000000000000000000111",
            "B_SIGNED": "00000000000000000000000000000000",
            "B_WIDTH": "00000000000000000000000000000111",
            "Y_WIDTH": "00000000000000000000000000000111"
          },
          "attributes": {
          },
          "port_directions": {
            "A": "input",
            "B": "input",
            "Y": "output"
          },
          "connections": {
            "A": [ 289, 290, 291, 292, 293, 294, 295 ],
            "B": [ 260, 82, 83, 84, 85, 86, 87 ],
            "Y": [ 296, 297, 298, 299, 300, 301, 302 ]
          }
        },
        "$auto$opt_expr.cc:276:group_cell_inputs$181": {
          "hide_name": 1,
          "type": "$and",
          "parameters": {
            "A_SIGNED": "00000000000000000000000000000000",
            "A_WIDTH": "00000000000000000000000000000110",
            "B_SIGNED": "00000000000000000000000000000000",
            "B_WIDTH": "00000000000000000000000000000110",
            "Y_WIDTH": "00000000000000000000000000000110"
          },
          "attributes": {
          },
          "port_directions": {
            "A": "input",
            "B": "input",
            "Y": "output"
          },
          "connections": {
            "A": [ 296, 297, 298, 299, 300, 301 ],
            "B": [ 303, 304, 305, 306, 307, 308 ],
            "Y": [ 309, 310, 311, 312, 313, 314 ]
          }
        },
        "$auto$opt_expr.cc:276:group_cell_inputs$185": {
          "hide_name": 1,
          "type": "$or",
          "parameters": {
            "A_SIGNED": "00000000000000000000000000000000",
            "A_WIDTH": "00000000000000000000000000000011",
            "B_SIGNED": "00000000000000000000000000000000",
            "B_WIDTH": "00000000000000000000000000000011",
            "Y_WIDTH": "00000000000000000000000000000011"
          },
          "attributes": {
          },
          "port_directions": {
            "A": "input",
            "B": "input",
            "Y": "output"
          },
          "connections": {
            "A": [ 315, 316, 317 ],
            "B": [ 318, 319, 320 ],
            "Y": [ 321, 322, 323 ]
          }
        },
        "$auto$opt_expr.cc:276:group_cell_inputs$188": {
          "hide_name": 1,
          "type": "$or",
          "parameters": {
            "A_SIGNED": "00000000000000000000000000000000",
            "A_WIDTH": "00000000000000000000000000000011",
            "B_SIGNED": "00000000000000000000000000000000",
            "B_WIDTH": "00000000000000000000000000000011",
            "Y_WIDTH": "00000000000000000000000000000011"
          },
          "attributes": {
          },
          "port_directions": {
            "A": "input",
            "B": "input",
            "Y": "output"
          },
          "connections": {
            "A": [ 321, 322, 323 ],
            "B": [ 318, 319, 320 ],
            "Y": [ 324, 325, 326 ]
          }
        },
        "$auto$opt_expr.cc:276:group_cell_inputs$191": {
          "hide_name": 1,
          "type": "$xor",
          "parameters": {
            "A_SIGNED": "00000000000000000000000000000000",
            "A_WIDTH": "00000000000000000000000000000100",
            "B_SIGNED": "00000000000000000000000000000000",
            "B_WIDTH": "00000000000000000000000000000100",
            "Y_WIDTH": "00000000000000000000000000000100"
          },
          "attributes": {
          },
          "port_directions": {
            "A": "input",
            "B": "input",
            "Y": "output"
          },
          "connections": {
            "A": [ 324, 325, 326, 327 ],
            "B": [ 37, 38, 39, 40 ],
            "Y": [ 10, 11, 12, 13 ]
          }
        },
        "$auto$opt_expr.cc:276:group_cell_inputs$194": {
          "hide_name": 1,
          "type": "$or",
          "parameters": {
            "A_SIGNED": "00000000000000000000000000000000",
            "A_WIDTH": "00000000000000000000000000000100",
            "B_SIGNED": "00000000000000000000000000000000",
            "B_WIDTH": "00000000000000000000000000000100",
            "Y_WIDTH": "00000000000000000000000000000100"
          },
          "attributes": {
          },
          "port_directions": {
            "A": "input",
            "B": "input",
            "Y": "output"
          },
          "connections": {
            "A": [ 223, 224, 225, 226 ],
            "B": [ 5, 6, 7, 8 ],
            "Y": [ 328, 329, 330, 331 ]
          }
        },
        "$auto$opt_expr.cc:276:group_cell_inputs$197": {
          "hide_name": 1,
          "type": "$not",
          "parameters": {
            "A_SIGNED": "00000000000000000000000000000000",
            "A_WIDTH": "00000000000000000000000000000010",
            "Y_WIDTH": "00000000000000000000000000000010"
          },
          "attributes": {
          },
          "port_directions": {
            "A": "input",
            "Y": "output"
          },
          "connections": {
            "A": [ 44, 45 ],
            "Y": [ 332, 333 ]
          }
        },
        "$mul$designs/35/top.sv:20$15": {
          "hide_name": 1,
          "type": "$mul",
          "parameters": {
            "A_SIGNED": "00000000000000000000000000000000",
            "A_WIDTH": "00000000000000000000000000001001",
            "B_SIGNED": "00000000000000000000000000000000",
            "B_WIDTH": "00000000000000000000000000011000",
            "Y_WIDTH": "00000000000000000000000000000101"
          },
          "attributes": {
            "src": "designs/35/top.sv:20.32-20.171"
          },
          "port_directions": {
            "A": "input",
            "B": "input",
            "Y": "output"
          },
          "connections": {
            "A": [ 328, 329, 330, 331, 9, "0", "0", "0", "0" ],
            "B": [ 227, 228, 229, 230, 231, 232, 233, 234, "1", "1", "1", "1", "1", "1", "1", "1", "1", "1", "1", "1", "1", "1", "1", "1" ],
            "Y": [ 334, 335, 336, 337, 338 ]
          }
        },
        "$mul$designs/35/top.sv:21$18": {
          "hide_name": 1,
          "type": "$mul",
          "parameters": {
            "A_SIGNED": "00000000000000000000000000000000",
            "A_WIDTH": "00000000000000000000000000001000",
            "B_SIGNED": "00000000000000000000000000000000",
            "B_WIDTH": "00000000000000000000000000000111",
            "Y_WIDTH": "00000000000000000000000000000111"
          },
          "attributes": {
            "src": "designs/35/top.sv:21.85-21.120"
          },
          "port_directions": {
            "A": "input",
            "B": "input",
            "Y": "output"
          },
          "connections": {
            "A": [ 173, 174, 175, 176, 204, 20, 21, 22 ],
            "B": [ 3, 4, 5, 6, 7, 8, 9 ],
            "Y": [ 235, 236, 237, 238, 339, 340, 341 ]
          }
        },
        "$mul$designs/35/top.sv:22$36": {
          "hide_name": 1,
          "type": "$mul",
          "parameters": {
            "A_SIGNED": "00000000000000000000000000000001",
            "A_WIDTH": "00000000000000000000000000000101",
            "B_SIGNED": "00000000000000000000000000000001",
            "B_WIDTH": "00000000000000000000000000001000",
            "Y_WIDTH": "00000000000000000000000000001000"
          },
          "attributes": {
            "src": "designs/35/top.sv:22.145-22.183"
          },
          "port_directions": {
            "A": "input",
            "B": "input",
            "Y": "output"
          },
          "connections": {
            "A": [ 342, 343, 344, 345, 346 ],
            "B": [ 347, 348, 349, 350, 351, 352, 353, 354 ],
            "Y": [ 268, 269, 270, 271, 64, 65, 66, 67 ]
          }
        },
        "$mul$designs/35/top.sv:30$92": {
          "hide_name": 1,
          "type": "$mul",
          "parameters": {
            "A_SIGNED": "00000000000000000000000000000000",
            "A_WIDTH": "00000000000000000000000000000101",
            "B_SIGNED": "00000000000000000000000000000000",
            "B_WIDTH": "00000000000000000000000000011000",
            "Y_WIDTH": "00000000000000000000000000011000"
          },
          "attributes": {
            "src": "designs/35/top.sv:30.58-30.87"
          },
          "port_directions": {
            "A": "input",
            "B": "input",
            "Y": "output"
          },
          "connections": {
            "A": [ 41, 42, 43, 44, 45 ],
            "B": [ 355, 356, 357, 358, 359, 360, 361, 362, 363, 364, 365, 366, 367, 368, 369, 370, 371, 372, 373, 374, 375, 376, 377, 378 ],
            "Y": [ 289, 290, 291, 292, 293, 294, 295, 379, 380, 381, 382, 383, 384, 385, 386, 387, 388, 389, 390, 391, 392, 393, 394, 395 ]
          }
        },
        "$mul$designs/35/top.sv:30$95": {
          "hide_name": 1,
          "type": "$mul",
          "parameters": {
            "A_SIGNED": "00000000000000000000000000000000",
            "A_WIDTH": "00000000000000000000000000011000",
            "B_SIGNED": "00000000000000000000000000000000",
            "B_WIDTH": "00000000000000000000000000000111",
            "Y_WIDTH": "00000000000000000000000000011000"
          },
          "attributes": {
            "src": "designs/35/top.sv:30.31-30.120"
          },
          "port_directions": {
            "A": "input",
            "B": "input",
            "Y": "output"
          },
          "connections": {
            "A": [ 309, 310, 311, 312, 313, 314, "0", "0", "0", "0", "0", "0", "0", "0", "0", "0", "0", "0", "0", "0", "0", "0", "0", "0" ],
            "B": [ 260, 82, 83, 84, 85, 86, 87 ],
            "Y": [ 94, 95, 96, 97, 98, 99, 100, 101, 102, 103, 104, 105, 106, 107, 108, 109, 110, 111, 112, 113, 114, 115, 116, 117 ]
          }
        },
        "$mul$designs/35/top.sv:32$97": {
          "hide_name": 1,
          "type": "$mul",
          "parameters": {
            "A_SIGNED": "00000000000000000000000000000000",
            "A_WIDTH": "00000000000000000000000000011011",
            "B_SIGNED": "00000000000000000000000000000000",
            "B_WIDTH": "00000000000000000000000000001000",
            "Y_WIDTH": "00000000000000000000000000000101"
          },
          "attributes": {
            "src": "designs/35/top.sv:32.38-32.65"
          },
          "port_directions": {
            "A": "input",
            "B": "input",
            "Y": "output"
          },
          "connections": {
            "A": [ 142, 143, 144, 145, 146, 147, 148, 149, 150, 151, 152, 153, 154, 155, 156, 157, 158, 159, 160, 161, 162, 163, 164, 165, 166, 167, 168 ],
            "B": [ 173, 174, 175, 176, 204, 20, 21, 22 ],
            "Y": [ 315, 316, 317, 327, 14 ]
          }
        },
        "$not$designs/35/top.sv:21$20": {
          "hide_name": 1,
          "type": "$not",
          "parameters": {
            "A_SIGNED": "00000000000000000000000000000000",
            "A_WIDTH": "00000000000000000000000000000111",
            "Y_WIDTH": "00000000000000000000000000000111"
          },
          "attributes": {
            "src": "designs/35/top.sv:21.137-21.144"
          },
          "port_directions": {
            "A": "input",
            "Y": "output"
          },
          "connections": {
            "A": [ 173, 174, 175, 176, 204, 20, 21 ],
            "Y": [ 396, 397, 398, 399, 400, 401, 402 ]
          }
        },
        "$not$designs/35/top.sv:22$35": {
          "hide_name": 1,
          "type": "$not",
          "parameters": {
            "A_SIGNED": "00000000000000000000000000000000",
            "A_WIDTH": "00000000000000000000000000001000",
            "Y_WIDTH": "00000000000000000000000000001000"
          },
          "attributes": {
            "src": "designs/35/top.sv:22.171-22.182"
          },
          "port_directions": {
            "A": "input",
            "Y": "output"
          },
          "connections": {
            "A": [ 2, 3, 4, 5, 6, 7, 8, 9 ],
            "Y": [ 347, 348, 349, 350, 351, 352, 353, 354 ]
          }
        },
        "$not$designs/35/top.sv:27$65": {
          "hide_name": 1,
          "type": "$not",
          "parameters": {
            "A_SIGNED": "00000000000000000000000000000000",
            "A_WIDTH": "00000000000000000000000000000011",
            "Y_WIDTH": "00000000000000000000000000000011"
          },
          "attributes": {
            "src": "designs/35/top.sv:27.99-27.106"
          },
          "port_directions": {
            "A": "input",
            "Y": "output"
          },
          "connections": {
            "A": [ 318, 319, 320 ],
            "Y": [ 403, 404, 405 ]
          }
        },
        "$not$designs/35/top.sv:27$67": {
          "hide_name": 1,
          "type": "$not",
          "parameters": {
            "A_SIGNED": "00000000000000000000000000000000",
            "A_WIDTH": "00000000000000000000000000000101",
            "Y_WIDTH": "00000000000000000000000000000101"
          },
          "attributes": {
            "src": "designs/35/top.sv:27.114-27.121"
          },
          "port_directions": {
            "A": "input",
            "Y": "output"
          },
          "connections": {
            "A": [ 41, 42, 43, 44, 45 ],
            "Y": [ 406, 407, 408, 409, 410 ]
          }
        },
        "$not$designs/35/top.sv:27$73": {
          "hide_name": 1,
          "type": "$not",
          "parameters": {
            "A_SIGNED": "00000000000000000000000000000000",
            "A_WIDTH": "00000000000000000000000000000110",
            "Y_WIDTH": "00000000000000000000000000000110"
          },
          "attributes": {
            "src": "designs/35/top.sv:27.164-27.171"
          },
          "port_directions": {
            "A": "input",
            "Y": "output"
          },
          "connections": {
            "A": [ 260, 82, 83, 84, 85, 86 ],
            "Y": [ 211, 212, 213, 214, 215, 216 ]
          }
        },
        "$not$designs/35/top.sv:30$91": {
          "hide_name": 1,
          "type": "$not",
          "parameters": {
            "A_SIGNED": "00000000000000000000000000000000",
            "A_WIDTH": "00000000000000000000000000011000",
            "Y_WIDTH": "00000000000000000000000000011000"
          },
          "attributes": {
            "src": "designs/35/top.sv:30.79-30.86"
          },
          "port_directions": {
            "A": "input",
            "Y": "output"
          },
          "connections": {
            "A": [ 118, 119, 120, 121, 122, 123, 124, 125, 126, 127, 128, 129, 130, 131, 132, 133, 134, 135, 136, 137, 138, 139, 140, 141 ],
            "Y": [ 355, 356, 357, 358, 359, 360, 361, 362, 363, 364, 365, 366, 367, 368, 369, 370, 371, 372, 373, 374, 375, 376, 377, 378 ]
          }
        },
        "$or$designs/35/top.sv:18$2": {
          "hide_name": 1,
          "type": "$or",
          "parameters": {
            "A_SIGNED": "00000000000000000000000000000000",
            "A_WIDTH": "00000000000000000000000000001000",
            "B_SIGNED": "00000000000000000000000000000000",
            "B_WIDTH": "00000000000000000000000000001000",
            "Y_WIDTH": "00000000000000000000000000001000"
          },
          "attributes": {
            "src": "designs/35/top.sv:18.65-18.102"
          },
          "port_directions": {
            "A": "input",
            "B": "input",
            "Y": "output"
          },
          "connections": {
            "A": [ 2, 3, 4, 5, 6, 7, 8, 9 ],
            "B": [ 347, 348, 349, 350, 351, 352, 353, 354 ],
            "Y": [ 411, 412, 413, 414, 415, 416, 417, 418 ]
          }
        },
        "$or$designs/35/top.sv:18$3": {
          "hide_name": 1,
          "type": "$or",
          "parameters": {
            "A_SIGNED": "00000000000000000000000000000000",
            "A_WIDTH": "00000000000000000000000000001000",
            "B_SIGNED": "00000000000000000000000000000000",
            "B_WIDTH": "00000000000000000000000000001000",
            "Y_WIDTH": "00000000000000000000000000001000"
          },
          "attributes": {
            "src": "designs/35/top.sv:18.54-18.117"
          },
          "port_directions": {
            "A": "input",
            "B": "input",
            "Y": "output"
          },
          "connections": {
            "A": [ 411, 412, 413, 414, 415, 416, 417, 418 ],
            "B": [ 2, 3, 4, 5, 6, 7, 8, 9 ],
            "Y": [ 419, 420, 421, 422, 423, 424, 425, 426 ]
          }
        },
        "$or$designs/35/top.sv:18$4": {
          "hide_name": 1,
          "type": "$or",
          "parameters": {
            "A_SIGNED": "00000000000000000000000000000000",
            "A_WIDTH": "00000000000000000000000000001000",
            "B_SIGNED": "00000000000000000000000000000000",
            "B_WIDTH": "00000000000000000000000000001000",
            "Y_WIDTH": "00000000000000000000000000001000"
          },
          "attributes": {
            "src": "designs/35/top.sv:18.53-18.131"
          },
          "port_directions": {
            "A": "input",
            "B": "input",
            "Y": "output"
          },
          "connections": {
            "A": [ 419, 420, 421, 422, 423, 424, 425, 426 ],
            "B": [ 2, 3, 4, 5, 6, 7, 8, 9 ],
            "Y": [ 427, 428, 429, 430, 431, 432, 433, 434 ]
          }
        },
        "$or$designs/35/top.sv:25$63": {
          "hide_name": 1,
          "type": "$or",
          "parameters": {
            "A_SIGNED": "00000000000000000000000000000000",
            "A_WIDTH": "00000000000000000000000000000011",
            "B_SIGNED": "00000000000000000000000000000000",
            "B_WIDTH": "00000000000000000000000000000011",
            "Y_WIDTH": "00000000000000000000000000000011"
          },
          "attributes": {
            "src": "designs/35/top.sv:25.22-25.66"
          },
          "port_directions": {
            "A": "input",
            "B": "input",
            "Y": "output"
          },
          "connections": {
            "A": [ 435, 436, 437 ],
            "B": [ 173, 174, 175 ],
            "Y": [ 318, 319, 320 ]
          }
        },
        "$or$designs/35/top.sv:27$75": {
          "hide_name": 1,
          "type": "$or",
          "parameters": {
            "A_SIGNED": "00000000000000000000000000000000",
            "A_WIDTH": "00000000000000000000000000000110",
            "B_SIGNED": "00000000000000000000000000000000",
            "B_WIDTH": "00000000000000000000000000000110",
            "Y_WIDTH": "00000000000000000000000000000110"
          },
          "attributes": {
            "src": "designs/35/top.sv:27.26-27.183"
          },
          "port_directions": {
            "A": "input",
            "B": "input",
            "Y": "output"
          },
          "connections": {
            "A": [ 217, 218, 219, 220, 221, 222 ],
            "B": [ 260, 82, 83, 84, 85, 86 ],
            "Y": [ 303, 304, 305, 306, 307, 308 ]
          }
        },
        "$reduce_bool$designs/35/top.sv:21$30": {
          "hide_name": 1,
          "type": "$reduce_bool",
          "parameters": {
            "A_SIGNED": "00000000000000000000000000000000",
            "A_WIDTH": "00000000000000000000000000000110",
            "Y_WIDTH": "00000000000000000000000000000001"
          },
          "attributes": {
            "src": "designs/35/top.sv:21.21-21.285"
          },
          "port_directions": {
            "A": "input",
            "Y": "output"
          },
          "connections": {
            "A": [ 173, 174, 175, 176, 204, 20 ],
            "Y": [ 438 ]
          }
        },
        "$shl$designs/35/top.sv:22$32": {
          "hide_name": 1,
          "type": "$shl",
          "parameters": {
            "A_SIGNED": "00000000000000000000000000000000",
            "A_WIDTH": "00000000000000000000000000001000",
            "B_SIGNED": "00000000000000000000000000000000",
            "B_WIDTH": "00000000000000000000000000001000",
            "Y_WIDTH": "00000000000000000000000000011000"
          },
          "attributes": {
            "src": "designs/35/top.sv:22.41-22.70"
          },
          "port_directions": {
            "A": "input",
            "B": "input",
            "Y": "output"
          },
          "connections": {
            "A": [ 173, 174, 175, 176, 204, 20, 21, 22 ],
            "B": [ 2, 3, 4, 5, 6, 7, 8, 9 ],
            "Y": [ 253, 254, 255, 256, 257, 258, 259, 439, 440, 441, 442, 443, 444, 445, 446, 447, 448, 449, 450, 451, 452, 453, 454, 455 ]
          }
        },
        "$shl$designs/35/top.sv:27$66": {
          "hide_name": 1,
          "type": "$shl",
          "parameters": {
            "A_SIGNED": "00000000000000000000000000000000",
            "A_WIDTH": "00000000000000000000000000000111",
            "B_SIGNED": "00000000000000000000000000000000",
            "B_WIDTH": "00000000000000000000000000000011",
            "Y_WIDTH": "00000000000000000000000000000111"
          },
          "attributes": {
            "src": "designs/35/top.sv:27.72-27.107"
          },
          "port_directions": {
            "A": "input",
            "B": "input",
            "Y": "output"
          },
          "connections": {
            "A": [ 285, 286, 287, 288, 85, 86, 87 ],
            "B": [ 403, 404, 405 ],
            "Y": [ 456, 457, 458, 459, 460, 461, 462 ]
          }
        },
        "$shl$designs/35/top.sv:27$68": {
          "hide_name": 1,
          "type": "$shl",
          "parameters": {
            "A_SIGNED": "00000000000000000000000000000000",
            "A_WIDTH": "00000000000000000000000000000111",
            "B_SIGNED": "00000000000000000000000000000000",
            "B_WIDTH": "00000000000000000000000000000101",
            "Y_WIDTH": "00000000000000000000000000000110"
          },
          "attributes": {
            "src": "designs/35/top.sv:27.61-27.122"
          },
          "port_directions": {
            "A": "input",
            "B": "input",
            "Y": "output"
          },
          "connections": {
            "A": [ 456, 457, 458, 459, 460, 461, 462 ],
            "B": [ 406, 407, 408, 409, 410 ],
            "Y": [ 198, 199, 200, 201, 202, 203 ]
          }
        },
        "$sub$designs/35/top.sv:21$21": {
          "hide_name": 1,
          "type": "$sub",
          "parameters": {
            "A_SIGNED": "00000000000000000000000000000000",
            "A_WIDTH": "00000000000000000000000000000111",
            "B_SIGNED": "00000000000000000000000000000000",
            "B_WIDTH": "00000000000000000000000000000111",
            "Y_WIDTH": "00000000000000000000000000000111"
          },
          "attributes": {
            "src": "designs/35/top.sv:21.65-21.145"
          },
          "port_directions": {
            "A": "input",
            "B": "input",
            "Y": "output"
          },
          "connections": {
            "A": [ 239, 240, 241, 242, "0", "0", "0" ],
            "B": [ 396, 397, 398, 399, 400, 401, 402 ],
            "Y": [ 243, 244, 245, 246, 247, 463, 464 ]
          }
        },
        "$sub$designs/35/top.sv:21$23": {
          "hide_name": 1,
          "type": "$sub",
          "parameters": {
            "A_SIGNED": "00000000000000000000000000000000",
            "A_WIDTH": "00000000000000000000000000000111",
            "B_SIGNED": "00000000000000000000000000000000",
            "B_WIDTH": "00000000000000000000000000000101",
            "Y_WIDTH": "00000000000000000000000000000111"
          },
          "attributes": {
            "src": "designs/35/top.sv:21.55-21.166"
          },
          "port_directions": {
            "A": "input",
            "B": "input",
            "Y": "output"
          },
          "connections": {
            "A": [ 248, 249, 250, 251, 252, 463, 464 ],
            "B": [ 41, 42, 43, 44, 45 ],
            "Y": [ 465, 466, 467, 468, 469, 470, 471 ]
          }
        },
        "$sub$designs/35/top.sv:21$24": {
          "hide_name": 1,
          "type": "$sub",
          "parameters": {
            "A_SIGNED": "00000000000000000000000000000000",
            "A_WIDTH": "00000000000000000000000000000111",
            "B_SIGNED": "00000000000000000000000000000000",
            "B_WIDTH": "00000000000000000000000000000111",
            "Y_WIDTH": "00000000000000000000000000000111"
          },
          "attributes": {
            "src": "designs/35/top.sv:21.46-21.186"
          },
          "port_directions": {
            "A": "input",
            "B": "input",
            "Y": "output"
          },
          "connections": {
            "A": [ 465, 466, 467, 468, 469, 470, 471 ],
            "B": [ 2, 3, 4, 5, 6, 7, 8 ],
            "Y": [ 46, 47, 48, 49, 50, 51, 52 ]
          }
        },
        "$sub$designs/35/top.sv:21$28": {
          "hide_name": 1,
          "type": "$sub",
          "parameters": {
            "A_SIGNED": "00000000000000000000000000000000",
            "A_WIDTH": "00000000000000000000000000000111",
            "B_SIGNED": "00000000000000000000000000000000",
            "B_WIDTH": "00000000000000000000000000000101",
            "Y_WIDTH": "00000000000000000000000000000111"
          },
          "attributes": {
            "src": "designs/35/top.sv:21.239-21.264"
          },
          "port_directions": {
            "A": "input",
            "B": "input",
            "Y": "output"
          },
          "connections": {
            "A": [ 41, 42, 43, 332, 333, "0", "1" ],
            "B": [ 41, 42, 43, 44, 45 ],
            "Y": [ 184, 185, 186, 187, 188, 189, 190 ]
          }
        },
        "$sub$designs/35/top.sv:22$34": {
          "hide_name": 1,
          "type": "$sub",
          "parameters": {
            "A_SIGNED": "00000000000000000000000000000000",
            "A_WIDTH": "00000000000000000000000000000010",
            "B_SIGNED": "00000000000000000000000000000000",
            "B_WIDTH": "00000000000000000000000000000100",
            "Y_WIDTH": "00000000000000000000000000000101"
          },
          "attributes": {
            "src": "designs/35/top.sv:22.146-22.166"
          },
          "port_directions": {
            "A": "input",
            "B": "input",
            "Y": "output"
          },
          "connections": {
            "A": [ 39, 40 ],
            "B": [ 37, 38, 39, 40 ],
            "Y": [ 342, 343, 344, 345, 346 ]
          }
        },
        "$sub$designs/35/top.sv:22$42": {
          "hide_name": 1,
          "type": "$sub",
          "parameters": {
            "A_SIGNED": "00000000000000000000000000000000",
            "A_WIDTH": "00000000000000000000000000011000",
            "B_SIGNED": "00000000000000000000000000000000",
            "B_WIDTH": "00000000000000000000000000001000",
            "Y_WIDTH": "00000000000000000000000000011000"
          },
          "attributes": {
            "src": "designs/35/top.sv:22.96-22.245"
          },
          "port_directions": {
            "A": "input",
            "B": "input",
            "Y": "output"
          },
          "connections": {
            "A": [ 277, 278, 279, 280, 281, 282, 283, 284, "0", "0", "0", "0", "0", "0", "0", "0", "0", "0", "0", "0", "0", "0", "0", "0" ],
            "B": [ 2, 3, 4, 5, 6, 7, 8, 9 ],
            "Y": [ 472, 473, 474, 475, 476, 477, 478, 479, 480, 481, 482, 483, 484, 485, 486, 487, 488, 489, 490, 491, 492, 493, 494, 495 ]
          }
        },
        "$sub$designs/35/top.sv:22$43": {
          "hide_name": 1,
          "type": "$sub",
          "parameters": {
            "A_SIGNED": "00000000000000000000000000000000",
            "A_WIDTH": "00000000000000000000000000011000",
            "B_SIGNED": "00000000000000000000000000000000",
            "B_WIDTH": "00000000000000000000000000001000",
            "Y_WIDTH": "00000000000000000000000000011000"
          },
          "attributes": {
            "src": "designs/35/top.sv:22.85-22.260"
          },
          "port_directions": {
            "A": "input",
            "B": "input",
            "Y": "output"
          },
          "connections": {
            "A": [ 472, 473, 474, 475, 476, 477, 478, 479, 480, 481, 482, 483, 484, 485, 486, 487, 488, 489, 490, 491, 492, 493, 494, 495 ],
            "B": [ 2, 3, 4, 5, 6, 7, 8, 9 ],
            "Y": [ 496, 497, 498, 499, 500, 501, 502, 503, 504, 505, 506, 507, 508, 509, 510, 511, 512, 513, 514, 515, 516, 517, 518, 519 ]
          }
        },
        "$sub$designs/35/top.sv:25$62": {
          "hide_name": 1,
          "type": "$sub",
          "parameters": {
            "A_SIGNED": "00000000000000000000000000000000",
            "A_WIDTH": "00000000000000000000000000000011",
            "B_SIGNED": "00000000000000000000000000000000",
            "B_WIDTH": "00000000000000000000000000000011",
            "Y_WIDTH": "00000000000000000000000000000011"
          },
          "attributes": {
            "src": "designs/35/top.sv:25.31-25.55"
          },
          "port_directions": {
            "A": "input",
            "B": "input",
            "Y": "output"
          },
          "connections": {
            "A": [ 118, 119, 120 ],
            "B": [ 173, 174, 175 ],
            "Y": [ 435, 436, 437 ]
          }
        },
        "$sub$designs/35/top.sv:27$71": {
          "hide_name": 1,
          "type": "$sub",
          "parameters": {
            "A_SIGNED": "00000000000000000000000000000000",
            "A_WIDTH": "00000000000000000000000000000110",
            "B_SIGNED": "00000000000000000000000000000000",
            "B_WIDTH": "00000000000000000000000000000100",
            "Y_WIDTH": "00000000000000000000000000000110"
          },
          "attributes": {
            "src": "designs/35/top.sv:27.48-27.158"
          },
          "port_directions": {
            "A": "input",
            "B": "input",
            "Y": "output"
          },
          "connections": {
            "A": [ 88, 89, 90, 91, 92, 93 ],
            "B": [ 37, 38, 39, 40 ],
            "Y": [ 205, 206, 207, 208, 209, 210 ]
          }
        },
        "$ternary$designs/35/top.sv:18$6": {
          "hide_name": 1,
          "type": "$mux",
          "parameters": {
            "WIDTH": "00000000000000000000000000001000"
          },
          "attributes": {
            "src": "designs/35/top.sv:18.21-18.132"
          },
          "port_directions": {
            "A": "input",
            "B": "input",
            "S": "input",
            "Y": "output"
          },
          "connections": {
            "A": [ 427, 428, 429, 430, 431, 432, 433, 434 ],
            "B": [ 2, 3, 4, 5, 6, 7, "1", 9 ],
            "S": [ 8 ],
            "Y": [ 173, 174, 175, 176, 204, 20, 21, 22 ]
          }
        },
        "$ternary$designs/35/top.sv:21$31": {
          "hide_name": 1,
          "type": "$mux",
          "parameters": {
            "WIDTH": "00000000000000000000000000000111"
          },
          "attributes": {
            "src": "designs/35/top.sv:21.21-21.285"
          },
          "port_directions": {
            "A": "input",
            "B": "input",
            "S": "input",
            "Y": "output"
          },
          "connections": {
            "A": [ 191, 192, 193, 194, 195, 196, 197 ],
            "B": [ 177, 178, 179, 180, 181, 182, 183 ],
            "S": [ 438 ],
            "Y": [ 260, 82, 83, 84, 85, 86, 87 ]
          }
        },
        "$ternary$designs/35/top.sv:22$44": {
          "hide_name": 1,
          "type": "$mux",
          "parameters": {
            "WIDTH": "00000000000000000000000000011000"
          },
          "attributes": {
            "src": "designs/35/top.sv:22.21-22.261"
          },
          "port_directions": {
            "A": "input",
            "B": "input",
            "S": "input",
            "Y": "output"
          },
          "connections": {
            "A": [ 496, 497, 498, 499, 500, 501, 502, 503, 504, 505, 506, 507, 508, 509, 510, 511, 512, 513, 514, 515, 516, 517, 518, 519 ],
            "B": [ 261, 262, 263, 264, 265, 266, 267, 439, 440, 441, 442, 443, 444, 445, 446, 447, 448, 449, 450, 451, 452, 453, 454, 455 ],
            "S": [ 7 ],
            "Y": [ 118, 119, 120, 121, 122, 123, 124, 125, 126, 127, 128, 129, 130, 131, 132, 133, 134, 135, 136, 137, 138, 139, 140, 141 ]
          }
        },
        "$xor$designs/35/top.sv:19$7": {
          "hide_name": 1,
          "type": "$xor",
          "parameters": {
            "A_SIGNED": "00000000000000000000000000000000",
            "A_WIDTH": "00000000000000000000000000000100",
            "B_SIGNED": "00000000000000000000000000000000",
            "B_WIDTH": "00000000000000000000000000000100",
            "Y_WIDTH": "00000000000000000000000000000100"
          },
          "attributes": {
            "src": "designs/35/top.sv:19.23-19.47"
          },
          "port_directions": {
            "A": "input",
            "B": "input",
            "Y": "output"
          },
          "connections": {
            "A": [ 4, 5, 6, 7 ],
            "B": [ 173, 174, 175, 176 ],
            "Y": [ 169, 170, 171, 172 ]
          }
        },
        "$xor$designs/35/top.sv:20$16": {
          "hide_name": 1,
          "type": "$xor",
          "parameters": {
            "A_SIGNED": "00000000000000000000000000000000",
            "A_WIDTH": "00000000000000000000000000000101",
            "B_SIGNED": "00000000000000000000000000000000",
            "B_WIDTH": "00000000000000000000000000000101",
            "Y_WIDTH": "00000000000000000000000000000101"
          },
          "attributes": {
            "src": "designs/35/top.sv:20.31-20.190"
          },
          "port_directions": {
            "A": "input",
            "B": "input",
            "Y": "output"
          },
          "connections": {
            "A": [ 334, 335, 336, 337, 338 ],
            "B": [ 3, 4, 5, 6, 7 ],
            "Y": [ 32, 33, 34, 35, 36 ]
          }
        }
      },
      "netnames": {
        "$add$designs/35/top.sv:20$10_Y": {
          "hide_name": 1,
          "bits": [ 23, 24, 25, 26, 27, 28, 29, 30, 31, "0", "0", "0", "0", "0", "0", "0", "0", "0", "0", "0", "0", "0", "0", "0" ],
          "attributes": {
            "src": "designs/35/top.sv:20.53-20.121",
            "unused_bits": "4 5 6 7 8"
          }
        },
        "$add$designs/35/top.sv:21$25_Y": {
          "hide_name": 1,
          "bits": [ 53, 54, 55, 56, 57, 58, 59, 520, 521, 522, 523, 524, 525, 526, 527, 528, 529, 530, 531, 532, 533, 534, 535, 536, 537, 538 ],
          "attributes": {
            "src": "designs/35/top.sv:21.45-21.205",
            "unused_bits": "7 8 9 10 11 12 13 14 15 16 17 18 19 20 21 22 23 24 25"
          }
        },
        "$add$designs/35/top.sv:22$38_Y": {
          "hide_name": 1,
          "bits": [ 68, 69, 70, 71, 72, 73, 74, 75 ],
          "attributes": {
            "src": "designs/35/top.sv:22.125-22.205"
          }
        },
        "$add$designs/35/top.sv:27$70_Y": {
          "hide_name": 1,
          "bits": [ 88, 89, 90, 91, 92, 93, 539, 540, 541, "0", "0", "0", "0", "0", "0", "0", "0", "0", "0", "0", "0", "0", "0", "0", "0", "0" ],
          "attributes": {
            "src": "designs/35/top.sv:27.49-27.148",
            "unused_bits": "6 7 8"
          }
        },
        "$add$designs/35/top.sv:32$96_Y": {
          "hide_name": 1,
          "bits": [ 142, 143, 144, 145, 146, 147, 148, 149, 150, 151, 152, 153, 154, 155, 156, 157, 158, 159, 160, 161, 162, 163, 164, 165, 166, 167, 168 ],
          "attributes": {
            "src": "designs/35/top.sv:32.39-32.55"
          }
        },
        "$and$designs/35/top.sv:20$11_Y": {
          "hide_name": 1,
          "bits": [ 223, 224, 225, 226, "0", "0", "0", "0", "0", "0", "0", "0", "0", "0", "0", "0", "0", "0", "0", "0", "0", "0", "0", "0" ],
          "attributes": {
            "src": "designs/35/top.sv:20.42-20.132"
          }
        },
        "$and$designs/35/top.sv:21$19_Y": {
          "hide_name": 1,
          "bits": [ 239, 240, 241, 242, "0", "0", "0", 542, 543, 544, 545, 546, 547, 548, 549, "0", "0", "0", "0", "0", "0", "0", "0", "0", "0", "0" ],
          "attributes": {
            "src": "designs/35/top.sv:21.76-21.131",
            "unused_bits": "7 8 9 10 11 12 13 14"
          }
        },
        "$and$designs/35/top.sv:21$26_Y": {
          "hide_name": 1,
          "bits": [ 177, 178, 179, 180, 181, 182, 183, 550, 551, 552, 553, 554, 555, 556, 557, 558, 559, 560, 561, 562, 563, 564, 565, 566, 567, 568 ],
          "attributes": {
            "src": "designs/35/top.sv:21.44-21.224",
            "unused_bits": "7 8 9 10 11 12 13 14 15 16 17 18 19 20 21 22 23 24 25"
          }
        },
        "$and$designs/35/top.sv:21$29_Y": {
          "hide_name": 1,
          "bits": [ 191, 192, 193, 194, 195, 196, 197, "0", "0", "0", "0", "0", "0", "0", "0", "0", "0", "0", "0", "0", "0", "0", "0", "0", "0", "0" ],
          "attributes": {
            "src": "designs/35/top.sv:21.230-21.284"
          }
        },
        "$and$designs/35/top.sv:22$41_Y": {
          "hide_name": 1,
          "bits": [ 277, 278, 279, 280, 281, 282, 283, 284, "0", "0", "0", "0", "0", "0", "0", "0", "0", "0", "0", "0", "0", "0", "0", "0", 569, 570 ],
          "attributes": {
            "src": "designs/35/top.sv:22.107-22.230",
            "unused_bits": "24 25"
          }
        },
        "$and$designs/35/top.sv:27$69_Y": {
          "hide_name": 1,
          "bits": [ 76, 77, 78, 79, 80, 81, 571, 572, "0", "0", "0", "0", "0", "0", "0", "0", "0", "0", "0", "0", "0", "0", "0", "0", "0", "0" ],
          "attributes": {
            "src": "designs/35/top.sv:27.50-27.133",
            "unused_bits": "6 7"
          }
        },
        "$and$designs/35/top.sv:27$74_Y": {
          "hide_name": 1,
          "bits": [ 217, 218, 219, 220, 221, 222, 573, 574, 575, 576, 577, 578, 579, 580, 581, 582, 583, 584, 585, 586, 587, 588, 589, 590, 591, 592 ],
          "attributes": {
            "src": "designs/35/top.sv:27.37-27.172",
            "unused_bits": "6 7 8 9 10 11 12 13 14 15 16 17 18 19 20 21 22 23 24 25"
          }
        },
        "$and$designs/35/top.sv:30$94_Y": {
          "hide_name": 1,
          "bits": [ 309, 310, 311, 312, 313, 314, "0", "0", "0", "0", "0", "0", "0", "0", "0", "0", "0", "0", "0", "0", "0", "0", "0", "0" ],
          "attributes": {
            "src": "designs/35/top.sv:30.40-30.109"
          }
        },
        "$auto$opt_expr.cc:205:group_cell_inputs$105": {
          "hide_name": 1,
          "bits": [ 15, 16, 17, 18, 19 ],
          "attributes": {
          }
        },
        "$auto$opt_expr.cc:205:group_cell_inputs$112": {
          "hide_name": 1,
          "bits": [ 328, 329, 330, 331, 9 ],
          "attributes": {
          }
        },
        "$auto$opt_expr.cc:205:group_cell_inputs$115": {
          "hide_name": 1,
          "bits": [ 227, 228, 229, 230, 231, 232, 233, 234 ],
          "attributes": {
          }
        },
        "$auto$opt_expr.cc:205:group_cell_inputs$123": {
          "hide_name": 1,
          "bits": [ 248, 249, 250, 251, 252 ],
          "attributes": {
          }
        },
        "$auto$opt_expr.cc:205:group_cell_inputs$125": {
          "hide_name": 1,
          "bits": [ 463, 464 ],
          "attributes": {
          }
        },
        "$auto$opt_expr.cc:205:group_cell_inputs$128": {
          "hide_name": 1,
          "bits": [ 261, 262, 263, 264, 265, 266, 267 ],
          "attributes": {
          }
        },
        "$auto$opt_expr.cc:205:group_cell_inputs$130": {
          "hide_name": 1,
          "bits": [ 439, 440, 441, 442, 443, 444, 445, 446, 447, 448, 449, 450, 451, 452, 453, 454, 455 ],
          "attributes": {
          }
        },
        "$auto$opt_expr.cc:205:group_cell_inputs$131": {
          "hide_name": 1,
          "bits": [ 60, 61, 62, 63 ],
          "attributes": {
          }
        },
        "$auto$opt_expr.cc:205:group_cell_inputs$133": {
          "hide_name": 1,
          "bits": [ 64, 65, 66, 67 ],
          "attributes": {
          }
        },
        "$auto$opt_expr.cc:205:group_cell_inputs$134": {
          "hide_name": 1,
          "bits": [ 272, 273, 274, 275, 276 ],
          "attributes": {
          }
        },
        "$auto$opt_expr.cc:205:group_cell_inputs$163": {
          "hide_name": 1,
          "bits": [ 285, 286, 287, 288 ],
          "attributes": {
          }
        },
        "$auto$opt_expr.cc:205:group_cell_inputs$177": {
          "hide_name": 1,
          "bits": [ 296, 297, 298, 299, 300, 301, 302 ],
          "attributes": {
            "unused_bits": "6"
          }
        },
        "$auto$opt_expr.cc:205:group_cell_inputs$179": {
          "hide_name": 1,
          "bits": [ 379, 380, 381, 382, 383, 384, 385, 386, 387, 388, 389, 390, 391, 392, 393, 394, 395 ],
          "attributes": {
            "unused_bits": "0 1 2 3 4 5 6 7 8 9 10 11 12 13 14 15 16"
          }
        },
        "$auto$opt_expr.cc:205:group_cell_inputs$184": {
          "hide_name": 1,
          "bits": [ 321, 322, 323 ],
          "attributes": {
          }
        },
        "$auto$opt_expr.cc:205:group_cell_inputs$186": {
          "hide_name": 1,
          "bits": [ 327, 14 ],
          "attributes": {
          }
        },
        "$auto$opt_expr.cc:205:group_cell_inputs$187": {
          "hide_name": 1,
          "bits": [ 324, 325, 326 ],
          "attributes": {
          }
        },
        "$auto$opt_expr.cc:205:group_cell_inputs$196": {
          "hide_name": 1,
          "bits": [ 332, 333 ],
          "attributes": {
          }
        },
        "$auto$wreduce.cc:514:run$102": {
          "hide_name": 1,
          "bits": [ 315, 316, 317, 327, 14, 593, 594, 595, 596, 597, 598, 599, 600, 601, 602, 603, 604, 605, 606, 607, 608, 609, 610, 611, 612, 613, 614 ],
          "attributes": {
            "src": "designs/35/top.sv:32.38-32.65",
            "unused_bits": "5 6 7 8 9 10 11 12 13 14 15 16 17 18 19 20 21 22 23 24 25 26"
          }
        },
        "$auto$wreduce.cc:514:run$103": {
          "hide_name": 1,
          "bits": [ 289, 290, 291, 292, 293, 294, 295, 379, 380, 381, 382, 383, 384, 385, 386, 387, 388, 389, 390, 391, 392, 393, 394, 395 ],
          "attributes": {
            "src": "designs/35/top.sv:30.58-30.87",
            "unused_bits": "7 8 9 10 11 12 13 14 15 16 17 18 19 20 21 22 23"
          }
        },
        "$mul$designs/35/top.sv:20$15_Y": {
          "hide_name": 1,
          "bits": [ 334, 335, 336, 337, 338, 615, 616, 617, 618, 619, 620, 621, 622, 623, 624, 625, 626, 627, 628, 629, 630, 631, 632, 633 ],
          "attributes": {
            "src": "designs/35/top.sv:20.32-20.171",
            "unused_bits": "5 6 7 8 9 10 11 12 13 14 15 16 17 18 19 20 21 22 23"
          }
        },
        "$mul$designs/35/top.sv:21$18_Y": {
          "hide_name": 1,
          "bits": [ 235, 236, 237, 238, 339, 340, 341, 634, 635, 636, 637, 638, 639, 640, 641, "0", "0", "0", "0", "0", "0", "0", "0", "0", "0", "0" ],
          "attributes": {
            "src": "designs/35/top.sv:21.85-21.120",
            "unused_bits": "4 5 6 7 8 9 10 11 12 13 14"
          }
        },
        "$mul$designs/35/top.sv:22$36_Y": {
          "hide_name": 1,
          "bits": [ 268, 269, 270, 271, 64, 65, 66, 67 ],
          "attributes": {
            "src": "designs/35/top.sv:22.145-22.183"
          }
        },
        "$not$designs/35/top.sv:18$1_Y": {
          "hide_name": 1,
          "bits": [ 347, 348, 349, 350, 351, 352, 353, 354 ],
          "attributes": {
            "src": "designs/35/top.sv:18.90-18.101"
          }
        },
        "$not$designs/35/top.sv:21$20_Y": {
          "hide_name": 1,
          "bits": [ 396, 397, 398, 399, 400, 401, 402, 642, 643, 644, 645, 646, 647, 648, 649, 650, 651, 652, 653, 654, 655, 656, 657, 658, 659, 660 ],
          "attributes": {
            "src": "designs/35/top.sv:21.137-21.144",
            "unused_bits": "7 8 9 10 11 12 13 14 15 16 17 18 19 20 21 22 23 24 25"
          }
        },
        "$not$designs/35/top.sv:23$45_Y": {
          "hide_name": 1,
          "bits": [ 406, 407, 408, 409, 410 ],
          "attributes": {
            "src": "designs/35/top.sv:23.76-23.83"
          }
        },
        "$not$designs/35/top.sv:27$65_Y": {
          "hide_name": 1,
          "bits": [ 403, 404, 405 ],
          "attributes": {
            "src": "designs/35/top.sv:27.99-27.106"
          }
        },
        "$not$designs/35/top.sv:27$73_Y": {
          "hide_name": 1,
          "bits": [ 211, 212, 213, 214, 215, 216, 661, 662, 663, 664, 665, 666, 667, 668, 669, 670, 671, 672, 673, 674, 675, 676, 677, 678, 679, 680 ],
          "attributes": {
            "src": "designs/35/top.sv:27.164-27.171",
            "unused_bits": "6 7 8 9 10 11 12 13 14 15 16 17 18 19 20 21 22 23 24 25"
          }
        },
        "$not$designs/35/top.sv:29$86_Y": {
          "hide_name": 1,
          "bits": [ 355, 356, 357, 358, 359, 360, 361, 362, 363, 364, 365, 366, 367, 368, 369, 370, 371, 372, 373, 374, 375, 376, 377, 378 ],
          "attributes": {
            "src": "designs/35/top.sv:29.156-29.163"
          }
        },
        "$or$designs/35/top.sv:18$2_Y": {
          "hide_name": 1,
          "bits": [ 411, 412, 413, 414, 415, 416, 417, 418 ],
          "attributes": {
            "src": "designs/35/top.sv:18.65-18.102"
          }
        },
        "$or$designs/35/top.sv:18$3_Y": {
          "hide_name": 1,
          "bits": [ 419, 420, 421, 422, 423, 424, 425, 426, "0", "0", "0", "0", "0", "0", "0", "0", "0", "0", "0", "0", "0", "0", "0", "0", "0", "0" ],
          "attributes": {
            "src": "designs/35/top.sv:18.54-18.117"
          }
        },
        "$or$designs/35/top.sv:18$4_Y": {
          "hide_name": 1,
          "bits": [ 427, 428, 429, 430, 431, 432, 433, 434, "0", "0", "0", "0", "0", "0", "0", "0", "0", "0", "0", "0", "0", "0", "0", "0", "0", "0" ],
          "attributes": {
            "src": "designs/35/top.sv:18.53-18.131"
          }
        },
        "$reduce_bool$designs/35/top.sv:21$30_Y": {
          "hide_name": 1,
          "bits": [ 438 ],
          "attributes": {
            "src": "designs/35/top.sv:21.21-21.285"
          }
        },
        "$shl$designs/35/top.sv:22$32_Y": {
          "hide_name": 1,
          "bits": [ 253, 254, 255, 256, 257, 258, 259, 439, 440, 441, 442, 443, 444, 445, 446, 447, 448, 449, 450, 451, 452, 453, 454, 455, 681, 682 ],
          "attributes": {
            "src": "designs/35/top.sv:22.41-22.70",
            "unused_bits": "24 25"
          }
        },
        "$shl$designs/35/top.sv:27$66_Y": {
          "hide_name": 1,
          "bits": [ 456, 457, 458, 459, 460, 461, 462 ],
          "attributes": {
            "src": "designs/35/top.sv:27.72-27.107"
          }
        },
        "$shl$designs/35/top.sv:27$68_Y": {
          "hide_name": 1,
          "bits": [ 198, 199, 200, 201, 202, 203, 683 ],
          "attributes": {
            "src": "designs/35/top.sv:27.61-27.122",
            "unused_bits": "6"
          }
        },
        "$sub$designs/35/top.sv:21$21_Y": {
          "hide_name": 1,
          "bits": [ 243, 244, 245, 246, 247, 463, 464, 684, 685, 686, 687, 688, 689, 690, 691, 692, 693, 694, 695, 696, 697, 698, 699, 700, 701, 702 ],
          "attributes": {
            "src": "designs/35/top.sv:21.65-21.145",
            "unused_bits": "7 8 9 10 11 12 13 14 15 16 17 18 19 20 21 22 23 24 25"
          }
        },
        "$sub$designs/35/top.sv:21$23_Y": {
          "hide_name": 1,
          "bits": [ 465, 466, 467, 468, 469, 470, 471, 703, 704, 705, 706, 707, 708, 709, 710, 711, 712, 713, 714, 715, 716, 717, 718, 719, 720, 721 ],
          "attributes": {
            "src": "designs/35/top.sv:21.55-21.166",
            "unused_bits": "7 8 9 10 11 12 13 14 15 16 17 18 19 20 21 22 23 24 25"
          }
        },
        "$sub$designs/35/top.sv:21$24_Y": {
          "hide_name": 1,
          "bits": [ 46, 47, 48, 49, 50, 51, 52, 722, 723, 724, 725, 726, 727, 728, 729, 730, 731, 732, 733, 734, 735, 736, 737, 738, 739, 740 ],
          "attributes": {
            "src": "designs/35/top.sv:21.46-21.186",
            "unused_bits": "7 8 9 10 11 12 13 14 15 16 17 18 19 20 21 22 23 24 25"
          }
        },
        "$sub$designs/35/top.sv:21$28_Y": {
          "hide_name": 1,
          "bits": [ 184, 185, 186, 187, 188, 189, 190 ],
          "attributes": {
            "src": "designs/35/top.sv:21.239-21.264"
          }
        },
        "$sub$designs/35/top.sv:22$34_Y": {
          "hide_name": 1,
          "bits": [ 342, 343, 344, 345, 346, 346, 346, 346 ],
          "attributes": {
            "src": "designs/35/top.sv:22.146-22.166"
          }
        },
        "$sub$designs/35/top.sv:22$42_Y": {
          "hide_name": 1,
          "bits": [ 472, 473, 474, 475, 476, 477, 478, 479, 480, 481, 482, 483, 484, 485, 486, 487, 488, 489, 490, 491, 492, 493, 494, 495, 741, 742 ],
          "attributes": {
            "src": "designs/35/top.sv:22.96-22.245",
            "unused_bits": "24 25"
          }
        },
        "$sub$designs/35/top.sv:22$43_Y": {
          "hide_name": 1,
          "bits": [ 496, 497, 498, 499, 500, 501, 502, 503, 504, 505, 506, 507, 508, 509, 510, 511, 512, 513, 514, 515, 516, 517, 518, 519, 743, 744 ],
          "attributes": {
            "src": "designs/35/top.sv:22.85-22.260",
            "unused_bits": "24 25"
          }
        },
        "$sub$designs/35/top.sv:25$62_Y": {
          "hide_name": 1,
          "bits": [ 435, 436, 437, 745, 746, 747, 748, 749, 750, 751, 752, 753, 754, 755, 756, 757, 758, 759, 760, 761, 762, 763, 764, 765, 766, 766 ],
          "attributes": {
            "src": "designs/35/top.sv:25.31-25.55",
            "unused_bits": "3 4 5 6 7 8 9 10 11 12 13 14 15 16 17 18 19 20 21 22 23 24 25"
          }
        },
        "$sub$designs/35/top.sv:27$71_Y": {
          "hide_name": 1,
          "bits": [ 205, 206, 207, 208, 209, 210, 767, 768, 769, 770, 770, 770, 770, 770, 770, 770, 770, 770, 770, 770, 770, 770, 770, 770, 770, 770 ],
          "attributes": {
            "src": "designs/35/top.sv:27.48-27.158",
            "unused_bits": "6 7 8 9 10 11 12 13 14 15 16 17 18 19 20 21 22 23 24 25"
          }
        },
        "$xor$designs/35/top.sv:19$7_Y": {
          "hide_name": 1,
          "bits": [ 169, 170, 171, 172, 771, 772, 773, 774, "0", "0", "0", "0", "0", "0", "0", "0", "0", "0", "0", "0", "0", "0", "0", "0", "0", "0" ],
          "attributes": {
            "src": "designs/35/top.sv:19.23-19.47",
            "unused_bits": "4 5 6 7"
          }
        },
        "$xor$designs/35/top.sv:20$16_Y": {
          "hide_name": 1,
          "bits": [ 32, 33, 34, 35, 36, 775, 776, 777, 778, 779, 780, 781, 782, 783, 784, 785, 786, 787, 788, 789, 790, 791, 792, 793 ],
          "attributes": {
            "src": "designs/35/top.sv:20.31-20.190",
            "unused_bits": "5 6 7 8 9 10 11 12 13 14 15 16 17 18 19 20 21 22 23"
          }
        },
        "input_data": {
          "hide_name": 0,
          "bits": [ 2, 3, 4, 5, 6, 7, 8, 9 ],
          "attributes": {
            "src": "designs/35/top.sv:2.17-2.27"
          }
        },
        "output_data": {
          "hide_name": 0,
          "bits": [ 10, 11, 12, 13, 14 ],
          "attributes": {
            "src": "designs/35/top.sv:3.18-3.29"
          }
        },
        "temp_0": {
          "hide_name": 0,
          "bits": [ 173, 174, 175, 176, 204, 20, 21, 22, "0", "0", "0", "0", "0", "0", "0", "0", "0", "0", "0", "0", "0", "0", "0", "0", "0", "0" ],
          "attributes": {
            "src": "designs/35/top.sv:6.18-6.24"
          }
        },
        "temp_1": {
          "hide_name": 0,
          "bits": [ 37, 38, 39, 40 ],
          "attributes": {
            "src": "designs/35/top.sv:7.17-7.23"
          }
        },
        "temp_10": {
          "hide_name": 0,
          "bits": [ 94, 95, 96, 97, 98, 99, 100, 101, 102, 103, 104, 105, 106, 107, 108, 109, 110, 111, 112, 113, 114, 115, 116, 117, 117, 117, 117 ],
          "attributes": {
            "src": "designs/35/top.sv:16.18-16.25"
          }
        },
        "temp_2": {
          "hide_name": 0,
          "bits": [ 41, 42, 43, 44, 45 ],
          "attributes": {
            "src": "designs/35/top.sv:8.17-8.23"
          }
        },
        "temp_3": {
          "hide_name": 0,
          "bits": [ 260, 82, 83, 84, 85, 86, 87 ],
          "attributes": {
            "src": "designs/35/top.sv:9.17-9.23"
          }
        },
        "temp_4": {
          "hide_name": 0,
          "bits": [ 118, 119, 120, 121, 122, 123, 124, 125, 126, 127, 128, 129, 130, 131, 132, 133, 134, 135, 136, 137, 138, 139, 140, 141 ],
          "attributes": {
            "src": "designs/35/top.sv:10.18-10.24"
          }
        },
        "temp_7": {
          "hide_name": 0,
          "bits": [ 318, 319, 320 ],
          "attributes": {
            "src": "designs/35/top.sv:13.17-13.23"
          }
        },
        "temp_8": {
          "hide_name": 0,
          "bits": [ 303, 304, 305, 306, 307, 308 ],
          "attributes": {
            "src": "designs/35/top.sv:14.17-14.23"
          }
        }
      }
    }
  }
}
