{
  "creator": "Yosys 0.60 (git sha1 5bafeb77dc71e054fa331ab9efa613e6fb0a1c49, clang++ 17.0.0 -fPIC -O3)",
  "modules": {
    "top": {
      "attributes": {
        "top": "00000000000000000000000000000001",
        "src": "designs/39/top.sv:1.1-32.10"
      },
      "ports": {
        "input_data": {
          "direction": "input",
          "bits": [ 2, 3, 4 ]
        },
        "output_data": {
          "direction": "output",
          "bits": [ 5, 6, 7, 8, 9, 10 ]
        }
      },
      "cells": {
        "$add$designs/39/top.sv:20$6": {
          "hide_name": 1,
          "type": "$add",
          "parameters": {
            "A_SIGNED": "00000000000000000000000000000000",
            "A_WIDTH": "00000000000000000000000000000011",
            "B_SIGNED": "00000000000000000000000000000000",
            "B_WIDTH": "00000000000000000000000000011001",
            "Y_WIDTH": "00000000000000000000000000011001"
          },
          "attributes": {
            "src": "designs/39/top.sv:20.65-20.92"
          },
          "port_directions": {
            "A": "input",
            "B": "input",
            "Y": "output"
          },
          "connections": {
            "A": [ 11, 12, 13 ],
            "B": [ 14, 15, 16, "1", "1", "1", "1", "1", "1", "1", "1", "1", "1", "1", "1", "1", "1", "1", "1", "1", "1", "1", "1", "1", "1" ],
            "Y": [ 17, 18, 19, 20, 21, 22, 23, 24, 25, 26, 27, 28, 29, 30, 31, 32, 33, 34, 35, 36, 37, 38, 39, 40, 41 ]
          }
        },
        "$add$designs/39/top.sv:21$12": {
          "hide_name": 1,
          "type": "$add",
          "parameters": {
            "A_SIGNED": "00000000000000000000000000000000",
            "A_WIDTH": "00000000000000000000000000000011",
            "B_SIGNED": "00000000000000000000000000000000",
            "B_WIDTH": "00000000000000000000000000000011",
            "Y_WIDTH": "00000000000000000000000000000011"
          },
          "attributes": {
            "src": "designs/39/top.sv:21.31-21.67"
          },
          "port_directions": {
            "A": "input",
            "B": "input",
            "Y": "output"
          },
          "connections": {
            "A": [ 42, 43, 44 ],
            "B": [ 2, 3, 4 ],
            "Y": [ 45, 46, 47 ]
          }
        },
        "$add$designs/39/top.sv:24$24": {
          "hide_name": 1,
          "type": "$add",
          "parameters": {
            "A_SIGNED": "00000000000000000000000000000000",
            "A_WIDTH": "00000000000000000000000000000110",
            "B_SIGNED": "00000000000000000000000000000000",
            "B_WIDTH": "00000000000000000000000000000001",
            "Y_WIDTH": "00000000000000000000000000000111"
          },
          "attributes": {
            "src": "designs/39/top.sv:24.43-24.94"
          },
          "port_directions": {
            "A": "input",
            "B": "input",
            "Y": "output"
          },
          "connections": {
            "A": [ 48, 49, 50, 51, 52, 53 ],
            "B": [ 54 ],
            "Y": [ 55, 56, 57, 58, 59, 60, 61 ]
          }
        },
        "$add$designs/39/top.sv:24$26": {
          "hide_name": 1,
          "type": "$add",
          "parameters": {
            "A_SIGNED": "00000000000000000000000000000000",
            "A_WIDTH": "00000000000000000000000000000111",
            "B_SIGNED": "00000000000000000000000000000000",
            "B_WIDTH": "00000000000000000000000000001101",
            "Y_WIDTH": "00000000000000000000000000001110"
          },
          "attributes": {
            "src": "designs/39/top.sv:24.33-24.115"
          },
          "port_directions": {
            "A": "input",
            "B": "input",
            "Y": "output"
          },
          "connections": {
            "A": [ 62, 63, 64, 58, 59, 60, 61 ],
            "B": [ 65, 66, 67, 68, 69, 70, 71, 72, 73, 74, 75, 76, 77 ],
            "Y": [ 78, 79, 80, 81, 82, 83, 84, 85, 86, 87, 88, 89, 90, 91 ]
          }
        },
        "$add$designs/39/top.sv:30$43": {
          "hide_name": 1,
          "type": "$add",
          "parameters": {
            "A_SIGNED": "00000000000000000000000000000000",
            "A_WIDTH": "00000000000000000000000000000011",
            "B_SIGNED": "00000000000000000000000000000000",
            "B_WIDTH": "00000000000000000000000000010000",
            "Y_WIDTH": "00000000000000000000000000010001"
          },
          "attributes": {
            "src": "designs/39/top.sv:30.64-30.90"
          },
          "port_directions": {
            "A": "input",
            "B": "input",
            "Y": "output"
          },
          "connections": {
            "A": [ 42, 43, 44 ],
            "B": [ 92, 93, 94, 95, 96, 97, 98, 99, 100, 101, 102, 103, 104, 105, 106, 106 ],
            "Y": [ 107, 108, 109, 110, 111, 112, 113, 114, 115, 116, 117, 118, 119, 120, 121, 122, 123 ]
          }
        },
        "$and$designs/39/top.sv:18$1": {
          "hide_name": 1,
          "type": "$and",
          "parameters": {
            "A_SIGNED": "00000000000000000000000000000000",
            "A_WIDTH": "00000000000000000000000000000011",
            "B_SIGNED": "00000000000000000000000000000000",
            "B_WIDTH": "00000000000000000000000000000011",
            "Y_WIDTH": "00000000000000000000000000000011"
          },
          "attributes": {
            "src": "designs/39/top.sv:18.44-18.78"
          },
          "port_directions": {
            "A": "input",
            "B": "input",
            "Y": "output"
          },
          "connections": {
            "A": [ 2, 3, 4 ],
            "B": [ 2, 3, 4 ],
            "Y": [ 124, 125, 126 ]
          }
        },
        "$and$designs/39/top.sv:18$2": {
          "hide_name": 1,
          "type": "$and",
          "parameters": {
            "A_SIGNED": "00000000000000000000000000000000",
            "A_WIDTH": "00000000000000000000000000000011",
            "B_SIGNED": "00000000000000000000000000000000",
            "B_WIDTH": "00000000000000000000000000000011",
            "Y_WIDTH": "00000000000000000000000000000011"
          },
          "attributes": {
            "src": "designs/39/top.sv:18.33-18.93"
          },
          "port_directions": {
            "A": "input",
            "B": "input",
            "Y": "output"
          },
          "connections": {
            "A": [ 124, 125, 126 ],
            "B": [ 2, 3, 4 ],
            "Y": [ 127, 128, 129 ]
          }
        },
        "$and$designs/39/top.sv:18$3": {
          "hide_name": 1,
          "type": "$and",
          "parameters": {
            "A_SIGNED": "00000000000000000000000000000000",
            "A_WIDTH": "00000000000000000000000000000011",
            "B_SIGNED": "00000000000000000000000000000000",
            "B_WIDTH": "00000000000000000000000000000011",
            "Y_WIDTH": "00000000000000000000000000000011"
          },
          "attributes": {
            "src": "designs/39/top.sv:18.22-18.108"
          },
          "port_directions": {
            "A": "input",
            "B": "input",
            "Y": "output"
          },
          "connections": {
            "A": [ 127, 128, 129 ],
            "B": [ 2, 3, 4 ],
            "Y": [ 42, 43, 44 ]
          }
        },
        "$and$designs/39/top.sv:19$4": {
          "hide_name": 1,
          "type": "$and",
          "parameters": {
            "A_SIGNED": "00000000000000000000000000000000",
            "A_WIDTH": "00000000000000000000000000000011",
            "B_SIGNED": "00000000000000000000000000000000",
            "B_WIDTH": "00000000000000000000000000000011",
            "Y_WIDTH": "00000000000000000000000000000011"
          },
          "attributes": {
            "src": "designs/39/top.sv:19.32-19.56"
          },
          "port_directions": {
            "A": "input",
            "B": "input",
            "Y": "output"
          },
          "connections": {
            "A": [ 42, 43, 44 ],
            "B": [ 42, 43, 44 ],
            "Y": [ 11, 12, 13 ]
          }
        },
        "$auto$opt_expr.cc:276:group_cell_inputs$104": {
          "hide_name": 1,
          "type": "$not",
          "parameters": {
            "A_SIGNED": "00000000000000000000000000000000",
            "A_WIDTH": "00000000000000000000000000001110",
            "Y_WIDTH": "00000000000000000000000000001110"
          },
          "attributes": {
          },
          "port_directions": {
            "A": "input",
            "Y": "output"
          },
          "connections": {
            "A": [ 130, 131, 132, 133, 134, 135, 136, 137, 138, 139, 140, 141, 142, 143 ],
            "Y": [ 144, 145, 146, 147, 148, 149, 150, 151, 152, 153, 154, 155, 156, 157 ]
          }
        },
        "$auto$opt_expr.cc:276:group_cell_inputs$108": {
          "hide_name": 1,
          "type": "$or",
          "parameters": {
            "A_SIGNED": "00000000000000000000000000000000",
            "A_WIDTH": "00000000000000000000000000001100",
            "B_SIGNED": "00000000000000000000000000000000",
            "B_WIDTH": "00000000000000000000000000001100",
            "Y_WIDTH": "00000000000000000000000000001100"
          },
          "attributes": {
          },
          "port_directions": {
            "A": "input",
            "B": "input",
            "Y": "output"
          },
          "connections": {
            "A": [ 158, 159, 160, 161, 162, 163, 164, 165, 166, 167, 168, 169 ],
            "B": [ 65, 66, 67, 68, 69, 70, 71, 72, 73, 74, 75, 76 ],
            "Y": [ 170, 171, 172, 173, 174, 175, 176, 177, 178, 179, 180, 181 ]
          }
        },
        "$auto$opt_expr.cc:276:group_cell_inputs$111": {
          "hide_name": 1,
          "type": "$not",
          "parameters": {
            "A_SIGNED": "00000000000000000000000000000000",
            "A_WIDTH": "00000000000000000000000000000001",
            "Y_WIDTH": "00000000000000000000000000000001"
          },
          "attributes": {
          },
          "port_directions": {
            "A": "input",
            "Y": "output"
          },
          "connections": {
            "A": [ 182 ],
            "Y": [ 183 ]
          }
        },
        "$auto$opt_expr.cc:276:group_cell_inputs$58": {
          "hide_name": 1,
          "type": "$not",
          "parameters": {
            "A_SIGNED": "00000000000000000000000000000000",
            "A_WIDTH": "00000000000000000000000000000011",
            "Y_WIDTH": "00000000000000000000000000000011"
          },
          "attributes": {
          },
          "port_directions": {
            "A": "input",
            "Y": "output"
          },
          "connections": {
            "A": [ 42, 43, 44 ],
            "Y": [ 14, 15, 16 ]
          }
        },
        "$auto$opt_expr.cc:276:group_cell_inputs$62": {
          "hide_name": 1,
          "type": "$or",
          "parameters": {
            "A_SIGNED": "00000000000000000000000000000000",
            "A_WIDTH": "00000000000000000000000000000010",
            "B_SIGNED": "00000000000000000000000000000000",
            "B_WIDTH": "00000000000000000000000000000010",
            "Y_WIDTH": "00000000000000000000000000000010"
          },
          "attributes": {
          },
          "port_directions": {
            "A": "input",
            "B": "input",
            "Y": "output"
          },
          "connections": {
            "A": [ 184, 185 ],
            "B": [ 43, 44 ],
            "Y": [ 65, 66 ]
          }
        },
        "$auto$opt_expr.cc:276:group_cell_inputs$65": {
          "hide_name": 1,
          "type": "$or",
          "parameters": {
            "A_SIGNED": "00000000000000000000000000000000",
            "A_WIDTH": "00000000000000000000000000000001",
            "B_SIGNED": "00000000000000000000000000000000",
            "B_WIDTH": "00000000000000000000000000000001",
            "Y_WIDTH": "00000000000000000000000000000001"
          },
          "attributes": {
          },
          "port_directions": {
            "A": "input",
            "B": "input",
            "Y": "output"
          },
          "connections": {
            "A": [ 186 ],
            "B": [ 42 ],
            "Y": [ 187 ]
          }
        },
        "$auto$opt_expr.cc:276:group_cell_inputs$68": {
          "hide_name": 1,
          "type": "$xor",
          "parameters": {
            "A_SIGNED": "00000000000000000000000000000000",
            "A_WIDTH": "00000000000000000000000000000011",
            "B_SIGNED": "00000000000000000000000000000000",
            "B_WIDTH": "00000000000000000000000000000011",
            "Y_WIDTH": "00000000000000000000000000000011"
          },
          "attributes": {
          },
          "port_directions": {
            "A": "input",
            "B": "input",
            "Y": "output"
          },
          "connections": {
            "A": [ 2, 3, 4 ],
            "B": [ 188, 189, 190 ],
            "Y": [ 191, 192, 193 ]
          }
        },
        "$auto$opt_expr.cc:276:group_cell_inputs$71": {
          "hide_name": 1,
          "type": "$not",
          "parameters": {
            "A_SIGNED": "00000000000000000000000000000000",
            "A_WIDTH": "00000000000000000000000000000001",
            "Y_WIDTH": "00000000000000000000000000000001"
          },
          "attributes": {
          },
          "port_directions": {
            "A": "input",
            "Y": "output"
          },
          "connections": {
            "A": [ 54 ],
            "Y": [ 194 ]
          }
        },
        "$auto$opt_expr.cc:276:group_cell_inputs$75": {
          "hide_name": 1,
          "type": "$xor",
          "parameters": {
            "A_SIGNED": "00000000000000000000000000000000",
            "A_WIDTH": "00000000000000000000000000000011",
            "B_SIGNED": "00000000000000000000000000000000",
            "B_WIDTH": "00000000000000000000000000000011",
            "Y_WIDTH": "00000000000000000000000000000011"
          },
          "attributes": {
          },
          "port_directions": {
            "A": "input",
            "B": "input",
            "Y": "output"
          },
          "connections": {
            "A": [ 55, 56, 57 ],
            "B": [ 42, 43, 44 ],
            "Y": [ 62, 63, 64 ]
          }
        },
        "$auto$opt_expr.cc:276:group_cell_inputs$78": {
          "hide_name": 1,
          "type": "$and",
          "parameters": {
            "A_SIGNED": "00000000000000000000000000000000",
            "A_WIDTH": "00000000000000000000000000000011",
            "B_SIGNED": "00000000000000000000000000000000",
            "B_WIDTH": "00000000000000000000000000000011",
            "Y_WIDTH": "00000000000000000000000000000011"
          },
          "attributes": {
          },
          "port_directions": {
            "A": "input",
            "B": "input",
            "Y": "output"
          },
          "connections": {
            "A": [ 195, 196, 197 ],
            "B": [ 198, 199, 200 ],
            "Y": [ 201, 202, 203 ]
          }
        },
        "$auto$opt_expr.cc:276:group_cell_inputs$82": {
          "hide_name": 1,
          "type": "$xor",
          "parameters": {
            "A_SIGNED": "00000000000000000000000000000000",
            "A_WIDTH": "00000000000000000000000000001101",
            "B_SIGNED": "00000000000000000000000000000000",
            "B_WIDTH": "00000000000000000000000000001101",
            "Y_WIDTH": "00000000000000000000000000001101"
          },
          "attributes": {
          },
          "port_directions": {
            "A": "input",
            "B": "input",
            "Y": "output"
          },
          "connections": {
            "A": [ 204, 205, 206, 207, 208, 209, 210, 211, 212, 213, 214, 215, 216 ],
            "B": [ 65, 66, 67, 68, 69, 70, 71, 72, 73, 74, 75, 76, 77 ],
            "Y": [ 130, 131, 132, 133, 134, 135, 136, 137, 138, 139, 140, 141, 142 ]
          }
        },
        "$gt$designs/39/top.sv:22$14": {
          "hide_name": 1,
          "type": "$gt",
          "parameters": {
            "A_SIGNED": "00000000000000000000000000000000",
            "A_WIDTH": "00000000000000000000000000001100",
            "B_SIGNED": "00000000000000000000000000000000",
            "B_WIDTH": "00000000000000000000000000000011",
            "Y_WIDTH": "00000000000000000000000000000001"
          },
          "attributes": {
            "src": "designs/39/top.sv:22.44-22.74"
          },
          "port_directions": {
            "A": "input",
            "B": "input",
            "Y": "output"
          },
          "connections": {
            "A": [ 66, 67, 68, 69, 70, 71, 72, 73, 74, 75, 76, 77 ],
            "B": [ 11, 12, 13 ],
            "Y": [ 217 ]
          }
        },
        "$le$designs/39/top.sv:22$18": {
          "hide_name": 1,
          "type": "$le",
          "parameters": {
            "A_SIGNED": "00000000000000000000000000000000",
            "A_WIDTH": "00000000000000000000000000000011",
            "B_SIGNED": "00000000000000000000000000000000",
            "B_WIDTH": "00000000000000000000000000001101",
            "Y_WIDTH": "00000000000000000000000000000001"
          },
          "attributes": {
            "src": "designs/39/top.sv:22.22-22.117"
          },
          "port_directions": {
            "A": "input",
            "B": "input",
            "Y": "output"
          },
          "connections": {
            "A": [ 218, 219, 220 ],
            "B": [ 65, 66, 67, 68, 69, 70, 71, 72, 73, 74, 75, 76, 77 ],
            "Y": [ 54 ]
          }
        },
        "$lt$designs/39/top.sv:22$15": {
          "hide_name": 1,
          "type": "$lt",
          "parameters": {
            "A_SIGNED": "00000000000000000000000000000000",
            "A_WIDTH": "00000000000000000000000000000001",
            "B_SIGNED": "00000000000000000000000000000000",
            "B_WIDTH": "00000000000000000000000000000011",
            "Y_WIDTH": "00000000000000000000000000000001"
          },
          "attributes": {
            "src": "designs/39/top.sv:22.33-22.85"
          },
          "port_directions": {
            "A": "input",
            "B": "input",
            "Y": "output"
          },
          "connections": {
            "A": [ 217 ],
            "B": [ 11, 12, 13 ],
            "Y": [ 186 ]
          }
        },
        "$mul$designs/39/top.sv:20$10": {
          "hide_name": 1,
          "type": "$mul",
          "parameters": {
            "A_SIGNED": "00000000000000000000000000000000",
            "A_WIDTH": "00000000000000000000000000011001",
            "B_SIGNED": "00000000000000000000000000000000",
            "B_WIDTH": "00000000000000000000000000000011",
            "Y_WIDTH": "00000000000000000000000000001101"
          },
          "attributes": {
            "src": "designs/39/top.sv:20.23-20.151"
          },
          "port_directions": {
            "A": "input",
            "B": "input",
            "Y": "output"
          },
          "connections": {
            "A": [ 221, 222, 223, 224, 225, 226, 227, 228, 229, 230, 231, 232, 233, 234, 235, 236, 237, 238, 239, 240, 241, 242, 243, 244, 245 ],
            "B": [ 42, 43, 44 ],
            "Y": [ 184, 185, 67, 68, 69, 70, 71, 72, 73, 74, 75, 76, 77 ]
          }
        },
        "$mul$designs/39/top.sv:20$7": {
          "hide_name": 1,
          "type": "$mul",
          "parameters": {
            "A_SIGNED": "00000000000000000000000000000000",
            "A_WIDTH": "00000000000000000000000000011001",
            "B_SIGNED": "00000000000000000000000000000000",
            "B_WIDTH": "00000000000000000000000000000011",
            "Y_WIDTH": "00000000000000000000000000011001"
          },
          "attributes": {
            "src": "designs/39/top.sv:20.54-20.103"
          },
          "port_directions": {
            "A": "input",
            "B": "input",
            "Y": "output"
          },
          "connections": {
            "A": [ 17, 18, 19, 20, 21, 22, 23, 24, 25, 26, 27, 28, 29, 30, 31, 32, 33, 34, 35, 36, 37, 38, 39, 40, 41 ],
            "B": [ 11, 12, 13 ],
            "Y": [ 246, 247, 248, 249, 250, 251, 252, 253, 254, 255, 256, 257, 258, 259, 260, 261, 262, 263, 264, 265, 266, 267, 268, 269, 270 ]
          }
        },
        "$mul$designs/39/top.sv:25$30": {
          "hide_name": 1,
          "type": "$mul",
          "parameters": {
            "A_SIGNED": "00000000000000000000000000000000",
            "A_WIDTH": "00000000000000000000000000011001",
            "B_SIGNED": "00000000000000000000000000000000",
            "B_WIDTH": "00000000000000000000000000001001",
            "Y_WIDTH": "00000000000000000000000000001110"
          },
          "attributes": {
            "src": "designs/39/top.sv:25.31-25.108"
          },
          "port_directions": {
            "A": "input",
            "B": "input",
            "Y": "output"
          },
          "connections": {
            "A": [ 271, 272, 273, 274, 275, 276, 276, 276, 276, 276, 276, 276, 276, 276, 276, 276, 276, 276, 276, 276, 276, 276, 276, 276, 276 ],
            "B": [ 277, 278, 279, 280, 198, 199, 200, 281, 282 ],
            "Y": [ 204, 205, 206, 207, 208, 209, 210, 211, 212, 213, 214, 215, 216, 143 ]
          }
        },
        "$mul$designs/39/top.sv:30$50": {
          "hide_name": 1,
          "type": "$mul",
          "parameters": {
            "A_SIGNED": "00000000000000000000000000000000",
            "A_WIDTH": "00000000000000000000000000011001",
            "B_SIGNED": "00000000000000000000000000000000",
            "B_WIDTH": "00000000000000000000000000011001",
            "Y_WIDTH": "00000000000000000000000000000110"
          },
          "attributes": {
            "src": "designs/39/top.sv:30.35-30.140"
          },
          "port_directions": {
            "A": "input",
            "B": "input",
            "Y": "output"
          },
          "connections": {
            "A": [ 170, 171, 172, 173, 174, 175, 176, 177, 178, 179, 180, 181, 283, 284, 285, 286, 287, 288, 289, 290, 291, 292, 293, 294, 295 ],
            "B": [ 183, "1", "1", "1", "1", "1", "1", "1", "1", "1", "1", "1", "1", "1", "1", "1", "1", "1", "1", "1", "1", "1", "1", "1", "1" ],
            "Y": [ 5, 6, 7, 8, 9, 10 ]
          }
        },
        "$not$designs/39/top.sv:23$19": {
          "hide_name": 1,
          "type": "$not",
          "parameters": {
            "A_SIGNED": "00000000000000000000000000000000",
            "A_WIDTH": "00000000000000000000000000001001",
            "Y_WIDTH": "00000000000000000000000000001001"
          },
          "attributes": {
            "src": "designs/39/top.sv:23.58-23.65"
          },
          "port_directions": {
            "A": "input",
            "Y": "output"
          },
          "connections": {
            "A": [ 65, 66, 67, 68, 69, 70, 71, 72, 73 ],
            "Y": [ 188, 189, 190, 296, 297, 298, 299, 300, 301 ]
          }
        },
        "$or$designs/39/top.sv:22$17": {
          "hide_name": 1,
          "type": "$or",
          "parameters": {
            "A_SIGNED": "00000000000000000000000000000000",
            "A_WIDTH": "00000000000000000000000000000011",
            "B_SIGNED": "00000000000000000000000000000000",
            "B_WIDTH": "00000000000000000000000000000011",
            "Y_WIDTH": "00000000000000000000000000000011"
          },
          "attributes": {
            "src": "designs/39/top.sv:22.31-22.105"
          },
          "port_directions": {
            "A": "input",
            "B": "input",
            "Y": "output"
          },
          "connections": {
            "A": [ 187, 43, 44 ],
            "B": [ 195, 196, 197 ],
            "Y": [ 218, 219, 220 ]
          }
        },
        "$sub$designs/39/top.sv:20$8": {
          "hide_name": 1,
          "type": "$sub",
          "parameters": {
            "A_SIGNED": "00000000000000000000000000000000",
            "A_WIDTH": "00000000000000000000000000011001",
            "B_SIGNED": "00000000000000000000000000000000",
            "B_WIDTH": "00000000000000000000000000000011",
            "Y_WIDTH": "00000000000000000000000000011001"
          },
          "attributes": {
            "src": "designs/39/top.sv:20.43-20.118"
          },
          "port_directions": {
            "A": "input",
            "B": "input",
            "Y": "output"
          },
          "connections": {
            "A": [ 246, 247, 248, 249, 250, 251, 252, 253, 254, 255, 256, 257, 258, 259, 260, 261, 262, 263, 264, 265, 266, 267, 268, 269, 270 ],
            "B": [ 2, 3, 4 ],
            "Y": [ 302, 303, 304, 305, 306, 307, 308, 309, 310, 311, 312, 313, 314, 315, 316, 317, 318, 319, 320, 321, 322, 323, 324, 325, 326 ]
          }
        },
        "$sub$designs/39/top.sv:20$9": {
          "hide_name": 1,
          "type": "$sub",
          "parameters": {
            "A_SIGNED": "00000000000000000000000000000000",
            "A_WIDTH": "00000000000000000000000000011001",
            "B_SIGNED": "00000000000000000000000000000000",
            "B_WIDTH": "00000000000000000000000000000011",
            "Y_WIDTH": "00000000000000000000000000011001"
          },
          "attributes": {
            "src": "designs/39/top.sv:20.34-20.135"
          },
          "port_directions": {
            "A": "input",
            "B": "input",
            "Y": "output"
          },
          "connections": {
            "A": [ 302, 303, 304, 305, 306, 307, 308, 309, 310, 311, 312, 313, 314, 315, 316, 317, 318, 319, 320, 321, 322, 323, 324, 325, 326 ],
            "B": [ 42, 43, 44 ],
            "Y": [ 221, 222, 223, 224, 225, 226, 227, 228, 229, 230, 231, 232, 233, 234, 235, 236, 237, 238, 239, 240, 241, 242, 243, 244, 245 ]
          }
        },
        "$sub$designs/39/top.sv:21$13": {
          "hide_name": 1,
          "type": "$sub",
          "parameters": {
            "A_SIGNED": "00000000000000000000000000000000",
            "A_WIDTH": "00000000000000000000000000000011",
            "B_SIGNED": "00000000000000000000000000000000",
            "B_WIDTH": "00000000000000000000000000000011",
            "Y_WIDTH": "00000000000000000000000000000011"
          },
          "attributes": {
            "src": "designs/39/top.sv:21.22-21.78"
          },
          "port_directions": {
            "A": "input",
            "B": "input",
            "Y": "output"
          },
          "connections": {
            "A": [ 45, 46, 47 ],
            "B": [ 42, 43, 44 ],
            "Y": [ 195, 196, 197 ]
          }
        },
        "$sub$designs/39/top.sv:23$21": {
          "hide_name": 1,
          "type": "$sub",
          "parameters": {
            "A_SIGNED": "00000000000000000000000000000000",
            "A_WIDTH": "00000000000000000000000000001001",
            "B_SIGNED": "00000000000000000000000000000000",
            "B_WIDTH": "00000000000000000000000000001001",
            "Y_WIDTH": "00000000000000000000000000001001"
          },
          "attributes": {
            "src": "designs/39/top.sv:23.22-23.77"
          },
          "port_directions": {
            "A": "input",
            "B": "input",
            "Y": "output"
          },
          "connections": {
            "A": [ 191, 192, 193, 296, 297, 298, 299, 300, 301 ],
            "B": [ 65, 66, 67, 68, 69, 70, 71, 72, 73 ],
            "Y": [ 277, 278, 279, 280, 198, 199, 200, 281, 282 ]
          }
        },
        "$sub$designs/39/top.sv:24$23": {
          "hide_name": 1,
          "type": "$sub",
          "parameters": {
            "A_SIGNED": "00000000000000000000000000000000",
            "A_WIDTH": "00000000000000000000000000000011",
            "B_SIGNED": "00000000000000000000000000000000",
            "B_WIDTH": "00000000000000000000000000000110",
            "Y_WIDTH": "00000000000000000000000000000110"
          },
          "attributes": {
            "src": "designs/39/top.sv:24.52-24.83"
          },
          "port_directions": {
            "A": "input",
            "B": "input",
            "Y": "output"
          },
          "connections": {
            "A": [ 2, 3, 4 ],
            "B": [ 194, "1", "1", "1", "1", "1" ],
            "Y": [ 48, 49, 50, 51, 52, 53 ]
          }
        },
        "$sub$designs/39/top.sv:24$27": {
          "hide_name": 1,
          "type": "$sub",
          "parameters": {
            "A_SIGNED": "00000000000000000000000000000000",
            "A_WIDTH": "00000000000000000000000000001110",
            "B_SIGNED": "00000000000000000000000000000000",
            "B_WIDTH": "00000000000000000000000000001001",
            "Y_WIDTH": "00000000000000000000000000001111"
          },
          "attributes": {
            "src": "designs/39/top.sv:24.22-24.132"
          },
          "port_directions": {
            "A": "input",
            "B": "input",
            "Y": "output"
          },
          "connections": {
            "A": [ 78, 79, 80, 81, 82, 83, 84, 85, 86, 87, 88, 89, 90, 91 ],
            "B": [ 69, 70, 71, 72, 73, 74, 75, 76, 77 ],
            "Y": [ 92, 93, 94, 95, 96, 97, 98, 99, 100, 101, 102, 103, 104, 105, 106 ]
          }
        },
        "$sub$designs/39/top.sv:25$29": {
          "hide_name": 1,
          "type": "$sub",
          "parameters": {
            "A_SIGNED": "00000000000000000000000000000000",
            "A_WIDTH": "00000000000000000000000000000101",
            "B_SIGNED": "00000000000000000000000000000000",
            "B_WIDTH": "00000000000000000000000000000011",
            "Y_WIDTH": "00000000000000000000000000000110"
          },
          "attributes": {
            "src": "designs/39/top.sv:25.40-25.97"
          },
          "port_directions": {
            "A": "input",
            "B": "input",
            "Y": "output"
          },
          "connections": {
            "A": [ 201, 202, 203, "0", "0" ],
            "B": [ 42, 43, 44 ],
            "Y": [ 271, 272, 273, 274, 275, 276 ]
          }
        },
        "$sub$designs/39/top.sv:27$39": {
          "hide_name": 1,
          "type": "$sub",
          "parameters": {
            "A_SIGNED": "00000000000000000000000000000000",
            "A_WIDTH": "00000000000000000000000000000010",
            "B_SIGNED": "00000000000000000000000000000000",
            "B_WIDTH": "00000000000000000000000000000001",
            "Y_WIDTH": "00000000000000000000000000000010"
          },
          "attributes": {
            "src": "designs/39/top.sv:27.22-27.73"
          },
          "port_directions": {
            "A": "input",
            "B": "input",
            "Y": "output"
          },
          "connections": {
            "A": [ 327, 328 ],
            "B": [ 54 ],
            "Y": [ 329, 182 ]
          }
        },
        "$sub$designs/39/top.sv:30$46": {
          "hide_name": 1,
          "type": "$sub",
          "parameters": {
            "A_SIGNED": "00000000000000000000000000000000",
            "A_WIDTH": "00000000000000000000000000010001",
            "B_SIGNED": "00000000000000000000000000000000",
            "B_WIDTH": "00000000000000000000000000011001",
            "Y_WIDTH": "00000000000000000000000000011001"
          },
          "attributes": {
            "src": "designs/39/top.sv:30.55-30.104"
          },
          "port_directions": {
            "A": "input",
            "B": "input",
            "Y": "output"
          },
          "connections": {
            "A": [ 107, 108, 109, 110, 111, 112, 113, 114, 115, 116, 117, 118, 119, 120, 121, 122, 123 ],
            "B": [ 144, 145, 146, 147, 148, 149, 150, 151, 152, 153, 154, 155, 156, 157, "1", "1", "1", "1", "1", "1", "1", "1", "1", "1", "1" ],
            "Y": [ 158, 159, 160, 161, 162, 163, 164, 165, 166, 167, 168, 169, 283, 284, 285, 286, 287, 288, 289, 290, 291, 292, 293, 294, 295 ]
          }
        },
        "$xor$designs/39/top.sv:27$38": {
          "hide_name": 1,
          "type": "$xor",
          "parameters": {
            "A_SIGNED": "00000000000000000000000000000000",
            "A_WIDTH": "00000000000000000000000000000010",
            "B_SIGNED": "00000000000000000000000000000000",
            "B_WIDTH": "00000000000000000000000000000010",
            "Y_WIDTH": "00000000000000000000000000000010"
          },
          "attributes": {
            "src": "designs/39/top.sv:27.33-27.62"
          },
          "port_directions": {
            "A": "input",
            "B": "input",
            "Y": "output"
          },
          "connections": {
            "A": [ 42, 43 ],
            "B": [ 277, 278 ],
            "Y": [ 327, 328 ]
          }
        }
      },
      "netnames": {
        "$add$designs/39/top.sv:20$6_Y": {
          "hide_name": 1,
          "bits": [ 17, 18, 19, 20, 21, 22, 23, 24, 25, 26, 27, 28, 29, 30, 31, 32, 33, 34, 35, 36, 37, 38, 39, 40, 41 ],
          "attributes": {
            "src": "designs/39/top.sv:20.65-20.92"
          }
        },
        "$add$designs/39/top.sv:21$12_Y": {
          "hide_name": 1,
          "bits": [ 45, 46, 47, 330, "0", "0", "0", "0", "0", "0", "0", "0", "0", "0", "0", "0", "0", "0", "0", "0", "0" ],
          "attributes": {
            "src": "designs/39/top.sv:21.31-21.67",
            "unused_bits": "3"
          }
        },
        "$add$designs/39/top.sv:24$24_Y": {
          "hide_name": 1,
          "bits": [ 55, 56, 57, 58, 59, 60, 61, "0", "0", "0", "0", "0", "0", "0", "0", "0", "0", "0", "0", "0", "0", "0", "0", "0", "0" ],
          "attributes": {
            "src": "designs/39/top.sv:24.43-24.94"
          }
        },
        "$add$designs/39/top.sv:24$26_Y": {
          "hide_name": 1,
          "bits": [ 78, 79, 80, 81, 82, 83, 84, 85, 86, 87, 88, 89, 90, 91, "0", "0", "0", "0", "0", "0", "0", "0", "0", "0", "0" ],
          "attributes": {
            "src": "designs/39/top.sv:24.33-24.115"
          }
        },
        "$add$designs/39/top.sv:30$43_Y": {
          "hide_name": 1,
          "bits": [ 107, 108, 109, 110, 111, 112, 113, 114, 115, 116, 117, 118, 119, 120, 121, 122 ],
          "attributes": {
          }
        },
        "$and$designs/39/top.sv:18$1_Y": {
          "hide_name": 1,
          "bits": [ 124, 125, 126 ],
          "attributes": {
            "src": "designs/39/top.sv:18.44-18.78"
          }
        },
        "$and$designs/39/top.sv:18$2_Y": {
          "hide_name": 1,
          "bits": [ 127, 128, 129 ],
          "attributes": {
            "src": "designs/39/top.sv:18.33-18.93"
          }
        },
        "$and$designs/39/top.sv:25$28_Y": {
          "hide_name": 1,
          "bits": [ 201, 202, 203, "0", "0" ],
          "attributes": {
            "src": "designs/39/top.sv:25.49-25.80"
          }
        },
        "$auto$opt_expr.cc:205:group_cell_inputs$103": {
          "hide_name": 1,
          "bits": [ 144, 145, 146, 147, 148, 149, 150, 151, 152, 153, 154, 155, 156, 157 ],
          "attributes": {
          }
        },
        "$auto$opt_expr.cc:205:group_cell_inputs$107": {
          "hide_name": 1,
          "bits": [ 170, 171, 172, 173, 174, 175, 176, 177, 178, 179, 180, 181 ],
          "attributes": {
          }
        },
        "$auto$opt_expr.cc:205:group_cell_inputs$109": {
          "hide_name": 1,
          "bits": [ 283, 284, 285, 286, 287, 288, 289, 290, 291, 292, 293, 294, 295 ],
          "attributes": {
          }
        },
        "$auto$opt_expr.cc:205:group_cell_inputs$110": {
          "hide_name": 1,
          "bits": [ 183 ],
          "attributes": {
          }
        },
        "$auto$opt_expr.cc:205:group_cell_inputs$57": {
          "hide_name": 1,
          "bits": [ 14, 15, 16 ],
          "attributes": {
          }
        },
        "$auto$opt_expr.cc:205:group_cell_inputs$64": {
          "hide_name": 1,
          "bits": [ 187 ],
          "attributes": {
          }
        },
        "$auto$opt_expr.cc:205:group_cell_inputs$67": {
          "hide_name": 1,
          "bits": [ 191, 192, 193 ],
          "attributes": {
          }
        },
        "$auto$opt_expr.cc:205:group_cell_inputs$69": {
          "hide_name": 1,
          "bits": [ 296, 297, 298, 299, 300, 301 ],
          "attributes": {
          }
        },
        "$auto$opt_expr.cc:205:group_cell_inputs$70": {
          "hide_name": 1,
          "bits": [ 194 ],
          "attributes": {
          }
        },
        "$auto$opt_expr.cc:205:group_cell_inputs$74": {
          "hide_name": 1,
          "bits": [ 62, 63, 64 ],
          "attributes": {
          }
        },
        "$auto$wreduce.cc:514:run$53": {
          "hide_name": 1,
          "bits": [ 107, 108, 109, 110, 111, 112, 113, 114, 115, 116, 117, 118, 119, 120, 121, 122, 123, "0", "0", "0", "0", "0", "0", "0", "0" ],
          "attributes": {
            "src": "designs/39/top.sv:30.64-30.90"
          }
        },
        "$auto$wreduce.cc:514:run$54": {
          "hide_name": 1,
          "bits": [ 327, 328, 331, 332, 333, "0", "0", "0", "0", "0", "0", "0", "0", "0", "0", "0", "0", "0", "0", "0", "0", "0", "0", "0", "0" ],
          "attributes": {
            "src": "designs/39/top.sv:27.33-27.62",
            "unused_bits": "2 3 4"
          }
        },
        "$auto$wreduce.cc:514:run$55": {
          "hide_name": 1,
          "bits": [ 204, 205, 206, 207, 208, 209, 210, 211, 212, 213, 214, 215, 216, 143, 334, 335, 336, 337, 338, 339, 340, 341, 342, 343, 344 ],
          "attributes": {
            "src": "designs/39/top.sv:25.31-25.108",
            "unused_bits": "14 15 16 17 18 19 20 21 22 23 24"
          }
        },
        "$gt$designs/39/top.sv:22$14_Y": {
          "hide_name": 1,
          "bits": [ 217 ],
          "attributes": {
            "src": "designs/39/top.sv:22.44-22.74"
          }
        },
        "$lt$designs/39/top.sv:22$15_Y": {
          "hide_name": 1,
          "bits": [ 186, "0", "0", "0", "0", "0", "0", "0", "0", "0", "0", "0", "0", "0", "0", "0", "0", "0", "0", "0", "0", "0", "0", "0", "0" ],
          "attributes": {
            "src": "designs/39/top.sv:22.33-22.85"
          }
        },
        "$mul$designs/39/top.sv:20$10_Y": {
          "hide_name": 1,
          "bits": [ 184, 185, 67, 68, 69, 70, 71, 72, 73, 74, 75, 76, 77, 345, 346, 347, 348, 349, 350, 351, 352, 353, 354, 355, 356 ],
          "attributes": {
            "src": "designs/39/top.sv:20.23-20.151",
            "unused_bits": "13 14 15 16 17 18 19 20 21 22 23 24"
          }
        },
        "$mul$designs/39/top.sv:20$7_Y": {
          "hide_name": 1,
          "bits": [ 246, 247, 248, 249, 250, 251, 252, 253, 254, 255, 256, 257, 258, 259, 260, 261, 262, 263, 264, 265, 266, 267, 268, 269, 270 ],
          "attributes": {
            "src": "designs/39/top.sv:20.54-20.103"
          }
        },
        "$not$designs/39/top.sv:23$19_Y": {
          "hide_name": 1,
          "bits": [ 188, 189, 190, 296, 297, 298, 299, 300, 301, 357, 358, 359, 360 ],
          "attributes": {
            "src": "designs/39/top.sv:23.58-23.65",
            "unused_bits": "9 10 11 12"
          }
        },
        "$or$designs/39/top.sv:22$17_Y": {
          "hide_name": 1,
          "bits": [ 218, 219, 220, "0", "0", "0", "0", "0", "0", "0", "0", "0", "0", "0", "0", "0", "0", "0", "0", "0", "0", "0", "0", "0", "0" ],
          "attributes": {
            "src": "designs/39/top.sv:22.31-22.105"
          }
        },
        "$sub$designs/39/top.sv:20$8_Y": {
          "hide_name": 1,
          "bits": [ 302, 303, 304, 305, 306, 307, 308, 309, 310, 311, 312, 313, 314, 315, 316, 317, 318, 319, 320, 321, 322, 323, 324, 325, 326 ],
          "attributes": {
            "src": "designs/39/top.sv:20.43-20.118"
          }
        },
        "$sub$designs/39/top.sv:20$9_Y": {
          "hide_name": 1,
          "bits": [ 221, 222, 223, 224, 225, 226, 227, 228, 229, 230, 231, 232, 233, 234, 235, 236, 237, 238, 239, 240, 241, 242, 243, 244, 245 ],
          "attributes": {
            "src": "designs/39/top.sv:20.34-20.135"
          }
        },
        "$sub$designs/39/top.sv:24$23_Y": {
          "hide_name": 1,
          "bits": [ 48, 49, 50, 51, 52, 53 ],
          "attributes": {
            "src": "designs/39/top.sv:24.52-24.83"
          }
        },
        "$sub$designs/39/top.sv:25$29_Y": {
          "hide_name": 1,
          "bits": [ 271, 272, 273, 274, 275, 276, 276, 276, 276, 276, 276, 276, 276, 276, 276, 276, 276, 276, 276, 276, 276, 276, 276, 276, 276 ],
          "attributes": {
            "src": "designs/39/top.sv:25.40-25.97"
          }
        },
        "$sub$designs/39/top.sv:30$46_Y": {
          "hide_name": 1,
          "bits": [ 158, 159, 160, 161, 162, 163, 164, 165, 166, 167, 168, 169, 283, 284, 285, 286, 287, 288, 289, 290, 291, 292, 293, 294, 295 ],
          "attributes": {
            "src": "designs/39/top.sv:30.55-30.104"
          }
        },
        "input_data": {
          "hide_name": 0,
          "bits": [ 2, 3, 4 ],
          "attributes": {
            "src": "designs/39/top.sv:2.17-2.27"
          }
        },
        "output_data": {
          "hide_name": 0,
          "bits": [ 5, 6, 7, 8, 9, 10 ],
          "attributes": {
            "src": "designs/39/top.sv:3.18-3.29"
          }
        },
        "temp_0": {
          "hide_name": 0,
          "bits": [ 42, 43, 44, "0", "0", "0", "0", "0", "0", "0", "0", "0", "0", "0", "0", "0", "0", "0", "0", "0", "0", "0", "0", "0", "0" ],
          "attributes": {
            "src": "designs/39/top.sv:6.18-6.24"
          }
        },
        "temp_1": {
          "hide_name": 0,
          "bits": [ 11, 12, 13, "0", "0", "0", "0", "0", "0" ],
          "attributes": {
            "src": "designs/39/top.sv:7.17-7.23"
          }
        },
        "temp_2": {
          "hide_name": 0,
          "bits": [ 65, 66, 67, 68, 69, 70, 71, 72, 73, 74, 75, 76, 77 ],
          "attributes": {
            "src": "designs/39/top.sv:8.18-8.24"
          }
        },
        "temp_3": {
          "hide_name": 0,
          "bits": [ 195, 196, 197 ],
          "attributes": {
            "src": "designs/39/top.sv:9.17-9.23"
          }
        },
        "temp_4": {
          "hide_name": 0,
          "bits": [ 54, "0", "0", "0", "0", "0" ],
          "attributes": {
            "src": "designs/39/top.sv:10.17-10.23"
          }
        },
        "temp_5": {
          "hide_name": 0,
          "bits": [ 277, 278, 279, 280, 198, 199, 200, 281, 282 ],
          "attributes": {
            "src": "designs/39/top.sv:11.17-11.23"
          }
        },
        "temp_6": {
          "hide_name": 0,
          "bits": [ 92, 93, 94, 95, 96, 97, 98, 99, 100, 101, 102, 103, 104, 105, 106, 106 ],
          "attributes": {
            "src": "designs/39/top.sv:12.18-12.24"
          }
        },
        "temp_7": {
          "hide_name": 0,
          "bits": [ 130, 131, 132, 133, 134, 135, 136, 137, 138, 139, 140, 141, 142, 143 ],
          "attributes": {
            "src": "designs/39/top.sv:13.18-13.24"
          }
        },
        "temp_9": {
          "hide_name": 0,
          "bits": [ 329, 182 ],
          "attributes": {
            "src": "designs/39/top.sv:15.17-15.23",
            "unused_bits": "0 "
          }
        }
      }
    }
  }
}
