{
  "creator": "Yosys 0.60 (git sha1 5bafeb77dc71e054fa331ab9efa613e6fb0a1c49, clang++ 17.0.0 -fPIC -O3)",
  "modules": {
    "top": {
      "attributes": {
        "top": "00000000000000000000000000000001",
        "src": "designs/246/top.sv:1.1-26.10"
      },
      "ports": {
        "input_data": {
          "direction": "input",
          "bits": [ 2, 3, 4 ]
        },
        "output_data": {
          "direction": "output",
          "bits": [ 5, 6, 7, 8, 9, 10 ]
        }
      },
      "cells": {
        "$add$designs/246/top.sv:16$17": {
          "hide_name": 1,
          "type": "$add",
          "parameters": {
            "A_SIGNED": "00000000000000000000000000000000",
            "A_WIDTH": "00000000000000000000000000011000",
            "B_SIGNED": "00000000000000000000000000000000",
            "B_WIDTH": "00000000000000000000000000000110",
            "Y_WIDTH": "00000000000000000000000000011000"
          },
          "attributes": {
            "src": "designs/246/top.sv:16.28-16.98"
          },
          "port_directions": {
            "A": "input",
            "B": "input",
            "Y": "output"
          },
          "connections": {
            "A": [ 11, 12, 13, 14, 15, 16, "0", "1", "0", "1", "1", "1", "1", "1", "0", "1", "1", "1", "1", "1", "1", "1", "1", "0" ],
            "B": [ 17, 18, 19, 20, 21, 22 ],
            "Y": [ 23, 24, 25, 26, 27, 28, 29, 30, 31, 32, 33, 34, 35, 36, 37, 38, 39, 40, 41, 42, 43, 44, 45, 46 ]
          }
        },
        "$add$designs/246/top.sv:16$19": {
          "hide_name": 1,
          "type": "$add",
          "parameters": {
            "A_SIGNED": "00000000000000000000000000000000",
            "A_WIDTH": "00000000000000000000000000011000",
            "B_SIGNED": "00000000000000000000000000000000",
            "B_WIDTH": "00000000000000000000000000000110",
            "Y_WIDTH": "00000000000000000000000000011000"
          },
          "attributes": {
            "src": "designs/246/top.sv:16.26-16.122"
          },
          "port_directions": {
            "A": "input",
            "B": "input",
            "Y": "output"
          },
          "connections": {
            "A": [ 47, 48, 49, 26, 27, 28, 29, 30, 31, 32, 33, 34, 35, 36, 37, 38, 39, 40, 41, 42, 43, 44, 45, 46 ],
            "B": [ 17, 18, 19, 20, 21, 22 ],
            "Y": [ 50, 51, 52, 53, 54, 55, 56, 57, 58, 59, 60, 61, 62, 63, 64, 65, 66, 67, 68, 69, 70, 71, 72, 73 ]
          }
        },
        "$add$designs/246/top.sv:17$32": {
          "hide_name": 1,
          "type": "$add",
          "parameters": {
            "A_SIGNED": "00000000000000000000000000000000",
            "A_WIDTH": "00000000000000000000000000001011",
            "B_SIGNED": "00000000000000000000000000000000",
            "B_WIDTH": "00000000000000000000000000000110",
            "Y_WIDTH": "00000000000000000000000000001011"
          },
          "attributes": {
            "src": "designs/246/top.sv:17.32-17.130"
          },
          "port_directions": {
            "A": "input",
            "B": "input",
            "Y": "output"
          },
          "connections": {
            "A": [ 74, 75, 76, "0", "0", "0", "0", "0", "0", "0", "0" ],
            "B": [ 17, 18, 19, 20, 21, 22 ],
            "Y": [ 77, 78, 79, 80, 81, 82, 83, 84, 85, 86, 87 ]
          }
        },
        "$add$designs/246/top.sv:18$37": {
          "hide_name": 1,
          "type": "$add",
          "parameters": {
            "A_SIGNED": "00000000000000000000000000000000",
            "A_WIDTH": "00000000000000000000000000011000",
            "B_SIGNED": "00000000000000000000000000000000",
            "B_WIDTH": "00000000000000000000000000000110",
            "Y_WIDTH": "00000000000000000000000000011000"
          },
          "attributes": {
            "src": "designs/246/top.sv:18.29-18.69"
          },
          "port_directions": {
            "A": "input",
            "B": "input",
            "Y": "output"
          },
          "connections": {
            "A": [ 88, 89, 90, 91, 92, 93, 83, 84, 85, 86, 87, "0", "0", "0", "0", "0", "0", "0", "0", "0", "0", "0", "0", "0" ],
            "B": [ 17, 18, 19, 20, 21, 22 ],
            "Y": [ 94, 95, 96, 97, 98, 99, 100, 101, 102, 103, 104, 105, 106, 107, 108, 109, 110, 111, 112, 113, 114, 115, 116, 117 ]
          }
        },
        "$add$designs/246/top.sv:18$45": {
          "hide_name": 1,
          "type": "$add",
          "parameters": {
            "A_SIGNED": "00000000000000000000000000000000",
            "A_WIDTH": "00000000000000000000000000010100",
            "B_SIGNED": "00000000000000000000000000000000",
            "B_WIDTH": "00000000000000000000000000000011",
            "Y_WIDTH": "00000000000000000000000000010100"
          },
          "attributes": {
            "src": "designs/246/top.sv:18.23-18.145"
          },
          "port_directions": {
            "A": "input",
            "B": "input",
            "Y": "output"
          },
          "connections": {
            "A": [ 118, 119, 120, 121, 122, 123, 124, 125, 126, 127, 128, 129, 130, 131, 132, 133, 134, 135, 136, 137 ],
            "B": [ 2, 3, 4 ],
            "Y": [ 138, 139, 140, 141, 142, 143, 144, 145, 146, 147, 148, 149, 150, 151, 152, 153, 154, 155, 156, 157 ]
          }
        },
        "$auto$opt_expr.cc:250:group_cell_inputs$171": {
          "hide_name": 1,
          "type": "$not",
          "parameters": {
            "A_SIGNED": "00000000000000000000000000000000",
            "A_WIDTH": "00000000000000000000000000000001",
            "Y_WIDTH": "00000000000000000000000000000001"
          },
          "attributes": {
          },
          "port_directions": {
            "A": "input",
            "Y": "output"
          },
          "connections": {
            "A": [ 158 ],
            "Y": [ 159 ]
          }
        },
        "$auto$opt_expr.cc:250:group_cell_inputs$173": {
          "hide_name": 1,
          "type": "$not",
          "parameters": {
            "A_SIGNED": "00000000000000000000000000000000",
            "A_WIDTH": "00000000000000000000000000000001",
            "Y_WIDTH": "00000000000000000000000000000001"
          },
          "attributes": {
          },
          "port_directions": {
            "A": "input",
            "Y": "output"
          },
          "connections": {
            "A": [ 160 ],
            "Y": [ 161 ]
          }
        },
        "$auto$opt_expr.cc:250:group_cell_inputs$175": {
          "hide_name": 1,
          "type": "$not",
          "parameters": {
            "A_SIGNED": "00000000000000000000000000000000",
            "A_WIDTH": "00000000000000000000000000000001",
            "Y_WIDTH": "00000000000000000000000000000001"
          },
          "attributes": {
          },
          "port_directions": {
            "A": "input",
            "Y": "output"
          },
          "connections": {
            "A": [ 162 ],
            "Y": [ 163 ]
          }
        },
        "$auto$opt_expr.cc:250:group_cell_inputs$177": {
          "hide_name": 1,
          "type": "$not",
          "parameters": {
            "A_SIGNED": "00000000000000000000000000000000",
            "A_WIDTH": "00000000000000000000000000000001",
            "Y_WIDTH": "00000000000000000000000000000001"
          },
          "attributes": {
          },
          "port_directions": {
            "A": "input",
            "Y": "output"
          },
          "connections": {
            "A": [ 164 ],
            "Y": [ 165 ]
          }
        },
        "$auto$opt_expr.cc:250:group_cell_inputs$179": {
          "hide_name": 1,
          "type": "$not",
          "parameters": {
            "A_SIGNED": "00000000000000000000000000000000",
            "A_WIDTH": "00000000000000000000000000000001",
            "Y_WIDTH": "00000000000000000000000000000001"
          },
          "attributes": {
          },
          "port_directions": {
            "A": "input",
            "Y": "output"
          },
          "connections": {
            "A": [ 166 ],
            "Y": [ 167 ]
          }
        },
        "$auto$opt_expr.cc:250:group_cell_inputs$181": {
          "hide_name": 1,
          "type": "$not",
          "parameters": {
            "A_SIGNED": "00000000000000000000000000000000",
            "A_WIDTH": "00000000000000000000000000000001",
            "Y_WIDTH": "00000000000000000000000000000001"
          },
          "attributes": {
          },
          "port_directions": {
            "A": "input",
            "Y": "output"
          },
          "connections": {
            "A": [ 168 ],
            "Y": [ 169 ]
          }
        },
        "$auto$opt_expr.cc:250:group_cell_inputs$183": {
          "hide_name": 1,
          "type": "$not",
          "parameters": {
            "A_SIGNED": "00000000000000000000000000000000",
            "A_WIDTH": "00000000000000000000000000000001",
            "Y_WIDTH": "00000000000000000000000000000001"
          },
          "attributes": {
          },
          "port_directions": {
            "A": "input",
            "Y": "output"
          },
          "connections": {
            "A": [ 170 ],
            "Y": [ 171 ]
          }
        },
        "$auto$opt_expr.cc:250:group_cell_inputs$185": {
          "hide_name": 1,
          "type": "$not",
          "parameters": {
            "A_SIGNED": "00000000000000000000000000000000",
            "A_WIDTH": "00000000000000000000000000000001",
            "Y_WIDTH": "00000000000000000000000000000001"
          },
          "attributes": {
          },
          "port_directions": {
            "A": "input",
            "Y": "output"
          },
          "connections": {
            "A": [ 172 ],
            "Y": [ 173 ]
          }
        },
        "$auto$opt_expr.cc:250:group_cell_inputs$187": {
          "hide_name": 1,
          "type": "$not",
          "parameters": {
            "A_SIGNED": "00000000000000000000000000000000",
            "A_WIDTH": "00000000000000000000000000000001",
            "Y_WIDTH": "00000000000000000000000000000001"
          },
          "attributes": {
          },
          "port_directions": {
            "A": "input",
            "Y": "output"
          },
          "connections": {
            "A": [ 174 ],
            "Y": [ 175 ]
          }
        },
        "$auto$opt_expr.cc:250:group_cell_inputs$189": {
          "hide_name": 1,
          "type": "$not",
          "parameters": {
            "A_SIGNED": "00000000000000000000000000000000",
            "A_WIDTH": "00000000000000000000000000000001",
            "Y_WIDTH": "00000000000000000000000000000001"
          },
          "attributes": {
          },
          "port_directions": {
            "A": "input",
            "Y": "output"
          },
          "connections": {
            "A": [ 176 ],
            "Y": [ 177 ]
          }
        },
        "$auto$opt_expr.cc:250:group_cell_inputs$191": {
          "hide_name": 1,
          "type": "$not",
          "parameters": {
            "A_SIGNED": "00000000000000000000000000000000",
            "A_WIDTH": "00000000000000000000000000000001",
            "Y_WIDTH": "00000000000000000000000000000001"
          },
          "attributes": {
          },
          "port_directions": {
            "A": "input",
            "Y": "output"
          },
          "connections": {
            "A": [ 178 ],
            "Y": [ 179 ]
          }
        },
        "$auto$opt_expr.cc:250:group_cell_inputs$193": {
          "hide_name": 1,
          "type": "$not",
          "parameters": {
            "A_SIGNED": "00000000000000000000000000000000",
            "A_WIDTH": "00000000000000000000000000000001",
            "Y_WIDTH": "00000000000000000000000000000001"
          },
          "attributes": {
          },
          "port_directions": {
            "A": "input",
            "Y": "output"
          },
          "connections": {
            "A": [ 180 ],
            "Y": [ 181 ]
          }
        },
        "$auto$opt_expr.cc:250:group_cell_inputs$195": {
          "hide_name": 1,
          "type": "$not",
          "parameters": {
            "A_SIGNED": "00000000000000000000000000000000",
            "A_WIDTH": "00000000000000000000000000000001",
            "Y_WIDTH": "00000000000000000000000000000001"
          },
          "attributes": {
          },
          "port_directions": {
            "A": "input",
            "Y": "output"
          },
          "connections": {
            "A": [ 182 ],
            "Y": [ 183 ]
          }
        },
        "$auto$opt_expr.cc:250:group_cell_inputs$197": {
          "hide_name": 1,
          "type": "$not",
          "parameters": {
            "A_SIGNED": "00000000000000000000000000000000",
            "A_WIDTH": "00000000000000000000000000000001",
            "Y_WIDTH": "00000000000000000000000000000001"
          },
          "attributes": {
          },
          "port_directions": {
            "A": "input",
            "Y": "output"
          },
          "connections": {
            "A": [ 184 ],
            "Y": [ 185 ]
          }
        },
        "$auto$opt_expr.cc:250:group_cell_inputs$199": {
          "hide_name": 1,
          "type": "$not",
          "parameters": {
            "A_SIGNED": "00000000000000000000000000000000",
            "A_WIDTH": "00000000000000000000000000000001",
            "Y_WIDTH": "00000000000000000000000000000001"
          },
          "attributes": {
          },
          "port_directions": {
            "A": "input",
            "Y": "output"
          },
          "connections": {
            "A": [ 186 ],
            "Y": [ 187 ]
          }
        },
        "$auto$opt_expr.cc:250:group_cell_inputs$201": {
          "hide_name": 1,
          "type": "$not",
          "parameters": {
            "A_SIGNED": "00000000000000000000000000000000",
            "A_WIDTH": "00000000000000000000000000000001",
            "Y_WIDTH": "00000000000000000000000000000001"
          },
          "attributes": {
          },
          "port_directions": {
            "A": "input",
            "Y": "output"
          },
          "connections": {
            "A": [ 188 ],
            "Y": [ 189 ]
          }
        },
        "$auto$opt_expr.cc:250:group_cell_inputs$203": {
          "hide_name": 1,
          "type": "$not",
          "parameters": {
            "A_SIGNED": "00000000000000000000000000000000",
            "A_WIDTH": "00000000000000000000000000000001",
            "Y_WIDTH": "00000000000000000000000000000001"
          },
          "attributes": {
          },
          "port_directions": {
            "A": "input",
            "Y": "output"
          },
          "connections": {
            "A": [ 190 ],
            "Y": [ 191 ]
          }
        },
        "$auto$opt_expr.cc:276:group_cell_inputs$100": {
          "hide_name": 1,
          "type": "$or",
          "parameters": {
            "A_SIGNED": "00000000000000000000000000000000",
            "A_WIDTH": "00000000000000000000000000000011",
            "B_SIGNED": "00000000000000000000000000000000",
            "B_WIDTH": "00000000000000000000000000000011",
            "Y_WIDTH": "00000000000000000000000000000011"
          },
          "attributes": {
          },
          "port_directions": {
            "A": "input",
            "B": "input",
            "Y": "output"
          },
          "connections": {
            "A": [ 50, 51, 52 ],
            "B": [ 2, 3, 4 ],
            "Y": [ 192, 193, 194 ]
          }
        },
        "$auto$opt_expr.cc:276:group_cell_inputs$103": {
          "hide_name": 1,
          "type": "$not",
          "parameters": {
            "A_SIGNED": "00000000000000000000000000000000",
            "A_WIDTH": "00000000000000000000000000000011",
            "Y_WIDTH": "00000000000000000000000000000011"
          },
          "attributes": {
          },
          "port_directions": {
            "A": "input",
            "Y": "output"
          },
          "connections": {
            "A": [ 2, 3, 4 ],
            "Y": [ 195, 196, 197 ]
          }
        },
        "$auto$opt_expr.cc:276:group_cell_inputs$107": {
          "hide_name": 1,
          "type": "$and",
          "parameters": {
            "A_SIGNED": "00000000000000000000000000000000",
            "A_WIDTH": "00000000000000000000000000000011",
            "B_SIGNED": "00000000000000000000000000000000",
            "B_WIDTH": "00000000000000000000000000000011",
            "Y_WIDTH": "00000000000000000000000000000011"
          },
          "attributes": {
          },
          "port_directions": {
            "A": "input",
            "B": "input",
            "Y": "output"
          },
          "connections": {
            "A": [ 198, 199, 200 ],
            "B": [ 2, 3, 4 ],
            "Y": [ 74, 75, 76 ]
          }
        },
        "$auto$opt_expr.cc:276:group_cell_inputs$111": {
          "hide_name": 1,
          "type": "$not",
          "parameters": {
            "A_SIGNED": "00000000000000000000000000000000",
            "A_WIDTH": "00000000000000000000000000000110",
            "Y_WIDTH": "00000000000000000000000000000110"
          },
          "attributes": {
          },
          "port_directions": {
            "A": "input",
            "Y": "output"
          },
          "connections": {
            "A": [ 17, 18, 19, 20, 21, 22 ],
            "Y": [ 201, 202, 203, 204, 205, 206 ]
          }
        },
        "$auto$opt_expr.cc:276:group_cell_inputs$122": {
          "hide_name": 1,
          "type": "$xor",
          "parameters": {
            "A_SIGNED": "00000000000000000000000000000000",
            "A_WIDTH": "00000000000000000000000000001011",
            "B_SIGNED": "00000000000000000000000000000000",
            "B_WIDTH": "00000000000000000000000000001011",
            "Y_WIDTH": "00000000000000000000000000001011"
          },
          "attributes": {
          },
          "port_directions": {
            "A": "input",
            "B": "input",
            "Y": "output"
          },
          "connections": {
            "A": [ 94, 95, 96, 97, 98, 99, 100, 101, 102, 103, 104 ],
            "B": [ 77, 78, 79, 80, 81, 82, 83, 84, 85, 86, 87 ],
            "Y": [ 207, 208, 209, 210, 211, 212, 213, 214, 215, 216, 217 ]
          }
        },
        "$auto$opt_expr.cc:276:group_cell_inputs$129": {
          "hide_name": 1,
          "type": "$not",
          "parameters": {
            "A_SIGNED": "00000000000000000000000000000000",
            "A_WIDTH": "00000000000000000000000000001011",
            "Y_WIDTH": "00000000000000000000000000001011"
          },
          "attributes": {
          },
          "port_directions": {
            "A": "input",
            "Y": "output"
          },
          "connections": {
            "A": [ 77, 78, 79, 80, 81, 82, 83, 84, 85, 86, 87 ],
            "Y": [ 218, 219, 220, 221, 222, 223, 224, 225, 226, 227, 228 ]
          }
        },
        "$auto$opt_expr.cc:276:group_cell_inputs$133": {
          "hide_name": 1,
          "type": "$and",
          "parameters": {
            "A_SIGNED": "00000000000000000000000000000000",
            "A_WIDTH": "00000000000000000000000000000011",
            "B_SIGNED": "00000000000000000000000000000000",
            "B_WIDTH": "00000000000000000000000000000011",
            "Y_WIDTH": "00000000000000000000000000000011"
          },
          "attributes": {
          },
          "port_directions": {
            "A": "input",
            "B": "input",
            "Y": "output"
          },
          "connections": {
            "A": [ 229, 230, 231 ],
            "B": [ 2, 3, 4 ],
            "Y": [ 232, 233, 234 ]
          }
        },
        "$auto$opt_expr.cc:276:group_cell_inputs$137": {
          "hide_name": 1,
          "type": "$xor",
          "parameters": {
            "A_SIGNED": "00000000000000000000000000000000",
            "A_WIDTH": "00000000000000000000000000000011",
            "B_SIGNED": "00000000000000000000000000000000",
            "B_WIDTH": "00000000000000000000000000000011",
            "Y_WIDTH": "00000000000000000000000000000011"
          },
          "attributes": {
          },
          "port_directions": {
            "A": "input",
            "B": "input",
            "Y": "output"
          },
          "connections": {
            "A": [ 235, 236, 237 ],
            "B": [ 2, 3, 4 ],
            "Y": [ 238, 239, 240 ]
          }
        },
        "$auto$opt_expr.cc:276:group_cell_inputs$140": {
          "hide_name": 1,
          "type": "$xor",
          "parameters": {
            "A_SIGNED": "00000000000000000000000000000000",
            "A_WIDTH": "00000000000000000000000000000110",
            "B_SIGNED": "00000000000000000000000000000000",
            "B_WIDTH": "00000000000000000000000000000110",
            "Y_WIDTH": "00000000000000000000000000000110"
          },
          "attributes": {
          },
          "port_directions": {
            "A": "input",
            "B": "input",
            "Y": "output"
          },
          "connections": {
            "A": [ 238, 239, 240, 241, 242, 243 ],
            "B": [ 17, 18, 19, 20, 21, 22 ],
            "Y": [ 244, 245, 246, 247, 248, 249 ]
          }
        },
        "$auto$opt_expr.cc:276:group_cell_inputs$143": {
          "hide_name": 1,
          "type": "$and",
          "parameters": {
            "A_SIGNED": "00000000000000000000000000000000",
            "A_WIDTH": "00000000000000000000000000000011",
            "B_SIGNED": "00000000000000000000000000000000",
            "B_WIDTH": "00000000000000000000000000000011",
            "Y_WIDTH": "00000000000000000000000000000011"
          },
          "attributes": {
          },
          "port_directions": {
            "A": "input",
            "B": "input",
            "Y": "output"
          },
          "connections": {
            "A": [ 244, 245, 246 ],
            "B": [ 2, 3, 4 ],
            "Y": [ 250, 251, 252 ]
          }
        },
        "$auto$opt_expr.cc:276:group_cell_inputs$158": {
          "hide_name": 1,
          "type": "$not",
          "parameters": {
            "A_SIGNED": "00000000000000000000000000000000",
            "A_WIDTH": "00000000000000000000000000000001",
            "Y_WIDTH": "00000000000000000000000000000001"
          },
          "attributes": {
          },
          "port_directions": {
            "A": "input",
            "Y": "output"
          },
          "connections": {
            "A": [ 253 ],
            "Y": [ 15 ]
          }
        },
        "$auto$opt_expr.cc:276:group_cell_inputs$162": {
          "hide_name": 1,
          "type": "$or",
          "parameters": {
            "A_SIGNED": "00000000000000000000000000000000",
            "A_WIDTH": "00000000000000000000000000000011",
            "B_SIGNED": "00000000000000000000000000000000",
            "B_WIDTH": "00000000000000000000000000000011",
            "Y_WIDTH": "00000000000000000000000000000011"
          },
          "attributes": {
          },
          "port_directions": {
            "A": "input",
            "B": "input",
            "Y": "output"
          },
          "connections": {
            "A": [ 232, 233, 234 ],
            "B": [ 229, 230, 231 ],
            "Y": [ 235, 236, 237 ]
          }
        },
        "$auto$opt_expr.cc:276:group_cell_inputs$165": {
          "hide_name": 1,
          "type": "$or",
          "parameters": {
            "A_SIGNED": "00000000000000000000000000000000",
            "A_WIDTH": "00000000000000000000000000000110",
            "B_SIGNED": "00000000000000000000000000000000",
            "B_WIDTH": "00000000000000000000000000000110",
            "Y_WIDTH": "00000000000000000000000000000110"
          },
          "attributes": {
          },
          "port_directions": {
            "A": "input",
            "B": "input",
            "Y": "output"
          },
          "connections": {
            "A": [ 77, 78, 79, 80, 81, 82 ],
            "B": [ 201, 202, 203, 204, 205, 206 ],
            "Y": [ 254, 255, 256, 257, 258, 259 ]
          }
        },
        "$auto$opt_expr.cc:276:group_cell_inputs$169": {
          "hide_name": 1,
          "type": "$xor",
          "parameters": {
            "A_SIGNED": "00000000000000000000000000000000",
            "A_WIDTH": "00000000000000000000000000000001",
            "B_SIGNED": "00000000000000000000000000000000",
            "B_WIDTH": "00000000000000000000000000000001",
            "Y_WIDTH": "00000000000000000000000000000001"
          },
          "attributes": {
          },
          "port_directions": {
            "A": "input",
            "B": "input",
            "Y": "output"
          },
          "connections": {
            "A": [ 260 ],
            "B": [ 197 ],
            "Y": [ 261 ]
          }
        },
        "$auto$opt_expr.cc:276:group_cell_inputs$218": {
          "hide_name": 1,
          "type": "$and",
          "parameters": {
            "A_SIGNED": "00000000000000000000000000000000",
            "A_WIDTH": "00000000000000000000000000000110",
            "B_SIGNED": "00000000000000000000000000000000",
            "B_WIDTH": "00000000000000000000000000000110",
            "Y_WIDTH": "00000000000000000000000000000110"
          },
          "attributes": {
          },
          "port_directions": {
            "A": "input",
            "B": "input",
            "Y": "output"
          },
          "connections": {
            "A": [ 254, 255, 256, 257, 258, 259 ],
            "B": [ 77, 78, 79, 80, 81, 82 ],
            "Y": [ 88, 89, 90, 91, 92, 93 ]
          }
        },
        "$auto$opt_expr.cc:276:group_cell_inputs$81": {
          "hide_name": 1,
          "type": "$and",
          "parameters": {
            "A_SIGNED": "00000000000000000000000000000000",
            "A_WIDTH": "00000000000000000000000000000011",
            "B_SIGNED": "00000000000000000000000000000000",
            "B_WIDTH": "00000000000000000000000000000011",
            "Y_WIDTH": "00000000000000000000000000000011"
          },
          "attributes": {
          },
          "port_directions": {
            "A": "input",
            "B": "input",
            "Y": "output"
          },
          "connections": {
            "A": [ 262, 263, 264 ],
            "B": [ 2, 3, 4 ],
            "Y": [ 265, 266, 267 ]
          }
        },
        "$auto$opt_expr.cc:276:group_cell_inputs$89": {
          "hide_name": 1,
          "type": "$xor",
          "parameters": {
            "A_SIGNED": "00000000000000000000000000000000",
            "A_WIDTH": "00000000000000000000000000000110",
            "B_SIGNED": "00000000000000000000000000000000",
            "B_WIDTH": "00000000000000000000000000000110",
            "Y_WIDTH": "00000000000000000000000000000110"
          },
          "attributes": {
          },
          "port_directions": {
            "A": "input",
            "B": "input",
            "Y": "output"
          },
          "connections": {
            "A": [ 268, 269, 270, 271, 272, 273 ],
            "B": [ 201, 202, 203, 204, 205, 206 ],
            "Y": [ 274, 275, 276, 277, 278, 279 ]
          }
        },
        "$auto$opt_expr.cc:276:group_cell_inputs$92": {
          "hide_name": 1,
          "type": "$or",
          "parameters": {
            "A_SIGNED": "00000000000000000000000000000000",
            "A_WIDTH": "00000000000000000000000000000110",
            "B_SIGNED": "00000000000000000000000000000000",
            "B_WIDTH": "00000000000000000000000000000110",
            "Y_WIDTH": "00000000000000000000000000000110"
          },
          "attributes": {
          },
          "port_directions": {
            "A": "input",
            "B": "input",
            "Y": "output"
          },
          "connections": {
            "A": [ 274, 275, 276, 277, 278, 279 ],
            "B": [ 17, 18, 19, 20, 21, 22 ],
            "Y": [ 11, 12, 13, 14, 253, 16 ]
          }
        },
        "$auto$opt_expr.cc:276:group_cell_inputs$97": {
          "hide_name": 1,
          "type": "$or",
          "parameters": {
            "A_SIGNED": "00000000000000000000000000000000",
            "A_WIDTH": "00000000000000000000000000000011",
            "B_SIGNED": "00000000000000000000000000000000",
            "B_WIDTH": "00000000000000000000000000000011",
            "Y_WIDTH": "00000000000000000000000000000011"
          },
          "attributes": {
          },
          "port_directions": {
            "A": "input",
            "B": "input",
            "Y": "output"
          },
          "connections": {
            "A": [ 23, 24, 25 ],
            "B": [ 2, 3, 4 ],
            "Y": [ 47, 48, 49 ]
          }
        },
        "$mul$designs/246/top.sv:15$10": {
          "hide_name": 1,
          "type": "$mul",
          "parameters": {
            "A_SIGNED": "00000000000000000000000000000000",
            "A_WIDTH": "00000000000000000000000000000110",
            "B_SIGNED": "00000000000000000000000000000000",
            "B_WIDTH": "00000000000000000000000000000011",
            "Y_WIDTH": "00000000000000000000000000000110"
          },
          "attributes": {
            "src": "designs/246/top.sv:15.22-15.170"
          },
          "port_directions": {
            "A": "input",
            "B": "input",
            "Y": "output"
          },
          "connections": {
            "A": [ 265, 266, 267, "0", "0", "0" ],
            "B": [ 2, 3, 4 ],
            "Y": [ 17, 18, 19, 20, 21, 22 ]
          }
        },
        "$mul$designs/246/top.sv:15$2": {
          "hide_name": 1,
          "type": "$mul",
          "parameters": {
            "A_SIGNED": "00000000000000000000000000000000",
            "A_WIDTH": "00000000000000000000000000000011",
            "B_SIGNED": "00000000000000000000000000000000",
            "B_WIDTH": "00000000000000000000000000000011",
            "Y_WIDTH": "00000000000000000000000000000110"
          },
          "attributes": {
            "src": "designs/246/top.sv:15.30-15.68"
          },
          "port_directions": {
            "A": "input",
            "B": "input",
            "Y": "output"
          },
          "connections": {
            "A": [ 280, 281, 282 ],
            "B": [ 2, 3, 4 ],
            "Y": [ 283, 284, 285, 286, 287, 288 ]
          }
        },
        "$mul$designs/246/top.sv:15$6": {
          "hide_name": 1,
          "type": "$mul",
          "parameters": {
            "A_SIGNED": "00000000000000000000000000000000",
            "A_WIDTH": "00000000000000000000000000000110",
            "B_SIGNED": "00000000000000000000000000000000",
            "B_WIDTH": "00000000000000000000000000000011",
            "Y_WIDTH": "00000000000000000000000000000110"
          },
          "attributes": {
            "src": "designs/246/top.sv:15.26-15.119"
          },
          "port_directions": {
            "A": "input",
            "B": "input",
            "Y": "output"
          },
          "connections": {
            "A": [ 289, 290, 291, 292, 293, 294 ],
            "B": [ 2, 3, 4 ],
            "Y": [ 295, 296, 297, 298, 299, 300 ]
          }
        },
        "$mul$designs/246/top.sv:15$8": {
          "hide_name": 1,
          "type": "$mul",
          "parameters": {
            "A_SIGNED": "00000000000000000000000000000000",
            "A_WIDTH": "00000000000000000000000000000110",
            "B_SIGNED": "00000000000000000000000000000000",
            "B_WIDTH": "00000000000000000000000000000011",
            "Y_WIDTH": "00000000000000000000000000000110"
          },
          "attributes": {
            "src": "designs/246/top.sv:15.24-15.142"
          },
          "port_directions": {
            "A": "input",
            "B": "input",
            "Y": "output"
          },
          "connections": {
            "A": [ 295, 296, "0", 298, 299, 300 ],
            "B": [ 2, 3, 4 ],
            "Y": [ 262, 263, 264, 301, 302, 303 ]
          }
        },
        "$mul$designs/246/top.sv:16$23": {
          "hide_name": 1,
          "type": "$mul",
          "parameters": {
            "A_SIGNED": "00000000000000000000000000000000",
            "A_WIDTH": "00000000000000000000000000011000",
            "B_SIGNED": "00000000000000000000000000000000",
            "B_WIDTH": "00000000000000000000000000000110",
            "Y_WIDTH": "00000000000000000000000000011000"
          },
          "attributes": {
            "src": "designs/246/top.sv:16.22-16.171"
          },
          "port_directions": {
            "A": "input",
            "B": "input",
            "Y": "output"
          },
          "connections": {
            "A": [ 304, 305, 306, 307, 308, 309, 310, 311, 312, 313, 314, 315, 316, 317, 318, 319, 320, 321, 322, 323, 324, 325, 326, 327 ],
            "B": [ 17, 18, 19, 20, 21, 22 ],
            "Y": [ 229, 230, 231, 241, 242, 243, 328, 329, 330, 331, 332, 333, 334, 335, 336, 337, 338, 339, 340, 341, 342, 343, 344, 345 ]
          }
        },
        "$mul$designs/246/top.sv:18$39": {
          "hide_name": 1,
          "type": "$mul",
          "parameters": {
            "A_SIGNED": "00000000000000000000000000000000",
            "A_WIDTH": "00000000000000000000000000011000",
            "B_SIGNED": "00000000000000000000000000000000",
            "B_WIDTH": "00000000000000000000000000010010",
            "Y_WIDTH": "00000000000000000000000000010010"
          },
          "attributes": {
            "src": "designs/246/top.sv:18.27-18.94"
          },
          "port_directions": {
            "A": "input",
            "B": "input",
            "Y": "output"
          },
          "connections": {
            "A": [ 207, 208, 209, 210, 211, 212, 213, 214, 215, 216, 217, 105, 106, 107, 108, 109, 110, 111, 112, 113, 114, 115, 116, 117 ],
            "B": [ "1", "0", "1", "0", "0", "1", "0", "1", "1", "1", "1", "1", "1", "0", "1", "1", "1", "1" ],
            "Y": [ 260, 158, 160, 162, 164, 166, 168, 170, 172, 174, 176, 178, 180, 182, 184, 186, 188, 190 ]
          }
        },
        "$or$designs/246/top.sv:15$1": {
          "hide_name": 1,
          "type": "$or",
          "parameters": {
            "A_SIGNED": "00000000000000000000000000000000",
            "A_WIDTH": "00000000000000000000000000000011",
            "B_SIGNED": "00000000000000000000000000000000",
            "B_WIDTH": "00000000000000000000000000000011",
            "Y_WIDTH": "00000000000000000000000000000011"
          },
          "attributes": {
            "src": "designs/246/top.sv:15.31-15.54"
          },
          "port_directions": {
            "A": "input",
            "B": "input",
            "Y": "output"
          },
          "connections": {
            "A": [ 2, 3, 4 ],
            "B": [ 2, 3, 4 ],
            "Y": [ 280, 281, 282 ]
          }
        },
        "$or$designs/246/top.sv:16$11": {
          "hide_name": 1,
          "type": "$or",
          "parameters": {
            "A_SIGNED": "00000000000000000000000000000000",
            "A_WIDTH": "00000000000000000000000000000110",
            "B_SIGNED": "00000000000000000000000000000000",
            "B_WIDTH": "00000000000000000000000000000110",
            "Y_WIDTH": "00000000000000000000000000000110"
          },
          "attributes": {
            "src": "designs/246/top.sv:16.32-16.47"
          },
          "port_directions": {
            "A": "input",
            "B": "input",
            "Y": "output"
          },
          "connections": {
            "A": [ 17, 18, 19, 20, 21, 22 ],
            "B": [ 17, 18, 19, 20, 21, 22 ],
            "Y": [ 268, 269, 270, 271, 272, 273 ]
          }
        },
        "$or$designs/246/top.sv:18$43": {
          "hide_name": 1,
          "type": "$or",
          "parameters": {
            "A_SIGNED": "00000000000000000000000000000000",
            "A_WIDTH": "00000000000000000000000000010100",
            "B_SIGNED": "00000000000000000000000000000000",
            "B_WIDTH": "00000000000000000000000000010100",
            "Y_WIDTH": "00000000000000000000000000010100"
          },
          "attributes": {
            "src": "designs/246/top.sv:18.25-18.121"
          },
          "port_directions": {
            "A": "input",
            "B": "input",
            "Y": "output"
          },
          "connections": {
            "A": [ 195, 196, 261, 159, 161, 163, 165, 167, 169, 171, 173, 175, 177, 179, 181, 183, 185, 187, 189, 191 ],
            "B": [ 229, 230, 231, 241, 242, 243, 328, 329, 330, 331, 332, 333, 334, 335, 336, 337, 338, 339, 340, 341 ],
            "Y": [ 346, 347, 348, 349, 350, 351, 352, 353, 354, 355, 356, 357, 358, 359, 360, 361, 362, 363, 364, 365 ]
          }
        },
        "$or$designs/246/top.sv:18$44": {
          "hide_name": 1,
          "type": "$or",
          "parameters": {
            "A_SIGNED": "00000000000000000000000000000000",
            "A_WIDTH": "00000000000000000000000000010100",
            "B_SIGNED": "00000000000000000000000000000000",
            "B_WIDTH": "00000000000000000000000000010100",
            "Y_WIDTH": "00000000000000000000000000010100"
          },
          "attributes": {
            "src": "designs/246/top.sv:18.24-18.131"
          },
          "port_directions": {
            "A": "input",
            "B": "input",
            "Y": "output"
          },
          "connections": {
            "A": [ 346, 347, 348, 349, 350, 351, 352, 353, 354, 355, 356, 357, 358, 359, 360, 361, 362, 363, 364, 365 ],
            "B": [ 229, 230, 231, 241, 242, 243, 328, 329, 330, 331, 332, 333, 334, 335, 336, 337, 338, 339, 340, 341 ],
            "Y": [ 118, 119, 120, 121, 122, 123, 124, 125, 126, 127, 128, 129, 130, 131, 132, 133, 134, 135, 136, 137 ]
          }
        },
        "$sub$designs/246/top.sv:15$4": {
          "hide_name": 1,
          "type": "$sub",
          "parameters": {
            "A_SIGNED": "00000000000000000000000000000000",
            "A_WIDTH": "00000000000000000000000000000110",
            "B_SIGNED": "00000000000000000000000000000000",
            "B_WIDTH": "00000000000000000000000000000011",
            "Y_WIDTH": "00000000000000000000000000000110"
          },
          "attributes": {
            "src": "designs/246/top.sv:15.28-15.91"
          },
          "port_directions": {
            "A": "input",
            "B": "input",
            "Y": "output"
          },
          "connections": {
            "A": [ "1", 284, "1", "1", "1", 288 ],
            "B": [ 2, 3, 4 ],
            "Y": [ 366, 367, 368, 369, 370, 371 ]
          }
        },
        "$sub$designs/246/top.sv:15$5": {
          "hide_name": 1,
          "type": "$sub",
          "parameters": {
            "A_SIGNED": "00000000000000000000000000000000",
            "A_WIDTH": "00000000000000000000000000000110",
            "B_SIGNED": "00000000000000000000000000000000",
            "B_WIDTH": "00000000000000000000000000000011",
            "Y_WIDTH": "00000000000000000000000000000110"
          },
          "attributes": {
            "src": "designs/246/top.sv:15.27-15.105"
          },
          "port_directions": {
            "A": "input",
            "B": "input",
            "Y": "output"
          },
          "connections": {
            "A": [ 366, 367, 368, 369, 370, 371 ],
            "B": [ 2, 3, 4 ],
            "Y": [ 289, 290, 291, 292, 293, 294 ]
          }
        },
        "$sub$designs/246/top.sv:16$22": {
          "hide_name": 1,
          "type": "$sub",
          "parameters": {
            "A_SIGNED": "00000000000000000000000000000000",
            "A_WIDTH": "00000000000000000000000000011000",
            "B_SIGNED": "00000000000000000000000000000000",
            "B_WIDTH": "00000000000000000000000000000110",
            "Y_WIDTH": "00000000000000000000000000011000"
          },
          "attributes": {
            "src": "designs/246/top.sv:16.23-16.161"
          },
          "port_directions": {
            "A": "input",
            "B": "input",
            "Y": "output"
          },
          "connections": {
            "A": [ 192, 193, 194, "0", "0", "0", 56, 57, 58, 59, 60, 61, 62, 63, "0", "0", "0", "0", 68, "0", 70, 71, "0", "0" ],
            "B": [ 17, 18, 19, 20, 21, 22 ],
            "Y": [ 304, 305, 306, 307, 308, 309, 310, 311, 312, 313, 314, 315, 316, 317, 318, 319, 320, 321, 322, 323, 324, 325, 326, 327 ]
          }
        },
        "$sub$designs/246/top.sv:17$24": {
          "hide_name": 1,
          "type": "$sub",
          "parameters": {
            "A_SIGNED": "00000000000000000000000000000000",
            "A_WIDTH": "00000000000000000000000000000010",
            "B_SIGNED": "00000000000000000000000000000000",
            "B_WIDTH": "00000000000000000000000000001010",
            "Y_WIDTH": "00000000000000000000000000001010"
          },
          "attributes": {
            "src": "designs/246/top.sv:17.38-17.59"
          },
          "port_directions": {
            "A": "input",
            "B": "input",
            "Y": "output"
          },
          "connections": {
            "A": [ 3, 4 ],
            "B": [ "1", "1", "0", "1", "0", "0", "0", "1", "1", "1" ],
            "Y": [ 372, 373, 374, 375, 376, 377, 378, 379, 380, 381 ]
          }
        },
        "$sub$designs/246/top.sv:17$26": {
          "hide_name": 1,
          "type": "$sub",
          "parameters": {
            "A_SIGNED": "00000000000000000000000000000000",
            "A_WIDTH": "00000000000000000000000000001011",
            "B_SIGNED": "00000000000000000000000000000000",
            "B_WIDTH": "00000000000000000000000000000110",
            "Y_WIDTH": "00000000000000000000000000001011"
          },
          "attributes": {
            "src": "designs/246/top.sv:17.36-17.79"
          },
          "port_directions": {
            "A": "input",
            "B": "input",
            "Y": "output"
          },
          "connections": {
            "A": [ 382, 383, 384, 385, 386, 387, 388, 389, 390, 391, 392 ],
            "B": [ 17, 18, 19, 20, 21, 22 ],
            "Y": [ 393, 394, 395, 396, 397, 398, 399, 400, 401, 402, 403 ]
          }
        },
        "$sub$designs/246/top.sv:17$27": {
          "hide_name": 1,
          "type": "$sub",
          "parameters": {
            "A_SIGNED": "00000000000000000000000000000000",
            "A_WIDTH": "00000000000000000000000000001011",
            "B_SIGNED": "00000000000000000000000000000000",
            "B_WIDTH": "00000000000000000000000000001011",
            "Y_WIDTH": "00000000000000000000000000001011"
          },
          "attributes": {
            "src": "designs/246/top.sv:17.35-17.89"
          },
          "port_directions": {
            "A": "input",
            "B": "input",
            "Y": "output"
          },
          "connections": {
            "A": [ 393, 394, 395, 396, 397, 398, 399, 400, 401, 402, 403 ],
            "B": [ 229, 230, 231, 241, 242, 243, 328, 329, 330, 331, 332 ],
            "Y": [ 404, 405, 406, 407, 408, 409, 410, 411, 412, 413, 414 ]
          }
        },
        "$sub$designs/246/top.sv:17$30": {
          "hide_name": 1,
          "type": "$sub",
          "parameters": {
            "A_SIGNED": "00000000000000000000000000000000",
            "A_WIDTH": "00000000000000000000000000001011",
            "B_SIGNED": "00000000000000000000000000000000",
            "B_WIDTH": "00000000000000000000000000001011",
            "Y_WIDTH": "00000000000000000000000000001011"
          },
          "attributes": {
            "src": "designs/246/top.sv:17.34-17.106"
          },
          "port_directions": {
            "A": "input",
            "B": "input",
            "Y": "output"
          },
          "connections": {
            "A": [ 404, 405, 406, 407, 408, 409, 410, 411, 412, 413, 414 ],
            "B": [ 195, 196, 197, "1", "1", "1", "1", "1", "1", "1", "1" ],
            "Y": [ 198, 199, 200, 415, 416, 417, 418, 419, 420, 421, 422 ]
          }
        },
        "$sub$designs/246/top.sv:18$48": {
          "hide_name": 1,
          "type": "$sub",
          "parameters": {
            "A_SIGNED": "00000000000000000000000000000000",
            "A_WIDTH": "00000000000000000000000000010100",
            "B_SIGNED": "00000000000000000000000000000000",
            "B_WIDTH": "00000000000000000000000000010100",
            "Y_WIDTH": "00000000000000000000000000010100"
          },
          "attributes": {
            "src": "designs/246/top.sv:18.22-18.158"
          },
          "port_directions": {
            "A": "input",
            "B": "input",
            "Y": "output"
          },
          "connections": {
            "A": [ 138, 139, 140, 141, 142, 143, 144, 145, 146, 147, 148, 149, 150, 151, 152, 153, 154, 155, 156, 157 ],
            "B": [ 218, 219, 220, 221, 222, 223, 224, 225, 226, 227, 228, "1", "1", "1", "1", "1", "1", "1", "1", "1" ],
            "Y": [ 423, 424, 425, 426, 427, 428, 429, 430, 431, 432, 433, 434, 435, 436, 437, 438, 439, 440, 441, 442 ]
          }
        },
        "$sub$designs/246/top.sv:20$54": {
          "hide_name": 1,
          "type": "$sub",
          "parameters": {
            "A_SIGNED": "00000000000000000000000000000000",
            "A_WIDTH": "00000000000000000000000000001110",
            "B_SIGNED": "00000000000000000000000000000000",
            "B_WIDTH": "00000000000000000000000000001110",
            "Y_WIDTH": "00000000000000000000000000001110"
          },
          "attributes": {
            "src": "designs/246/top.sv:20.32-20.47"
          },
          "port_directions": {
            "A": "input",
            "B": "input",
            "Y": "output"
          },
          "connections": {
            "A": [ 250, 251, 252, "0", "0", "0", "0", "0", "0", "0", "0", "0", "0", "0" ],
            "B": [ 250, 251, 252, "0", "0", "0", "0", "0", "0", "0", "0", "0", "0", "0" ],
            "Y": [ 443, 444, 445, 446, 447, 448, 449, 450, 451, 452, 453, 454, 455, 456 ]
          }
        },
        "$sub$designs/246/top.sv:24$69": {
          "hide_name": 1,
          "type": "$sub",
          "parameters": {
            "A_SIGNED": "00000000000000000000000000000000",
            "A_WIDTH": "00000000000000000000000000000110",
            "B_SIGNED": "00000000000000000000000000000000",
            "B_WIDTH": "00000000000000000000000000000110",
            "Y_WIDTH": "00000000000000000000000000000110"
          },
          "attributes": {
            "src": "designs/246/top.sv:24.29-24.44"
          },
          "port_directions": {
            "A": "input",
            "B": "input",
            "Y": "output"
          },
          "connections": {
            "A": [ 443, 444, 445, 446, 447, 448 ],
            "B": [ 423, 424, 425, 426, 427, 428 ],
            "Y": [ 457, 458, 459, 460, 461, 462 ]
          }
        },
        "$xor$designs/246/top.sv:17$25": {
          "hide_name": 1,
          "type": "$xor",
          "parameters": {
            "A_SIGNED": "00000000000000000000000000000000",
            "A_WIDTH": "00000000000000000000000000001011",
            "B_SIGNED": "00000000000000000000000000000000",
            "B_WIDTH": "00000000000000000000000000001011",
            "Y_WIDTH": "00000000000000000000000000001011"
          },
          "attributes": {
            "src": "designs/246/top.sv:17.37-17.69"
          },
          "port_directions": {
            "A": "input",
            "B": "input",
            "Y": "output"
          },
          "connections": {
            "A": [ 2, 372, 373, 374, 375, 376, 377, 378, 379, 380, 381 ],
            "B": [ 229, 230, 231, 241, 242, 243, 328, 329, 330, 331, 332 ],
            "Y": [ 382, 383, 384, 385, 386, 387, 388, 389, 390, 391, 392 ]
          }
        },
        "$xor$designs/246/top.sv:24$70": {
          "hide_name": 1,
          "type": "$xor",
          "parameters": {
            "A_SIGNED": "00000000000000000000000000000000",
            "A_WIDTH": "00000000000000000000000000000110",
            "B_SIGNED": "00000000000000000000000000000000",
            "B_WIDTH": "00000000000000000000000000000110",
            "Y_WIDTH": "00000000000000000000000000000110"
          },
          "attributes": {
            "src": "designs/246/top.sv:24.28-24.54"
          },
          "port_directions": {
            "A": "input",
            "B": "input",
            "Y": "output"
          },
          "connections": {
            "A": [ 457, 458, 459, 460, 461, 462 ],
            "B": [ 443, 444, 445, 446, 447, 448 ],
            "Y": [ 463, 464, 465, 466, 467, 468 ]
          }
        },
        "$xor$designs/246/top.sv:24$71": {
          "hide_name": 1,
          "type": "$xor",
          "parameters": {
            "A_SIGNED": "00000000000000000000000000000000",
            "A_WIDTH": "00000000000000000000000000000110",
            "B_SIGNED": "00000000000000000000000000000000",
            "B_WIDTH": "00000000000000000000000000000110",
            "Y_WIDTH": "00000000000000000000000000000110"
          },
          "attributes": {
            "src": "designs/246/top.sv:24.27-24.64"
          },
          "port_directions": {
            "A": "input",
            "B": "input",
            "Y": "output"
          },
          "connections": {
            "A": [ 463, 464, 465, 466, 467, 468 ],
            "B": [ 443, 444, 445, 446, 447, 448 ],
            "Y": [ 5, 6, 7, 8, 9, 10 ]
          }
        }
      },
      "netnames": {
        "$add$designs/246/top.sv:16$17_Y": {
          "hide_name": 1,
          "bits": [ 23, 24, 25, 26, 27, 28, 29, 30, 31, 32, 33, 34, 35, 36, 37, 38, 39, 40, 41, 42, 43, 44, 45, 46 ],
          "attributes": {
            "src": "designs/246/top.sv:16.28-16.98"
          }
        },
        "$add$designs/246/top.sv:16$19_Y": {
          "hide_name": 1,
          "bits": [ 50, 51, 52, 53, 54, 55, 56, 57, 58, 59, 60, 61, 62, 63, 64, 65, 66, 67, 68, 69, 70, 71, 72, 73 ],
          "attributes": {
            "src": "designs/246/top.sv:16.26-16.122",
            "unused_bits": "3 4 5 14 15 16 17 19 22 23"
          }
        },
        "$add$designs/246/top.sv:18$37_Y": {
          "hide_name": 1,
          "bits": [ 94, 95, 96, 97, 98, 99, 100, 101, 102, 103, 104, 105, 106, 107, 108, 109, 110, 111, 112, 113, 114, 115, 116, 117 ],
          "attributes": {
            "src": "designs/246/top.sv:18.29-18.69"
          }
        },
        "$add$designs/246/top.sv:18$45_Y": {
          "hide_name": 1,
          "bits": [ 138, 139, 140, 141, 142, 143, 144, 145, 146, 147, 148, 149, 150, 151, 152, 153, 154, 155, 156, 157, 469, 470, 471, 472 ],
          "attributes": {
            "src": "designs/246/top.sv:18.23-18.145",
            "unused_bits": "20 21 22 23"
          }
        },
        "$and$designs/246/top.sv:15$7_Y": {
          "hide_name": 1,
          "bits": [ 295, 296, "0", 298, 299, 300 ],
          "attributes": {
            "src": "designs/246/top.sv:15.25-15.128"
          }
        },
        "$and$designs/246/top.sv:15$9_Y": {
          "hide_name": 1,
          "bits": [ 265, 266, 267, "0", "0", "0" ],
          "attributes": {
            "src": "designs/246/top.sv:15.23-15.156"
          }
        },
        "$and$designs/246/top.sv:16$21_Y": {
          "hide_name": 1,
          "bits": [ 192, 193, 194, "0", "0", "0", 56, 57, 58, 59, 60, 61, 62, 63, "0", "0", "0", "0", 68, "0", 70, 71, "0", "0" ],
          "attributes": {
            "src": "designs/246/top.sv:16.24-16.151"
          }
        },
        "$and$designs/246/top.sv:17$31_Y": {
          "hide_name": 1,
          "bits": [ 74, 75, 76, "0", "0", "0", "0", "0", "0", "0", "0", 473, 474, 475, 476, 477, 478, 479, 480, 481, 482, 483, 484, 485 ],
          "attributes": {
            "src": "designs/246/top.sv:17.33-17.120",
            "unused_bits": "11 12 13 14 15 16 17 18 19 20 21 22 23"
          }
        },
        "$and$designs/246/top.sv:18$36_Y": {
          "hide_name": 1,
          "bits": [ 88, 89, 90, 91, 92, 93, 83, 84, 85, 86, 87, "0", "0", "0", "0", "0", "0", "0", "0", "0", "0", "0", "0", "0" ],
          "attributes": {
            "src": "designs/246/top.sv:18.30-18.59"
          }
        },
        "$and$designs/246/top.sv:19$49_Y": {
          "hide_name": 1,
          "bits": [ 232, 233, 234, "0", "0", "0", "0", "0", "0", "0", "0", "0", "0", "0", "0", "0", "0", 486, 487, 488, 489, 490, 491, 492 ],
          "attributes": {
            "src": "designs/246/top.sv:19.26-19.45",
            "unused_bits": "17 18 19 20 21 22 23"
          }
        },
        "$auto$opt_expr.cc:205:group_cell_inputs$102": {
          "hide_name": 1,
          "bits": [ 195, 196, 197 ],
          "attributes": {
          }
        },
        "$auto$opt_expr.cc:205:group_cell_inputs$110": {
          "hide_name": 1,
          "bits": [ 201, 202, 203, 204, 205, 206 ],
          "attributes": {
          }
        },
        "$auto$opt_expr.cc:205:group_cell_inputs$114": {
          "hide_name": 1,
          "bits": [ 254, 255, 256, 257, 258, 259, "1", "1", "1", "1", "1" ],
          "attributes": {
          }
        },
        "$auto$opt_expr.cc:205:group_cell_inputs$121": {
          "hide_name": 1,
          "bits": [ 207, 208, 209, 210, 211, 212, 213, 214, 215, 216, 217 ],
          "attributes": {
          }
        },
        "$auto$opt_expr.cc:205:group_cell_inputs$128": {
          "hide_name": 1,
          "bits": [ 218, 219, 220, 221, 222, 223, 224, 225, 226, 227, 228 ],
          "attributes": {
          }
        },
        "$auto$opt_expr.cc:205:group_cell_inputs$136": {
          "hide_name": 1,
          "bits": [ 238, 239, 240 ],
          "attributes": {
          }
        },
        "$auto$opt_expr.cc:205:group_cell_inputs$139": {
          "hide_name": 1,
          "bits": [ 244, 245, 246, 247, 248, 249 ],
          "attributes": {
            "unused_bits": "3 4 5"
          }
        },
        "$auto$opt_expr.cc:205:group_cell_inputs$157": {
          "hide_name": 1,
          "bits": [ 15 ],
          "attributes": {
          }
        },
        "$auto$opt_expr.cc:205:group_cell_inputs$161": {
          "hide_name": 1,
          "bits": [ 235, 236, 237 ],
          "attributes": {
          }
        },
        "$auto$opt_expr.cc:205:group_cell_inputs$168": {
          "hide_name": 1,
          "bits": [ 261 ],
          "attributes": {
          }
        },
        "$auto$opt_expr.cc:205:group_cell_inputs$170": {
          "hide_name": 1,
          "bits": [ 195, 196, 159, 161, 163, 165, 167, 169, 171, 173, 175, 177, 179, 181, 183, 185, 187, 189, 191 ],
          "attributes": {
          }
        },
        "$auto$opt_expr.cc:205:group_cell_inputs$88": {
          "hide_name": 1,
          "bits": [ 274, 275, 276, 277, 278, 279 ],
          "attributes": {
          }
        },
        "$auto$opt_expr.cc:205:group_cell_inputs$91": {
          "hide_name": 1,
          "bits": [ 11, 12, 13, 14, 253, 16 ],
          "attributes": {
          }
        },
        "$auto$opt_expr.cc:205:group_cell_inputs$96": {
          "hide_name": 1,
          "bits": [ 47, 48, 49 ],
          "attributes": {
          }
        },
        "$auto$wreduce.cc:514:run$72": {
          "hide_name": 1,
          "bits": [ 463, 464, 465, 466, 467, 468, 493, 494, 495, 496, 497, 498, 499, 500, 501, 502, 503, 504, 505, 506 ],
          "attributes": {
            "src": "designs/246/top.sv:24.28-24.54",
            "unused_bits": "6 7 8 9 10 11 12 13 14 15 16 17 18 19"
          }
        },
        "$mul$designs/246/top.sv:15$2_Y": {
          "hide_name": 1,
          "bits": [ 283, 284, 285, 286, 287, 288 ],
          "attributes": {
            "src": "designs/246/top.sv:15.30-15.68",
            "unused_bits": "0 2 3 4"
          }
        },
        "$mul$designs/246/top.sv:15$6_Y": {
          "hide_name": 1,
          "bits": [ 295, 296, 297, 298, 299, 300 ],
          "attributes": {
            "src": "designs/246/top.sv:15.26-15.119",
            "unused_bits": "2"
          }
        },
        "$mul$designs/246/top.sv:15$8_Y": {
          "hide_name": 1,
          "bits": [ 262, 263, 264, 301, 302, 303 ],
          "attributes": {
            "src": "designs/246/top.sv:15.24-15.142",
            "unused_bits": "3 4 5"
          }
        },
        "$mul$designs/246/top.sv:18$39_Y": {
          "hide_name": 1,
          "bits": [ "0", "0", 260, 158, 160, 162, 164, 166, 168, 170, 172, 174, 176, 178, 180, 182, 184, 186, 188, 190, 507, 508, 509, 510 ],
          "attributes": {
            "src": "designs/246/top.sv:18.27-18.94",
            "unused_bits": "20 21 22 23"
          }
        },
        "$or$designs/246/top.sv:15$1_Y": {
          "hide_name": 1,
          "bits": [ 280, 281, 282, "0", "0", "0" ],
          "attributes": {
            "src": "designs/246/top.sv:15.31-15.54"
          }
        },
        "$or$designs/246/top.sv:16$11_Y": {
          "hide_name": 1,
          "bits": [ 268, 269, 270, 271, 272, 273, "0", "0", "0", "0", "0", "0", "0", "0", "0", "0", "0", "0", "0", "0", "0", "0", "0", "0" ],
          "attributes": {
            "src": "designs/246/top.sv:16.32-16.47"
          }
        },
        "$or$designs/246/top.sv:18$43_Y": {
          "hide_name": 1,
          "bits": [ 346, 347, 348, 349, 350, 351, 352, 353, 354, 355, 356, 357, 358, 359, 360, 361, 362, 363, 364, 365, 511, 512, 513, 514 ],
          "attributes": {
            "src": "designs/246/top.sv:18.25-18.121",
            "unused_bits": "20 21 22 23"
          }
        },
        "$or$designs/246/top.sv:18$44_Y": {
          "hide_name": 1,
          "bits": [ 118, 119, 120, 121, 122, 123, 124, 125, 126, 127, 128, 129, 130, 131, 132, 133, 134, 135, 136, 137, 515, 516, 517, 518 ],
          "attributes": {
            "src": "designs/246/top.sv:18.24-18.131",
            "unused_bits": "20 21 22 23"
          }
        },
        "$sub$designs/246/top.sv:15$4_Y": {
          "hide_name": 1,
          "bits": [ 366, 367, 368, 369, 370, 371 ],
          "attributes": {
            "src": "designs/246/top.sv:15.28-15.91"
          }
        },
        "$sub$designs/246/top.sv:15$5_Y": {
          "hide_name": 1,
          "bits": [ 289, 290, 291, 292, 293, 294 ],
          "attributes": {
            "src": "designs/246/top.sv:15.27-15.105"
          }
        },
        "$sub$designs/246/top.sv:16$22_Y": {
          "hide_name": 1,
          "bits": [ 304, 305, 306, 307, 308, 309, 310, 311, 312, 313, 314, 315, 316, 317, 318, 319, 320, 321, 322, 323, 324, 325, 326, 327 ],
          "attributes": {
            "src": "designs/246/top.sv:16.23-16.161"
          }
        },
        "$sub$designs/246/top.sv:17$24_Y": {
          "hide_name": 1,
          "bits": [ 2, 372, 373, 374, 375, 376, 377, 378, 379, 380, 381, 519, 520, 521, 522, 523, 524, 525, 526, 527, 528, 529, 530, 531 ],
          "attributes": {
            "src": "designs/246/top.sv:17.38-17.59",
            "unused_bits": "11 12 13 14 15 16 17 18 19 20 21 22 23"
          }
        },
        "$sub$designs/246/top.sv:17$26_Y": {
          "hide_name": 1,
          "bits": [ 393, 394, 395, 396, 397, 398, 399, 400, 401, 402, 403, 532, 533, 534, 535, 536, 537, 538, 539, 540, 541, 542, 543, 544 ],
          "attributes": {
            "src": "designs/246/top.sv:17.36-17.79",
            "unused_bits": "11 12 13 14 15 16 17 18 19 20 21 22 23"
          }
        },
        "$sub$designs/246/top.sv:17$27_Y": {
          "hide_name": 1,
          "bits": [ 404, 405, 406, 407, 408, 409, 410, 411, 412, 413, 414, 545, 546, 547, 548, 549, 550, 551, 552, 553, 554, 555, 556, 557 ],
          "attributes": {
            "src": "designs/246/top.sv:17.35-17.89",
            "unused_bits": "11 12 13 14 15 16 17 18 19 20 21 22 23"
          }
        },
        "$sub$designs/246/top.sv:17$30_Y": {
          "hide_name": 1,
          "bits": [ 198, 199, 200, 415, 416, 417, 418, 419, 420, 421, 422, 558, 559, 560, 561, 562, 563, 564, 565, 566, 567, 568, 569, 570 ],
          "attributes": {
            "src": "designs/246/top.sv:17.34-17.106",
            "unused_bits": "3 4 5 6 7 8 9 10 11 12 13 14 15 16 17 18 19 20 21 22 23"
          }
        },
        "$sub$designs/246/top.sv:24$69_Y": {
          "hide_name": 1,
          "bits": [ 457, 458, 459, 460, 461, 462, 571, 572, 573, 574, 575, 576, 577, 578, 579, 580, 581, 582, 583, 584 ],
          "attributes": {
            "src": "designs/246/top.sv:24.29-24.44",
            "unused_bits": "6 7 8 9 10 11 12 13 14 15 16 17 18 19"
          }
        },
        "$xor$designs/246/top.sv:17$25_Y": {
          "hide_name": 1,
          "bits": [ 382, 383, 384, 385, 386, 387, 388, 389, 390, 391, 392, 585, 586, 587, 588, 589, 590, 591, 592, 593, 594, 595, 596, 597 ],
          "attributes": {
            "src": "designs/246/top.sv:17.37-17.69",
            "unused_bits": "11 12 13 14 15 16 17 18 19 20 21 22 23"
          }
        },
        "input_data": {
          "hide_name": 0,
          "bits": [ 2, 3, 4 ],
          "attributes": {
            "src": "designs/246/top.sv:2.17-2.27"
          }
        },
        "output_data": {
          "hide_name": 0,
          "bits": [ 5, 6, 7, 8, 9, 10 ],
          "attributes": {
            "src": "designs/246/top.sv:3.18-3.29"
          }
        },
        "temp_0": {
          "hide_name": 0,
          "bits": [ 17, 18, 19, 20, 21, 22 ],
          "attributes": {
            "src": "designs/246/top.sv:6.17-6.23"
          }
        },
        "temp_1": {
          "hide_name": 0,
          "bits": [ 229, 230, 231, 241, 242, 243, 328, 329, 330, 331, 332, 333, 334, 335, 336, 337, 338, 339, 340, 341, 342, 343, 344, 345 ],
          "attributes": {
            "src": "designs/246/top.sv:7.18-7.24",
            "unused_bits": "20 21 22 23"
          }
        },
        "temp_2": {
          "hide_name": 0,
          "bits": [ 77, 78, 79, 80, 81, 82, 83, 84, 85, 86, 87 ],
          "attributes": {
            "src": "designs/246/top.sv:8.18-8.24"
          }
        },
        "temp_3": {
          "hide_name": 0,
          "bits": [ 423, 424, 425, 426, 427, 428, 429, 430, 431, 432, 433, 434, 435, 436, 437, 438, 439, 440, 441, 442 ],
          "attributes": {
            "src": "designs/246/top.sv:9.18-9.24",
            "unused_bits": "6 7 8 9 10 11 12 13 14 15 16 17 18 19"
          }
        },
        "temp_4": {
          "hide_name": 0,
          "bits": [ 250, 251, 252, "0", "0", "0", "0", "0", "0", "0", "0", "0", "0", "0", "0", "0", "0" ],
          "attributes": {
            "src": "designs/246/top.sv:10.18-10.24"
          }
        },
        "temp_5": {
          "hide_name": 0,
          "bits": [ 443, 444, 445, 446, 447, 448, 449, 450, 451, 452, 453, 454, 455, 456 ],
          "attributes": {
            "src": "designs/246/top.sv:11.18-11.24",
            "unused_bits": "6 7 8 9 10 11 12 13"
          }
        }
      }
    }
  }
}
