{
  "creator": "Yosys 0.60 (git sha1 5bafeb77dc71e054fa331ab9efa613e6fb0a1c49, clang++ 17.0.0 -fPIC -O3)",
  "modules": {
    "top": {
      "attributes": {
        "top": "00000000000000000000000000000001",
        "src": "designs/100/top.sv:1.1-34.10"
      },
      "ports": {
        "input_data": {
          "direction": "input",
          "bits": [ 2, 3, 4, 5, 6, 7 ]
        },
        "output_data": {
          "direction": "output",
          "bits": [ 8, 9, 10, 11, 12, 13, 14, 15, 16, 17, 18, 19, 20, 21, 22, 23, 24, 25, 26, 27, 28, 29, 30, 31 ]
        }
      },
      "cells": {
        "$add$designs/100/top.sv:18$3": {
          "hide_name": 1,
          "type": "$add",
          "parameters": {
            "A_SIGNED": "00000000000000000000000000000000",
            "A_WIDTH": "00000000000000000000000000000110",
            "B_SIGNED": "00000000000000000000000000000000",
            "B_WIDTH": "00000000000000000000000000000110",
            "Y_WIDTH": "00000000000000000000000000000110"
          },
          "attributes": {
            "src": "designs/100/top.sv:18.30-18.83"
          },
          "port_directions": {
            "A": "input",
            "B": "input",
            "Y": "output"
          },
          "connections": {
            "A": [ 32, 33, 34, 35, 36, 37 ],
            "B": [ 2, 3, 4, 5, 6, 7 ],
            "Y": [ 38, 39, 40, 41, 42, 43 ]
          }
        },
        "$add$designs/100/top.sv:20$12": {
          "hide_name": 1,
          "type": "$add",
          "parameters": {
            "A_SIGNED": "00000000000000000000000000000000",
            "A_WIDTH": "00000000000000000000000000001101",
            "B_SIGNED": "00000000000000000000000000000000",
            "B_WIDTH": "00000000000000000000000000000110",
            "Y_WIDTH": "00000000000000000000000000001101"
          },
          "attributes": {
            "src": "designs/100/top.sv:20.22-20.75"
          },
          "port_directions": {
            "A": "input",
            "B": "input",
            "Y": "output"
          },
          "connections": {
            "A": [ 44, 45, 46, 47, 48, 49, 50, 51, 52, 53, 54, 55, 56 ],
            "B": [ 2, 3, 4, 5, 6, 7 ],
            "Y": [ 57, 58, 59, 60, 61, 62, 63, 64, 65, 66, 67, 68, 69 ]
          }
        },
        "$add$designs/100/top.sv:28$20": {
          "hide_name": 1,
          "type": "$add",
          "parameters": {
            "A_SIGNED": "00000000000000000000000000000000",
            "A_WIDTH": "00000000000000000000000000000100",
            "B_SIGNED": "00000000000000000000000000000000",
            "B_WIDTH": "00000000000000000000000000000110",
            "Y_WIDTH": "00000000000000000000000000000111"
          },
          "attributes": {
            "src": "designs/100/top.sv:28.24-28.50"
          },
          "port_directions": {
            "A": "input",
            "B": "input",
            "Y": "output"
          },
          "connections": {
            "A": [ 70, 71, 72, 73 ],
            "B": [ 2, 3, 4, 5, 6, 7 ],
            "Y": [ 74, 75, 76, 77, 78, 79, 80 ]
          }
        },
        "$add$designs/100/top.sv:32$33": {
          "hide_name": 1,
          "type": "$add",
          "parameters": {
            "A_SIGNED": "00000000000000000000000000000000",
            "A_WIDTH": "00000000000000000000000000011000",
            "B_SIGNED": "00000000000000000000000000000000",
            "B_WIDTH": "00000000000000000000000000001101",
            "Y_WIDTH": "00000000000000000000000000011000"
          },
          "attributes": {
            "src": "designs/100/top.sv:32.28-32.43"
          },
          "port_directions": {
            "A": "input",
            "B": "input",
            "Y": "output"
          },
          "connections": {
            "A": [ 81, 82, 83, 84, 85, 86, 87, 88, 89, 90, 91, 92, 93, 94, 95, 95, 95, 95, 95, 95, 95, 95, 95, 95 ],
            "B": [ 57, 58, 59, 60, 61, 62, 63, 64, 65, 66, 67, 68, 69 ],
            "Y": [ 96, 97, 98, 99, 100, 101, 102, 103, 104, 105, 106, 107, 108, 109, 110, 111, 112, 113, 114, 115, 116, 117, 118, 119 ]
          }
        },
        "$and$designs/100/top.sv:18$1": {
          "hide_name": 1,
          "type": "$and",
          "parameters": {
            "A_SIGNED": "00000000000000000000000000000000",
            "A_WIDTH": "00000000000000000000000000000110",
            "B_SIGNED": "00000000000000000000000000000000",
            "B_WIDTH": "00000000000000000000000000000110",
            "Y_WIDTH": "00000000000000000000000000000110"
          },
          "attributes": {
            "src": "designs/100/top.sv:18.32-18.55"
          },
          "port_directions": {
            "A": "input",
            "B": "input",
            "Y": "output"
          },
          "connections": {
            "A": [ 2, 3, 4, 5, 6, 7 ],
            "B": [ 2, 3, 4, 5, 6, 7 ],
            "Y": [ 120, 121, 122, 123, 124, 125 ]
          }
        },
        "$and$designs/100/top.sv:18$2": {
          "hide_name": 1,
          "type": "$and",
          "parameters": {
            "A_SIGNED": "00000000000000000000000000000000",
            "A_WIDTH": "00000000000000000000000000000110",
            "B_SIGNED": "00000000000000000000000000000000",
            "B_WIDTH": "00000000000000000000000000000110",
            "Y_WIDTH": "00000000000000000000000000000110"
          },
          "attributes": {
            "src": "designs/100/top.sv:18.31-18.69"
          },
          "port_directions": {
            "A": "input",
            "B": "input",
            "Y": "output"
          },
          "connections": {
            "A": [ 120, 121, 122, 123, 124, 125 ],
            "B": [ 2, 3, 4, 5, 6, 7 ],
            "Y": [ 32, 33, 34, 35, 36, 37 ]
          }
        },
        "$auto$opt_expr.cc:276:group_cell_inputs$42": {
          "hide_name": 1,
          "type": "$and",
          "parameters": {
            "A_SIGNED": "00000000000000000000000000000000",
            "A_WIDTH": "00000000000000000000000000001000",
            "B_SIGNED": "00000000000000000000000000000000",
            "B_WIDTH": "00000000000000000000000000001000",
            "Y_WIDTH": "00000000000000000000000000001000"
          },
          "attributes": {
          },
          "port_directions": {
            "A": "input",
            "B": "input",
            "Y": "output"
          },
          "connections": {
            "A": [ 126, 127, 128, 129, 130, 131, 132, 133 ],
            "B": [ 38, 39, 40, 41, 42, 43, 43, 43 ],
            "Y": [ 134, 135, 136, 137, 138, 139, 140, 141 ]
          }
        },
        "$auto$opt_expr.cc:276:group_cell_inputs$44": {
          "hide_name": 1,
          "type": "$or",
          "parameters": {
            "A_SIGNED": "00000000000000000000000000000000",
            "A_WIDTH": "00000000000000000000000000000110",
            "B_SIGNED": "00000000000000000000000000000000",
            "B_WIDTH": "00000000000000000000000000000110",
            "Y_WIDTH": "00000000000000000000000000000110"
          },
          "attributes": {
          },
          "port_directions": {
            "A": "input",
            "B": "input",
            "Y": "output"
          },
          "connections": {
            "A": [ 134, 135, 136, 137, 138, 139 ],
            "B": [ 2, 3, 4, 5, 6, 7 ],
            "Y": [ 142, 143, 144, 145, 146, 147 ]
          }
        },
        "$auto$opt_expr.cc:276:group_cell_inputs$51": {
          "hide_name": 1,
          "type": "$not",
          "parameters": {
            "A_SIGNED": "00000000000000000000000000000000",
            "A_WIDTH": "00000000000000000000000000001101",
            "Y_WIDTH": "00000000000000000000000000001101"
          },
          "attributes": {
          },
          "port_directions": {
            "A": "input",
            "Y": "output"
          },
          "connections": {
            "A": [ 57, 58, 59, 60, 61, 62, 63, 64, 65, 66, 67, 68, 69 ],
            "Y": [ 148, 149, 150, 151, 152, 153, 154, 155, 156, 157, 158, 159, 160 ]
          }
        },
        "$auto$opt_expr.cc:276:group_cell_inputs$55": {
          "hide_name": 1,
          "type": "$and",
          "parameters": {
            "A_SIGNED": "00000000000000000000000000000000",
            "A_WIDTH": "00000000000000000000000000000011",
            "B_SIGNED": "00000000000000000000000000000000",
            "B_WIDTH": "00000000000000000000000000000011",
            "Y_WIDTH": "00000000000000000000000000000011"
          },
          "attributes": {
          },
          "port_directions": {
            "A": "input",
            "B": "input",
            "Y": "output"
          },
          "connections": {
            "A": [ 38, 39, 40 ],
            "B": [ 148, 149, 150 ],
            "Y": [ 161, 162, 163 ]
          }
        },
        "$auto$opt_expr.cc:276:group_cell_inputs$59": {
          "hide_name": 1,
          "type": "$or",
          "parameters": {
            "A_SIGNED": "00000000000000000000000000000000",
            "A_WIDTH": "00000000000000000000000000000001",
            "B_SIGNED": "00000000000000000000000000000000",
            "B_WIDTH": "00000000000000000000000000000001",
            "Y_WIDTH": "00000000000000000000000000000001"
          },
          "attributes": {
          },
          "port_directions": {
            "A": "input",
            "B": "input",
            "Y": "output"
          },
          "connections": {
            "A": [ 161 ],
            "B": [ 141 ],
            "Y": [ 164 ]
          }
        },
        "$auto$opt_expr.cc:276:group_cell_inputs$62": {
          "hide_name": 1,
          "type": "$xor",
          "parameters": {
            "A_SIGNED": "00000000000000000000000000000000",
            "A_WIDTH": "00000000000000000000000000000101",
            "B_SIGNED": "00000000000000000000000000000000",
            "B_WIDTH": "00000000000000000000000000000101",
            "Y_WIDTH": "00000000000000000000000000000101"
          },
          "attributes": {
          },
          "port_directions": {
            "A": "input",
            "B": "input",
            "Y": "output"
          },
          "connections": {
            "A": [ 165, 166, 167, 168, 169 ],
            "B": [ 65, 66, 67, 68, 69 ],
            "Y": [ 170, 171, 172, 173, 174 ]
          }
        },
        "$auto$opt_expr.cc:276:group_cell_inputs$84": {
          "hide_name": 1,
          "type": "$and",
          "parameters": {
            "A_SIGNED": "00000000000000000000000000000000",
            "A_WIDTH": "00000000000000000000000000001001",
            "B_SIGNED": "00000000000000000000000000000000",
            "B_WIDTH": "00000000000000000000000000001001",
            "Y_WIDTH": "00000000000000000000000000001001"
          },
          "attributes": {
          },
          "port_directions": {
            "A": "input",
            "B": "input",
            "Y": "output"
          },
          "connections": {
            "A": [ 175, 176, 177, 178, 179, 180, 181, 182, 183 ],
            "B": [ 184, 185, 186, 187, 188, 189, 190, 191, 191 ],
            "Y": [ 44, 45, 46, 47, 48, 49, 50, 51, 52 ]
          }
        },
        "$auto$opt_expr.cc:276:group_cell_inputs$93": {
          "hide_name": 1,
          "type": "$not",
          "parameters": {
            "A_SIGNED": "00000000000000000000000000000000",
            "A_WIDTH": "00000000000000000000000000001000",
            "Y_WIDTH": "00000000000000000000000000001000"
          },
          "attributes": {
          },
          "port_directions": {
            "A": "input",
            "Y": "output"
          },
          "connections": {
            "A": [ 142, 143, 144, 145, 146, 147, 140, 141 ],
            "Y": [ 184, 185, 186, 187, 188, 189, 190, 191 ]
          }
        },
        "$mul$designs/100/top.sv:20$8": {
          "hide_name": 1,
          "type": "$mul",
          "parameters": {
            "A_SIGNED": "00000000000000000000000000000000",
            "A_WIDTH": "00000000000000000000000000011001",
            "B_SIGNED": "00000000000000000000000000000000",
            "B_WIDTH": "00000000000000000000000000001001",
            "Y_WIDTH": "00000000000000000000000000001101"
          },
          "attributes": {
            "src": "designs/100/top.sv:20.32-20.47"
          },
          "port_directions": {
            "A": "input",
            "B": "input",
            "Y": "output"
          },
          "connections": {
            "A": [ 38, 39, 40, 41, 42, 43, 43, 43, 43, 43, 43, 43, 43, 43, 43, 43, 43, 43, 43, 43, 43, 43, 43, 43, 43 ],
            "B": [ 142, 143, 144, 145, 146, 147, 140, 141, 141 ],
            "Y": [ 175, 176, 177, 178, 179, 180, 181, 182, 183, 53, 54, 55, 56 ]
          }
        },
        "$mul$designs/100/top.sv:28$19": {
          "hide_name": 1,
          "type": "$mul",
          "parameters": {
            "A_SIGNED": "00000000000000000000000000000000",
            "A_WIDTH": "00000000000000000000000000000001",
            "B_SIGNED": "00000000000000000000000000000000",
            "B_WIDTH": "00000000000000000000000000000011",
            "Y_WIDTH": "00000000000000000000000000000100"
          },
          "attributes": {
            "src": "designs/100/top.sv:28.25-28.40"
          },
          "port_directions": {
            "A": "input",
            "B": "input",
            "Y": "output"
          },
          "connections": {
            "A": [ 141 ],
            "B": [ 38, 39, 40 ],
            "Y": [ 70, 71, 72, 73 ]
          }
        },
        "$mul$designs/100/top.sv:28$21": {
          "hide_name": 1,
          "type": "$mul",
          "parameters": {
            "A_SIGNED": "00000000000000000000000000000000",
            "A_WIDTH": "00000000000000000000000000000111",
            "B_SIGNED": "00000000000000000000000000000000",
            "B_WIDTH": "00000000000000000000000000000110",
            "Y_WIDTH": "00000000000000000000000000001101"
          },
          "attributes": {
            "src": "designs/100/top.sv:28.23-28.60"
          },
          "port_directions": {
            "A": "input",
            "B": "input",
            "Y": "output"
          },
          "connections": {
            "A": [ 74, 75, 76, 77, 78, 79, 80 ],
            "B": [ 2, 3, 4, 5, 6, 7 ],
            "Y": [ 192, 193, 194, 195, 196, 197, 198, 199, 200, 201, 202, 203, 204 ]
          }
        },
        "$sub$designs/100/top.sv:19$4": {
          "hide_name": 1,
          "type": "$sub",
          "parameters": {
            "A_SIGNED": "00000000000000000000000000000001",
            "A_WIDTH": "00000000000000000000000000000011",
            "B_SIGNED": "00000000000000000000000000000001",
            "B_WIDTH": "00000000000000000000000000000110",
            "Y_WIDTH": "00000000000000000000000000000111"
          },
          "attributes": {
            "src": "designs/100/top.sv:19.51-19.82"
          },
          "port_directions": {
            "A": "input",
            "B": "input",
            "Y": "output"
          },
          "connections": {
            "A": [ 43, 43, "0" ],
            "B": [ 38, 39, 40, 41, 42, 43 ],
            "Y": [ 205, 206, 207, 208, 209, 210, 211 ]
          }
        },
        "$sub$designs/100/top.sv:19$5": {
          "hide_name": 1,
          "type": "$sub",
          "parameters": {
            "A_SIGNED": "00000000000000000000000000000001",
            "A_WIDTH": "00000000000000000000000000000111",
            "B_SIGNED": "00000000000000000000000000000001",
            "B_WIDTH": "00000000000000000000000000000110",
            "Y_WIDTH": "00000000000000000000000000001000"
          },
          "attributes": {
            "src": "designs/100/top.sv:19.50-19.92"
          },
          "port_directions": {
            "A": "input",
            "B": "input",
            "Y": "output"
          },
          "connections": {
            "A": [ 205, 206, 207, 208, 209, 210, 211 ],
            "B": [ 38, 39, 40, 41, 42, 43 ],
            "Y": [ 126, 127, 128, 129, 130, 131, 132, 133 ]
          }
        },
        "$sub$designs/100/top.sv:27$17": {
          "hide_name": 1,
          "type": "$sub",
          "parameters": {
            "A_SIGNED": "00000000000000000000000000000000",
            "A_WIDTH": "00000000000000000000000000001110",
            "B_SIGNED": "00000000000000000000000000000000",
            "B_WIDTH": "00000000000000000000000000000001",
            "Y_WIDTH": "00000000000000000000000000001110"
          },
          "attributes": {
            "src": "designs/100/top.sv:27.23-27.63"
          },
          "port_directions": {
            "A": "input",
            "B": "input",
            "Y": "output"
          },
          "connections": {
            "A": [ 164, 162, 163, "0", "0", "0", "0", "0", "0", "0", "0", "0", "0", "0" ],
            "B": [ 141 ],
            "Y": [ 165, 166, 167, 168, 169, 212, 213, 214, 215, 216, 217, 218, 219, 220 ]
          }
        },
        "$sub$designs/100/top.sv:28$22": {
          "hide_name": 1,
          "type": "$sub",
          "parameters": {
            "A_SIGNED": "00000000000000000000000000000000",
            "A_WIDTH": "00000000000000000000000000001101",
            "B_SIGNED": "00000000000000000000000000000000",
            "B_WIDTH": "00000000000000000000000000001110",
            "Y_WIDTH": "00000000000000000000000000001111"
          },
          "attributes": {
            "src": "designs/100/top.sv:28.22-28.70"
          },
          "port_directions": {
            "A": "input",
            "B": "input",
            "Y": "output"
          },
          "connections": {
            "A": [ 192, 193, 194, 195, 196, 197, 198, 199, 200, 201, 202, 203, 204 ],
            "B": [ 170, 171, 172, 173, 174, 212, 213, 214, 215, 216, 217, 218, 219, 220 ],
            "Y": [ 81, 82, 83, 84, 85, 86, 87, 88, 89, 90, 91, 92, 93, 94, 95 ]
          }
        },
        "$sub$designs/100/top.sv:32$34": {
          "hide_name": 1,
          "type": "$sub",
          "parameters": {
            "A_SIGNED": "00000000000000000000000000000000",
            "A_WIDTH": "00000000000000000000000000011000",
            "B_SIGNED": "00000000000000000000000000000000",
            "B_WIDTH": "00000000000000000000000000000101",
            "Y_WIDTH": "00000000000000000000000000011000"
          },
          "attributes": {
            "src": "designs/100/top.sv:32.27-32.59"
          },
          "port_directions": {
            "A": "input",
            "B": "input",
            "Y": "output"
          },
          "connections": {
            "A": [ 96, 97, 98, 99, 100, 101, 102, 103, 104, 105, 106, 107, 108, 109, 110, 111, 112, 113, 114, 115, 116, 117, 118, 119 ],
            "B": [ 65, 66, 67, 68, 69 ],
            "Y": [ 8, 9, 10, 11, 12, 13, 14, 15, 16, 17, 18, 19, 20, 21, 22, 23, 24, 25, 26, 27, 28, 29, 30, 31 ]
          }
        }
      },
      "netnames": {
        "$add$designs/100/top.sv:28$20_Y": {
          "hide_name": 1,
          "bits": [ 74, 75, 76, 77, 78, 79, 80, "0", "0", "0", "0", "0", "0", "0", "0", "0", "0", "0", "0", "0", "0", "0", "0", "0", "0", "0" ],
          "attributes": {
            "src": "designs/100/top.sv:28.24-28.50"
          }
        },
        "$add$designs/100/top.sv:32$33_Y": {
          "hide_name": 1,
          "bits": [ 96, 97, 98, 99, 100, 101, 102, 103, 104, 105, 106, 107, 108, 109, 110, 111, 112, 113, 114, 115, 116, 117, 118, 119 ],
          "attributes": {
          }
        },
        "$and$designs/100/top.sv:18$1_Y": {
          "hide_name": 1,
          "bits": [ 120, 121, 122, 123, 124, 125 ],
          "attributes": {
            "src": "designs/100/top.sv:18.32-18.55"
          }
        },
        "$and$designs/100/top.sv:18$2_Y": {
          "hide_name": 1,
          "bits": [ 32, 33, 34, 35, 36, 37 ],
          "attributes": {
            "src": "designs/100/top.sv:18.31-18.69"
          }
        },
        "$and$designs/100/top.sv:19$6_Y": {
          "hide_name": 1,
          "bits": [ 134, 135, 136, 137, 138, 139, 140, 141, 141, 221, 222, 223, 224, 225, 226, 227, 228, 229, 230, 231, 232, 233, 234, 235, 236 ],
          "attributes": {
            "src": "designs/100/top.sv:19.39-19.103",
            "unused_bits": "9 10 11 12 13 14 15 16 17 18 19 20 21 22 23 24"
          }
        },
        "$and$designs/100/top.sv:20$11_Y": {
          "hide_name": 1,
          "bits": [ 44, 45, 46, 47, 48, 49, 50, 51, 52, 53, 54, 55, 56, 237, 238, 239, 240, 241, 242, 243, 244, 245, 246, 247, 248 ],
          "attributes": {
            "src": "designs/100/top.sv:20.23-20.61",
            "unused_bits": "13 14 15 16 17 18 19 20 21 22 23 24"
          }
        },
        "$and$designs/100/top.sv:27$15_Y": {
          "hide_name": 1,
          "bits": [ 161, 162, 163, "0", "0", "0", "0", "0", "0", "0", "0", "0", "0", "0" ],
          "attributes": {
            "src": "designs/100/top.sv:27.25-27.43"
          }
        },
        "$auto$opt_expr.cc:205:group_cell_inputs$46": {
          "hide_name": 1,
          "bits": [ 184, 185, 186, 187, 188, 189, 190, 191, 191 ],
          "attributes": {
          }
        },
        "$auto$opt_expr.cc:205:group_cell_inputs$50": {
          "hide_name": 1,
          "bits": [ 148, 149, 150, 151, 152, 153, 154, 155, 156, 157, 158, 159, 160 ],
          "attributes": {
            "unused_bits": "3 4 5 6 7 8 9 10 11 12"
          }
        },
        "$auto$opt_expr.cc:205:group_cell_inputs$58": {
          "hide_name": 1,
          "bits": [ 164 ],
          "attributes": {
          }
        },
        "$auto$wreduce.cc:514:run$40": {
          "hide_name": 1,
          "bits": [ 192, 193, 194, 195, 196, 197, 198, 199, 200, 201, 202, 203, 204, "0", "0", "0", "0", "0", "0", "0", "0", "0", "0", "0", "0", "0" ],
          "attributes": {
            "src": "designs/100/top.sv:28.23-28.60"
          }
        },
        "$mul$designs/100/top.sv:20$8_Y": {
          "hide_name": 1,
          "bits": [ 175, 176, 177, 178, 179, 180, 181, 182, 183, 53, 54, 55, 56, 249, 250, 251, 252, 253, 254, 255, 256, 257, 258, 259, 260 ],
          "attributes": {
            "src": "designs/100/top.sv:20.32-20.47",
            "unused_bits": "13 14 15 16 17 18 19 20 21 22 23 24"
          }
        },
        "$mul$designs/100/top.sv:28$19_Y": {
          "hide_name": 1,
          "bits": [ 70, 71, 72, 73, "0", "0", "0", "0", "0", "0", "0", "0", "0", "0", "0", "0", "0", "0", "0", "0", "0", "0", "0", "0", "0", "0" ],
          "attributes": {
            "src": "designs/100/top.sv:28.25-28.40"
          }
        },
        "$sub$designs/100/top.sv:19$4_Y": {
          "hide_name": 1,
          "bits": [ 205, 206, 207, 208, 209, 210, 211, 211, 211, 211, 211, 211, 211, 211, 211, 211, 211, 211, 211, 211, 211, 211, 211, 211, 211 ],
          "attributes": {
            "src": "designs/100/top.sv:19.51-19.82"
          }
        },
        "$sub$designs/100/top.sv:19$5_Y": {
          "hide_name": 1,
          "bits": [ 126, 127, 128, 129, 130, 131, 132, 133, 133, 133, 133, 133, 133, 133, 133, 133, 133, 133, 133, 133, 133, 133, 133, 133, 133 ],
          "attributes": {
            "src": "designs/100/top.sv:19.50-19.92"
          }
        },
        "$sub$designs/100/top.sv:27$17_Y": {
          "hide_name": 1,
          "bits": [ 165, 166, 167, 168, 169, 212, 213, 214, 215, 216, 217, 218, 219, 220 ],
          "attributes": {
            "src": "designs/100/top.sv:27.23-27.63"
          }
        },
        "expr_876272": {
          "hide_name": 0,
          "bits": [ 38, 39, 40, 41, 42, 43, 43, 43, 43, 43, 43, 43, 43, 43, 43, 43, 43, 43, 43, 43, 43, 43, 43, 43, 43 ],
          "attributes": {
            "src": "designs/100/top.sv:21.18-21.29"
          }
        },
        "input_data": {
          "hide_name": 0,
          "bits": [ 2, 3, 4, 5, 6, 7 ],
          "attributes": {
            "src": "designs/100/top.sv:2.17-2.27"
          }
        },
        "output_data": {
          "hide_name": 0,
          "bits": [ 8, 9, 10, 11, 12, 13, 14, 15, 16, 17, 18, 19, 20, 21, 22, 23, 24, 25, 26, 27, 28, 29, 30, 31 ],
          "attributes": {
            "src": "designs/100/top.sv:3.19-3.30"
          }
        },
        "temp_1": {
          "hide_name": 0,
          "bits": [ 142, 143, 144, 145, 146, 147, 140, 141, 141 ],
          "attributes": {
            "src": "designs/100/top.sv:7.17-7.23"
          }
        },
        "temp_2": {
          "hide_name": 0,
          "bits": [ 57, 58, 59, 60, 61, 62, 63, 64, 65, 66, 67, 68, 69 ],
          "attributes": {
            "src": "designs/100/top.sv:8.18-8.24"
          }
        },
        "temp_7": {
          "hide_name": 0,
          "bits": [ 170, 171, 172, 173, 174, 212, 213, 214, 215, 216, 217, 218, 219, 220 ],
          "attributes": {
            "src": "designs/100/top.sv:13.18-13.24"
          }
        },
        "temp_8": {
          "hide_name": 0,
          "bits": [ 81, 82, 83, 84, 85, 86, 87, 88, 89, 90, 91, 92, 93, 94, 95, 95, 95, 95, 95, 95, 95, 95, 95, 95, 95, 95 ],
          "attributes": {
            "src": "designs/100/top.sv:14.18-14.24"
          }
        }
      }
    }
  }
}
