{
  "creator": "Yosys 0.60 (git sha1 5bafeb77dc71e054fa331ab9efa613e6fb0a1c49, clang++ 17.0.0 -fPIC -O3)",
  "modules": {
    "top": {
      "attributes": {
        "top": "00000000000000000000000000000001",
        "src": "designs/32/top.sv:1.1-22.10"
      },
      "ports": {
        "input_data": {
          "direction": "input",
          "bits": [ 2, 3, 4 ]
        },
        "output_data": {
          "direction": "output",
          "bits": [ 5, 6, 7, 8, 9, 10, 11, 12, 13, 14, "0", "0", "0", "0", "0", "0", "0", "0", "0", "0" ]
        }
      },
      "cells": {
        "$add$designs/32/top.sv:14$7": {
          "hide_name": 1,
          "type": "$add",
          "parameters": {
            "A_SIGNED": "00000000000000000000000000000000",
            "A_WIDTH": "00000000000000000000000000000111",
            "B_SIGNED": "00000000000000000000000000000000",
            "B_WIDTH": "00000000000000000000000000000111",
            "Y_WIDTH": "00000000000000000000000000000111"
          },
          "attributes": {
            "src": "designs/32/top.sv:14.52-14.93"
          },
          "port_directions": {
            "A": "input",
            "B": "input",
            "Y": "output"
          },
          "connections": {
            "A": [ 15, 16, 17, 18, 19, 20, 21 ],
            "B": [ 22, 23, 24, 25, 26, 27, 28 ],
            "Y": [ 29, 30, 31, 32, 33, 34, 35 ]
          }
        },
        "$and$designs/32/top.sv:14$8": {
          "hide_name": 1,
          "type": "$and",
          "parameters": {
            "A_SIGNED": "00000000000000000000000000000000",
            "A_WIDTH": "00000000000000000000000000000111",
            "B_SIGNED": "00000000000000000000000000000000",
            "B_WIDTH": "00000000000000000000000000000111",
            "Y_WIDTH": "00000000000000000000000000000111"
          },
          "attributes": {
            "src": "designs/32/top.sv:14.43-14.104"
          },
          "port_directions": {
            "A": "input",
            "B": "input",
            "Y": "output"
          },
          "connections": {
            "A": [ 29, 30, 31, 32, 33, 34, 35 ],
            "B": [ 22, 23, 24, 25, 26, 27, 28 ],
            "Y": [ 36, 37, 38, 39, 40, 41, 42 ]
          }
        },
        "$auto$opt_expr.cc:276:group_cell_inputs$26": {
          "hide_name": 1,
          "type": "$or",
          "parameters": {
            "A_SIGNED": "00000000000000000000000000000000",
            "A_WIDTH": "00000000000000000000000000000101",
            "B_SIGNED": "00000000000000000000000000000000",
            "B_WIDTH": "00000000000000000000000000000101",
            "Y_WIDTH": "00000000000000000000000000000101"
          },
          "attributes": {
          },
          "port_directions": {
            "A": "input",
            "B": "input",
            "Y": "output"
          },
          "connections": {
            "A": [ 43, 44, 45, 46, 47 ],
            "B": [ 36, 37, 38, 39, 40 ],
            "Y": [ 48, 49, 50, 51, 52 ]
          }
        },
        "$auto$opt_expr.cc:276:group_cell_inputs$36": {
          "hide_name": 1,
          "type": "$and",
          "parameters": {
            "A_SIGNED": "00000000000000000000000000000000",
            "A_WIDTH": "00000000000000000000000000000010",
            "B_SIGNED": "00000000000000000000000000000000",
            "B_WIDTH": "00000000000000000000000000000010",
            "Y_WIDTH": "00000000000000000000000000000010"
          },
          "attributes": {
          },
          "port_directions": {
            "A": "input",
            "B": "input",
            "Y": "output"
          },
          "connections": {
            "A": [ 48, 49 ],
            "B": [ 53, 54 ],
            "Y": [ 55, 56 ]
          }
        },
        "$auto$opt_expr.cc:276:group_cell_inputs$40": {
          "hide_name": 1,
          "type": "$or",
          "parameters": {
            "A_SIGNED": "00000000000000000000000000000000",
            "A_WIDTH": "00000000000000000000000000000111",
            "B_SIGNED": "00000000000000000000000000000000",
            "B_WIDTH": "00000000000000000000000000000111",
            "Y_WIDTH": "00000000000000000000000000000111"
          },
          "attributes": {
          },
          "port_directions": {
            "A": "input",
            "B": "input",
            "Y": "output"
          },
          "connections": {
            "A": [ 57, 58, 59, 60, 61, 62, 63 ],
            "B": [ 48, 49, 50, 51, 52, 53, 54 ],
            "Y": [ 5, 6, 7, 8, 9, 10, 11 ]
          }
        },
        "$mul$designs/32/top.sv:13$2": {
          "hide_name": 1,
          "type": "$mul",
          "parameters": {
            "A_SIGNED": "00000000000000000000000000000000",
            "A_WIDTH": "00000000000000000000000000000011",
            "B_SIGNED": "00000000000000000000000000000000",
            "B_WIDTH": "00000000000000000000000000000011",
            "Y_WIDTH": "00000000000000000000000000000011"
          },
          "attributes": {
            "src": "designs/32/top.sv:13.34-13.72"
          },
          "port_directions": {
            "A": "input",
            "B": "input",
            "Y": "output"
          },
          "connections": {
            "A": [ 64, 65, 66 ],
            "B": [ 2, 3, 4 ],
            "Y": [ 67, 68, 69 ]
          }
        },
        "$mul$designs/32/top.sv:13$3": {
          "hide_name": 1,
          "type": "$mul",
          "parameters": {
            "A_SIGNED": "00000000000000000000000000000000",
            "A_WIDTH": "00000000000000000000000000000011",
            "B_SIGNED": "00000000000000000000000000000000",
            "B_WIDTH": "00000000000000000000000000000011",
            "Y_WIDTH": "00000000000000000000000000000110"
          },
          "attributes": {
            "src": "designs/32/top.sv:13.23-13.87"
          },
          "port_directions": {
            "A": "input",
            "B": "input",
            "Y": "output"
          },
          "connections": {
            "A": [ 67, 68, 69 ],
            "B": [ 2, 3, 4 ],
            "Y": [ 70, 71, 72, 73, 74, 75 ]
          }
        },
        "$mul$designs/32/top.sv:13$4": {
          "hide_name": 1,
          "type": "$mul",
          "parameters": {
            "A_SIGNED": "00000000000000000000000000000000",
            "A_WIDTH": "00000000000000000000000000000110",
            "B_SIGNED": "00000000000000000000000000000000",
            "B_WIDTH": "00000000000000000000000000000111",
            "Y_WIDTH": "00000000000000000000000000000111"
          },
          "attributes": {
            "src": "designs/32/top.sv:13.22-13.96"
          },
          "port_directions": {
            "A": "input",
            "B": "input",
            "Y": "output"
          },
          "connections": {
            "A": [ 70, 71, 72, 73, 74, 75 ],
            "B": [ "1", "1", "0", "0", "0", "1", "1" ],
            "Y": [ 22, 23, 24, 25, 26, 27, 28 ]
          }
        },
        "$not$designs/32/top.sv:14$5": {
          "hide_name": 1,
          "type": "$not",
          "parameters": {
            "A_SIGNED": "00000000000000000000000000000000",
            "A_WIDTH": "00000000000000000000000000000111",
            "Y_WIDTH": "00000000000000000000000000000111"
          },
          "attributes": {
            "src": "designs/32/top.sv:14.75-14.82"
          },
          "port_directions": {
            "A": "input",
            "Y": "output"
          },
          "connections": {
            "A": [ 22, 23, 24, 25, 26, 27, 28 ],
            "Y": [ 76, 77, 78, 79, 80, 81, 82 ]
          }
        },
        "$or$designs/32/top.sv:13$1": {
          "hide_name": 1,
          "type": "$or",
          "parameters": {
            "A_SIGNED": "00000000000000000000000000000000",
            "A_WIDTH": "00000000000000000000000000000011",
            "B_SIGNED": "00000000000000000000000000000000",
            "B_WIDTH": "00000000000000000000000000000011",
            "Y_WIDTH": "00000000000000000000000000000011"
          },
          "attributes": {
            "src": "designs/32/top.sv:13.35-13.58"
          },
          "port_directions": {
            "A": "input",
            "B": "input",
            "Y": "output"
          },
          "connections": {
            "A": [ 2, 3, 4 ],
            "B": [ 2, 3, 4 ],
            "Y": [ 64, 65, 66 ]
          }
        },
        "$shl$designs/32/top.sv:14$6": {
          "hide_name": 1,
          "type": "$shl",
          "parameters": {
            "A_SIGNED": "00000000000000000000000000000000",
            "A_WIDTH": "00000000000000000000000000000111",
            "B_SIGNED": "00000000000000000000000000000000",
            "B_WIDTH": "00000000000000000000000000000111",
            "Y_WIDTH": "00000000000000000000000000000111"
          },
          "attributes": {
            "src": "designs/32/top.sv:14.53-14.83"
          },
          "port_directions": {
            "A": "input",
            "B": "input",
            "Y": "output"
          },
          "connections": {
            "A": [ 22, 23, 24, 25, 26, 27, 28 ],
            "B": [ 76, 77, 78, 79, 80, 81, 82 ],
            "Y": [ 15, 16, 17, 18, 19, 20, 21 ]
          }
        },
        "$sub$designs/32/top.sv:16$12": {
          "hide_name": 1,
          "type": "$sub",
          "parameters": {
            "A_SIGNED": "00000000000000000000000000000000",
            "A_WIDTH": "00000000000000000000000000000111",
            "B_SIGNED": "00000000000000000000000000000000",
            "B_WIDTH": "00000000000000000000000000000011",
            "Y_WIDTH": "00000000000000000000000000000111"
          },
          "attributes": {
            "src": "designs/32/top.sv:16.33-16.53"
          },
          "port_directions": {
            "A": "input",
            "B": "input",
            "Y": "output"
          },
          "connections": {
            "A": [ 22, 23, 24, 25, 26, 27, 28 ],
            "B": [ 22, 23, 24 ],
            "Y": [ 43, 44, 45, 46, 47, 53, 54 ]
          }
        },
        "$sub$designs/32/top.sv:20$18": {
          "hide_name": 1,
          "type": "$sub",
          "parameters": {
            "A_SIGNED": "00000000000000000000000000000000",
            "A_WIDTH": "00000000000000000000000000000101",
            "B_SIGNED": "00000000000000000000000000000000",
            "B_WIDTH": "00000000000000000000000000001001",
            "Y_WIDTH": "00000000000000000000000000001010"
          },
          "attributes": {
            "src": "designs/32/top.sv:20.49-20.100"
          },
          "port_directions": {
            "A": "input",
            "B": "input",
            "Y": "output"
          },
          "connections": {
            "A": [ "0", "0", "0", "0", "0" ],
            "B": [ 36, 37, 38, 39, 40, "0", "0", "0", "0" ],
            "Y": [ 83, 84, 85, 86, 87, 88, 89, 90, 91, 92 ]
          }
        },
        "$sub$designs/32/top.sv:20$19": {
          "hide_name": 1,
          "type": "$sub",
          "parameters": {
            "A_SIGNED": "00000000000000000000000000000000",
            "A_WIDTH": "00000000000000000000000000001010",
            "B_SIGNED": "00000000000000000000000000000000",
            "B_WIDTH": "00000000000000000000000000000011",
            "Y_WIDTH": "00000000000000000000000000001010"
          },
          "attributes": {
            "src": "designs/32/top.sv:20.38-20.116"
          },
          "port_directions": {
            "A": "input",
            "B": "input",
            "Y": "output"
          },
          "connections": {
            "A": [ 83, 84, 85, 86, 87, 88, 89, 90, 91, 92 ],
            "B": [ 55, 56, "0" ],
            "Y": [ 57, 58, 59, 60, 61, 62, 63, 12, 13, 14 ]
          }
        }
      },
      "netnames": {
        "$add$designs/32/top.sv:14$7_Y": {
          "hide_name": 1,
          "bits": [ 29, 30, 31, 32, 33, 34, 35 ],
          "attributes": {
            "src": "designs/32/top.sv:14.52-14.93"
          }
        },
        "$and$designs/32/top.sv:14$8_Y": {
          "hide_name": 1,
          "bits": [ 36, 37, 38, 39, 40, 41, 42 ],
          "attributes": {
            "src": "designs/32/top.sv:14.43-14.104",
            "unused_bits": "5 6"
          }
        },
        "$auto$wreduce.cc:514:run$22": {
          "hide_name": 1,
          "bits": [ 57, 58, 59, 60, 61, 62, 63, 12, 13, 14 ],
          "attributes": {
            "src": "designs/32/top.sv:20.38-20.116"
          }
        },
        "$mul$designs/32/top.sv:13$2_Y": {
          "hide_name": 1,
          "bits": [ 67, 68, 69 ],
          "attributes": {
            "src": "designs/32/top.sv:13.34-13.72"
          }
        },
        "$mul$designs/32/top.sv:13$3_Y": {
          "hide_name": 1,
          "bits": [ 70, 71, 72, 73, 74, 75, "0" ],
          "attributes": {
            "src": "designs/32/top.sv:13.23-13.87"
          }
        },
        "$not$designs/32/top.sv:14$5_Y": {
          "hide_name": 1,
          "bits": [ 76, 77, 78, 79, 80, 81, 82 ],
          "attributes": {
            "src": "designs/32/top.sv:14.75-14.82"
          }
        },
        "$or$designs/32/top.sv:13$1_Y": {
          "hide_name": 1,
          "bits": [ 64, 65, 66 ],
          "attributes": {
            "src": "designs/32/top.sv:13.35-13.58"
          }
        },
        "$shl$designs/32/top.sv:14$6_Y": {
          "hide_name": 1,
          "bits": [ 15, 16, 17, 18, 19, 20, 21 ],
          "attributes": {
            "src": "designs/32/top.sv:14.53-14.83"
          }
        },
        "$sub$designs/32/top.sv:16$12_Y": {
          "hide_name": 1,
          "bits": [ 43, 44, 45, 46, 47, 53, 54 ],
          "attributes": {
            "src": "designs/32/top.sv:16.33-16.53"
          }
        },
        "$sub$designs/32/top.sv:20$18_Y": {
          "hide_name": 1,
          "bits": [ 83, 84, 85, 86, 87, 88, 89, 90, 91, 92 ],
          "attributes": {
            "src": "designs/32/top.sv:20.49-20.100"
          }
        },
        "input_data": {
          "hide_name": 0,
          "bits": [ 2, 3, 4 ],
          "attributes": {
            "src": "designs/32/top.sv:2.17-2.27"
          }
        },
        "output_data": {
          "hide_name": 0,
          "bits": [ 5, 6, 7, 8, 9, 10, 11, 12, 13, 14, "0", "0", "0", "0", "0", "0", "0", "0", "0", "0" ],
          "attributes": {
            "src": "designs/32/top.sv:3.19-3.30"
          }
        },
        "temp_0": {
          "hide_name": 0,
          "bits": [ 22, 23, 24, 25, 26, 27, 28 ],
          "attributes": {
            "src": "designs/32/top.sv:6.17-6.23"
          }
        },
        "temp_1": {
          "hide_name": 0,
          "bits": [ 36, 37, 38, 39, 40, "0", "0", "0", "0", "0", "x", "x", "x", "x", "x", "x", "x", "x", "x", "x", "x", "x", "x", "x", "x", "x" ],
          "attributes": {
            "src": "designs/32/top.sv:7.18-7.24"
          }
        },
        "temp_3": {
          "hide_name": 0,
          "bits": [ 48, 49, 50, 51, 52, 53, 54, "0", "0", "0" ],
          "attributes": {
            "src": "designs/32/top.sv:9.17-9.23"
          }
        },
        "temp_4": {
          "hide_name": 0,
          "bits": [ 55, 56, "0", "x", "x", "x" ],
          "attributes": {
            "src": "designs/32/top.sv:10.17-10.23"
          }
        }
      }
    }
  }
}
