{
  "creator": "Yosys 0.60 (git sha1 5bafeb77dc71e054fa331ab9efa613e6fb0a1c49, clang++ 17.0.0 -fPIC -O3)",
  "modules": {
    "top": {
      "attributes": {
        "top": "00000000000000000000000000000001",
        "src": "designs/135/top.sv:1.1-24.10"
      },
      "ports": {
        "input_data": {
          "direction": "input",
          "bits": [ 2, 3, 4 ]
        },
        "output_data": {
          "direction": "output",
          "bits": [ 5, 6, 7, 8, 9 ]
        }
      },
      "cells": {
        "$add$designs/135/top.sv:14$2": {
          "hide_name": 1,
          "type": "$add",
          "parameters": {
            "A_SIGNED": "00000000000000000000000000000000",
            "A_WIDTH": "00000000000000000000000000000011",
            "B_SIGNED": "00000000000000000000000000000000",
            "B_WIDTH": "00000000000000000000000000000011",
            "Y_WIDTH": "00000000000000000000000000000011"
          },
          "attributes": {
            "src": "designs/135/top.sv:14.43-14.90"
          },
          "port_directions": {
            "A": "input",
            "B": "input",
            "Y": "output"
          },
          "connections": {
            "A": [ 10, 11, 12 ],
            "B": [ 2, 3, 4 ],
            "Y": [ 13, 14, 15 ]
          }
        },
        "$add$designs/135/top.sv:15$16": {
          "hide_name": 1,
          "type": "$add",
          "parameters": {
            "A_SIGNED": "00000000000000000000000000000000",
            "A_WIDTH": "00000000000000000000000000001111",
            "B_SIGNED": "00000000000000000000000000000000",
            "B_WIDTH": "00000000000000000000000000000011",
            "Y_WIDTH": "00000000000000000000000000010000"
          },
          "attributes": {
            "src": "designs/135/top.sv:15.33-15.228"
          },
          "port_directions": {
            "A": "input",
            "B": "input",
            "Y": "output"
          },
          "connections": {
            "A": [ 16, 17, 18, 19, 20, 21, 22, 23, 24, 25, 26, 27, 28, 29, 30 ],
            "B": [ 31, 32, 33 ],
            "Y": [ 34, 35, 36, 37, 38, 39, 40, 41, 42, 43, 44, 45, 46, 47, 48, 49 ]
          }
        },
        "$add$designs/135/top.sv:16$27": {
          "hide_name": 1,
          "type": "$add",
          "parameters": {
            "A_SIGNED": "00000000000000000000000000000000",
            "A_WIDTH": "00000000000000000000000000000101",
            "B_SIGNED": "00000000000000000000000000000000",
            "B_WIDTH": "00000000000000000000000000000011",
            "Y_WIDTH": "00000000000000000000000000000101"
          },
          "attributes": {
            "src": "designs/135/top.sv:16.33-16.227"
          },
          "port_directions": {
            "A": "input",
            "B": "input",
            "Y": "output"
          },
          "connections": {
            "A": [ 50, 51, 52, "0", "0" ],
            "B": [ 2, 3, 4 ],
            "Y": [ 53, 54, 55, 56, 57 ]
          }
        },
        "$add$designs/135/top.sv:17$34": {
          "hide_name": 1,
          "type": "$add",
          "parameters": {
            "A_SIGNED": "00000000000000000000000000000000",
            "A_WIDTH": "00000000000000000000000000000001",
            "B_SIGNED": "00000000000000000000000000000000",
            "B_WIDTH": "00000000000000000000000000000011",
            "Y_WIDTH": "00000000000000000000000000000100"
          },
          "attributes": {
            "src": "designs/135/top.sv:17.42-17.160"
          },
          "port_directions": {
            "A": "input",
            "B": "input",
            "Y": "output"
          },
          "connections": {
            "A": [ 58 ],
            "B": [ 31, 32, 33 ],
            "Y": [ 59, 60, 61, 62 ]
          }
        },
        "$add$designs/135/top.sv:17$35": {
          "hide_name": 1,
          "type": "$add",
          "parameters": {
            "A_SIGNED": "00000000000000000000000000000000",
            "A_WIDTH": "00000000000000000000000000000100",
            "B_SIGNED": "00000000000000000000000000000000",
            "B_WIDTH": "00000000000000000000000000000001",
            "Y_WIDTH": "00000000000000000000000000000101"
          },
          "attributes": {
            "src": "designs/135/top.sv:17.33-17.180"
          },
          "port_directions": {
            "A": "input",
            "B": "input",
            "Y": "output"
          },
          "connections": {
            "A": [ 59, 60, 61, 62 ],
            "B": [ 4 ],
            "Y": [ 63, 64, 65, 66, 67 ]
          }
        },
        "$add$designs/135/top.sv:18$45": {
          "hide_name": 1,
          "type": "$add",
          "parameters": {
            "A_SIGNED": "00000000000000000000000000000000",
            "A_WIDTH": "00000000000000000000000000000101",
            "B_SIGNED": "00000000000000000000000000000000",
            "B_WIDTH": "00000000000000000000000000000011",
            "Y_WIDTH": "00000000000000000000000000000101"
          },
          "attributes": {
            "src": "designs/135/top.sv:18.22-18.120"
          },
          "port_directions": {
            "A": "input",
            "B": "input",
            "Y": "output"
          },
          "connections": {
            "A": [ 68, 69, 70, 71, 72 ],
            "B": [ 31, 32, 33 ],
            "Y": [ 73, 74, 75, 76, 77 ]
          }
        },
        "$add$designs/135/top.sv:22$53": {
          "hide_name": 1,
          "type": "$add",
          "parameters": {
            "A_SIGNED": "00000000000000000000000000000000",
            "A_WIDTH": "00000000000000000000000000000101",
            "B_SIGNED": "00000000000000000000000000000000",
            "B_WIDTH": "00000000000000000000000000000001",
            "Y_WIDTH": "00000000000000000000000000000101"
          },
          "attributes": {
            "src": "designs/135/top.sv:22.36-22.146"
          },
          "port_directions": {
            "A": "input",
            "B": "input",
            "Y": "output"
          },
          "connections": {
            "A": [ 78, 79, 80, 81, 82 ],
            "B": [ 83 ],
            "Y": [ 84, 85, 86, 87, 88 ]
          }
        },
        "$add$designs/135/top.sv:22$54": {
          "hide_name": 1,
          "type": "$add",
          "parameters": {
            "A_SIGNED": "00000000000000000000000000000000",
            "A_WIDTH": "00000000000000000000000000000101",
            "B_SIGNED": "00000000000000000000000000000000",
            "B_WIDTH": "00000000000000000000000000000001",
            "Y_WIDTH": "00000000000000000000000000000101"
          },
          "attributes": {
            "src": "designs/135/top.sv:22.35-22.156"
          },
          "port_directions": {
            "A": "input",
            "B": "input",
            "Y": "output"
          },
          "connections": {
            "A": [ 84, 85, 86, 87, 88 ],
            "B": [ 83 ],
            "Y": [ 5, 6, 7, 8, 9 ]
          }
        },
        "$and$designs/135/top.sv:14$3": {
          "hide_name": 1,
          "type": "$and",
          "parameters": {
            "A_SIGNED": "00000000000000000000000000000000",
            "A_WIDTH": "00000000000000000000000000000011",
            "B_SIGNED": "00000000000000000000000000000000",
            "B_WIDTH": "00000000000000000000000000000011",
            "Y_WIDTH": "00000000000000000000000000000011"
          },
          "attributes": {
            "src": "designs/135/top.sv:14.42-14.104"
          },
          "port_directions": {
            "A": "input",
            "B": "input",
            "Y": "output"
          },
          "connections": {
            "A": [ 13, 14, 15 ],
            "B": [ 2, 3, 4 ],
            "Y": [ 89, 90, 91 ]
          }
        },
        "$and$designs/135/top.sv:14$4": {
          "hide_name": 1,
          "type": "$and",
          "parameters": {
            "A_SIGNED": "00000000000000000000000000000000",
            "A_WIDTH": "00000000000000000000000000000011",
            "B_SIGNED": "00000000000000000000000000000000",
            "B_WIDTH": "00000000000000000000000000000011",
            "Y_WIDTH": "00000000000000000000000000000011"
          },
          "attributes": {
            "src": "designs/135/top.sv:14.41-14.118"
          },
          "port_directions": {
            "A": "input",
            "B": "input",
            "Y": "output"
          },
          "connections": {
            "A": [ 89, 90, 91 ],
            "B": [ 2, 3, 4 ],
            "Y": [ 92, 93, 94 ]
          }
        },
        "$auto$opt_expr.cc:276:group_cell_inputs$107": {
          "hide_name": 1,
          "type": "$or",
          "parameters": {
            "A_SIGNED": "00000000000000000000000000000000",
            "A_WIDTH": "00000000000000000000000000000011",
            "B_SIGNED": "00000000000000000000000000000000",
            "B_WIDTH": "00000000000000000000000000000011",
            "Y_WIDTH": "00000000000000000000000000000011"
          },
          "attributes": {
          },
          "port_directions": {
            "A": "input",
            "B": "input",
            "Y": "output"
          },
          "connections": {
            "A": [ 95, 96, 97 ],
            "B": [ 98, 99, 100 ],
            "Y": [ 101, 102, 103 ]
          }
        },
        "$auto$opt_expr.cc:276:group_cell_inputs$111": {
          "hide_name": 1,
          "type": "$not",
          "parameters": {
            "A_SIGNED": "00000000000000000000000000000000",
            "A_WIDTH": "00000000000000000000000000000011",
            "Y_WIDTH": "00000000000000000000000000000011"
          },
          "attributes": {
          },
          "port_directions": {
            "A": "input",
            "Y": "output"
          },
          "connections": {
            "A": [ 104, 105, 106 ],
            "Y": [ 107, 108, 109 ]
          }
        },
        "$auto$opt_expr.cc:276:group_cell_inputs$115": {
          "hide_name": 1,
          "type": "$or",
          "parameters": {
            "A_SIGNED": "00000000000000000000000000000000",
            "A_WIDTH": "00000000000000000000000000000011",
            "B_SIGNED": "00000000000000000000000000000000",
            "B_WIDTH": "00000000000000000000000000000011",
            "Y_WIDTH": "00000000000000000000000000000011"
          },
          "attributes": {
          },
          "port_directions": {
            "A": "input",
            "B": "input",
            "Y": "output"
          },
          "connections": {
            "A": [ 105, 106, 110 ],
            "B": [ 111, 112, 113 ],
            "Y": [ 96, 97, 95 ]
          }
        },
        "$auto$opt_expr.cc:276:group_cell_inputs$68": {
          "hide_name": 1,
          "type": "$not",
          "parameters": {
            "A_SIGNED": "00000000000000000000000000000000",
            "A_WIDTH": "00000000000000000000000000000011",
            "Y_WIDTH": "00000000000000000000000000000011"
          },
          "attributes": {
          },
          "port_directions": {
            "A": "input",
            "Y": "output"
          },
          "connections": {
            "A": [ 2, 3, 4 ],
            "Y": [ 114, 115, 116 ]
          }
        },
        "$auto$opt_expr.cc:276:group_cell_inputs$75": {
          "hide_name": 1,
          "type": "$and",
          "parameters": {
            "A_SIGNED": "00000000000000000000000000000000",
            "A_WIDTH": "00000000000000000000000000000011",
            "B_SIGNED": "00000000000000000000000000000000",
            "B_WIDTH": "00000000000000000000000000000011",
            "Y_WIDTH": "00000000000000000000000000000011"
          },
          "attributes": {
          },
          "port_directions": {
            "A": "input",
            "B": "input",
            "Y": "output"
          },
          "connections": {
            "A": [ 104, 105, 106 ],
            "B": [ 31, 32, 33 ],
            "Y": [ 117, 118, 119 ]
          }
        },
        "$auto$opt_expr.cc:276:group_cell_inputs$79": {
          "hide_name": 1,
          "type": "$xor",
          "parameters": {
            "A_SIGNED": "00000000000000000000000000000000",
            "A_WIDTH": "00000000000000000000000000000011",
            "B_SIGNED": "00000000000000000000000000000000",
            "B_WIDTH": "00000000000000000000000000000011",
            "Y_WIDTH": "00000000000000000000000000000011"
          },
          "attributes": {
          },
          "port_directions": {
            "A": "input",
            "B": "input",
            "Y": "output"
          },
          "connections": {
            "A": [ 120, 121, 122 ],
            "B": [ 2, 3, 4 ],
            "Y": [ 123, 124, 125 ]
          }
        },
        "$auto$opt_expr.cc:276:group_cell_inputs$82": {
          "hide_name": 1,
          "type": "$and",
          "parameters": {
            "A_SIGNED": "00000000000000000000000000000000",
            "A_WIDTH": "00000000000000000000000000000011",
            "B_SIGNED": "00000000000000000000000000000000",
            "B_WIDTH": "00000000000000000000000000000011",
            "Y_WIDTH": "00000000000000000000000000000011"
          },
          "attributes": {
          },
          "port_directions": {
            "A": "input",
            "B": "input",
            "Y": "output"
          },
          "connections": {
            "A": [ 126, 127, 128 ],
            "B": [ 2, 3, 4 ],
            "Y": [ 50, 51, 52 ]
          }
        },
        "$auto$opt_expr.cc:276:group_cell_inputs$86": {
          "hide_name": 1,
          "type": "$or",
          "parameters": {
            "A_SIGNED": "00000000000000000000000000000000",
            "A_WIDTH": "00000000000000000000000000000011",
            "B_SIGNED": "00000000000000000000000000000000",
            "B_WIDTH": "00000000000000000000000000000011",
            "Y_WIDTH": "00000000000000000000000000000011"
          },
          "attributes": {
          },
          "port_directions": {
            "A": "input",
            "B": "input",
            "Y": "output"
          },
          "connections": {
            "A": [ 53, 54, 55 ],
            "B": [ 2, 3, 4 ],
            "Y": [ 113, 111, 112 ]
          }
        },
        "$auto$opt_expr.cc:276:group_cell_inputs$89": {
          "hide_name": 1,
          "type": "$or",
          "parameters": {
            "A_SIGNED": "00000000000000000000000000000000",
            "A_WIDTH": "00000000000000000000000000000001",
            "B_SIGNED": "00000000000000000000000000000000",
            "B_WIDTH": "00000000000000000000000000000001",
            "Y_WIDTH": "00000000000000000000000000000001"
          },
          "attributes": {
          },
          "port_directions": {
            "A": "input",
            "B": "input",
            "Y": "output"
          },
          "connections": {
            "A": [ 104 ],
            "B": [ 83 ],
            "Y": [ 110 ]
          }
        },
        "$auto$opt_expr.cc:276:group_cell_inputs$92": {
          "hide_name": 1,
          "type": "$not",
          "parameters": {
            "A_SIGNED": "00000000000000000000000000000000",
            "A_WIDTH": "00000000000000000000000000000011",
            "Y_WIDTH": "00000000000000000000000000000011"
          },
          "attributes": {
          },
          "port_directions": {
            "A": "input",
            "Y": "output"
          },
          "connections": {
            "A": [ 31, 32, 33 ],
            "Y": [ 98, 99, 100 ]
          }
        },
        "$auto$opt_expr.cc:276:group_cell_inputs$96": {
          "hide_name": 1,
          "type": "$xor",
          "parameters": {
            "A_SIGNED": "00000000000000000000000000000000",
            "A_WIDTH": "00000000000000000000000000000001",
            "B_SIGNED": "00000000000000000000000000000000",
            "B_WIDTH": "00000000000000000000000000000001",
            "Y_WIDTH": "00000000000000000000000000000001"
          },
          "attributes": {
          },
          "port_directions": {
            "A": "input",
            "B": "input",
            "Y": "output"
          },
          "connections": {
            "A": [ 129 ],
            "B": [ 83 ],
            "Y": [ 78 ]
          }
        },
        "$auto$opt_expr.cc:276:group_cell_inputs$99": {
          "hide_name": 1,
          "type": "$or",
          "parameters": {
            "A_SIGNED": "00000000000000000000000000000000",
            "A_WIDTH": "00000000000000000000000000000011",
            "B_SIGNED": "00000000000000000000000000000000",
            "B_WIDTH": "00000000000000000000000000000011",
            "Y_WIDTH": "00000000000000000000000000000011"
          },
          "attributes": {
          },
          "port_directions": {
            "A": "input",
            "B": "input",
            "Y": "output"
          },
          "connections": {
            "A": [ 34, 35, 36 ],
            "B": [ 114, 115, 116 ],
            "Y": [ 104, 105, 106 ]
          }
        },
        "$eq$designs/135/top.sv:17$33": {
          "hide_name": 1,
          "type": "$eq",
          "parameters": {
            "A_SIGNED": "00000000000000000000000000000000",
            "A_WIDTH": "00000000000000000000000000011111",
            "B_SIGNED": "00000000000000000000000000000000",
            "B_WIDTH": "00000000000000000000000000001010",
            "Y_WIDTH": "00000000000000000000000000000001"
          },
          "attributes": {
            "src": "designs/135/top.sv:17.51-17.149"
          },
          "port_directions": {
            "A": "input",
            "B": "input",
            "Y": "output"
          },
          "connections": {
            "A": [ 130, 131, 132, 133, 134, 135, 136, 137, 138, 139, 140, 141, 142, 143, 144, 145, 146, 147, 148, 149, 150, 151, 152, 153, 154, 155, 156, 157, 158, 159, 160 ],
            "B": [ 104, 105, 106, "1", "1", "1", "1", "1", "1", "1" ],
            "Y": [ 58 ]
          }
        },
        "$eq$designs/135/top.sv:17$38": {
          "hide_name": 1,
          "type": "$eq",
          "parameters": {
            "A_SIGNED": "00000000000000000000000000000000",
            "A_WIDTH": "00000000000000000000000000000101",
            "B_SIGNED": "00000000000000000000000000000000",
            "B_WIDTH": "00000000000000000000000000000001",
            "Y_WIDTH": "00000000000000000000000000000001"
          },
          "attributes": {
            "src": "designs/135/top.sv:17.22-17.221"
          },
          "port_directions": {
            "A": "input",
            "B": "input",
            "Y": "output"
          },
          "connections": {
            "A": [ 161, 162, 163, 164, 165 ],
            "B": [ 2 ],
            "Y": [ 83 ]
          }
        },
        "$gt$designs/135/top.sv:17$30": {
          "hide_name": 1,
          "type": "$gt",
          "parameters": {
            "A_SIGNED": "00000000000000000000000000000000",
            "A_WIDTH": "00000000000000000000000000000001",
            "B_SIGNED": "00000000000000000000000000000000",
            "B_WIDTH": "00000000000000000000000000000001",
            "Y_WIDTH": "00000000000000000000000000000001"
          },
          "attributes": {
            "src": "designs/135/top.sv:17.63-17.119"
          },
          "port_directions": {
            "A": "input",
            "B": "input",
            "Y": "output"
          },
          "connections": {
            "A": [ 166 ],
            "B": [ 2 ],
            "Y": [ 167 ]
          }
        },
        "$le$designs/135/top.sv:17$29": {
          "hide_name": 1,
          "type": "$le",
          "parameters": {
            "A_SIGNED": "00000000000000000000000000000000",
            "A_WIDTH": "00000000000000000000000000000101",
            "B_SIGNED": "00000000000000000000000000000000",
            "B_WIDTH": "00000000000000000000000000000011",
            "Y_WIDTH": "00000000000000000000000000000001"
          },
          "attributes": {
            "src": "designs/135/top.sv:17.74-17.99"
          },
          "port_directions": {
            "A": "input",
            "B": "input",
            "Y": "output"
          },
          "connections": {
            "A": [ 113, 111, 112, 56, 57 ],
            "B": [ 31, 32, 33 ],
            "Y": [ 166 ]
          }
        },
        "$lt$designs/135/top.sv:17$36": {
          "hide_name": 1,
          "type": "$lt",
          "parameters": {
            "A_SIGNED": "00000000000000000000000000000000",
            "A_WIDTH": "00000000000000000000000000000101",
            "B_SIGNED": "00000000000000000000000000000000",
            "B_WIDTH": "00000000000000000000000000000101",
            "Y_WIDTH": "00000000000000000000000000000001"
          },
          "attributes": {
            "src": "designs/135/top.sv:17.32-17.190"
          },
          "port_directions": {
            "A": "input",
            "B": "input",
            "Y": "output"
          },
          "connections": {
            "A": [ 63, 64, 65, 66, 67 ],
            "B": [ 113, 111, 112, 56, 57 ],
            "Y": [ 168 ]
          }
        },
        "$mul$designs/135/top.sv:14$5": {
          "hide_name": 1,
          "type": "$mul",
          "parameters": {
            "A_SIGNED": "00000000000000000000000000000000",
            "A_WIDTH": "00000000000000000000000000000011",
            "B_SIGNED": "00000000000000000000000000000000",
            "B_WIDTH": "00000000000000000000000000000011",
            "Y_WIDTH": "00000000000000000000000000000011"
          },
          "attributes": {
            "src": "designs/135/top.sv:14.32-14.133"
          },
          "port_directions": {
            "A": "input",
            "B": "input",
            "Y": "output"
          },
          "connections": {
            "A": [ 92, 93, 94 ],
            "B": [ 2, 3, 4 ],
            "Y": [ 169, 170, 171 ]
          }
        },
        "$mul$designs/135/top.sv:15$15": {
          "hide_name": 1,
          "type": "$mul",
          "parameters": {
            "A_SIGNED": "00000000000000000000000000000000",
            "A_WIDTH": "00000000000000000000000000001100",
            "B_SIGNED": "00000000000000000000000000000000",
            "B_WIDTH": "00000000000000000000000000000011",
            "Y_WIDTH": "00000000000000000000000000001111"
          },
          "attributes": {
            "src": "designs/135/top.sv:15.42-15.211"
          },
          "port_directions": {
            "A": "input",
            "B": "input",
            "Y": "output"
          },
          "connections": {
            "A": [ 2, 3, 4, "0", "0", "0", "0", "0", "0", "0", "0", "0" ],
            "B": [ 31, 32, 33 ],
            "Y": [ 16, 17, 18, 19, 20, 21, 22, 23, 24, 25, 26, 27, 28, 29, 30 ]
          }
        },
        "$mul$designs/135/top.sv:16$21": {
          "hide_name": 1,
          "type": "$mul",
          "parameters": {
            "A_SIGNED": "00000000000000000000000000000000",
            "A_WIDTH": "00000000000000000000000000011111",
            "B_SIGNED": "00000000000000000000000000000000",
            "B_WIDTH": "00000000000000000000000000000011",
            "Y_WIDTH": "00000000000000000000000000011111"
          },
          "attributes": {
            "src": "designs/135/top.sv:16.95-16.143"
          },
          "port_directions": {
            "A": "input",
            "B": "input",
            "Y": "output"
          },
          "connections": {
            "A": [ 117, 118, 119, "0", "0", "0", "0", "0", "0", "0", "0", "0", "0", "0", "0", "0", "0", "0", "0", "0", "0", "0", "0", "0", "0", "0", "0", "0", "0", "0", "0" ],
            "B": [ 31, 32, 33 ],
            "Y": [ 120, 121, 122, 172, 173, 174, 175, 176, 177, 178, 179, 180, 181, 182, 183, 184, 185, 186, 187, 188, 189, 190, 191, 192, 193, 194, 195, 196, 197, 198, 199 ]
          }
        },
        "$mul$designs/135/top.sv:16$24": {
          "hide_name": 1,
          "type": "$mul",
          "parameters": {
            "A_SIGNED": "00000000000000000000000000000000",
            "A_WIDTH": "00000000000000000000000000011111",
            "B_SIGNED": "00000000000000000000000000000000",
            "B_WIDTH": "00000000000000000000000000000011",
            "Y_WIDTH": "00000000000000000000000000011111"
          },
          "attributes": {
            "src": "designs/135/top.sv:16.64-16.186"
          },
          "port_directions": {
            "A": "input",
            "B": "input",
            "Y": "output"
          },
          "connections": {
            "A": [ 123, 124, 125, 172, 173, 174, 175, 176, 177, 178, 179, 180, 181, 182, 183, 184, 185, 186, 187, 188, 189, 190, 191, 192, 193, 194, 195, 196, 197, 198, 199 ],
            "B": [ 31, 32, 33 ],
            "Y": [ 200, 201, 202, 203, 204, 205, 206, 207, 208, 209, 210, 211, 212, 213, 214, 215, 216, 217, 218, 219, 220, 221, 222, 223, 224, 225, 226, 227, 228, 229, 230 ]
          }
        },
        "$mul$designs/135/top.sv:16$25": {
          "hide_name": 1,
          "type": "$mul",
          "parameters": {
            "A_SIGNED": "00000000000000000000000000000000",
            "A_WIDTH": "00000000000000000000000000011111",
            "B_SIGNED": "00000000000000000000000000000000",
            "B_WIDTH": "00000000000000000000000000011111",
            "Y_WIDTH": "00000000000000000000000000000101"
          },
          "attributes": {
            "src": "designs/135/top.sv:16.55-16.197"
          },
          "port_directions": {
            "A": "input",
            "B": "input",
            "Y": "output"
          },
          "connections": {
            "A": [ 200, 201, 202, 203, 204, 205, 206, 207, 208, 209, 210, 211, 212, 213, 214, 215, 216, 217, 218, 219, 220, 221, 222, 223, 224, 225, 226, 227, 228, 229, 230 ],
            "B": [ 104, 105, 106, "1", "1", "1", "1", "1", "1", "1", "1", "1", "1", "1", "1", "1", "1", "1", "1", "1", "1", "1", "1", "1", "1", "1", "1", "1", "1", "1", "1" ],
            "Y": [ 126, 127, 128, 231, 232 ]
          }
        },
        "$mul$designs/135/top.sv:17$32": {
          "hide_name": 1,
          "type": "$mul",
          "parameters": {
            "A_SIGNED": "00000000000000000000000000000000",
            "A_WIDTH": "00000000000000000000000000000001",
            "B_SIGNED": "00000000000000000000000000000000",
            "B_WIDTH": "00000000000000000000000000011111",
            "Y_WIDTH": "00000000000000000000000000011111"
          },
          "attributes": {
            "src": "designs/135/top.sv:17.62-17.132"
          },
          "port_directions": {
            "A": "input",
            "B": "input",
            "Y": "output"
          },
          "connections": {
            "A": [ 167 ],
            "B": [ 107, 108, 109, "0", "0", "0", "0", "0", "0", "0", "0", "0", "0", "0", "0", "0", "0", "0", "0", "0", "0", "0", "0", "0", "0", "0", "0", "0", "0", "0", "0" ],
            "Y": [ 130, 131, 132, 133, 134, 135, 136, 137, 138, 139, 140, 141, 142, 143, 144, 145, 146, 147, 148, 149, 150, 151, 152, 153, 154, 155, 156, 157, 158, 159, 160 ]
          }
        },
        "$mul$designs/135/top.sv:17$37": {
          "hide_name": 1,
          "type": "$mul",
          "parameters": {
            "A_SIGNED": "00000000000000000000000000000000",
            "A_WIDTH": "00000000000000000000000000000001",
            "B_SIGNED": "00000000000000000000000000000000",
            "B_WIDTH": "00000000000000000000000000000101",
            "Y_WIDTH": "00000000000000000000000000000101"
          },
          "attributes": {
            "src": "designs/135/top.sv:17.23-17.201"
          },
          "port_directions": {
            "A": "input",
            "B": "input",
            "Y": "output"
          },
          "connections": {
            "A": [ 168 ],
            "B": [ 113, 111, 112, 56, 57 ],
            "Y": [ 161, 162, 163, 164, 165 ]
          }
        },
        "$or$designs/135/top.sv:14$7": {
          "hide_name": 1,
          "type": "$or",
          "parameters": {
            "A_SIGNED": "00000000000000000000000000000000",
            "A_WIDTH": "00000000000000000000000000000011",
            "B_SIGNED": "00000000000000000000000000000000",
            "B_WIDTH": "00000000000000000000000000000011",
            "Y_WIDTH": "00000000000000000000000000000011"
          },
          "attributes": {
            "src": "designs/135/top.sv:14.22-14.162"
          },
          "port_directions": {
            "A": "input",
            "B": "input",
            "Y": "output"
          },
          "connections": {
            "A": [ 233, 234, 235 ],
            "B": [ 2, 3, 4 ],
            "Y": [ 31, 32, 33 ]
          }
        },
        "$or$designs/135/top.sv:22$50": {
          "hide_name": 1,
          "type": "$or",
          "parameters": {
            "A_SIGNED": "00000000000000000000000000000000",
            "A_WIDTH": "00000000000000000000000000000101",
            "B_SIGNED": "00000000000000000000000000000000",
            "B_WIDTH": "00000000000000000000000000000101",
            "Y_WIDTH": "00000000000000000000000000000101"
          },
          "attributes": {
            "src": "designs/135/top.sv:22.59-22.114"
          },
          "port_directions": {
            "A": "input",
            "B": "input",
            "Y": "output"
          },
          "connections": {
            "A": [ 236, 237, 238, 239, 240 ],
            "B": [ 73, 74, 75, 76, 77 ],
            "Y": [ 241, 242, 243, 244, 245 ]
          }
        },
        "$sub$designs/135/top.sv:14$1": {
          "hide_name": 1,
          "type": "$sub",
          "parameters": {
            "A_SIGNED": "00000000000000000000000000000000",
            "A_WIDTH": "00000000000000000000000000000011",
            "B_SIGNED": "00000000000000000000000000000000",
            "B_WIDTH": "00000000000000000000000000000011",
            "Y_WIDTH": "00000000000000000000000000000011"
          },
          "attributes": {
            "src": "designs/135/top.sv:14.52-14.75"
          },
          "port_directions": {
            "A": "input",
            "B": "input",
            "Y": "output"
          },
          "connections": {
            "A": [ 2, 3, 4 ],
            "B": [ 2, 3, 4 ],
            "Y": [ 10, 11, 12 ]
          }
        },
        "$sub$designs/135/top.sv:18$44": {
          "hide_name": 1,
          "type": "$sub",
          "parameters": {
            "A_SIGNED": "00000000000000000000000000000000",
            "A_WIDTH": "00000000000000000000000000000101",
            "B_SIGNED": "00000000000000000000000000000000",
            "B_WIDTH": "00000000000000000000000000000001",
            "Y_WIDTH": "00000000000000000000000000000101"
          },
          "attributes": {
            "src": "designs/135/top.sv:18.23-18.105"
          },
          "port_directions": {
            "A": "input",
            "B": "input",
            "Y": "output"
          },
          "connections": {
            "A": [ 101, 102, 103, "1", "1" ],
            "B": [ 83 ],
            "Y": [ 68, 69, 70, 71, 72 ]
          }
        },
        "$sub$designs/135/top.sv:22$48": {
          "hide_name": 1,
          "type": "$sub",
          "parameters": {
            "A_SIGNED": "00000000000000000000000000000000",
            "A_WIDTH": "00000000000000000000000000000101",
            "B_SIGNED": "00000000000000000000000000000000",
            "B_WIDTH": "00000000000000000000000000000101",
            "Y_WIDTH": "00000000000000000000000000000101"
          },
          "attributes": {
            "src": "designs/135/top.sv:22.69-22.93"
          },
          "port_directions": {
            "A": "input",
            "B": "input",
            "Y": "output"
          },
          "connections": {
            "A": [ 73, 74, 75, 76, 77 ],
            "B": [ 104, 105, 106, "1", "1" ],
            "Y": [ 246, 247, 248, 249, 250 ]
          }
        },
        "$sub$designs/135/top.sv:22$51": {
          "hide_name": 1,
          "type": "$sub",
          "parameters": {
            "A_SIGNED": "00000000000000000000000000000000",
            "A_WIDTH": "00000000000000000000000000000101",
            "B_SIGNED": "00000000000000000000000000000000",
            "B_WIDTH": "00000000000000000000000000000101",
            "Y_WIDTH": "00000000000000000000000000000101"
          },
          "attributes": {
            "src": "designs/135/top.sv:22.48-22.125"
          },
          "port_directions": {
            "A": "input",
            "B": "input",
            "Y": "output"
          },
          "connections": {
            "A": [ 241, 242, 243, 244, 245 ],
            "B": [ 104, 105, 106, "1", "1" ],
            "Y": [ 129, 79, 80, 81, 82 ]
          }
        },
        "$xor$designs/135/top.sv:14$6": {
          "hide_name": 1,
          "type": "$xor",
          "parameters": {
            "A_SIGNED": "00000000000000000000000000000000",
            "A_WIDTH": "00000000000000000000000000000011",
            "B_SIGNED": "00000000000000000000000000000000",
            "B_WIDTH": "00000000000000000000000000000011",
            "Y_WIDTH": "00000000000000000000000000000011"
          },
          "attributes": {
            "src": "designs/135/top.sv:14.23-14.148"
          },
          "port_directions": {
            "A": "input",
            "B": "input",
            "Y": "output"
          },
          "connections": {
            "A": [ 169, 170, 171 ],
            "B": [ 2, 3, 4 ],
            "Y": [ 233, 234, 235 ]
          }
        },
        "$xor$designs/135/top.sv:22$49": {
          "hide_name": 1,
          "type": "$xor",
          "parameters": {
            "A_SIGNED": "00000000000000000000000000000000",
            "A_WIDTH": "00000000000000000000000000000101",
            "B_SIGNED": "00000000000000000000000000000000",
            "B_WIDTH": "00000000000000000000000000000101",
            "Y_WIDTH": "00000000000000000000000000000101"
          },
          "attributes": {
            "src": "designs/135/top.sv:22.68-22.103"
          },
          "port_directions": {
            "A": "input",
            "B": "input",
            "Y": "output"
          },
          "connections": {
            "A": [ 246, 247, 248, 249, 250 ],
            "B": [ 73, 74, 75, 76, 77 ],
            "Y": [ 236, 237, 238, 239, 240 ]
          }
        }
      },
      "netnames": {
        "$add$designs/135/top.sv:14$2_Y": {
          "hide_name": 1,
          "bits": [ 13, 14, 15 ],
          "attributes": {
            "src": "designs/135/top.sv:14.43-14.90"
          }
        },
        "$add$designs/135/top.sv:15$16_Y": {
          "hide_name": 1,
          "bits": [ 34, 35, 36, 37, 38, 39, 40, 41, 42, 43, 44, 45, 46, 47, 48, 49, "0", "0", "0", "0", "0", "0", "0", "0" ],
          "attributes": {
            "src": "designs/135/top.sv:15.33-15.228",
            "unused_bits": "3 4 5 6 7 8 9 10 11 12 13 14 15"
          }
        },
        "$add$designs/135/top.sv:16$27_Y": {
          "hide_name": 1,
          "bits": [ 53, 54, 55, 56, 57, 251, 252, 253, 254, 255, 256, 257, 258, 259, 260, 261, 262, 263, 264, 265, 266, 267, 268, 269, 270, 271, 272, 273, 274, 275, 276 ],
          "attributes": {
            "src": "designs/135/top.sv:16.33-16.227",
            "unused_bits": "5 6 7 8 9 10 11 12 13 14 15 16 17 18 19 20 21 22 23 24 25 26 27 28 29 30"
          }
        },
        "$add$designs/135/top.sv:17$34_Y": {
          "hide_name": 1,
          "bits": [ 59 ],
          "attributes": {
          }
        },
        "$add$designs/135/top.sv:17$35_Y": {
          "hide_name": 1,
          "bits": [ 63, 64, 65, 66, 67 ],
          "attributes": {
          }
        },
        "$add$designs/135/top.sv:22$53_Y": {
          "hide_name": 1,
          "bits": [ 84, 85, 86, 87, 88 ],
          "attributes": {
          }
        },
        "$and$designs/135/top.sv:14$3_Y": {
          "hide_name": 1,
          "bits": [ 89, 90, 91 ],
          "attributes": {
            "src": "designs/135/top.sv:14.42-14.104"
          }
        },
        "$and$designs/135/top.sv:14$4_Y": {
          "hide_name": 1,
          "bits": [ 92, 93, 94 ],
          "attributes": {
            "src": "designs/135/top.sv:14.41-14.118"
          }
        },
        "$and$designs/135/top.sv:16$20_Y": {
          "hide_name": 1,
          "bits": [ 117, 118, 119, "0", "0", "0", "0", "0", "0", "0", "0", "0", "0", "0", "0", "0", "0", "0", "0", "0", "0", "0", "0", "0", "0", "0", "0", "0", "0", "0", "0" ],
          "attributes": {
            "src": "designs/135/top.sv:16.106-16.132"
          }
        },
        "$and$designs/135/top.sv:16$26_Y": {
          "hide_name": 1,
          "bits": [ 50, 51, 52, "0", "0", 277, 278, 279, 280, 281, 282, 283, 284, 285, 286, 287, 288, 289, 290, 291, 292, 293, 294, 295, 296, 297, 298, 299, 300, 301, 302 ],
          "attributes": {
            "src": "designs/135/top.sv:16.44-16.212",
            "unused_bits": "5 6 7 8 9 10 11 12 13 14 15 16 17 18 19 20 21 22 23 24 25 26 27 28 29 30"
          }
        },
        "$auto$opt_expr.cc:205:group_cell_inputs$102": {
          "hide_name": 1,
          "bits": [ 107, 108, 109, "0", "0", "0", "0", "0", "0", "0", "0", "0", "0", "0", "0", "0" ],
          "attributes": {
          }
        },
        "$auto$opt_expr.cc:205:group_cell_inputs$106": {
          "hide_name": 1,
          "bits": [ 101, 102, 103 ],
          "attributes": {
          }
        },
        "$auto$opt_expr.cc:205:group_cell_inputs$114": {
          "hide_name": 1,
          "bits": [ 96, 97, 95 ],
          "attributes": {
          }
        },
        "$auto$opt_expr.cc:205:group_cell_inputs$67": {
          "hide_name": 1,
          "bits": [ 114, 115, 116 ],
          "attributes": {
          }
        },
        "$auto$opt_expr.cc:205:group_cell_inputs$78": {
          "hide_name": 1,
          "bits": [ 123, 124, 125 ],
          "attributes": {
          }
        },
        "$auto$opt_expr.cc:205:group_cell_inputs$80": {
          "hide_name": 1,
          "bits": [ 172, 173, 174, 175, 176, 177, 178, 179, 180, 181, 182, 183, 184, 185, 186, 187, 188, 189, 190, 191, 192, 193, 194, 195, 196, 197, 198, 199 ],
          "attributes": {
          }
        },
        "$auto$opt_expr.cc:205:group_cell_inputs$88": {
          "hide_name": 1,
          "bits": [ 110 ],
          "attributes": {
          }
        },
        "$auto$opt_expr.cc:205:group_cell_inputs$91": {
          "hide_name": 1,
          "bits": [ 98, 99, 100 ],
          "attributes": {
          }
        },
        "$auto$opt_expr.cc:205:group_cell_inputs$95": {
          "hide_name": 1,
          "bits": [ 78 ],
          "attributes": {
          }
        },
        "$auto$opt_expr.cc:205:group_cell_inputs$97": {
          "hide_name": 1,
          "bits": [ 79, 80, 81, 82 ],
          "attributes": {
          }
        },
        "$auto$wreduce.cc:514:run$56": {
          "hide_name": 1,
          "bits": [ 129, 79, 80, 81, 82, 303, 304, 305, 306, 307, 308, 309, 310, 311, 312, 313, 314, 315, 316, 317, 318, 319, 320, 321, 322, 323, 324, 325, 326, 327, 328 ],
          "attributes": {
            "src": "designs/135/top.sv:22.48-22.125",
            "unused_bits": "5 6 7 8 9 10 11 12 13 14 15 16 17 18 19 20 21 22 23 24 25 26 27 28 29 30"
          }
        },
        "$auto$wreduce.cc:514:run$60": {
          "hide_name": 1,
          "bits": [ 59, 60, 61, 62, "0", "0", "0", "0", "0", "0", "0", "0", "0", "0", "0", "0", "0", "0", "0", "0", "0", "0", "0", "0" ],
          "attributes": {
            "src": "designs/135/top.sv:17.42-17.160"
          }
        },
        "$auto$wreduce.cc:514:run$61": {
          "hide_name": 1,
          "bits": [ 130, 131, 132, 133, 134, 135, 136, 137, 138, 139, 140, 141, 142, 143, 144, 145, 146, 147, 148, 149, 150, 151, 152, 153, 154, 155, 156, 157, 158, 159, 160 ],
          "attributes": {
            "src": "designs/135/top.sv:17.62-17.132"
          }
        },
        "$auto$wreduce.cc:514:run$63": {
          "hide_name": 1,
          "bits": [ 126, 127, 128, 231, 232, 329, 330, 331, 332, 333, 334, 335, 336, 337, 338, 339, 340, 341, 342, 343, 344, 345, 346, 347, 348, 349, 350, 351, 352, 353, 354 ],
          "attributes": {
            "src": "designs/135/top.sv:16.55-16.197",
            "unused_bits": "3 4 5 6 7 8 9 10 11 12 13 14 15 16 17 18 19 20 21 22 23 24 25 26 27 28 29 30"
          }
        },
        "$eq$designs/135/top.sv:17$33_Y": {
          "hide_name": 1,
          "bits": [ 58 ],
          "attributes": {
            "src": "designs/135/top.sv:17.51-17.149"
          }
        },
        "$gt$designs/135/top.sv:17$30_Y": {
          "hide_name": 1,
          "bits": [ 167, "0", "0", "0", "0", "0", "0", "0", "0", "0", "0", "0", "0", "0", "0", "0", "0", "0", "0", "0", "0", "0", "0", "0", "0", "0", "0", "0", "0", "0", "0" ],
          "attributes": {
            "src": "designs/135/top.sv:17.63-17.119"
          }
        },
        "$le$designs/135/top.sv:17$29_Y": {
          "hide_name": 1,
          "bits": [ 166 ],
          "attributes": {
            "src": "designs/135/top.sv:17.74-17.99"
          }
        },
        "$lt$designs/135/top.sv:17$36_Y": {
          "hide_name": 1,
          "bits": [ 168 ],
          "attributes": {
            "src": "designs/135/top.sv:17.32-17.190"
          }
        },
        "$mul$designs/135/top.sv:14$5_Y": {
          "hide_name": 1,
          "bits": [ 169, 170, 171 ],
          "attributes": {
            "src": "designs/135/top.sv:14.32-14.133"
          }
        },
        "$mul$designs/135/top.sv:15$15_Y": {
          "hide_name": 1,
          "bits": [ 16, 17, 18, 19, 20, 21, 22, 23, 24, 25, 26, 27, 28, 29, 30, "0", "0", "0", "0", "0", "0", "0", "0", "0" ],
          "attributes": {
            "src": "designs/135/top.sv:15.42-15.211"
          }
        },
        "$mul$designs/135/top.sv:16$21_Y": {
          "hide_name": 1,
          "bits": [ 120, 121, 122, 172, 173, 174, 175, 176, 177, 178, 179, 180, 181, 182, 183, 184, 185, 186, 187, 188, 189, 190, 191, 192, 193, 194, 195, 196, 197, 198, 199 ],
          "attributes": {
            "src": "designs/135/top.sv:16.95-16.143"
          }
        },
        "$mul$designs/135/top.sv:16$24_Y": {
          "hide_name": 1,
          "bits": [ 200, 201, 202, 203, 204, 205, 206, 207, 208, 209, 210, 211, 212, 213, 214, 215, 216, 217, 218, 219, 220, 221, 222, 223, 224, 225, 226, 227, 228, 229, 230 ],
          "attributes": {
            "src": "designs/135/top.sv:16.64-16.186"
          }
        },
        "$mul$designs/135/top.sv:17$37_Y": {
          "hide_name": 1,
          "bits": [ 161, 162, 163, 164, 165 ],
          "attributes": {
            "src": "designs/135/top.sv:17.23-17.201"
          }
        },
        "$or$designs/135/top.sv:22$50_Y": {
          "hide_name": 1,
          "bits": [ 241, 242, 243, 244, 245, 355, 356, 357, 358, 359, 360, 361, 362, 363, 364, 365, 366, 367, 368, 369, 370, 371, 372, 373, 374, 375, 376, 377, 378, 379, 380 ],
          "attributes": {
            "src": "designs/135/top.sv:22.59-22.114",
            "unused_bits": "5 6 7 8 9 10 11 12 13 14 15 16 17 18 19 20 21 22 23 24 25 26 27 28 29 30"
          }
        },
        "$sub$designs/135/top.sv:14$1_Y": {
          "hide_name": 1,
          "bits": [ 10, 11, 12 ],
          "attributes": {
            "src": "designs/135/top.sv:14.52-14.75"
          }
        },
        "$sub$designs/135/top.sv:18$44_Y": {
          "hide_name": 1,
          "bits": [ 68, 69, 70, 71, 72, 381, 382, 383, 384, 385, 386, 387, 388, 389, 390, 391, 392, 393, 394, 395, 396, 397, 398, 399, 400, 401, 402, 403, 404, 405, 406 ],
          "attributes": {
            "src": "designs/135/top.sv:18.23-18.105",
            "unused_bits": "5 6 7 8 9 10 11 12 13 14 15 16 17 18 19 20 21 22 23 24 25 26 27 28 29 30"
          }
        },
        "$sub$designs/135/top.sv:22$48_Y": {
          "hide_name": 1,
          "bits": [ 246, 247, 248, 249, 250, 407, 408, 409, 410, 411, 412, 413, 414, 415, 416, 417, 418, 419, 420, 421, 422, 423, 424, 425, 426, 427, 428, 429, 430, 431, 432 ],
          "attributes": {
            "src": "designs/135/top.sv:22.69-22.93",
            "unused_bits": "5 6 7 8 9 10 11 12 13 14 15 16 17 18 19 20 21 22 23 24 25 26 27 28 29 30"
          }
        },
        "$xor$designs/135/top.sv:14$6_Y": {
          "hide_name": 1,
          "bits": [ 233, 234, 235, "0", "0", "0", "0", "0", "0", "0", "0", "0", "0", "0", "0", "0", "0", "0", "0", "0", "0", "0", "0", "0" ],
          "attributes": {
            "src": "designs/135/top.sv:14.23-14.148"
          }
        },
        "$xor$designs/135/top.sv:22$49_Y": {
          "hide_name": 1,
          "bits": [ 236, 237, 238, 239, 240, 433, 434, 435, 436, 437, 438, 439, 440, 441, 442, 443, 444, 445, 446, 447, 448, 449, 450, 451, 452, 453, 454, 455, 456, 457, 458 ],
          "attributes": {
            "src": "designs/135/top.sv:22.68-22.103",
            "unused_bits": "5 6 7 8 9 10 11 12 13 14 15 16 17 18 19 20 21 22 23 24 25 26 27 28 29 30"
          }
        },
        "input_data": {
          "hide_name": 0,
          "bits": [ 2, 3, 4 ],
          "attributes": {
            "src": "designs/135/top.sv:2.17-2.27"
          }
        },
        "output_data": {
          "hide_name": 0,
          "bits": [ 5, 6, 7, 8, 9 ],
          "attributes": {
            "src": "designs/135/top.sv:3.18-3.29"
          }
        },
        "temp_0": {
          "hide_name": 0,
          "bits": [ 31, 32, 33, "0", "0", "0", "0", "0", "0", "0", "0", "0", "0", "0", "0", "0", "0", "0", "0", "0", "0", "0", "0", "0" ],
          "attributes": {
            "src": "designs/135/top.sv:6.18-6.24"
          }
        },
        "temp_1": {
          "hide_name": 0,
          "bits": [ 104, 105, 106, "1", "1", "1", "1", "1", "1", "1", "1", "1", "1", "1", "1", "1", "1", "1", "1", "1", "1", "1", "1", "1", "1", "1", "1", "1", "1", "1", "1" ],
          "attributes": {
            "src": "designs/135/top.sv:7.18-7.24"
          }
        },
        "temp_2": {
          "hide_name": 0,
          "bits": [ 113, 111, 112, 56, 57 ],
          "attributes": {
            "src": "designs/135/top.sv:8.17-8.23"
          }
        },
        "temp_3": {
          "hide_name": 0,
          "bits": [ 83 ],
          "attributes": {
            "single_bit_vector": "00000000000000000000000000000001",
            "src": "designs/135/top.sv:9.17-9.23"
          }
        },
        "temp_4": {
          "hide_name": 0,
          "bits": [ 73, 74, 75, 76, 77, "x", "x", "x", "x", "x", "x", "x", "x", "x", "x", "x", "x", "x", "x", "x", "x", "x", "x", "x", "x", "x", "x", "x", "x", "x", "x" ],
          "attributes": {
            "src": "designs/135/top.sv:10.18-10.24"
          }
        }
      }
    }
  }
}
