{
  "creator": "Yosys 0.60 (git sha1 5bafeb77dc71e054fa331ab9efa613e6fb0a1c49, clang++ 17.0.0 -fPIC -O3)",
  "modules": {
    "top": {
      "attributes": {
        "top": "00000000000000000000000000000001",
        "src": "designs/91/top.sv:1.1-24.10"
      },
      "ports": {
        "input_data": {
          "direction": "input",
          "bits": [ 2, 3, 4, 5, 6, 7 ]
        },
        "output_data": {
          "direction": "output",
          "bits": [ 8, 9, 10, 11, 12 ]
        }
      },
      "cells": {
        "$add$designs/91/top.sv:18$20": {
          "hide_name": 1,
          "type": "$add",
          "parameters": {
            "A_SIGNED": "00000000000000000000000000000001",
            "A_WIDTH": "00000000000000000000000000001110",
            "B_SIGNED": "00000000000000000000000000000001",
            "B_WIDTH": "00000000000000000000000000001000",
            "Y_WIDTH": "00000000000000000000000000001111"
          },
          "attributes": {
            "src": "designs/91/top.sv:18.57-18.134"
          },
          "port_directions": {
            "A": "input",
            "B": "input",
            "Y": "output"
          },
          "connections": {
            "A": [ 13, 14, 15, 16, 17, 18, 19, 20, 21, 22, 23, 24, 25, "0" ],
            "B": [ 26, 27, 28, 29, 30, 31, 32, 33 ],
            "Y": [ 34, 35, 36, 37, 38, 39, 40, 41, 42, 43, 44, 45, 46, 47, 48 ]
          }
        },
        "$add$designs/91/top.sv:18$26": {
          "hide_name": 1,
          "type": "$add",
          "parameters": {
            "A_SIGNED": "00000000000000000000000000000000",
            "A_WIDTH": "00000000000000000000000000011111",
            "B_SIGNED": "00000000000000000000000000000000",
            "B_WIDTH": "00000000000000000000000000011111",
            "Y_WIDTH": "00000000000000000000000000011111"
          },
          "attributes": {
            "src": "designs/91/top.sv:18.33-18.201"
          },
          "port_directions": {
            "A": "input",
            "B": "input",
            "Y": "output"
          },
          "connections": {
            "A": [ 49, 50, 51, 52, 53, 54, 55, 56, 57, 57, "0", "0", "0", "0", "0", "0", "0", "0", "0", "0", "0", "0", "0", "0", "0", "0", "0", "0", "0", "0", "0" ],
            "B": [ 26, 27, 28, 29, 30, 31, 32, 33, 33, 33, 33, 33, 33, 33, 33, 33, 33, 33, 33, 33, 33, 33, 33, 33, 33, 33, 33, 33, 33, 33, 33 ],
            "Y": [ 58, 59, 60, 61, 62, 63, 64, 65, 66, 67, 68, 69, 70, 71, 72, 73, 74, 75, 76, 77, 78, 79, 80, 81, 82, 83, 84, 85, 86, 87, 88 ]
          }
        },
        "$add$designs/91/top.sv:19$35": {
          "hide_name": 1,
          "type": "$add",
          "parameters": {
            "A_SIGNED": "00000000000000000000000000000000",
            "A_WIDTH": "00000000000000000000000000000101",
            "B_SIGNED": "00000000000000000000000000000000",
            "B_WIDTH": "00000000000000000000000000000101",
            "Y_WIDTH": "00000000000000000000000000000101"
          },
          "attributes": {
            "src": "designs/91/top.sv:19.45-19.207"
          },
          "port_directions": {
            "A": "input",
            "B": "input",
            "Y": "output"
          },
          "connections": {
            "A": [ 89, 90, 91, 92, 93 ],
            "B": [ 94, 95, 96, 97, 98 ],
            "Y": [ 99, 100, 101, 102, 103 ]
          }
        },
        "$add$designs/91/top.sv:22$45": {
          "hide_name": 1,
          "type": "$add",
          "parameters": {
            "A_SIGNED": "00000000000000000000000000000000",
            "A_WIDTH": "00000000000000000000000000001101",
            "B_SIGNED": "00000000000000000000000000000000",
            "B_WIDTH": "00000000000000000000000000000001",
            "Y_WIDTH": "00000000000000000000000000001110"
          },
          "attributes": {
            "src": "designs/91/top.sv:22.58-22.118"
          },
          "port_directions": {
            "A": "input",
            "B": "input",
            "Y": "output"
          },
          "connections": {
            "A": [ 104, 105, 106, 107, 108, 109, 110, 111, 112, 113, 114, 115, 116 ],
            "B": [ 117 ],
            "Y": [ 118, 119, 120, 121, 122, 123, 124, 125, 126, 127, 128, 129, 130, 131 ]
          }
        },
        "$and$designs/91/top.sv:22$50": {
          "hide_name": 1,
          "type": "$and",
          "parameters": {
            "A_SIGNED": "00000000000000000000000000000000",
            "A_WIDTH": "00000000000000000000000000000101",
            "B_SIGNED": "00000000000000000000000000000000",
            "B_WIDTH": "00000000000000000000000000000101",
            "Y_WIDTH": "00000000000000000000000000000101"
          },
          "attributes": {
            "src": "designs/91/top.sv:22.27-22.183"
          },
          "port_directions": {
            "A": "input",
            "B": "input",
            "Y": "output"
          },
          "connections": {
            "A": [ 132, 133, 134, 135, 136 ],
            "B": [ 137, 138, 139, 140, 141 ],
            "Y": [ 8, 9, 10, 11, 12 ]
          }
        },
        "$auto$opt_expr.cc:276:group_cell_inputs$102": {
          "hide_name": 1,
          "type": "$or",
          "parameters": {
            "A_SIGNED": "00000000000000000000000000000000",
            "A_WIDTH": "00000000000000000000000000000110",
            "B_SIGNED": "00000000000000000000000000000000",
            "B_WIDTH": "00000000000000000000000000000110",
            "Y_WIDTH": "00000000000000000000000000000110"
          },
          "attributes": {
          },
          "port_directions": {
            "A": "input",
            "B": "input",
            "Y": "output"
          },
          "connections": {
            "A": [ 142, 143, 144, 145, 146, 147 ],
            "B": [ 148, 149, 150, 151, 152, 153 ],
            "Y": [ 154, 155, 156, 157, 158, 159 ]
          }
        },
        "$auto$opt_expr.cc:276:group_cell_inputs$105": {
          "hide_name": 1,
          "type": "$xor",
          "parameters": {
            "A_SIGNED": "00000000000000000000000000000000",
            "A_WIDTH": "00000000000000000000000000000110",
            "B_SIGNED": "00000000000000000000000000000000",
            "B_WIDTH": "00000000000000000000000000000110",
            "Y_WIDTH": "00000000000000000000000000000110"
          },
          "attributes": {
          },
          "port_directions": {
            "A": "input",
            "B": "input",
            "Y": "output"
          },
          "connections": {
            "A": [ 154, 155, 156, 157, 158, 159 ],
            "B": [ 148, 149, 150, 151, 152, 153 ],
            "Y": [ 160, 161, 162, 163, 164, 165 ]
          }
        },
        "$auto$opt_expr.cc:276:group_cell_inputs$108": {
          "hide_name": 1,
          "type": "$or",
          "parameters": {
            "A_SIGNED": "00000000000000000000000000000000",
            "A_WIDTH": "00000000000000000000000000000110",
            "B_SIGNED": "00000000000000000000000000000000",
            "B_WIDTH": "00000000000000000000000000000110",
            "Y_WIDTH": "00000000000000000000000000000110"
          },
          "attributes": {
          },
          "port_directions": {
            "A": "input",
            "B": "input",
            "Y": "output"
          },
          "connections": {
            "A": [ 160, 161, 162, 163, 164, 165 ],
            "B": [ 166, 167, 168, 169, 170, 117 ],
            "Y": [ 171, 172, 173, 174, 175, 176 ]
          }
        },
        "$auto$opt_expr.cc:276:group_cell_inputs$118": {
          "hide_name": 1,
          "type": "$xor",
          "parameters": {
            "A_SIGNED": "00000000000000000000000000000000",
            "A_WIDTH": "00000000000000000000000000000101",
            "B_SIGNED": "00000000000000000000000000000000",
            "B_WIDTH": "00000000000000000000000000000101",
            "Y_WIDTH": "00000000000000000000000000000101"
          },
          "attributes": {
          },
          "port_directions": {
            "A": "input",
            "B": "input",
            "Y": "output"
          },
          "connections": {
            "A": [ 177, 178, 179, 180, 181 ],
            "B": [ 137, 138, 139, 140, 141 ],
            "Y": [ 104, 105, 106, 107, 108 ]
          }
        },
        "$auto$opt_expr.cc:276:group_cell_inputs$121": {
          "hide_name": 1,
          "type": "$or",
          "parameters": {
            "A_SIGNED": "00000000000000000000000000000000",
            "A_WIDTH": "00000000000000000000000000000101",
            "B_SIGNED": "00000000000000000000000000000000",
            "B_WIDTH": "00000000000000000000000000000101",
            "Y_WIDTH": "00000000000000000000000000000101"
          },
          "attributes": {
          },
          "port_directions": {
            "A": "input",
            "B": "input",
            "Y": "output"
          },
          "connections": {
            "A": [ 182, 183, 184, 185, 186 ],
            "B": [ 137, 138, 139, 140, 141 ],
            "Y": [ 187, 188, 189, 190, 191 ]
          }
        },
        "$auto$opt_expr.cc:276:group_cell_inputs$124": {
          "hide_name": 1,
          "type": "$or",
          "parameters": {
            "A_SIGNED": "00000000000000000000000000000000",
            "A_WIDTH": "00000000000000000000000000000110",
            "B_SIGNED": "00000000000000000000000000000000",
            "B_WIDTH": "00000000000000000000000000000110",
            "Y_WIDTH": "00000000000000000000000000000110"
          },
          "attributes": {
          },
          "port_directions": {
            "A": "input",
            "B": "input",
            "Y": "output"
          },
          "connections": {
            "A": [ 192, 193, 194, 195, 196, 197 ],
            "B": [ 94, 95, 96, 97, 98, 198 ],
            "Y": [ 199, 200, 201, 202, 203, 204 ]
          }
        },
        "$auto$opt_expr.cc:276:group_cell_inputs$127": {
          "hide_name": 1,
          "type": "$and",
          "parameters": {
            "A_SIGNED": "00000000000000000000000000000000",
            "A_WIDTH": "00000000000000000000000000000110",
            "B_SIGNED": "00000000000000000000000000000000",
            "B_WIDTH": "00000000000000000000000000000110",
            "Y_WIDTH": "00000000000000000000000000000110"
          },
          "attributes": {
          },
          "port_directions": {
            "A": "input",
            "B": "input",
            "Y": "output"
          },
          "connections": {
            "A": [ 205, 206, 207, 208, 209, 210 ],
            "B": [ 211, 212, 213, 214, 215, 216 ],
            "Y": [ 217, 218, 219, 220, 221, 222 ]
          }
        },
        "$auto$opt_expr.cc:276:group_cell_inputs$134": {
          "hide_name": 1,
          "type": "$xor",
          "parameters": {
            "A_SIGNED": "00000000000000000000000000000000",
            "A_WIDTH": "00000000000000000000000000000110",
            "B_SIGNED": "00000000000000000000000000000000",
            "B_WIDTH": "00000000000000000000000000000110",
            "Y_WIDTH": "00000000000000000000000000000110"
          },
          "attributes": {
          },
          "port_directions": {
            "A": "input",
            "B": "input",
            "Y": "output"
          },
          "connections": {
            "A": [ 217, 218, 219, 220, 221, 222 ],
            "B": [ 211, 212, 213, 214, 215, 216 ],
            "Y": [ 223, 224, 225, 226, 53, 54 ]
          }
        },
        "$auto$opt_expr.cc:276:group_cell_inputs$56": {
          "hide_name": 1,
          "type": "$not",
          "parameters": {
            "A_SIGNED": "00000000000000000000000000000000",
            "A_WIDTH": "00000000000000000000000000000110",
            "Y_WIDTH": "00000000000000000000000000000110"
          },
          "attributes": {
          },
          "port_directions": {
            "A": "input",
            "Y": "output"
          },
          "connections": {
            "A": [ 148, 149, 150, 151, 152, 153 ],
            "Y": [ 227, 228, 229, 230, 231, 232 ]
          }
        },
        "$auto$opt_expr.cc:276:group_cell_inputs$60": {
          "hide_name": 1,
          "type": "$and",
          "parameters": {
            "A_SIGNED": "00000000000000000000000000000000",
            "A_WIDTH": "00000000000000000000000000000110",
            "B_SIGNED": "00000000000000000000000000000000",
            "B_WIDTH": "00000000000000000000000000000110",
            "Y_WIDTH": "00000000000000000000000000000110"
          },
          "attributes": {
          },
          "port_directions": {
            "A": "input",
            "B": "input",
            "Y": "output"
          },
          "connections": {
            "A": [ 2, 3, 4, 5, 6, 7 ],
            "B": [ 227, 228, 229, 230, 231, 232 ],
            "Y": [ 233, 234, 235, 236, 237, 238 ]
          }
        },
        "$auto$opt_expr.cc:276:group_cell_inputs$64": {
          "hide_name": 1,
          "type": "$and",
          "parameters": {
            "A_SIGNED": "00000000000000000000000000000000",
            "A_WIDTH": "00000000000000000000000000000110",
            "B_SIGNED": "00000000000000000000000000000000",
            "B_WIDTH": "00000000000000000000000000000110",
            "Y_WIDTH": "00000000000000000000000000000110"
          },
          "attributes": {
          },
          "port_directions": {
            "A": "input",
            "B": "input",
            "Y": "output"
          },
          "connections": {
            "A": [ 233, 234, 235, 236, 237, 238 ],
            "B": [ 148, 149, 150, 151, 152, 153 ],
            "Y": [ 239, 240, 241, 242, 243, 244 ]
          }
        },
        "$auto$opt_expr.cc:276:group_cell_inputs$68": {
          "hide_name": 1,
          "type": "$xor",
          "parameters": {
            "A_SIGNED": "00000000000000000000000000000000",
            "A_WIDTH": "00000000000000000000000000000110",
            "B_SIGNED": "00000000000000000000000000000000",
            "B_WIDTH": "00000000000000000000000000000110",
            "Y_WIDTH": "00000000000000000000000000000110"
          },
          "attributes": {
          },
          "port_directions": {
            "A": "input",
            "B": "input",
            "Y": "output"
          },
          "connections": {
            "A": [ 239, 240, 241, 242, 243, 244 ],
            "B": [ 148, 149, 150, 151, 152, 153 ],
            "Y": [ 245, 246, 247, 248, 249, 250 ]
          }
        },
        "$auto$opt_expr.cc:276:group_cell_inputs$71": {
          "hide_name": 1,
          "type": "$or",
          "parameters": {
            "A_SIGNED": "00000000000000000000000000000000",
            "A_WIDTH": "00000000000000000000000000000110",
            "B_SIGNED": "00000000000000000000000000000000",
            "B_WIDTH": "00000000000000000000000000000110",
            "Y_WIDTH": "00000000000000000000000000000110"
          },
          "attributes": {
          },
          "port_directions": {
            "A": "input",
            "B": "input",
            "Y": "output"
          },
          "connections": {
            "A": [ 245, 246, 247, 248, 249, 250 ],
            "B": [ 148, 149, 150, 151, 152, 153 ],
            "Y": [ 94, 95, 96, 97, 98, 198 ]
          }
        },
        "$auto$opt_expr.cc:276:group_cell_inputs$74": {
          "hide_name": 1,
          "type": "$xor",
          "parameters": {
            "A_SIGNED": "00000000000000000000000000000000",
            "A_WIDTH": "00000000000000000000000000000110",
            "B_SIGNED": "00000000000000000000000000000000",
            "B_WIDTH": "00000000000000000000000000000110",
            "Y_WIDTH": "00000000000000000000000000000110"
          },
          "attributes": {
          },
          "port_directions": {
            "A": "input",
            "B": "input",
            "Y": "output"
          },
          "connections": {
            "A": [ 148, 149, 150, 151, 152, 153 ],
            "B": [ 94, 95, 96, 97, 98, 198 ],
            "Y": [ 251, 252, 253, 254, 255, 256 ]
          }
        },
        "$auto$opt_expr.cc:276:group_cell_inputs$77": {
          "hide_name": 1,
          "type": "$and",
          "parameters": {
            "A_SIGNED": "00000000000000000000000000000000",
            "A_WIDTH": "00000000000000000000000000000110",
            "B_SIGNED": "00000000000000000000000000000000",
            "B_WIDTH": "00000000000000000000000000000110",
            "Y_WIDTH": "00000000000000000000000000000110"
          },
          "attributes": {
          },
          "port_directions": {
            "A": "input",
            "B": "input",
            "Y": "output"
          },
          "connections": {
            "A": [ 199, 200, 201, 202, 203, 204 ],
            "B": [ 148, 149, 150, 151, 152, 153 ],
            "Y": [ 257, 258, 259, 260, 261, 262 ]
          }
        },
        "$auto$opt_expr.cc:276:group_cell_inputs$81": {
          "hide_name": 1,
          "type": "$or",
          "parameters": {
            "A_SIGNED": "00000000000000000000000000000000",
            "A_WIDTH": "00000000000000000000000000000101",
            "B_SIGNED": "00000000000000000000000000000000",
            "B_WIDTH": "00000000000000000000000000000101",
            "Y_WIDTH": "00000000000000000000000000000101"
          },
          "attributes": {
          },
          "port_directions": {
            "A": "input",
            "B": "input",
            "Y": "output"
          },
          "connections": {
            "A": [ 211, 212, 213, 214, 215 ],
            "B": [ 2, 3, 4, 5, 6 ],
            "Y": [ 263, 264, 265, 266, 267 ]
          }
        },
        "$auto$opt_expr.cc:276:group_cell_inputs$84": {
          "hide_name": 1,
          "type": "$and",
          "parameters": {
            "A_SIGNED": "00000000000000000000000000000000",
            "A_WIDTH": "00000000000000000000000000000110",
            "B_SIGNED": "00000000000000000000000000000000",
            "B_WIDTH": "00000000000000000000000000000110",
            "Y_WIDTH": "00000000000000000000000000000110"
          },
          "attributes": {
          },
          "port_directions": {
            "A": "input",
            "B": "input",
            "Y": "output"
          },
          "connections": {
            "A": [ 268, 269, 270, 271, 272, 273 ],
            "B": [ 148, 149, 150, 151, 152, 153 ],
            "Y": [ 205, 206, 207, 208, 209, 210 ]
          }
        },
        "$auto$opt_expr.cc:276:group_cell_inputs$95": {
          "hide_name": 1,
          "type": "$or",
          "parameters": {
            "A_SIGNED": "00000000000000000000000000000000",
            "A_WIDTH": "00000000000000000000000000000100",
            "B_SIGNED": "00000000000000000000000000000000",
            "B_WIDTH": "00000000000000000000000000000100",
            "Y_WIDTH": "00000000000000000000000000000100"
          },
          "attributes": {
          },
          "port_directions": {
            "A": "input",
            "B": "input",
            "Y": "output"
          },
          "connections": {
            "A": [ 223, 224, 225, 226 ],
            "B": [ 94, 95, 96, 97 ],
            "Y": [ 49, 50, 51, 52 ]
          }
        },
        "$auto$opt_expr.cc:276:group_cell_inputs$98": {
          "hide_name": 1,
          "type": "$and",
          "parameters": {
            "A_SIGNED": "00000000000000000000000000000000",
            "A_WIDTH": "00000000000000000000000000000110",
            "B_SIGNED": "00000000000000000000000000000000",
            "B_WIDTH": "00000000000000000000000000000110",
            "Y_WIDTH": "00000000000000000000000000000110"
          },
          "attributes": {
          },
          "port_directions": {
            "A": "input",
            "B": "input",
            "Y": "output"
          },
          "connections": {
            "A": [ 94, 95, 96, 97, 98, 198 ],
            "B": [ 166, 167, 168, 169, 170, 117 ],
            "Y": [ 274, 275, 276, 277, 278, 279 ]
          }
        },
        "$mul$designs/91/top.sv:14$2": {
          "hide_name": 1,
          "type": "$mul",
          "parameters": {
            "A_SIGNED": "00000000000000000000000000000000",
            "A_WIDTH": "00000000000000000000000000000110",
            "B_SIGNED": "00000000000000000000000000000000",
            "B_WIDTH": "00000000000000000000000000000110",
            "Y_WIDTH": "00000000000000000000000000000110"
          },
          "attributes": {
            "src": "designs/91/top.sv:14.51-14.88"
          },
          "port_directions": {
            "A": "input",
            "B": "input",
            "Y": "output"
          },
          "connections": {
            "A": [ 2, 3, 4, 5, 6, 7 ],
            "B": [ 280, 281, 282, 283, 284, 285 ],
            "Y": [ 286, 287, 288, 289, 290, 291 ]
          }
        },
        "$mul$designs/91/top.sv:18$19": {
          "hide_name": 1,
          "type": "$mul",
          "parameters": {
            "A_SIGNED": "00000000000000000000000000000000",
            "A_WIDTH": "00000000000000000000000000000110",
            "B_SIGNED": "00000000000000000000000000000000",
            "B_WIDTH": "00000000000000000000000000000111",
            "Y_WIDTH": "00000000000000000000000000001101"
          },
          "attributes": {
            "src": "designs/91/top.sv:18.68-18.123"
          },
          "port_directions": {
            "A": "input",
            "B": "input",
            "Y": "output"
          },
          "connections": {
            "A": [ 263, 264, 265, 266, 267, 7 ],
            "B": [ 94, 95, 96, 97, 98, 198, "0" ],
            "Y": [ 13, 14, 15, 16, 17, 18, 19, 20, 21, 22, 23, 24, 25 ]
          }
        },
        "$mul$designs/91/top.sv:18$21": {
          "hide_name": 1,
          "type": "$mul",
          "parameters": {
            "A_SIGNED": "00000000000000000000000000000000",
            "A_WIDTH": "00000000000000000000000000011111",
            "B_SIGNED": "00000000000000000000000000000000",
            "B_WIDTH": "00000000000000000000000000000110",
            "Y_WIDTH": "00000000000000000000000000011111"
          },
          "attributes": {
            "src": "designs/91/top.sv:18.48-18.145"
          },
          "port_directions": {
            "A": "input",
            "B": "input",
            "Y": "output"
          },
          "connections": {
            "A": [ 34, 35, 36, 37, 38, 39, 40, 41, 42, 43, 44, 45, 46, 47, 48, 48, 48, 48, 48, 48, 48, 48, 48, 48, 48, 48, 48, 48, 48, 48, 48 ],
            "B": [ 148, 149, 150, 151, 152, 153 ],
            "Y": [ 268, 269, 270, 271, 272, 273, 292, 293, 294, 295, 296, 297, 298, 299, 300, 301, 302, 303, 304, 305, 306, 307, 308, 309, 310, 311, 312, 313, 314, 315, 316 ]
          }
        },
        "$mul$designs/91/top.sv:18$27": {
          "hide_name": 1,
          "type": "$mul",
          "parameters": {
            "A_SIGNED": "00000000000000000000000000000000",
            "A_WIDTH": "00000000000000000000000000011111",
            "B_SIGNED": "00000000000000000000000000000000",
            "B_WIDTH": "00000000000000000000000000001010",
            "Y_WIDTH": "00000000000000000000000000000110"
          },
          "attributes": {
            "src": "designs/91/top.sv:18.22-18.212"
          },
          "port_directions": {
            "A": "input",
            "B": "input",
            "Y": "output"
          },
          "connections": {
            "A": [ 58, 59, 60, 61, 62, 63, 64, 65, 66, 67, 68, 69, 70, 71, 72, 73, 74, 75, 76, 77, 78, 79, 80, 81, 82, 83, 84, 85, 86, 87, 88 ],
            "B": [ 211, 212, 213, 214, 215, 216, 55, 56, 57, 57 ],
            "Y": [ 166, 167, 168, 169, 170, 117 ]
          }
        },
        "$mul$designs/91/top.sv:19$29": {
          "hide_name": 1,
          "type": "$mul",
          "parameters": {
            "A_SIGNED": "00000000000000000000000000000000",
            "A_WIDTH": "00000000000000000000000000000111",
            "B_SIGNED": "00000000000000000000000000000000",
            "B_WIDTH": "00000000000000000000000000000011",
            "Y_WIDTH": "00000000000000000000000000001010"
          },
          "attributes": {
            "src": "designs/91/top.sv:19.85-19.134"
          },
          "port_directions": {
            "A": "input",
            "B": "input",
            "Y": "output"
          },
          "connections": {
            "A": [ 274, 275, 276, 277, 278, 279, "0" ],
            "B": [ 151, 152, 153 ],
            "Y": [ 142, 143, 144, 145, 146, 147, 317, 318, 319, 320 ]
          }
        },
        "$mul$designs/91/top.sv:19$33": {
          "hide_name": 1,
          "type": "$mul",
          "parameters": {
            "A_SIGNED": "00000000000000000000000000000000",
            "A_WIDTH": "00000000000000000000000000001010",
            "B_SIGNED": "00000000000000000000000000000000",
            "B_WIDTH": "00000000000000000000000000000101",
            "Y_WIDTH": "00000000000000000000000000000101"
          },
          "attributes": {
            "src": "designs/91/top.sv:19.57-19.186"
          },
          "port_directions": {
            "A": "input",
            "B": "input",
            "Y": "output"
          },
          "connections": {
            "A": [ 171, 172, 173, 174, 175, 176, 317, 318, 319, 320 ],
            "B": [ 3, 4, 5, 6, 7 ],
            "Y": [ 321, 322, 323, 324, 325 ]
          }
        },
        "$mul$designs/91/top.sv:22$43": {
          "hide_name": 1,
          "type": "$mul",
          "parameters": {
            "A_SIGNED": "00000000000000000000000000000000",
            "A_WIDTH": "00000000000000000000000000000111",
            "B_SIGNED": "00000000000000000000000000000000",
            "B_WIDTH": "00000000000000000000000000000110",
            "Y_WIDTH": "00000000000000000000000000001101"
          },
          "attributes": {
            "src": "designs/91/top.sv:22.76-22.91"
          },
          "port_directions": {
            "A": "input",
            "B": "input",
            "Y": "output"
          },
          "connections": {
            "A": [ 94, 95, 96, 97, 98, 198, "0" ],
            "B": [ 148, 149, 150, 151, 152, 153 ],
            "Y": [ 177, 178, 179, 180, 181, 109, 110, 111, 112, 113, 114, 115, 116 ]
          }
        },
        "$mul$designs/91/top.sv:22$46": {
          "hide_name": 1,
          "type": "$mul",
          "parameters": {
            "A_SIGNED": "00000000000000000000000000000000",
            "A_WIDTH": "00000000000000000000000000001110",
            "B_SIGNED": "00000000000000000000000000000000",
            "B_WIDTH": "00000000000000000000000000001010",
            "Y_WIDTH": "00000000000000000000000000011000"
          },
          "attributes": {
            "src": "designs/91/top.sv:22.47-22.129"
          },
          "port_directions": {
            "A": "input",
            "B": "input",
            "Y": "output"
          },
          "connections": {
            "A": [ 118, 119, 120, 121, 122, 123, 124, 125, 126, 127, 128, 129, 130, 131 ],
            "B": [ 211, 212, 213, 214, 215, 216, 55, 56, 57, 57 ],
            "Y": [ 182, 183, 184, 185, 186, 326, 327, 328, 329, 330, 331, 332, 333, 334, 335, 336, 337, 338, 339, 340, 341, 342, 343, 344 ]
          }
        },
        "$mul$designs/91/top.sv:22$48": {
          "hide_name": 1,
          "type": "$mul",
          "parameters": {
            "A_SIGNED": "00000000000000000000000000000000",
            "A_WIDTH": "00000000000000000000000000011000",
            "B_SIGNED": "00000000000000000000000000000000",
            "B_WIDTH": "00000000000000000000000000000011",
            "Y_WIDTH": "00000000000000000000000000000101"
          },
          "attributes": {
            "src": "designs/91/top.sv:22.29-22.156"
          },
          "port_directions": {
            "A": "input",
            "B": "input",
            "Y": "output"
          },
          "connections": {
            "A": [ 187, 188, 189, 190, 191, 326, 327, 328, 329, 330, 331, 332, 333, 334, 335, 336, 337, 338, 339, 340, 341, 342, 343, 344 ],
            "B": [ 137, 138, 139 ],
            "Y": [ 132, 133, 134, 135, 136 ]
          }
        },
        "$not$designs/91/top.sv:14$1": {
          "hide_name": 1,
          "type": "$not",
          "parameters": {
            "A_SIGNED": "00000000000000000000000000000000",
            "A_WIDTH": "00000000000000000000000000000110",
            "Y_WIDTH": "00000000000000000000000000000110"
          },
          "attributes": {
            "src": "designs/91/top.sv:14.76-14.87"
          },
          "port_directions": {
            "A": "input",
            "Y": "output"
          },
          "connections": {
            "A": [ 2, 3, 4, 5, 6, 7 ],
            "Y": [ 280, 281, 282, 283, 284, 285 ]
          }
        },
        "$or$designs/91/top.sv:14$5": {
          "hide_name": 1,
          "type": "$or",
          "parameters": {
            "A_SIGNED": "00000000000000000000000000000000",
            "A_WIDTH": "00000000000000000000000000000110",
            "B_SIGNED": "00000000000000000000000000000000",
            "B_WIDTH": "00000000000000000000000000000110",
            "Y_WIDTH": "00000000000000000000000000000110"
          },
          "attributes": {
            "src": "designs/91/top.sv:14.22-14.133"
          },
          "port_directions": {
            "A": "input",
            "B": "input",
            "Y": "output"
          },
          "connections": {
            "A": [ 345, 346, 347, 348, 349, 350 ],
            "B": [ 2, 3, 4, 5, 6, 7 ],
            "Y": [ 148, 149, 150, 151, 152, 153 ]
          }
        },
        "$or$designs/91/top.sv:19$36": {
          "hide_name": 1,
          "type": "$or",
          "parameters": {
            "A_SIGNED": "00000000000000000000000000000000",
            "A_WIDTH": "00000000000000000000000000000101",
            "B_SIGNED": "00000000000000000000000000000000",
            "B_WIDTH": "00000000000000000000000000000101",
            "Y_WIDTH": "00000000000000000000000000000101"
          },
          "attributes": {
            "src": "designs/91/top.sv:19.44-19.226"
          },
          "port_directions": {
            "A": "input",
            "B": "input",
            "Y": "output"
          },
          "connections": {
            "A": [ 99, 100, 101, 102, 103 ],
            "B": [ 3, 4, 5, 6, 7 ],
            "Y": [ 351, 352, 353, 354, 355 ]
          }
        },
        "$sub$designs/91/top.sv:16$12": {
          "hide_name": 1,
          "type": "$sub",
          "parameters": {
            "A_SIGNED": "00000000000000000000000000000000",
            "A_WIDTH": "00000000000000000000000000000111",
            "B_SIGNED": "00000000000000000000000000000000",
            "B_WIDTH": "00000000000000000000000000000110",
            "Y_WIDTH": "00000000000000000000000000001000"
          },
          "attributes": {
            "src": "designs/91/top.sv:16.22-16.59"
          },
          "port_directions": {
            "A": "input",
            "B": "input",
            "Y": "output"
          },
          "connections": {
            "A": [ 251, 252, 253, 254, 255, 256, "0" ],
            "B": [ 148, 149, 150, 151, 152, 153 ],
            "Y": [ 26, 27, 28, 29, 30, 31, 32, 33 ]
          }
        },
        "$sub$designs/91/top.sv:17$13": {
          "hide_name": 1,
          "type": "$sub",
          "parameters": {
            "A_SIGNED": "00000000000000000000000000000000",
            "A_WIDTH": "00000000000000000000000000000110",
            "B_SIGNED": "00000000000000000000000000000000",
            "B_WIDTH": "00000000000000000000000000000011",
            "Y_WIDTH": "00000000000000000000000000000111"
          },
          "attributes": {
            "src": "designs/91/top.sv:17.62-17.82"
          },
          "port_directions": {
            "A": "input",
            "B": "input",
            "Y": "output"
          },
          "connections": {
            "A": [ 148, 149, 150, 151, 152, 153 ],
            "B": [ 148, 149, 150 ],
            "Y": [ 192, 193, 194, 195, 196, 197, 356 ]
          }
        },
        "$sub$designs/91/top.sv:17$16": {
          "hide_name": 1,
          "type": "$sub",
          "parameters": {
            "A_SIGNED": "00000000000000000000000000000000",
            "A_WIDTH": "00000000000000000000000000000111",
            "B_SIGNED": "00000000000000000000000000000000",
            "B_WIDTH": "00000000000000000000000000000111",
            "Y_WIDTH": "00000000000000000000000000001000"
          },
          "attributes": {
            "src": "designs/91/top.sv:17.33-17.115"
          },
          "port_directions": {
            "A": "input",
            "B": "input",
            "Y": "output"
          },
          "connections": {
            "A": [ 257, 258, 259, 260, 261, 262, "0" ],
            "B": [ 94, 95, 96, 97, 98, 198, "0" ],
            "Y": [ 357, 358, 359, 360, 361, 362, 363, 364 ]
          }
        },
        "$sub$designs/91/top.sv:17$17": {
          "hide_name": 1,
          "type": "$sub",
          "parameters": {
            "A_SIGNED": "00000000000000000000000000000001",
            "A_WIDTH": "00000000000000000000000000001000",
            "B_SIGNED": "00000000000000000000000000000001",
            "B_WIDTH": "00000000000000000000000000001000",
            "Y_WIDTH": "00000000000000000000000000001001"
          },
          "attributes": {
            "src": "designs/91/top.sv:17.22-17.126"
          },
          "port_directions": {
            "A": "input",
            "B": "input",
            "Y": "output"
          },
          "connections": {
            "A": [ 357, 358, 359, 360, 361, 362, 363, 364 ],
            "B": [ 94, 95, 96, 97, 98, 198, "0", "0" ],
            "Y": [ 211, 212, 213, 214, 215, 216, 55, 56, 57 ]
          }
        },
        "$sub$designs/91/top.sv:19$34": {
          "hide_name": 1,
          "type": "$sub",
          "parameters": {
            "A_SIGNED": "00000000000000000000000000000001",
            "A_WIDTH": "00000000000000000000000000000101",
            "B_SIGNED": "00000000000000000000000000000001",
            "B_WIDTH": "00000000000000000000000000000101",
            "Y_WIDTH": "00000000000000000000000000000101"
          },
          "attributes": {
            "src": "designs/91/top.sv:19.56-19.196"
          },
          "port_directions": {
            "A": "input",
            "B": "input",
            "Y": "output"
          },
          "connections": {
            "A": [ 321, 322, 323, 324, 325 ],
            "B": [ 26, 27, 28, 29, 30 ],
            "Y": [ 89, 90, 91, 92, 93 ]
          }
        },
        "$sub$designs/91/top.sv:19$37": {
          "hide_name": 1,
          "type": "$sub",
          "parameters": {
            "A_SIGNED": "00000000000000000000000000000000",
            "A_WIDTH": "00000000000000000000000000000101",
            "B_SIGNED": "00000000000000000000000000000000",
            "B_WIDTH": "00000000000000000000000000000101",
            "Y_WIDTH": "00000000000000000000000000000101"
          },
          "attributes": {
            "src": "designs/91/top.sv:19.33-19.237"
          },
          "port_directions": {
            "A": "input",
            "B": "input",
            "Y": "output"
          },
          "connections": {
            "A": [ 351, 352, 353, 354, 355 ],
            "B": [ 211, 212, 213, 214, 215 ],
            "Y": [ 365, 366, 367, 368, 369 ]
          }
        },
        "$sub$designs/91/top.sv:19$38": {
          "hide_name": 1,
          "type": "$sub",
          "parameters": {
            "A_SIGNED": "00000000000000000000000000000000",
            "A_WIDTH": "00000000000000000000000000000101",
            "B_SIGNED": "00000000000000000000000000000000",
            "B_WIDTH": "00000000000000000000000000000101",
            "Y_WIDTH": "00000000000000000000000000000101"
          },
          "attributes": {
            "src": "designs/91/top.sv:19.22-19.248"
          },
          "port_directions": {
            "A": "input",
            "B": "input",
            "Y": "output"
          },
          "connections": {
            "A": [ 365, 366, 367, 368, 369 ],
            "B": [ 94, 95, 96, 97, 98 ],
            "Y": [ 137, 138, 139, 140, 141 ]
          }
        },
        "$xor$designs/91/top.sv:14$3": {
          "hide_name": 1,
          "type": "$xor",
          "parameters": {
            "A_SIGNED": "00000000000000000000000000000000",
            "A_WIDTH": "00000000000000000000000000000110",
            "B_SIGNED": "00000000000000000000000000000000",
            "B_WIDTH": "00000000000000000000000000000110",
            "Y_WIDTH": "00000000000000000000000000000110"
          },
          "attributes": {
            "src": "designs/91/top.sv:14.42-14.103"
          },
          "port_directions": {
            "A": "input",
            "B": "input",
            "Y": "output"
          },
          "connections": {
            "A": [ 286, 287, 288, 289, 290, 291 ],
            "B": [ 2, 3, 4, 5, 6, 7 ],
            "Y": [ 370, 371, 372, 373, 374, 375 ]
          }
        },
        "$xor$designs/91/top.sv:14$4": {
          "hide_name": 1,
          "type": "$xor",
          "parameters": {
            "A_SIGNED": "00000000000000000000000000000000",
            "A_WIDTH": "00000000000000000000000000000110",
            "B_SIGNED": "00000000000000000000000000000000",
            "B_WIDTH": "00000000000000000000000000000110",
            "Y_WIDTH": "00000000000000000000000000000110"
          },
          "attributes": {
            "src": "designs/91/top.sv:14.31-14.118"
          },
          "port_directions": {
            "A": "input",
            "B": "input",
            "Y": "output"
          },
          "connections": {
            "A": [ 370, 371, 372, 373, 374, 375 ],
            "B": [ 2, 3, 4, 5, 6, 7 ],
            "Y": [ 345, 346, 347, 348, 349, 350 ]
          }
        }
      },
      "netnames": {
        "$add$designs/91/top.sv:18$20_Y": {
          "hide_name": 1,
          "bits": [ 34, 35, 36, 37, 38, 39, 40, 41, 42, 43, 44, 45, 46, 47, 48, 48, 48, 48, 48, 48, 48, 48, 48, 48, 48, 48, 48, 48, 48, 48, 48 ],
          "attributes": {
            "src": "designs/91/top.sv:18.57-18.134"
          }
        },
        "$add$designs/91/top.sv:18$26_Y": {
          "hide_name": 1,
          "bits": [ 58, 59, 60, 61, 62, 63, 64, 65, 66, 67, 68, 69, 70, 71, 72, 73, 74, 75, 76, 77, 78, 79, 80, 81, 82, 83, 84, 85, 86, 87, 88 ],
          "attributes": {
            "src": "designs/91/top.sv:18.33-18.201"
          }
        },
        "$add$designs/91/top.sv:19$35_Y": {
          "hide_name": 1,
          "bits": [ 99, 100, 101, 102, 103 ],
          "attributes": {
          }
        },
        "$add$designs/91/top.sv:22$45_Y": {
          "hide_name": 1,
          "bits": [ 118, 119, 120, 121, 122, 123, 124, 125, 126, 127, 128, 129, 130, 131, "0", "0", "0", "0", "0", "0", "0", "0", "0", "0", "0", "0" ],
          "attributes": {
            "src": "designs/91/top.sv:22.58-22.118"
          }
        },
        "$add$designs/91/top.sv:22$49_Y": {
          "hide_name": 1,
          "bits": [ 132, 133, 134, 135, 136 ],
          "attributes": {
          }
        },
        "$and$designs/91/top.sv:15$7_Y": {
          "hide_name": 1,
          "bits": [ 233, 234, 235, 236, 237, 238, "0" ],
          "attributes": {
            "src": "designs/91/top.sv:15.41-15.74"
          }
        },
        "$and$designs/91/top.sv:15$8_Y": {
          "hide_name": 1,
          "bits": [ 239, 240, 241, 242, 243, 244, "0" ],
          "attributes": {
            "src": "designs/91/top.sv:15.40-15.84"
          }
        },
        "$and$designs/91/top.sv:17$15_Y": {
          "hide_name": 1,
          "bits": [ 257, 258, 259, 260, 261, 262, "0", "0", "0", "0", "0", "0", "0", "0", "0", "0", "0", "0", "0", "0", "0", "0", "0", "0", "0", "0" ],
          "attributes": {
            "src": "designs/91/top.sv:17.42-17.104"
          }
        },
        "$and$designs/91/top.sv:18$22_Y": {
          "hide_name": 1,
          "bits": [ 205, 206, 207, 208, 209, 210, "0", "0", "0", "0", "0", "0", "0", "0", "0", "0", "0", "0", "0", "0", "0", "0", "0", "0", "0", "0", "0", "0", "0", "0", "0" ],
          "attributes": {
            "src": "designs/91/top.sv:18.47-18.155"
          }
        },
        "$and$designs/91/top.sv:18$23_Y": {
          "hide_name": 1,
          "bits": [ 217, 218, 219, 220, 221, 222, "0", "0", "0", "0", "0", "0", "0", "0", "0", "0", "0", "0", "0", "0", "0", "0", "0", "0", "0", "0", "0", "0", "0", "0", "0" ],
          "attributes": {
            "src": "designs/91/top.sv:18.46-18.165"
          }
        },
        "$and$designs/91/top.sv:19$28_Y": {
          "hide_name": 1,
          "bits": [ 274, 275, 276, 277, 278, 279, "0", "0", "0", "0", "0", "0", "0", "0", "0", "0", "0", "0", "0", "0", "0", "0", "0", "0", "0", "0" ],
          "attributes": {
            "src": "designs/91/top.sv:19.94-19.118"
          }
        },
        "$auto$opt_expr.cc:205:group_cell_inputs$101": {
          "hide_name": 1,
          "bits": [ 154, 155, 156, 157, 158, 159 ],
          "attributes": {
          }
        },
        "$auto$opt_expr.cc:205:group_cell_inputs$103": {
          "hide_name": 1,
          "bits": [ 317, 318, 319, 320 ],
          "attributes": {
          }
        },
        "$auto$opt_expr.cc:205:group_cell_inputs$104": {
          "hide_name": 1,
          "bits": [ 160, 161, 162, 163, 164, 165 ],
          "attributes": {
          }
        },
        "$auto$opt_expr.cc:205:group_cell_inputs$107": {
          "hide_name": 1,
          "bits": [ 171, 172, 173, 174, 175, 176 ],
          "attributes": {
          }
        },
        "$auto$opt_expr.cc:205:group_cell_inputs$117": {
          "hide_name": 1,
          "bits": [ 104, 105, 106, 107, 108 ],
          "attributes": {
          }
        },
        "$auto$opt_expr.cc:205:group_cell_inputs$119": {
          "hide_name": 1,
          "bits": [ 109, 110, 111, 112, 113, 114, 115, 116 ],
          "attributes": {
          }
        },
        "$auto$opt_expr.cc:205:group_cell_inputs$120": {
          "hide_name": 1,
          "bits": [ 187, 188, 189, 190, 191 ],
          "attributes": {
          }
        },
        "$auto$opt_expr.cc:205:group_cell_inputs$122": {
          "hide_name": 1,
          "bits": [ 326, 327, 328, 329, 330, 331, 332, 333, 334, 335, 336, 337, 338, 339, 340, 341, 342, 343, 344 ],
          "attributes": {
          }
        },
        "$auto$opt_expr.cc:205:group_cell_inputs$123": {
          "hide_name": 1,
          "bits": [ 199, 200, 201, 202, 203, 204 ],
          "attributes": {
          }
        },
        "$auto$opt_expr.cc:205:group_cell_inputs$125": {
          "hide_name": 1,
          "bits": [ 356 ],
          "attributes": {
            "unused_bits": "0 "
          }
        },
        "$auto$opt_expr.cc:205:group_cell_inputs$133": {
          "hide_name": 1,
          "bits": [ 223, 224, 225, 226, 53, 54 ],
          "attributes": {
          }
        },
        "$auto$opt_expr.cc:205:group_cell_inputs$55": {
          "hide_name": 1,
          "bits": [ 227, 228, 229, 230, 231, 232 ],
          "attributes": {
          }
        },
        "$auto$opt_expr.cc:205:group_cell_inputs$67": {
          "hide_name": 1,
          "bits": [ 245, 246, 247, 248, 249, 250 ],
          "attributes": {
          }
        },
        "$auto$opt_expr.cc:205:group_cell_inputs$73": {
          "hide_name": 1,
          "bits": [ 251, 252, 253, 254, 255, 256 ],
          "attributes": {
          }
        },
        "$auto$opt_expr.cc:205:group_cell_inputs$80": {
          "hide_name": 1,
          "bits": [ 263, 264, 265, 266, 267 ],
          "attributes": {
          }
        },
        "$auto$opt_expr.cc:205:group_cell_inputs$94": {
          "hide_name": 1,
          "bits": [ 49, 50, 51, 52 ],
          "attributes": {
          }
        },
        "$auto$wreduce.cc:514:run$53": {
          "hide_name": 1,
          "bits": [ 177, 178, 179, 180, 181, 109, 110, 111, 112, 113, 114, 115, 116, "0", "0", "0", "0", "0", "0", "0", "0", "0", "0", "0", "0", "0" ],
          "attributes": {
            "src": "designs/91/top.sv:22.76-22.91"
          }
        },
        "$mul$designs/91/top.sv:14$2_Y": {
          "hide_name": 1,
          "bits": [ 286, 287, 288, 289, 290, 291 ],
          "attributes": {
            "src": "designs/91/top.sv:14.51-14.88"
          }
        },
        "$mul$designs/91/top.sv:18$19_Y": {
          "hide_name": 1,
          "bits": [ 13, 14, 15, 16, 17, 18, 19, 20, 21, 22, 23, 24, 25, "0", "0", "0", "0", "0", "0", "0", "0", "0", "0", "0", "0", "0" ],
          "attributes": {
            "src": "designs/91/top.sv:18.68-18.123"
          }
        },
        "$mul$designs/91/top.sv:18$21_Y": {
          "hide_name": 1,
          "bits": [ 268, 269, 270, 271, 272, 273, 292, 293, 294, 295, 296, 297, 298, 299, 300, 301, 302, 303, 304, 305, 306, 307, 308, 309, 310, 311, 312, 313, 314, 315, 316 ],
          "attributes": {
            "src": "designs/91/top.sv:18.48-18.145",
            "unused_bits": "6 7 8 9 10 11 12 13 14 15 16 17 18 19 20 21 22 23 24 25 26 27 28 29 30"
          }
        },
        "$mul$designs/91/top.sv:19$29_Y": {
          "hide_name": 1,
          "bits": [ 142, 143, 144, 145, 146, 147, 317, 318, 319, 320, "0", "0", "0", "0", "0", "0", "0", "0", "0", "0", "0", "0", "0", "0", "0", "0" ],
          "attributes": {
            "src": "designs/91/top.sv:19.85-19.134"
          }
        },
        "$mul$designs/91/top.sv:19$33_Y": {
          "hide_name": 1,
          "bits": [ 321, 322, 323, 324, 325, 376, 377, 378, 379, 380, 381, 382, 383, 384, 385, "0", "0", "0", "0", "0", "0", "0", "0", "0", "0", "0", "0", "0", "0", "0", "0" ],
          "attributes": {
            "src": "designs/91/top.sv:19.57-19.186",
            "unused_bits": "5 6 7 8 9 10 11 12 13 14"
          }
        },
        "$mul$designs/91/top.sv:22$46_Y": {
          "hide_name": 1,
          "bits": [ 182, 183, 184, 185, 186, 326, 327, 328, 329, 330, 331, 332, 333, 334, 335, 336, 337, 338, 339, 340, 341, 342, 343, 344, "0", "0" ],
          "attributes": {
            "src": "designs/91/top.sv:22.47-22.129"
          }
        },
        "$not$designs/91/top.sv:14$1_Y": {
          "hide_name": 1,
          "bits": [ 280, 281, 282, 283, 284, 285 ],
          "attributes": {
            "src": "designs/91/top.sv:14.76-14.87"
          }
        },
        "$or$designs/91/top.sv:19$36_Y": {
          "hide_name": 1,
          "bits": [ 351, 352, 353, 354, 355, 386, 387, 388, 389, 390, 391, 392, 393, 394, 395, 396, 397, 398, 399, 400, 401, 402, 403, 404, 405, 406, 407, 408, 409, 410, 411 ],
          "attributes": {
            "src": "designs/91/top.sv:19.44-19.226",
            "unused_bits": "5 6 7 8 9 10 11 12 13 14 15 16 17 18 19 20 21 22 23 24 25 26 27 28 29 30"
          }
        },
        "$sub$designs/91/top.sv:17$13_Y": {
          "hide_name": 1,
          "bits": [ 192, 193, 194, 195, 196, 197, 356 ],
          "attributes": {
            "src": "designs/91/top.sv:17.62-17.82",
            "unused_bits": "6"
          }
        },
        "$sub$designs/91/top.sv:17$16_Y": {
          "hide_name": 1,
          "bits": [ 357, 358, 359, 360, 361, 362, 363, 364, 364, 364, 364, 364, 364, 364, 364, 364, 364, 364, 364, 364, 364, 364, 364, 364, 364, 364 ],
          "attributes": {
            "src": "designs/91/top.sv:17.33-17.115"
          }
        },
        "$sub$designs/91/top.sv:19$34_Y": {
          "hide_name": 1,
          "bits": [ 89, 90, 91, 92, 93, 412, 413, 414, 415, 416, 417, 418, 419, 420, 421, 422, 423, 423, 423, 423, 423, 423, 423, 423, 423, 423, 423, 423, 423, 423, 423 ],
          "attributes": {
            "src": "designs/91/top.sv:19.56-19.196",
            "unused_bits": "5 6 7 8 9 10 11 12 13 14 15 16 17 18 19 20 21 22 23 24 25 26 27 28 29 30"
          }
        },
        "$sub$designs/91/top.sv:19$37_Y": {
          "hide_name": 1,
          "bits": [ 365, 366, 367, 368, 369, 424, 425, 426, 427, 428, 429, 430, 431, 432, 433, 434, 435, 436, 437, 438, 439, 440, 441, 442, 443, 444, 445, 446, 447, 448, 449 ],
          "attributes": {
            "src": "designs/91/top.sv:19.33-19.237",
            "unused_bits": "5 6 7 8 9 10 11 12 13 14 15 16 17 18 19 20 21 22 23 24 25 26 27 28 29 30"
          }
        },
        "$xor$designs/91/top.sv:14$3_Y": {
          "hide_name": 1,
          "bits": [ 370, 371, 372, 373, 374, 375 ],
          "attributes": {
            "src": "designs/91/top.sv:14.42-14.103"
          }
        },
        "$xor$designs/91/top.sv:14$4_Y": {
          "hide_name": 1,
          "bits": [ 345, 346, 347, 348, 349, 350 ],
          "attributes": {
            "src": "designs/91/top.sv:14.31-14.118"
          }
        },
        "input_data": {
          "hide_name": 0,
          "bits": [ 2, 3, 4, 5, 6, 7 ],
          "attributes": {
            "src": "designs/91/top.sv:2.17-2.27"
          }
        },
        "output_data": {
          "hide_name": 0,
          "bits": [ 8, 9, 10, 11, 12 ],
          "attributes": {
            "src": "designs/91/top.sv:3.18-3.29"
          }
        },
        "temp_0": {
          "hide_name": 0,
          "bits": [ 148, 149, 150, 151, 152, 153, "0" ],
          "attributes": {
            "src": "designs/91/top.sv:6.17-6.23"
          }
        },
        "temp_1": {
          "hide_name": 0,
          "bits": [ 94, 95, 96, 97, 98, 198, "0", "0", "0", "0", "0", "0", "0", "0", "0", "0", "0", "0", "0", "0", "0", "0", "0", "0", "0", "0" ],
          "attributes": {
            "src": "designs/91/top.sv:7.18-7.24"
          }
        },
        "temp_2": {
          "hide_name": 0,
          "bits": [ 26, 27, 28, 29, 30, 31, 32, 33, 33, 33, 33, 33, 33, 33, 33, 33, 33, 33, 33, 33, 33, 33, 33, 33, 33, 33, 33, 33, 33, 33, 33 ],
          "attributes": {
            "src": "designs/91/top.sv:8.18-8.24"
          }
        },
        "temp_3": {
          "hide_name": 0,
          "bits": [ 211, 212, 213, 214, 215, 216, 55, 56, 57, 57 ],
          "attributes": {
            "src": "designs/91/top.sv:9.17-9.23"
          }
        },
        "temp_4": {
          "hide_name": 0,
          "bits": [ 166, 167, 168, 169, 170, 117 ],
          "attributes": {
            "src": "designs/91/top.sv:10.17-10.23"
          }
        },
        "temp_5": {
          "hide_name": 0,
          "bits": [ 137, 138, 139, 140, 141 ],
          "attributes": {
            "src": "designs/91/top.sv:11.17-11.23"
          }
        }
      }
    }
  }
}
