{
  "creator": "Yosys 0.60 (git sha1 5bafeb77dc71e054fa331ab9efa613e6fb0a1c49, clang++ 17.0.0 -fPIC -O3)",
  "modules": {
    "top": {
      "attributes": {
        "top": "00000000000000000000000000000001",
        "src": "designs/90/top.sv:1.1-22.10"
      },
      "ports": {
        "input_data": {
          "direction": "input",
          "bits": [ 2, 3, 4 ]
        },
        "output_data": {
          "direction": "output",
          "bits": [ 5, 6, 7, 8, 9, 10, 11, 12, 13, "0", "0", "0", "0", "0", "0", "0", "0", "0", "0", "0", "0", "0", "0", "0", "0", "0", "0", "0", "0", "0", "0", "0", "0", "0", "0" ]
        }
      },
      "cells": {
        "$add$designs/90/top.sv:12$4": {
          "hide_name": 1,
          "type": "$add",
          "parameters": {
            "A_SIGNED": "00000000000000000000000000000000",
            "A_WIDTH": "00000000000000000000000000000011",
            "B_SIGNED": "00000000000000000000000000000000",
            "B_WIDTH": "00000000000000000000000000000011",
            "Y_WIDTH": "00000000000000000000000000000011"
          },
          "attributes": {
            "src": "designs/90/top.sv:12.44-12.100"
          },
          "port_directions": {
            "A": "input",
            "B": "input",
            "Y": "output"
          },
          "connections": {
            "A": [ 14, 15, 16 ],
            "B": [ 17, 18, 19 ],
            "Y": [ 20, 21, 22 ]
          }
        },
        "$add$designs/90/top.sv:16$23": {
          "hide_name": 1,
          "type": "$add",
          "parameters": {
            "A_SIGNED": "00000000000000000000000000000000",
            "A_WIDTH": "00000000000000000000000000011100",
            "B_SIGNED": "00000000000000000000000000000000",
            "B_WIDTH": "00000000000000000000000000000110",
            "Y_WIDTH": "00000000000000000000000000011100"
          },
          "attributes": {
            "src": "designs/90/top.sv:16.50-16.98"
          },
          "port_directions": {
            "A": "input",
            "B": "input",
            "Y": "output"
          },
          "connections": {
            "A": [ 23, 24, 25, 26, 27, 28, 29, 30, 31, 32, 33, 34, 35, 36, 37, 38, 39, 40, 41, 42, 43, 44, 45, 46, 47, 48, 49, 50 ],
            "B": [ 51, 52, 53, 54, 55, 56 ],
            "Y": [ 57, 58, 59, 60, 61, 62, 63, 64, 65, 66, 67, 68, 69, 70, 71, 72, 73, 74, 75, 76, 77, 78, 79, 80, 81, 82, 83, 84 ]
          }
        },
        "$add$designs/90/top.sv:18$41": {
          "hide_name": 1,
          "type": "$add",
          "parameters": {
            "A_SIGNED": "00000000000000000000000000000000",
            "A_WIDTH": "00000000000000000000000000000001",
            "B_SIGNED": "00000000000000000000000000000000",
            "B_WIDTH": "00000000000000000000000000000001",
            "Y_WIDTH": "00000000000000000000000000000001"
          },
          "attributes": {
            "src": "designs/90/top.sv:18.31-18.160"
          },
          "port_directions": {
            "A": "input",
            "B": "input",
            "Y": "output"
          },
          "connections": {
            "A": [ 85 ],
            "B": [ 2 ],
            "Y": [ 86 ]
          }
        },
        "$add$designs/90/top.sv:20$45": {
          "hide_name": 1,
          "type": "$add",
          "parameters": {
            "A_SIGNED": "00000000000000000000000000000000",
            "A_WIDTH": "00000000000000000000000000000101",
            "B_SIGNED": "00000000000000000000000000000000",
            "B_WIDTH": "00000000000000000000000000000001",
            "Y_WIDTH": "00000000000000000000000000000110"
          },
          "attributes": {
            "src": "designs/90/top.sv:20.53-20.88"
          },
          "port_directions": {
            "A": "input",
            "B": "input",
            "Y": "output"
          },
          "connections": {
            "A": [ 87, 3, 4, 88, 89 ],
            "B": [ 90 ],
            "Y": [ 91, 92, 93, 94, 95, 96 ]
          }
        },
        "$add$designs/90/top.sv:20$47": {
          "hide_name": 1,
          "type": "$add",
          "parameters": {
            "A_SIGNED": "00000000000000000000000000000000",
            "A_WIDTH": "00000000000000000000000000000110",
            "B_SIGNED": "00000000000000000000000000000000",
            "B_WIDTH": "00000000000000000000000000000110",
            "Y_WIDTH": "00000000000000000000000000000110"
          },
          "attributes": {
            "src": "designs/90/top.sv:20.51-20.108"
          },
          "port_directions": {
            "A": "input",
            "B": "input",
            "Y": "output"
          },
          "connections": {
            "A": [ 97, 98, 99, 54, 55, 56 ],
            "B": [ 51, 52, 53, 54, 55, 56 ],
            "Y": [ 100, 101, 102, 103, 104, 105 ]
          }
        },
        "$and$designs/90/top.sv:12$7": {
          "hide_name": 1,
          "type": "$and",
          "parameters": {
            "A_SIGNED": "00000000000000000000000000000000",
            "A_WIDTH": "00000000000000000000000000000011",
            "B_SIGNED": "00000000000000000000000000000000",
            "B_WIDTH": "00000000000000000000000000000011",
            "Y_WIDTH": "00000000000000000000000000000011"
          },
          "attributes": {
            "src": "designs/90/top.sv:12.42-12.131"
          },
          "port_directions": {
            "A": "input",
            "B": "input",
            "Y": "output"
          },
          "connections": {
            "A": [ 106, 107, 108 ],
            "B": [ 17, 18, 19 ],
            "Y": [ 109, 110, 111 ]
          }
        },
        "$auto$opt_expr.cc:276:group_cell_inputs$104": {
          "hide_name": 1,
          "type": "$not",
          "parameters": {
            "A_SIGNED": "00000000000000000000000000000000",
            "A_WIDTH": "00000000000000000000000000000010",
            "Y_WIDTH": "00000000000000000000000000000010"
          },
          "attributes": {
          },
          "port_directions": {
            "A": "input",
            "Y": "output"
          },
          "connections": {
            "A": [ 54, 56 ],
            "Y": [ 112, 113 ]
          }
        },
        "$auto$opt_expr.cc:276:group_cell_inputs$108": {
          "hide_name": 1,
          "type": "$and",
          "parameters": {
            "A_SIGNED": "00000000000000000000000000000000",
            "A_WIDTH": "00000000000000000000000000000110",
            "B_SIGNED": "00000000000000000000000000000000",
            "B_WIDTH": "00000000000000000000000000000110",
            "Y_WIDTH": "00000000000000000000000000000110"
          },
          "attributes": {
          },
          "port_directions": {
            "A": "input",
            "B": "input",
            "Y": "output"
          },
          "connections": {
            "A": [ 112, 113, 51, 52, 53, 55 ],
            "B": [ 54, 56, 51, 52, 53, 55 ],
            "Y": [ 114, 115, 116, 117, 118, 119 ]
          }
        },
        "$auto$opt_expr.cc:276:group_cell_inputs$118": {
          "hide_name": 1,
          "type": "$xor",
          "parameters": {
            "A_SIGNED": "00000000000000000000000000000000",
            "A_WIDTH": "00000000000000000000000000000110",
            "B_SIGNED": "00000000000000000000000000000000",
            "B_WIDTH": "00000000000000000000000000000110",
            "Y_WIDTH": "00000000000000000000000000000110"
          },
          "attributes": {
          },
          "port_directions": {
            "A": "input",
            "B": "input",
            "Y": "output"
          },
          "connections": {
            "A": [ 120, 121, 122, 123, 124, 125 ],
            "B": [ 51, 52, 53, 54, 55, 56 ],
            "Y": [ 126, 127, 128, 129, 130, 131 ]
          }
        },
        "$auto$opt_expr.cc:276:group_cell_inputs$125": {
          "hide_name": 1,
          "type": "$and",
          "parameters": {
            "A_SIGNED": "00000000000000000000000000000000",
            "A_WIDTH": "00000000000000000000000000000010",
            "B_SIGNED": "00000000000000000000000000000000",
            "B_WIDTH": "00000000000000000000000000000010",
            "Y_WIDTH": "00000000000000000000000000000010"
          },
          "attributes": {
          },
          "port_directions": {
            "A": "input",
            "B": "input",
            "Y": "output"
          },
          "connections": {
            "A": [ 132, 133 ],
            "B": [ 51, 52 ],
            "Y": [ 134, 135 ]
          }
        },
        "$auto$opt_expr.cc:276:group_cell_inputs$129": {
          "hide_name": 1,
          "type": "$xor",
          "parameters": {
            "A_SIGNED": "00000000000000000000000000000000",
            "A_WIDTH": "00000000000000000000000000000010",
            "B_SIGNED": "00000000000000000000000000000000",
            "B_WIDTH": "00000000000000000000000000000010",
            "Y_WIDTH": "00000000000000000000000000000010"
          },
          "attributes": {
          },
          "port_directions": {
            "A": "input",
            "B": "input",
            "Y": "output"
          },
          "connections": {
            "A": [ 134, 135 ],
            "B": [ 51, 52 ],
            "Y": [ 88, 89 ]
          }
        },
        "$auto$opt_expr.cc:276:group_cell_inputs$136": {
          "hide_name": 1,
          "type": "$or",
          "parameters": {
            "A_SIGNED": "00000000000000000000000000000000",
            "A_WIDTH": "00000000000000000000000000000011",
            "B_SIGNED": "00000000000000000000000000000000",
            "B_WIDTH": "00000000000000000000000000000011",
            "Y_WIDTH": "00000000000000000000000000000011"
          },
          "attributes": {
          },
          "port_directions": {
            "A": "input",
            "B": "input",
            "Y": "output"
          },
          "connections": {
            "A": [ 94, 95, 96 ],
            "B": [ 51, 52, 53 ],
            "Y": [ 97, 98, 99 ]
          }
        },
        "$auto$opt_expr.cc:276:group_cell_inputs$139": {
          "hide_name": 1,
          "type": "$and",
          "parameters": {
            "A_SIGNED": "00000000000000000000000000000000",
            "A_WIDTH": "00000000000000000000000000001001",
            "B_SIGNED": "00000000000000000000000000000000",
            "B_WIDTH": "00000000000000000000000000001001",
            "Y_WIDTH": "00000000000000000000000000001001"
          },
          "attributes": {
          },
          "port_directions": {
            "A": "input",
            "B": "input",
            "Y": "output"
          },
          "connections": {
            "A": [ 91, 92, 136, 137, 138, 139, 140, 141, 142 ],
            "B": [ 143, 144, 145, 51, 52, 53, 54, 55, 56 ],
            "Y": [ 5, 6, 7, 8, 9, 10, 11, 12, 13 ]
          }
        },
        "$auto$opt_expr.cc:276:group_cell_inputs$143": {
          "hide_name": 1,
          "type": "$not",
          "parameters": {
            "A_SIGNED": "00000000000000000000000000000000",
            "A_WIDTH": "00000000000000000000000000000010",
            "Y_WIDTH": "00000000000000000000000000000010"
          },
          "attributes": {
          },
          "port_directions": {
            "A": "input",
            "Y": "output"
          },
          "connections": {
            "A": [ 51, 52 ],
            "Y": [ 146, 147 ]
          }
        },
        "$auto$opt_expr.cc:276:group_cell_inputs$147": {
          "hide_name": 1,
          "type": "$not",
          "parameters": {
            "A_SIGNED": "00000000000000000000000000000000",
            "A_WIDTH": "00000000000000000000000000000110",
            "Y_WIDTH": "00000000000000000000000000000110"
          },
          "attributes": {
          },
          "port_directions": {
            "A": "input",
            "Y": "output"
          },
          "connections": {
            "A": [ 51, 52, 53, 54, 55, 56 ],
            "Y": [ 148, 149, 150, 151, 152, 153 ]
          }
        },
        "$auto$opt_expr.cc:276:group_cell_inputs$151": {
          "hide_name": 1,
          "type": "$and",
          "parameters": {
            "A_SIGNED": "00000000000000000000000000000000",
            "A_WIDTH": "00000000000000000000000000000010",
            "B_SIGNED": "00000000000000000000000000000000",
            "B_WIDTH": "00000000000000000000000000000010",
            "Y_WIDTH": "00000000000000000000000000000010"
          },
          "attributes": {
          },
          "port_directions": {
            "A": "input",
            "B": "input",
            "Y": "output"
          },
          "connections": {
            "A": [ 154, 155 ],
            "B": [ 88, 89 ],
            "Y": [ 156, 157 ]
          }
        },
        "$auto$opt_expr.cc:276:group_cell_inputs$155": {
          "hide_name": 1,
          "type": "$or",
          "parameters": {
            "A_SIGNED": "00000000000000000000000000000000",
            "A_WIDTH": "00000000000000000000000000000010",
            "B_SIGNED": "00000000000000000000000000000000",
            "B_WIDTH": "00000000000000000000000000000010",
            "Y_WIDTH": "00000000000000000000000000000010"
          },
          "attributes": {
          },
          "port_directions": {
            "A": "input",
            "B": "input",
            "Y": "output"
          },
          "connections": {
            "A": [ 158, 159 ],
            "B": [ 146, 147 ],
            "Y": [ 132, 133 ]
          }
        },
        "$auto$opt_expr.cc:276:group_cell_inputs$70": {
          "hide_name": 1,
          "type": "$and",
          "parameters": {
            "A_SIGNED": "00000000000000000000000000000000",
            "A_WIDTH": "00000000000000000000000000000011",
            "B_SIGNED": "00000000000000000000000000000000",
            "B_WIDTH": "00000000000000000000000000000011",
            "Y_WIDTH": "00000000000000000000000000000011"
          },
          "attributes": {
          },
          "port_directions": {
            "A": "input",
            "B": "input",
            "Y": "output"
          },
          "connections": {
            "A": [ 160, 161, 162 ],
            "B": [ 2, 3, 4 ],
            "Y": [ 163, 164, 165 ]
          }
        },
        "$auto$opt_expr.cc:276:group_cell_inputs$74": {
          "hide_name": 1,
          "type": "$xor",
          "parameters": {
            "A_SIGNED": "00000000000000000000000000000000",
            "A_WIDTH": "00000000000000000000000000000011",
            "B_SIGNED": "00000000000000000000000000000000",
            "B_WIDTH": "00000000000000000000000000000011",
            "Y_WIDTH": "00000000000000000000000000000011"
          },
          "attributes": {
          },
          "port_directions": {
            "A": "input",
            "B": "input",
            "Y": "output"
          },
          "connections": {
            "A": [ 163, 164, 165 ],
            "B": [ 54, 55, 56 ],
            "Y": [ 143, 144, 145 ]
          }
        },
        "$auto$opt_expr.cc:276:group_cell_inputs$91": {
          "hide_name": 1,
          "type": "$xor",
          "parameters": {
            "A_SIGNED": "00000000000000000000000000000000",
            "A_WIDTH": "00000000000000000000000000000001",
            "B_SIGNED": "00000000000000000000000000000000",
            "B_WIDTH": "00000000000000000000000000000001",
            "Y_WIDTH": "00000000000000000000000000000001"
          },
          "attributes": {
          },
          "port_directions": {
            "A": "input",
            "B": "input",
            "Y": "output"
          },
          "connections": {
            "A": [ 2 ],
            "B": [ 90 ],
            "Y": [ 87 ]
          }
        },
        "$le$designs/90/top.sv:18$38": {
          "hide_name": 1,
          "type": "$le",
          "parameters": {
            "A_SIGNED": "00000000000000000000000000000000",
            "A_WIDTH": "00000000000000000000000000011000",
            "B_SIGNED": "00000000000000000000000000000000",
            "B_WIDTH": "00000000000000000000000000001001",
            "Y_WIDTH": "00000000000000000000000000000001"
          },
          "attributes": {
            "src": "designs/90/top.sv:18.34-18.124"
          },
          "port_directions": {
            "A": "input",
            "B": "input",
            "Y": "output"
          },
          "connections": {
            "A": [ "0", "0", "0", 166, 167, 168, 169, 170, 171, 172, 173, 174, 175, 176, 177, 178, 179, 180, 181, 182, 183, 184, 185, 186 ],
            "B": [ "0", "0", "0", 51, 52, 53, 54, 55, 56 ],
            "Y": [ 187 ]
          }
        },
        "$lt$designs/90/top.sv:18$31": {
          "hide_name": 1,
          "type": "$lt",
          "parameters": {
            "A_SIGNED": "00000000000000000000000000000000",
            "A_WIDTH": "00000000000000000000000000001101",
            "B_SIGNED": "00000000000000000000000000000000",
            "B_WIDTH": "00000000000000000000000000001001",
            "Y_WIDTH": "00000000000000000000000000000001"
          },
          "attributes": {
            "src": "designs/90/top.sv:18.47-18.69"
          },
          "port_directions": {
            "A": "input",
            "B": "input",
            "Y": "output"
          },
          "connections": {
            "A": [ "0", "0", "0", "0", "0", "0", "0", "0", "0", "0", "0", "0", "0" ],
            "B": [ "0", "0", "0", 51, 52, 53, 54, 55, 56 ],
            "Y": [ 188 ]
          }
        },
        "$mul$designs/90/top.sv:12$5": {
          "hide_name": 1,
          "type": "$mul",
          "parameters": {
            "A_SIGNED": "00000000000000000000000000000000",
            "A_WIDTH": "00000000000000000000000000000011",
            "B_SIGNED": "00000000000000000000000000000000",
            "B_WIDTH": "00000000000000000000000000000011",
            "Y_WIDTH": "00000000000000000000000000000011"
          },
          "attributes": {
            "src": "designs/90/top.sv:12.43-12.114"
          },
          "port_directions": {
            "A": "input",
            "B": "input",
            "Y": "output"
          },
          "connections": {
            "A": [ 20, 21, 22 ],
            "B": [ 2, 3, 4 ],
            "Y": [ 106, 107, 108 ]
          }
        },
        "$mul$designs/90/top.sv:12$8": {
          "hide_name": 1,
          "type": "$mul",
          "parameters": {
            "A_SIGNED": "00000000000000000000000000000000",
            "A_WIDTH": "00000000000000000000000000000011",
            "B_SIGNED": "00000000000000000000000000000000",
            "B_WIDTH": "00000000000000000000000000000110",
            "Y_WIDTH": "00000000000000000000000000000110"
          },
          "attributes": {
            "src": "designs/90/top.sv:12.31-12.142"
          },
          "port_directions": {
            "A": "input",
            "B": "input",
            "Y": "output"
          },
          "connections": {
            "A": [ 109, 110, 111 ],
            "B": [ "1", "0", "0", "1", "1", "1" ],
            "Y": [ 189, 190, 191, 192, 193, 194 ]
          }
        },
        "$mul$designs/90/top.sv:12$9": {
          "hide_name": 1,
          "type": "$mul",
          "parameters": {
            "A_SIGNED": "00000000000000000000000000000000",
            "A_WIDTH": "00000000000000000000000000000110",
            "B_SIGNED": "00000000000000000000000000000000",
            "B_WIDTH": "00000000000000000000000000000011",
            "Y_WIDTH": "00000000000000000000000000000110"
          },
          "attributes": {
            "src": "designs/90/top.sv:12.30-12.156"
          },
          "port_directions": {
            "A": "input",
            "B": "input",
            "Y": "output"
          },
          "connections": {
            "A": [ 189, 190, 191, 192, 193, 194 ],
            "B": [ 2, 3, 4 ],
            "Y": [ 51, 52, 53, 54, 55, 56 ]
          }
        },
        "$mul$designs/90/top.sv:14$12": {
          "hide_name": 1,
          "type": "$mul",
          "parameters": {
            "A_SIGNED": "00000000000000000000000000000000",
            "A_WIDTH": "00000000000000000000000000011010",
            "B_SIGNED": "00000000000000000000000000000000",
            "B_WIDTH": "00000000000000000000000000000110",
            "Y_WIDTH": "00000000000000000000000000011010"
          },
          "attributes": {
            "src": "designs/90/top.sv:14.45-14.109"
          },
          "port_directions": {
            "A": "input",
            "B": "input",
            "Y": "output"
          },
          "connections": {
            "A": [ 116, 117, 118, 114, 119, 115, "0", "0", "0", "0", "0", "0", "0", "0", "0", "0", "0", "0", "0", "0", "0", "0", "0", "0", "0", "0" ],
            "B": [ 51, 52, 53, 54, 55, 56 ],
            "Y": [ 195, 196, 197, 198, 199, 200, 201, 202, 203, 204, 205, 206, 207, 208, 209, 210, 211, 212, 213, 214, 215, 216, 217, 218, 219, 220 ]
          }
        },
        "$mul$designs/90/top.sv:14$13": {
          "hide_name": 1,
          "type": "$mul",
          "parameters": {
            "A_SIGNED": "00000000000000000000000000000000",
            "A_WIDTH": "00000000000000000000000000011010",
            "B_SIGNED": "00000000000000000000000000000000",
            "B_WIDTH": "00000000000000000000000000000110",
            "Y_WIDTH": "00000000000000000000000000010111"
          },
          "attributes": {
            "src": "designs/90/top.sv:14.44-14.119"
          },
          "port_directions": {
            "A": "input",
            "B": "input",
            "Y": "output"
          },
          "connections": {
            "A": [ 195, 196, 197, 198, 199, 200, 201, 202, 203, 204, 205, 206, 207, 208, 209, 210, 211, 212, 213, 214, 215, 216, 217, 218, 219, 220 ],
            "B": [ 51, 52, 53, 54, 55, 56 ],
            "Y": [ 221, 222, 223, 224, 225, 226, 227, 228, 229, 230, 231, 232, 233, 234, 235, 236, 237, 238, 239, 240, 241, 242, 243 ]
          }
        },
        "$mul$designs/90/top.sv:16$24": {
          "hide_name": 1,
          "type": "$mul",
          "parameters": {
            "A_SIGNED": "00000000000000000000000000000000",
            "A_WIDTH": "00000000000000000000000000011111",
            "B_SIGNED": "00000000000000000000000000000000",
            "B_WIDTH": "00000000000000000000000000011111",
            "Y_WIDTH": "00000000000000000000000000000101"
          },
          "attributes": {
            "src": "designs/90/top.sv:16.49-16.108"
          },
          "port_directions": {
            "A": "input",
            "B": "input",
            "Y": "output"
          },
          "connections": {
            "A": [ 244, 245, 246, 57, 58, 59, 60, 61, 62, 63, 64, 65, 66, 67, 68, 69, 70, 71, 72, 73, 74, 75, 76, 77, 78, 79, 80, 81, 82, 83, 84 ],
            "B": [ 143, 144, 145, 51, 52, 53, 54, 55, 56, "0", "0", "0", "0", "0", "0", "0", "0", "0", "0", "0", "0", "0", "0", "0", "0", "0", "0", "0", "0", "0", "0" ],
            "Y": [ 247, 248, 249, 158, 159 ]
          }
        },
        "$mul$designs/90/top.sv:18$33": {
          "hide_name": 1,
          "type": "$mul",
          "parameters": {
            "A_SIGNED": "00000000000000000000000000000000",
            "A_WIDTH": "00000000000000000000000000001010",
            "B_SIGNED": "00000000000000000000000000000000",
            "B_WIDTH": "00000000000000000000000000000110",
            "Y_WIDTH": "00000000000000000000000000010000"
          },
          "attributes": {
            "src": "designs/90/top.sv:18.37-18.90"
          },
          "port_directions": {
            "A": "input",
            "B": "input",
            "Y": "output"
          },
          "connections": {
            "A": [ 188, "0", "0", 51, 52, 53, 54, 55, 56, "0" ],
            "B": [ 51, 52, 53, 54, 55, 56 ],
            "Y": [ 154, 155, 250, 251, 252, 253, 254, 255, 256, 257, 258, 259, 260, 261, 262, 263 ]
          }
        },
        "$mul$designs/90/top.sv:18$37": {
          "hide_name": 1,
          "type": "$mul",
          "parameters": {
            "A_SIGNED": "00000000000000000000000000000000",
            "A_WIDTH": "00000000000000000000000000010000",
            "B_SIGNED": "00000000000000000000000000000000",
            "B_WIDTH": "00000000000000000000000000011000",
            "Y_WIDTH": "00000000000000000000000000010101"
          },
          "attributes": {
            "src": "designs/90/top.sv:18.35-18.113"
          },
          "port_directions": {
            "A": "input",
            "B": "input",
            "Y": "output"
          },
          "connections": {
            "A": [ 156, 157, "0", "0", "0", "0", "0", "0", "0", "0", "0", "0", "0", "0", "0", "0" ],
            "B": [ "1", "1", "1", 148, 149, 150, 151, 152, 153, "1", "1", "1", "1", "1", "1", "1", "1", "1", "1", "1", "1", "1", "1", "1" ],
            "Y": [ 166, 167, 168, 169, 170, 171, 172, 173, 174, 175, 176, 177, 178, 179, 180, 181, 182, 183, 184, 185, 186 ]
          }
        },
        "$not$designs/90/top.sv:12$6": {
          "hide_name": 1,
          "type": "$not",
          "parameters": {
            "A_SIGNED": "00000000000000000000000000000000",
            "A_WIDTH": "00000000000000000000000000000011",
            "Y_WIDTH": "00000000000000000000000000000011"
          },
          "attributes": {
            "src": "designs/90/top.sv:12.119-12.130"
          },
          "port_directions": {
            "A": "input",
            "Y": "output"
          },
          "connections": {
            "A": [ 2, 3, 4 ],
            "Y": [ 17, 18, 19 ]
          }
        },
        "$or$designs/90/top.sv:12$1": {
          "hide_name": 1,
          "type": "$or",
          "parameters": {
            "A_SIGNED": "00000000000000000000000000000000",
            "A_WIDTH": "00000000000000000000000000000011",
            "B_SIGNED": "00000000000000000000000000000000",
            "B_WIDTH": "00000000000000000000000000000011",
            "Y_WIDTH": "00000000000000000000000000000011"
          },
          "attributes": {
            "src": "designs/90/top.sv:12.46-12.69"
          },
          "port_directions": {
            "A": "input",
            "B": "input",
            "Y": "output"
          },
          "connections": {
            "A": [ 2, 3, 4 ],
            "B": [ 2, 3, 4 ],
            "Y": [ 264, 265, 266 ]
          }
        },
        "$reduce_bool$designs/90/top.sv:18$42": {
          "hide_name": 1,
          "type": "$reduce_bool",
          "parameters": {
            "A_SIGNED": "00000000000000000000000000000000",
            "A_WIDTH": "00000000000000000000000000000110",
            "Y_WIDTH": "00000000000000000000000000000001"
          },
          "attributes": {
            "src": "designs/90/top.sv:18.21-18.179"
          },
          "port_directions": {
            "A": "input",
            "Y": "output"
          },
          "connections": {
            "A": [ 51, 52, 53, 54, 55, 56 ],
            "Y": [ 267 ]
          }
        },
        "$sub$designs/90/top.sv:12$2": {
          "hide_name": 1,
          "type": "$sub",
          "parameters": {
            "A_SIGNED": "00000000000000000000000000000000",
            "A_WIDTH": "00000000000000000000000000000011",
            "B_SIGNED": "00000000000000000000000000000000",
            "B_WIDTH": "00000000000000000000000000000011",
            "Y_WIDTH": "00000000000000000000000000000011"
          },
          "attributes": {
            "src": "designs/90/top.sv:12.45-12.83"
          },
          "port_directions": {
            "A": "input",
            "B": "input",
            "Y": "output"
          },
          "connections": {
            "A": [ 264, 265, 266 ],
            "B": [ 2, 3, 4 ],
            "Y": [ 14, 15, 16 ]
          }
        },
        "$sub$designs/90/top.sv:14$14": {
          "hide_name": 1,
          "type": "$sub",
          "parameters": {
            "A_SIGNED": "00000000000000000000000000000000",
            "A_WIDTH": "00000000000000000000000000011111",
            "B_SIGNED": "00000000000000000000000000000000",
            "B_WIDTH": "00000000000000000000000000000011",
            "Y_WIDTH": "00000000000000000000000000011111"
          },
          "attributes": {
            "src": "designs/90/top.sv:14.43-14.133"
          },
          "port_directions": {
            "A": "input",
            "B": "input",
            "Y": "output"
          },
          "connections": {
            "A": [ "0", "0", "0", "0", "0", "0", "0", "0", 221, 222, 223, 224, 225, 226, 227, 228, 229, 230, 231, 232, 233, 234, 235, 236, 237, 238, 239, 240, 241, 242, 243 ],
            "B": [ 2, 3, 4 ],
            "Y": [ 160, 161, 162, 268, 269, 270, 271, 272, 273, 274, 275, 276, 277, 278, 279, 280, 281, 282, 283, 284, 285, 286, 287, 288, 289, 290, 291, 292, 293, 294, 295 ]
          }
        },
        "$sub$designs/90/top.sv:16$20": {
          "hide_name": 1,
          "type": "$sub",
          "parameters": {
            "A_SIGNED": "00000000000000000000000000000000",
            "A_WIDTH": "00000000000000000000000000000110",
            "B_SIGNED": "00000000000000000000000000000000",
            "B_WIDTH": "00000000000000000000000000000110",
            "Y_WIDTH": "00000000000000000000000000000111"
          },
          "attributes": {
            "src": "designs/90/top.sv:16.53-16.68"
          },
          "port_directions": {
            "A": "input",
            "B": "input",
            "Y": "output"
          },
          "connections": {
            "A": [ 51, 52, 53, 54, 55, 56 ],
            "B": [ 51, 52, 53, 54, 55, 56 ],
            "Y": [ 120, 121, 122, 123, 124, 125, 296 ]
          }
        },
        "$sub$designs/90/top.sv:16$22": {
          "hide_name": 1,
          "type": "$sub",
          "parameters": {
            "A_SIGNED": "00000000000000000000000000000000",
            "A_WIDTH": "00000000000000000000000000011111",
            "B_SIGNED": "00000000000000000000000000000000",
            "B_WIDTH": "00000000000000000000000000011111",
            "Y_WIDTH": "00000000000000000000000000011111"
          },
          "attributes": {
            "src": "designs/90/top.sv:16.51-16.88"
          },
          "port_directions": {
            "A": "input",
            "B": "input",
            "Y": "output"
          },
          "connections": {
            "A": [ "0", "0", "0", 126, 127, 128, 129, 130, 131, 296, 296, 296, 296, 296, 296, 296, 296, 296, 296, 296, 296, 296, 296, 296, 296, 296, 296, 296, 296, 296, 296 ],
            "B": [ 143, 144, 145, 51, 52, 53, 54, 55, 56, "0", "0", "0", "0", "0", "0", "0", "0", "0", "0", "0", "0", "0", "0", "0", "0", "0", "0", "0", "0", "0", "0" ],
            "Y": [ 244, 245, 246, 23, 24, 25, 26, 27, 28, 29, 30, 31, 32, 33, 34, 35, 36, 37, 38, 39, 40, 41, 42, 43, 44, 45, 46, 47, 48, 49, 50 ]
          }
        },
        "$sub$designs/90/top.sv:20$49": {
          "hide_name": 1,
          "type": "$sub",
          "parameters": {
            "A_SIGNED": "00000000000000000000000000000000",
            "A_WIDTH": "00000000000000000000000000000111",
            "B_SIGNED": "00000000000000000000000000000000",
            "B_WIDTH": "00000000000000000000000000000110",
            "Y_WIDTH": "00000000000000000000000000000111"
          },
          "attributes": {
            "src": "designs/90/top.sv:20.49-20.140"
          },
          "port_directions": {
            "A": "input",
            "B": "input",
            "Y": "output"
          },
          "connections": {
            "A": [ 93, 100, 101, 102, 103, 104, 105 ],
            "B": [ 51, 52, 53, 54, 55, 56 ],
            "Y": [ 136, 297, 298, 299, 300, 301, 302 ]
          }
        },
        "$sub$designs/90/top.sv:20$50": {
          "hide_name": 1,
          "type": "$sub",
          "parameters": {
            "A_SIGNED": "00000000000000000000000000000000",
            "A_WIDTH": "00000000000000000000000000000110",
            "B_SIGNED": "00000000000000000000000000000000",
            "B_WIDTH": "00000000000000000000000000000110",
            "Y_WIDTH": "00000000000000000000000000000111"
          },
          "attributes": {
            "src": "designs/90/top.sv:20.38-20.151"
          },
          "port_directions": {
            "A": "input",
            "B": "input",
            "Y": "output"
          },
          "connections": {
            "A": [ 297, 298, 299, 300, 301, 302 ],
            "B": [ 51, 52, 53, 54, 55, 56 ],
            "Y": [ 137, 138, 139, 140, 141, 142, 303 ]
          }
        },
        "$ternary$designs/90/top.sv:18$43": {
          "hide_name": 1,
          "type": "$and",
          "parameters": {
            "A_SIGNED": "00000000000000000000000000000000",
            "A_WIDTH": "00000000000000000000000000000001",
            "B_SIGNED": "00000000000000000000000000000000",
            "B_WIDTH": "00000000000000000000000000000001",
            "Y_WIDTH": "00000000000000000000000000000001"
          },
          "attributes": {
            "src": "designs/90/top.sv:18.21-18.179"
          },
          "port_directions": {
            "A": "input",
            "B": "input",
            "Y": "output"
          },
          "connections": {
            "A": [ 267 ],
            "B": [ 86 ],
            "Y": [ 90 ]
          }
        },
        "$xor$designs/90/top.sv:18$39": {
          "hide_name": 1,
          "type": "$xor",
          "parameters": {
            "A_SIGNED": "00000000000000000000000000000000",
            "A_WIDTH": "00000000000000000000000000000001",
            "B_SIGNED": "00000000000000000000000000000000",
            "B_WIDTH": "00000000000000000000000000000001",
            "Y_WIDTH": "00000000000000000000000000000001"
          },
          "attributes": {
            "src": "designs/90/top.sv:18.33-18.140"
          },
          "port_directions": {
            "A": "input",
            "B": "input",
            "Y": "output"
          },
          "connections": {
            "A": [ 187 ],
            "B": [ 144 ],
            "Y": [ 85 ]
          }
        }
      },
      "netnames": {
        "$add$designs/90/top.sv:12$4_Y": {
          "hide_name": 1,
          "bits": [ 20, 21, 22 ],
          "attributes": {
            "src": "designs/90/top.sv:12.44-12.100"
          }
        },
        "$add$designs/90/top.sv:14$18_Y": {
          "hide_name": 1,
          "bits": [ 163, 164, 165, 51, 52, 53, 54, 55, 56, "0", "0", "0", "0", "0", "0", "0", "0", "0", "0", "0", "0", "0", "0", "0", "0", "0", "0", "0", "0", "0", "0" ],
          "attributes": {
            "src": "designs/90/top.sv:14.39-14.177"
          }
        },
        "$add$designs/90/top.sv:16$23_Y": {
          "hide_name": 1,
          "bits": [ 244, 245, 246, 57, 58, 59, 60, 61, 62, 63, 64, 65, 66, 67, 68, 69, 70, 71, 72, 73, 74, 75, 76, 77, 78, 79, 80, 81, 82, 83, 84 ],
          "attributes": {
            "src": "designs/90/top.sv:16.50-16.98"
          }
        },
        "$add$designs/90/top.sv:18$32_Y": {
          "hide_name": 1,
          "bits": [ 188, "0", "0", 51, 52, 53, 54, 55, 56, "0", "0", "0", "0", "0", "0", "0", "0", "0", "0", "0", "0", "0", "0", "0" ],
          "attributes": {
            "src": "designs/90/top.sv:18.38-18.80"
          }
        },
        "$add$designs/90/top.sv:18$41_Y": {
          "hide_name": 1,
          "bits": [ 86 ],
          "attributes": {
          }
        },
        "$add$designs/90/top.sv:20$45_Y": {
          "hide_name": 1,
          "bits": [ 91, 92, 93, 94, 95, 96 ],
          "attributes": {
          }
        },
        "$add$designs/90/top.sv:20$47_Y": {
          "hide_name": 1,
          "bits": [ 91, 92, 93, 100, 101, 102, 103, 104, 105 ],
          "attributes": {
            "src": "designs/90/top.sv:20.51-20.108"
          }
        },
        "$and$designs/90/top.sv:12$7_Y": {
          "hide_name": 1,
          "bits": [ 109, 110, 111 ],
          "attributes": {
            "src": "designs/90/top.sv:12.42-12.131"
          }
        },
        "$and$designs/90/top.sv:14$11_Y": {
          "hide_name": 1,
          "bits": [ "0", "0", "0", 116, 117, 118, 114, 119, 115, "0", "0", "0", "0", "0", "0", "0", "0", "0", "0", "0", "0", "0", "0", "0", "0", "0", "0", "0", "0", "0", "0" ],
          "attributes": {
            "src": "designs/90/top.sv:14.46-14.94"
          }
        },
        "$and$designs/90/top.sv:16$28_Y": {
          "hide_name": 1,
          "bits": [ "0", "0", "0", 134, 135, 304, 305, 306, 307, 308, 309, 310, 311, 312, 313, 314, 315, 316, 317, 318, 319, 320, 321, 322, 323, 324, 325, 326, 327, 328, 329 ],
          "attributes": {
            "src": "designs/90/top.sv:16.37-16.132",
            "unused_bits": "5 6 7 8 9 10 11 12 13 14 15 16 17 18 19 20 21 22 23 24 25 26 27 28 29 30"
          }
        },
        "$and$designs/90/top.sv:18$34_Y": {
          "hide_name": 1,
          "bits": [ "0", "0", "0", 156, 157, "0", "0", "0", "0", "0", "0", "0", "0", "0", "0", "0", "0", "0", "0", "0", "0", "0", "0", "0" ],
          "attributes": {
            "src": "designs/90/top.sv:18.36-18.100"
          }
        },
        "$auto$opt_expr.cc:205:group_cell_inputs$103": {
          "hide_name": 1,
          "bits": [ 112, 113 ],
          "attributes": {
          }
        },
        "$auto$opt_expr.cc:205:group_cell_inputs$113": {
          "hide_name": 1,
          "bits": [ 160, 161, 162 ],
          "attributes": {
          }
        },
        "$auto$opt_expr.cc:205:group_cell_inputs$117": {
          "hide_name": 1,
          "bits": [ 126, 127, 128, 129, 130, 131 ],
          "attributes": {
          }
        },
        "$auto$opt_expr.cc:205:group_cell_inputs$135": {
          "hide_name": 1,
          "bits": [ 97, 98, 99 ],
          "attributes": {
          }
        },
        "$auto$opt_expr.cc:205:group_cell_inputs$142": {
          "hide_name": 1,
          "bits": [ 146, 147 ],
          "attributes": {
          }
        },
        "$auto$opt_expr.cc:205:group_cell_inputs$146": {
          "hide_name": 1,
          "bits": [ 148, 149, 150, 151, 152, 153 ],
          "attributes": {
          }
        },
        "$auto$opt_expr.cc:205:group_cell_inputs$154": {
          "hide_name": 1,
          "bits": [ 132, 133 ],
          "attributes": {
          }
        },
        "$auto$opt_expr.cc:205:group_cell_inputs$65": {
          "hide_name": 1,
          "bits": [ 274, 275, 276, 277, 278, 279, 280, 281, 282, 283, 284, 285, 286, 287, 288, 289, 290, 291, 292, 293, 294, 295 ],
          "attributes": {
            "unused_bits": "0 1 2 3 4 5 6 7 8 9 10 11 12 13 14 15 16 17 18 19 20 21"
          }
        },
        "$auto$opt_expr.cc:205:group_cell_inputs$78": {
          "hide_name": 1,
          "bits": [ 296 ],
          "attributes": {
          }
        },
        "$auto$opt_expr.cc:205:group_cell_inputs$90": {
          "hide_name": 1,
          "bits": [ 87 ],
          "attributes": {
          }
        },
        "$auto$wreduce.cc:514:run$54": {
          "hide_name": 1,
          "bits": [ 85, 330, 331, 332, 333, 334, 335, 336, 337, 338, 339, 340, 341, 342, 343, 344, 345, 346, 347, 348, 349, 350, 351, 352, 353, 354, 355, 356, 357, 358 ],
          "attributes": {
            "src": "designs/90/top.sv:18.33-18.140",
            "unused_bits": "1 2 3 4 5 6 7 8 9 10 11 12 13 14 15 16 17 18 19 20 21 22 23 24 25 26 27 28 29"
          }
        },
        "$le$designs/90/top.sv:18$38_Y": {
          "hide_name": 1,
          "bits": [ 187, "0", "0", "0", "0", "0", "0", "0", "0", "0", "0", "0", "0", "0", "0", "0", "0", "0", "0", "0", "0", "0", "0", "0", "0", "0", "0", "0", "0", "0" ],
          "attributes": {
            "src": "designs/90/top.sv:18.34-18.124"
          }
        },
        "$mul$designs/90/top.sv:12$5_Y": {
          "hide_name": 1,
          "bits": [ 106, 107, 108 ],
          "attributes": {
            "src": "designs/90/top.sv:12.43-12.114"
          }
        },
        "$mul$designs/90/top.sv:12$8_Y": {
          "hide_name": 1,
          "bits": [ "0", "0", "0", 189, 190, 191, 192, 193, 194 ],
          "attributes": {
            "src": "designs/90/top.sv:12.31-12.142"
          }
        },
        "$mul$designs/90/top.sv:14$12_Y": {
          "hide_name": 1,
          "bits": [ "0", "0", "0", "0", "0", 195, 196, 197, 198, 199, 200, 201, 202, 203, 204, 205, 206, 207, 208, 209, 210, 211, 212, 213, 214, 215, 216, 217, 218, 219, 220 ],
          "attributes": {
            "src": "designs/90/top.sv:14.45-14.109"
          }
        },
        "$mul$designs/90/top.sv:14$13_Y": {
          "hide_name": 1,
          "bits": [ "0", "0", "0", "0", "0", "0", "0", "0", 221, 222, 223, 224, 225, 226, 227, 228, 229, 230, 231, 232, 233, 234, 235, 236, 237, 238, 239, 240, 241, 242, 243 ],
          "attributes": {
            "src": "designs/90/top.sv:14.44-14.119"
          }
        },
        "$mul$designs/90/top.sv:16$24_Y": {
          "hide_name": 1,
          "bits": [ 247, 248, 249, 158, 159, 359, 360, 361, 362, 363, 364, 365, 366, 367, 368, 369, 370, 371, 372, 373, 374, 375, 376, 377, 378, 379, 380, 381, 382, 383, 384 ],
          "attributes": {
            "src": "designs/90/top.sv:16.49-16.108",
            "unused_bits": "0 1 2 5 6 7 8 9 10 11 12 13 14 15 16 17 18 19 20 21 22 23 24 25 26 27 28 29 30"
          }
        },
        "$mul$designs/90/top.sv:18$33_Y": {
          "hide_name": 1,
          "bits": [ "0", "0", "0", 154, 155, 250, 251, 252, 253, 254, 255, 256, 257, 258, 259, 260, 261, 262, 263, "0", "0", "0", "0", "0" ],
          "attributes": {
            "src": "designs/90/top.sv:18.37-18.90",
            "unused_bits": "5 6 7 8 9 10 11 12 13 14 15 16 17 18"
          }
        },
        "$mul$designs/90/top.sv:18$37_Y": {
          "hide_name": 1,
          "bits": [ "0", "0", "0", 166, 167, 168, 169, 170, 171, 172, 173, 174, 175, 176, 177, 178, 179, 180, 181, 182, 183, 184, 185, 186 ],
          "attributes": {
            "src": "designs/90/top.sv:18.35-18.113"
          }
        },
        "$not$designs/90/top.sv:12$3_Y": {
          "hide_name": 1,
          "bits": [ 17, 18, 19 ],
          "attributes": {
            "src": "designs/90/top.sv:12.88-12.99"
          }
        },
        "$or$designs/90/top.sv:12$1_Y": {
          "hide_name": 1,
          "bits": [ 264, 265, 266 ],
          "attributes": {
            "src": "designs/90/top.sv:12.46-12.69"
          }
        },
        "$reduce_bool$designs/90/top.sv:18$42_Y": {
          "hide_name": 1,
          "bits": [ 267 ],
          "attributes": {
            "src": "designs/90/top.sv:18.21-18.179"
          }
        },
        "$sub$designs/90/top.sv:12$2_Y": {
          "hide_name": 1,
          "bits": [ 14, 15, 16 ],
          "attributes": {
            "src": "designs/90/top.sv:12.45-12.83"
          }
        },
        "$sub$designs/90/top.sv:14$14_Y": {
          "hide_name": 1,
          "bits": [ 160, 161, 162, 268, 269, 270, 271, 272, 273, 274, 275, 276, 277, 278, 279, 280, 281, 282, 283, 284, 285, 286, 287, 288, 289, 290, 291, 292, 293, 294, 295 ],
          "attributes": {
            "src": "designs/90/top.sv:14.43-14.133",
            "unused_bits": "3 4 5 6 7 8 9 10 11 12 13 14 15 16 17 18 19 20 21 22 23 24 25 26 27 28 29 30"
          }
        },
        "$sub$designs/90/top.sv:16$20_Y": {
          "hide_name": 1,
          "bits": [ "0", "0", "0", 120, 121, 122, 123, 124, 125, 296, 296, 296, 296, 296, 296, 296, 296, 296, 296, 296, 296, 296, 296, 296, 296, 296, 296, 296, 296, 296, 296 ],
          "attributes": {
            "src": "designs/90/top.sv:16.53-16.68"
          }
        },
        "$sub$designs/90/top.sv:16$22_Y": {
          "hide_name": 1,
          "bits": [ 244, 245, 246, 23, 24, 25, 26, 27, 28, 29, 30, 31, 32, 33, 34, 35, 36, 37, 38, 39, 40, 41, 42, 43, 44, 45, 46, 47, 48, 49, 50 ],
          "attributes": {
            "src": "designs/90/top.sv:16.51-16.88"
          }
        },
        "$sub$designs/90/top.sv:20$49_Y": {
          "hide_name": 1,
          "bits": [ 91, 92, 136, 297, 298, 299, 300, 301, 302 ],
          "attributes": {
            "src": "designs/90/top.sv:20.49-20.140"
          }
        },
        "$sub$designs/90/top.sv:20$50_Y": {
          "hide_name": 1,
          "bits": [ 91, 92, 136, 137, 138, 139, 140, 141, 142, 303, 303, 303, 303, 303, 303, 303, 303, 303, 303, 303, 303, 303, 303, 303, 303, 303, 303, 303, 303, 303, 303 ],
          "attributes": {
            "src": "designs/90/top.sv:20.38-20.151",
            "unused_bits": "9 10 11 12 13 14 15 16 17 18 19 20 21 22 23 24 25 26 27 28 29 30"
          }
        },
        "expr_256412": {
          "hide_name": 0,
          "bits": [ 2, 3, 4, 88, 89, "x", "x", "x", "x", "x", "x", "x", "x", "x", "x", "x", "x", "x", "x", "x", "x", "x", "x", "x", "x", "x", "x", "x", "x", "x", "x", "x", "x", "x", "x", "x", "x", "x" ],
          "attributes": {
            "src": "designs/90/top.sv:15.18-15.29"
          }
        },
        "input_data": {
          "hide_name": 0,
          "bits": [ 2, 3, 4 ],
          "attributes": {
            "src": "designs/90/top.sv:2.17-2.27"
          }
        },
        "output_data": {
          "hide_name": 0,
          "bits": [ 5, 6, 7, 8, 9, 10, 11, 12, 13, "0", "0", "0", "0", "0", "0", "0", "0", "0", "0", "0", "0", "0", "0", "0", "0", "0", "0", "0", "0", "0", "0", "0", "0", "0", "0" ],
          "attributes": {
            "src": "designs/90/top.sv:3.19-3.30"
          }
        },
        "temp_0": {
          "hide_name": 0,
          "bits": [ "0", "0", "0", 51, 52, 53, 54, 55, 56 ],
          "attributes": {
            "src": "designs/90/top.sv:6.17-6.23"
          }
        },
        "temp_2": {
          "hide_name": 0,
          "bits": [ 143, 144, 145, 51, 52, 53, 54, 55, 56, "0", "0", "0", "0", "0", "0", "0", "0", "0", "0", "0", "0", "0", "0", "0", "0", "0", "0", "0", "0", "0", "0" ],
          "attributes": {
            "src": "designs/90/top.sv:8.18-8.24"
          }
        },
        "temp_4": {
          "hide_name": 0,
          "bits": [ 90 ],
          "attributes": {
            "single_bit_vector": "00000000000000000000000000000001",
            "src": "designs/90/top.sv:10.17-10.23"
          }
        }
      }
    }
  }
}
