{
  "creator": "Yosys 0.60 (git sha1 5bafeb77dc71e054fa331ab9efa613e6fb0a1c49, clang++ 17.0.0 -fPIC -O3)",
  "modules": {
    "top": {
      "attributes": {
        "top": "00000000000000000000000000000001",
        "src": "designs/78/top.sv:1.1-26.10"
      },
      "ports": {
        "input_data": {
          "direction": "input",
          "bits": [ 2, 3, 4 ]
        },
        "output_data": {
          "direction": "output",
          "bits": [ "0", "0", "0", "0", "0", "0", "0", 5, "0", 6, "0", 7, "0", "0", "1", "1", 8, 9, "1", "1", 10, "1", "1", 11 ]
        }
      },
      "cells": {
        "$and$designs/78/top.sv:15$1": {
          "hide_name": 1,
          "type": "$and",
          "parameters": {
            "A_SIGNED": "00000000000000000000000000000000",
            "A_WIDTH": "00000000000000000000000000000011",
            "B_SIGNED": "00000000000000000000000000000000",
            "B_WIDTH": "00000000000000000000000000000011",
            "Y_WIDTH": "00000000000000000000000000000011"
          },
          "attributes": {
            "src": "designs/78/top.sv:15.22-15.56"
          },
          "port_directions": {
            "A": "input",
            "B": "input",
            "Y": "output"
          },
          "connections": {
            "A": [ 2, 3, 4 ],
            "B": [ 2, 3, 4 ],
            "Y": [ 12, 13, 14 ]
          }
        },
        "$auto$opt_expr.cc:250:group_cell_inputs$70": {
          "hide_name": 1,
          "type": "$not",
          "parameters": {
            "A_SIGNED": "00000000000000000000000000000000",
            "A_WIDTH": "00000000000000000000000000000001",
            "Y_WIDTH": "00000000000000000000000000000001"
          },
          "attributes": {
          },
          "port_directions": {
            "A": "input",
            "Y": "output"
          },
          "connections": {
            "A": [ 15 ],
            "Y": [ 5 ]
          }
        },
        "$auto$opt_expr.cc:250:group_cell_inputs$72": {
          "hide_name": 1,
          "type": "$not",
          "parameters": {
            "A_SIGNED": "00000000000000000000000000000000",
            "A_WIDTH": "00000000000000000000000000000001",
            "Y_WIDTH": "00000000000000000000000000000001"
          },
          "attributes": {
          },
          "port_directions": {
            "A": "input",
            "Y": "output"
          },
          "connections": {
            "A": [ 16 ],
            "Y": [ 7 ]
          }
        },
        "$auto$opt_expr.cc:276:group_cell_inputs$44": {
          "hide_name": 1,
          "type": "$or",
          "parameters": {
            "A_SIGNED": "00000000000000000000000000000000",
            "A_WIDTH": "00000000000000000000000000000010",
            "B_SIGNED": "00000000000000000000000000000000",
            "B_WIDTH": "00000000000000000000000000000010",
            "Y_WIDTH": "00000000000000000000000000000010"
          },
          "attributes": {
          },
          "port_directions": {
            "A": "input",
            "B": "input",
            "Y": "output"
          },
          "connections": {
            "A": [ 17, 18 ],
            "B": [ 19, 16 ],
            "Y": [ 15, 20 ]
          }
        },
        "$auto$opt_expr.cc:276:group_cell_inputs$68": {
          "hide_name": 1,
          "type": "$xor",
          "parameters": {
            "A_SIGNED": "00000000000000000000000000000000",
            "A_WIDTH": "00000000000000000000000000000001",
            "B_SIGNED": "00000000000000000000000000000000",
            "B_WIDTH": "00000000000000000000000000000001",
            "Y_WIDTH": "00000000000000000000000000000001"
          },
          "attributes": {
          },
          "port_directions": {
            "A": "input",
            "B": "input",
            "Y": "output"
          },
          "connections": {
            "A": [ 19 ],
            "B": [ 20 ],
            "Y": [ 6 ]
          }
        },
        "$mul$designs/78/top.sv:17$8": {
          "hide_name": 1,
          "type": "$mul",
          "parameters": {
            "A_SIGNED": "00000000000000000000000000000000",
            "A_WIDTH": "00000000000000000000000000011101",
            "B_SIGNED": "00000000000000000000000000000000",
            "B_WIDTH": "00000000000000000000000000000011",
            "Y_WIDTH": "00000000000000000000000000011101"
          },
          "attributes": {
            "src": "designs/78/top.sv:17.33-17.64"
          },
          "port_directions": {
            "A": "input",
            "B": "input",
            "Y": "output"
          },
          "connections": {
            "A": [ "1", "1", "1", "0", "0", "0", "0", "1", "1", "0", "0", "0", "0", "0", "1", "0", "1", "0", "1", "0", "1", "1", "0", "0", "1", "1", "1", "0", "1" ],
            "B": [ 12, 13, 14 ],
            "Y": [ 21, 22, 23, 24, 25, 26, 27, 28, 19, 29, 16, 30, 31, 32, 33, 8, 9, 34, 35, 10, 36, 37, 11, 38, 39, 40, 41, 42, 43 ]
          }
        },
        "$mul$designs/78/top.sv:18$10": {
          "hide_name": 1,
          "type": "$mul",
          "parameters": {
            "A_SIGNED": "00000000000000000000000000000000",
            "A_WIDTH": "00000000000000000000000000001111",
            "B_SIGNED": "00000000000000000000000000000000",
            "B_WIDTH": "00000000000000000000000000000011",
            "Y_WIDTH": "00000000000000000000000000010000"
          },
          "attributes": {
            "src": "designs/78/top.sv:18.62-18.95"
          },
          "port_directions": {
            "A": "input",
            "B": "input",
            "Y": "output"
          },
          "connections": {
            "A": [ "1", "1", "0", "0", "0", "0", "0", "0", "0", "1", "0", "1", "0", "1", "1" ],
            "B": [ 2, 3, 4 ],
            "Y": [ 44, 45, 46, 47, 48, 49, 50, 51, 52, 53, 54, 55, 56, 57, 58, 59 ]
          }
        },
        "$mul$designs/78/top.sv:18$13": {
          "hide_name": 1,
          "type": "$mul",
          "parameters": {
            "A_SIGNED": "00000000000000000000000000000000",
            "A_WIDTH": "00000000000000000000000000010000",
            "B_SIGNED": "00000000000000000000000000000000",
            "B_WIDTH": "00000000000000000000000000011110",
            "Y_WIDTH": "00000000000000000000000000010000"
          },
          "attributes": {
            "src": "designs/78/top.sv:18.33-18.134"
          },
          "port_directions": {
            "A": "input",
            "B": "input",
            "Y": "output"
          },
          "connections": {
            "A": [ 60, 61, 62, 63, 64, 65, 66, 67, 68, 69, 70, 71, 72, 73, 74, 75 ],
            "B": [ "1", "1", "1", "1", "1", "1", "1", "1", "1", 19, "1", 16, "1", "1", "1", "1", 8, 9, "1", "1", 10, "1", "1", 11, 38, 39, 40, 41, 42, "1" ],
            "Y": [ 76, 77, 78, 79, 80, 81, 82, 83, 84, 17, 85, 18, 86, 87, 88, 89 ]
          }
        },
        "$shl$designs/78/top.sv:18$11": {
          "hide_name": 1,
          "type": "$shl",
          "parameters": {
            "A_SIGNED": "00000000000000000000000000000000",
            "A_WIDTH": "00000000000000000000000000010000",
            "B_SIGNED": "00000000000000000000000000000000",
            "B_WIDTH": "00000000000000000000000000000011",
            "Y_WIDTH": "00000000000000000000000000010000"
          },
          "attributes": {
            "src": "designs/78/top.sv:18.51-18.107"
          },
          "port_directions": {
            "A": "input",
            "B": "input",
            "Y": "output"
          },
          "connections": {
            "A": [ 44, 45, 46, 47, 48, 49, 50, 51, 52, 53, 54, 55, 56, 57, 58, 59 ],
            "B": [ 12, 13, 14 ],
            "Y": [ 90, 91, 92, 93, 94, 95, 96, 97, 98, 99, 100, 101, 102, 103, 104, 105 ]
          }
        },
        "$shr$designs/78/top.sv:18$12": {
          "hide_name": 1,
          "type": "$shr",
          "parameters": {
            "A_SIGNED": "00000000000000000000000000000001",
            "A_WIDTH": "00000000000000000000000000010000",
            "B_SIGNED": "00000000000000000000000000000000",
            "B_WIDTH": "00000000000000000000000000000011",
            "Y_WIDTH": "00000000000000000000000000010000"
          },
          "attributes": {
            "src": "designs/78/top.sv:18.42-18.123"
          },
          "port_directions": {
            "A": "input",
            "B": "input",
            "Y": "output"
          },
          "connections": {
            "A": [ 90, 91, 92, 93, 94, 95, 96, 97, 98, 99, 100, 101, 102, 103, 104, 105 ],
            "B": [ 2, 3, 4 ],
            "Y": [ 60, 61, 62, 63, 64, 65, 66, 67, 68, 69, 70, 71, 72, 73, 74, 75 ]
          }
        }
      },
      "netnames": {
        "$mul$designs/78/top.sv:17$8_Y": {
          "hide_name": 1,
          "bits": [ "0", 21, 22, 23, 24, 25, 26, 27, 28, 19, 29, 16, 30, 31, 32, 33, 8, 9, 34, 35, 10, 36, 37, 11, 38, 39, 40, 41, 42, 43 ],
          "attributes": {
            "src": "designs/78/top.sv:17.33-17.64",
            "unused_bits": "1 2 3 4 5 6 7 8 10 12 13 14 15 18 19 21 22 29"
          }
        },
        "$mul$designs/78/top.sv:18$10_Y": {
          "hide_name": 1,
          "bits": [ 44, 45, 46, 47, 48, 49, 50, 51, 52, 53, 54, 55, 56, 57, 58, 59 ],
          "attributes": {
            "src": "designs/78/top.sv:18.62-18.95"
          }
        },
        "$mul$designs/78/top.sv:18$13_Y": {
          "hide_name": 1,
          "bits": [ 76, 77, 78, 79, 80, 81, 82, 83, 84, 17, 85, 18, 86, 87, 88, 89, 106, 107, 108, 109, 110, 111, 112, 113, 114, 115, 116, 117, 118, 119 ],
          "attributes": {
            "src": "designs/78/top.sv:18.33-18.134",
            "unused_bits": "0 1 2 3 4 5 6 7 8 10 12 13 14 15 16 17 18 19 20 21 22 23 24 25 26 27 28 29"
          }
        },
        "$shl$designs/78/top.sv:18$11_Y": {
          "hide_name": 1,
          "bits": [ 90, 91, 92, 93, 94, 95, 96, 97, 98, 99, 100, 101, 102, 103, 104, 105 ],
          "attributes": {
            "src": "designs/78/top.sv:18.51-18.107"
          }
        },
        "$shr$designs/78/top.sv:18$12_Y": {
          "hide_name": 1,
          "bits": [ 60, 61, 62, 63, 64, 65, 66, 67, 68, 69, 70, 71, 72, 73, 74, 75 ],
          "signed": 1,
          "attributes": {
            "src": "designs/78/top.sv:18.42-18.123"
          }
        },
        "input_data": {
          "hide_name": 0,
          "bits": [ 2, 3, 4 ],
          "attributes": {
            "src": "designs/78/top.sv:2.17-2.27"
          }
        },
        "output_data": {
          "hide_name": 0,
          "bits": [ "0", "0", "0", "0", "0", "0", "0", 5, "0", 6, "0", 7, "0", "0", "1", "1", 8, 9, "1", "1", 10, "1", "1", 11 ],
          "attributes": {
            "src": "designs/78/top.sv:3.19-3.30"
          }
        },
        "temp_0": {
          "hide_name": 0,
          "bits": [ 12, 13, 14, "0", "0", "0", "0", "0", "0", "0", "0", "0", "0", "0", "0", "0", "0", "0", "0", "0", "0", "0", "0" ],
          "attributes": {
            "src": "designs/78/top.sv:6.18-6.24"
          }
        },
        "temp_2": {
          "hide_name": 0,
          "bits": [ "1", "1", "1", "1", "1", "1", "1", "1", "1", 19, "1", 16, "1", "1", "1", "1", 8, 9, "1", "1", 10, "1", "1", 11, 38, 39, 40, 41, 42, "1" ],
          "attributes": {
            "src": "designs/78/top.sv:8.18-8.24"
          }
        },
        "temp_3": {
          "hide_name": 0,
          "bits": [ "1", "1", "1", "1", "1", "1", "1", "1", "1", 15, "1", 20, "1", "1", "1", "1" ],
          "attributes": {
            "src": "designs/78/top.sv:9.18-9.24"
          }
        }
      }
    }
  }
}
