{
  "creator": "Yosys 0.60 (git sha1 5bafeb77dc71e054fa331ab9efa613e6fb0a1c49, clang++ 17.0.0 -fPIC -O3)",
  "modules": {
    "top": {
      "attributes": {
        "top": "00000000000000000000000000000001",
        "src": "designs/150/top.sv:1.1-26.10"
      },
      "ports": {
        "input_data": {
          "direction": "input",
          "bits": [ 2, 3, 4, 5, 6, 7, 8, 9 ]
        },
        "output_data": {
          "direction": "output",
          "bits": [ 10, 11, 12, 13, 14 ]
        }
      },
      "cells": {
        "$add$designs/150/top.sv:15$3": {
          "hide_name": 1,
          "type": "$add",
          "parameters": {
            "A_SIGNED": "00000000000000000000000000000000",
            "A_WIDTH": "00000000000000000000000000001000",
            "B_SIGNED": "00000000000000000000000000000000",
            "B_WIDTH": "00000000000000000000000000001000",
            "Y_WIDTH": "00000000000000000000000000001000"
          },
          "attributes": {
            "src": "designs/150/top.sv:15.70-15.129"
          },
          "port_directions": {
            "A": "input",
            "B": "input",
            "Y": "output"
          },
          "connections": {
            "A": [ 15, 16, 17, 18, 19, 20, 21, 22 ],
            "B": [ 23, 24, 25, 26, 27, 28, 29, 30 ],
            "Y": [ 31, 32, 33, 34, 35, 36, 37, 38 ]
          }
        },
        "$add$designs/150/top.sv:16$11": {
          "hide_name": 1,
          "type": "$add",
          "parameters": {
            "A_SIGNED": "00000000000000000000000000000000",
            "A_WIDTH": "00000000000000000000000000000100",
            "B_SIGNED": "00000000000000000000000000000000",
            "B_WIDTH": "00000000000000000000000000000100",
            "Y_WIDTH": "00000000000000000000000000000100"
          },
          "attributes": {
            "src": "designs/150/top.sv:16.60-16.171"
          },
          "port_directions": {
            "A": "input",
            "B": "input",
            "Y": "output"
          },
          "connections": {
            "A": [ 39, 40, 41, 42 ],
            "B": [ 6, 7, 8, 9 ],
            "Y": [ 43, 44, 45, 46 ]
          }
        },
        "$add$designs/150/top.sv:16$8": {
          "hide_name": 1,
          "type": "$add",
          "parameters": {
            "A_SIGNED": "00000000000000000000000000000000",
            "A_WIDTH": "00000000000000000000000000000100",
            "B_SIGNED": "00000000000000000000000000000000",
            "B_WIDTH": "00000000000000000000000000000100",
            "Y_WIDTH": "00000000000000000000000000000100"
          },
          "attributes": {
            "src": "designs/150/top.sv:16.87-16.120"
          },
          "port_directions": {
            "A": "input",
            "B": "input",
            "Y": "output"
          },
          "connections": {
            "A": [ 47, 48, 49, 50 ],
            "B": [ 4, 5, 6, 7 ],
            "Y": [ 51, 52, 53, 54 ]
          }
        },
        "$add$designs/150/top.sv:17$19": {
          "hide_name": 1,
          "type": "$add",
          "parameters": {
            "A_SIGNED": "00000000000000000000000000000001",
            "A_WIDTH": "00000000000000000000000000010101",
            "B_SIGNED": "00000000000000000000000000000001",
            "B_WIDTH": "00000000000000000000000000001000",
            "Y_WIDTH": "00000000000000000000000000010110"
          },
          "attributes": {
            "src": "designs/150/top.sv:17.92-17.173"
          },
          "port_directions": {
            "A": "input",
            "B": "input",
            "Y": "output"
          },
          "connections": {
            "A": [ 55, 56, 57, 58, 59, 60, 61, 62, 63, 63, 63, 63, 63, 63, 63, 63, 63, 63, 63, 63, "0" ],
            "B": [ 47, 48, 49, 50, 64, 65, 66, 67 ],
            "Y": [ 68, 69, 70, 71, 72, 73, 74, 75, 76, 77, 78, 79, 80, 81, 82, 83, 84, 85, 86, 87, 88, 89 ]
          }
        },
        "$add$designs/150/top.sv:18$35": {
          "hide_name": 1,
          "type": "$add",
          "parameters": {
            "A_SIGNED": "00000000000000000000000000000000",
            "A_WIDTH": "00000000000000000000000000011010",
            "B_SIGNED": "00000000000000000000000000000000",
            "B_WIDTH": "00000000000000000000000000000111",
            "Y_WIDTH": "00000000000000000000000000011010"
          },
          "attributes": {
            "src": "designs/150/top.sv:18.104-18.215"
          },
          "port_directions": {
            "A": "input",
            "B": "input",
            "Y": "output"
          },
          "connections": {
            "A": [ 90, 91, 92, 93, "1", "1", "1", "1", "1", "1", "1", "1", "1", "1", "1", "1", "1", "1", "1", "1", "1", "1", "1", "1", "1", "1" ],
            "B": [ 2, 3, 4, 5, 6, 7, 8 ],
            "Y": [ 94, 95, 96, 97, 98, 99, 100, 101, 102, 103, 104, 105, 106, 107, 108, 109, 110, 111, 112, 113, 114, 115, 116, 117, 118, 119 ]
          }
        },
        "$add$designs/150/top.sv:18$41": {
          "hide_name": 1,
          "type": "$add",
          "parameters": {
            "A_SIGNED": "00000000000000000000000000000000",
            "A_WIDTH": "00000000000000000000000000011010",
            "B_SIGNED": "00000000000000000000000000000000",
            "B_WIDTH": "00000000000000000000000000000010",
            "Y_WIDTH": "00000000000000000000000000011010"
          },
          "attributes": {
            "src": "designs/150/top.sv:18.42-18.300"
          },
          "port_directions": {
            "A": "input",
            "B": "input",
            "Y": "output"
          },
          "connections": {
            "A": [ 120, 121, 122, 123, 124, 125, 126, 127, 128, 129, 130, 131, 132, 133, 134, 135, 136, 137, 138, 139, 140, 141, 142, 143, 144, 145 ],
            "B": [ 146, "0" ],
            "Y": [ 147, 148, 149, 150, 151, 152, 153, 154, 155, 156, 157, 158, 159, 160, 161, 162, 163, 164, 165, 166, 167, 168, 169, 170, 171, 172 ]
          }
        },
        "$and$designs/150/top.sv:15$1": {
          "hide_name": 1,
          "type": "$and",
          "parameters": {
            "A_SIGNED": "00000000000000000000000000000000",
            "A_WIDTH": "00000000000000000000000000001000",
            "B_SIGNED": "00000000000000000000000000000000",
            "B_WIDTH": "00000000000000000000000000001000",
            "Y_WIDTH": "00000000000000000000000000001000"
          },
          "attributes": {
            "src": "designs/150/top.sv:15.79-15.111"
          },
          "port_directions": {
            "A": "input",
            "B": "input",
            "Y": "output"
          },
          "connections": {
            "A": [ 2, 3, 4, 5, 6, 7, 8, 9 ],
            "B": [ 2, 3, 4, 5, 6, 7, 8, 9 ],
            "Y": [ 15, 16, 17, 18, 19, 20, 21, 22 ]
          }
        },
        "$and$designs/150/top.sv:16$9": {
          "hide_name": 1,
          "type": "$and",
          "parameters": {
            "A_SIGNED": "00000000000000000000000000000000",
            "A_WIDTH": "00000000000000000000000000000100",
            "B_SIGNED": "00000000000000000000000000000000",
            "B_WIDTH": "00000000000000000000000000000100",
            "Y_WIDTH": "00000000000000000000000000000100"
          },
          "attributes": {
            "src": "designs/150/top.sv:16.78-16.131"
          },
          "port_directions": {
            "A": "input",
            "B": "input",
            "Y": "output"
          },
          "connections": {
            "A": [ 51, 52, 53, 54 ],
            "B": [ 47, 48, 49, 50 ],
            "Y": [ 173, 174, 175, 176 ]
          }
        },
        "$auto$opt_expr.cc:250:group_cell_inputs$215": {
          "hide_name": 1,
          "type": "$not",
          "parameters": {
            "A_SIGNED": "00000000000000000000000000000000",
            "A_WIDTH": "00000000000000000000000000000001",
            "Y_WIDTH": "00000000000000000000000000000001"
          },
          "attributes": {
          },
          "port_directions": {
            "A": "input",
            "Y": "output"
          },
          "connections": {
            "A": [ 177 ],
            "Y": [ 91 ]
          }
        },
        "$auto$opt_expr.cc:250:group_cell_inputs$217": {
          "hide_name": 1,
          "type": "$not",
          "parameters": {
            "A_SIGNED": "00000000000000000000000000000000",
            "A_WIDTH": "00000000000000000000000000000001",
            "Y_WIDTH": "00000000000000000000000000000001"
          },
          "attributes": {
          },
          "port_directions": {
            "A": "input",
            "Y": "output"
          },
          "connections": {
            "A": [ 178 ],
            "Y": [ 92 ]
          }
        },
        "$auto$opt_expr.cc:250:group_cell_inputs$219": {
          "hide_name": 1,
          "type": "$not",
          "parameters": {
            "A_SIGNED": "00000000000000000000000000000000",
            "A_WIDTH": "00000000000000000000000000000001",
            "Y_WIDTH": "00000000000000000000000000000001"
          },
          "attributes": {
          },
          "port_directions": {
            "A": "input",
            "Y": "output"
          },
          "connections": {
            "A": [ 179 ],
            "Y": [ 93 ]
          }
        },
        "$auto$opt_expr.cc:276:group_cell_inputs$106": {
          "hide_name": 1,
          "type": "$or",
          "parameters": {
            "A_SIGNED": "00000000000000000000000000000000",
            "A_WIDTH": "00000000000000000000000000000100",
            "B_SIGNED": "00000000000000000000000000000000",
            "B_WIDTH": "00000000000000000000000000000100",
            "Y_WIDTH": "00000000000000000000000000000100"
          },
          "attributes": {
          },
          "port_directions": {
            "A": "input",
            "B": "input",
            "Y": "output"
          },
          "connections": {
            "A": [ 180, 181, 182, 183 ],
            "B": [ 184, 185, 186, 187 ],
            "Y": [ 120, 121, 122, 123 ]
          }
        },
        "$auto$opt_expr.cc:276:group_cell_inputs$109": {
          "hide_name": 1,
          "type": "$or",
          "parameters": {
            "A_SIGNED": "00000000000000000000000000000000",
            "A_WIDTH": "00000000000000000000000000000100",
            "B_SIGNED": "00000000000000000000000000000000",
            "B_WIDTH": "00000000000000000000000000000100",
            "Y_WIDTH": "00000000000000000000000000000100"
          },
          "attributes": {
          },
          "port_directions": {
            "A": "input",
            "B": "input",
            "Y": "output"
          },
          "connections": {
            "A": [ 147, 148, 149, 150 ],
            "B": [ 184, 185, 186, 187 ],
            "Y": [ 188, 189, 190, 191 ]
          }
        },
        "$auto$opt_expr.cc:276:group_cell_inputs$112": {
          "hide_name": 1,
          "type": "$not",
          "parameters": {
            "A_SIGNED": "00000000000000000000000000000000",
            "A_WIDTH": "00000000000000000000000000000111",
            "Y_WIDTH": "00000000000000000000000000000111"
          },
          "attributes": {
          },
          "port_directions": {
            "A": "input",
            "Y": "output"
          },
          "connections": {
            "A": [ 2, 3, 4, 5, 6, 7, 8 ],
            "Y": [ 192, 193, 194, 195, 196, 197, 198 ]
          }
        },
        "$auto$opt_expr.cc:276:group_cell_inputs$120": {
          "hide_name": 1,
          "type": "$not",
          "parameters": {
            "A_SIGNED": "00000000000000000000000000000000",
            "A_WIDTH": "00000000000000000000000000001000",
            "Y_WIDTH": "00000000000000000000000000001000"
          },
          "attributes": {
          },
          "port_directions": {
            "A": "input",
            "Y": "output"
          },
          "connections": {
            "A": [ 2, 3, 4, 5, 6, 7, 8, 9 ],
            "Y": [ 23, 24, 25, 26, 27, 28, 29, 30 ]
          }
        },
        "$auto$opt_expr.cc:276:group_cell_inputs$140": {
          "hide_name": 1,
          "type": "$or",
          "parameters": {
            "A_SIGNED": "00000000000000000000000000000000",
            "A_WIDTH": "00000000000000000000000000000011",
            "B_SIGNED": "00000000000000000000000000000000",
            "B_WIDTH": "00000000000000000000000000000011",
            "Y_WIDTH": "00000000000000000000000000000011"
          },
          "attributes": {
          },
          "port_directions": {
            "A": "input",
            "B": "input",
            "Y": "output"
          },
          "connections": {
            "A": [ 199, 200, 201 ],
            "B": [ 202, 203, 204 ],
            "Y": [ 205, 206, 207 ]
          }
        },
        "$auto$opt_expr.cc:276:group_cell_inputs$149": {
          "hide_name": 1,
          "type": "$and",
          "parameters": {
            "A_SIGNED": "00000000000000000000000000000000",
            "A_WIDTH": "00000000000000000000000000000100",
            "B_SIGNED": "00000000000000000000000000000000",
            "B_WIDTH": "00000000000000000000000000000100",
            "Y_WIDTH": "00000000000000000000000000000100"
          },
          "attributes": {
          },
          "port_directions": {
            "A": "input",
            "B": "input",
            "Y": "output"
          },
          "connections": {
            "A": [ 208, 209, 210, 211 ],
            "B": [ 47, 48, 49, 50 ],
            "Y": [ 212, 177, 178, 179 ]
          }
        },
        "$auto$opt_expr.cc:276:group_cell_inputs$164": {
          "hide_name": 1,
          "type": "$or",
          "parameters": {
            "A_SIGNED": "00000000000000000000000000000000",
            "A_WIDTH": "00000000000000000000000000000001",
            "B_SIGNED": "00000000000000000000000000000000",
            "B_WIDTH": "00000000000000000000000000000001",
            "Y_WIDTH": "00000000000000000000000000000001"
          },
          "attributes": {
          },
          "port_directions": {
            "A": "input",
            "B": "input",
            "Y": "output"
          },
          "connections": {
            "A": [ 213 ],
            "B": [ 146 ],
            "Y": [ 214 ]
          }
        },
        "$auto$opt_expr.cc:276:group_cell_inputs$167": {
          "hide_name": 1,
          "type": "$xor",
          "parameters": {
            "A_SIGNED": "00000000000000000000000000000000",
            "A_WIDTH": "00000000000000000000000000000001",
            "B_SIGNED": "00000000000000000000000000000000",
            "B_WIDTH": "00000000000000000000000000000001",
            "Y_WIDTH": "00000000000000000000000000000001"
          },
          "attributes": {
          },
          "port_directions": {
            "A": "input",
            "B": "input",
            "Y": "output"
          },
          "connections": {
            "A": [ 215 ],
            "B": [ 146 ],
            "Y": [ 199 ]
          }
        },
        "$auto$opt_expr.cc:276:group_cell_inputs$170": {
          "hide_name": 1,
          "type": "$or",
          "parameters": {
            "A_SIGNED": "00000000000000000000000000000000",
            "A_WIDTH": "00000000000000000000000000000001",
            "B_SIGNED": "00000000000000000000000000000000",
            "B_WIDTH": "00000000000000000000000000000001",
            "Y_WIDTH": "00000000000000000000000000000001"
          },
          "attributes": {
          },
          "port_directions": {
            "A": "input",
            "B": "input",
            "Y": "output"
          },
          "connections": {
            "A": [ 146 ],
            "B": [ 199 ],
            "Y": [ 216 ]
          }
        },
        "$auto$opt_expr.cc:276:group_cell_inputs$205": {
          "hide_name": 1,
          "type": "$or",
          "parameters": {
            "A_SIGNED": "00000000000000000000000000000000",
            "A_WIDTH": "00000000000000000000000000000100",
            "B_SIGNED": "00000000000000000000000000000000",
            "B_WIDTH": "00000000000000000000000000000100",
            "Y_WIDTH": "00000000000000000000000000000100"
          },
          "attributes": {
          },
          "port_directions": {
            "A": "input",
            "B": "input",
            "Y": "output"
          },
          "connections": {
            "A": [ 205, 206, 207, 217 ],
            "B": [ 47, 48, 49, 64 ],
            "Y": [ 218, 219, 220, 221 ]
          }
        },
        "$auto$opt_expr.cc:276:group_cell_inputs$209": {
          "hide_name": 1,
          "type": "$not",
          "parameters": {
            "A_SIGNED": "00000000000000000000000000000000",
            "A_WIDTH": "00000000000000000000000000000001",
            "Y_WIDTH": "00000000000000000000000000000001"
          },
          "attributes": {
          },
          "port_directions": {
            "A": "input",
            "Y": "output"
          },
          "connections": {
            "A": [ 146 ],
            "Y": [ 222 ]
          }
        },
        "$auto$opt_expr.cc:276:group_cell_inputs$213": {
          "hide_name": 1,
          "type": "$xor",
          "parameters": {
            "A_SIGNED": "00000000000000000000000000000000",
            "A_WIDTH": "00000000000000000000000000000001",
            "B_SIGNED": "00000000000000000000000000000000",
            "B_WIDTH": "00000000000000000000000000000001",
            "Y_WIDTH": "00000000000000000000000000000001"
          },
          "attributes": {
          },
          "port_directions": {
            "A": "input",
            "B": "input",
            "Y": "output"
          },
          "connections": {
            "A": [ 212 ],
            "B": [ 222 ],
            "Y": [ 90 ]
          }
        },
        "$auto$opt_expr.cc:276:group_cell_inputs$76": {
          "hide_name": 1,
          "type": "$not",
          "parameters": {
            "A_SIGNED": "00000000000000000000000000000000",
            "A_WIDTH": "00000000000000000000000000000100",
            "Y_WIDTH": "00000000000000000000000000000100"
          },
          "attributes": {
          },
          "port_directions": {
            "A": "input",
            "Y": "output"
          },
          "connections": {
            "A": [ 184, 185, 186, 187 ],
            "Y": [ 223, 224, 225, 226 ]
          }
        },
        "$auto$opt_expr.cc:276:group_cell_inputs$80": {
          "hide_name": 1,
          "type": "$xor",
          "parameters": {
            "A_SIGNED": "00000000000000000000000000000000",
            "A_WIDTH": "00000000000000000000000000000101",
            "B_SIGNED": "00000000000000000000000000000000",
            "B_WIDTH": "00000000000000000000000000000101",
            "Y_WIDTH": "00000000000000000000000000000101"
          },
          "attributes": {
          },
          "port_directions": {
            "A": "input",
            "B": "input",
            "Y": "output"
          },
          "connections": {
            "A": [ 227, 228, 229, 230, 231 ],
            "B": [ 3, 4, 5, 6, 7 ],
            "Y": [ 232, 233, 234, 235, 236 ]
          }
        },
        "$auto$opt_expr.cc:276:group_cell_inputs$83": {
          "hide_name": 1,
          "type": "$and",
          "parameters": {
            "A_SIGNED": "00000000000000000000000000000000",
            "A_WIDTH": "00000000000000000000000000000001",
            "B_SIGNED": "00000000000000000000000000000000",
            "B_WIDTH": "00000000000000000000000000000001",
            "Y_WIDTH": "00000000000000000000000000000001"
          },
          "attributes": {
          },
          "port_directions": {
            "A": "input",
            "B": "input",
            "Y": "output"
          },
          "connections": {
            "A": [ 237 ],
            "B": [ 185 ],
            "Y": [ 238 ]
          }
        },
        "$auto$opt_expr.cc:276:group_cell_inputs$87": {
          "hide_name": 1,
          "type": "$and",
          "parameters": {
            "A_SIGNED": "00000000000000000000000000000000",
            "A_WIDTH": "00000000000000000000000000000001",
            "B_SIGNED": "00000000000000000000000000000000",
            "B_WIDTH": "00000000000000000000000000000001",
            "Y_WIDTH": "00000000000000000000000000000001"
          },
          "attributes": {
          },
          "port_directions": {
            "A": "input",
            "B": "input",
            "Y": "output"
          },
          "connections": {
            "A": [ 239 ],
            "B": [ 184 ],
            "Y": [ 146 ]
          }
        },
        "$auto$opt_expr.cc:276:group_cell_inputs$91": {
          "hide_name": 1,
          "type": "$and",
          "parameters": {
            "A_SIGNED": "00000000000000000000000000000000",
            "A_WIDTH": "00000000000000000000000000000100",
            "B_SIGNED": "00000000000000000000000000000000",
            "B_WIDTH": "00000000000000000000000000000100",
            "Y_WIDTH": "00000000000000000000000000000100"
          },
          "attributes": {
          },
          "port_directions": {
            "A": "input",
            "B": "input",
            "Y": "output"
          },
          "connections": {
            "A": [ 184, 185, 186, 187 ],
            "B": [ 3, 4, 5, 6 ],
            "Y": [ 208, 209, 210, 211 ]
          }
        },
        "$ge$designs/150/top.sv:17$26": {
          "hide_name": 1,
          "type": "$ge",
          "parameters": {
            "A_SIGNED": "00000000000000000000000000000000",
            "A_WIDTH": "00000000000000000000000000000001",
            "B_SIGNED": "00000000000000000000000000000000",
            "B_WIDTH": "00000000000000000000000000000101",
            "Y_WIDTH": "00000000000000000000000000000001"
          },
          "attributes": {
            "src": "designs/150/top.sv:17.43-17.251"
          },
          "port_directions": {
            "A": "input",
            "B": "input",
            "Y": "output"
          },
          "connections": {
            "A": [ 240 ],
            "B": [ 3, 4, 5, 6, 7 ],
            "Y": [ 237 ]
          }
        },
        "$ge$designs/150/top.sv:17$28": {
          "hide_name": 1,
          "type": "$ge",
          "parameters": {
            "A_SIGNED": "00000000000000000000000000000000",
            "A_WIDTH": "00000000000000000000000000000011",
            "B_SIGNED": "00000000000000000000000000000000",
            "B_WIDTH": "00000000000000000000000000000101",
            "Y_WIDTH": "00000000000000000000000000000001"
          },
          "attributes": {
            "src": "designs/150/top.sv:17.33-17.287"
          },
          "port_directions": {
            "A": "input",
            "B": "input",
            "Y": "output"
          },
          "connections": {
            "A": [ 238, "0", "0" ],
            "B": [ 4, 5, 6, 7, 8 ],
            "Y": [ 239 ]
          }
        },
        "$le$designs/150/top.sv:17$25": {
          "hide_name": 1,
          "type": "$le",
          "parameters": {
            "A_SIGNED": "00000000000000000000000000000000",
            "A_WIDTH": "00000000000000000000000000011010",
            "B_SIGNED": "00000000000000000000000000000000",
            "B_WIDTH": "00000000000000000000000000011010",
            "Y_WIDTH": "00000000000000000000000000000001"
          },
          "attributes": {
            "src": "designs/150/top.sv:17.54-17.230"
          },
          "port_directions": {
            "A": "input",
            "B": "input",
            "Y": "output"
          },
          "connections": {
            "A": [ 241, 242, 243, 244, 245, 246, 247, 248, 249, 250, 251, 252, 253, 254, 255, 256, 257, 258, 259, 260, 261, 262, 263, 264, 265, 266 ],
            "B": [ 47, 48, 49, 50, 64, 65, 66, 67, 67, 67, 67, 67, 67, 67, 67, 67, 67, 67, 67, 67, 67, 67, 67, 67, 67, 67 ],
            "Y": [ 240 ]
          }
        },
        "$lt$designs/150/top.sv:17$17": {
          "hide_name": 1,
          "type": "$lt",
          "parameters": {
            "A_SIGNED": "00000000000000000000000000000000",
            "A_WIDTH": "00000000000000000000000000000101",
            "B_SIGNED": "00000000000000000000000000000000",
            "B_WIDTH": "00000000000000000000000000011010",
            "Y_WIDTH": "00000000000000000000000000000001"
          },
          "attributes": {
            "src": "designs/150/top.sv:17.110-17.145"
          },
          "port_directions": {
            "A": "input",
            "B": "input",
            "Y": "output"
          },
          "connections": {
            "A": [ 5, 6, 7, 8, 9 ],
            "B": [ 47, 48, 49, 50, 64, 65, 66, 67, 67, 67, 67, 67, 67, 67, 67, 67, 67, 67, 67, 67, 67, 67, 67, 67, 67, 67 ],
            "Y": [ 267 ]
          }
        },
        "$mul$designs/150/top.sv:15$7": {
          "hide_name": 1,
          "type": "$mul",
          "parameters": {
            "A_SIGNED": "00000000000000000000000000000000",
            "A_WIDTH": "00000000000000000000000000001000",
            "B_SIGNED": "00000000000000000000000000000000",
            "B_WIDTH": "00000000000000000000000000001000",
            "Y_WIDTH": "00000000000000000000000000001000"
          },
          "attributes": {
            "src": "designs/150/top.sv:15.30-15.190"
          },
          "port_directions": {
            "A": "input",
            "B": "input",
            "Y": "output"
          },
          "connections": {
            "A": [ 268, 269, 270, 271, 272, 273, 274, 275 ],
            "B": [ 2, 3, 4, 5, 6, 7, 8, 9 ],
            "Y": [ 47, 48, 49, 50, 64, 65, 66, 67 ]
          }
        },
        "$mul$designs/150/top.sv:18$37": {
          "hide_name": 1,
          "type": "$mul",
          "parameters": {
            "A_SIGNED": "00000000000000000000000000000000",
            "A_WIDTH": "00000000000000000000000000011010",
            "B_SIGNED": "00000000000000000000000000000000",
            "B_WIDTH": "00000000000000000000000000000100",
            "Y_WIDTH": "00000000000000000000000000011010"
          },
          "attributes": {
            "src": "designs/150/top.sv:18.82-18.246"
          },
          "port_directions": {
            "A": "input",
            "B": "input",
            "Y": "output"
          },
          "connections": {
            "A": [ 276, 277, 278, 279, 280, 281, 282, 283, 284, 285, 286, 287, 288, 289, 290, 291, 292, 293, 294, 295, 296, 297, 298, 299, 300, 301 ],
            "B": [ 184, 185, 186, 187 ],
            "Y": [ 213, 302, 303, 304, 305, 306, 307, 308, 309, 310, 311, 312, 313, 314, 315, 316, 317, 318, 319, 320, 321, 322, 323, 324, 325, 326 ]
          }
        },
        "$mul$designs/150/top.sv:18$45": {
          "hide_name": 1,
          "type": "$mul",
          "parameters": {
            "A_SIGNED": "00000000000000000000000000000000",
            "A_WIDTH": "00000000000000000000000000011010",
            "B_SIGNED": "00000000000000000000000000000000",
            "B_WIDTH": "00000000000000000000000000011010",
            "Y_WIDTH": "00000000000000000000000000000111"
          },
          "attributes": {
            "src": "designs/150/top.sv:18.22-18.334"
          },
          "port_directions": {
            "A": "input",
            "B": "input",
            "Y": "output"
          },
          "connections": {
            "A": [ 188, 189, 190, 191, 151, 152, 153, 154, 155, 156, 157, 158, 159, 160, 161, 162, 163, 164, 165, 166, 167, 168, 169, 170, 171, 172 ],
            "B": [ 192, 193, 194, 195, 196, 197, 198, "1", "1", "1", "1", "1", "1", "1", "1", "1", "1", "1", "1", "1", "1", "1", "1", "1", "1", "1" ],
            "Y": [ 215, 200, 201, 327, 328, 329, 330 ]
          }
        },
        "$mul$designs/150/top.sv:21$52": {
          "hide_name": 1,
          "type": "$mul",
          "parameters": {
            "A_SIGNED": "00000000000000000000000000000000",
            "A_WIDTH": "00000000000000000000000000000100",
            "B_SIGNED": "00000000000000000000000000000000",
            "B_WIDTH": "00000000000000000000000000001110",
            "Y_WIDTH": "00000000000000000000000000001110"
          },
          "attributes": {
            "src": "designs/150/top.sv:21.22-21.75"
          },
          "port_directions": {
            "A": "input",
            "B": "input",
            "Y": "output"
          },
          "connections": {
            "A": [ 216, 200, 201, "1" ],
            "B": [ 23, 24, 25, 26, 27, 28, 29, 30, "1", "1", "1", "1", "1", "1" ],
            "Y": [ 331, 332, 333, 334, 335, 336, 337, 338, 339, 340, 341, 342, 343, 344 ]
          }
        },
        "$not$designs/150/top.sv:16$15": {
          "hide_name": 1,
          "type": "$not",
          "parameters": {
            "A_SIGNED": "00000000000000000000000000000000",
            "A_WIDTH": "00000000000000000000000000000100",
            "Y_WIDTH": "00000000000000000000000000000100"
          },
          "attributes": {
            "src": "designs/150/top.sv:16.226-16.233"
          },
          "port_directions": {
            "A": "input",
            "Y": "output"
          },
          "connections": {
            "A": [ 47, 48, 49, 50 ],
            "Y": [ 345, 346, 347, 348 ]
          }
        },
        "$not$designs/150/top.sv:24$65": {
          "hide_name": 1,
          "type": "$not",
          "parameters": {
            "A_SIGNED": "00000000000000000000000000000000",
            "A_WIDTH": "00000000000000000000000000000101",
            "Y_WIDTH": "00000000000000000000000000000101"
          },
          "attributes": {
            "src": "designs/150/top.sv:24.75-24.82"
          },
          "port_directions": {
            "A": "input",
            "Y": "output"
          },
          "connections": {
            "A": [ 215, 200, 201, 327, 328 ],
            "Y": [ 202, 203, 204, 349, 217 ]
          }
        },
        "$or$designs/150/top.sv:15$4": {
          "hide_name": 1,
          "type": "$or",
          "parameters": {
            "A_SIGNED": "00000000000000000000000000000000",
            "A_WIDTH": "00000000000000000000000000001000",
            "B_SIGNED": "00000000000000000000000000000000",
            "B_WIDTH": "00000000000000000000000000001000",
            "Y_WIDTH": "00000000000000000000000000001000"
          },
          "attributes": {
            "src": "designs/150/top.sv:15.59-15.144"
          },
          "port_directions": {
            "A": "input",
            "B": "input",
            "Y": "output"
          },
          "connections": {
            "A": [ 31, 32, 33, 34, 35, 36, 37, 38 ],
            "B": [ 2, 3, 4, 5, 6, 7, 8, 9 ],
            "Y": [ 350, 351, 352, 353, 354, 355, 356, 357 ]
          }
        },
        "$shl$designs/150/top.sv:15$6": {
          "hide_name": 1,
          "type": "$shl",
          "parameters": {
            "A_SIGNED": "00000000000000000000000000000001",
            "A_WIDTH": "00000000000000000000000000001000",
            "B_SIGNED": "00000000000000000000000000000000",
            "B_WIDTH": "00000000000000000000000000001000",
            "Y_WIDTH": "00000000000000000000000000001000"
          },
          "attributes": {
            "src": "designs/150/top.sv:15.39-15.175"
          },
          "port_directions": {
            "A": "input",
            "B": "input",
            "Y": "output"
          },
          "connections": {
            "A": [ 358, 359, 360, 361, 362, 363, 364, 365 ],
            "B": [ 2, 3, 4, 5, 6, 7, 8, 9 ],
            "Y": [ 268, 269, 270, 271, 272, 273, 274, 275 ]
          }
        },
        "$sub$designs/150/top.sv:15$5": {
          "hide_name": 1,
          "type": "$sub",
          "parameters": {
            "A_SIGNED": "00000000000000000000000000000000",
            "A_WIDTH": "00000000000000000000000000001000",
            "B_SIGNED": "00000000000000000000000000000000",
            "B_WIDTH": "00000000000000000000000000001000",
            "Y_WIDTH": "00000000000000000000000000001000"
          },
          "attributes": {
            "src": "designs/150/top.sv:15.48-15.159"
          },
          "port_directions": {
            "A": "input",
            "B": "input",
            "Y": "output"
          },
          "connections": {
            "A": [ 350, 351, 352, 353, 354, 355, 356, 357 ],
            "B": [ 2, 3, 4, 5, 6, 7, 8, 9 ],
            "Y": [ 358, 359, 360, 361, 362, 363, 364, 365 ]
          }
        },
        "$sub$designs/150/top.sv:16$12": {
          "hide_name": 1,
          "type": "$sub",
          "parameters": {
            "A_SIGNED": "00000000000000000000000000000000",
            "A_WIDTH": "00000000000000000000000000000100",
            "B_SIGNED": "00000000000000000000000000000000",
            "B_WIDTH": "00000000000000000000000000000100",
            "Y_WIDTH": "00000000000000000000000000000100"
          },
          "attributes": {
            "src": "designs/150/top.sv:16.51-16.191"
          },
          "port_directions": {
            "A": "input",
            "B": "input",
            "Y": "output"
          },
          "connections": {
            "A": [ 43, 44, 45, 46 ],
            "B": [ 5, 6, 7, 8 ],
            "Y": [ 366, 367, 368, 369 ]
          }
        },
        "$sub$designs/150/top.sv:16$13": {
          "hide_name": 1,
          "type": "$sub",
          "parameters": {
            "A_SIGNED": "00000000000000000000000000000000",
            "A_WIDTH": "00000000000000000000000000000100",
            "B_SIGNED": "00000000000000000000000000000000",
            "B_WIDTH": "00000000000000000000000000000100",
            "Y_WIDTH": "00000000000000000000000000000100"
          },
          "attributes": {
            "src": "designs/150/top.sv:16.40-16.211"
          },
          "port_directions": {
            "A": "input",
            "B": "input",
            "Y": "output"
          },
          "connections": {
            "A": [ 366, 367, 368, 369 ],
            "B": [ 4, 5, 6, 7 ],
            "Y": [ 370, 371, 372, 373 ]
          }
        },
        "$sub$designs/150/top.sv:16$16": {
          "hide_name": 1,
          "type": "$sub",
          "parameters": {
            "A_SIGNED": "00000000000000000000000000000000",
            "A_WIDTH": "00000000000000000000000000000100",
            "B_SIGNED": "00000000000000000000000000000000",
            "B_WIDTH": "00000000000000000000000000000100",
            "Y_WIDTH": "00000000000000000000000000000100"
          },
          "attributes": {
            "src": "designs/150/top.sv:16.22-16.234"
          },
          "port_directions": {
            "A": "input",
            "B": "input",
            "Y": "output"
          },
          "connections": {
            "A": [ 370, 371, 372, "0" ],
            "B": [ 345, 346, 347, 348 ],
            "Y": [ 184, 185, 186, 187 ]
          }
        },
        "$sub$designs/150/top.sv:17$18": {
          "hide_name": 1,
          "type": "$sub",
          "parameters": {
            "A_SIGNED": "00000000000000000000000000000001",
            "A_WIDTH": "00000000000000000000000000000010",
            "B_SIGNED": "00000000000000000000000000000001",
            "B_WIDTH": "00000000000000000000000000001000",
            "Y_WIDTH": "00000000000000000000000000001001"
          },
          "attributes": {
            "src": "designs/150/top.sv:17.101-17.162"
          },
          "port_directions": {
            "A": "input",
            "B": "input",
            "Y": "output"
          },
          "connections": {
            "A": [ 267, "0" ],
            "B": [ 47, 48, 49, 50, 64, 65, 66, 67 ],
            "Y": [ 55, 56, 57, 58, 59, 60, 61, 62, 63 ]
          }
        },
        "$sub$designs/150/top.sv:17$22": {
          "hide_name": 1,
          "type": "$sub",
          "parameters": {
            "A_SIGNED": "00000000000000000000000000000000",
            "A_WIDTH": "00000000000000000000000000011010",
            "B_SIGNED": "00000000000000000000000000000000",
            "B_WIDTH": "00000000000000000000000000011010",
            "Y_WIDTH": "00000000000000000000000000011010"
          },
          "attributes": {
            "src": "designs/150/top.sv:17.83-17.187"
          },
          "port_directions": {
            "A": "input",
            "B": "input",
            "Y": "output"
          },
          "connections": {
            "A": [ 68, 69, 70, 71, 72, 73, 74, 75, 76, 77, 78, 79, 80, 81, 82, 83, 84, 85, 86, 87, 88, 89, 89, 89, 89, 89 ],
            "B": [ 223, 224, 225, 226, "1", "1", "1", "1", "1", "1", "1", "1", "1", "1", "1", "1", "1", "1", "1", "1", "1", "1", "1", "1", "1", "1" ],
            "Y": [ 227, 228, 229, 230, 231, 374, 375, 376, 377, 378, 379, 380, 381, 382, 383, 384, 385, 386, 387, 388, 389, 390, 391, 392, 393, 394 ]
          }
        },
        "$sub$designs/150/top.sv:18$36": {
          "hide_name": 1,
          "type": "$sub",
          "parameters": {
            "A_SIGNED": "00000000000000000000000000000000",
            "A_WIDTH": "00000000000000000000000000011010",
            "B_SIGNED": "00000000000000000000000000000000",
            "B_WIDTH": "00000000000000000000000000000111",
            "Y_WIDTH": "00000000000000000000000000011010"
          },
          "attributes": {
            "src": "designs/150/top.sv:18.93-18.235"
          },
          "port_directions": {
            "A": "input",
            "B": "input",
            "Y": "output"
          },
          "connections": {
            "A": [ 94, 95, 96, 97, 98, 99, 100, 101, 102, 103, 104, 105, 106, 107, 108, 109, 110, 111, 112, 113, 114, 115, 116, 117, 118, 119 ],
            "B": [ 3, 4, 5, 6, 7, 8, 9 ],
            "Y": [ 276, 277, 278, 279, 280, 281, 282, 283, 284, 285, 286, 287, 288, 289, 290, 291, 292, 293, 294, 295, 296, 297, 298, 299, 300, 301 ]
          }
        },
        "$sub$designs/150/top.sv:18$39": {
          "hide_name": 1,
          "type": "$sub",
          "parameters": {
            "A_SIGNED": "00000000000000000000000000000000",
            "A_WIDTH": "00000000000000000000000000011010",
            "B_SIGNED": "00000000000000000000000000000000",
            "B_WIDTH": "00000000000000000000000000011010",
            "Y_WIDTH": "00000000000000000000000000011010"
          },
          "attributes": {
            "src": "designs/150/top.sv:18.62-18.273"
          },
          "port_directions": {
            "A": "input",
            "B": "input",
            "Y": "output"
          },
          "connections": {
            "A": [ 214, 302, 303, 304, 305, 306, 307, 308, 309, 310, 311, 312, 313, 314, 315, 316, 317, 318, 319, 320, 321, 322, 323, 324, 325, 326 ],
            "B": [ 47, 48, 49, 50, 64, 65, 66, 67, 67, 67, 67, 67, 67, 67, 67, 67, 67, 67, 67, 67, 67, 67, 67, 67, 67, 67 ],
            "Y": [ 180, 181, 182, 183, 124, 125, 126, 127, 128, 129, 130, 131, 132, 133, 134, 135, 136, 137, 138, 139, 140, 141, 142, 143, 144, 145 ]
          }
        },
        "$sub$designs/150/top.sv:24$68": {
          "hide_name": 1,
          "type": "$sub",
          "parameters": {
            "A_SIGNED": "00000000000000000000000000000000",
            "A_WIDTH": "00000000000000000000000000000101",
            "B_SIGNED": "00000000000000000000000000000000",
            "B_WIDTH": "00000000000000000000000000000101",
            "Y_WIDTH": "00000000000000000000000000000101"
          },
          "attributes": {
            "src": "designs/150/top.sv:24.36-24.105"
          },
          "port_directions": {
            "A": "input",
            "B": "input",
            "Y": "output"
          },
          "connections": {
            "A": [ 218, 219, 220, "1", 221 ],
            "B": [ 331, 332, 333, 334, 335 ],
            "Y": [ 395, 396, 397, 398, 399 ]
          }
        },
        "$sub$designs/150/top.sv:24$69": {
          "hide_name": 1,
          "type": "$sub",
          "parameters": {
            "A_SIGNED": "00000000000000000000000000000000",
            "A_WIDTH": "00000000000000000000000000000101",
            "B_SIGNED": "00000000000000000000000000000000",
            "B_WIDTH": "00000000000000000000000000000101",
            "Y_WIDTH": "00000000000000000000000000000101"
          },
          "attributes": {
            "src": "designs/150/top.sv:24.27-24.116"
          },
          "port_directions": {
            "A": "input",
            "B": "input",
            "Y": "output"
          },
          "connections": {
            "A": [ 395, 396, 397, 398, 399 ],
            "B": [ 47, 48, 49, 50, 64 ],
            "Y": [ 10, 11, 12, 13, 14 ]
          }
        },
        "$xor$designs/150/top.sv:16$10": {
          "hide_name": 1,
          "type": "$xor",
          "parameters": {
            "A_SIGNED": "00000000000000000000000000000000",
            "A_WIDTH": "00000000000000000000000000000100",
            "B_SIGNED": "00000000000000000000000000000000",
            "B_WIDTH": "00000000000000000000000000000100",
            "Y_WIDTH": "00000000000000000000000000000100"
          },
          "attributes": {
            "src": "designs/150/top.sv:16.69-16.151"
          },
          "port_directions": {
            "A": "input",
            "B": "input",
            "Y": "output"
          },
          "connections": {
            "A": [ 173, 174, 175, 176 ],
            "B": [ 5, 6, 7, 8 ],
            "Y": [ 39, 40, 41, 42 ]
          }
        },
        "$xor$designs/150/top.sv:17$24": {
          "hide_name": 1,
          "type": "$xor",
          "parameters": {
            "A_SIGNED": "00000000000000000000000000000000",
            "A_WIDTH": "00000000000000000000000000011010",
            "B_SIGNED": "00000000000000000000000000000000",
            "B_WIDTH": "00000000000000000000000000011010",
            "Y_WIDTH": "00000000000000000000000000011010"
          },
          "attributes": {
            "src": "designs/150/top.sv:17.65-17.218"
          },
          "port_directions": {
            "A": "input",
            "B": "input",
            "Y": "output"
          },
          "connections": {
            "A": [ 232, 233, 234, 235, 236, 374, 375, 376, 377, 378, 379, 380, 381, 382, 383, 384, 385, 386, 387, 388, 389, 390, 391, 392, 393, 394 ],
            "B": [ 47, 48, 49, 50, 64, 65, 66, 67, 67, 67, 67, 67, 67, 67, 67, 67, 67, 67, 67, 67, 67, 67, 67, 67, 67, 67 ],
            "Y": [ 241, 242, 243, 244, 245, 246, 247, 248, 249, 250, 251, 252, 253, 254, 255, 256, 257, 258, 259, 260, 261, 262, 263, 264, 265, 266 ]
          }
        }
      },
      "netnames": {
        "$add$designs/150/top.sv:15$3_Y": {
          "hide_name": 1,
          "bits": [ 31, 32, 33, 34, 35, 36, 37, 38 ],
          "attributes": {
            "src": "designs/150/top.sv:15.70-15.129"
          }
        },
        "$add$designs/150/top.sv:16$11_Y": {
          "hide_name": 1,
          "bits": [ 43, 44, 45, 46, 400, 401, 402, 403, 404, 405, 406, 407, 408, 409, 410, 411, 412, 413, 414, 415, 416, 417, 418, 419, 420, 421 ],
          "attributes": {
            "src": "designs/150/top.sv:16.60-16.171",
            "unused_bits": "4 5 6 7 8 9 10 11 12 13 14 15 16 17 18 19 20 21 22 23 24 25"
          }
        },
        "$add$designs/150/top.sv:16$8_Y": {
          "hide_name": 1,
          "bits": [ 51, 52, 53, 54, 422, 423, 424, 425, 426, 427, 428, 429, 430, 431, 432, 433, 434, 435, 436, 437, 438, 439, 440, 441, 442, 443 ],
          "attributes": {
            "src": "designs/150/top.sv:16.87-16.120",
            "unused_bits": "4 5 6 7 8 9 10 11 12 13 14 15 16 17 18 19 20 21 22 23 24 25"
          }
        },
        "$add$designs/150/top.sv:17$19_Y": {
          "hide_name": 1,
          "bits": [ 68, 69, 70, 71, 72, 73, 74, 75, 76, 77, 78, 79, 80, 81, 82, 83, 84, 85, 86, 87, 88, 89, 89, 89, 89, 89 ],
          "attributes": {
            "src": "designs/150/top.sv:17.92-17.173"
          }
        },
        "$add$designs/150/top.sv:18$35_Y": {
          "hide_name": 1,
          "bits": [ 94, 95, 96, 97, 98, 99, 100, 101, 102, 103, 104, 105, 106, 107, 108, 109, 110, 111, 112, 113, 114, 115, 116, 117, 118, 119 ],
          "attributes": {
            "src": "designs/150/top.sv:18.104-18.215"
          }
        },
        "$add$designs/150/top.sv:18$41_Y": {
          "hide_name": 1,
          "bits": [ 147, 148, 149, 150, 151, 152, 153, 154, 155, 156, 157, 158, 159, 160, 161, 162, 163, 164, 165, 166, 167, 168, 169, 170, 171, 172 ],
          "attributes": {
            "src": "designs/150/top.sv:18.42-18.300"
          }
        },
        "$and$designs/150/top.sv:15$1_Y": {
          "hide_name": 1,
          "bits": [ 15, 16, 17, 18, 19, 20, 21, 22 ],
          "attributes": {
            "src": "designs/150/top.sv:15.79-15.111"
          }
        },
        "$and$designs/150/top.sv:16$14_Y": {
          "hide_name": 1,
          "bits": [ 370, 371, 372, "0", 444, 445, 446, 447, 448, 449, 450, 451, 452, 453, 454, 455, 456, 457, 458, 459, 460, 461, 462, 463, 464, 465 ],
          "attributes": {
            "src": "designs/150/top.sv:16.31-16.220",
            "unused_bits": "4 5 6 7 8 9 10 11 12 13 14 15 16 17 18 19 20 21 22 23 24 25"
          }
        },
        "$and$designs/150/top.sv:16$9_Y": {
          "hide_name": 1,
          "bits": [ 173, 174, 175, 176, 466, 467, 468, 469, 470, 471, 472, 473, 474, 475, 476, 477, 478, 479, 480, 481, 482, 483, 484, 485, 486, 487 ],
          "attributes": {
            "src": "designs/150/top.sv:16.78-16.131",
            "unused_bits": "4 5 6 7 8 9 10 11 12 13 14 15 16 17 18 19 20 21 22 23 24 25"
          }
        },
        "$and$designs/150/top.sv:17$27_Y": {
          "hide_name": 1,
          "bits": [ 238, "0", "0", "0", "0" ],
          "attributes": {
            "src": "designs/150/top.sv:17.34-17.267"
          }
        },
        "$and$designs/150/top.sv:18$30_Y": {
          "hide_name": 1,
          "bits": [ 208, 209, 210, 211, "0", "0", "0" ],
          "attributes": {
            "src": "designs/150/top.sv:18.135-18.170"
          }
        },
        "$and$designs/150/top.sv:18$31_Y": {
          "hide_name": 1,
          "bits": [ 212, 177, 178, 179, "0", "0", "0", "0", "0", "0", "0", "0", "0", "0", "0", "0", "0", "0", "0", "0", "0", "0", "0", "0", "0", "0" ],
          "attributes": {
            "src": "designs/150/top.sv:18.126-18.181"
          }
        },
        "$auto$opt_expr.cc:205:group_cell_inputs$102": {
          "hide_name": 1,
          "bits": [ 214, 302, 303 ],
          "attributes": {
          }
        },
        "$auto$opt_expr.cc:205:group_cell_inputs$104": {
          "hide_name": 1,
          "bits": [ 304, 305, 306, 307, 308, 309, 310, 311, 312, 313, 314, 315, 316, 317, 318, 319, 320, 321, 322, 323, 324, 325, 326 ],
          "attributes": {
          }
        },
        "$auto$opt_expr.cc:205:group_cell_inputs$105": {
          "hide_name": 1,
          "bits": [ 120, 121, 122, 123 ],
          "attributes": {
          }
        },
        "$auto$opt_expr.cc:205:group_cell_inputs$107": {
          "hide_name": 1,
          "bits": [ 124, 125, 126, 127, 128, 129, 130, 131, 132, 133, 134, 135, 136, 137, 138, 139, 140, 141, 142, 143, 144, 145 ],
          "attributes": {
          }
        },
        "$auto$opt_expr.cc:205:group_cell_inputs$108": {
          "hide_name": 1,
          "bits": [ 188, 189, 190, 191 ],
          "attributes": {
          }
        },
        "$auto$opt_expr.cc:205:group_cell_inputs$111": {
          "hide_name": 1,
          "bits": [ 192, 193, 194, 195, 196, 197, 198 ],
          "attributes": {
          }
        },
        "$auto$opt_expr.cc:205:group_cell_inputs$115": {
          "hide_name": 1,
          "bits": [ 216, 200, 201 ],
          "attributes": {
          }
        },
        "$auto$opt_expr.cc:205:group_cell_inputs$119": {
          "hide_name": 1,
          "bits": [ 23, 24, 25, 26, 27, 28, 29, 30 ],
          "attributes": {
          }
        },
        "$auto$opt_expr.cc:205:group_cell_inputs$139": {
          "hide_name": 1,
          "bits": [ 205, 206, 207 ],
          "attributes": {
          }
        },
        "$auto$opt_expr.cc:205:group_cell_inputs$141": {
          "hide_name": 1,
          "bits": [ 217 ],
          "attributes": {
          }
        },
        "$auto$opt_expr.cc:205:group_cell_inputs$152": {
          "hide_name": 1,
          "bits": [ 90, 91, 92, 93 ],
          "attributes": {
          }
        },
        "$auto$opt_expr.cc:205:group_cell_inputs$204": {
          "hide_name": 1,
          "bits": [ 218, 219, 220, 221 ],
          "attributes": {
          }
        },
        "$auto$opt_expr.cc:205:group_cell_inputs$208": {
          "hide_name": 1,
          "bits": [ 222 ],
          "attributes": {
          }
        },
        "$auto$opt_expr.cc:205:group_cell_inputs$75": {
          "hide_name": 1,
          "bits": [ 223, 224, 225, 226 ],
          "attributes": {
          }
        },
        "$auto$opt_expr.cc:205:group_cell_inputs$79": {
          "hide_name": 1,
          "bits": [ 232, 233, 234, 235, 236 ],
          "attributes": {
          }
        },
        "$auto$opt_expr.cc:205:group_cell_inputs$81": {
          "hide_name": 1,
          "bits": [ 374, 375, 376, 377, 378, 379, 380, 381, 382, 383, 384, 385, 386, 387, 388, 389, 390, 391, 392, 393, 394 ],
          "attributes": {
          }
        },
        "$auto$wreduce.cc:514:run$70": {
          "hide_name": 1,
          "bits": [ 395, 396, 397, 398, 399, 488, 489, 490, 491, 492, 493, 494, 495, 496, 497, 498, 499, 500, 501, 502, 503, 504, 505, 506, 507, 508 ],
          "attributes": {
            "src": "designs/150/top.sv:24.36-24.105",
            "unused_bits": "5 6 7 8 9 10 11 12 13 14 15 16 17 18 19 20 21 22 23 24 25"
          }
        },
        "$ge$designs/150/top.sv:17$26_Y": {
          "hide_name": 1,
          "bits": [ 237 ],
          "attributes": {
            "src": "designs/150/top.sv:17.43-17.251"
          }
        },
        "$ge$designs/150/top.sv:17$28_Y": {
          "hide_name": 1,
          "bits": [ 239 ],
          "attributes": {
            "src": "designs/150/top.sv:17.33-17.287"
          }
        },
        "$le$designs/150/top.sv:17$25_Y": {
          "hide_name": 1,
          "bits": [ 240 ],
          "attributes": {
            "src": "designs/150/top.sv:17.54-17.230"
          }
        },
        "$lt$designs/150/top.sv:17$17_Y": {
          "hide_name": 1,
          "bits": [ 267 ],
          "attributes": {
            "src": "designs/150/top.sv:17.110-17.145"
          }
        },
        "$mul$designs/150/top.sv:18$37_Y": {
          "hide_name": 1,
          "bits": [ 213, 302, 303, 304, 305, 306, 307, 308, 309, 310, 311, 312, 313, 314, 315, 316, 317, 318, 319, 320, 321, 322, 323, 324, 325, 326 ],
          "attributes": {
            "src": "designs/150/top.sv:18.82-18.246"
          }
        },
        "$not$designs/150/top.sv:16$15_Y": {
          "hide_name": 1,
          "bits": [ 345, 346, 347, 348, 509, 510, 511, 512, 513, 514, 515, 516, 517, 518, 519, 520, 521, 522, 523, 524, 525, 526, 527, 528, 529, 530 ],
          "attributes": {
            "src": "designs/150/top.sv:16.226-16.233",
            "unused_bits": "4 5 6 7 8 9 10 11 12 13 14 15 16 17 18 19 20 21 22 23 24 25"
          }
        },
        "$not$designs/150/top.sv:24$65_Y": {
          "hide_name": 1,
          "bits": [ 202, 203, 204, 349, 217, 531, 532 ],
          "attributes": {
            "src": "designs/150/top.sv:24.75-24.82",
            "unused_bits": "3 5 6"
          }
        },
        "$or$designs/150/top.sv:15$4_Y": {
          "hide_name": 1,
          "bits": [ 350, 351, 352, 353, 354, 355, 356, 357 ],
          "attributes": {
            "src": "designs/150/top.sv:15.59-15.144"
          }
        },
        "$shl$designs/150/top.sv:15$6_Y": {
          "hide_name": 1,
          "bits": [ 268, 269, 270, 271, 272, 273, 274, 275 ],
          "signed": 1,
          "attributes": {
            "src": "designs/150/top.sv:15.39-15.175"
          }
        },
        "$sub$designs/150/top.sv:15$5_Y": {
          "hide_name": 1,
          "bits": [ 358, 359, 360, 361, 362, 363, 364, 365 ],
          "attributes": {
            "src": "designs/150/top.sv:15.48-15.159"
          }
        },
        "$sub$designs/150/top.sv:16$12_Y": {
          "hide_name": 1,
          "bits": [ 366, 367, 368, 369, 533, 534, 535, 536, 537, 538, 539, 540, 541, 542, 543, 544, 545, 546, 547, 548, 549, 550, 551, 552, 553, 554 ],
          "attributes": {
            "src": "designs/150/top.sv:16.51-16.191",
            "unused_bits": "4 5 6 7 8 9 10 11 12 13 14 15 16 17 18 19 20 21 22 23 24 25"
          }
        },
        "$sub$designs/150/top.sv:16$13_Y": {
          "hide_name": 1,
          "bits": [ 370, 371, 372, 373, 555, 556, 557, 558, 559, 560, 561, 562, 563, 564, 565, 566, 567, 568, 569, 570, 571, 572, 573, 574, 575, 576 ],
          "attributes": {
            "src": "designs/150/top.sv:16.40-16.211",
            "unused_bits": "3 4 5 6 7 8 9 10 11 12 13 14 15 16 17 18 19 20 21 22 23 24 25"
          }
        },
        "$sub$designs/150/top.sv:17$18_Y": {
          "hide_name": 1,
          "bits": [ 55, 56, 57, 58, 59, 60, 61, 62, 63, 63, 63, 63, 63, 63, 63, 63, 63, 63, 63, 63 ],
          "attributes": {
            "src": "designs/150/top.sv:17.101-17.162"
          }
        },
        "$sub$designs/150/top.sv:17$22_Y": {
          "hide_name": 1,
          "bits": [ 227, 228, 229, 230, 231, 374, 375, 376, 377, 378, 379, 380, 381, 382, 383, 384, 385, 386, 387, 388, 389, 390, 391, 392, 393, 394 ],
          "attributes": {
            "src": "designs/150/top.sv:17.83-17.187"
          }
        },
        "$sub$designs/150/top.sv:18$36_Y": {
          "hide_name": 1,
          "bits": [ 276, 277, 278, 279, 280, 281, 282, 283, 284, 285, 286, 287, 288, 289, 290, 291, 292, 293, 294, 295, 296, 297, 298, 299, 300, 301 ],
          "attributes": {
            "src": "designs/150/top.sv:18.93-18.235"
          }
        },
        "$sub$designs/150/top.sv:18$39_Y": {
          "hide_name": 1,
          "bits": [ 180, 181, 182, 183, 124, 125, 126, 127, 128, 129, 130, 131, 132, 133, 134, 135, 136, 137, 138, 139, 140, 141, 142, 143, 144, 145 ],
          "attributes": {
            "src": "designs/150/top.sv:18.62-18.273"
          }
        },
        "$xor$designs/150/top.sv:16$10_Y": {
          "hide_name": 1,
          "bits": [ 39, 40, 41, 42, 577, 578, 579, 580, 581, 582, 583, 584, 585, 586, 587, 588, 589, 590, 591, 592, 593, 594, 595, 596, 597, 598 ],
          "attributes": {
            "src": "designs/150/top.sv:16.69-16.151",
            "unused_bits": "4 5 6 7 8 9 10 11 12 13 14 15 16 17 18 19 20 21 22 23 24 25"
          }
        },
        "$xor$designs/150/top.sv:17$24_Y": {
          "hide_name": 1,
          "bits": [ 241, 242, 243, 244, 245, 246, 247, 248, 249, 250, 251, 252, 253, 254, 255, 256, 257, 258, 259, 260, 261, 262, 263, 264, 265, 266 ],
          "attributes": {
            "src": "designs/150/top.sv:17.65-17.218"
          }
        },
        "input_data": {
          "hide_name": 0,
          "bits": [ 2, 3, 4, 5, 6, 7, 8, 9 ],
          "attributes": {
            "src": "designs/150/top.sv:2.17-2.27"
          }
        },
        "output_data": {
          "hide_name": 0,
          "bits": [ 10, 11, 12, 13, 14 ],
          "attributes": {
            "src": "designs/150/top.sv:3.18-3.29"
          }
        },
        "temp_0": {
          "hide_name": 0,
          "bits": [ 47, 48, 49, 50, 64, 65, 66, 67, 67, 67, 67, 67, 67, 67, 67, 67, 67, 67, 67, 67, 67, 67, 67, 67, 67, 67 ],
          "attributes": {
            "src": "designs/150/top.sv:6.18-6.24"
          }
        },
        "temp_1": {
          "hide_name": 0,
          "bits": [ 184, 185, 186, 187 ],
          "attributes": {
            "src": "designs/150/top.sv:7.17-7.23"
          }
        },
        "temp_2": {
          "hide_name": 0,
          "bits": [ 146, "0", "0", "0", "0" ],
          "attributes": {
            "src": "designs/150/top.sv:8.17-8.23"
          }
        },
        "temp_3": {
          "hide_name": 0,
          "bits": [ 215, 200, 201, 327, 328, 329, 330 ],
          "attributes": {
            "src": "designs/150/top.sv:9.17-9.23",
            "unused_bits": "5 6"
          }
        },
        "temp_5": {
          "hide_name": 0,
          "bits": [ 199, 200, 201, "1" ],
          "attributes": {
            "src": "designs/150/top.sv:11.17-11.23"
          }
        },
        "temp_6": {
          "hide_name": 0,
          "bits": [ 331, 332, 333, 334, 335, 336, 337, 338, 339, 340, 341, 342, 343, 344 ],
          "attributes": {
            "src": "designs/150/top.sv:12.18-12.24",
            "unused_bits": "5 6 7 8 9 10 11 12 13"
          }
        }
      }
    }
  }
}
