{
  "creator": "Yosys 0.60 (git sha1 5bafeb77dc71e054fa331ab9efa613e6fb0a1c49, clang++ 17.0.0 -fPIC -O3)",
  "modules": {
    "top": {
      "attributes": {
        "top": "00000000000000000000000000000001",
        "src": "designs/236/top.sv:1.1-26.10"
      },
      "ports": {
        "input_data": {
          "direction": "input",
          "bits": [ 2, 3, 4, 5 ]
        },
        "output_data": {
          "direction": "output",
          "bits": [ 6, 7, 8, 9, 10, 11, "1", "1", "1", "1", "1", "1" ]
        }
      },
      "cells": {
        "$add$designs/236/top.sv:13$5": {
          "hide_name": 1,
          "type": "$add",
          "parameters": {
            "A_SIGNED": "00000000000000000000000000000000",
            "A_WIDTH": "00000000000000000000000000000100",
            "B_SIGNED": "00000000000000000000000000000000",
            "B_WIDTH": "00000000000000000000000000000100",
            "Y_WIDTH": "00000000000000000000000000000100"
          },
          "attributes": {
            "src": "designs/236/top.sv:13.36-13.118"
          },
          "port_directions": {
            "A": "input",
            "B": "input",
            "Y": "output"
          },
          "connections": {
            "A": [ 12, 13, 14, 15 ],
            "B": [ 16, 17, 18, 19 ],
            "Y": [ 20, 21, 22, 23 ]
          }
        },
        "$add$designs/236/top.sv:13$6": {
          "hide_name": 1,
          "type": "$add",
          "parameters": {
            "A_SIGNED": "00000000000000000000000000000000",
            "A_WIDTH": "00000000000000000000000000000100",
            "B_SIGNED": "00000000000000000000000000000000",
            "B_WIDTH": "00000000000000000000000000000100",
            "Y_WIDTH": "00000000000000000000000000000100"
          },
          "attributes": {
            "src": "designs/236/top.sv:13.35-13.132"
          },
          "port_directions": {
            "A": "input",
            "B": "input",
            "Y": "output"
          },
          "connections": {
            "A": [ 20, 21, 22, 23 ],
            "B": [ 2, 3, 4, 5 ],
            "Y": [ 24, 25, 26, 27 ]
          }
        },
        "$add$designs/236/top.sv:13$8": {
          "hide_name": 1,
          "type": "$add",
          "parameters": {
            "A_SIGNED": "00000000000000000000000000000000",
            "A_WIDTH": "00000000000000000000000000000100",
            "B_SIGNED": "00000000000000000000000000000000",
            "B_WIDTH": "00000000000000000000000000000100",
            "Y_WIDTH": "00000000000000000000000000000101"
          },
          "attributes": {
            "src": "designs/236/top.sv:13.23-13.161"
          },
          "port_directions": {
            "A": "input",
            "B": "input",
            "Y": "output"
          },
          "connections": {
            "A": [ 28, 29, 30, 31 ],
            "B": [ 2, 3, 4, 5 ],
            "Y": [ 32, 33, 34, 35, 36 ]
          }
        },
        "$add$designs/236/top.sv:19$34": {
          "hide_name": 1,
          "type": "$add",
          "parameters": {
            "A_SIGNED": "00000000000000000000000000000000",
            "A_WIDTH": "00000000000000000000000000000011",
            "B_SIGNED": "00000000000000000000000000000000",
            "B_WIDTH": "00000000000000000000000000000011",
            "Y_WIDTH": "00000000000000000000000000000011"
          },
          "attributes": {
            "src": "designs/236/top.sv:19.50-19.180"
          },
          "port_directions": {
            "A": "input",
            "B": "input",
            "Y": "output"
          },
          "connections": {
            "A": [ 37, 38, 39 ],
            "B": [ 40, 41, 42 ],
            "Y": [ 43, 44, 45 ]
          }
        },
        "$add$designs/236/top.sv:19$36": {
          "hide_name": 1,
          "type": "$add",
          "parameters": {
            "A_SIGNED": "00000000000000000000000000000000",
            "A_WIDTH": "00000000000000000000000000000011",
            "B_SIGNED": "00000000000000000000000000000000",
            "B_WIDTH": "00000000000000000000000000000011",
            "Y_WIDTH": "00000000000000000000000000000011"
          },
          "attributes": {
            "src": "designs/236/top.sv:19.28-19.211"
          },
          "port_directions": {
            "A": "input",
            "B": "input",
            "Y": "output"
          },
          "connections": {
            "A": [ 46, 47, 48 ],
            "B": [ 3, 4, 5 ],
            "Y": [ 49, 50, 51 ]
          }
        },
        "$add$designs/236/top.sv:19$39": {
          "hide_name": 1,
          "type": "$add",
          "parameters": {
            "A_SIGNED": "00000000000000000000000000000000",
            "A_WIDTH": "00000000000000000000000000000011",
            "B_SIGNED": "00000000000000000000000000000000",
            "B_WIDTH": "00000000000000000000000000000011",
            "Y_WIDTH": "00000000000000000000000000000011"
          },
          "attributes": {
            "src": "designs/236/top.sv:19.27-19.224"
          },
          "port_directions": {
            "A": "input",
            "B": "input",
            "Y": "output"
          },
          "connections": {
            "A": [ 49, 50, 51 ],
            "B": [ 52, 53, 54 ],
            "Y": [ 55, 56, 57 ]
          }
        },
        "$add$designs/236/top.sv:21$40": {
          "hide_name": 1,
          "type": "$add",
          "parameters": {
            "A_SIGNED": "00000000000000000000000000000000",
            "A_WIDTH": "00000000000000000000000000000011",
            "B_SIGNED": "00000000000000000000000000000000",
            "B_WIDTH": "00000000000000000000000000000100",
            "Y_WIDTH": "00000000000000000000000000000101"
          },
          "attributes": {
            "src": "designs/236/top.sv:21.22-21.40"
          },
          "port_directions": {
            "A": "input",
            "B": "input",
            "Y": "output"
          },
          "connections": {
            "A": [ 3, 4, 5 ],
            "B": [ "1", "1", "0", "1" ],
            "Y": [ 58, 59, 60, 61, 62 ]
          }
        },
        "$add$designs/236/top.sv:22$46": {
          "hide_name": 1,
          "type": "$add",
          "parameters": {
            "A_SIGNED": "00000000000000000000000000000000",
            "A_WIDTH": "00000000000000000000000000001001",
            "B_SIGNED": "00000000000000000000000000000000",
            "B_WIDTH": "00000000000000000000000000000101",
            "Y_WIDTH": "00000000000000000000000000001001"
          },
          "attributes": {
            "src": "designs/236/top.sv:22.33-22.129"
          },
          "port_directions": {
            "A": "input",
            "B": "input",
            "Y": "output"
          },
          "connections": {
            "A": [ 63, 64, 65, 66, 67, 68, 69, 70, 71 ],
            "B": [ 72, 73, 74, 75, 36 ],
            "Y": [ 76, 77, 78, 79, 80, 81, 82, 83, 84 ]
          }
        },
        "$and$designs/236/top.sv:13$1": {
          "hide_name": 1,
          "type": "$and",
          "parameters": {
            "A_SIGNED": "00000000000000000000000000000000",
            "A_WIDTH": "00000000000000000000000000000100",
            "B_SIGNED": "00000000000000000000000000000000",
            "B_WIDTH": "00000000000000000000000000000100",
            "Y_WIDTH": "00000000000000000000000000000100"
          },
          "attributes": {
            "src": "designs/236/top.sv:13.49-13.72"
          },
          "port_directions": {
            "A": "input",
            "B": "input",
            "Y": "output"
          },
          "connections": {
            "A": [ 2, 3, 4, 5 ],
            "B": [ 2, 3, 4, 5 ],
            "Y": [ 85, 86, 87, 88 ]
          }
        },
        "$and$designs/236/top.sv:13$2": {
          "hide_name": 1,
          "type": "$and",
          "parameters": {
            "A_SIGNED": "00000000000000000000000000000000",
            "A_WIDTH": "00000000000000000000000000000100",
            "B_SIGNED": "00000000000000000000000000000000",
            "B_WIDTH": "00000000000000000000000000000100",
            "Y_WIDTH": "00000000000000000000000000000100"
          },
          "attributes": {
            "src": "designs/236/top.sv:13.48-13.86"
          },
          "port_directions": {
            "A": "input",
            "B": "input",
            "Y": "output"
          },
          "connections": {
            "A": [ 85, 86, 87, 88 ],
            "B": [ 2, 3, 4, 5 ],
            "Y": [ 89, 90, 91, 92 ]
          }
        },
        "$and$designs/236/top.sv:13$3": {
          "hide_name": 1,
          "type": "$and",
          "parameters": {
            "A_SIGNED": "00000000000000000000000000000000",
            "A_WIDTH": "00000000000000000000000000000100",
            "B_SIGNED": "00000000000000000000000000000000",
            "B_WIDTH": "00000000000000000000000000000100",
            "Y_WIDTH": "00000000000000000000000000000100"
          },
          "attributes": {
            "src": "designs/236/top.sv:13.47-13.100"
          },
          "port_directions": {
            "A": "input",
            "B": "input",
            "Y": "output"
          },
          "connections": {
            "A": [ 89, 90, 91, 92 ],
            "B": [ 2, 3, 4, 5 ],
            "Y": [ 12, 13, 14, 15 ]
          }
        },
        "$and$designs/236/top.sv:19$33": {
          "hide_name": 1,
          "type": "$and",
          "parameters": {
            "A_SIGNED": "00000000000000000000000000000000",
            "A_WIDTH": "00000000000000000000000000000011",
            "B_SIGNED": "00000000000000000000000000000000",
            "B_WIDTH": "00000000000000000000000000000011",
            "Y_WIDTH": "00000000000000000000000000000011"
          },
          "attributes": {
            "src": "designs/236/top.sv:19.61-19.169"
          },
          "port_directions": {
            "A": "input",
            "B": "input",
            "Y": "output"
          },
          "connections": {
            "A": [ 93, 94, 95 ],
            "B": [ 2, 3, 4 ],
            "Y": [ 37, 38, 39 ]
          }
        },
        "$auto$opt_expr.cc:276:group_cell_inputs$101": {
          "hide_name": 1,
          "type": "$and",
          "parameters": {
            "A_SIGNED": "00000000000000000000000000000000",
            "A_WIDTH": "00000000000000000000000000000110",
            "B_SIGNED": "00000000000000000000000000000000",
            "B_WIDTH": "00000000000000000000000000000110",
            "Y_WIDTH": "00000000000000000000000000000110"
          },
          "attributes": {
          },
          "port_directions": {
            "A": "input",
            "B": "input",
            "Y": "output"
          },
          "connections": {
            "A": [ 76, 77, 78, 79, 80, 81 ],
            "B": [ 2, 58, 59, 60, 61, 62 ],
            "Y": [ 96, 97, 98, 99, 100, 101 ]
          }
        },
        "$auto$opt_expr.cc:276:group_cell_inputs$105": {
          "hide_name": 1,
          "type": "$or",
          "parameters": {
            "A_SIGNED": "00000000000000000000000000000000",
            "A_WIDTH": "00000000000000000000000000000101",
            "B_SIGNED": "00000000000000000000000000000000",
            "B_WIDTH": "00000000000000000000000000000101",
            "Y_WIDTH": "00000000000000000000000000000101"
          },
          "attributes": {
          },
          "port_directions": {
            "A": "input",
            "B": "input",
            "Y": "output"
          },
          "connections": {
            "A": [ 72, 73, 74, 75, 36 ],
            "B": [ 96, 97, 98, 99, 100 ],
            "Y": [ 102, 103, 104, 105, 106 ]
          }
        },
        "$auto$opt_expr.cc:276:group_cell_inputs$115": {
          "hide_name": 1,
          "type": "$and",
          "parameters": {
            "A_SIGNED": "00000000000000000000000000000000",
            "A_WIDTH": "00000000000000000000000000000110",
            "B_SIGNED": "00000000000000000000000000000000",
            "B_WIDTH": "00000000000000000000000000000110",
            "Y_WIDTH": "00000000000000000000000000000110"
          },
          "attributes": {
          },
          "port_directions": {
            "A": "input",
            "B": "input",
            "Y": "output"
          },
          "connections": {
            "A": [ 107, 108, 109, 110, 111, 112 ],
            "B": [ 2, 58, 59, 60, 61, 62 ],
            "Y": [ 113, 114, 115, 116, 117, 118 ]
          }
        },
        "$auto$opt_expr.cc:276:group_cell_inputs$122": {
          "hide_name": 1,
          "type": "$not",
          "parameters": {
            "A_SIGNED": "00000000000000000000000000000000",
            "A_WIDTH": "00000000000000000000000000000110",
            "Y_WIDTH": "00000000000000000000000000000110"
          },
          "attributes": {
          },
          "port_directions": {
            "A": "input",
            "Y": "output"
          },
          "connections": {
            "A": [ 2, 58, 59, 60, 61, 62 ],
            "Y": [ 119, 120, 121, 122, 123, 124 ]
          }
        },
        "$auto$opt_expr.cc:276:group_cell_inputs$126": {
          "hide_name": 1,
          "type": "$and",
          "parameters": {
            "A_SIGNED": "00000000000000000000000000000000",
            "A_WIDTH": "00000000000000000000000000000110",
            "B_SIGNED": "00000000000000000000000000000000",
            "B_WIDTH": "00000000000000000000000000000110",
            "Y_WIDTH": "00000000000000000000000000000110"
          },
          "attributes": {
          },
          "port_directions": {
            "A": "input",
            "B": "input",
            "Y": "output"
          },
          "connections": {
            "A": [ 102, 103, 104, 105, 106, 101 ],
            "B": [ 125, 126, 127, 128, 129, 130 ],
            "Y": [ 131, 132, 133, 134, 135, 136 ]
          }
        },
        "$auto$opt_expr.cc:276:group_cell_inputs$130": {
          "hide_name": 1,
          "type": "$xor",
          "parameters": {
            "A_SIGNED": "00000000000000000000000000000000",
            "A_WIDTH": "00000000000000000000000000000010",
            "B_SIGNED": "00000000000000000000000000000000",
            "B_WIDTH": "00000000000000000000000000000010",
            "Y_WIDTH": "00000000000000000000000000000010"
          },
          "attributes": {
          },
          "port_directions": {
            "A": "input",
            "B": "input",
            "Y": "output"
          },
          "connections": {
            "A": [ 137, 138 ],
            "B": [ 100, 101 ],
            "Y": [ 107, 108 ]
          }
        },
        "$auto$opt_expr.cc:276:group_cell_inputs$133": {
          "hide_name": 1,
          "type": "$xor",
          "parameters": {
            "A_SIGNED": "00000000000000000000000000000000",
            "A_WIDTH": "00000000000000000000000000000110",
            "B_SIGNED": "00000000000000000000000000000000",
            "B_WIDTH": "00000000000000000000000000000110",
            "Y_WIDTH": "00000000000000000000000000000110"
          },
          "attributes": {
          },
          "port_directions": {
            "A": "input",
            "B": "input",
            "Y": "output"
          },
          "connections": {
            "A": [ 139, 140, 141, 142, 143, 144 ],
            "B": [ 96, 97, 98, 99, 100, 101 ],
            "Y": [ 145, 146, 147, 148, 149, 150 ]
          }
        },
        "$auto$opt_expr.cc:276:group_cell_inputs$136": {
          "hide_name": 1,
          "type": "$or",
          "parameters": {
            "A_SIGNED": "00000000000000000000000000000000",
            "A_WIDTH": "00000000000000000000000000000110",
            "B_SIGNED": "00000000000000000000000000000000",
            "B_WIDTH": "00000000000000000000000000000110",
            "Y_WIDTH": "00000000000000000000000000000110"
          },
          "attributes": {
          },
          "port_directions": {
            "A": "input",
            "B": "input",
            "Y": "output"
          },
          "connections": {
            "A": [ 151, 152, 153, 154, 155, 156 ],
            "B": [ 119, 120, 121, 122, 123, 124 ],
            "Y": [ 6, 7, 8, 9, 10, 11 ]
          }
        },
        "$auto$opt_expr.cc:276:group_cell_inputs$140": {
          "hide_name": 1,
          "type": "$and",
          "parameters": {
            "A_SIGNED": "00000000000000000000000000000000",
            "A_WIDTH": "00000000000000000000000000000110",
            "B_SIGNED": "00000000000000000000000000000000",
            "B_WIDTH": "00000000000000000000000000000110",
            "Y_WIDTH": "00000000000000000000000000000110"
          },
          "attributes": {
          },
          "port_directions": {
            "A": "input",
            "B": "input",
            "Y": "output"
          },
          "connections": {
            "A": [ 131, 132, 133, 134, 135, 136 ],
            "B": [ 40, 41, 42, 157, 158, 159 ],
            "Y": [ 137, 138, 109, 110, 111, 112 ]
          }
        },
        "$auto$opt_expr.cc:276:group_cell_inputs$68": {
          "hide_name": 1,
          "type": "$or",
          "parameters": {
            "A_SIGNED": "00000000000000000000000000000000",
            "A_WIDTH": "00000000000000000000000000000100",
            "B_SIGNED": "00000000000000000000000000000000",
            "B_WIDTH": "00000000000000000000000000000100",
            "Y_WIDTH": "00000000000000000000000000000100"
          },
          "attributes": {
          },
          "port_directions": {
            "A": "input",
            "B": "input",
            "Y": "output"
          },
          "connections": {
            "A": [ 32, 33, 34, 35 ],
            "B": [ 2, 3, 4, 5 ],
            "Y": [ 72, 73, 74, 75 ]
          }
        },
        "$auto$opt_expr.cc:276:group_cell_inputs$71": {
          "hide_name": 1,
          "type": "$not",
          "parameters": {
            "A_SIGNED": "00000000000000000000000000000000",
            "A_WIDTH": "00000000000000000000000000000100",
            "Y_WIDTH": "00000000000000000000000000000100"
          },
          "attributes": {
          },
          "port_directions": {
            "A": "input",
            "Y": "output"
          },
          "connections": {
            "A": [ 2, 3, 4, 5 ],
            "Y": [ 16, 17, 18, 19 ]
          }
        },
        "$auto$opt_expr.cc:276:group_cell_inputs$77": {
          "hide_name": 1,
          "type": "$or",
          "parameters": {
            "A_SIGNED": "00000000000000000000000000000000",
            "A_WIDTH": "00000000000000000000000000000101",
            "B_SIGNED": "00000000000000000000000000000000",
            "B_WIDTH": "00000000000000000000000000000101",
            "Y_WIDTH": "00000000000000000000000000000101"
          },
          "attributes": {
          },
          "port_directions": {
            "A": "input",
            "B": "input",
            "Y": "output"
          },
          "connections": {
            "A": [ 160, 161, 162, 163, 164 ],
            "B": [ 72, 73, 74, 75, 36 ],
            "Y": [ 165, 166, 167, 168, 169 ]
          }
        },
        "$auto$opt_expr.cc:276:group_cell_inputs$80": {
          "hide_name": 1,
          "type": "$or",
          "parameters": {
            "A_SIGNED": "00000000000000000000000000000000",
            "A_WIDTH": "00000000000000000000000000000101",
            "B_SIGNED": "00000000000000000000000000000000",
            "B_WIDTH": "00000000000000000000000000000101",
            "Y_WIDTH": "00000000000000000000000000000101"
          },
          "attributes": {
          },
          "port_directions": {
            "A": "input",
            "B": "input",
            "Y": "output"
          },
          "connections": {
            "A": [ 165, 166, 167, 168, 169 ],
            "B": [ 72, 73, 74, 75, 36 ],
            "Y": [ 125, 126, 127, 128, 129 ]
          }
        },
        "$auto$opt_expr.cc:276:group_cell_inputs$83": {
          "hide_name": 1,
          "type": "$xor",
          "parameters": {
            "A_SIGNED": "00000000000000000000000000000000",
            "A_WIDTH": "00000000000000000000000000000101",
            "B_SIGNED": "00000000000000000000000000000000",
            "B_WIDTH": "00000000000000000000000000000101",
            "Y_WIDTH": "00000000000000000000000000000101"
          },
          "attributes": {
          },
          "port_directions": {
            "A": "input",
            "B": "input",
            "Y": "output"
          },
          "connections": {
            "A": [ 170, 171, 172, 173, 174 ],
            "B": [ 72, 73, 74, 75, 36 ],
            "Y": [ 175, 176, 177, 178, 179 ]
          }
        },
        "$auto$opt_expr.cc:276:group_cell_inputs$86": {
          "hide_name": 1,
          "type": "$xor",
          "parameters": {
            "A_SIGNED": "00000000000000000000000000000000",
            "A_WIDTH": "00000000000000000000000000001001",
            "B_SIGNED": "00000000000000000000000000000000",
            "B_WIDTH": "00000000000000000000000000001001",
            "Y_WIDTH": "00000000000000000000000000001001"
          },
          "attributes": {
          },
          "port_directions": {
            "A": "input",
            "B": "input",
            "Y": "output"
          },
          "connections": {
            "A": [ 180, 181, 182, 183, 184, 185, 186, 187, 188 ],
            "B": [ 125, 126, 127, 128, 129, 130, 189, 190, 191 ],
            "Y": [ 192, 193, 194, 195, 196, 197, 198, 199, 200 ]
          }
        },
        "$auto$opt_expr.cc:276:group_cell_inputs$89": {
          "hide_name": 1,
          "type": "$xor",
          "parameters": {
            "A_SIGNED": "00000000000000000000000000000000",
            "A_WIDTH": "00000000000000000000000000000101",
            "B_SIGNED": "00000000000000000000000000000000",
            "B_WIDTH": "00000000000000000000000000000101",
            "Y_WIDTH": "00000000000000000000000000000101"
          },
          "attributes": {
          },
          "port_directions": {
            "A": "input",
            "B": "input",
            "Y": "output"
          },
          "connections": {
            "A": [ 192, 193, 194, 195, 196 ],
            "B": [ 72, 73, 74, 75, 36 ],
            "Y": [ 201, 202, 203, 204, 205 ]
          }
        },
        "$auto$opt_expr.cc:276:group_cell_inputs$92": {
          "hide_name": 1,
          "type": "$or",
          "parameters": {
            "A_SIGNED": "00000000000000000000000000000000",
            "A_WIDTH": "00000000000000000000000000001001",
            "B_SIGNED": "00000000000000000000000000000000",
            "B_WIDTH": "00000000000000000000000000001001",
            "Y_WIDTH": "00000000000000000000000000001001"
          },
          "attributes": {
          },
          "port_directions": {
            "A": "input",
            "B": "input",
            "Y": "output"
          },
          "connections": {
            "A": [ 206, 207, 208, 209, 210, 211, 212, 213, 214 ],
            "B": [ 125, 126, 127, 128, 129, 130, 189, 190, 191 ],
            "Y": [ 215, 216, 217, 218, 219, 220, 221, 222, 223 ]
          }
        },
        "$auto$opt_expr.cc:276:group_cell_inputs$95": {
          "hide_name": 1,
          "type": "$or",
          "parameters": {
            "A_SIGNED": "00000000000000000000000000000000",
            "A_WIDTH": "00000000000000000000000000000011",
            "B_SIGNED": "00000000000000000000000000000000",
            "B_WIDTH": "00000000000000000000000000000011",
            "Y_WIDTH": "00000000000000000000000000000011"
          },
          "attributes": {
          },
          "port_directions": {
            "A": "input",
            "B": "input",
            "Y": "output"
          },
          "connections": {
            "A": [ 224, 225, 226 ],
            "B": [ 55, 56, 57 ],
            "Y": [ 227, 228, 229 ]
          }
        },
        "$auto$opt_expr.cc:276:group_cell_inputs$98": {
          "hide_name": 1,
          "type": "$xor",
          "parameters": {
            "A_SIGNED": "00000000000000000000000000000000",
            "A_WIDTH": "00000000000000000000000000001001",
            "B_SIGNED": "00000000000000000000000000000000",
            "B_WIDTH": "00000000000000000000000000001001",
            "Y_WIDTH": "00000000000000000000000000001001"
          },
          "attributes": {
          },
          "port_directions": {
            "A": "input",
            "B": "input",
            "Y": "output"
          },
          "connections": {
            "A": [ 227, 228, 229, 230, 231, 232, 233, 234, 235 ],
            "B": [ 40, 41, 42, 157, 158, 159, 236, 237, 238 ],
            "Y": [ 239, 240, 241, 242, 243, 244, 245, 246, 247 ]
          }
        },
        "$auto$opt_expr.cc:716:replace_const_cells$74": {
          "hide_name": 1,
          "type": "$not",
          "parameters": {
            "A_SIGNED": "00000000000000000000000000000000",
            "A_WIDTH": "00000000000000000000000000000011",
            "Y_WIDTH": "00000000000000000000000000000011"
          },
          "attributes": {
          },
          "port_directions": {
            "A": "input",
            "Y": "output"
          },
          "connections": {
            "A": [ 248, 249, 250 ],
            "Y": [ 251, 252, 253 ]
          }
        },
        "$mul$designs/236/top.sv:15$10": {
          "hide_name": 1,
          "type": "$mul",
          "parameters": {
            "A_SIGNED": "00000000000000000000000000000000",
            "A_WIDTH": "00000000000000000000000000000100",
            "B_SIGNED": "00000000000000000000000000000000",
            "B_WIDTH": "00000000000000000000000000000101",
            "Y_WIDTH": "00000000000000000000000000001001"
          },
          "attributes": {
            "src": "designs/236/top.sv:15.88-15.107"
          },
          "port_directions": {
            "A": "input",
            "B": "input",
            "Y": "output"
          },
          "connections": {
            "A": [ 2, 3, 4, 5 ],
            "B": [ 72, 73, 74, 75, 36 ],
            "Y": [ 254, 255, 256, 257, 258, 259, 260, 261, 262 ]
          }
        },
        "$mul$designs/236/top.sv:15$14": {
          "hide_name": 1,
          "type": "$mul",
          "parameters": {
            "A_SIGNED": "00000000000000000000000000000000",
            "A_WIDTH": "00000000000000000000000000001001",
            "B_SIGNED": "00000000000000000000000000000000",
            "B_WIDTH": "00000000000000000000000000011001",
            "Y_WIDTH": "00000000000000000000000000011001"
          },
          "attributes": {
            "src": "designs/236/top.sv:15.78-15.142"
          },
          "port_directions": {
            "A": "input",
            "B": "input",
            "Y": "output"
          },
          "connections": {
            "A": [ 254, 255, 256, 257, 258, 259, 260, 261, 262 ],
            "B": [ 16, 17, 18, 19, "1", "1", "1", "1", "1", "1", "1", "1", "1", "1", "1", "1", "1", "1", "1", "1", "1", "1", "1", "1", "1" ],
            "Y": [ 263, 264, 248, 265, 266, 249, 267, 250, 268, 269, 270, 271, 272, 273, 274, 275, 276, 277, 278, 279, 280, 281, 282, 283, 284 ]
          }
        },
        "$mul$designs/236/top.sv:15$16": {
          "hide_name": 1,
          "type": "$mul",
          "parameters": {
            "A_SIGNED": "00000000000000000000000000000000",
            "A_WIDTH": "00000000000000000000000000011001",
            "B_SIGNED": "00000000000000000000000000000000",
            "B_WIDTH": "00000000000000000000000000000100",
            "Y_WIDTH": "00000000000000000000000000001001"
          },
          "attributes": {
            "src": "designs/236/top.sv:15.58-15.168"
          },
          "port_directions": {
            "A": "input",
            "B": "input",
            "Y": "output"
          },
          "connections": {
            "A": [ 263, 264, 251, 265, 266, 252, 267, 253, 268, 269, 270, 271, 272, 273, 274, 275, 276, 277, 278, 279, 280, 281, 282, 283, 284 ],
            "B": [ 2, 3, 4, 5 ],
            "Y": [ 160, 161, 162, 163, 164, 130, 189, 190, 191 ]
          }
        },
        "$mul$designs/236/top.sv:17$25": {
          "hide_name": 1,
          "type": "$mul",
          "parameters": {
            "A_SIGNED": "00000000000000000000000000000000",
            "A_WIDTH": "00000000000000000000000000011001",
            "B_SIGNED": "00000000000000000000000000000000",
            "B_WIDTH": "00000000000000000000000000000101",
            "Y_WIDTH": "00000000000000000000000000011001"
          },
          "attributes": {
            "src": "designs/236/top.sv:17.35-17.148"
          },
          "port_directions": {
            "A": "input",
            "B": "input",
            "Y": "output"
          },
          "connections": {
            "A": [ 201, 202, 203, 204, 205, 197, 198, 199, 200, 285, 286, 287, 288, 289, 290, 291, 292, 293, 294, 295, 296, 297, 297, 297, 297 ],
            "B": [ 72, 73, 74, 75, 36 ],
            "Y": [ 298, 299, 300, 301, 302, 303, 304, 305, 306, 307, 308, 309, 310, 311, 312, 313, 314, 315, 316, 317, 318, 319, 320, 321, 322 ]
          }
        },
        "$mul$designs/236/top.sv:17$26": {
          "hide_name": 1,
          "type": "$mul",
          "parameters": {
            "A_SIGNED": "00000000000000000000000000000000",
            "A_WIDTH": "00000000000000000000000000011001",
            "B_SIGNED": "00000000000000000000000000000000",
            "B_WIDTH": "00000000000000000000000000001001",
            "Y_WIDTH": "00000000000000000000000000011001"
          },
          "attributes": {
            "src": "designs/236/top.sv:17.34-17.158"
          },
          "port_directions": {
            "A": "input",
            "B": "input",
            "Y": "output"
          },
          "connections": {
            "A": [ 298, 299, 300, 301, 302, 303, 304, 305, 306, 307, 308, 309, 310, 311, 312, 313, 314, 315, 316, 317, 318, 319, 320, 321, 322 ],
            "B": [ 125, 126, 127, 128, 129, 130, 189, 190, 191 ],
            "Y": [ 206, 207, 208, 209, 210, 211, 212, 213, 214, 323, 324, 325, 326, 327, 328, 329, 330, 331, 332, 333, 334, 335, 336, 337, 338 ]
          }
        },
        "$mul$designs/236/top.sv:17$28": {
          "hide_name": 1,
          "type": "$mul",
          "parameters": {
            "A_SIGNED": "00000000000000000000000000000000",
            "A_WIDTH": "00000000000000000000000000011001",
            "B_SIGNED": "00000000000000000000000000000000",
            "B_WIDTH": "00000000000000000000000000001001",
            "Y_WIDTH": "00000000000000000000000000001101"
          },
          "attributes": {
            "src": "designs/236/top.sv:17.22-17.179"
          },
          "port_directions": {
            "A": "input",
            "B": "input",
            "Y": "output"
          },
          "connections": {
            "A": [ 215, 216, 217, 218, 219, 220, 221, 222, 223, 323, 324, 325, 326, 327, 328, 329, 330, 331, 332, 333, 334, 335, 336, 337, 338 ],
            "B": [ 125, 126, 127, 128, 129, 130, 189, 190, 191 ],
            "Y": [ 40, 41, 42, 157, 158, 159, 236, 237, 238, 339, 340, 341, 342 ]
          }
        },
        "$mul$designs/236/top.sv:19$30": {
          "hide_name": 1,
          "type": "$mul",
          "parameters": {
            "A_SIGNED": "00000000000000000000000000000000",
            "A_WIDTH": "00000000000000000000000000001101",
            "B_SIGNED": "00000000000000000000000000000000",
            "B_WIDTH": "00000000000000000000000000000011",
            "Y_WIDTH": "00000000000000000000000000001101"
          },
          "attributes": {
            "src": "designs/236/top.sv:19.82-19.128"
          },
          "port_directions": {
            "A": "input",
            "B": "input",
            "Y": "output"
          },
          "connections": {
            "A": [ 343, 344, 345, 346, 347, 348, 349, 350, 351, 352, 353, 354, 355 ],
            "B": [ 3, 4, 5 ],
            "Y": [ 356, 357, 358, 359, 360, 361, 362, 363, 364, 365, 366, 367, 368 ]
          }
        },
        "$mul$designs/236/top.sv:19$31": {
          "hide_name": 1,
          "type": "$mul",
          "parameters": {
            "A_SIGNED": "00000000000000000000000000000000",
            "A_WIDTH": "00000000000000000000000000001101",
            "B_SIGNED": "00000000000000000000000000000000",
            "B_WIDTH": "00000000000000000000000000000101",
            "Y_WIDTH": "00000000000000000000000000000011"
          },
          "attributes": {
            "src": "designs/236/top.sv:19.71-19.139"
          },
          "port_directions": {
            "A": "input",
            "B": "input",
            "Y": "output"
          },
          "connections": {
            "A": [ 356, 357, 358, 359, 360, 361, 362, 363, 364, 365, 366, 367, 368 ],
            "B": [ 72, 73, 74, 75, 36 ],
            "Y": [ 369, 370, 371 ]
          }
        },
        "$mul$designs/236/top.sv:22$41": {
          "hide_name": 1,
          "type": "$mul",
          "parameters": {
            "A_SIGNED": "00000000000000000000000000000000",
            "A_WIDTH": "00000000000000000000000000001001",
            "B_SIGNED": "00000000000000000000000000000000",
            "B_WIDTH": "00000000000000000000000000001001",
            "Y_WIDTH": "00000000000000000000000000001001"
          },
          "attributes": {
            "src": "designs/236/top.sv:22.46-22.72"
          },
          "port_directions": {
            "A": "input",
            "B": "input",
            "Y": "output"
          },
          "connections": {
            "A": [ 125, 126, 127, 128, 129, 130, 189, 190, 191 ],
            "B": [ 125, 126, 127, 128, 129, 130, 189, 190, 191 ],
            "Y": [ 224, 225, 226, 230, 231, 232, 233, 234, 235 ]
          }
        },
        "$mul$designs/236/top.sv:22$45": {
          "hide_name": 1,
          "type": "$mul",
          "parameters": {
            "A_SIGNED": "00000000000000000000000000000000",
            "A_WIDTH": "00000000000000000000000000001101",
            "B_SIGNED": "00000000000000000000000000000000",
            "B_WIDTH": "00000000000000000000000000000110",
            "Y_WIDTH": "00000000000000000000000000001001"
          },
          "attributes": {
            "src": "designs/236/top.sv:22.34-22.113"
          },
          "port_directions": {
            "A": "input",
            "B": "input",
            "Y": "output"
          },
          "connections": {
            "A": [ 372, 373, 374, 375, 376, 377, 378, 379, 380, 381, 382, 383, 384 ],
            "B": [ 2, 58, 59, 60, 61, 62 ],
            "Y": [ 63, 64, 65, 66, 67, 68, 69, 70, 71 ]
          }
        },
        "$mul$designs/236/top.sv:24$53": {
          "hide_name": 1,
          "type": "$mul",
          "parameters": {
            "A_SIGNED": "00000000000000000000000000000000",
            "A_WIDTH": "00000000000000000000000000001101",
            "B_SIGNED": "00000000000000000000000000000000",
            "B_WIDTH": "00000000000000000000000000000110",
            "Y_WIDTH": "00000000000000000000000000010011"
          },
          "attributes": {
            "src": "designs/236/top.sv:24.50-24.154"
          },
          "port_directions": {
            "A": "input",
            "B": "input",
            "Y": "output"
          },
          "connections": {
            "A": [ 113, 114, 115, 116, 117, 118, "0", "0", "0", "0", "0", "0", "0" ],
            "B": [ 2, 58, 59, 60, 61, 62 ],
            "Y": [ 139, 140, 141, 142, 143, 144, 385, 386, 387, 388, 389, 390, 391, 392, 393, 394, 395, 396, 397 ]
          }
        },
        "$mul$designs/236/top.sv:24$55": {
          "hide_name": 1,
          "type": "$mul",
          "parameters": {
            "A_SIGNED": "00000000000000000000000000000000",
            "A_WIDTH": "00000000000000000000000000010011",
            "B_SIGNED": "00000000000000000000000000000000",
            "B_WIDTH": "00000000000000000000000000001001",
            "Y_WIDTH": "00000000000000000000000000001100"
          },
          "attributes": {
            "src": "designs/236/top.sv:24.38-24.180"
          },
          "port_directions": {
            "A": "input",
            "B": "input",
            "Y": "output"
          },
          "connections": {
            "A": [ 145, 146, 147, 148, 149, 150, 385, 386, 387, 388, 389, 390, 391, 392, 393, 394, 395, 396, 397 ],
            "B": [ 96, 97, 98, 99, 100, 101, "0", "0", "0" ],
            "Y": [ 151, 152, 153, 154, 155, 156, 398, 399, 400, 401, 402, 403 ]
          }
        },
        "$not$designs/236/top.sv:19$38": {
          "hide_name": 1,
          "type": "$not",
          "parameters": {
            "A_SIGNED": "00000000000000000000000000000000",
            "A_WIDTH": "00000000000000000000000000000011",
            "Y_WIDTH": "00000000000000000000000000000011"
          },
          "attributes": {
            "src": "designs/236/top.sv:19.216-19.223"
          },
          "port_directions": {
            "A": "input",
            "Y": "output"
          },
          "connections": {
            "A": [ 72, 73, 74 ],
            "Y": [ 52, 53, 54 ]
          }
        },
        "$sub$designs/236/top.sv:13$7": {
          "hide_name": 1,
          "type": "$sub",
          "parameters": {
            "A_SIGNED": "00000000000000000000000000000000",
            "A_WIDTH": "00000000000000000000000000000100",
            "B_SIGNED": "00000000000000000000000000000000",
            "B_WIDTH": "00000000000000000000000000000100",
            "Y_WIDTH": "00000000000000000000000000000100"
          },
          "attributes": {
            "src": "designs/236/top.sv:13.34-13.146"
          },
          "port_directions": {
            "A": "input",
            "B": "input",
            "Y": "output"
          },
          "connections": {
            "A": [ 24, 25, 26, 27 ],
            "B": [ 2, 3, 4, 5 ],
            "Y": [ 28, 29, 30, 31 ]
          }
        },
        "$sub$designs/236/top.sv:17$20": {
          "hide_name": 1,
          "type": "$sub",
          "parameters": {
            "A_SIGNED": "00000000000000000000000000000000",
            "A_WIDTH": "00000000000000000000000000000101",
            "B_SIGNED": "00000000000000000000000000000000",
            "B_WIDTH": "00000000000000000000000000001001",
            "Y_WIDTH": "00000000000000000000000000001010"
          },
          "attributes": {
            "src": "designs/236/top.sv:17.58-17.90"
          },
          "port_directions": {
            "A": "input",
            "B": "input",
            "Y": "output"
          },
          "connections": {
            "A": [ 72, 73, 74, 75, 36 ],
            "B": [ 125, 126, 127, 128, 129, 130, 189, 190, 191 ],
            "Y": [ 170, 171, 172, 173, 174, 404, 405, 406, 407, 408 ]
          }
        },
        "$sub$designs/236/top.sv:17$22": {
          "hide_name": 1,
          "type": "$sub",
          "parameters": {
            "A_SIGNED": "00000000000000000000000000000000",
            "A_WIDTH": "00000000000000000000000000010101",
            "B_SIGNED": "00000000000000000000000000000000",
            "B_WIDTH": "00000000000000000000000000000101",
            "Y_WIDTH": "00000000000000000000000000010110"
          },
          "attributes": {
            "src": "designs/236/top.sv:17.38-17.118"
          },
          "port_directions": {
            "A": "input",
            "B": "input",
            "Y": "output"
          },
          "connections": {
            "A": [ 175, 176, 177, 178, 179, 404, 405, 406, 407, 408, 408, 408, 408, 408, 408, 408, 408, 408, 408, 408, 408 ],
            "B": [ 72, 73, 74, 75, 36 ],
            "Y": [ 180, 181, 182, 183, 184, 185, 186, 187, 188, 285, 286, 287, 288, 289, 290, 291, 292, 293, 294, 295, 296, 297 ]
          }
        },
        "$sub$designs/236/top.sv:19$29": {
          "hide_name": 1,
          "type": "$sub",
          "parameters": {
            "A_SIGNED": "00000000000000000000000000000000",
            "A_WIDTH": "00000000000000000000000000001101",
            "B_SIGNED": "00000000000000000000000000000000",
            "B_WIDTH": "00000000000000000000000000001101",
            "Y_WIDTH": "00000000000000000000000000001101"
          },
          "attributes": {
            "src": "designs/236/top.sv:19.93-19.108"
          },
          "port_directions": {
            "A": "input",
            "B": "input",
            "Y": "output"
          },
          "connections": {
            "A": [ 40, 41, 42, 157, 158, 159, 236, 237, 238, 339, 340, 341, 342 ],
            "B": [ 40, 41, 42, 157, 158, 159, 236, 237, 238, 339, 340, 341, 342 ],
            "Y": [ 343, 344, 345, 346, 347, 348, 349, 350, 351, 352, 353, 354, 355 ]
          }
        },
        "$sub$designs/236/top.sv:19$32": {
          "hide_name": 1,
          "type": "$sub",
          "parameters": {
            "A_SIGNED": "00000000000000000000000000000000",
            "A_WIDTH": "00000000000000000000000000000011",
            "B_SIGNED": "00000000000000000000000000000000",
            "B_WIDTH": "00000000000000000000000000000011",
            "Y_WIDTH": "00000000000000000000000000000011"
          },
          "attributes": {
            "src": "designs/236/top.sv:19.70-19.149"
          },
          "port_directions": {
            "A": "input",
            "B": "input",
            "Y": "output"
          },
          "connections": {
            "A": [ 369, 370, 371 ],
            "B": [ 72, 73, 74 ],
            "Y": [ 93, 94, 95 ]
          }
        },
        "$sub$designs/236/top.sv:22$44": {
          "hide_name": 1,
          "type": "$sub",
          "parameters": {
            "A_SIGNED": "00000000000000000000000000000000",
            "A_WIDTH": "00000000000000000000000000001101",
            "B_SIGNED": "00000000000000000000000000000000",
            "B_WIDTH": "00000000000000000000000000001101",
            "Y_WIDTH": "00000000000000000000000000001101"
          },
          "attributes": {
            "src": "designs/236/top.sv:22.35-22.103"
          },
          "port_directions": {
            "A": "input",
            "B": "input",
            "Y": "output"
          },
          "connections": {
            "A": [ 239, 240, 241, 242, 243, 244, 245, 246, 247, 339, 340, 341, 342 ],
            "B": [ 40, 41, 42, 157, 158, 159, 236, 237, 238, 339, 340, 341, 342 ],
            "Y": [ 372, 373, 374, 375, 376, 377, 378, 379, 380, 381, 382, 383, 384 ]
          }
        },
        "$xor$designs/236/top.sv:19$35": {
          "hide_name": 1,
          "type": "$xor",
          "parameters": {
            "A_SIGNED": "00000000000000000000000000000000",
            "A_WIDTH": "00000000000000000000000000000011",
            "B_SIGNED": "00000000000000000000000000000000",
            "B_WIDTH": "00000000000000000000000000000011",
            "Y_WIDTH": "00000000000000000000000000000011"
          },
          "attributes": {
            "src": "designs/236/top.sv:19.39-19.191"
          },
          "port_directions": {
            "A": "input",
            "B": "input",
            "Y": "output"
          },
          "connections": {
            "A": [ 43, 44, 45 ],
            "B": [ 72, 73, 74 ],
            "Y": [ 46, 47, 48 ]
          }
        }
      },
      "netnames": {
        "$add$designs/236/top.sv:13$5_Y": {
          "hide_name": 1,
          "bits": [ 20, 21, 22, 23 ],
          "attributes": {
            "src": "designs/236/top.sv:13.36-13.118"
          }
        },
        "$add$designs/236/top.sv:13$6_Y": {
          "hide_name": 1,
          "bits": [ 24, 25, 26, 27 ],
          "attributes": {
            "src": "designs/236/top.sv:13.35-13.132"
          }
        },
        "$add$designs/236/top.sv:13$8_Y": {
          "hide_name": 1,
          "bits": [ 32, 33, 34, 35, 36, "0", "0", "0", "0", "0", "0", "0", "0", "0", "0", "0", "0", "0", "0", "0", "0", "0", "0", "0", "0" ],
          "attributes": {
            "src": "designs/236/top.sv:13.23-13.161"
          }
        },
        "$add$designs/236/top.sv:15$17_Y": {
          "hide_name": 1,
          "bits": [ 160, 161, 162, 163, 164, 130, 189, 190, 191, 409, 410, 411, 412, 413, 414, 415, 416, 417, 418, 419, 420, 421, 422, 423, 424 ],
          "attributes": {
            "src": "designs/236/top.sv:15.47-15.186",
            "unused_bits": "9 10 11 12 13 14 15 16 17 18 19 20 21 22 23 24"
          }
        },
        "$add$designs/236/top.sv:19$34_Y": {
          "hide_name": 1,
          "bits": [ 43, 44, 45, 425, 426, 427, 428, 429, 430, 431, 432, 433, 434, 435, 436, 437, 438, 439, 440, 441, 442, 443, 444, 445, 446 ],
          "attributes": {
            "src": "designs/236/top.sv:19.50-19.180",
            "unused_bits": "3 4 5 6 7 8 9 10 11 12 13 14 15 16 17 18 19 20 21 22 23 24"
          }
        },
        "$add$designs/236/top.sv:19$36_Y": {
          "hide_name": 1,
          "bits": [ 49, 50, 51 ],
          "attributes": {
          }
        },
        "$add$designs/236/top.sv:22$46_Y": {
          "hide_name": 1,
          "bits": [ 76, 77, 78, 79, 80, 81, 82, 83, 84, 447, 448, 449, 450 ],
          "attributes": {
            "src": "designs/236/top.sv:22.33-22.129",
            "unused_bits": "6 7 8 9 10 11 12"
          }
        },
        "$and$designs/236/top.sv:13$1_Y": {
          "hide_name": 1,
          "bits": [ 85, 86, 87, 88 ],
          "attributes": {
            "src": "designs/236/top.sv:13.49-13.72"
          }
        },
        "$and$designs/236/top.sv:13$2_Y": {
          "hide_name": 1,
          "bits": [ 89, 90, 91, 92 ],
          "attributes": {
            "src": "designs/236/top.sv:13.48-13.86"
          }
        },
        "$and$designs/236/top.sv:13$3_Y": {
          "hide_name": 1,
          "bits": [ 12, 13, 14, 15 ],
          "attributes": {
            "src": "designs/236/top.sv:13.47-13.100"
          }
        },
        "$and$designs/236/top.sv:19$33_Y": {
          "hide_name": 1,
          "bits": [ 37, 38, 39, 451, 452, 453, 454, 455, 456, 457, 458, 459, 460, 461, 462, 463, 464, 465, 466, 467, 468, 469, 470, 471, 472 ],
          "attributes": {
            "src": "designs/236/top.sv:19.61-19.169",
            "unused_bits": "3 4 5 6 7 8 9 10 11 12 13 14 15 16 17 18 19 20 21 22 23 24"
          }
        },
        "$and$designs/236/top.sv:24$49_Y": {
          "hide_name": 1,
          "bits": [ 131, 132, 133, 134, 135, 136, "0", "0", "0" ],
          "attributes": {
          }
        },
        "$and$designs/236/top.sv:24$50_Y": {
          "hide_name": 1,
          "bits": [ 137, 138, 109, 110, 111, 112, "0", "0", "0", "0", "0", "0", "0" ],
          "attributes": {
          }
        },
        "$and$designs/236/top.sv:24$52_Y": {
          "hide_name": 1,
          "bits": [ 113, 114, 115, 116, 117, 118, "0", "0", "0", "0", "0", "0", "0", "0", "0", "0", "0", "0", "0", "0", "0", "0", "0", "0", "0" ],
          "attributes": {
            "src": "designs/236/top.sv:24.59-24.143"
          }
        },
        "$auto$opt_expr.cc:205:group_cell_inputs$104": {
          "hide_name": 1,
          "bits": [ 102, 103, 104, 105, 106 ],
          "attributes": {
          }
        },
        "$auto$opt_expr.cc:205:group_cell_inputs$111": {
          "hide_name": 1,
          "bits": [ 107, 108, 109, 110, 111 ],
          "attributes": {
          }
        },
        "$auto$opt_expr.cc:205:group_cell_inputs$118": {
          "hide_name": 1,
          "bits": [ 145, 146, 147, 148, 149, 150, 385, 386, 387 ],
          "attributes": {
          }
        },
        "$auto$opt_expr.cc:205:group_cell_inputs$120": {
          "hide_name": 1,
          "bits": [ 388, 389, 390, 391, 392, 393, 394, 395, 396, 397 ],
          "attributes": {
          }
        },
        "$auto$opt_expr.cc:205:group_cell_inputs$121": {
          "hide_name": 1,
          "bits": [ 119, 120, 121, 122, 123, 124 ],
          "attributes": {
          }
        },
        "$auto$opt_expr.cc:205:group_cell_inputs$70": {
          "hide_name": 1,
          "bits": [ 16, 17, 18, 19 ],
          "attributes": {
          }
        },
        "$auto$opt_expr.cc:205:group_cell_inputs$76": {
          "hide_name": 1,
          "bits": [ 165, 166, 167, 168, 169 ],
          "attributes": {
          }
        },
        "$auto$opt_expr.cc:205:group_cell_inputs$82": {
          "hide_name": 1,
          "bits": [ 175, 176, 177, 178, 179 ],
          "attributes": {
          }
        },
        "$auto$opt_expr.cc:205:group_cell_inputs$84": {
          "hide_name": 1,
          "bits": [ 404, 405, 406, 407, 408 ],
          "attributes": {
          }
        },
        "$auto$opt_expr.cc:205:group_cell_inputs$85": {
          "hide_name": 1,
          "bits": [ 192, 193, 194, 195, 196, 197, 198, 199, 200 ],
          "attributes": {
          }
        },
        "$auto$opt_expr.cc:205:group_cell_inputs$87": {
          "hide_name": 1,
          "bits": [ 285, 286, 287, 288, 289, 290, 291, 292, 293, 294, 295, 296, 297 ],
          "attributes": {
          }
        },
        "$auto$opt_expr.cc:205:group_cell_inputs$88": {
          "hide_name": 1,
          "bits": [ 201, 202, 203, 204, 205 ],
          "attributes": {
          }
        },
        "$auto$opt_expr.cc:205:group_cell_inputs$91": {
          "hide_name": 1,
          "bits": [ 215, 216, 217, 218, 219, 220, 221, 222, 223 ],
          "attributes": {
          }
        },
        "$auto$opt_expr.cc:205:group_cell_inputs$93": {
          "hide_name": 1,
          "bits": [ 323, 324, 325, 326, 327, 328, 329, 330, 331, 332, 333, 334, 335, 336, 337, 338 ],
          "attributes": {
          }
        },
        "$auto$opt_expr.cc:205:group_cell_inputs$94": {
          "hide_name": 1,
          "bits": [ 227, 228, 229 ],
          "attributes": {
          }
        },
        "$auto$opt_expr.cc:205:group_cell_inputs$96": {
          "hide_name": 1,
          "bits": [ 230, 231, 232, 233, 234, 235 ],
          "attributes": {
          }
        },
        "$auto$opt_expr.cc:205:group_cell_inputs$97": {
          "hide_name": 1,
          "bits": [ 239, 240, 241, 242, 243, 244, 245, 246, 247 ],
          "attributes": {
          }
        },
        "$auto$rtlil.cc:3334:Not$75": {
          "hide_name": 1,
          "bits": [ 251, 252, 253 ],
          "attributes": {
          }
        },
        "$mul$designs/236/top.sv:15$10_Y": {
          "hide_name": 1,
          "bits": [ 254, 255, 256, 257, 258, 259, 260, 261, 262, "0", "0", "0", "0", "0", "0", "0", "0", "0", "0", "0", "0", "0", "0", "0", "0" ],
          "attributes": {
            "src": "designs/236/top.sv:15.88-15.107"
          }
        },
        "$mul$designs/236/top.sv:15$14_Y": {
          "hide_name": 1,
          "bits": [ 263, 264, 248, 265, 266, 249, 267, 250, 268, 269, 270, 271, 272, 273, 274, 275, 276, 277, 278, 279, 280, 281, 282, 283, 284 ],
          "attributes": {
            "src": "designs/236/top.sv:15.78-15.142"
          }
        },
        "$mul$designs/236/top.sv:17$25_Y": {
          "hide_name": 1,
          "bits": [ 298, 299, 300, 301, 302, 303, 304, 305, 306, 307, 308, 309, 310, 311, 312, 313, 314, 315, 316, 317, 318, 319, 320, 321, 322 ],
          "attributes": {
            "src": "designs/236/top.sv:17.35-17.148"
          }
        },
        "$mul$designs/236/top.sv:17$26_Y": {
          "hide_name": 1,
          "bits": [ 206, 207, 208, 209, 210, 211, 212, 213, 214, 323, 324, 325, 326, 327, 328, 329, 330, 331, 332, 333, 334, 335, 336, 337, 338 ],
          "attributes": {
            "src": "designs/236/top.sv:17.34-17.158"
          }
        },
        "$mul$designs/236/top.sv:19$30_Y": {
          "hide_name": 1,
          "bits": [ 356, 357, 358, 359, 360, 361, 362, 363, 364, 365, 366, 367, 368 ],
          "attributes": {
            "src": "designs/236/top.sv:19.82-19.128"
          }
        },
        "$mul$designs/236/top.sv:19$31_Y": {
          "hide_name": 1,
          "bits": [ 369, 370, 371, 473, 474, 475, 476, 477, 478, 479, 480, 481, 482, 483, 484, 485, 486, 487, "0", "0", "0", "0", "0", "0", "0" ],
          "attributes": {
            "src": "designs/236/top.sv:19.71-19.139",
            "unused_bits": "3 4 5 6 7 8 9 10 11 12 13 14 15 16 17"
          }
        },
        "$mul$designs/236/top.sv:22$41_Y": {
          "hide_name": 1,
          "bits": [ 224, 225, 226, 230, 231, 232, 233, 234, 235 ],
          "attributes": {
            "src": "designs/236/top.sv:22.46-22.72"
          }
        },
        "$mul$designs/236/top.sv:22$45_Y": {
          "hide_name": 1,
          "bits": [ 63, 64, 65, 66, 67, 68, 69, 70, 71, 488, 489, 490, 491 ],
          "attributes": {
            "src": "designs/236/top.sv:22.34-22.113",
            "unused_bits": "9 10 11 12"
          }
        },
        "$mul$designs/236/top.sv:24$53_Y": {
          "hide_name": 1,
          "bits": [ 139, 140, 141, 142, 143, 144, 385, 386, 387, 388, 389, 390, 391, 392, 393, 394, 395, 396, 397, "0", "0", "0", "0", "0", "0" ],
          "attributes": {
            "src": "designs/236/top.sv:24.50-24.154"
          }
        },
        "$mul$designs/236/top.sv:24$55_Y": {
          "hide_name": 1,
          "bits": [ 151, 152, 153, 154, 155, 156, 398, 399, 400, 401, 402, 403, 492, 493, 494, 495, 496, 497, 498, 499, 500, 501, 502, 503, 504 ],
          "attributes": {
            "src": "designs/236/top.sv:24.38-24.180",
            "unused_bits": "6 7 8 9 10 11 12 13 14 15 16 17 18 19 20 21 22 23 24"
          }
        },
        "$not$designs/236/top.sv:19$38_Y": {
          "hide_name": 1,
          "bits": [ 52, 53, 54, 505, 506, 507, 508, 509, 510, 511, 512, 513, 514, 515, 516, 517, 518, 519, 520, 521, 522, 523, 524, 525, 526, 527, 528, 529, 530, 531, 532, 533 ],
          "attributes": {
            "src": "designs/236/top.sv:19.216-19.223",
            "unused_bits": "3 4 5 6 7 8 9 10 11 12 13 14 15 16 17 18 19 20 21 22 23 24 25 26 27 28 29 30 31"
          }
        },
        "$sub$designs/236/top.sv:13$7_Y": {
          "hide_name": 1,
          "bits": [ 28, 29, 30, 31 ],
          "attributes": {
            "src": "designs/236/top.sv:13.34-13.146"
          }
        },
        "$sub$designs/236/top.sv:17$20_Y": {
          "hide_name": 1,
          "bits": [ 170, 171, 172, 173, 174, 404, 405, 406, 407, 408, 408, 408, 408, 408, 408, 408, 408, 408, 408, 408, 408 ],
          "attributes": {
            "src": "designs/236/top.sv:17.58-17.90"
          }
        },
        "$sub$designs/236/top.sv:17$22_Y": {
          "hide_name": 1,
          "bits": [ 180, 181, 182, 183, 184, 185, 186, 187, 188, 285, 286, 287, 288, 289, 290, 291, 292, 293, 294, 295, 296, 297, 297, 297, 297 ],
          "attributes": {
            "src": "designs/236/top.sv:17.38-17.118"
          }
        },
        "$sub$designs/236/top.sv:19$29_Y": {
          "hide_name": 1,
          "bits": [ 343, 344, 345, 346, 347, 348, 349, 350, 351, 352, 353, 354, 355 ],
          "attributes": {
            "src": "designs/236/top.sv:19.93-19.108"
          }
        },
        "$sub$designs/236/top.sv:19$32_Y": {
          "hide_name": 1,
          "bits": [ 93, 94, 95, 534, 535, 536, 537, 538, 539, 540, 541, 542, 543, 544, 545, 546, 547, 548, 549, 549, 549, 549, 549, 549, 549 ],
          "attributes": {
            "src": "designs/236/top.sv:19.70-19.149",
            "unused_bits": "3 4 5 6 7 8 9 10 11 12 13 14 15 16 17 18 19 20 21 22 23 24"
          }
        },
        "$sub$designs/236/top.sv:22$44_Y": {
          "hide_name": 1,
          "bits": [ 372, 373, 374, 375, 376, 377, 378, 379, 380, 381, 382, 383, 384 ],
          "attributes": {
            "src": "designs/236/top.sv:22.35-22.103"
          }
        },
        "$xor$designs/236/top.sv:19$35_Y": {
          "hide_name": 1,
          "bits": [ 46, 47, 48, 550, 551, 552, 553, 554, 555, 556, 557, 558, 559, 560, 561, 562, 563, 564, 565, 566, 567, 568, 569, 570, 571 ],
          "attributes": {
            "src": "designs/236/top.sv:19.39-19.191",
            "unused_bits": "3 4 5 6 7 8 9 10 11 12 13 14 15 16 17 18 19 20 21 22 23 24"
          }
        },
        "expr_911111": {
          "hide_name": 0,
          "bits": [ 125, 126, 127, 128, 129, 130, 189, 190, 191, "x", "x", "x", "x", "x", "x", "x", "x", "x", "x", "x", "x", "x", "x", "x", "x", "x", "x", "x", "x", "x", "x", "x", "x" ],
          "attributes": {
            "src": "designs/236/top.sv:14.18-14.29"
          }
        },
        "input_data": {
          "hide_name": 0,
          "bits": [ 2, 3, 4, 5 ],
          "attributes": {
            "src": "designs/236/top.sv:2.17-2.27"
          }
        },
        "output_data": {
          "hide_name": 0,
          "bits": [ 6, 7, 8, 9, 10, 11, "1", "1", "1", "1", "1", "1" ],
          "attributes": {
            "src": "designs/236/top.sv:3.19-3.30"
          }
        },
        "temp_0": {
          "hide_name": 0,
          "bits": [ 72, 73, 74, 75, 36, "0", "0", "0", "0", "0", "0", "0", "0", "0", "0", "0", "0", "0", "0", "0", "0", "0", "0", "0", "0" ],
          "attributes": {
            "src": "designs/236/top.sv:6.18-6.24"
          }
        },
        "temp_2": {
          "hide_name": 0,
          "bits": [ 40, 41, 42, 157, 158, 159, 236, 237, 238, 339, 340, 341, 342 ],
          "attributes": {
            "src": "designs/236/top.sv:8.18-8.24"
          }
        },
        "temp_3": {
          "hide_name": 0,
          "bits": [ 55, 56, 57 ],
          "attributes": {
            "src": "designs/236/top.sv:9.17-9.23"
          }
        },
        "temp_4": {
          "hide_name": 0,
          "bits": [ 2, 58, 59, 60, 61, 62 ],
          "attributes": {
            "src": "designs/236/top.sv:10.17-10.23"
          }
        },
        "temp_5": {
          "hide_name": 0,
          "bits": [ 96, 97, 98, 99, 100, 101, "0", "0", "0" ],
          "attributes": {
            "src": "designs/236/top.sv:11.17-11.23"
          }
        }
      }
    }
  }
}
