{
  "creator": "Yosys 0.60 (git sha1 5bafeb77dc71e054fa331ab9efa613e6fb0a1c49, clang++ 17.0.0 -fPIC -O3)",
  "modules": {
    "top": {
      "attributes": {
        "top": "00000000000000000000000000000001",
        "src": "designs/181/top.sv:1.1-26.10"
      },
      "ports": {
        "input_data": {
          "direction": "input",
          "bits": [ 2, 3, 4, 5, 6, 7 ]
        },
        "output_data": {
          "direction": "output",
          "bits": [ 8, 9, 10, 11, 12, 13, 14, 15, 16, 17, 18, 19, 19, 19, 19, 19, 19, 19, 19, 19, 19, 19, 19, 19 ]
        }
      },
      "cells": {
        "$add$designs/181/top.sv:18$10": {
          "hide_name": 1,
          "type": "$add",
          "parameters": {
            "A_SIGNED": "00000000000000000000000000000000",
            "A_WIDTH": "00000000000000000000000000000011",
            "B_SIGNED": "00000000000000000000000000000000",
            "B_WIDTH": "00000000000000000000000000000011",
            "Y_WIDTH": "00000000000000000000000000000011"
          },
          "attributes": {
            "src": "designs/181/top.sv:18.32-18.178"
          },
          "port_directions": {
            "A": "input",
            "B": "input",
            "Y": "output"
          },
          "connections": {
            "A": [ 20, 21, 22 ],
            "B": [ 4, 5, 6 ],
            "Y": [ 23, 24, 25 ]
          }
        },
        "$add$designs/181/top.sv:24$31": {
          "hide_name": 1,
          "type": "$add",
          "parameters": {
            "A_SIGNED": "00000000000000000000000000000000",
            "A_WIDTH": "00000000000000000000000000000111",
            "B_SIGNED": "00000000000000000000000000000000",
            "B_WIDTH": "00000000000000000000000000000110",
            "Y_WIDTH": "00000000000000000000000000001000"
          },
          "attributes": {
            "src": "designs/181/top.sv:24.37-24.92"
          },
          "port_directions": {
            "A": "input",
            "B": "input",
            "Y": "output"
          },
          "connections": {
            "A": [ 2, 3, 4, 5, 6, 7, "0" ],
            "B": [ 2, 3, 4, 5, 6, 7 ],
            "Y": [ 26, 27, 28, 29, 30, 31, 32, 33 ]
          }
        },
        "$auto$opt_expr.cc:276:group_cell_inputs$42": {
          "hide_name": 1,
          "type": "$not",
          "parameters": {
            "A_SIGNED": "00000000000000000000000000000000",
            "A_WIDTH": "00000000000000000000000000000011",
            "Y_WIDTH": "00000000000000000000000000000011"
          },
          "attributes": {
          },
          "port_directions": {
            "A": "input",
            "Y": "output"
          },
          "connections": {
            "A": [ 3, 4, 5 ],
            "Y": [ 34, 35, 36 ]
          }
        },
        "$auto$opt_expr.cc:716:replace_const_cells$45": {
          "hide_name": 1,
          "type": "$not",
          "parameters": {
            "A_SIGNED": "00000000000000000000000000000000",
            "A_WIDTH": "00000000000000000000000000000001",
            "Y_WIDTH": "00000000000000000000000000000001"
          },
          "attributes": {
          },
          "port_directions": {
            "A": "input",
            "Y": "output"
          },
          "connections": {
            "A": [ 37 ],
            "Y": [ 38 ]
          }
        },
        "$mul$designs/181/top.sv:18$7": {
          "hide_name": 1,
          "type": "$mul",
          "parameters": {
            "A_SIGNED": "00000000000000000000000000000000",
            "A_WIDTH": "00000000000000000000000000001001",
            "B_SIGNED": "00000000000000000000000000000000",
            "B_WIDTH": "00000000000000000000000000001001",
            "Y_WIDTH": "00000000000000000000000000001001"
          },
          "attributes": {
            "src": "designs/181/top.sv:18.53-18.134"
          },
          "port_directions": {
            "A": "input",
            "B": "input",
            "Y": "output"
          },
          "connections": {
            "A": [ 39, 40, 41, 42, 43, 44, 45, 45, 45 ],
            "B": [ 34, 35, 36, "1", "1", "1", "1", "1", "1" ],
            "Y": [ 46, 37, 47, 48, 49, 50, 51, 52, 53 ]
          }
        },
        "$mul$designs/181/top.sv:18$9": {
          "hide_name": 1,
          "type": "$mul",
          "parameters": {
            "A_SIGNED": "00000000000000000000000000000000",
            "A_WIDTH": "00000000000000000000000000001001",
            "B_SIGNED": "00000000000000000000000000000000",
            "B_WIDTH": "00000000000000000000000000000011",
            "Y_WIDTH": "00000000000000000000000000000011"
          },
          "attributes": {
            "src": "designs/181/top.sv:18.33-18.163"
          },
          "port_directions": {
            "A": "input",
            "B": "input",
            "Y": "output"
          },
          "connections": {
            "A": [ 46, 38, 47, 48, 49, 50, 51, 52, 53 ],
            "B": [ 3, 4, 5 ],
            "Y": [ 20, 21, 22 ]
          }
        },
        "$mul$designs/181/top.sv:24$32": {
          "hide_name": 1,
          "type": "$mul",
          "parameters": {
            "A_SIGNED": "00000000000000000000000000000000",
            "A_WIDTH": "00000000000000000000000000001000",
            "B_SIGNED": "00000000000000000000000000000000",
            "B_WIDTH": "00000000000000000000000000000011",
            "Y_WIDTH": "00000000000000000000000000001011"
          },
          "attributes": {
            "src": "designs/181/top.sv:24.36-24.102"
          },
          "port_directions": {
            "A": "input",
            "B": "input",
            "Y": "output"
          },
          "connections": {
            "A": [ 26, 27, 28, 29, 30, 31, 32, 33 ],
            "B": [ 23, 24, 25 ],
            "Y": [ 54, 55, 56, 57, 58, 59, 60, 61, 62, 63, 64 ]
          }
        },
        "$or$designs/181/top.sv:17$1": {
          "hide_name": 1,
          "type": "$or",
          "parameters": {
            "A_SIGNED": "00000000000000000000000000000000",
            "A_WIDTH": "00000000000000000000000000000110",
            "B_SIGNED": "00000000000000000000000000000000",
            "B_WIDTH": "00000000000000000000000000000110",
            "Y_WIDTH": "00000000000000000000000000000110"
          },
          "attributes": {
            "src": "designs/181/top.sv:17.22-17.45"
          },
          "port_directions": {
            "A": "input",
            "B": "input",
            "Y": "output"
          },
          "connections": {
            "A": [ 2, 3, 4, 5, 6, 7 ],
            "B": [ 2, 3, 4, 5, 6, 7 ],
            "Y": [ 65, 66, 67, 68, 69, 70 ]
          }
        },
        "$sub$designs/181/top.sv:18$3": {
          "hide_name": 1,
          "type": "$sub",
          "parameters": {
            "A_SIGNED": "00000000000000000000000000000000",
            "A_WIDTH": "00000000000000000000000000000011",
            "B_SIGNED": "00000000000000000000000000000000",
            "B_WIDTH": "00000000000000000000000000000110",
            "Y_WIDTH": "00000000000000000000000000000111"
          },
          "attributes": {
            "src": "designs/181/top.sv:18.63-18.96"
          },
          "port_directions": {
            "A": "input",
            "B": "input",
            "Y": "output"
          },
          "connections": {
            "A": [ "1", 6, 7 ],
            "B": [ 2, 3, 4, 5, 6, 7 ],
            "Y": [ 39, 40, 41, 42, 43, 44, 45 ]
          }
        },
        "$sub$designs/181/top.sv:24$33": {
          "hide_name": 1,
          "type": "$sub",
          "parameters": {
            "A_SIGNED": "00000000000000000000000000000000",
            "A_WIDTH": "00000000000000000000000000001011",
            "B_SIGNED": "00000000000000000000000000000000",
            "B_WIDTH": "00000000000000000000000000000110",
            "Y_WIDTH": "00000000000000000000000000001100"
          },
          "attributes": {
            "src": "designs/181/top.sv:24.27-24.113"
          },
          "port_directions": {
            "A": "input",
            "B": "input",
            "Y": "output"
          },
          "connections": {
            "A": [ 54, 55, 56, 57, 58, 59, 60, 61, 62, 63, 64 ],
            "B": [ 65, 66, 67, 68, 69, 70 ],
            "Y": [ 8, 9, 10, 11, 12, 13, 14, 15, 16, 17, 18, 19 ]
          }
        }
      },
      "netnames": {
        "$add$designs/181/top.sv:24$31_Y": {
          "hide_name": 1,
          "bits": [ 26, 27, 28, 29, 30, 31 ],
          "attributes": {
          }
        },
        "$auto$opt_expr.cc:205:group_cell_inputs$41": {
          "hide_name": 1,
          "bits": [ 34, 35, 36 ],
          "attributes": {
          }
        },
        "$auto$rtlil.cc:3334:Not$46": {
          "hide_name": 1,
          "bits": [ 38 ],
          "attributes": {
          }
        },
        "$auto$wreduce.cc:514:run$34": {
          "hide_name": 1,
          "bits": [ 54, 55, 56, 57, 58, 59, 60, 61, 62, 63, 64, "0", "0", "0", "0", "0", "0", "0", "0", "0", "0", "0", "0", "0", "0" ],
          "attributes": {
            "src": "designs/181/top.sv:24.36-24.102"
          }
        },
        "$auto$wreduce.cc:514:run$35": {
          "hide_name": 1,
          "bits": [ 26, 27, 28, 29, 30, 31, 32, 33, "0", "0", "0", "0", "0", "0", "0", "0", "0", "0", "0", "0", "0", "0", "0", "0", "0" ],
          "attributes": {
            "src": "designs/181/top.sv:24.37-24.92"
          }
        },
        "$mul$designs/181/top.sv:18$7_Y": {
          "hide_name": 1,
          "bits": [ 46, 37, 47, 48, 49, 50, 51, 52, 53 ],
          "attributes": {
            "src": "designs/181/top.sv:18.53-18.134"
          }
        },
        "$mul$designs/181/top.sv:18$9_Y": {
          "hide_name": 1,
          "bits": [ 20, 21, 22, 71, 72, 73, 74, 75, 76 ],
          "attributes": {
            "src": "designs/181/top.sv:18.33-18.163",
            "unused_bits": "3 4 5 6 7 8"
          }
        },
        "$sub$designs/181/top.sv:18$3_Y": {
          "hide_name": 1,
          "bits": [ 39, 40, 41, 42, 43, 44, 45, 45, 45 ],
          "attributes": {
            "src": "designs/181/top.sv:18.63-18.96"
          }
        },
        "input_data": {
          "hide_name": 0,
          "bits": [ 2, 3, 4, 5, 6, 7 ],
          "attributes": {
            "src": "designs/181/top.sv:2.17-2.27"
          }
        },
        "output_data": {
          "hide_name": 0,
          "bits": [ 8, 9, 10, 11, 12, 13, 14, 15, 16, 17, 18, 19, 19, 19, 19, 19, 19, 19, 19, 19, 19, 19, 19, 19 ],
          "attributes": {
            "src": "designs/181/top.sv:3.19-3.30"
          }
        },
        "temp_2": {
          "hide_name": 0,
          "bits": [ 65, 66, 67, 68, 69, 70, "0", "0", "0", "0", "0", "0", "0" ],
          "attributes": {
            "src": "designs/181/top.sv:8.18-8.24"
          }
        },
        "temp_3": {
          "hide_name": 0,
          "bits": [ 23, 24, 25 ],
          "attributes": {
            "src": "designs/181/top.sv:9.17-9.23"
          }
        }
      }
    }
  }
}
