{
  "creator": "Yosys 0.60 (git sha1 5bafeb77dc71e054fa331ab9efa613e6fb0a1c49, clang++ 17.0.0 -fPIC -O3)",
  "modules": {
    "top": {
      "attributes": {
        "top": "00000000000000000000000000000001",
        "src": "designs/147/top.sv:1.1-36.10"
      },
      "ports": {
        "input_data": {
          "direction": "input",
          "bits": [ 2, 3, 4, 5, 6, 7, 8, 9, 10, 11, 12, 13 ]
        },
        "output_data": {
          "direction": "output",
          "bits": [ 14, 15, 16, 17, 18, 19, 20, 21, "1" ]
        }
      },
      "cells": {
        "$add$designs/147/top.sv:21$4": {
          "hide_name": 1,
          "type": "$add",
          "parameters": {
            "A_SIGNED": "00000000000000000000000000000000",
            "A_WIDTH": "00000000000000000000000000000010",
            "B_SIGNED": "00000000000000000000000000000000",
            "B_WIDTH": "00000000000000000000000000000010",
            "Y_WIDTH": "00000000000000000000000000000010"
          },
          "attributes": {
            "src": "designs/147/top.sv:21.22-21.63"
          },
          "port_directions": {
            "A": "input",
            "B": "input",
            "Y": "output"
          },
          "connections": {
            "A": [ 22, 23 ],
            "B": [ 2, 3 ],
            "Y": [ 24, 25 ]
          }
        },
        "$add$designs/147/top.sv:27$10": {
          "hide_name": 1,
          "type": "$add",
          "parameters": {
            "A_SIGNED": "00000000000000000000000000000000",
            "A_WIDTH": "00000000000000000000000000001000",
            "B_SIGNED": "00000000000000000000000000000000",
            "B_WIDTH": "00000000000000000000000000001100",
            "Y_WIDTH": "00000000000000000000000000001101"
          },
          "attributes": {
            "src": "designs/147/top.sv:27.33-27.48"
          },
          "port_directions": {
            "A": "input",
            "B": "input",
            "Y": "output"
          },
          "connections": {
            "A": [ 26, 27, 28, 29, 30, 31, 32, 33 ],
            "B": [ 2, 3, 4, 5, 6, 7, 8, 9, 10, 11, 12, 13 ],
            "Y": [ 34, 35, 36, 37, 38, 39, 40, 41, 42, 43, 44, 45, 46 ]
          }
        },
        "$auto$opt_expr.cc:276:group_cell_inputs$27": {
          "hide_name": 1,
          "type": "$xor",
          "parameters": {
            "A_SIGNED": "00000000000000000000000000000000",
            "A_WIDTH": "00000000000000000000000000001100",
            "B_SIGNED": "00000000000000000000000000000000",
            "B_WIDTH": "00000000000000000000000000001100",
            "Y_WIDTH": "00000000000000000000000000001100"
          },
          "attributes": {
          },
          "port_directions": {
            "A": "input",
            "B": "input",
            "Y": "output"
          },
          "connections": {
            "A": [ 34, 35, 36, 37, 38, 39, 40, 41, 42, 43, 44, 45 ],
            "B": [ 2, 3, 4, 5, 6, 7, 8, 9, 10, 11, 12, 13 ],
            "Y": [ 47, 48, 49, 50, 51, 52, 53, 54, 55, 56, 57, 58 ]
          }
        },
        "$auto$opt_expr.cc:276:group_cell_inputs$33": {
          "hide_name": 1,
          "type": "$not",
          "parameters": {
            "A_SIGNED": "00000000000000000000000000000000",
            "A_WIDTH": "00000000000000000000000000001000",
            "Y_WIDTH": "00000000000000000000000000001000"
          },
          "attributes": {
          },
          "port_directions": {
            "A": "input",
            "Y": "output"
          },
          "connections": {
            "A": [ 52, 53, 54, 55, 56, 57, 58, 46 ],
            "Y": [ 59, 60, 61, 62, 63, 64, 65, 66 ]
          }
        },
        "$auto$opt_expr.cc:276:group_cell_inputs$37": {
          "hide_name": 1,
          "type": "$or",
          "parameters": {
            "A_SIGNED": "00000000000000000000000000000000",
            "A_WIDTH": "00000000000000000000000000001000",
            "B_SIGNED": "00000000000000000000000000000000",
            "B_WIDTH": "00000000000000000000000000001000",
            "Y_WIDTH": "00000000000000000000000000001000"
          },
          "attributes": {
          },
          "port_directions": {
            "A": "input",
            "B": "input",
            "Y": "output"
          },
          "connections": {
            "A": [ 67, 68, 69, 70, 71, 72, 73, 74 ],
            "B": [ 59, 60, 61, 62, 63, 64, 65, 66 ],
            "Y": [ 14, 15, 16, 17, 18, 19, 20, 21 ]
          }
        },
        "$mul$designs/147/top.sv:21$3": {
          "hide_name": 1,
          "type": "$mul",
          "parameters": {
            "A_SIGNED": "00000000000000000000000000000000",
            "A_WIDTH": "00000000000000000000000000001100",
            "B_SIGNED": "00000000000000000000000000000000",
            "B_WIDTH": "00000000000000000000000000001100",
            "Y_WIDTH": "00000000000000000000000000000010"
          },
          "attributes": {
            "src": "designs/147/top.sv:21.23-21.47"
          },
          "port_directions": {
            "A": "input",
            "B": "input",
            "Y": "output"
          },
          "connections": {
            "A": [ 2, 3, 4, 5, 6, 7, 8, 9, 10, 11, 12, 13 ],
            "B": [ 2, 3, 4, 5, 6, 7, 8, 9, 10, 11, 12, 13 ],
            "Y": [ 22, 23 ]
          }
        },
        "$mul$designs/147/top.sv:24$6": {
          "hide_name": 1,
          "type": "$mul",
          "parameters": {
            "A_SIGNED": "00000000000000000000000000000001",
            "A_WIDTH": "00000000000000000000000000001101",
            "B_SIGNED": "00000000000000000000000000000001",
            "B_WIDTH": "00000000000000000000000000001101",
            "Y_WIDTH": "00000000000000000000000000000100"
          },
          "attributes": {
            "src": "designs/147/top.sv:24.30-24.73"
          },
          "port_directions": {
            "A": "input",
            "B": "input",
            "Y": "output"
          },
          "connections": {
            "A": [ 75, 76, 77, 78, 79, 80, 81, 82, 83, 84, 85, 86, 87 ],
            "B": [ 2, 3, 4, 5, 6, 7, 8, 9, 10, 11, 12, 13, "0" ],
            "Y": [ 88, 89, 90, 91 ]
          }
        },
        "$mul$designs/147/top.sv:26$8": {
          "hide_name": 1,
          "type": "$mul",
          "parameters": {
            "A_SIGNED": "00000000000000000000000000000000",
            "A_WIDTH": "00000000000000000000000000000010",
            "B_SIGNED": "00000000000000000000000000000000",
            "B_WIDTH": "00000000000000000000000000001000",
            "Y_WIDTH": "00000000000000000000000000001000"
          },
          "attributes": {
            "src": "designs/147/top.sv:26.40-26.65"
          },
          "port_directions": {
            "A": "input",
            "B": "input",
            "Y": "output"
          },
          "connections": {
            "A": [ 24, 25 ],
            "B": [ 5, 6, 7, 8, 9, 10, 11, 12 ],
            "Y": [ 92, 93, 94, 95, 96, 97, 98, 99 ]
          }
        },
        "$mul$designs/147/top.sv:34$19": {
          "hide_name": 1,
          "type": "$mul",
          "parameters": {
            "A_SIGNED": "00000000000000000000000000000000",
            "A_WIDTH": "00000000000000000000000000000100",
            "B_SIGNED": "00000000000000000000000000000000",
            "B_WIDTH": "00000000000000000000000000000100",
            "Y_WIDTH": "00000000000000000000000000001000"
          },
          "attributes": {
            "src": "designs/147/top.sv:34.28-34.43"
          },
          "port_directions": {
            "A": "input",
            "B": "input",
            "Y": "output"
          },
          "connections": {
            "A": [ 88, 89, 90, 91 ],
            "B": [ 88, 89, 90, 91 ],
            "Y": [ 67, 68, 69, 70, 71, 72, 73, 74 ]
          }
        },
        "$sub$designs/147/top.sv:24$5": {
          "hide_name": 1,
          "type": "$sub",
          "parameters": {
            "A_SIGNED": "00000000000000000000000000000000",
            "A_WIDTH": "00000000000000000000000000001001",
            "B_SIGNED": "00000000000000000000000000000000",
            "B_WIDTH": "00000000000000000000000000001100",
            "Y_WIDTH": "00000000000000000000000000001101"
          },
          "attributes": {
            "src": "designs/147/top.sv:24.41-24.62"
          },
          "port_directions": {
            "A": "input",
            "B": "input",
            "Y": "output"
          },
          "connections": {
            "A": [ 5, 6, 7, 8, 9, 10, 11, 12, 13 ],
            "B": [ 2, 3, 4, 5, 6, 7, 8, 9, 10, 11, 12, 13 ],
            "Y": [ 75, 76, 77, 78, 79, 80, 81, 82, 83, 84, 85, 86, 87 ]
          }
        },
        "$ternary$designs/147/top.sv:26$9": {
          "hide_name": 1,
          "type": "$mux",
          "parameters": {
            "WIDTH": "00000000000000000000000000001000"
          },
          "attributes": {
            "src": "designs/147/top.sv:26.21-26.83"
          },
          "port_directions": {
            "A": "input",
            "B": "input",
            "S": "input",
            "Y": "output"
          },
          "connections": {
            "A": [ 24, 25, "0", "0", "0", "0", "0", "0" ],
            "B": [ 92, 93, 94, 95, 96, 97, 98, 99 ],
            "S": [ 4 ],
            "Y": [ 26, 27, 28, 29, 30, 31, 32, 33 ]
          }
        }
      },
      "netnames": {
        "$add$designs/147/top.sv:27$10_Y": {
          "hide_name": 1,
          "bits": [ 34, 35, 36, 37, 38, 39, 40, 41, 42, 43, 44, 45, 46, "0", "0", "0", "0", "0", "0", "0", "0", "0", "0", "0", "0", "0", "0", "0", "0", "0" ],
          "attributes": {
            "src": "designs/147/top.sv:27.33-27.48"
          }
        },
        "$auto$opt_expr.cc:205:group_cell_inputs$32": {
          "hide_name": 1,
          "bits": [ 59, 60, 61, 62, 63, 64, 65, 66 ],
          "attributes": {
          }
        },
        "$auto$wreduce.cc:514:run$25": {
          "hide_name": 1,
          "bits": [ 22, 23, 100, 101, 102, 103, 104, 105, 106, 107, 108, 109, 110, 111, 112, 113, 114, 115, 116, 117, 118, 119, 120 ],
          "attributes": {
            "src": "designs/147/top.sv:21.23-21.47",
            "unused_bits": "2 3 4 5 6 7 8 9 10 11 12 13 14 15 16 17 18 19 20 21 22"
          }
        },
        "$mul$designs/147/top.sv:26$8_Y": {
          "hide_name": 1,
          "bits": [ 92, 93, 94, 95, 96, 97, 98, 99 ],
          "attributes": {
            "src": "designs/147/top.sv:26.40-26.65"
          }
        },
        "$mul$designs/147/top.sv:34$19_Y": {
          "hide_name": 1,
          "bits": [ 67, 68, 69, 70, 71, 72, 73, 74, "0", "0", "0", "0", "0", "0", "0", "0", "0", "0", "0" ],
          "attributes": {
            "src": "designs/147/top.sv:34.28-34.43"
          }
        },
        "$sub$designs/147/top.sv:24$5_Y": {
          "hide_name": 1,
          "bits": [ 75, 76, 77, 78, 79, 80, 81, 82, 83, 84, 85, 86, 87, 87, 87, 87, 87, 87, 87, 87, 87, 87, 87, 87, 87, 87, 87, 87, 87, 87 ],
          "attributes": {
            "src": "designs/147/top.sv:24.41-24.62"
          }
        },
        "input_data": {
          "hide_name": 0,
          "bits": [ 2, 3, 4, 5, 6, 7, 8, 9, 10, 11, 12, 13 ],
          "attributes": {
            "src": "designs/147/top.sv:2.18-2.28"
          }
        },
        "output_data": {
          "hide_name": 0,
          "bits": [ 14, 15, 16, 17, 18, 19, 20, 21, "1" ],
          "attributes": {
            "src": "designs/147/top.sv:3.18-3.29"
          }
        },
        "temp_1": {
          "hide_name": 0,
          "bits": [ 24, 25 ],
          "attributes": {
            "src": "designs/147/top.sv:7.17-7.23"
          }
        },
        "temp_4": {
          "hide_name": 0,
          "bits": [ 88, 89, 90, 91 ],
          "attributes": {
            "src": "designs/147/top.sv:10.17-10.23"
          }
        },
        "temp_6": {
          "hide_name": 0,
          "bits": [ 26, 27, 28, 29, 30, 31, 32, 33 ],
          "attributes": {
            "src": "designs/147/top.sv:12.17-12.23"
          }
        },
        "temp_7": {
          "hide_name": 0,
          "bits": [ 47, 48, 49, 50, 51, 52, 53, 54, 55, 56, 57, 58, 46, "0", "0", "0", "0", "0", "0", "0", "0", "0", "0", "0" ],
          "attributes": {
            "src": "designs/147/top.sv:13.18-13.24",
            "unused_bits": "0 1 2 3 4"
          }
        }
      }
    }
  }
}
