{
  "creator": "Yosys 0.60 (git sha1 5bafeb77dc71e054fa331ab9efa613e6fb0a1c49, clang++ 17.0.0 -fPIC -O3)",
  "modules": {
    "top": {
      "attributes": {
        "top": "00000000000000000000000000000001",
        "src": "designs/31/top.sv:1.1-38.10"
      },
      "ports": {
        "input_data": {
          "direction": "input",
          "bits": [ 2, 3, 4 ]
        },
        "output_data": {
          "direction": "output",
          "bits": [ 5, 6, 7, 8, 9, 10 ]
        }
      },
      "cells": {
        "$add$designs/31/top.sv:22$10": {
          "hide_name": 1,
          "type": "$add",
          "parameters": {
            "A_SIGNED": "00000000000000000000000000000000",
            "A_WIDTH": "00000000000000000000000000001011",
            "B_SIGNED": "00000000000000000000000000000000",
            "B_WIDTH": "00000000000000000000000000000010",
            "Y_WIDTH": "00000000000000000000000000001011"
          },
          "attributes": {
            "src": "designs/31/top.sv:22.22-22.177"
          },
          "port_directions": {
            "A": "input",
            "B": "input",
            "Y": "output"
          },
          "connections": {
            "A": [ 11, 12, 13, "0", "0", "0", "0", "0", "0", "0", "0" ],
            "B": [ 2, 3 ],
            "Y": [ 14, 15, 16, 17, 18, 19, 20, 21, 22, 23, 24 ]
          }
        },
        "$add$designs/31/top.sv:22$8": {
          "hide_name": 1,
          "type": "$add",
          "parameters": {
            "A_SIGNED": "00000000000000000000000000000000",
            "A_WIDTH": "00000000000000000000000000001011",
            "B_SIGNED": "00000000000000000000000000000000",
            "B_WIDTH": "00000000000000000000000000000011",
            "Y_WIDTH": "00000000000000000000000000001011"
          },
          "attributes": {
            "src": "designs/31/top.sv:22.40-22.146"
          },
          "port_directions": {
            "A": "input",
            "B": "input",
            "Y": "output"
          },
          "connections": {
            "A": [ 25, 26, 27, 28, 29, 30, 31, 32, 33, 34, 35 ],
            "B": [ 2, 3, 4 ],
            "Y": [ 36, 37, 38, 39, 40, 41, 42, 43, 44, 45, 46 ]
          }
        },
        "$add$designs/31/top.sv:23$24": {
          "hide_name": 1,
          "type": "$add",
          "parameters": {
            "A_SIGNED": "00000000000000000000000000000000",
            "A_WIDTH": "00000000000000000000000000001001",
            "B_SIGNED": "00000000000000000000000000000000",
            "B_WIDTH": "00000000000000000000000000000011",
            "Y_WIDTH": "00000000000000000000000000001010"
          },
          "attributes": {
            "src": "designs/31/top.sv:23.268-23.298"
          },
          "port_directions": {
            "A": "input",
            "B": "input",
            "Y": "output"
          },
          "connections": {
            "A": [ 47, 48, 49, "0", "0", "0", "0", "0", "0" ],
            "B": [ 2, 3, 4 ],
            "Y": [ 50, 51, 52, 53, 54, 55, 56, 57, 58, 59 ]
          }
        },
        "$add$designs/31/top.sv:29$56": {
          "hide_name": 1,
          "type": "$add",
          "parameters": {
            "A_SIGNED": "00000000000000000000000000000000",
            "A_WIDTH": "00000000000000000000000000000011",
            "B_SIGNED": "00000000000000000000000000000000",
            "B_WIDTH": "00000000000000000000000000001011",
            "Y_WIDTH": "00000000000000000000000000001011"
          },
          "attributes": {
            "src": "designs/31/top.sv:29.33-29.61"
          },
          "port_directions": {
            "A": "input",
            "B": "input",
            "Y": "output"
          },
          "connections": {
            "A": [ 2, 3, 4 ],
            "B": [ 60, 61, 62, 63, 64, 65, 66, 67, 68, 69, 70 ],
            "Y": [ 71, 72, 73, 74, 75, 76, 77, 78, 79, 80, 81 ]
          }
        },
        "$add$designs/31/top.sv:32$78": {
          "hide_name": 1,
          "type": "$add",
          "parameters": {
            "A_SIGNED": "00000000000000000000000000000000",
            "A_WIDTH": "00000000000000000000000000010100",
            "B_SIGNED": "00000000000000000000000000000000",
            "B_WIDTH": "00000000000000000000000000011000",
            "Y_WIDTH": "00000000000000000000000000011000"
          },
          "attributes": {
            "src": "designs/31/top.sv:32.32-32.153"
          },
          "port_directions": {
            "A": "input",
            "B": "input",
            "Y": "output"
          },
          "connections": {
            "A": [ 82, 83, 84, 85, 86, 87, 88, 89, 90, 91, 92, "0", "0", "0", "0", "0", "0", "0", "0", "0" ],
            "B": [ 93, 94, "1", "1", "1", "1", "1", "1", "1", "1", "1", "1", "1", "1", "1", "1", "1", "1", "1", "1", "1", "1", "1", "1" ],
            "Y": [ 95, 96, 97, 98, 99, 100, 101, 102, 103, 104, 105, 106, 107, 108, 109, 110, 111, 112, 113, 114, 115, 116, 117, 118 ]
          }
        },
        "$add$designs/31/top.sv:36$103": {
          "hide_name": 1,
          "type": "$add",
          "parameters": {
            "A_SIGNED": "00000000000000000000000000000000",
            "A_WIDTH": "00000000000000000000000000000110",
            "B_SIGNED": "00000000000000000000000000000000",
            "B_WIDTH": "00000000000000000000000000000110",
            "Y_WIDTH": "00000000000000000000000000000110"
          },
          "attributes": {
            "src": "designs/31/top.sv:36.85-36.143"
          },
          "port_directions": {
            "A": "input",
            "B": "input",
            "Y": "output"
          },
          "connections": {
            "A": [ 119, 120, 121, 122, 123, 124 ],
            "B": [ 125, 126, 127, 128, 129, 130 ],
            "Y": [ 131, 132, 133, 134, 135, 136 ]
          }
        },
        "$add$designs/31/top.sv:36$107": {
          "hide_name": 1,
          "type": "$add",
          "parameters": {
            "A_SIGNED": "00000000000000000000000000000000",
            "A_WIDTH": "00000000000000000000000000000110",
            "B_SIGNED": "00000000000000000000000000000000",
            "B_WIDTH": "00000000000000000000000000000110",
            "Y_WIDTH": "00000000000000000000000000000110"
          },
          "attributes": {
            "src": "designs/31/top.sv:36.56-36.194"
          },
          "port_directions": {
            "A": "input",
            "B": "input",
            "Y": "output"
          },
          "connections": {
            "A": [ 137, 138, 139, "0", "0", "0" ],
            "B": [ 140, 140, 140, 140, 140, 140 ],
            "Y": [ 141, 142, 143, 144, 145, 146 ]
          }
        },
        "$add$designs/31/top.sv:36$111": {
          "hide_name": 1,
          "type": "$add",
          "parameters": {
            "A_SIGNED": "00000000000000000000000000000000",
            "A_WIDTH": "00000000000000000000000000000110",
            "B_SIGNED": "00000000000000000000000000000000",
            "B_WIDTH": "00000000000000000000000000000110",
            "Y_WIDTH": "00000000000000000000000000000110"
          },
          "attributes": {
            "src": "designs/31/top.sv:36.36-36.227"
          },
          "port_directions": {
            "A": "input",
            "B": "input",
            "Y": "output"
          },
          "connections": {
            "A": [ 147, 148, 149, 150, 151, 152 ],
            "B": [ 153, 154, "1", "1", "1", "1" ],
            "Y": [ 155, 156, 157, 158, 159, 160 ]
          }
        },
        "$auto$opt_expr.cc:276:group_cell_inputs$119": {
          "hide_name": 1,
          "type": "$and",
          "parameters": {
            "A_SIGNED": "00000000000000000000000000000000",
            "A_WIDTH": "00000000000000000000000000000011",
            "B_SIGNED": "00000000000000000000000000000000",
            "B_WIDTH": "00000000000000000000000000000011",
            "Y_WIDTH": "00000000000000000000000000000011"
          },
          "attributes": {
          },
          "port_directions": {
            "A": "input",
            "B": "input",
            "Y": "output"
          },
          "connections": {
            "A": [ 161, 162, 163 ],
            "B": [ 2, 3, 4 ],
            "Y": [ 47, 48, 49 ]
          }
        },
        "$auto$opt_expr.cc:276:group_cell_inputs$123": {
          "hide_name": 1,
          "type": "$xor",
          "parameters": {
            "A_SIGNED": "00000000000000000000000000000000",
            "A_WIDTH": "00000000000000000000000000000011",
            "B_SIGNED": "00000000000000000000000000000000",
            "B_WIDTH": "00000000000000000000000000000011",
            "Y_WIDTH": "00000000000000000000000000000011"
          },
          "attributes": {
          },
          "port_directions": {
            "A": "input",
            "B": "input",
            "Y": "output"
          },
          "connections": {
            "A": [ 164, 165, 166 ],
            "B": [ 2, 3, 4 ],
            "Y": [ 167, 168, 169 ]
          }
        },
        "$auto$opt_expr.cc:276:group_cell_inputs$126": {
          "hide_name": 1,
          "type": "$and",
          "parameters": {
            "A_SIGNED": "00000000000000000000000000000000",
            "A_WIDTH": "00000000000000000000000000000011",
            "B_SIGNED": "00000000000000000000000000000000",
            "B_WIDTH": "00000000000000000000000000000011",
            "Y_WIDTH": "00000000000000000000000000000011"
          },
          "attributes": {
          },
          "port_directions": {
            "A": "input",
            "B": "input",
            "Y": "output"
          },
          "connections": {
            "A": [ 36, 37, 38 ],
            "B": [ 2, 3, 4 ],
            "Y": [ 11, 12, 13 ]
          }
        },
        "$auto$opt_expr.cc:276:group_cell_inputs$164": {
          "hide_name": 1,
          "type": "$and",
          "parameters": {
            "A_SIGNED": "00000000000000000000000000000000",
            "A_WIDTH": "00000000000000000000000000000011",
            "B_SIGNED": "00000000000000000000000000000000",
            "B_WIDTH": "00000000000000000000000000000011",
            "Y_WIDTH": "00000000000000000000000000000011"
          },
          "attributes": {
          },
          "port_directions": {
            "A": "input",
            "B": "input",
            "Y": "output"
          },
          "connections": {
            "A": [ 60, 61, 62 ],
            "B": [ 2, 3, 4 ],
            "Y": [ 170, 171, 172 ]
          }
        },
        "$auto$opt_expr.cc:276:group_cell_inputs$168": {
          "hide_name": 1,
          "type": "$or",
          "parameters": {
            "A_SIGNED": "00000000000000000000000000000000",
            "A_WIDTH": "00000000000000000000000000000011",
            "B_SIGNED": "00000000000000000000000000000000",
            "B_WIDTH": "00000000000000000000000000000011",
            "Y_WIDTH": "00000000000000000000000000000011"
          },
          "attributes": {
          },
          "port_directions": {
            "A": "input",
            "B": "input",
            "Y": "output"
          },
          "connections": {
            "A": [ 170, 171, 172 ],
            "B": [ 2, 3, 4 ],
            "Y": [ 173, 174, 175 ]
          }
        },
        "$auto$opt_expr.cc:276:group_cell_inputs$171": {
          "hide_name": 1,
          "type": "$not",
          "parameters": {
            "A_SIGNED": "00000000000000000000000000000000",
            "A_WIDTH": "00000000000000000000000000001011",
            "Y_WIDTH": "00000000000000000000000000001011"
          },
          "attributes": {
          },
          "port_directions": {
            "A": "input",
            "Y": "output"
          },
          "connections": {
            "A": [ 14, 15, 16, 17, 18, 19, 20, 21, 22, 23, 24 ],
            "Y": [ 176, 177, 178, 179, 180, 181, 182, 183, 184, 185, 186 ]
          }
        },
        "$auto$opt_expr.cc:276:group_cell_inputs$186": {
          "hide_name": 1,
          "type": "$not",
          "parameters": {
            "A_SIGNED": "00000000000000000000000000000000",
            "A_WIDTH": "00000000000000000000000000000011",
            "Y_WIDTH": "00000000000000000000000000000011"
          },
          "attributes": {
          },
          "port_directions": {
            "A": "input",
            "Y": "output"
          },
          "connections": {
            "A": [ 2, 3, 4 ],
            "Y": [ 187, 188, 189 ]
          }
        },
        "$auto$opt_expr.cc:276:group_cell_inputs$193": {
          "hide_name": 1,
          "type": "$and",
          "parameters": {
            "A_SIGNED": "00000000000000000000000000000000",
            "A_WIDTH": "00000000000000000000000000000011",
            "B_SIGNED": "00000000000000000000000000000000",
            "B_WIDTH": "00000000000000000000000000000011",
            "Y_WIDTH": "00000000000000000000000000000011"
          },
          "attributes": {
          },
          "port_directions": {
            "A": "input",
            "B": "input",
            "Y": "output"
          },
          "connections": {
            "A": [ 2, 3, 4 ],
            "B": [ 14, 15, 16 ],
            "Y": [ 190, 191, 192 ]
          }
        },
        "$auto$opt_expr.cc:276:group_cell_inputs$201": {
          "hide_name": 1,
          "type": "$and",
          "parameters": {
            "A_SIGNED": "00000000000000000000000000000000",
            "A_WIDTH": "00000000000000000000000000000011",
            "B_SIGNED": "00000000000000000000000000000000",
            "B_WIDTH": "00000000000000000000000000000011",
            "Y_WIDTH": "00000000000000000000000000000011"
          },
          "attributes": {
          },
          "port_directions": {
            "A": "input",
            "B": "input",
            "Y": "output"
          },
          "connections": {
            "A": [ 193, 194, 195 ],
            "B": [ 2, 3, 4 ],
            "Y": [ 196, 197, 198 ]
          }
        },
        "$auto$opt_expr.cc:276:group_cell_inputs$208": {
          "hide_name": 1,
          "type": "$not",
          "parameters": {
            "A_SIGNED": "00000000000000000000000000000000",
            "A_WIDTH": "00000000000000000000000000000011",
            "Y_WIDTH": "00000000000000000000000000000011"
          },
          "attributes": {
          },
          "port_directions": {
            "A": "input",
            "Y": "output"
          },
          "connections": {
            "A": [ 22, 23, 24 ],
            "Y": [ 199, 200, 201 ]
          }
        },
        "$auto$opt_expr.cc:276:group_cell_inputs$219": {
          "hide_name": 1,
          "type": "$or",
          "parameters": {
            "A_SIGNED": "00000000000000000000000000000000",
            "A_WIDTH": "00000000000000000000000000001011",
            "B_SIGNED": "00000000000000000000000000000000",
            "B_WIDTH": "00000000000000000000000000001011",
            "Y_WIDTH": "00000000000000000000000000001011"
          },
          "attributes": {
          },
          "port_directions": {
            "A": "input",
            "B": "input",
            "Y": "output"
          },
          "connections": {
            "A": [ 202, 203, 204, 128, 129, 130, 205, 206, 207, 208, 209 ],
            "B": [ 125, 126, 127, 128, 129, 130, 205, 206, 207, 208, 209 ],
            "Y": [ 82, 83, 84, 85, 86, 87, 88, 89, 90, 91, 92 ]
          }
        },
        "$auto$opt_expr.cc:276:group_cell_inputs$222": {
          "hide_name": 1,
          "type": "$not",
          "parameters": {
            "A_SIGNED": "00000000000000000000000000000000",
            "A_WIDTH": "00000000000000000000000000000010",
            "Y_WIDTH": "00000000000000000000000000000010"
          },
          "attributes": {
          },
          "port_directions": {
            "A": "input",
            "Y": "output"
          },
          "connections": {
            "A": [ 208, 209 ],
            "Y": [ 93, 94 ]
          }
        },
        "$auto$opt_expr.cc:276:group_cell_inputs$226": {
          "hide_name": 1,
          "type": "$xor",
          "parameters": {
            "A_SIGNED": "00000000000000000000000000000000",
            "A_WIDTH": "00000000000000000000000000001000",
            "B_SIGNED": "00000000000000000000000000000000",
            "B_WIDTH": "00000000000000000000000000001000",
            "Y_WIDTH": "00000000000000000000000000001000"
          },
          "attributes": {
          },
          "port_directions": {
            "A": "input",
            "B": "input",
            "Y": "output"
          },
          "connections": {
            "A": [ 210, 211, 212, 213, 214, 215, 216, 217 ],
            "B": [ 60, 61, 62, 63, 64, 65, 66, 67 ],
            "Y": [ 218, 219, 220, 221, 222, 223, 224, 225 ]
          }
        },
        "$auto$opt_expr.cc:276:group_cell_inputs$229": {
          "hide_name": 1,
          "type": "$or",
          "parameters": {
            "A_SIGNED": "00000000000000000000000000000000",
            "A_WIDTH": "00000000000000000000000000000001",
            "B_SIGNED": "00000000000000000000000000000000",
            "B_WIDTH": "00000000000000000000000000000001",
            "Y_WIDTH": "00000000000000000000000000000001"
          },
          "attributes": {
          },
          "port_directions": {
            "A": "input",
            "B": "input",
            "Y": "output"
          },
          "connections": {
            "A": [ 226 ],
            "B": [ 14 ],
            "Y": [ 227 ]
          }
        },
        "$auto$opt_expr.cc:276:group_cell_inputs$251": {
          "hide_name": 1,
          "type": "$and",
          "parameters": {
            "A_SIGNED": "00000000000000000000000000000000",
            "A_WIDTH": "00000000000000000000000000000011",
            "B_SIGNED": "00000000000000000000000000000000",
            "B_WIDTH": "00000000000000000000000000000011",
            "Y_WIDTH": "00000000000000000000000000000011"
          },
          "attributes": {
          },
          "port_directions": {
            "A": "input",
            "B": "input",
            "Y": "output"
          },
          "connections": {
            "A": [ 228, 229, 230 ],
            "B": [ 231, 232, 233 ],
            "Y": [ 137, 138, 139 ]
          }
        },
        "$auto$opt_expr.cc:276:group_cell_inputs$255": {
          "hide_name": 1,
          "type": "$not",
          "parameters": {
            "A_SIGNED": "00000000000000000000000000000000",
            "A_WIDTH": "00000000000000000000000000000001",
            "Y_WIDTH": "00000000000000000000000000000001"
          },
          "attributes": {
          },
          "port_directions": {
            "A": "input",
            "Y": "output"
          },
          "connections": {
            "A": [ 234 ],
            "Y": [ 140 ]
          }
        },
        "$auto$opt_expr.cc:276:group_cell_inputs$257": {
          "hide_name": 1,
          "type": "$not",
          "parameters": {
            "A_SIGNED": "00000000000000000000000000000000",
            "A_WIDTH": "00000000000000000000000000000010",
            "Y_WIDTH": "00000000000000000000000000000010"
          },
          "attributes": {
          },
          "port_directions": {
            "A": "input",
            "Y": "output"
          },
          "connections": {
            "A": [ 235, 236 ],
            "Y": [ 153, 154 ]
          }
        },
        "$auto$opt_expr.cc:276:group_cell_inputs$261": {
          "hide_name": 1,
          "type": "$or",
          "parameters": {
            "A_SIGNED": "00000000000000000000000000000000",
            "A_WIDTH": "00000000000000000000000000000011",
            "B_SIGNED": "00000000000000000000000000000000",
            "B_WIDTH": "00000000000000000000000000000011",
            "Y_WIDTH": "00000000000000000000000000000011"
          },
          "attributes": {
          },
          "port_directions": {
            "A": "input",
            "B": "input",
            "Y": "output"
          },
          "connections": {
            "A": [ 237, 238, 239 ],
            "B": [ 187, 188, 189 ],
            "Y": [ 240, 241, 242 ]
          }
        },
        "$auto$opt_expr.cc:276:group_cell_inputs$265": {
          "hide_name": 1,
          "type": "$xor",
          "parameters": {
            "A_SIGNED": "00000000000000000000000000000000",
            "A_WIDTH": "00000000000000000000000000000011",
            "B_SIGNED": "00000000000000000000000000000000",
            "B_WIDTH": "00000000000000000000000000000011",
            "Y_WIDTH": "00000000000000000000000000000011"
          },
          "attributes": {
          },
          "port_directions": {
            "A": "input",
            "B": "input",
            "Y": "output"
          },
          "connections": {
            "A": [ 47, 48, 49 ],
            "B": [ 176, 177, 178 ],
            "Y": [ 243, 244, 245 ]
          }
        },
        "$auto$opt_expr.cc:276:group_cell_inputs$268": {
          "hide_name": 1,
          "type": "$or",
          "parameters": {
            "A_SIGNED": "00000000000000000000000000000000",
            "A_WIDTH": "00000000000000000000000000000011",
            "B_SIGNED": "00000000000000000000000000000000",
            "B_WIDTH": "00000000000000000000000000000011",
            "Y_WIDTH": "00000000000000000000000000000011"
          },
          "attributes": {
          },
          "port_directions": {
            "A": "input",
            "B": "input",
            "Y": "output"
          },
          "connections": {
            "A": [ 246, 247, 248 ],
            "B": [ 199, 200, 201 ],
            "Y": [ 249, 250, 251 ]
          }
        },
        "$auto$opt_expr.cc:276:group_cell_inputs$272": {
          "hide_name": 1,
          "type": "$or",
          "parameters": {
            "A_SIGNED": "00000000000000000000000000000000",
            "A_WIDTH": "00000000000000000000000000000011",
            "B_SIGNED": "00000000000000000000000000000000",
            "B_WIDTH": "00000000000000000000000000000011",
            "Y_WIDTH": "00000000000000000000000000000011"
          },
          "attributes": {
          },
          "port_directions": {
            "A": "input",
            "B": "input",
            "Y": "output"
          },
          "connections": {
            "A": [ 249, 250, 251 ],
            "B": [ 47, 48, 49 ],
            "Y": [ 252, 253, 254 ]
          }
        },
        "$auto$opt_expr.cc:276:group_cell_inputs$275": {
          "hide_name": 1,
          "type": "$and",
          "parameters": {
            "A_SIGNED": "00000000000000000000000000000000",
            "A_WIDTH": "00000000000000000000000000001011",
            "B_SIGNED": "00000000000000000000000000000000",
            "B_WIDTH": "00000000000000000000000000001011",
            "Y_WIDTH": "00000000000000000000000000001011"
          },
          "attributes": {
          },
          "port_directions": {
            "A": "input",
            "B": "input",
            "Y": "output"
          },
          "connections": {
            "A": [ 255, 256, 257, 258, 259, 260, 261, 262, 263, 264, 265 ],
            "B": [ 243, 244, 245, 179, 180, 181, 182, 183, 184, 185, 186 ],
            "Y": [ 266, 267, 268, 269, 270, 271, 272, 273, 274, 275, 276 ]
          }
        },
        "$auto$opt_expr.cc:276:group_cell_inputs$278": {
          "hide_name": 1,
          "type": "$xor",
          "parameters": {
            "A_SIGNED": "00000000000000000000000000000000",
            "A_WIDTH": "00000000000000000000000000000011",
            "B_SIGNED": "00000000000000000000000000000000",
            "B_WIDTH": "00000000000000000000000000000011",
            "Y_WIDTH": "00000000000000000000000000000011"
          },
          "attributes": {
          },
          "port_directions": {
            "A": "input",
            "B": "input",
            "Y": "output"
          },
          "connections": {
            "A": [ 196, 197, 198 ],
            "B": [ 277, 278, 279 ],
            "Y": [ 280, 281, 282 ]
          }
        },
        "$auto$opt_expr.cc:276:group_cell_inputs$308": {
          "hide_name": 1,
          "type": "$and",
          "parameters": {
            "A_SIGNED": "00000000000000000000000000000000",
            "A_WIDTH": "00000000000000000000000000000011",
            "B_SIGNED": "00000000000000000000000000000000",
            "B_WIDTH": "00000000000000000000000000000011",
            "Y_WIDTH": "00000000000000000000000000000011"
          },
          "attributes": {
          },
          "port_directions": {
            "A": "input",
            "B": "input",
            "Y": "output"
          },
          "connections": {
            "A": [ 240, 241, 242 ],
            "B": [ 14, 15, 16 ],
            "Y": [ 283, 284, 285 ]
          }
        },
        "$auto$opt_expr.cc:276:group_cell_inputs$325": {
          "hide_name": 1,
          "type": "$and",
          "parameters": {
            "A_SIGNED": "00000000000000000000000000000000",
            "A_WIDTH": "00000000000000000000000000000011",
            "B_SIGNED": "00000000000000000000000000000000",
            "B_WIDTH": "00000000000000000000000000000011",
            "Y_WIDTH": "00000000000000000000000000000011"
          },
          "attributes": {
          },
          "port_directions": {
            "A": "input",
            "B": "input",
            "Y": "output"
          },
          "connections": {
            "A": [ 252, 253, 254 ],
            "B": [ 125, 126, 127 ],
            "Y": [ 202, 203, 204 ]
          }
        },
        "$gt$designs/31/top.sv:33$82": {
          "hide_name": 1,
          "type": "$gt",
          "parameters": {
            "A_SIGNED": "00000000000000000000000000000000",
            "A_WIDTH": "00000000000000000000000000010001",
            "B_SIGNED": "00000000000000000000000000000000",
            "B_WIDTH": "00000000000000000000000000000011",
            "Y_WIDTH": "00000000000000000000000000000001"
          },
          "attributes": {
            "src": "designs/31/top.sv:33.43-33.127"
          },
          "port_directions": {
            "A": "input",
            "B": "input",
            "Y": "output"
          },
          "connections": {
            "A": [ 218, 219, 220, 221, 222, 223, 224, 225, 68, 69, 70, 286, 287, 288, 289, 290, 291 ],
            "B": [ 2, 3, 4 ],
            "Y": [ 292 ]
          }
        },
        "$le$designs/31/top.sv:33$85": {
          "hide_name": 1,
          "type": "$le",
          "parameters": {
            "A_SIGNED": "00000000000000000000000000000000",
            "A_WIDTH": "00000000000000000000000000001011",
            "B_SIGNED": "00000000000000000000000000000000",
            "B_WIDTH": "00000000000000000000000000010001",
            "Y_WIDTH": "00000000000000000000000000000001"
          },
          "attributes": {
            "src": "designs/31/top.sv:33.32-33.167"
          },
          "port_directions": {
            "A": "input",
            "B": "input",
            "Y": "output"
          },
          "connections": {
            "A": [ 227, 15, 16, 17, 18, 19, 20, 21, 22, 23, 24 ],
            "B": [ 255, 256, 257, 258, 259, 260, 261, 262, 263, 264, 265, "0", "0", "0", "0", "0", "0" ],
            "Y": [ 293 ]
          }
        },
        "$mul$designs/31/top.sv:21$2": {
          "hide_name": 1,
          "type": "$mul",
          "parameters": {
            "A_SIGNED": "00000000000000000000000000000000",
            "A_WIDTH": "00000000000000000000000000000110",
            "B_SIGNED": "00000000000000000000000000000000",
            "B_WIDTH": "00000000000000000000000000000011",
            "Y_WIDTH": "00000000000000000000000000001001"
          },
          "attributes": {
            "src": "designs/31/top.sv:21.23-21.68"
          },
          "port_directions": {
            "A": "input",
            "B": "input",
            "Y": "output"
          },
          "connections": {
            "A": [ 294, 295, 296, 297, 297, 297 ],
            "B": [ 2, 3, 4 ],
            "Y": [ 161, 162, 163, 298, 299, 300, 301, 302, 303 ]
          }
        },
        "$mul$designs/31/top.sv:22$4": {
          "hide_name": 1,
          "type": "$mul",
          "parameters": {
            "A_SIGNED": "00000000000000000000000000000000",
            "A_WIDTH": "00000000000000000000000000001001",
            "B_SIGNED": "00000000000000000000000000000000",
            "B_WIDTH": "00000000000000000000000000000011",
            "Y_WIDTH": "00000000000000000000000000001100"
          },
          "attributes": {
            "src": "designs/31/top.sv:22.68-22.87"
          },
          "port_directions": {
            "A": "input",
            "B": "input",
            "Y": "output"
          },
          "connections": {
            "A": [ 47, 48, 49, "0", "0", "0", "0", "0", "0" ],
            "B": [ 2, 3, 4 ],
            "Y": [ 304, 305, 306, 307, 308, 309, 310, 311, 312, 313, 314, 315 ]
          }
        },
        "$mul$designs/31/top.sv:22$5": {
          "hide_name": 1,
          "type": "$mul",
          "parameters": {
            "A_SIGNED": "00000000000000000000000000000000",
            "A_WIDTH": "00000000000000000000000000001100",
            "B_SIGNED": "00000000000000000000000000000000",
            "B_WIDTH": "00000000000000000000000000000011",
            "Y_WIDTH": "00000000000000000000000000001011"
          },
          "attributes": {
            "src": "designs/31/top.sv:22.59-22.102"
          },
          "port_directions": {
            "A": "input",
            "B": "input",
            "Y": "output"
          },
          "connections": {
            "A": [ 304, 305, 306, 307, 308, 309, 310, 311, 312, 313, 314, 315 ],
            "B": [ 2, 3, 4 ],
            "Y": [ 164, 165, 166, 316, 317, 318, 319, 320, 321, 322, 323 ]
          }
        },
        "$mul$designs/31/top.sv:23$27": {
          "hide_name": 1,
          "type": "$mul",
          "parameters": {
            "A_SIGNED": "00000000000000000000000000000000",
            "A_WIDTH": "00000000000000000000000000001010",
            "B_SIGNED": "00000000000000000000000000000000",
            "B_WIDTH": "00000000000000000000000000011000",
            "Y_WIDTH": "00000000000000000000000000011000"
          },
          "attributes": {
            "src": "designs/31/top.sv:23.257-23.316"
          },
          "port_directions": {
            "A": "input",
            "B": "input",
            "Y": "output"
          },
          "connections": {
            "A": [ 50, 51, 52, 53, 54, 55, 56, 57, 58, 59 ],
            "B": [ 187, 188, 189, "1", "1", "1", "1", "1", "1", "1", "1", "1", "1", "1", "1", "1", "1", "1", "1", "1", "1", "1", "1", "1" ],
            "Y": [ 324, 325, 326, 327, 328, 329, 330, 331, 332, 333, 334, 335, 336, 337, 338, 339, 340, 341, 342, 343, 344, 345, 346, 347 ]
          }
        },
        "$mul$designs/31/top.sv:23$28": {
          "hide_name": 1,
          "type": "$mul",
          "parameters": {
            "A_SIGNED": "00000000000000000000000000000000",
            "A_WIDTH": "00000000000000000000000000011000",
            "B_SIGNED": "00000000000000000000000000000000",
            "B_WIDTH": "00000000000000000000000000001011",
            "Y_WIDTH": "00000000000000000000000000011000"
          },
          "attributes": {
            "src": "designs/31/top.sv:23.246-23.327"
          },
          "port_directions": {
            "A": "input",
            "B": "input",
            "Y": "output"
          },
          "connections": {
            "A": [ 324, 325, 326, 327, 328, 329, 330, 331, 332, 333, 334, 335, 336, 337, 338, 339, 340, 341, 342, 343, 344, 345, 346, 347 ],
            "B": [ 14, 15, 16, 17, 18, 19, 20, 21, 22, 23, 24 ],
            "Y": [ 237, 238, 239, 348, 349, 350, 351, 352, 353, 354, 355, 356, 357, 358, 359, 360, 361, 362, 363, 364, 365, 366, 367, 368 ]
          }
        },
        "$mul$designs/31/top.sv:23$35": {
          "hide_name": 1,
          "type": "$mul",
          "parameters": {
            "A_SIGNED": "00000000000000000000000000000000",
            "A_WIDTH": "00000000000000000000000000011000",
            "B_SIGNED": "00000000000000000000000000000000",
            "B_WIDTH": "00000000000000000000000000011000",
            "Y_WIDTH": "00000000000000000000000000010100"
          },
          "attributes": {
            "src": "designs/31/top.sv:23.227-23.365"
          },
          "port_directions": {
            "A": "input",
            "B": "input",
            "Y": "output"
          },
          "connections": {
            "A": [ 283, 284, 285, 17, 18, 19, 20, 21, 22, 23, 24, "0", "0", "0", "0", "0", "0", "0", "0", "0", "0", "0", "0", "0" ],
            "B": [ 187, 188, 189, "1", "1", "1", "1", "1", "1", "1", "1", "1", "1", "1", "1", "1", "1", "1", "1", "1", "1", "1", "1", "1" ],
            "Y": [ 60, 61, 62, 63, 64, 65, 66, 67, 68, 69, 70, 286, 287, 288, 289, 290, 291, 231, 232, 233 ]
          }
        },
        "$mul$designs/31/top.sv:30$62": {
          "hide_name": 1,
          "type": "$mul",
          "parameters": {
            "A_SIGNED": "00000000000000000000000000000000",
            "A_WIDTH": "00000000000000000000000000001011",
            "B_SIGNED": "00000000000000000000000000000000",
            "B_WIDTH": "00000000000000000000000000001011",
            "Y_WIDTH": "00000000000000000000000000001011"
          },
          "attributes": {
            "src": "designs/31/top.sv:30.31-30.86"
          },
          "port_directions": {
            "A": "input",
            "B": "input",
            "Y": "output"
          },
          "connections": {
            "A": [ 190, 191, 192, "0", "0", "0", "0", "0", "0", "0", "0" ],
            "B": [ 125, 126, 127, 128, 129, 130, 205, 206, 207, 208, 209 ],
            "Y": [ 369, 370, 371, 372, 373, 374, 375, 376, 377, 378, 379 ]
          }
        },
        "$mul$designs/31/top.sv:31$65": {
          "hide_name": 1,
          "type": "$mul",
          "parameters": {
            "A_SIGNED": "00000000000000000000000000000000",
            "A_WIDTH": "00000000000000000000000000010001",
            "B_SIGNED": "00000000000000000000000000000000",
            "B_WIDTH": "00000000000000000000000000010001",
            "Y_WIDTH": "00000000000000000000000000010001"
          },
          "attributes": {
            "src": "designs/31/top.sv:31.55-31.101"
          },
          "port_directions": {
            "A": "input",
            "B": "input",
            "Y": "output"
          },
          "connections": {
            "A": [ 266, 267, 268, 269, 270, 271, 272, 273, 274, 275, 276, "0", "0", "0", "0", "0", "0" ],
            "B": [ 255, 256, 257, 258, 259, 260, 261, 262, 263, 264, 265, "0", "0", "0", "0", "0", "0" ],
            "Y": [ 380, 381, 382, 383, 384, 385, 386, 387, 388, 389, 390, 391, 392, 393, 394, 395, 396 ]
          }
        },
        "$mul$designs/31/top.sv:31$66": {
          "hide_name": 1,
          "type": "$mul",
          "parameters": {
            "A_SIGNED": "00000000000000000000000000000000",
            "A_WIDTH": "00000000000000000000000000010001",
            "B_SIGNED": "00000000000000000000000000000000",
            "B_WIDTH": "00000000000000000000000000000011",
            "Y_WIDTH": "00000000000000000000000000010001"
          },
          "attributes": {
            "src": "designs/31/top.sv:31.44-31.116"
          },
          "port_directions": {
            "A": "input",
            "B": "input",
            "Y": "output"
          },
          "connections": {
            "A": [ 380, 381, 382, 383, 384, 385, 386, 387, 388, 389, 390, 391, 392, 393, 394, 395, 396 ],
            "B": [ 2, 3, 4 ],
            "Y": [ 193, 194, 195, 397, 398, 399, 400, 401, 402, 403, 404, 405, 406, 407, 408, 409, 410 ]
          }
        },
        "$mul$designs/31/top.sv:32$69": {
          "hide_name": 1,
          "type": "$mul",
          "parameters": {
            "A_SIGNED": "00000000000000000000000000000000",
            "A_WIDTH": "00000000000000000000000000001101",
            "B_SIGNED": "00000000000000000000000000000000",
            "B_WIDTH": "00000000000000000000000000010100",
            "Y_WIDTH": "00000000000000000000000000010100"
          },
          "attributes": {
            "src": "designs/31/top.sv:32.53-32.83"
          },
          "port_directions": {
            "A": "input",
            "B": "input",
            "Y": "output"
          },
          "connections": {
            "A": [ 255, 256, 257, 258, 259, 260, 261, 262, 263, 264, 265, "0", "0" ],
            "B": [ 60, 61, 62, 63, 64, 65, 66, 67, 68, 69, 70, 286, 287, 288, 289, 290, 291, 231, 232, 233 ],
            "Y": [ 246, 247, 248, 411, 412, 413, 414, 415, 416, 417, 418, 419, 420, 421, 422, 423, 424, 425, 426, 427 ]
          }
        },
        "$mul$designs/31/top.sv:32$79": {
          "hide_name": 1,
          "type": "$mul",
          "parameters": {
            "A_SIGNED": "00000000000000000000000000000000",
            "A_WIDTH": "00000000000000000000000000011000",
            "B_SIGNED": "00000000000000000000000000000000",
            "B_WIDTH": "00000000000000000000000000000011",
            "Y_WIDTH": "00000000000000000000000000011000"
          },
          "attributes": {
            "src": "designs/31/top.sv:32.23-32.164"
          },
          "port_directions": {
            "A": "input",
            "B": "input",
            "Y": "output"
          },
          "connections": {
            "A": [ 95, 96, 97, 98, 99, 100, 101, 102, 103, 104, 105, 106, 107, 108, 109, 110, 111, 112, 113, 114, 115, 116, 117, 118 ],
            "B": [ 2, 3, 4 ],
            "Y": [ 428, 429, 430, 431, 432, 433, 434, 435, 436, 437, 438, 439, 440, 441, 442, 443, 444, 445, 446, 447, 448, 449, 235, 236 ]
          }
        },
        "$mul$designs/31/top.sv:33$80": {
          "hide_name": 1,
          "type": "$mul",
          "parameters": {
            "A_SIGNED": "00000000000000000000000000000000",
            "A_WIDTH": "00000000000000000000000000000010",
            "B_SIGNED": "00000000000000000000000000000000",
            "B_WIDTH": "00000000000000000000000000001000",
            "Y_WIDTH": "00000000000000000000000000001000"
          },
          "attributes": {
            "src": "designs/31/top.sv:33.65-33.99"
          },
          "port_directions": {
            "A": "input",
            "B": "input",
            "Y": "output"
          },
          "connections": {
            "A": [ 125, 126 ],
            "B": [ 277, 278, 279, 450, 451, 452, 453, 454 ],
            "Y": [ 210, 211, 212, 213, 214, 215, 216, 217 ]
          }
        },
        "$mul$designs/31/top.sv:36$101": {
          "hide_name": 1,
          "type": "$mul",
          "parameters": {
            "A_SIGNED": "00000000000000000000000000000000",
            "A_WIDTH": "00000000000000000000000000010100",
            "B_SIGNED": "00000000000000000000000000000000",
            "B_WIDTH": "00000000000000000000000000011010",
            "Y_WIDTH": "00000000000000000000000000011010"
          },
          "attributes": {
            "src": "designs/31/top.sv:36.95-36.121"
          },
          "port_directions": {
            "A": "input",
            "B": "input",
            "Y": "output"
          },
          "connections": {
            "A": [ 60, 61, 62, 63, 64, 65, 66, 67, 68, 69, 70, 286, 287, 288, 289, 290, 291, 231, 232, 233 ],
            "B": [ 280, 281, 282, 450, 451, 452, 453, 454, 455, 456, 457, 457, 457, 457, 457, 457, 457, 457, 457, 457, 457, 457, 457, 457, 457, 457 ],
            "Y": [ 458, 459, 460, 461, 462, 463, 464, 465, 466, 467, 468, 469, 470, 471, 472, 473, 474, 475, 476, 477, 478, 479, 480, 481, 482, 483 ]
          }
        },
        "$mul$designs/31/top.sv:36$102": {
          "hide_name": 1,
          "type": "$mul",
          "parameters": {
            "A_SIGNED": "00000000000000000000000000000000",
            "A_WIDTH": "00000000000000000000000000011010",
            "B_SIGNED": "00000000000000000000000000000000",
            "B_WIDTH": "00000000000000000000000000011000",
            "Y_WIDTH": "00000000000000000000000000000110"
          },
          "attributes": {
            "src": "designs/31/top.sv:36.94-36.132"
          },
          "port_directions": {
            "A": "input",
            "B": "input",
            "Y": "output"
          },
          "connections": {
            "A": [ 458, 459, 460, 461, 462, 463, 464, 465, 466, 467, 468, 469, 470, 471, 472, 473, 474, 475, 476, 477, 478, 479, 480, 481, 482, 483 ],
            "B": [ 428, 429, 430, 431, 432, 433, 434, 435, 436, 437, 438, 439, 440, 441, 442, 443, 444, 445, 446, 447, 448, 449, 235, 236 ],
            "Y": [ 119, 120, 121, 122, 123, 124 ]
          }
        },
        "$ne$designs/31/top.sv:33$83": {
          "hide_name": 1,
          "type": "$ne",
          "parameters": {
            "A_SIGNED": "00000000000000000000000000000000",
            "A_WIDTH": "00000000000000000000000000000001",
            "B_SIGNED": "00000000000000000000000000000000",
            "B_WIDTH": "00000000000000000000000000010011",
            "Y_WIDTH": "00000000000000000000000000000001"
          },
          "attributes": {
            "src": "designs/31/top.sv:33.34-33.146"
          },
          "port_directions": {
            "A": "input",
            "B": "input",
            "Y": "output"
          },
          "connections": {
            "A": [ 292 ],
            "B": [ 433, 434, 435, 436, 437, 438, 439, 440, 441, 442, 443, 444, 445, 446, 447, 448, 449, 235, 236 ],
            "Y": [ 226 ]
          }
        },
        "$ne$designs/31/top.sv:33$86": {
          "hide_name": 1,
          "type": "$ne",
          "parameters": {
            "A_SIGNED": "00000000000000000000000000000000",
            "A_WIDTH": "00000000000000000000000000000001",
            "B_SIGNED": "00000000000000000000000000000000",
            "B_WIDTH": "00000000000000000000000000000010",
            "Y_WIDTH": "00000000000000000000000000000001"
          },
          "attributes": {
            "src": "designs/31/top.sv:33.31-33.185"
          },
          "port_directions": {
            "A": "input",
            "B": "input",
            "Y": "output"
          },
          "connections": {
            "A": [ 293 ],
            "B": [ 457, 457 ],
            "Y": [ 234 ]
          }
        },
        "$not$designs/31/top.sv:29$58": {
          "hide_name": 1,
          "type": "$not",
          "parameters": {
            "A_SIGNED": "00000000000000000000000000000000",
            "A_WIDTH": "00000000000000000000000000001011",
            "Y_WIDTH": "00000000000000000000000000001011"
          },
          "attributes": {
            "src": "designs/31/top.sv:29.67-29.80"
          },
          "port_directions": {
            "A": "input",
            "Y": "output"
          },
          "connections": {
            "A": [ 243, 244, 245, 179, 180, 181, 182, 183, 184, 185, 186 ],
            "Y": [ 484, 485, 486, 487, 488, 489, 490, 491, 492, 493, 494 ]
          }
        },
        "$or$designs/31/top.sv:36$104": {
          "hide_name": 1,
          "type": "$or",
          "parameters": {
            "A_SIGNED": "00000000000000000000000000000000",
            "A_WIDTH": "00000000000000000000000000000110",
            "B_SIGNED": "00000000000000000000000000000000",
            "B_WIDTH": "00000000000000000000000000000110",
            "Y_WIDTH": "00000000000000000000000000000110"
          },
          "attributes": {
            "src": "designs/31/top.sv:36.76-36.161"
          },
          "port_directions": {
            "A": "input",
            "B": "input",
            "Y": "output"
          },
          "connections": {
            "A": [ 131, 132, 133, 134, 135, 136 ],
            "B": [ 457, 457, 457, 457, 457, 457 ],
            "Y": [ 228, 229, 230, 495, 496, 497 ]
          }
        },
        "$or$designs/31/top.sv:36$112": {
          "hide_name": 1,
          "type": "$or",
          "parameters": {
            "A_SIGNED": "00000000000000000000000000000000",
            "A_WIDTH": "00000000000000000000000000000110",
            "B_SIGNED": "00000000000000000000000000000000",
            "B_WIDTH": "00000000000000000000000000000110",
            "Y_WIDTH": "00000000000000000000000000000110"
          },
          "attributes": {
            "src": "designs/31/top.sv:36.27-36.246"
          },
          "port_directions": {
            "A": "input",
            "B": "input",
            "Y": "output"
          },
          "connections": {
            "A": [ 155, 156, 157, 158, 159, 160 ],
            "B": [ 446, 447, 448, 449, 235, 236 ],
            "Y": [ 5, 6, 7, 8, 9, 10 ]
          }
        },
        "$sub$designs/31/top.sv:21$1": {
          "hide_name": 1,
          "type": "$sub",
          "parameters": {
            "A_SIGNED": "00000000000000000000000000000000",
            "A_WIDTH": "00000000000000000000000000000011",
            "B_SIGNED": "00000000000000000000000000000000",
            "B_WIDTH": "00000000000000000000000000000011",
            "Y_WIDTH": "00000000000000000000000000000100"
          },
          "attributes": {
            "src": "designs/31/top.sv:21.34-21.53"
          },
          "port_directions": {
            "A": "input",
            "B": "input",
            "Y": "output"
          },
          "connections": {
            "A": [ 2, 3, 4 ],
            "B": [ 2, 3, 4 ],
            "Y": [ 294, 295, 296, 297 ]
          }
        },
        "$sub$designs/31/top.sv:22$7": {
          "hide_name": 1,
          "type": "$sub",
          "parameters": {
            "A_SIGNED": "00000000000000000000000000000000",
            "A_WIDTH": "00000000000000000000000000001011",
            "B_SIGNED": "00000000000000000000000000000000",
            "B_WIDTH": "00000000000000000000000000000011",
            "Y_WIDTH": "00000000000000000000000000001011"
          },
          "attributes": {
            "src": "designs/31/top.sv:22.49-22.131"
          },
          "port_directions": {
            "A": "input",
            "B": "input",
            "Y": "output"
          },
          "connections": {
            "A": [ 167, 168, 169, 316, 317, 318, 319, 320, 321, 322, 323 ],
            "B": [ 2, 3, 4 ],
            "Y": [ 25, 26, 27, 28, 29, 30, 31, 32, 33, 34, 35 ]
          }
        },
        "$sub$designs/31/top.sv:30$63": {
          "hide_name": 1,
          "type": "$sub",
          "parameters": {
            "A_SIGNED": "00000000000000000000000000000000",
            "A_WIDTH": "00000000000000000000000000001011",
            "B_SIGNED": "00000000000000000000000000000000",
            "B_WIDTH": "00000000000000000000000000000011",
            "Y_WIDTH": "00000000000000000000000000001011"
          },
          "attributes": {
            "src": "designs/31/top.sv:30.30-30.100"
          },
          "port_directions": {
            "A": "input",
            "B": "input",
            "Y": "output"
          },
          "connections": {
            "A": [ 369, 370, 371, 372, 373, 374, 375, 376, 377, 378, 379 ],
            "B": [ 2, 3, 4 ],
            "Y": [ 277, 278, 279, 450, 451, 452, 453, 454, 455, 456, 457 ]
          }
        },
        "$ternary$designs/31/top.sv:26$40": {
          "hide_name": 1,
          "type": "$mux",
          "parameters": {
            "WIDTH": "00000000000000000000000000001011"
          },
          "attributes": {
            "src": "designs/31/top.sv:26.21-26.75"
          },
          "port_directions": {
            "A": "input",
            "B": "input",
            "S": "input",
            "Y": "output"
          },
          "connections": {
            "A": [ 14, 15, 16, 17, 18, 19, 20, 21, 22, 23, 24 ],
            "B": [ 173, 174, 175, "0", "0", "0", "0", "0", "0", "0", "0" ],
            "S": [ 3 ],
            "Y": [ 255, 256, 257, 258, 259, 260, 261, 262, 263, 264, 265 ]
          }
        },
        "$xor$designs/31/top.sv:29$59": {
          "hide_name": 1,
          "type": "$xor",
          "parameters": {
            "A_SIGNED": "00000000000000000000000000000000",
            "A_WIDTH": "00000000000000000000000000001011",
            "B_SIGNED": "00000000000000000000000000000000",
            "B_WIDTH": "00000000000000000000000000001011",
            "Y_WIDTH": "00000000000000000000000000001011"
          },
          "attributes": {
            "src": "designs/31/top.sv:29.22-29.81"
          },
          "port_directions": {
            "A": "input",
            "B": "input",
            "Y": "output"
          },
          "connections": {
            "A": [ 71, 72, 73, 74, 75, 76, 77, 78, 79, 80, 81 ],
            "B": [ 484, 485, 486, 487, 488, 489, 490, 491, 492, 493, 494 ],
            "Y": [ 125, 126, 127, 128, 129, 130, 205, 206, 207, 208, 209 ]
          }
        },
        "$xor$designs/31/top.sv:36$108": {
          "hide_name": 1,
          "type": "$xor",
          "parameters": {
            "A_SIGNED": "00000000000000000000000000000000",
            "A_WIDTH": "00000000000000000000000000000110",
            "B_SIGNED": "00000000000000000000000000000000",
            "B_WIDTH": "00000000000000000000000000000110",
            "Y_WIDTH": "00000000000000000000000000000110"
          },
          "attributes": {
            "src": "designs/31/top.sv:36.47-36.205"
          },
          "port_directions": {
            "A": "input",
            "B": "input",
            "Y": "output"
          },
          "connections": {
            "A": [ 141, 142, 143, 144, 145, 146 ],
            "B": [ 14, 15, 16, 17, 18, 19 ],
            "Y": [ 147, 148, 149, 150, 151, 152 ]
          }
        }
      },
      "netnames": {
        "$add$designs/31/top.sv:22$8_Y": {
          "hide_name": 1,
          "bits": [ 36, 37, 38, 39, 40, 41, 42, 43, 44, 45, 46, 498, 499, 500, 501, 502, 503, 504, 505, 506, 507, 508, 509, 510 ],
          "attributes": {
            "src": "designs/31/top.sv:22.40-22.146",
            "unused_bits": "3 4 5 6 7 8 9 10 11 12 13 14 15 16 17 18 19 20 21 22 23"
          }
        },
        "$add$designs/31/top.sv:23$24_Y": {
          "hide_name": 1,
          "bits": [ 50, 51, 52, 53, 54, 55, 56, 57, 58, 59, "0", "0", "0", "0", "0", "0", "0", "0", "0", "0", "0", "0", "0", "0" ],
          "attributes": {
            "src": "designs/31/top.sv:23.268-23.298"
          }
        },
        "$add$designs/31/top.sv:29$56_Y": {
          "hide_name": 1,
          "bits": [ 71, 72, 73, 74, 75, 76, 77, 78, 79, 80, 81, 511, 512, 513, 514, 515, 516, 517, 518, 519 ],
          "attributes": {
            "src": "designs/31/top.sv:29.33-29.61",
            "unused_bits": "11 12 13 14 15 16 17 18 19"
          }
        },
        "$add$designs/31/top.sv:32$78_Y": {
          "hide_name": 1,
          "bits": [ 95, 96, 97, 98, 99, 100, 101, 102, 103, 104, 105, 106, 107, 108, 109, 110, 111, 112, 113, 114, 115, 116, 117, 118 ],
          "attributes": {
            "src": "designs/31/top.sv:32.32-32.153"
          }
        },
        "$add$designs/31/top.sv:36$103_Y": {
          "hide_name": 1,
          "bits": [ 131, 132, 133, 134, 135, 136, 520, 521, 522, 523, 524, 525, 526, 527, 528, 529, 530, 531, 532, 533, 534, 535, 536, 537, 538, 539 ],
          "attributes": {
            "src": "designs/31/top.sv:36.85-36.143",
            "unused_bits": "6 7 8 9 10 11 12 13 14 15 16 17 18 19 20 21 22 23 24 25"
          }
        },
        "$add$designs/31/top.sv:36$107_Y": {
          "hide_name": 1,
          "bits": [ 141, 142, 143, 144, 145, 146, 540, 541, 542, 543, 544, 545, 546, 547, 548, 549, 550, 551, 552, 553, 554, 555, 556, 557, 558, 559, 560, 561, 562 ],
          "attributes": {
            "src": "designs/31/top.sv:36.56-36.194",
            "unused_bits": "6 7 8 9 10 11 12 13 14 15 16 17 18 19 20 21 22 23 24 25 26 27 28"
          }
        },
        "$add$designs/31/top.sv:36$111_Y": {
          "hide_name": 1,
          "bits": [ 155, 156, 157, 158, 159, 160 ],
          "attributes": {
          }
        },
        "$and$designs/31/top.sv:22$9_Y": {
          "hide_name": 1,
          "bits": [ 11, 12, 13, "0", "0", "0", "0", "0", "0", "0", "0", 563, 564, 565, 566, 567, 568, 569, 570, 571, 572, 573, 574, 575 ],
          "attributes": {
            "src": "designs/31/top.sv:22.31-22.161",
            "unused_bits": "11 12 13 14 15 16 17 18 19 20 21 22 23"
          }
        },
        "$and$designs/31/top.sv:23$32_Y": {
          "hide_name": 1,
          "bits": [ 283, 284, 285, 17, 18, 19, 20, 21, 22, 23, 24, "0", "0", "0", "0", "0", "0", "0", "0", "0", "0", "0", "0", "0" ],
          "attributes": {
            "src": "designs/31/top.sv:23.236-23.351"
          }
        },
        "$and$designs/31/top.sv:25$38_Y": {
          "hide_name": 1,
          "bits": [ 170, 171, 172, "0", "0", "0", "0", "0", "0", "0", "0", "0", "0", "0", "0", "0", "0", 576, 577, 578 ],
          "attributes": {
            "src": "designs/31/top.sv:25.43-25.71",
            "unused_bits": "17 18 19"
          }
        },
        "$and$designs/31/top.sv:28$44_Y": {
          "hide_name": 1,
          "bits": [ 266, 267, 268, 269, 270, 271, 272, 273, 274, 275, 276, "0", "0", "0", "0", "0", "0", "0", "0", "0", "0", "0", "0", "0" ],
          "attributes": {
            "src": "designs/31/top.sv:28.67-28.93"
          }
        },
        "$and$designs/31/top.sv:30$60_Y": {
          "hide_name": 1,
          "bits": [ 190, 191, 192, "0", "0", "0", "0", "0", "0", "0", "0" ],
          "attributes": {
            "src": "designs/31/top.sv:30.33-30.61"
          }
        },
        "$and$designs/31/top.sv:31$67_Y": {
          "hide_name": 1,
          "bits": [ 196, 197, 198, "0", "0", "0", "0", "0", "0", "0", "0", "0", "0", "0", "0", "0", "0" ],
          "attributes": {
            "src": "designs/31/top.sv:31.33-31.132"
          }
        },
        "$and$designs/31/top.sv:32$74_Y": {
          "hide_name": 1,
          "bits": [ 202, 203, 204, 128, 129, 130, 205, 206, 207, 208, 209, "0", "0", "0", "0", "0", "0", "0", "0", "0", "0", "0", "0", "0" ],
          "attributes": {
            "src": "designs/31/top.sv:32.42-32.123"
          }
        },
        "$and$designs/31/top.sv:36$105_Y": {
          "hide_name": 1,
          "bits": [ 137, 138, 139, "0", "0", "0" ],
          "attributes": {
          }
        },
        "$auto$opt_expr.cc:205:group_cell_inputs$122": {
          "hide_name": 1,
          "bits": [ 167, 168, 169 ],
          "attributes": {
          }
        },
        "$auto$opt_expr.cc:205:group_cell_inputs$124": {
          "hide_name": 1,
          "bits": [ 316, 317, 318, 319, 320, 321, 322, 323 ],
          "attributes": {
          }
        },
        "$auto$opt_expr.cc:205:group_cell_inputs$132": {
          "hide_name": 1,
          "bits": [ 187, 188, 189 ],
          "attributes": {
          }
        },
        "$auto$opt_expr.cc:205:group_cell_inputs$170": {
          "hide_name": 1,
          "bits": [ 176, 177, 178, 179, 180, 181, 182, 183, 184, 185, 186 ],
          "attributes": {
          }
        },
        "$auto$opt_expr.cc:205:group_cell_inputs$207": {
          "hide_name": 1,
          "bits": [ 199, 200, 201 ],
          "attributes": {
          }
        },
        "$auto$opt_expr.cc:205:group_cell_inputs$211": {
          "hide_name": 1,
          "bits": [ 252, 253, 254, "1", "1", "1", "1", "1", "1" ],
          "attributes": {
          }
        },
        "$auto$opt_expr.cc:205:group_cell_inputs$218": {
          "hide_name": 1,
          "bits": [ 82, 83, 84, 85, 86, 87, 88, 89, 90, 91, 92 ],
          "attributes": {
          }
        },
        "$auto$opt_expr.cc:205:group_cell_inputs$221": {
          "hide_name": 1,
          "bits": [ 93, 94 ],
          "attributes": {
          }
        },
        "$auto$opt_expr.cc:205:group_cell_inputs$225": {
          "hide_name": 1,
          "bits": [ 218, 219, 220, 221, 222, 223, 224, 225 ],
          "attributes": {
          }
        },
        "$auto$opt_expr.cc:205:group_cell_inputs$228": {
          "hide_name": 1,
          "bits": [ 227 ],
          "attributes": {
          }
        },
        "$auto$opt_expr.cc:205:group_cell_inputs$254": {
          "hide_name": 1,
          "bits": [ 140 ],
          "attributes": {
          }
        },
        "$auto$opt_expr.cc:205:group_cell_inputs$256": {
          "hide_name": 1,
          "bits": [ 153, 154 ],
          "attributes": {
          }
        },
        "$auto$opt_expr.cc:205:group_cell_inputs$260": {
          "hide_name": 1,
          "bits": [ 240, 241, 242 ],
          "attributes": {
          }
        },
        "$auto$opt_expr.cc:205:group_cell_inputs$267": {
          "hide_name": 1,
          "bits": [ 249, 250, 251 ],
          "attributes": {
          }
        },
        "$auto$wreduce.cc:514:run$114": {
          "hide_name": 1,
          "bits": [ 147, 148, 149, 150, 151, 152, 579, 580, 581, 582, 583, 584, 585, 586, 587, 588, 589, 590, 591, 592, 593, 594, 595, 596, 597, 598, 599, 600, 601 ],
          "attributes": {
            "src": "designs/31/top.sv:36.47-36.205",
            "unused_bits": "6 7 8 9 10 11 12 13 14 15 16 17 18 19 20 21 22 23 24 25 26 27 28"
          }
        },
        "$gt$designs/31/top.sv:33$82_Y": {
          "hide_name": 1,
          "bits": [ 292 ],
          "attributes": {
            "src": "designs/31/top.sv:33.43-33.127"
          }
        },
        "$le$designs/31/top.sv:33$85_Y": {
          "hide_name": 1,
          "bits": [ 293, "0", "0", "0", "0", "0", "0", "0", "0", "0" ],
          "attributes": {
            "src": "designs/31/top.sv:33.32-33.167"
          }
        },
        "$mul$designs/31/top.sv:21$2_Y": {
          "hide_name": 1,
          "bits": [ 161, 162, 163, 298, 299, 300, 301, 302, 303, "0", "0", "0", "0", "0", "0", "0", "0", "0", "0", "0", "0", "0", "0", "0" ],
          "attributes": {
            "src": "designs/31/top.sv:21.23-21.68",
            "unused_bits": "3 4 5 6 7 8"
          }
        },
        "$mul$designs/31/top.sv:22$4_Y": {
          "hide_name": 1,
          "bits": [ 304, 305, 306, 307, 308, 309, 310, 311, 312, 313, 314, 315, "0", "0", "0", "0", "0", "0", "0", "0", "0", "0", "0", "0" ],
          "attributes": {
            "src": "designs/31/top.sv:22.68-22.87"
          }
        },
        "$mul$designs/31/top.sv:22$5_Y": {
          "hide_name": 1,
          "bits": [ 164, 165, 166, 316, 317, 318, 319, 320, 321, 322, 323, 602, 603, 604, 605, "0", "0", "0", "0", "0", "0", "0", "0", "0" ],
          "attributes": {
            "src": "designs/31/top.sv:22.59-22.102",
            "unused_bits": "11 12 13 14"
          }
        },
        "$mul$designs/31/top.sv:23$27_Y": {
          "hide_name": 1,
          "bits": [ 324, 325, 326, 327, 328, 329, 330, 331, 332, 333, 334, 335, 336, 337, 338, 339, 340, 341, 342, 343, 344, 345, 346, 347 ],
          "attributes": {
            "src": "designs/31/top.sv:23.257-23.316"
          }
        },
        "$mul$designs/31/top.sv:23$28_Y": {
          "hide_name": 1,
          "bits": [ 237, 238, 239, 348, 349, 350, 351, 352, 353, 354, 355, 356, 357, 358, 359, 360, 361, 362, 363, 364, 365, 366, 367, 368 ],
          "attributes": {
            "src": "designs/31/top.sv:23.246-23.327",
            "unused_bits": "3 4 5 6 7 8 9 10 11 12 13 14 15 16 17 18 19 20 21 22 23"
          }
        },
        "$mul$designs/31/top.sv:30$62_Y": {
          "hide_name": 1,
          "bits": [ 369, 370, 371, 372, 373, 374, 375, 376, 377, 378, 379 ],
          "attributes": {
            "src": "designs/31/top.sv:30.31-30.86"
          }
        },
        "$mul$designs/31/top.sv:31$65_Y": {
          "hide_name": 1,
          "bits": [ 380, 381, 382, 383, 384, 385, 386, 387, 388, 389, 390, 391, 392, 393, 394, 395, 396 ],
          "attributes": {
            "src": "designs/31/top.sv:31.55-31.101"
          }
        },
        "$mul$designs/31/top.sv:31$66_Y": {
          "hide_name": 1,
          "bits": [ 193, 194, 195, 397, 398, 399, 400, 401, 402, 403, 404, 405, 406, 407, 408, 409, 410 ],
          "attributes": {
            "src": "designs/31/top.sv:31.44-31.116",
            "unused_bits": "3 4 5 6 7 8 9 10 11 12 13 14 15 16"
          }
        },
        "$mul$designs/31/top.sv:32$69_Y": {
          "hide_name": 1,
          "bits": [ 246, 247, 248, 411, 412, 413, 414, 415, 416, 417, 418, 419, 420, 421, 422, 423, 424, 425, 426, 427 ],
          "attributes": {
            "src": "designs/31/top.sv:32.53-32.83",
            "unused_bits": "3 4 5 6 7 8 9 10 11 12 13 14 15 16 17 18 19"
          }
        },
        "$mul$designs/31/top.sv:33$80_Y": {
          "hide_name": 1,
          "bits": [ 210, 211, 212, 213, 214, 215, 216, 217 ],
          "attributes": {
            "src": "designs/31/top.sv:33.65-33.99"
          }
        },
        "$mul$designs/31/top.sv:36$101_Y": {
          "hide_name": 1,
          "bits": [ 458, 459, 460, 461, 462, 463, 464, 465, 466, 467, 468, 469, 470, 471, 472, 473, 474, 475, 476, 477, 478, 479, 480, 481, 482, 483 ],
          "attributes": {
            "src": "designs/31/top.sv:36.95-36.121"
          }
        },
        "$mul$designs/31/top.sv:36$102_Y": {
          "hide_name": 1,
          "bits": [ 119, 120, 121, 122, 123, 124, 606, 607, 608, 609, 610, 611, 612, 613, 614, 615, 616, 617, 618, 619, 620, 621, 622, 623, 624, 625 ],
          "attributes": {
            "src": "designs/31/top.sv:36.94-36.132",
            "unused_bits": "6 7 8 9 10 11 12 13 14 15 16 17 18 19 20 21 22 23 24 25"
          }
        },
        "$ne$designs/31/top.sv:33$83_Y": {
          "hide_name": 1,
          "bits": [ 226, "0", "0", "0", "0", "0", "0", "0", "0", "0", "0", "0", "0", "0", "0", "0", "0" ],
          "attributes": {
            "src": "designs/31/top.sv:33.34-33.146"
          }
        },
        "$not$designs/31/top.sv:29$58_Y": {
          "hide_name": 1,
          "bits": [ 484, 485, 486, 487, 488, 489, 490, 491, 492, 493, 494, 626, 627, 628, 629, 630, 631, 632, 633, 634 ],
          "attributes": {
            "src": "designs/31/top.sv:29.67-29.80",
            "unused_bits": "11 12 13 14 15 16 17 18 19"
          }
        },
        "$or$designs/31/top.sv:36$104_Y": {
          "hide_name": 1,
          "bits": [ 228, 229, 230, 495, 496, 497, 635, 636, 637, 638, 639, 640, 641, 642, 643, 644, 645, 646, 647, 648, 649, 650, 651, 652, 653, 654 ],
          "attributes": {
            "src": "designs/31/top.sv:36.76-36.161",
            "unused_bits": "3 4 5 6 7 8 9 10 11 12 13 14 15 16 17 18 19 20 21 22 23 24 25"
          }
        },
        "$sub$designs/31/top.sv:21$1_Y": {
          "hide_name": 1,
          "bits": [ 294, 295, 296, 297, 297, 297 ],
          "attributes": {
            "src": "designs/31/top.sv:21.34-21.53"
          }
        },
        "$sub$designs/31/top.sv:22$7_Y": {
          "hide_name": 1,
          "bits": [ 25, 26, 27, 28, 29, 30, 31, 32, 33, 34, 35, 655, 656, 657, 658, 659, 659, 659, 659, 659, 659, 659, 659, 659 ],
          "attributes": {
            "src": "designs/31/top.sv:22.49-22.131",
            "unused_bits": "11 12 13 14 15 16 17 18 19 20 21 22 23"
          }
        },
        "expr_90334": {
          "hide_name": 0,
          "bits": [ 173, 174, 175, "0", "0", "0", "0", "0", "0", "0", "0", "0", "0", "0", "0", "0", "0", "x", "x", "x", "x", "x" ],
          "attributes": {
            "src": "designs/31/top.sv:24.18-24.28"
          }
        },
        "input_data": {
          "hide_name": 0,
          "bits": [ 2, 3, 4 ],
          "attributes": {
            "src": "designs/31/top.sv:2.17-2.27"
          }
        },
        "output_data": {
          "hide_name": 0,
          "bits": [ 5, 6, 7, 8, 9, 10 ],
          "attributes": {
            "src": "designs/31/top.sv:3.18-3.29"
          }
        },
        "temp_1": {
          "hide_name": 0,
          "bits": [ 47, 48, 49, "0", "0", "0", "0", "0", "0", "0", "0", "0", "0", "0", "0", "0", "0", "0", "0", "0", "0", "0", "0", "0" ],
          "attributes": {
            "src": "designs/31/top.sv:7.18-7.24"
          }
        },
        "temp_10": {
          "hide_name": 0,
          "bits": [ 428, 429, 430, 431, 432, 433, 434, 435, 436, 437, 438, 439, 440, 441, 442, 443, 444, 445, 446, 447, 448, 449, 235, 236 ],
          "attributes": {
            "src": "designs/31/top.sv:16.18-16.25"
          }
        },
        "temp_11": {
          "hide_name": 0,
          "bits": [ 234, 234, 234, 234, 234, 234, 234, 234, 234, 234, 234, 234, 234, 234, 234, 234, 234, 234, 234, 234, 234, 234, 234, 234, 234, 234, 234, 234, 234 ],
          "attributes": {
            "src": "designs/31/top.sv:17.18-17.25"
          }
        },
        "temp_2": {
          "hide_name": 0,
          "bits": [ 14, 15, 16, 17, 18, 19, 20, 21, 22, 23, 24 ],
          "attributes": {
            "src": "designs/31/top.sv:8.18-8.24"
          }
        },
        "temp_3": {
          "hide_name": 0,
          "bits": [ 60, 61, 62, 63, 64, 65, 66, 67, 68, 69, 70, 286, 287, 288, 289, 290, 291, 231, 232, 233 ],
          "attributes": {
            "src": "designs/31/top.sv:9.18-9.24"
          }
        },
        "temp_4": {
          "hide_name": 0,
          "bits": [ 255, 256, 257, 258, 259, 260, 261, 262, 263, 264, 265, "0", "0", "0", "0", "0", "0" ],
          "attributes": {
            "src": "designs/31/top.sv:10.18-10.24"
          }
        },
        "temp_5": {
          "hide_name": 0,
          "bits": [ 243, 244, 245, 179, 180, 181, 182, 183, 184, 185, 186, "1", "1", "1" ],
          "attributes": {
            "src": "designs/31/top.sv:11.18-11.24"
          }
        },
        "temp_7": {
          "hide_name": 0,
          "bits": [ 125, 126, 127, 128, 129, 130, 205, 206, 207, 208, 209 ],
          "attributes": {
            "src": "designs/31/top.sv:13.18-13.24"
          }
        },
        "temp_8": {
          "hide_name": 0,
          "bits": [ 277, 278, 279, 450, 451, 452, 453, 454, 455, 456, 457, 457, 457, 457, 457, 457, 457, 457, 457, 457, 457, 457, 457, 457, 457, 457, 457, 457 ],
          "attributes": {
            "src": "designs/31/top.sv:14.18-14.24"
          }
        },
        "temp_9": {
          "hide_name": 0,
          "bits": [ 280, 281, 282, 450, 451, 452, 453, 454, 455, 456, 457, 457, 457, 457, 457, 457, 457, 457, 457, 457, 457, 457, 457, 457, 457, 457 ],
          "attributes": {
            "src": "designs/31/top.sv:15.18-15.24"
          }
        }
      }
    }
  }
}
