{
  "creator": "Yosys 0.60 (git sha1 5bafeb77dc71e054fa331ab9efa613e6fb0a1c49, clang++ 17.0.0 -fPIC -O3)",
  "modules": {
    "top": {
      "attributes": {
        "top": "00000000000000000000000000000001",
        "src": "designs/28/top.sv:1.1-20.10"
      },
      "ports": {
        "input_data": {
          "direction": "input",
          "bits": [ 2, 3, 4, 5 ]
        },
        "output_data": {
          "direction": "output",
          "bits": [ 6, 7, 8, 9, 10, 11, 12, 13, 14, 15, 16, 17, 18, 19, 20, 21, 22, 23, "0", "0", "0", "0", "0", "0", "0", "0", "0", "0", "0", "0", "0", "0" ]
        }
      },
      "cells": {
        "$and$designs/28/top.sv:14$10": {
          "hide_name": 1,
          "type": "$and",
          "parameters": {
            "A_SIGNED": "00000000000000000000000000000000",
            "A_WIDTH": "00000000000000000000000000000001",
            "B_SIGNED": "00000000000000000000000000000000",
            "B_WIDTH": "00000000000000000000000000000001",
            "Y_WIDTH": "00000000000000000000000000000001"
          },
          "attributes": {
            "src": "designs/28/top.sv:14.22-14.106"
          },
          "port_directions": {
            "A": "input",
            "B": "input",
            "Y": "output"
          },
          "connections": {
            "A": [ 24 ],
            "B": [ 25 ],
            "Y": [ 26 ]
          }
        },
        "$auto$opt_expr.cc:276:group_cell_inputs$35": {
          "hide_name": 1,
          "type": "$or",
          "parameters": {
            "A_SIGNED": "00000000000000000000000000000000",
            "A_WIDTH": "00000000000000000000000000000100",
            "B_SIGNED": "00000000000000000000000000000000",
            "B_WIDTH": "00000000000000000000000000000100",
            "Y_WIDTH": "00000000000000000000000000000100"
          },
          "attributes": {
          },
          "port_directions": {
            "A": "input",
            "B": "input",
            "Y": "output"
          },
          "connections": {
            "A": [ 27, 28, 29, 30 ],
            "B": [ 2, 3, 4, 5 ],
            "Y": [ 31, 32, 33, 34 ]
          }
        },
        "$mul$designs/28/top.sv:18$27": {
          "hide_name": 1,
          "type": "$mul",
          "parameters": {
            "A_SIGNED": "00000000000000000000000000000000",
            "A_WIDTH": "00000000000000000000000000010001",
            "B_SIGNED": "00000000000000000000000000000000",
            "B_WIDTH": "00000000000000000000000000000001",
            "Y_WIDTH": "00000000000000000000000000010010"
          },
          "attributes": {
            "src": "designs/28/top.sv:18.27-18.42"
          },
          "port_directions": {
            "A": "input",
            "B": "input",
            "Y": "output"
          },
          "connections": {
            "A": [ 31, 32, 33, 34, 35, 36, 37, 38, 39, 40, 41, 42, 43, 44, 45, 46, 47 ],
            "B": [ 26 ],
            "Y": [ 6, 7, 8, 9, 10, 11, 12, 13, 14, 15, 16, 17, 18, 19, 20, 21, 22, 23 ]
          }
        },
        "$not$designs/28/top.sv:13$4": {
          "hide_name": 1,
          "type": "$not",
          "parameters": {
            "A_SIGNED": "00000000000000000000000000000000",
            "A_WIDTH": "00000000000000000000000000000011",
            "Y_WIDTH": "00000000000000000000000000000011"
          },
          "attributes": {
            "src": "designs/28/top.sv:13.78-13.85"
          },
          "port_directions": {
            "A": "input",
            "Y": "output"
          },
          "connections": {
            "A": [ 31, 32, 33 ],
            "Y": [ 48, 49, 50 ]
          }
        },
        "$or$designs/28/top.sv:13$3": {
          "hide_name": 1,
          "type": "$or",
          "parameters": {
            "A_SIGNED": "00000000000000000000000000000000",
            "A_WIDTH": "00000000000000000000000000000011",
            "B_SIGNED": "00000000000000000000000000000000",
            "B_WIDTH": "00000000000000000000000000000011",
            "Y_WIDTH": "00000000000000000000000000000011"
          },
          "attributes": {
            "src": "designs/28/top.sv:13.32-13.72"
          },
          "port_directions": {
            "A": "input",
            "B": "input",
            "Y": "output"
          },
          "connections": {
            "A": [ 31, 32, 33 ],
            "B": [ 3, 4, 5 ],
            "Y": [ 51, 52, 53 ]
          }
        },
        "$or$designs/28/top.sv:13$5": {
          "hide_name": 1,
          "type": "$or",
          "parameters": {
            "A_SIGNED": "00000000000000000000000000000000",
            "A_WIDTH": "00000000000000000000000000000011",
            "B_SIGNED": "00000000000000000000000000000000",
            "B_WIDTH": "00000000000000000000000000000011",
            "Y_WIDTH": "00000000000000000000000000000011"
          },
          "attributes": {
            "src": "designs/28/top.sv:13.23-13.86"
          },
          "port_directions": {
            "A": "input",
            "B": "input",
            "Y": "output"
          },
          "connections": {
            "A": [ 51, 52, 53 ],
            "B": [ 48, 49, 50 ],
            "Y": [ 54, 55, 56 ]
          }
        },
        "$or$designs/28/top.sv:13$6": {
          "hide_name": 1,
          "type": "$or",
          "parameters": {
            "A_SIGNED": "00000000000000000000000000000000",
            "A_WIDTH": "00000000000000000000000000000011",
            "B_SIGNED": "00000000000000000000000000000000",
            "B_WIDTH": "00000000000000000000000000000011",
            "Y_WIDTH": "00000000000000000000000000000011"
          },
          "attributes": {
            "src": "designs/28/top.sv:13.22-13.105"
          },
          "port_directions": {
            "A": "input",
            "B": "input",
            "Y": "output"
          },
          "connections": {
            "A": [ 54, 55, 56 ],
            "B": [ 2, 3, 4 ],
            "Y": [ 25, 57, 58 ]
          }
        },
        "$shl$designs/28/top.sv:12$1": {
          "hide_name": 1,
          "type": "$shl",
          "parameters": {
            "A_SIGNED": "00000000000000000000000000000000",
            "A_WIDTH": "00000000000000000000000000000100",
            "B_SIGNED": "00000000000000000000000000000000",
            "B_WIDTH": "00000000000000000000000000000100",
            "Y_WIDTH": "00000000000000000000000000010001"
          },
          "attributes": {
            "src": "designs/28/top.sv:12.23-12.58"
          },
          "port_directions": {
            "A": "input",
            "B": "input",
            "Y": "output"
          },
          "connections": {
            "A": [ 2, 3, 4, 5 ],
            "B": [ 2, 3, 4, 5 ],
            "Y": [ 27, 28, 29, 30, 35, 36, 37, 38, 39, 40, 41, 42, 43, 44, 45, 46, 47 ]
          }
        },
        "$sub$designs/28/top.sv:14$8": {
          "hide_name": 1,
          "type": "$sub",
          "parameters": {
            "A_SIGNED": "00000000000000000000000000000000",
            "A_WIDTH": "00000000000000000000000000000001",
            "B_SIGNED": "00000000000000000000000000000000",
            "B_WIDTH": "00000000000000000000000000000001",
            "Y_WIDTH": "00000000000000000000000000000001"
          },
          "attributes": {
            "src": "designs/28/top.sv:14.24-14.77"
          },
          "port_directions": {
            "A": "input",
            "B": "input",
            "Y": "output"
          },
          "connections": {
            "A": [ 59 ],
            "B": [ 25 ],
            "Y": [ 60 ]
          }
        },
        "$xor$designs/28/top.sv:14$7": {
          "hide_name": 1,
          "type": "$xor",
          "parameters": {
            "A_SIGNED": "00000000000000000000000000000000",
            "A_WIDTH": "00000000000000000000000000000001",
            "B_SIGNED": "00000000000000000000000000000000",
            "B_WIDTH": "00000000000000000000000000000001",
            "Y_WIDTH": "00000000000000000000000000000001"
          },
          "attributes": {
            "src": "designs/28/top.sv:14.35-14.61"
          },
          "port_directions": {
            "A": "input",
            "B": "input",
            "Y": "output"
          },
          "connections": {
            "A": [ 31 ],
            "B": [ 25 ],
            "Y": [ 59 ]
          }
        },
        "$xor$designs/28/top.sv:14$9": {
          "hide_name": 1,
          "type": "$xor",
          "parameters": {
            "A_SIGNED": "00000000000000000000000000000000",
            "A_WIDTH": "00000000000000000000000000000001",
            "B_SIGNED": "00000000000000000000000000000000",
            "B_WIDTH": "00000000000000000000000000000001",
            "Y_WIDTH": "00000000000000000000000000000001"
          },
          "attributes": {
            "src": "designs/28/top.sv:14.23-14.96"
          },
          "port_directions": {
            "A": "input",
            "B": "input",
            "Y": "output"
          },
          "connections": {
            "A": [ 60 ],
            "B": [ 5 ],
            "Y": [ 24 ]
          }
        }
      },
      "netnames": {
        "$not$designs/28/top.sv:13$4_Y": {
          "hide_name": 1,
          "bits": [ 48, 49, 50, 61, 62, 63, 64, 65, 66, 67, 68, 69, 70, 71, 72, 73, 74 ],
          "attributes": {
            "src": "designs/28/top.sv:13.78-13.85",
            "unused_bits": "3 4 5 6 7 8 9 10 11 12 13 14 15 16"
          }
        },
        "$or$designs/28/top.sv:13$3_Y": {
          "hide_name": 1,
          "bits": [ 51, 52, 53 ],
          "attributes": {
            "src": "designs/28/top.sv:13.32-13.72"
          }
        },
        "$or$designs/28/top.sv:13$5_Y": {
          "hide_name": 1,
          "bits": [ 54, 55, 56, 75, 76, 77, 78, 79, 80, 81, 82, 83, 84, 85, 86, 87, 88 ],
          "attributes": {
            "src": "designs/28/top.sv:13.23-13.86",
            "unused_bits": "3 4 5 6 7 8 9 10 11 12 13 14 15 16"
          }
        },
        "$shl$designs/28/top.sv:12$1_Y": {
          "hide_name": 1,
          "bits": [ 27, 28, 29, 30, 35, 36, 37, 38, 39, 40, 41, 42, 43, 44, 45, 46, 47 ],
          "attributes": {
            "src": "designs/28/top.sv:12.23-12.58"
          }
        },
        "$sub$designs/28/top.sv:14$8_Y": {
          "hide_name": 1,
          "bits": [ 60, 89, 90, 91, 92, 93, 94, 95, 96, 97, 98, 99, 100, 101, 102, 103, 104 ],
          "attributes": {
            "src": "designs/28/top.sv:14.24-14.77",
            "unused_bits": "1 2 3 4 5 6 7 8 9 10 11 12 13 14 15 16"
          }
        },
        "$xor$designs/28/top.sv:14$7_Y": {
          "hide_name": 1,
          "bits": [ 59, 105, 106, 107, 108, 109, 110, 111, 112, 113, 114, 115, 116, 117, 118, 119, 120 ],
          "attributes": {
            "src": "designs/28/top.sv:14.35-14.61",
            "unused_bits": "1 2 3 4 5 6 7 8 9 10 11 12 13 14 15 16"
          }
        },
        "$xor$designs/28/top.sv:14$9_Y": {
          "hide_name": 1,
          "bits": [ 24, 121, 122, 123, 124, 125, 126, 127, 128, 129, 130, 131, 132, 133, 134, 135, 136 ],
          "attributes": {
            "src": "designs/28/top.sv:14.23-14.96",
            "unused_bits": "1 2 3 4 5 6 7 8 9 10 11 12 13 14 15 16"
          }
        },
        "input_data": {
          "hide_name": 0,
          "bits": [ 2, 3, 4, 5 ],
          "attributes": {
            "src": "designs/28/top.sv:2.17-2.27"
          }
        },
        "output_data": {
          "hide_name": 0,
          "bits": [ 6, 7, 8, 9, 10, 11, 12, 13, 14, 15, 16, 17, 18, 19, 20, 21, 22, 23, "0", "0", "0", "0", "0", "0", "0", "0", "0", "0", "0", "0", "0", "0" ],
          "attributes": {
            "src": "designs/28/top.sv:3.19-3.30"
          }
        },
        "temp_0": {
          "hide_name": 0,
          "bits": [ 31, 32, 33, 34, 35, 36, 37, 38, 39, 40, 41, 42, 43, 44, 45, 46, 47 ],
          "attributes": {
            "src": "designs/28/top.sv:6.18-6.24"
          }
        },
        "temp_1": {
          "hide_name": 0,
          "bits": [ 25, 57, 58 ],
          "attributes": {
            "src": "designs/28/top.sv:7.17-7.23",
            "unused_bits": "1 2"
          }
        },
        "temp_2": {
          "hide_name": 0,
          "bits": [ 26 ],
          "attributes": {
            "single_bit_vector": "00000000000000000000000000000001",
            "src": "designs/28/top.sv:8.17-8.23"
          }
        }
      }
    }
  }
}
