{
  "creator": "Yosys 0.60 (git sha1 5bafeb77dc71e054fa331ab9efa613e6fb0a1c49, clang++ 17.0.0 -fPIC -O3)",
  "modules": {
    "top": {
      "attributes": {
        "top": "00000000000000000000000000000001",
        "src": "designs/186/top.sv:1.1-50.10"
      },
      "ports": {
        "input_data": {
          "direction": "input",
          "bits": [ 2, 3, 4, 5 ]
        },
        "output_data": {
          "direction": "output",
          "bits": [ 6, 7, 8, 9, 10, "0", "0", "0", "0", "0", "0", "0" ]
        }
      },
      "cells": {
        "$add$designs/186/top.sv:36$9": {
          "hide_name": 1,
          "type": "$add",
          "parameters": {
            "A_SIGNED": "00000000000000000000000000000000",
            "A_WIDTH": "00000000000000000000000000000100",
            "B_SIGNED": "00000000000000000000000000000000",
            "B_WIDTH": "00000000000000000000000000000100",
            "Y_WIDTH": "00000000000000000000000000000101"
          },
          "attributes": {
            "src": "designs/186/top.sv:36.22-36.37"
          },
          "port_directions": {
            "A": "input",
            "B": "input",
            "Y": "output"
          },
          "connections": {
            "A": [ 2, 3, 4, 5 ],
            "B": [ 11, 12, 13, 14 ],
            "Y": [ 15, 16, 17, 18, 19 ]
          }
        },
        "$add$designs/186/top.sv:38$11": {
          "hide_name": 1,
          "type": "$add",
          "parameters": {
            "A_SIGNED": "00000000000000000000000000000000",
            "A_WIDTH": "00000000000000000000000000000100",
            "B_SIGNED": "00000000000000000000000000000000",
            "B_WIDTH": "00000000000000000000000000000100",
            "Y_WIDTH": "00000000000000000000000000000101"
          },
          "attributes": {
            "src": "designs/186/top.sv:38.24-38.39"
          },
          "port_directions": {
            "A": "input",
            "B": "input",
            "Y": "output"
          },
          "connections": {
            "A": [ 20, 21, 22, 23 ],
            "B": [ 20, 21, 22, 23 ],
            "Y": [ 24, 25, 26, 27, 28 ]
          }
        },
        "$and$designs/186/top.sv:31$6": {
          "hide_name": 1,
          "type": "$and",
          "parameters": {
            "A_SIGNED": "00000000000000000000000000000000",
            "A_WIDTH": "00000000000000000000000000000100",
            "B_SIGNED": "00000000000000000000000000000000",
            "B_WIDTH": "00000000000000000000000000000100",
            "Y_WIDTH": "00000000000000000000000000000100"
          },
          "attributes": {
            "src": "designs/186/top.sv:31.22-31.52"
          },
          "port_directions": {
            "A": "input",
            "B": "input",
            "Y": "output"
          },
          "connections": {
            "A": [ 2, 3, 4, 5 ],
            "B": [ 29, 30, 31, 32 ],
            "Y": [ 20, 21, 22, 23 ]
          }
        },
        "$and$designs/186/top.sv:38$12": {
          "hide_name": 1,
          "type": "$and",
          "parameters": {
            "A_SIGNED": "00000000000000000000000000000000",
            "A_WIDTH": "00000000000000000000000000000101",
            "B_SIGNED": "00000000000000000000000000000000",
            "B_WIDTH": "00000000000000000000000000000101",
            "Y_WIDTH": "00000000000000000000000000000101"
          },
          "attributes": {
            "src": "designs/186/top.sv:38.23-38.49"
          },
          "port_directions": {
            "A": "input",
            "B": "input",
            "Y": "output"
          },
          "connections": {
            "A": [ 24, 25, 26, 27, 28 ],
            "B": [ 15, 16, 17, 18, 19 ],
            "Y": [ 33, 34, 35, 36, 10 ]
          }
        },
        "$and$designs/186/top.sv:39$13": {
          "hide_name": 1,
          "type": "$and",
          "parameters": {
            "A_SIGNED": "00000000000000000000000000000000",
            "A_WIDTH": "00000000000000000000000000000100",
            "B_SIGNED": "00000000000000000000000000000000",
            "B_WIDTH": "00000000000000000000000000000100",
            "Y_WIDTH": "00000000000000000000000000000100"
          },
          "attributes": {
            "src": "designs/186/top.sv:39.24-39.43"
          },
          "port_directions": {
            "A": "input",
            "B": "input",
            "Y": "output"
          },
          "connections": {
            "A": [ 37, 38, 39, 40 ],
            "B": [ 2, 3, 4, 5 ],
            "Y": [ 41, 42, 43, 44 ]
          }
        },
        "$auto$opt_expr.cc:276:group_cell_inputs$38": {
          "hide_name": 1,
          "type": "$or",
          "parameters": {
            "A_SIGNED": "00000000000000000000000000000000",
            "A_WIDTH": "00000000000000000000000000000100",
            "B_SIGNED": "00000000000000000000000000000000",
            "B_WIDTH": "00000000000000000000000000000100",
            "Y_WIDTH": "00000000000000000000000000000100"
          },
          "attributes": {
          },
          "port_directions": {
            "A": "input",
            "B": "input",
            "Y": "output"
          },
          "connections": {
            "A": [ 41, 42, 43, 44 ],
            "B": [ 33, 34, 35, 36 ],
            "Y": [ 45, 46, 47, 48 ]
          }
        },
        "$auto$opt_expr.cc:276:group_cell_inputs$49": {
          "hide_name": 1,
          "type": "$or",
          "parameters": {
            "A_SIGNED": "00000000000000000000000000000000",
            "A_WIDTH": "00000000000000000000000000000100",
            "B_SIGNED": "00000000000000000000000000000000",
            "B_WIDTH": "00000000000000000000000000000100",
            "Y_WIDTH": "00000000000000000000000000000100"
          },
          "attributes": {
          },
          "port_directions": {
            "A": "input",
            "B": "input",
            "Y": "output"
          },
          "connections": {
            "A": [ 20, 21, 22, 23 ],
            "B": [ 45, 46, 47, 48 ],
            "Y": [ 6, 7, 8, 9 ]
          }
        },
        "$sub$designs/186/top.sv:30$5": {
          "hide_name": 1,
          "type": "$sub",
          "parameters": {
            "A_SIGNED": "00000000000000000000000000000000",
            "A_WIDTH": "00000000000000000000000000000011",
            "B_SIGNED": "00000000000000000000000000000000",
            "B_WIDTH": "00000000000000000000000000000100",
            "Y_WIDTH": "00000000000000000000000000000100"
          },
          "attributes": {
            "src": "designs/186/top.sv:30.29-30.48"
          },
          "port_directions": {
            "A": "input",
            "B": "input",
            "Y": "output"
          },
          "connections": {
            "A": [ 3, 4, 5 ],
            "B": [ 2, 3, 4, 5 ],
            "Y": [ 29, 30, 31, 32 ]
          }
        },
        "$ternary$designs/186/top.sv:35$8": {
          "hide_name": 1,
          "type": "$mux",
          "parameters": {
            "WIDTH": "00000000000000000000000000000100"
          },
          "attributes": {
            "src": "designs/186/top.sv:35.21-35.54"
          },
          "port_directions": {
            "A": "input",
            "B": "input",
            "S": "input",
            "Y": "output"
          },
          "connections": {
            "A": [ 20, 21, 22, 23 ],
            "B": [ 2, "1", 4, 5 ],
            "S": [ 3 ],
            "Y": [ 37, 38, 39, 40 ]
          }
        },
        "$xor$designs/186/top.sv:33$7": {
          "hide_name": 1,
          "type": "$xor",
          "parameters": {
            "A_SIGNED": "00000000000000000000000000000000",
            "A_WIDTH": "00000000000000000000000000000100",
            "B_SIGNED": "00000000000000000000000000000000",
            "B_WIDTH": "00000000000000000000000000000100",
            "Y_WIDTH": "00000000000000000000000000000100"
          },
          "attributes": {
            "src": "designs/186/top.sv:33.27-33.42"
          },
          "port_directions": {
            "A": "input",
            "B": "input",
            "Y": "output"
          },
          "connections": {
            "A": [ 2, 3, 4, 5 ],
            "B": [ 20, 21, 22, 23 ],
            "Y": [ 11, 12, 13, 14 ]
          }
        }
      },
      "netnames": {
        "$add$designs/186/top.sv:38$11_Y": {
          "hide_name": 1,
          "bits": [ 24, 25, 26, 27, 28, "0", "0", "0", "0", "0", "0", "0", "0", "0", "0", "0", "0", "0", "0", "0", "0", "0", "0", "0", "0", "0", "0", "0", "0", "0" ],
          "attributes": {
            "src": "designs/186/top.sv:38.24-38.39"
          }
        },
        "$and$designs/186/top.sv:39$13_Y": {
          "hide_name": 1,
          "bits": [ 41 ],
          "attributes": {
          }
        },
        "$auto$wreduce.cc:514:run$31": {
          "hide_name": 1,
          "bits": [ 41, 42, 43, 44, "0", "0", "0", "0", "0", "0", "0", "0", "0", "0", "0", "0", "0", "0", "0", "0", "0", "0", "0", "0", "0", "0", "0", "0", "0", "0", "0", "0" ],
          "attributes": {
            "src": "designs/186/top.sv:39.24-39.43"
          }
        },
        "expr_647244": {
          "hide_name": 0,
          "bits": [ 11, 12, 13, 14, "0", "0", "0", "0", "0", "0", "0", "0", "0", "0", "0", "0", "x", "x", "x", "x", "x", "x", "x", "x", "x", "x" ],
          "attributes": {
            "src": "designs/186/top.sv:32.18-32.29"
          }
        },
        "input_data": {
          "hide_name": 0,
          "bits": [ 2, 3, 4, 5 ],
          "attributes": {
            "src": "designs/186/top.sv:2.17-2.27"
          }
        },
        "output_data": {
          "hide_name": 0,
          "bits": [ 6, 7, 8, 9, 10, "0", "0", "0", "0", "0", "0", "0" ],
          "attributes": {
            "src": "designs/186/top.sv:3.19-3.30"
          }
        },
        "temp_10": {
          "hide_name": 0,
          "bits": [ 33, 34, 35, 36, 10, "0", "0", "0", "0", "0", "0", "0", "0", "0", "0", "0", "0", "0", "0", "0", "0", "0", "0", "0", "0", "0", "0", "0", "0", "0" ],
          "attributes": {
            "src": "designs/186/top.sv:16.18-16.25"
          }
        },
        "temp_11": {
          "hide_name": 0,
          "bits": [ 45, 46, 47, 48, 10 ],
          "attributes": {
          }
        },
        "temp_15": {
          "hide_name": 0,
          "bits": [ 15, 16, 17, 18, 19, "0", "0", "0", "0", "0", "0", "0", "0" ],
          "attributes": {
            "src": "designs/186/top.sv:21.18-21.25"
          }
        },
        "temp_4": {
          "hide_name": 0,
          "bits": [ 29, 30, 31, 32, "0", "0" ],
          "attributes": {
            "src": "designs/186/top.sv:10.17-10.23"
          }
        },
        "temp_5": {
          "hide_name": 0,
          "bits": [ 20, 21, 22, 23, "0", "0", "0", "0", "0" ],
          "attributes": {
            "src": "designs/186/top.sv:11.17-11.23"
          }
        },
        "temp_7": {
          "hide_name": 0,
          "bits": [ 37, 38, 39, 40, "0", "0", "0", "0", "0", "0", "0", "0", "0", "0" ],
          "attributes": {
            "src": "designs/186/top.sv:13.18-13.24"
          }
        }
      }
    }
  }
}
