{
  "creator": "Yosys 0.60 (git sha1 5bafeb77dc71e054fa331ab9efa613e6fb0a1c49, clang++ 17.0.0 -fPIC -O3)",
  "modules": {
    "top": {
      "attributes": {
        "top": "00000000000000000000000000000001",
        "src": "designs/132/top.sv:1.1-28.10"
      },
      "ports": {
        "input_data": {
          "direction": "input",
          "bits": [ 2, 3, 4, 5, 6, 7, 8, 9, 10, 11 ]
        },
        "output_data": {
          "direction": "output",
          "bits": [ 12, 13, 14, 15, 16, 17, 18, 19, 20, 21, 22, 23, 24, 25, 26, 27, 28, 29, 30, 31, 32, 33, 34, "0", "0", "0", "0", "0", "0", "0", "0", "0", "0", "0", "0", "0", "0", "0", "0", "0" ]
        }
      },
      "cells": {
        "$add$designs/132/top.sv:17$15": {
          "hide_name": 1,
          "type": "$add",
          "parameters": {
            "A_SIGNED": "00000000000000000000000000000000",
            "A_WIDTH": "00000000000000000000000000010010",
            "B_SIGNED": "00000000000000000000000000000000",
            "B_WIDTH": "00000000000000000000000000010010",
            "Y_WIDTH": "00000000000000000000000000010010"
          },
          "attributes": {
            "src": "designs/132/top.sv:17.32-17.50"
          },
          "port_directions": {
            "A": "input",
            "B": "input",
            "Y": "output"
          },
          "connections": {
            "A": [ 35, 36, 37, 38, 39, 40, 41, 42, 43, 44, 45, 46, 47, 48, 49, 50, 51, 52 ],
            "B": [ 53, 54, 55, 56, 57, 58, 59, 60, 61, 62, 63, 64, 65, 66, 67, 68, 69, 70 ],
            "Y": [ 71, 72, 73, 74, 75, 76, 77, 78, 79, 80, 81, 82, 83, 84, 85, 86, 87, 88 ]
          }
        },
        "$add$designs/132/top.sv:18$18": {
          "hide_name": 1,
          "type": "$add",
          "parameters": {
            "A_SIGNED": "00000000000000000000000000000000",
            "A_WIDTH": "00000000000000000000000000001001",
            "B_SIGNED": "00000000000000000000000000000000",
            "B_WIDTH": "00000000000000000000000000000011",
            "Y_WIDTH": "00000000000000000000000000001001"
          },
          "attributes": {
            "src": "designs/132/top.sv:18.37-18.68"
          },
          "port_directions": {
            "A": "input",
            "B": "input",
            "Y": "output"
          },
          "connections": {
            "A": [ 35, 36, 37, 38, 39, 40, 41, 42, 43 ],
            "B": [ 89, 90, 91 ],
            "Y": [ 92, 93, 94, 95, 96, 97, 98, 99, 100 ]
          }
        },
        "$add$designs/132/top.sv:18$21": {
          "hide_name": 1,
          "type": "$add",
          "parameters": {
            "A_SIGNED": "00000000000000000000000000000000",
            "A_WIDTH": "00000000000000000000000000001001",
            "B_SIGNED": "00000000000000000000000000000000",
            "B_WIDTH": "00000000000000000000000000001001",
            "Y_WIDTH": "00000000000000000000000000001001"
          },
          "attributes": {
            "src": "designs/132/top.sv:18.34-18.98"
          },
          "port_directions": {
            "A": "input",
            "B": "input",
            "Y": "output"
          },
          "connections": {
            "A": [ 101, 102, 103, 104, 105, 106, 107, 108, 109 ],
            "B": [ 35, 36, 37, 38, 39, 40, 41, 42, 43 ],
            "Y": [ 110, 111, 112, 113, 114, 115, 116, 117, 118 ]
          }
        },
        "$add$designs/132/top.sv:18$22": {
          "hide_name": 1,
          "type": "$add",
          "parameters": {
            "A_SIGNED": "00000000000000000000000000000000",
            "A_WIDTH": "00000000000000000000000000001001",
            "B_SIGNED": "00000000000000000000000000000000",
            "B_WIDTH": "00000000000000000000000000001001",
            "Y_WIDTH": "00000000000000000000000000001001"
          },
          "attributes": {
            "src": "designs/132/top.sv:18.23-18.109"
          },
          "port_directions": {
            "A": "input",
            "B": "input",
            "Y": "output"
          },
          "connections": {
            "A": [ 110, 111, 112, 113, 114, 115, 116, 117, 118 ],
            "B": [ 35, 36, 37, 38, 39, 40, 41, 42, 43 ],
            "Y": [ 119, 120, 121, 122, 123, 124, 125, 126, 127 ]
          }
        },
        "$add$designs/132/top.sv:19$29": {
          "hide_name": 1,
          "type": "$add",
          "parameters": {
            "A_SIGNED": "00000000000000000000000000000000",
            "A_WIDTH": "00000000000000000000000000001100",
            "B_SIGNED": "00000000000000000000000000000000",
            "B_WIDTH": "00000000000000000000000000001010",
            "Y_WIDTH": "00000000000000000000000000001100"
          },
          "attributes": {
            "src": "designs/132/top.sv:19.31-19.106"
          },
          "port_directions": {
            "A": "input",
            "B": "input",
            "Y": "output"
          },
          "connections": {
            "A": [ 128, 129, 130, 131, 132, 133, 134, 135, 136, 137, 138, 139 ],
            "B": [ 2, 3, 4, 5, 6, 7, 8, 9, 10, 11 ],
            "Y": [ 140, 141, 142, 143, 144, 145, 146, 147, 148, 149, 150, 151 ]
          }
        },
        "$add$designs/132/top.sv:19$32": {
          "hide_name": 1,
          "type": "$add",
          "parameters": {
            "A_SIGNED": "00000000000000000000000000000000",
            "A_WIDTH": "00000000000000000000000000001100",
            "B_SIGNED": "00000000000000000000000000000000",
            "B_WIDTH": "00000000000000000000000000001100",
            "Y_WIDTH": "00000000000000000000000000001100"
          },
          "attributes": {
            "src": "designs/132/top.sv:19.30-19.124"
          },
          "port_directions": {
            "A": "input",
            "B": "input",
            "Y": "output"
          },
          "connections": {
            "A": [ 140, 141, 142, 143, 144, 145, 146, 147, 148, 149, 150, 151 ],
            "B": [ 152, 153, 154, "1", "1", "1", "1", "1", "1", "1", "1", "1" ],
            "Y": [ 155, 156, 157, 158, 159, 160, 161, 162, 163, 164, 165, 166 ]
          }
        },
        "$add$designs/132/top.sv:20$36": {
          "hide_name": 1,
          "type": "$add",
          "parameters": {
            "A_SIGNED": "00000000000000000000000000000000",
            "A_WIDTH": "00000000000000000000000000000001",
            "B_SIGNED": "00000000000000000000000000000000",
            "B_WIDTH": "00000000000000000000000000000001",
            "Y_WIDTH": "00000000000000000000000000000001"
          },
          "attributes": {
            "src": "designs/132/top.sv:20.36-20.81"
          },
          "port_directions": {
            "A": "input",
            "B": "input",
            "Y": "output"
          },
          "connections": {
            "A": [ 167 ],
            "B": [ 155 ],
            "Y": [ 168 ]
          }
        },
        "$add$designs/132/top.sv:20$37": {
          "hide_name": 1,
          "type": "$add",
          "parameters": {
            "A_SIGNED": "00000000000000000000000000000000",
            "A_WIDTH": "00000000000000000000000000000001",
            "B_SIGNED": "00000000000000000000000000000000",
            "B_WIDTH": "00000000000000000000000000000001",
            "Y_WIDTH": "00000000000000000000000000000001"
          },
          "attributes": {
            "src": "designs/132/top.sv:20.35-20.100"
          },
          "port_directions": {
            "A": "input",
            "B": "input",
            "Y": "output"
          },
          "connections": {
            "A": [ 168 ],
            "B": [ 9 ],
            "Y": [ 169 ]
          }
        },
        "$add$designs/132/top.sv:20$41": {
          "hide_name": 1,
          "type": "$add",
          "parameters": {
            "A_SIGNED": "00000000000000000000000000000000",
            "A_WIDTH": "00000000000000000000000000000001",
            "B_SIGNED": "00000000000000000000000000000000",
            "B_WIDTH": "00000000000000000000000000000001",
            "Y_WIDTH": "00000000000000000000000000000001"
          },
          "attributes": {
            "src": "designs/132/top.sv:20.23-20.150"
          },
          "port_directions": {
            "A": "input",
            "B": "input",
            "Y": "output"
          },
          "connections": {
            "A": [ 170 ],
            "B": [ 7 ],
            "Y": [ 171 ]
          }
        },
        "$add$designs/132/top.sv:20$42": {
          "hide_name": 1,
          "type": "$add",
          "parameters": {
            "A_SIGNED": "00000000000000000000000000000000",
            "A_WIDTH": "00000000000000000000000000000001",
            "B_SIGNED": "00000000000000000000000000000000",
            "B_WIDTH": "00000000000000000000000000000001",
            "Y_WIDTH": "00000000000000000000000000000001"
          },
          "attributes": {
            "src": "designs/132/top.sv:20.22-20.160"
          },
          "port_directions": {
            "A": "input",
            "B": "input",
            "Y": "output"
          },
          "connections": {
            "A": [ 171 ],
            "B": [ 89 ],
            "Y": [ 172 ]
          }
        },
        "$add$designs/132/top.sv:22$58": {
          "hide_name": 1,
          "type": "$add",
          "parameters": {
            "A_SIGNED": "00000000000000000000000000000000",
            "A_WIDTH": "00000000000000000000000000010110",
            "B_SIGNED": "00000000000000000000000000000000",
            "B_WIDTH": "00000000000000000000000000000001",
            "Y_WIDTH": "00000000000000000000000000010110"
          },
          "attributes": {
            "src": "designs/132/top.sv:22.140-22.188"
          },
          "port_directions": {
            "A": "input",
            "B": "input",
            "Y": "output"
          },
          "connections": {
            "A": [ 173, 174, 175, 176, 177, 178, 179, 180, 181, 182, 183, 184, 185, 186, 187, 188, 189, 190, 191, 192, 193, 194 ],
            "B": [ 172 ],
            "Y": [ 195, 196, 197, 198, 199, 200, 201, 202, 203, 204, 205, 206, 207, 208, 209, 210, 211, 212, 213, 214, 215, 216 ]
          }
        },
        "$add$designs/132/top.sv:23$66": {
          "hide_name": 1,
          "type": "$add",
          "parameters": {
            "A_SIGNED": "00000000000000000000000000000000",
            "A_WIDTH": "00000000000000000000000000000110",
            "B_SIGNED": "00000000000000000000000000000000",
            "B_WIDTH": "00000000000000000000000000000110",
            "Y_WIDTH": "00000000000000000000000000000110"
          },
          "attributes": {
            "src": "designs/132/top.sv:23.39-23.65"
          },
          "port_directions": {
            "A": "input",
            "B": "input",
            "Y": "output"
          },
          "connections": {
            "A": [ 217, 218, 219, 220, 221, 222 ],
            "B": [ 35, 36, 37, 38, 39, 40 ],
            "Y": [ 223, 224, 225, 226, 227, 228 ]
          }
        },
        "$add$designs/132/top.sv:23$67": {
          "hide_name": 1,
          "type": "$add",
          "parameters": {
            "A_SIGNED": "00000000000000000000000000000000",
            "A_WIDTH": "00000000000000000000000000000110",
            "B_SIGNED": "00000000000000000000000000000000",
            "B_WIDTH": "00000000000000000000000000000110",
            "Y_WIDTH": "00000000000000000000000000000110"
          },
          "attributes": {
            "src": "designs/132/top.sv:23.38-23.75"
          },
          "port_directions": {
            "A": "input",
            "B": "input",
            "Y": "output"
          },
          "connections": {
            "A": [ 223, 224, 225, 226, 227, 228 ],
            "B": [ 229, 230, 231, 232, 233, 234 ],
            "Y": [ 235, 236, 237, 238, 239, 240 ]
          }
        },
        "$add$designs/132/top.sv:23$72": {
          "hide_name": 1,
          "type": "$add",
          "parameters": {
            "A_SIGNED": "00000000000000000000000000000000",
            "A_WIDTH": "00000000000000000000000000000110",
            "B_SIGNED": "00000000000000000000000000000000",
            "B_WIDTH": "00000000000000000000000000000110",
            "Y_WIDTH": "00000000000000000000000000000110"
          },
          "attributes": {
            "src": "designs/132/top.sv:23.25-23.109"
          },
          "port_directions": {
            "A": "input",
            "B": "input",
            "Y": "output"
          },
          "connections": {
            "A": [ 241, 242, 243, 244, 245, 246 ],
            "B": [ 155, 156, 157, 158, 159, 160 ],
            "Y": [ 247, 248, 249, 250, 251, 252 ]
          }
        },
        "$add$designs/132/top.sv:26$83": {
          "hide_name": 1,
          "type": "$add",
          "parameters": {
            "A_SIGNED": "00000000000000000000000000000000",
            "A_WIDTH": "00000000000000000000000000010001",
            "B_SIGNED": "00000000000000000000000000000000",
            "B_WIDTH": "00000000000000000000000000001011",
            "Y_WIDTH": "00000000000000000000000000010001"
          },
          "attributes": {
            "src": "designs/132/top.sv:26.41-26.90"
          },
          "port_directions": {
            "A": "input",
            "B": "input",
            "Y": "output"
          },
          "connections": {
            "A": [ 253, 254, 255, 256, 257, 258, 259, 260, 261, 262, 263, 264, 185, 186, 187, 188, 189 ],
            "B": [ 265, 266, 267, 268, 269, 270, 271, 272, 273, 274, 275 ],
            "Y": [ 276, 277, 278, 279, 280, 281, 282, 283, 284, 285, 286, 287, 288, 289, 290, 291, 292 ]
          }
        },
        "$and$designs/132/top.sv:18$19": {
          "hide_name": 1,
          "type": "$and",
          "parameters": {
            "A_SIGNED": "00000000000000000000000000000000",
            "A_WIDTH": "00000000000000000000000000001001",
            "B_SIGNED": "00000000000000000000000000000000",
            "B_WIDTH": "00000000000000000000000000001001",
            "Y_WIDTH": "00000000000000000000000000001001"
          },
          "attributes": {
            "src": "designs/132/top.sv:18.36-18.78"
          },
          "port_directions": {
            "A": "input",
            "B": "input",
            "Y": "output"
          },
          "connections": {
            "A": [ 92, 93, 94, 95, 96, 97, 98, 99, 100 ],
            "B": [ 35, 36, 37, 38, 39, 40, 41, 42, 43 ],
            "Y": [ 293, 294, 295, 296, 297, 298, 299, 300, 301 ]
          }
        },
        "$and$designs/132/top.sv:18$20": {
          "hide_name": 1,
          "type": "$and",
          "parameters": {
            "A_SIGNED": "00000000000000000000000000000000",
            "A_WIDTH": "00000000000000000000000000001001",
            "B_SIGNED": "00000000000000000000000000000000",
            "B_WIDTH": "00000000000000000000000000001001",
            "Y_WIDTH": "00000000000000000000000000001001"
          },
          "attributes": {
            "src": "designs/132/top.sv:18.35-18.88"
          },
          "port_directions": {
            "A": "input",
            "B": "input",
            "Y": "output"
          },
          "connections": {
            "A": [ 293, 294, 295, 296, 297, 298, 299, 300, 301 ],
            "B": [ 89, 90, 91, 302, 303, 304, 305, 306, 307 ],
            "Y": [ 101, 102, 103, 104, 105, 106, 107, 108, 109 ]
          }
        },
        "$and$designs/132/top.sv:18$23": {
          "hide_name": 1,
          "type": "$and",
          "parameters": {
            "A_SIGNED": "00000000000000000000000000000000",
            "A_WIDTH": "00000000000000000000000000001001",
            "B_SIGNED": "00000000000000000000000000000000",
            "B_WIDTH": "00000000000000000000000000001001",
            "Y_WIDTH": "00000000000000000000000000001001"
          },
          "attributes": {
            "src": "designs/132/top.sv:18.22-18.119"
          },
          "port_directions": {
            "A": "input",
            "B": "input",
            "Y": "output"
          },
          "connections": {
            "A": [ 119, 120, 121, 122, 123, 124, 125, 126, 127 ],
            "B": [ 35, 36, 37, 38, 39, 40, 41, 42, 43 ],
            "Y": [ 308, 309, 310, 311, 312, 313, 314, 315, 316 ]
          }
        },
        "$and$designs/132/top.sv:19$24": {
          "hide_name": 1,
          "type": "$and",
          "parameters": {
            "A_SIGNED": "00000000000000000000000000000000",
            "A_WIDTH": "00000000000000000000000000001100",
            "B_SIGNED": "00000000000000000000000000000000",
            "B_WIDTH": "00000000000000000000000000001100",
            "Y_WIDTH": "00000000000000000000000000001100"
          },
          "attributes": {
            "src": "designs/132/top.sv:19.43-19.58"
          },
          "port_directions": {
            "A": "input",
            "B": "input",
            "Y": "output"
          },
          "connections": {
            "A": [ 89, 90, 91, 302, 303, 304, 305, 306, 307, 317, 318, 319 ],
            "B": [ 35, 36, 37, 38, 39, 40, 41, 42, 43, 44, 45, 46 ],
            "Y": [ 320, 321, 322, 323, 324, 325, 326, 327, 328, 329, 330, 331 ]
          }
        },
        "$and$designs/132/top.sv:20$34": {
          "hide_name": 1,
          "type": "$and",
          "parameters": {
            "A_SIGNED": "00000000000000000000000000000000",
            "A_WIDTH": "00000000000000000000000000011000",
            "B_SIGNED": "00000000000000000000000000000000",
            "B_WIDTH": "00000000000000000000000000011000",
            "Y_WIDTH": "00000000000000000000000000011000"
          },
          "attributes": {
            "src": "designs/132/top.sv:20.38-20.56"
          },
          "port_directions": {
            "A": "input",
            "B": "input",
            "Y": "output"
          },
          "connections": {
            "A": [ 35, 36, 37, 38, 39, 40, 41, 42, 43, 44, 45, 46, 47, 48, 49, 50, 51, 52, 332, 333, 334, 335, 336, 337 ],
            "B": [ 338, 339, 340, 341, 342, 343, 344, 345, 346, 347, 348, 349, 350, 351, 352, 353, 354, 355, 356, 357, 358, 359, 360, 361 ],
            "Y": [ 362, 363, 364, 365, 366, 367, 368, 369, 370, 371, 372, 373, 374, 375, 376, 377, 378, 379, 380, 381, 382, 383, 384, 385 ]
          }
        },
        "$and$designs/132/top.sv:22$55": {
          "hide_name": 1,
          "type": "$and",
          "parameters": {
            "A_SIGNED": "00000000000000000000000000000000",
            "A_WIDTH": "00000000000000000000000000001100",
            "B_SIGNED": "00000000000000000000000000000000",
            "B_WIDTH": "00000000000000000000000000001100",
            "Y_WIDTH": "00000000000000000000000000001100"
          },
          "attributes": {
            "src": "designs/132/top.sv:22.143-22.158"
          },
          "port_directions": {
            "A": "input",
            "B": "input",
            "Y": "output"
          },
          "connections": {
            "A": [ 155, 156, 157, 158, 159, 160, 161, 162, 163, 164, 165, 166 ],
            "B": [ 155, 156, 157, 158, 159, 160, 161, 162, 163, 164, 165, 166 ],
            "Y": [ 386, 387, 388, 389, 390, 391, 392, 393, 394, 395, 396, 397 ]
          }
        },
        "$and$designs/132/top.sv:23$73": {
          "hide_name": 1,
          "type": "$and",
          "parameters": {
            "A_SIGNED": "00000000000000000000000000000000",
            "A_WIDTH": "00000000000000000000000000000110",
            "B_SIGNED": "00000000000000000000000000000000",
            "B_WIDTH": "00000000000000000000000000000110",
            "Y_WIDTH": "00000000000000000000000000000110"
          },
          "attributes": {
            "src": "designs/132/top.sv:23.24-23.119"
          },
          "port_directions": {
            "A": "input",
            "B": "input",
            "Y": "output"
          },
          "connections": {
            "A": [ 247, 248, 249, 250, 251, 252 ],
            "B": [ 229, 230, 231, 232, 233, 234 ],
            "Y": [ 398, 399, 400, 401, 402, 403 ]
          }
        },
        "$auto$opt_expr.cc:276:group_cell_inputs$110": {
          "hide_name": 1,
          "type": "$or",
          "parameters": {
            "A_SIGNED": "00000000000000000000000000000000",
            "A_WIDTH": "00000000000000000000000000001010",
            "B_SIGNED": "00000000000000000000000000000000",
            "B_WIDTH": "00000000000000000000000000001010",
            "Y_WIDTH": "00000000000000000000000000001010"
          },
          "attributes": {
          },
          "port_directions": {
            "A": "input",
            "B": "input",
            "Y": "output"
          },
          "connections": {
            "A": [ 404, 405, 406, 407, 408, 409, 410, 411, 412, 413 ],
            "B": [ 2, 3, 4, 5, 6, 7, 8, 9, 10, 11 ],
            "Y": [ 414, 415, 416, 417, 418, 419, 420, 421, 422, 423 ]
          }
        },
        "$auto$opt_expr.cc:276:group_cell_inputs$113": {
          "hide_name": 1,
          "type": "$xor",
          "parameters": {
            "A_SIGNED": "00000000000000000000000000000000",
            "A_WIDTH": "00000000000000000000000000001001",
            "B_SIGNED": "00000000000000000000000000000000",
            "B_WIDTH": "00000000000000000000000000001001",
            "Y_WIDTH": "00000000000000000000000000001001"
          },
          "attributes": {
          },
          "port_directions": {
            "A": "input",
            "B": "input",
            "Y": "output"
          },
          "connections": {
            "A": [ 424, 425, 426, 427, 428, 429, 430, 431, 432 ],
            "B": [ 308, 309, 310, 311, 312, 313, 314, 315, 316 ],
            "Y": [ 128, 129, 130, 131, 132, 133, 134, 135, 136 ]
          }
        },
        "$auto$opt_expr.cc:276:group_cell_inputs$116": {
          "hide_name": 1,
          "type": "$not",
          "parameters": {
            "A_SIGNED": "00000000000000000000000000000000",
            "A_WIDTH": "00000000000000000000000000000011",
            "Y_WIDTH": "00000000000000000000000000000011"
          },
          "attributes": {
          },
          "port_directions": {
            "A": "input",
            "Y": "output"
          },
          "connections": {
            "A": [ 89, 90, 91 ],
            "Y": [ 152, 153, 154 ]
          }
        },
        "$auto$opt_expr.cc:276:group_cell_inputs$120": {
          "hide_name": 1,
          "type": "$or",
          "parameters": {
            "A_SIGNED": "00000000000000000000000000000000",
            "A_WIDTH": "00000000000000000000000000001100",
            "B_SIGNED": "00000000000000000000000000000000",
            "B_WIDTH": "00000000000000000000000000001100",
            "Y_WIDTH": "00000000000000000000000000001100"
          },
          "attributes": {
          },
          "port_directions": {
            "A": "input",
            "B": "input",
            "Y": "output"
          },
          "connections": {
            "A": [ 89, 90, 91, 302, 303, 304, 305, 306, 307, 317, 318, 319 ],
            "B": [ 155, 156, 157, 158, 159, 160, 161, 162, 163, 164, 165, 166 ],
            "Y": [ 433, 434, 435, 436, 437, 438, 439, 440, 441, 442, 443, 444 ]
          }
        },
        "$auto$opt_expr.cc:276:group_cell_inputs$123": {
          "hide_name": 1,
          "type": "$or",
          "parameters": {
            "A_SIGNED": "00000000000000000000000000000000",
            "A_WIDTH": "00000000000000000000000000001100",
            "B_SIGNED": "00000000000000000000000000000000",
            "B_WIDTH": "00000000000000000000000000001100",
            "Y_WIDTH": "00000000000000000000000000001100"
          },
          "attributes": {
          },
          "port_directions": {
            "A": "input",
            "B": "input",
            "Y": "output"
          },
          "connections": {
            "A": [ 433, 434, 435, 436, 437, 438, 439, 440, 441, 442, 443, 444 ],
            "B": [ 155, 156, 157, 158, 159, 160, 161, 162, 163, 164, 165, 166 ],
            "Y": [ 445, 446, 447, 448, 449, 450, 451, 452, 453, 454, 455, 456 ]
          }
        },
        "$auto$opt_expr.cc:276:group_cell_inputs$126": {
          "hide_name": 1,
          "type": "$and",
          "parameters": {
            "A_SIGNED": "00000000000000000000000000000000",
            "A_WIDTH": "00000000000000000000000000001100",
            "B_SIGNED": "00000000000000000000000000000000",
            "B_WIDTH": "00000000000000000000000000001100",
            "Y_WIDTH": "00000000000000000000000000001100"
          },
          "attributes": {
          },
          "port_directions": {
            "A": "input",
            "B": "input",
            "Y": "output"
          },
          "connections": {
            "A": [ 457, 458, 459, 460, 461, 462, 463, 464, 465, 466, 467, 468 ],
            "B": [ 155, 156, 157, 158, 159, 160, 161, 162, 163, 164, 165, 166 ],
            "Y": [ 469, 470, 471, 472, 473, 474, 475, 476, 477, 478, 479, 480 ]
          }
        },
        "$auto$opt_expr.cc:276:group_cell_inputs$130": {
          "hide_name": 1,
          "type": "$or",
          "parameters": {
            "A_SIGNED": "00000000000000000000000000000000",
            "A_WIDTH": "00000000000000000000000000001001",
            "B_SIGNED": "00000000000000000000000000000000",
            "B_WIDTH": "00000000000000000000000000001001",
            "Y_WIDTH": "00000000000000000000000000001001"
          },
          "attributes": {
          },
          "port_directions": {
            "A": "input",
            "B": "input",
            "Y": "output"
          },
          "connections": {
            "A": [ 386, 387, 388, 389, 390, 391, 392, 393, 394 ],
            "B": [ 308, 309, 310, 311, 312, 313, 314, 315, 316 ],
            "Y": [ 481, 482, 483, 484, 485, 486, 487, 488, 489 ]
          }
        },
        "$auto$opt_expr.cc:276:group_cell_inputs$133": {
          "hide_name": 1,
          "type": "$or",
          "parameters": {
            "A_SIGNED": "00000000000000000000000000000000",
            "A_WIDTH": "00000000000000000000000000001100",
            "B_SIGNED": "00000000000000000000000000000000",
            "B_WIDTH": "00000000000000000000000000001100",
            "Y_WIDTH": "00000000000000000000000000001100"
          },
          "attributes": {
          },
          "port_directions": {
            "A": "input",
            "B": "input",
            "Y": "output"
          },
          "connections": {
            "A": [ 481, 482, 483, 484, 485, 486, 487, 488, 489, 395, 396, 397 ],
            "B": [ 229, 230, 231, 232, 233, 234, 490, 491, 492, 262, 263, 264 ],
            "Y": [ 173, 174, 175, 176, 177, 178, 179, 180, 181, 182, 183, 184 ]
          }
        },
        "$auto$opt_expr.cc:276:group_cell_inputs$136": {
          "hide_name": 1,
          "type": "$and",
          "parameters": {
            "A_SIGNED": "00000000000000000000000000000000",
            "A_WIDTH": "00000000000000000000000000001010",
            "B_SIGNED": "00000000000000000000000000000000",
            "B_WIDTH": "00000000000000000000000000001010",
            "Y_WIDTH": "00000000000000000000000000001010"
          },
          "attributes": {
          },
          "port_directions": {
            "A": "input",
            "B": "input",
            "Y": "output"
          },
          "connections": {
            "A": [ 493, 494, 495, 496, 497, 498, 499, 500, 501, 502 ],
            "B": [ 2, 3, 4, 5, 6, 7, 8, 9, 10, 11 ],
            "Y": [ 503, 504, 505, 506, 507, 508, 509, 510, 511, 512 ]
          }
        },
        "$auto$opt_expr.cc:276:group_cell_inputs$140": {
          "hide_name": 1,
          "type": "$or",
          "parameters": {
            "A_SIGNED": "00000000000000000000000000000000",
            "A_WIDTH": "00000000000000000000000000001000",
            "B_SIGNED": "00000000000000000000000000000000",
            "B_WIDTH": "00000000000000000000000000001000",
            "Y_WIDTH": "00000000000000000000000000001000"
          },
          "attributes": {
          },
          "port_directions": {
            "A": "input",
            "B": "input",
            "Y": "output"
          },
          "connections": {
            "A": [ 513, 514, 515, 516, 517, 518, 519, 520 ],
            "B": [ 155, 156, 157, 158, 159, 160, 161, 162 ],
            "Y": [ 521, 522, 523, 524, 525, 526, 527, 528 ]
          }
        },
        "$auto$opt_expr.cc:276:group_cell_inputs$143": {
          "hide_name": 1,
          "type": "$not",
          "parameters": {
            "A_SIGNED": "00000000000000000000000000000000",
            "A_WIDTH": "00000000000000000000000000000001",
            "Y_WIDTH": "00000000000000000000000000000001"
          },
          "attributes": {
          },
          "port_directions": {
            "A": "input",
            "Y": "output"
          },
          "connections": {
            "A": [ 172 ],
            "Y": [ 529 ]
          }
        },
        "$auto$opt_expr.cc:276:group_cell_inputs$147": {
          "hide_name": 1,
          "type": "$and",
          "parameters": {
            "A_SIGNED": "00000000000000000000000000000000",
            "A_WIDTH": "00000000000000000000000000000001",
            "B_SIGNED": "00000000000000000000000000000000",
            "B_WIDTH": "00000000000000000000000000000001",
            "Y_WIDTH": "00000000000000000000000000000001"
          },
          "attributes": {
          },
          "port_directions": {
            "A": "input",
            "B": "input",
            "Y": "output"
          },
          "connections": {
            "A": [ 398 ],
            "B": [ 172 ],
            "Y": [ 530 ]
          }
        },
        "$auto$opt_expr.cc:276:group_cell_inputs$151": {
          "hide_name": 1,
          "type": "$xor",
          "parameters": {
            "A_SIGNED": "00000000000000000000000000000000",
            "A_WIDTH": "00000000000000000000000000000011",
            "B_SIGNED": "00000000000000000000000000000000",
            "B_WIDTH": "00000000000000000000000000000011",
            "Y_WIDTH": "00000000000000000000000000000011"
          },
          "attributes": {
          },
          "port_directions": {
            "A": "input",
            "B": "input",
            "Y": "output"
          },
          "connections": {
            "A": [ 308, 309, 310 ],
            "B": [ 531, 532, 533 ],
            "Y": [ 534, 535, 536 ]
          }
        },
        "$auto$opt_expr.cc:276:group_cell_inputs$154": {
          "hide_name": 1,
          "type": "$or",
          "parameters": {
            "A_SIGNED": "00000000000000000000000000000000",
            "A_WIDTH": "00000000000000000000000000000011",
            "B_SIGNED": "00000000000000000000000000000000",
            "B_WIDTH": "00000000000000000000000000000011",
            "Y_WIDTH": "00000000000000000000000000000011"
          },
          "attributes": {
          },
          "port_directions": {
            "A": "input",
            "B": "input",
            "Y": "output"
          },
          "connections": {
            "A": [ 534, 535, 536 ],
            "B": [ 537, 538, 539 ],
            "Y": [ 540, 541, 542 ]
          }
        },
        "$auto$opt_expr.cc:276:group_cell_inputs$157": {
          "hide_name": 1,
          "type": "$or",
          "parameters": {
            "A_SIGNED": "00000000000000000000000000000000",
            "A_WIDTH": "00000000000000000000000000001100",
            "B_SIGNED": "00000000000000000000000000000000",
            "B_WIDTH": "00000000000000000000000000001100",
            "Y_WIDTH": "00000000000000000000000000001100"
          },
          "attributes": {
          },
          "port_directions": {
            "A": "input",
            "B": "input",
            "Y": "output"
          },
          "connections": {
            "A": [ 540, 541, 542, 537, 538, 539, 543, 544, 545, 546, 547, 548 ],
            "B": [ 155, 156, 157, 158, 159, 160, 161, 162, 163, 164, 165, 166 ],
            "Y": [ 549, 550, 551, 552, 553, 554, 555, 556, 557, 558, 559, 560 ]
          }
        },
        "$auto$opt_expr.cc:276:group_cell_inputs$160": {
          "hide_name": 1,
          "type": "$xor",
          "parameters": {
            "A_SIGNED": "00000000000000000000000000000000",
            "A_WIDTH": "00000000000000000000000000000110",
            "B_SIGNED": "00000000000000000000000000000000",
            "B_WIDTH": "00000000000000000000000000000110",
            "Y_WIDTH": "00000000000000000000000000000110"
          },
          "attributes": {
          },
          "port_directions": {
            "A": "input",
            "B": "input",
            "Y": "output"
          },
          "connections": {
            "A": [ 561, 532, 533, 537, 538, 539 ],
            "B": [ 229, 230, 231, 232, 233, 234 ],
            "Y": [ 562, 563, 564, 565, 566, 567 ]
          }
        },
        "$auto$opt_expr.cc:276:group_cell_inputs$163": {
          "hide_name": 1,
          "type": "$or",
          "parameters": {
            "A_SIGNED": "00000000000000000000000000000000",
            "A_WIDTH": "00000000000000000000000000001001",
            "B_SIGNED": "00000000000000000000000000000000",
            "B_WIDTH": "00000000000000000000000000001001",
            "Y_WIDTH": "00000000000000000000000000001001"
          },
          "attributes": {
          },
          "port_directions": {
            "A": "input",
            "B": "input",
            "Y": "output"
          },
          "connections": {
            "A": [ 562, 563, 564, 565, 566, 567, 490, 491, 492 ],
            "B": [ 308, 309, 310, 311, 312, 313, 314, 315, 316 ],
            "Y": [ 253, 254, 255, 256, 257, 258, 259, 260, 261 ]
          }
        },
        "$auto$opt_expr.cc:276:group_cell_inputs$166": {
          "hide_name": 1,
          "type": "$or",
          "parameters": {
            "A_SIGNED": "00000000000000000000000000000000",
            "A_WIDTH": "00000000000000000000000000000001",
            "B_SIGNED": "00000000000000000000000000000000",
            "B_WIDTH": "00000000000000000000000000000001",
            "Y_WIDTH": "00000000000000000000000000000001"
          },
          "attributes": {
          },
          "port_directions": {
            "A": "input",
            "B": "input",
            "Y": "output"
          },
          "connections": {
            "A": [ 276 ],
            "B": [ 172 ],
            "Y": [ 568 ]
          }
        },
        "$auto$opt_expr.cc:276:group_cell_inputs$169": {
          "hide_name": 1,
          "type": "$and",
          "parameters": {
            "A_SIGNED": "00000000000000000000000000000000",
            "A_WIDTH": "00000000000000000000000000010001",
            "B_SIGNED": "00000000000000000000000000000000",
            "B_WIDTH": "00000000000000000000000000010001",
            "Y_WIDTH": "00000000000000000000000000010001"
          },
          "attributes": {
          },
          "port_directions": {
            "A": "input",
            "B": "input",
            "Y": "output"
          },
          "connections": {
            "A": [ 568, 277, 278, 279, 280, 281, 282, 283, 284, 285, 286, 287, 288, 289, 290, 291, 292 ],
            "B": [ 265, 266, 267, 268, 269, 270, 271, 272, 273, 274, 275, 569, 570, 571, 572, 573, 574 ],
            "Y": [ 575, 576, 577, 578, 579, 580, 581, 582, 583, 584, 585, 586, 587, 588, 589, 590, 591 ]
          }
        },
        "$auto$opt_expr.cc:276:group_cell_inputs$175": {
          "hide_name": 1,
          "type": "$xor",
          "parameters": {
            "A_SIGNED": "00000000000000000000000000000000",
            "A_WIDTH": "00000000000000000000000000001010",
            "B_SIGNED": "00000000000000000000000000000000",
            "B_WIDTH": "00000000000000000000000000001010",
            "Y_WIDTH": "00000000000000000000000000001010"
          },
          "attributes": {
          },
          "port_directions": {
            "A": "input",
            "B": "input",
            "Y": "output"
          },
          "connections": {
            "A": [ 503, 504, 505, 506, 507, 508, 509, 510, 511, 512 ],
            "B": [ 229, 230, 231, 232, 233, 234, 490, 491, 492, 262 ],
            "Y": [ 513, 514, 515, 516, 517, 518, 519, 520, 592, 593 ]
          }
        },
        "$auto$opt_expr.cc:276:group_cell_inputs$178": {
          "hide_name": 1,
          "type": "$or",
          "parameters": {
            "A_SIGNED": "00000000000000000000000000000000",
            "A_WIDTH": "00000000000000000000000000000001",
            "B_SIGNED": "00000000000000000000000000000000",
            "B_WIDTH": "00000000000000000000000000000001",
            "Y_WIDTH": "00000000000000000000000000000001"
          },
          "attributes": {
          },
          "port_directions": {
            "A": "input",
            "B": "input",
            "Y": "output"
          },
          "connections": {
            "A": [ 235 ],
            "B": [ 529 ],
            "Y": [ 594 ]
          }
        },
        "$auto$opt_expr.cc:276:group_cell_inputs$182": {
          "hide_name": 1,
          "type": "$or",
          "parameters": {
            "A_SIGNED": "00000000000000000000000000000000",
            "A_WIDTH": "00000000000000000000000000000001",
            "B_SIGNED": "00000000000000000000000000000000",
            "B_WIDTH": "00000000000000000000000000000001",
            "Y_WIDTH": "00000000000000000000000000000001"
          },
          "attributes": {
          },
          "port_directions": {
            "A": "input",
            "B": "input",
            "Y": "output"
          },
          "connections": {
            "A": [ 530 ],
            "B": [ 531 ],
            "Y": [ 561 ]
          }
        },
        "$auto$opt_expr.cc:276:group_cell_inputs$185": {
          "hide_name": 1,
          "type": "$xor",
          "parameters": {
            "A_SIGNED": "00000000000000000000000000000000",
            "A_WIDTH": "00000000000000000000000000010001",
            "B_SIGNED": "00000000000000000000000000000000",
            "B_WIDTH": "00000000000000000000000000010001",
            "Y_WIDTH": "00000000000000000000000000010001"
          },
          "attributes": {
          },
          "port_directions": {
            "A": "input",
            "B": "input",
            "Y": "output"
          },
          "connections": {
            "A": [ 575, 576, 577, 578, 579, 580, 581, 582, 583, 584, 585, 586, 587, 588, 589, 590, 591 ],
            "B": [ 229, 230, 231, 232, 233, 234, 490, 491, 492, 262, 263, 264, 185, 186, 187, 188, 189 ],
            "Y": [ 595, 596, 597, 598, 599, 600, 601, 602, 603, 604, 605, 606, 607, 608, 609, 610, 611 ]
          }
        },
        "$auto$opt_expr.cc:276:group_cell_inputs$98": {
          "hide_name": 1,
          "type": "$not",
          "parameters": {
            "A_SIGNED": "00000000000000000000000000000000",
            "A_WIDTH": "00000000000000000000000000001010",
            "Y_WIDTH": "00000000000000000000000000001010"
          },
          "attributes": {
          },
          "port_directions": {
            "A": "input",
            "Y": "output"
          },
          "connections": {
            "A": [ 2, 3, 4, 5, 6, 7, 8, 9, 10, 11 ],
            "Y": [ 612, 613, 614, 615, 616, 617, 618, 619, 620, 621 ]
          }
        },
        "$mul$designs/132/top.sv:20$35": {
          "hide_name": 1,
          "type": "$mul",
          "parameters": {
            "A_SIGNED": "00000000000000000000000000000000",
            "A_WIDTH": "00000000000000000000000000011000",
            "B_SIGNED": "00000000000000000000000000000000",
            "B_WIDTH": "00000000000000000000000000000011",
            "Y_WIDTH": "00000000000000000000000000000001"
          },
          "attributes": {
            "src": "designs/132/top.sv:20.37-20.71"
          },
          "port_directions": {
            "A": "input",
            "B": "input",
            "Y": "output"
          },
          "connections": {
            "A": [ 362, 363, 364, 365, 366, 367, 368, 369, 370, 371, 372, 373, 374, 375, 376, 377, 378, 379, 380, 381, 382, 383, 384, 385 ],
            "B": [ 155, 156, 157 ],
            "Y": [ 167 ]
          }
        },
        "$mul$designs/132/top.sv:21$46": {
          "hide_name": 1,
          "type": "$mul",
          "parameters": {
            "A_SIGNED": "00000000000000000000000000000000",
            "A_WIDTH": "00000000000000000000000000010010",
            "B_SIGNED": "00000000000000000000000000000000",
            "B_WIDTH": "00000000000000000000000000001010",
            "Y_WIDTH": "00000000000000000000000000010110"
          },
          "attributes": {
            "src": "designs/132/top.sv:21.22-21.74"
          },
          "port_directions": {
            "A": "input",
            "B": "input",
            "Y": "output"
          },
          "connections": {
            "A": [ 622, 623, 624, 625, 626, 627, 628, 629, 630, 631, 632, 633, 634, 635, 636, 637, 638, 639 ],
            "B": [ 2, 3, 4, 5, 6, 7, 8, 9, 10, 11 ],
            "Y": [ 229, 230, 231, 232, 233, 234, 490, 491, 492, 262, 263, 264, 185, 186, 187, 188, 189, 190, 191, 192, 193, 194 ]
          }
        },
        "$mul$designs/132/top.sv:22$47": {
          "hide_name": 1,
          "type": "$mul",
          "parameters": {
            "A_SIGNED": "00000000000000000000000000000000",
            "A_WIDTH": "00000000000000000000000000000001",
            "B_SIGNED": "00000000000000000000000000000000",
            "B_WIDTH": "00000000000000000000000000010010",
            "Y_WIDTH": "00000000000000000000000000010011"
          },
          "attributes": {
            "src": "designs/132/top.sv:22.45-22.60"
          },
          "port_directions": {
            "A": "input",
            "B": "input",
            "Y": "output"
          },
          "connections": {
            "A": [ 172 ],
            "B": [ 89, 90, 91, 302, 303, 304, 305, 306, 307, 317, 318, 319, 640, 641, 642, 643, 644, 645 ],
            "Y": [ 457, 458, 459, 460, 461, 462, 463, 464, 465, 466, 467, 468, 646, 647, 648, 649, 650, 651, 652 ]
          }
        },
        "$mul$designs/132/top.sv:22$49": {
          "hide_name": 1,
          "type": "$mul",
          "parameters": {
            "A_SIGNED": "00000000000000000000000000000000",
            "A_WIDTH": "00000000000000000000000000010011",
            "B_SIGNED": "00000000000000000000000000000000",
            "B_WIDTH": "00000000000000000000000000001001",
            "Y_WIDTH": "00000000000000000000000000011000"
          },
          "attributes": {
            "src": "designs/132/top.sv:22.43-22.80"
          },
          "port_directions": {
            "A": "input",
            "B": "input",
            "Y": "output"
          },
          "connections": {
            "A": [ 469, 470, 471, 472, 473, 474, 475, 476, 477, 478, 479, 480, "0", "0", "0", "0", "0", "0", "0" ],
            "B": [ 308, 309, 310, 311, 312, 313, 314, 315, 316 ],
            "Y": [ 653, 654, 655, 656, 657, 658, 659, 660, 661, 662, 663, 664, 665, 666, 667, 668, 669, 670, 671, 672, 673, 674, 675, 676 ]
          }
        },
        "$mul$designs/132/top.sv:22$53": {
          "hide_name": 1,
          "type": "$mul",
          "parameters": {
            "A_SIGNED": "00000000000000000000000000000000",
            "A_WIDTH": "00000000000000000000000000011000",
            "B_SIGNED": "00000000000000000000000000000000",
            "B_WIDTH": "00000000000000000000000000010010",
            "Y_WIDTH": "00000000000000000000000000011000"
          },
          "attributes": {
            "src": "designs/132/top.sv:22.39-22.120"
          },
          "port_directions": {
            "A": "input",
            "B": "input",
            "Y": "output"
          },
          "connections": {
            "A": [ 677, 678, 679, 680, 681, 682, 683, 684, 685, 686, 687, 688, 689, 690, 691, 692, 693, 694, 695, 696, 697, 698, 699, 700 ],
            "B": [ 89, 90, 91, 302, 303, 304, 305, 306, 307, 317, 318, 319, 640, 641, 642, 643, 644, 645 ],
            "Y": [ 701, 702, 703, 704, 705, 706, 707, 708, 709, 710, 711, 712, 713, 714, 715, 716, 717, 718, 719, 720, 721, 722, 723, 724 ]
          }
        },
        "$mul$designs/132/top.sv:22$54": {
          "hide_name": 1,
          "type": "$mul",
          "parameters": {
            "A_SIGNED": "00000000000000000000000000000000",
            "A_WIDTH": "00000000000000000000000000011000",
            "B_SIGNED": "00000000000000000000000000000000",
            "B_WIDTH": "00000000000000000000000000000001",
            "Y_WIDTH": "00000000000000000000000000010110"
          },
          "attributes": {
            "src": "designs/132/top.sv:22.38-22.130"
          },
          "port_directions": {
            "A": "input",
            "B": "input",
            "Y": "output"
          },
          "connections": {
            "A": [ 701, 702, 703, 704, 705, 706, 707, 708, 709, 710, 711, 712, 713, 714, 715, 716, 717, 718, 719, 720, 721, 722, 723, 724 ],
            "B": [ 172 ],
            "Y": [ 725, 726, 727, 728, 729, 730, 731, 732, 733, 734, 735, 736, 737, 738, 739, 740, 741, 742, 743, 744, 745, 746 ]
          }
        },
        "$mul$designs/132/top.sv:23$65": {
          "hide_name": 1,
          "type": "$mul",
          "parameters": {
            "A_SIGNED": "00000000000000000000000000000000",
            "A_WIDTH": "00000000000000000000000000001001",
            "B_SIGNED": "00000000000000000000000000000000",
            "B_WIDTH": "00000000000000000000000000010010",
            "Y_WIDTH": "00000000000000000000000000000110"
          },
          "attributes": {
            "src": "designs/132/top.sv:23.40-23.55"
          },
          "port_directions": {
            "A": "input",
            "B": "input",
            "Y": "output"
          },
          "connections": {
            "A": [ 308, 309, 310, 311, 312, 313, 314, 315, 316 ],
            "B": [ 89, 90, 91, 302, 303, 304, 305, 306, 307, 317, 318, 319, 640, 641, 642, 643, 644, 645 ],
            "Y": [ 217, 218, 219, 220, 221, 222 ]
          }
        },
        "$mul$designs/132/top.sv:26$87": {
          "hide_name": 1,
          "type": "$mul",
          "parameters": {
            "A_SIGNED": "00000000000000000000000000000000",
            "A_WIDTH": "00000000000000000000000000010110",
            "B_SIGNED": "00000000000000000000000000000000",
            "B_WIDTH": "00000000000000000000000000000001",
            "Y_WIDTH": "00000000000000000000000000010111"
          },
          "attributes": {
            "src": "designs/132/top.sv:26.27-26.131"
          },
          "port_directions": {
            "A": "input",
            "B": "input",
            "Y": "output"
          },
          "connections": {
            "A": [ 595, 596, 597, 598, 599, 600, 601, 602, 603, 604, 605, 606, 607, 608, 609, 610, 611, 190, 191, 192, 193, 194 ],
            "B": [ 172 ],
            "Y": [ 12, 13, 14, 15, 16, 17, 18, 19, 20, 21, 22, 23, 24, 25, 26, 27, 28, 29, 30, 31, 32, 33, 34 ]
          }
        },
        "$not$designs/132/top.sv:17$14": {
          "hide_name": 1,
          "type": "$not",
          "parameters": {
            "A_SIGNED": "00000000000000000000000000000000",
            "A_WIDTH": "00000000000000000000000000010010",
            "Y_WIDTH": "00000000000000000000000000010010"
          },
          "attributes": {
            "src": "designs/132/top.sv:17.42-17.49"
          },
          "port_directions": {
            "A": "input",
            "Y": "output"
          },
          "connections": {
            "A": [ 35, 36, 37, 38, 39, 40, 41, 42, 43, 44, 45, 46, 47, 48, 49, 50, 51, 52 ],
            "Y": [ 53, 54, 55, 56, 57, 58, 59, 60, 61, 62, 63, 64, 65, 66, 67, 68, 69, 70 ]
          }
        },
        "$not$designs/132/top.sv:19$26": {
          "hide_name": 1,
          "type": "$not",
          "parameters": {
            "A_SIGNED": "00000000000000000000000000000000",
            "A_WIDTH": "00000000000000000000000000001100",
            "Y_WIDTH": "00000000000000000000000000001100"
          },
          "attributes": {
            "src": "designs/132/top.sv:19.73-19.80"
          },
          "port_directions": {
            "A": "input",
            "Y": "output"
          },
          "connections": {
            "A": [ 35, 36, 37, 38, 39, 40, 41, 42, 43, 44, 45, 46 ],
            "Y": [ 747, 748, 749, 750, 751, 752, 753, 754, 755, 756, 757, 758 ]
          }
        },
        "$not$designs/132/top.sv:20$33": {
          "hide_name": 1,
          "type": "$not",
          "parameters": {
            "A_SIGNED": "00000000000000000000000000000000",
            "A_WIDTH": "00000000000000000000000000011000",
            "Y_WIDTH": "00000000000000000000000000011000"
          },
          "attributes": {
            "src": "designs/132/top.sv:20.48-20.55"
          },
          "port_directions": {
            "A": "input",
            "Y": "output"
          },
          "connections": {
            "A": [ 35, 36, 37, 38, 39, 40, 41, 42, 43, 44, 45, 46, 47, 48, 49, 50, 51, 52, 332, 333, 334, 335, 336, 337 ],
            "Y": [ 338, 339, 340, 341, 342, 343, 344, 345, 346, 347, 348, 349, 350, 351, 352, 353, 354, 355, 356, 357, 358, 359, 360, 361 ]
          }
        },
        "$or$designs/132/top.sv:17$17": {
          "hide_name": 1,
          "type": "$or",
          "parameters": {
            "A_SIGNED": "00000000000000000000000000000000",
            "A_WIDTH": "00000000000000000000000000010010",
            "B_SIGNED": "00000000000000000000000000000000",
            "B_WIDTH": "00000000000000000000000000010010",
            "Y_WIDTH": "00000000000000000000000000010010"
          },
          "attributes": {
            "src": "designs/132/top.sv:17.30-17.70"
          },
          "port_directions": {
            "A": "input",
            "B": "input",
            "Y": "output"
          },
          "connections": {
            "A": [ 759, 760, 761, 762, 763, 764, 765, 766, 767, 768, 769, 770, 771, 772, 773, 774, 775, 776 ],
            "B": [ 35, 36, 37, 38, 39, 40, 41, 42, 43, 44, 45, 46, 47, 48, 49, 50, 51, 52 ],
            "Y": [ 89, 90, 91, 302, 303, 304, 305, 306, 307, 317, 318, 319, 640, 641, 642, 643, 644, 645 ]
          }
        },
        "$or$designs/132/top.sv:19$27": {
          "hide_name": 1,
          "type": "$or",
          "parameters": {
            "A_SIGNED": "00000000000000000000000000000000",
            "A_WIDTH": "00000000000000000000000000001100",
            "B_SIGNED": "00000000000000000000000000000000",
            "B_WIDTH": "00000000000000000000000000001100",
            "Y_WIDTH": "00000000000000000000000000001100"
          },
          "attributes": {
            "src": "designs/132/top.sv:19.41-19.81"
          },
          "port_directions": {
            "A": "input",
            "B": "input",
            "Y": "output"
          },
          "connections": {
            "A": [ 777, 778, 779, 780, 781, 782, 783, 784, 785, 786, 787, 788 ],
            "B": [ 747, 748, 749, 750, 751, 752, 753, 754, 755, 756, 757, 758 ],
            "Y": [ 424, 425, 426, 427, 428, 429, 430, 431, 432, 137, 138, 139 ]
          }
        },
        "$or$designs/132/top.sv:20$40": {
          "hide_name": 1,
          "type": "$or",
          "parameters": {
            "A_SIGNED": "00000000000000000000000000000000",
            "A_WIDTH": "00000000000000000000000000000001",
            "B_SIGNED": "00000000000000000000000000000000",
            "B_WIDTH": "00000000000000000000000000000001",
            "Y_WIDTH": "00000000000000000000000000000001"
          },
          "attributes": {
            "src": "designs/132/top.sv:20.24-20.131"
          },
          "port_directions": {
            "A": "input",
            "B": "input",
            "Y": "output"
          },
          "connections": {
            "A": [ 789 ],
            "B": [ 35 ],
            "Y": [ 170 ]
          }
        },
        "$or$designs/132/top.sv:21$45": {
          "hide_name": 1,
          "type": "$or",
          "parameters": {
            "A_SIGNED": "00000000000000000000000000000000",
            "A_WIDTH": "00000000000000000000000000010010",
            "B_SIGNED": "00000000000000000000000000000000",
            "B_WIDTH": "00000000000000000000000000010010",
            "Y_WIDTH": "00000000000000000000000000010010"
          },
          "attributes": {
            "src": "designs/132/top.sv:21.23-21.60"
          },
          "port_directions": {
            "A": "input",
            "B": "input",
            "Y": "output"
          },
          "connections": {
            "A": [ 445, 446, 447, 448, 449, 450, 451, 452, 453, 454, 455, 456, 640, 641, 642, 643, 644, 645 ],
            "B": [ 89, 90, 91, 302, 303, 304, 305, 306, 307, 317, 318, 319, 640, 641, 642, 643, 644, 645 ],
            "Y": [ 622, 623, 624, 625, 626, 627, 628, 629, 630, 631, 632, 633, 634, 635, 636, 637, 638, 639 ]
          }
        },
        "$reduce_bool$designs/132/top.sv:22$63": {
          "hide_name": 1,
          "type": "$reduce_bool",
          "parameters": {
            "A_SIGNED": "00000000000000000000000000000000",
            "A_WIDTH": "00000000000000000000000000001100",
            "Y_WIDTH": "00000000000000000000000000000001"
          },
          "attributes": {
            "src": "designs/132/top.sv:22.21-22.243"
          },
          "port_directions": {
            "A": "input",
            "Y": "output"
          },
          "connections": {
            "A": [ 155, 156, 157, 158, 159, 160, 161, 162, 163, 164, 165, 166 ],
            "Y": [ 790 ]
          }
        },
        "$sub$designs/132/top.sv:16$11": {
          "hide_name": 1,
          "type": "$sub",
          "parameters": {
            "A_SIGNED": "00000000000000000000000000000000",
            "A_WIDTH": "00000000000000000000000000011000",
            "B_SIGNED": "00000000000000000000000000000000",
            "B_WIDTH": "00000000000000000000000000011000",
            "Y_WIDTH": "00000000000000000000000000011000"
          },
          "attributes": {
            "src": "designs/132/top.sv:16.24-16.143"
          },
          "port_directions": {
            "A": "input",
            "B": "input",
            "Y": "output"
          },
          "connections": {
            "A": [ "0", "0", "0", "0", "0", "0", "0", "0", "0", "0", "0", "0", "0", "0", "0", "0", "0", "0", "0", "0", "0", "0", "0", "0" ],
            "B": [ 612, 613, 614, 615, 616, 617, 618, 619, 620, 621, "1", "1", "1", "1", "1", "1", "1", "1", "1", "1", "1", "1", "1", "1" ],
            "Y": [ 404, 405, 406, 407, 408, 409, 410, 411, 412, 413, 791, 792, 793, 794, 795, 796, 797, 798, 799, 800, 801, 802, 803, 804 ]
          }
        },
        "$sub$designs/132/top.sv:16$13": {
          "hide_name": 1,
          "type": "$sub",
          "parameters": {
            "A_SIGNED": "00000000000000000000000000000000",
            "A_WIDTH": "00000000000000000000000000011000",
            "B_SIGNED": "00000000000000000000000000000000",
            "B_WIDTH": "00000000000000000000000000001010",
            "Y_WIDTH": "00000000000000000000000000011000"
          },
          "attributes": {
            "src": "designs/132/top.sv:16.22-16.171"
          },
          "port_directions": {
            "A": "input",
            "B": "input",
            "Y": "output"
          },
          "connections": {
            "A": [ 414, 415, 416, 417, 418, 419, 420, 421, 422, 423, 791, 792, 793, 794, 795, 796, 797, 798, 799, 800, 801, 802, 803, 804 ],
            "B": [ 2, 3, 4, 5, 6, 7, 8, 9, 10, 11 ],
            "Y": [ 35, 36, 37, 38, 39, 40, 41, 42, 43, 44, 45, 46, 47, 48, 49, 50, 51, 52, 332, 333, 334, 335, 336, 337 ]
          }
        },
        "$sub$designs/132/top.sv:19$25": {
          "hide_name": 1,
          "type": "$sub",
          "parameters": {
            "A_SIGNED": "00000000000000000000000000000000",
            "A_WIDTH": "00000000000000000000000000001100",
            "B_SIGNED": "00000000000000000000000000000000",
            "B_WIDTH": "00000000000000000000000000001100",
            "Y_WIDTH": "00000000000000000000000000001100"
          },
          "attributes": {
            "src": "designs/132/top.sv:19.42-19.68"
          },
          "port_directions": {
            "A": "input",
            "B": "input",
            "Y": "output"
          },
          "connections": {
            "A": [ 320, 321, 322, 323, 324, 325, 326, 327, 328, 329, 330, 331 ],
            "B": [ 35, 36, 37, 38, 39, 40, 41, 42, 43, 44, 45, 46 ],
            "Y": [ 777, 778, 779, 780, 781, 782, 783, 784, 785, 786, 787, 788 ]
          }
        },
        "$sub$designs/132/top.sv:20$38": {
          "hide_name": 1,
          "type": "$sub",
          "parameters": {
            "A_SIGNED": "00000000000000000000000000000000",
            "A_WIDTH": "00000000000000000000000000000001",
            "B_SIGNED": "00000000000000000000000000000000",
            "B_WIDTH": "00000000000000000000000000000001",
            "Y_WIDTH": "00000000000000000000000000000001"
          },
          "attributes": {
            "src": "designs/132/top.sv:20.34-20.110"
          },
          "port_directions": {
            "A": "input",
            "B": "input",
            "Y": "output"
          },
          "connections": {
            "A": [ 169 ],
            "B": [ 35 ],
            "Y": [ 805 ]
          }
        },
        "$sub$designs/132/top.sv:22$50": {
          "hide_name": 1,
          "type": "$sub",
          "parameters": {
            "A_SIGNED": "00000000000000000000000000000000",
            "A_WIDTH": "00000000000000000000000000011000",
            "B_SIGNED": "00000000000000000000000000000000",
            "B_WIDTH": "00000000000000000000000000011000",
            "Y_WIDTH": "00000000000000000000000000011000"
          },
          "attributes": {
            "src": "designs/132/top.sv:22.42-22.90"
          },
          "port_directions": {
            "A": "input",
            "B": "input",
            "Y": "output"
          },
          "connections": {
            "A": [ 653, 654, 655, 656, 657, 658, 659, 660, 661, 662, 663, 664, 665, 666, 667, 668, 669, 670, 671, 672, 673, 674, 675, 676 ],
            "B": [ 35, 36, 37, 38, 39, 40, 41, 42, 43, 44, 45, 46, 47, 48, 49, 50, 51, 52, 332, 333, 334, 335, 336, 337 ],
            "Y": [ 806, 807, 808, 809, 810, 811, 812, 813, 814, 815, 816, 817, 818, 819, 820, 821, 822, 823, 824, 825, 826, 827, 828, 829 ]
          }
        },
        "$sub$designs/132/top.sv:22$52": {
          "hide_name": 1,
          "type": "$sub",
          "parameters": {
            "A_SIGNED": "00000000000000000000000000000000",
            "A_WIDTH": "00000000000000000000000000011000",
            "B_SIGNED": "00000000000000000000000000000000",
            "B_WIDTH": "00000000000000000000000000010010",
            "Y_WIDTH": "00000000000000000000000000011000"
          },
          "attributes": {
            "src": "designs/132/top.sv:22.40-22.110"
          },
          "port_directions": {
            "A": "input",
            "B": "input",
            "Y": "output"
          },
          "connections": {
            "A": [ 830, 831, 832, 833, 834, 835, 836, 837, 838, 839, 840, 841, 842, 843, 844, 845, 846, 847, 848, 849, 850, 851, 852, 853 ],
            "B": [ 89, 90, 91, 302, 303, 304, 305, 306, 307, 317, 318, 319, 640, 641, 642, 643, 644, 645 ],
            "Y": [ 677, 678, 679, 680, 681, 682, 683, 684, 685, 686, 687, 688, 689, 690, 691, 692, 693, 694, 695, 696, 697, 698, 699, 700 ]
          }
        },
        "$sub$designs/132/top.sv:22$59": {
          "hide_name": 1,
          "type": "$sub",
          "parameters": {
            "A_SIGNED": "00000000000000000000000000000000",
            "A_WIDTH": "00000000000000000000000000010110",
            "B_SIGNED": "00000000000000000000000000000000",
            "B_WIDTH": "00000000000000000000000000001000",
            "Y_WIDTH": "00000000000000000000000000010110"
          },
          "attributes": {
            "src": "designs/132/top.sv:22.139-22.203"
          },
          "port_directions": {
            "A": "input",
            "B": "input",
            "Y": "output"
          },
          "connections": {
            "A": [ 195, 196, 197, 198, 199, 200, 201, 202, 203, 204, 205, 206, 207, 208, 209, 210, 211, 212, 213, 214, 215, 216 ],
            "B": [ 155, 156, 157, 158, 159, 160, 161, 162 ],
            "Y": [ 493, 494, 495, 496, 497, 498, 499, 500, 501, 502, 854, 855, 856, 857, 858, 859, 860, 861, 862, 863, 864, 865 ]
          }
        },
        "$sub$designs/132/top.sv:23$71": {
          "hide_name": 1,
          "type": "$sub",
          "parameters": {
            "A_SIGNED": "00000000000000000000000000000000",
            "A_WIDTH": "00000000000000000000000000000110",
            "B_SIGNED": "00000000000000000000000000000000",
            "B_WIDTH": "00000000000000000000000000000110",
            "Y_WIDTH": "00000000000000000000000000000110"
          },
          "attributes": {
            "src": "designs/132/top.sv:23.36-23.98"
          },
          "port_directions": {
            "A": "input",
            "B": "input",
            "Y": "output"
          },
          "connections": {
            "A": [ 594, "1", "1", "1", "1", "1" ],
            "B": [ 531, 532, 533, 537, 538, 539 ],
            "Y": [ 241, 242, 243, 244, 245, 246 ]
          }
        },
        "$sub$designs/132/top.sv:24$79": {
          "hide_name": 1,
          "type": "$sub",
          "parameters": {
            "A_SIGNED": "00000000000000000000000000000000",
            "A_WIDTH": "00000000000000000000000000010110",
            "B_SIGNED": "00000000000000000000000000000000",
            "B_WIDTH": "00000000000000000000000000010010",
            "Y_WIDTH": "00000000000000000000000000010110"
          },
          "attributes": {
            "src": "designs/132/top.sv:24.23-24.90"
          },
          "port_directions": {
            "A": "input",
            "B": "input",
            "Y": "output"
          },
          "connections": {
            "A": [ 549, 550, 551, 552, 553, 554, 555, 556, 557, 558, 559, 560, 866, 867, 868, 869, 870, 871, 872, 873, 874, 875 ],
            "B": [ 89, 90, 91, 302, 303, 304, 305, 306, 307, 317, 318, 319, 640, 641, 642, 643, 644, 645 ],
            "Y": [ 876, 877, 878, 879, 880, 881, 882, 883, 884, 885, 886, 887, 888, 889, 890, 891, 892, 893, 894, 895, 896, 897 ]
          }
        },
        "$sub$designs/132/top.sv:24$80": {
          "hide_name": 1,
          "type": "$sub",
          "parameters": {
            "A_SIGNED": "00000000000000000000000000000000",
            "A_WIDTH": "00000000000000000000000000010110",
            "B_SIGNED": "00000000000000000000000000000000",
            "B_WIDTH": "00000000000000000000000000000110",
            "Y_WIDTH": "00000000000000000000000000010110"
          },
          "attributes": {
            "src": "designs/132/top.sv:24.22-24.100"
          },
          "port_directions": {
            "A": "input",
            "B": "input",
            "Y": "output"
          },
          "connections": {
            "A": [ 876, 877, 878, 879, 880, 881, 882, 883, 884, 885, 886, 887, 888, 889, 890, 891, 892, 893, 894, 895, 896, 897 ],
            "B": [ 561, 532, 533, 537, 538, 539 ],
            "Y": [ 265, 266, 267, 268, 269, 270, 271, 272, 273, 274, 275, 569, 570, 571, 572, 573, 574, 898, 899, 900, 901, 902 ]
          }
        },
        "$ternary$designs/132/top.sv:22$64": {
          "hide_name": 1,
          "type": "$mux",
          "parameters": {
            "WIDTH": "00000000000000000000000000010110"
          },
          "attributes": {
            "src": "designs/132/top.sv:22.21-22.243"
          },
          "port_directions": {
            "A": "input",
            "B": "input",
            "S": "input",
            "Y": "output"
          },
          "connections": {
            "A": [ 521, 522, 523, 524, 525, 526, 527, 528, 592, 593, 263, 264, 185, 186, 187, 188, 189, 190, 191, 192, 193, 194 ],
            "B": [ 725, 726, 727, 728, 729, 730, 731, 732, 733, 734, 735, 736, 737, 738, 739, 740, 741, 742, 743, 744, 745, 746 ],
            "S": [ 790 ],
            "Y": [ 531, 532, 533, 537, 538, 539, 543, 544, 545, 546, 547, 548, 866, 867, 868, 869, 870, 871, 872, 873, 874, 875 ]
          }
        },
        "$xor$designs/132/top.sv:17$16": {
          "hide_name": 1,
          "type": "$xor",
          "parameters": {
            "A_SIGNED": "00000000000000000000000000000000",
            "A_WIDTH": "00000000000000000000000000010010",
            "B_SIGNED": "00000000000000000000000000000000",
            "B_WIDTH": "00000000000000000000000000010010",
            "Y_WIDTH": "00000000000000000000000000010010"
          },
          "attributes": {
            "src": "designs/132/top.sv:17.31-17.60"
          },
          "port_directions": {
            "A": "input",
            "B": "input",
            "Y": "output"
          },
          "connections": {
            "A": [ 71, 72, 73, 74, 75, 76, 77, 78, 79, 80, 81, 82, 83, 84, 85, 86, 87, 88 ],
            "B": [ 35, 36, 37, 38, 39, 40, 41, 42, 43, 44, 45, 46, 47, 48, 49, 50, 51, 52 ],
            "Y": [ 759, 760, 761, 762, 763, 764, 765, 766, 767, 768, 769, 770, 771, 772, 773, 774, 775, 776 ]
          }
        },
        "$xor$designs/132/top.sv:20$39": {
          "hide_name": 1,
          "type": "$xor",
          "parameters": {
            "A_SIGNED": "00000000000000000000000000000000",
            "A_WIDTH": "00000000000000000000000000000001",
            "B_SIGNED": "00000000000000000000000000000000",
            "B_WIDTH": "00000000000000000000000000000001",
            "Y_WIDTH": "00000000000000000000000000000001"
          },
          "attributes": {
            "src": "designs/132/top.sv:20.33-20.120"
          },
          "port_directions": {
            "A": "input",
            "B": "input",
            "Y": "output"
          },
          "connections": {
            "A": [ 805 ],
            "B": [ 89 ],
            "Y": [ 789 ]
          }
        },
        "$xor$designs/132/top.sv:22$51": {
          "hide_name": 1,
          "type": "$xor",
          "parameters": {
            "A_SIGNED": "00000000000000000000000000000000",
            "A_WIDTH": "00000000000000000000000000011000",
            "B_SIGNED": "00000000000000000000000000000000",
            "B_WIDTH": "00000000000000000000000000011000",
            "Y_WIDTH": "00000000000000000000000000011000"
          },
          "attributes": {
            "src": "designs/132/top.sv:22.41-22.100"
          },
          "port_directions": {
            "A": "input",
            "B": "input",
            "Y": "output"
          },
          "connections": {
            "A": [ 806, 807, 808, 809, 810, 811, 812, 813, 814, 815, 816, 817, 818, 819, 820, 821, 822, 823, 824, 825, 826, 827, 828, 829 ],
            "B": [ 35, 36, 37, 38, 39, 40, 41, 42, 43, 44, 45, 46, 47, 48, 49, 50, 51, 52, 332, 333, 334, 335, 336, 337 ],
            "Y": [ 830, 831, 832, 833, 834, 835, 836, 837, 838, 839, 840, 841, 842, 843, 844, 845, 846, 847, 848, 849, 850, 851, 852, 853 ]
          }
        }
      },
      "netnames": {
        "$add$designs/132/top.sv:17$15_Y": {
          "hide_name": 1,
          "bits": [ 71, 72, 73, 74, 75, 76, 77, 78, 79, 80, 81, 82, 83, 84, 85, 86, 87, 88, 903, 904, 905, 906, 907, 908 ],
          "attributes": {
            "src": "designs/132/top.sv:17.32-17.50",
            "unused_bits": "18 19 20 21 22 23"
          }
        },
        "$add$designs/132/top.sv:18$18_Y": {
          "hide_name": 1,
          "bits": [ 92, 93, 94, 95, 96, 97, 98, 99, 100, 909, 910, 911, 912, 913, 914, 915, 916, 917, 918, 919, 920, 921, 922, 923 ],
          "attributes": {
            "src": "designs/132/top.sv:18.37-18.68",
            "unused_bits": "9 10 11 12 13 14 15 16 17 18 19 20 21 22 23"
          }
        },
        "$add$designs/132/top.sv:18$21_Y": {
          "hide_name": 1,
          "bits": [ 110, 111, 112, 113, 114, 115, 116, 117, 118, 924, 925, 926, 927, 928, 929, 930, 931, 932, 933, 934, 935, 936, 937, 938 ],
          "attributes": {
            "src": "designs/132/top.sv:18.34-18.98",
            "unused_bits": "9 10 11 12 13 14 15 16 17 18 19 20 21 22 23"
          }
        },
        "$add$designs/132/top.sv:18$22_Y": {
          "hide_name": 1,
          "bits": [ 119, 120, 121, 122, 123, 124, 125, 126, 127, 939, 940, 941, 942, 943, 944, 945, 946, 947, 948, 949, 950, 951, 952, 953 ],
          "attributes": {
            "src": "designs/132/top.sv:18.23-18.109",
            "unused_bits": "9 10 11 12 13 14 15 16 17 18 19 20 21 22 23"
          }
        },
        "$add$designs/132/top.sv:19$29_Y": {
          "hide_name": 1,
          "bits": [ 140, 141, 142, 143, 144, 145, 146, 147, 148, 149, 150, 151, 954, 955, 956, 957, 958, 959, 960, 961, 962, 963, 964, 965 ],
          "attributes": {
            "src": "designs/132/top.sv:19.31-19.106",
            "unused_bits": "12 13 14 15 16 17 18 19 20 21 22 23"
          }
        },
        "$add$designs/132/top.sv:20$36_Y": {
          "hide_name": 1,
          "bits": [ 168, 966, 967, 968, 969, 970, 971, 972, 973, 974, 975, 976, 977, 978, 979, 980, 981, 982, 983, 984, 985, 986, 987, 988 ],
          "attributes": {
            "src": "designs/132/top.sv:20.36-20.81",
            "unused_bits": "1 2 3 4 5 6 7 8 9 10 11 12 13 14 15 16 17 18 19 20 21 22 23"
          }
        },
        "$add$designs/132/top.sv:20$37_Y": {
          "hide_name": 1,
          "bits": [ 169, 989, 990, 991, 992, 993, 994, 995, 996, 997, 998, 999, 1000, 1001, 1002, 1003, 1004, 1005, 1006, 1007, 1008, 1009, 1010, 1011 ],
          "attributes": {
            "src": "designs/132/top.sv:20.35-20.100",
            "unused_bits": "1 2 3 4 5 6 7 8 9 10 11 12 13 14 15 16 17 18 19 20 21 22 23"
          }
        },
        "$add$designs/132/top.sv:20$41_Y": {
          "hide_name": 1,
          "bits": [ 171, 1012, 1013, 1014, 1015, 1016, 1017, 1018, 1019, 1020, 1021, 1022, 1023, 1024, 1025, 1026, 1027, 1028, 1029, 1030, 1031, 1032, 1033, 1034 ],
          "attributes": {
            "src": "designs/132/top.sv:20.23-20.150",
            "unused_bits": "1 2 3 4 5 6 7 8 9 10 11 12 13 14 15 16 17 18 19 20 21 22 23"
          }
        },
        "$add$designs/132/top.sv:22$58_Y": {
          "hide_name": 1,
          "bits": [ 195, 196, 197, 198, 199, 200, 201, 202, 203, 204, 205, 206, 207, 208, 209, 210, 211, 212, 213, 214, 215, 216, 1035, "0", "0", "0", "0", "0", "0", "0" ],
          "attributes": {
            "src": "designs/132/top.sv:22.140-22.188",
            "unused_bits": "22"
          }
        },
        "$add$designs/132/top.sv:23$66_Y": {
          "hide_name": 1,
          "bits": [ 223, 224, 225, 226, 227, 228, 1036, 1037, 1038, 1039, 1040, 1041, 1042, 1043, 1044, 1045, 1046, 1047, 1048, 1049, 1050, 1051, 1052, 1053, 1054, 1055, 1056, 1057, "0", "0" ],
          "attributes": {
            "src": "designs/132/top.sv:23.39-23.65",
            "unused_bits": "6 7 8 9 10 11 12 13 14 15 16 17 18 19 20 21 22 23 24 25 26 27"
          }
        },
        "$add$designs/132/top.sv:23$67_Y": {
          "hide_name": 1,
          "bits": [ 235, 236, 237, 238, 239, 240, 1058, 1059, 1060, 1061, 1062, 1063, 1064, 1065, 1066, 1067, 1068, 1069, 1070, 1071, 1072, 1073, 1074, 1075, 1076, 1077, 1078, 1079, 1080, "0" ],
          "attributes": {
            "src": "designs/132/top.sv:23.38-23.75",
            "unused_bits": "1 2 3 4 5 6 7 8 9 10 11 12 13 14 15 16 17 18 19 20 21 22 23 24 25 26 27 28"
          }
        },
        "$add$designs/132/top.sv:23$72_Y": {
          "hide_name": 1,
          "bits": [ 247, 248, 249, 250, 251, 252, 1081, 1082, 1083, 1084, 1085, 1086, 1087, 1088, 1089, 1090, 1091, 1092, 1093, 1094, 1095, 1096, 1097, 1098, 1099, 1100, 1101, 1102, 1103, 1104 ],
          "attributes": {
            "src": "designs/132/top.sv:23.25-23.109",
            "unused_bits": "6 7 8 9 10 11 12 13 14 15 16 17 18 19 20 21 22 23 24 25 26 27 28 29"
          }
        },
        "$add$designs/132/top.sv:26$83_Y": {
          "hide_name": 1,
          "bits": [ 276, 277, 278, 279, 280, 281, 282, 283, 284, 285, 286, 287, 288, 289, 290, 291, 292 ],
          "attributes": {
            "src": "designs/132/top.sv:26.41-26.90"
          }
        },
        "$and$designs/132/top.sv:18$19_Y": {
          "hide_name": 1,
          "bits": [ 293, 294, 295, 296, 297, 298, 299, 300, 301, 1105, 1106, 1107, 1108, 1109, 1110, 1111, 1112, 1113, 1114, 1115, 1116, 1117, 1118, 1119 ],
          "attributes": {
            "src": "designs/132/top.sv:18.36-18.78",
            "unused_bits": "9 10 11 12 13 14 15 16 17 18 19 20 21 22 23"
          }
        },
        "$and$designs/132/top.sv:18$20_Y": {
          "hide_name": 1,
          "bits": [ 101, 102, 103, 104, 105, 106, 107, 108, 109, 1120, 1121, 1122, 1123, 1124, 1125, 1126, 1127, 1128, 1129, 1130, 1131, 1132, 1133, 1134 ],
          "attributes": {
            "src": "designs/132/top.sv:18.35-18.88",
            "unused_bits": "9 10 11 12 13 14 15 16 17 18 19 20 21 22 23"
          }
        },
        "$and$designs/132/top.sv:19$24_Y": {
          "hide_name": 1,
          "bits": [ 320, 321, 322, 323, 324, 325, 326, 327, 328, 329, 330, 331, 1135, 1136, 1137, 1138, 1139, 1140, 1141, 1142, 1143, 1144, 1145, 1146 ],
          "attributes": {
            "src": "designs/132/top.sv:19.43-19.58",
            "unused_bits": "12 13 14 15 16 17 18 19 20 21 22 23"
          }
        },
        "$and$designs/132/top.sv:20$34_Y": {
          "hide_name": 1,
          "bits": [ 362, 363, 364, 365, 366 ],
          "attributes": {
          }
        },
        "$and$designs/132/top.sv:22$48_Y": {
          "hide_name": 1,
          "bits": [ 469, 470, 471, 472, 473, 474, 475, 476, 477, 478, 479, 480, "0", "0", "0", "0", "0", "0", "0", "0", "0", "0", "0", "0" ],
          "attributes": {
            "src": "designs/132/top.sv:22.44-22.70"
          }
        },
        "$and$designs/132/top.sv:22$55_Y": {
          "hide_name": 1,
          "bits": [ 386, 387, 388, 389, 390, 391, 392, 393, 394, 395, 396, 397, "0", "0", "0", "0", "0", "0", "0", "0", "0", "0", "0", "0", "0", "0", "0", "0", "0", "0" ],
          "attributes": {
            "src": "designs/132/top.sv:22.143-22.158"
          }
        },
        "$and$designs/132/top.sv:22$60_Y": {
          "hide_name": 1,
          "bits": [ 503, 504, 505, 506, 507, 508, 509, 510, 511, 512, "0", "0", "0", "0", "0", "0", "0", "0", "0", "0", "0", "0", 1147, 1148, 1149, 1150, 1151, 1152, 1153, 1154 ],
          "attributes": {
            "src": "designs/132/top.sv:22.138-22.217",
            "unused_bits": "22 23 24 25 26 27 28 29"
          }
        },
        "$and$designs/132/top.sv:23$73_Y": {
          "hide_name": 1,
          "bits": [ 398, 399, 400, 401, 402, 403, 1155, 1156, 1157, 1158, 1159, 1160, 1161, 1162, 1163, 1164, 1165, 1166, 1167, 1168, 1169, 1170, 1171, 1172, 1173, 1174, 1175, 1176, 1177, 1178 ],
          "attributes": {
            "src": "designs/132/top.sv:23.24-23.119",
            "unused_bits": "1 2 3 4 5 6 7 8 9 10 11 12 13 14 15 16 17 18 19 20 21 22 23 24 25 26 27 28 29"
          }
        },
        "$and$designs/132/top.sv:23$74_Y": {
          "hide_name": 1,
          "bits": [ 530, "0", "0", "0", "0", "0", 1179, 1180, 1181, 1182, 1183, 1184, 1185, 1186, 1187, 1188, 1189, 1190, 1191, 1192, 1193, 1194, 1195, 1196, 1197, 1198, 1199, 1200, 1201, 1202 ],
          "attributes": {
            "src": "designs/132/top.sv:23.23-23.129",
            "unused_bits": "6 7 8 9 10 11 12 13 14 15 16 17 18 19 20 21 22 23 24 25 26 27 28 29"
          }
        },
        "$and$designs/132/top.sv:26$85_Y": {
          "hide_name": 1,
          "bits": [ 575, 576, 577, 578, 579, 580, 581, 582, 583, 584, 585, 586, 587, 588, 589 ],
          "attributes": {
          }
        },
        "$auto$opt_expr.cc:205:group_cell_inputs$105": {
          "hide_name": 1,
          "bits": [ 612, 613, 614, 615, 616, 617, 618, 619, 620, 621 ],
          "attributes": {
          }
        },
        "$auto$opt_expr.cc:205:group_cell_inputs$109": {
          "hide_name": 1,
          "bits": [ 414, 415, 416, 417, 418, 419, 420, 421, 422, 423 ],
          "attributes": {
          }
        },
        "$auto$opt_expr.cc:205:group_cell_inputs$111": {
          "hide_name": 1,
          "bits": [ 791, 792, 793, 794, 795, 796, 797, 798, 799, 800, 801, 802, 803, 804 ],
          "attributes": {
          }
        },
        "$auto$opt_expr.cc:205:group_cell_inputs$112": {
          "hide_name": 1,
          "bits": [ 128, 129, 130, 131, 132, 133, 134, 135, 136 ],
          "attributes": {
          }
        },
        "$auto$opt_expr.cc:205:group_cell_inputs$114": {
          "hide_name": 1,
          "bits": [ 137, 138, 139 ],
          "attributes": {
          }
        },
        "$auto$opt_expr.cc:205:group_cell_inputs$115": {
          "hide_name": 1,
          "bits": [ 152, 153, 154 ],
          "attributes": {
          }
        },
        "$auto$opt_expr.cc:205:group_cell_inputs$119": {
          "hide_name": 1,
          "bits": [ 433, 434, 435, 436, 437, 438, 439, 440, 441, 442, 443, 444 ],
          "attributes": {
          }
        },
        "$auto$opt_expr.cc:205:group_cell_inputs$122": {
          "hide_name": 1,
          "bits": [ 445, 446, 447, 448, 449, 450, 451, 452, 453, 454, 455, 456 ],
          "attributes": {
          }
        },
        "$auto$opt_expr.cc:205:group_cell_inputs$129": {
          "hide_name": 1,
          "bits": [ 481, 482, 483, 484, 485, 486, 487, 488, 489 ],
          "attributes": {
          }
        },
        "$auto$opt_expr.cc:205:group_cell_inputs$132": {
          "hide_name": 1,
          "bits": [ 173, 174, 175, 176, 177, 178, 179, 180, 181, 182, 183, 184 ],
          "attributes": {
          }
        },
        "$auto$opt_expr.cc:205:group_cell_inputs$139": {
          "hide_name": 1,
          "bits": [ 521, 522, 523, 524, 525, 526, 527, 528 ],
          "attributes": {
          }
        },
        "$auto$opt_expr.cc:205:group_cell_inputs$141": {
          "hide_name": 1,
          "bits": [ 592, 593, 263, 264, 185, 186, 187, 188, 189, 190, 191, 192, 193, 194 ],
          "attributes": {
          }
        },
        "$auto$opt_expr.cc:205:group_cell_inputs$142": {
          "hide_name": 1,
          "bits": [ 529 ],
          "attributes": {
          }
        },
        "$auto$opt_expr.cc:205:group_cell_inputs$150": {
          "hide_name": 1,
          "bits": [ 534, 535, 536 ],
          "attributes": {
          }
        },
        "$auto$opt_expr.cc:205:group_cell_inputs$153": {
          "hide_name": 1,
          "bits": [ 540, 541, 542 ],
          "attributes": {
          }
        },
        "$auto$opt_expr.cc:205:group_cell_inputs$156": {
          "hide_name": 1,
          "bits": [ 549, 550, 551, 552, 553, 554, 555, 556, 557, 558, 559, 560 ],
          "attributes": {
          }
        },
        "$auto$opt_expr.cc:205:group_cell_inputs$159": {
          "hide_name": 1,
          "bits": [ 562, 563, 564, 565, 566, 567 ],
          "attributes": {
          }
        },
        "$auto$opt_expr.cc:205:group_cell_inputs$162": {
          "hide_name": 1,
          "bits": [ 253, 254, 255, 256, 257, 258, 259, 260, 261 ],
          "attributes": {
          }
        },
        "$auto$opt_expr.cc:205:group_cell_inputs$165": {
          "hide_name": 1,
          "bits": [ 568 ],
          "attributes": {
          }
        },
        "$auto$opt_expr.cc:205:group_cell_inputs$168": {
          "hide_name": 1,
          "bits": [ 575, 576, 577, 578, 579, 580, 581, 582, 583, 584, 585, 586, 587, 588, 589, 590, 591 ],
          "attributes": {
          }
        },
        "$auto$opt_expr.cc:205:group_cell_inputs$174": {
          "hide_name": 1,
          "bits": [ 513, 514, 515, 516, 517, 518, 519, 520, 592, 593 ],
          "attributes": {
          }
        },
        "$auto$opt_expr.cc:205:group_cell_inputs$177": {
          "hide_name": 1,
          "bits": [ 594 ],
          "attributes": {
          }
        },
        "$auto$opt_expr.cc:205:group_cell_inputs$184": {
          "hide_name": 1,
          "bits": [ 595, 596, 597, 598, 599, 600, 601, 602, 603, 604, 605, 606, 607, 608, 609, 610, 611 ],
          "attributes": {
          }
        },
        "$auto$wreduce.cc:514:run$91": {
          "hide_name": 1,
          "bits": [ 876, 877, 878, 879, 880, 881, 882, 883, 884, 885, 886, 887, 888, 889, 890, 891, 892, 893, 894, 895, 896, 897, 1203, 1204, 1205, 1206, 1207, 1208, 1209, 1210 ],
          "attributes": {
            "src": "designs/132/top.sv:24.23-24.90",
            "unused_bits": "22 23 24 25 26 27 28 29"
          }
        },
        "$auto$wreduce.cc:514:run$92": {
          "hide_name": 1,
          "bits": [ 241, 242, 243, 244, 245, 246, 1211, 1212, 1213, 1214, 1215, 1216, 1217, 1218, 1219, 1220, 1221, 1222, 1223, 1224, 1225, 1226, 1227, 1228, 1229, 1230, 1231, 1232, 1233, 1234 ],
          "attributes": {
            "src": "designs/132/top.sv:23.36-23.98",
            "unused_bits": "6 7 8 9 10 11 12 13 14 15 16 17 18 19 20 21 22 23 24 25 26 27 28 29"
          }
        },
        "$auto$wreduce.cc:514:run$93": {
          "hide_name": 1,
          "bits": [ 677, 678, 679, 680, 681, 682, 683, 684, 685, 686, 687, 688, 689, 690, 691, 692, 693, 694, 695, 696, 697, 698, 699, 700 ],
          "attributes": {
            "src": "designs/132/top.sv:22.40-22.110"
          }
        },
        "$auto$wreduce.cc:514:run$94": {
          "hide_name": 1,
          "bits": [ 362, 363, 364, 365, 366, 367, 368, 369, 370, 371, 372, 373, 374, 375, 376, 377, 378, 379, 380, 381, 382, 383, 384, 385 ],
          "attributes": {
            "src": "designs/132/top.sv:20.38-20.56"
          }
        },
        "$mul$designs/132/top.sv:20$35_Y": {
          "hide_name": 1,
          "bits": [ 167, 1235, 1236, 1237, 1238, 1239, 1240, 1241, 1242, 1243, 1244, 1245, 1246, 1247, 1248, 1249, 1250, 1251, 1252, 1253, 1254, 1255, 1256, 1257 ],
          "attributes": {
            "src": "designs/132/top.sv:20.37-20.71",
            "unused_bits": "1 2 3 4 5 6 7 8 9 10 11 12 13 14 15 16 17 18 19 20 21 22 23"
          }
        },
        "$mul$designs/132/top.sv:22$47_Y": {
          "hide_name": 1,
          "bits": [ 457, 458, 459, 460, 461, 462, 463, 464, 465, 466, 467, 468, 646, 647, 648, 649, 650, 651, 652, "0", "0", "0", "0", "0" ],
          "attributes": {
            "src": "designs/132/top.sv:22.45-22.60",
            "unused_bits": "12 13 14 15 16 17 18"
          }
        },
        "$mul$designs/132/top.sv:22$49_Y": {
          "hide_name": 1,
          "bits": [ 653, 654, 655, 656, 657, 658, 659, 660, 661, 662, 663, 664, 665, 666, 667, 668, 669, 670, 671, 672, 673, 674, 675, 676 ],
          "attributes": {
            "src": "designs/132/top.sv:22.43-22.80"
          }
        },
        "$mul$designs/132/top.sv:22$53_Y": {
          "hide_name": 1,
          "bits": [ 701, 702, 703, 704, 705, 706, 707, 708, 709, 710, 711, 712, 713, 714, 715, 716, 717, 718, 719, 720, 721, 722, 723, 724 ],
          "attributes": {
            "src": "designs/132/top.sv:22.39-22.120"
          }
        },
        "$mul$designs/132/top.sv:22$54_Y": {
          "hide_name": 1,
          "bits": [ 725, 726, 727, 728, 729, 730, 731, 732, 733, 734, 735, 736, 737, 738, 739, 740, 741, 742, 743, 744, 745, 746, 1258, 1259 ],
          "attributes": {
            "src": "designs/132/top.sv:22.38-22.130",
            "unused_bits": "22 23"
          }
        },
        "$mul$designs/132/top.sv:23$65_Y": {
          "hide_name": 1,
          "bits": [ 217, 218, 219, 220, 221, 222, 1260, 1261, 1262, 1263, 1264, 1265, 1266, 1267, 1268, 1269, 1270, 1271, 1272, 1273, 1274, 1275, 1276, 1277, 1278, 1279, 1280, "0", "0", "0" ],
          "attributes": {
            "src": "designs/132/top.sv:23.40-23.55",
            "unused_bits": "6 7 8 9 10 11 12 13 14 15 16 17 18 19 20 21 22 23 24 25 26"
          }
        },
        "$not$designs/132/top.sv:17$14_Y": {
          "hide_name": 1,
          "bits": [ 53, 54, 55, 56, 57, 58, 59, 60, 61, 62, 63, 64, 65, 66, 67, 68, 69, 70, 1281, 1282, 1283, 1284, 1285, 1286 ],
          "attributes": {
            "src": "designs/132/top.sv:17.42-17.49",
            "unused_bits": "18 19 20 21 22 23"
          }
        },
        "$not$designs/132/top.sv:19$26_Y": {
          "hide_name": 1,
          "bits": [ 747, 748, 749, 750, 751, 752, 753, 754, 755, 756, 757, 758, 1287, 1288, 1289, 1290, 1291, 1292, 1293, 1294, 1295, 1296, 1297, 1298 ],
          "attributes": {
            "src": "designs/132/top.sv:19.73-19.80",
            "unused_bits": "12 13 14 15 16 17 18 19 20 21 22 23"
          }
        },
        "$not$designs/132/top.sv:20$33_Y": {
          "hide_name": 1,
          "bits": [ 338, 339, 340, 341, 342, 343, 344, 345, 346, 347, 348, 349, 350, 351, 352, 353, 354, 355, 356, 357, 358, 359, 360, 361 ],
          "attributes": {
            "src": "designs/132/top.sv:20.48-20.55"
          }
        },
        "$or$designs/132/top.sv:19$27_Y": {
          "hide_name": 1,
          "bits": [ 424, 425, 426, 427, 428, 429, 430, 431, 432, 137, 138, 139, 1299, 1300, 1301, 1302, 1303, 1304, 1305, 1306, 1307, 1308, 1309, 1310 ],
          "attributes": {
            "src": "designs/132/top.sv:19.41-19.81",
            "unused_bits": "12 13 14 15 16 17 18 19 20 21 22 23"
          }
        },
        "$or$designs/132/top.sv:20$40_Y": {
          "hide_name": 1,
          "bits": [ 170, 1311, 1312, 1313, 1314, 1315, 1316, 1317, 1318, 1319, 1320, 1321, 1322, 1323, 1324, 1325, 1326, 1327, 1328, 1329, 1330, 1331, 1332, 1333 ],
          "attributes": {
            "src": "designs/132/top.sv:20.24-20.131",
            "unused_bits": "1 2 3 4 5 6 7 8 9 10 11 12 13 14 15 16 17 18 19 20 21 22 23"
          }
        },
        "$or$designs/132/top.sv:21$45_Y": {
          "hide_name": 1,
          "bits": [ 622, 623, 624, 625, 626, 627, 628, 629, 630, 631, 632, 633, 634, 635, 636, 637, 638, 639, "0", "0", "0", "0" ],
          "attributes": {
            "src": "designs/132/top.sv:21.23-21.60"
          }
        },
        "$reduce_bool$designs/132/top.sv:22$63_Y": {
          "hide_name": 1,
          "bits": [ 790 ],
          "attributes": {
            "src": "designs/132/top.sv:22.21-22.243"
          }
        },
        "$sub$designs/132/top.sv:16$11_Y": {
          "hide_name": 1,
          "bits": [ 404, 405, 406, 407, 408, 409, 410, 411, 412, 413, 791, 792, 793, 794, 795, 796, 797, 798, 799, 800, 801, 802, 803, 804 ],
          "attributes": {
            "src": "designs/132/top.sv:16.24-16.143"
          }
        },
        "$sub$designs/132/top.sv:19$25_Y": {
          "hide_name": 1,
          "bits": [ 777, 778, 779, 780, 781, 782, 783, 784, 785, 786, 787, 788, 1334, 1335, 1336, 1337, 1338, 1339, 1340, 1341, 1342, 1343, 1344, 1345 ],
          "attributes": {
            "src": "designs/132/top.sv:19.42-19.68",
            "unused_bits": "12 13 14 15 16 17 18 19 20 21 22 23"
          }
        },
        "$sub$designs/132/top.sv:20$38_Y": {
          "hide_name": 1,
          "bits": [ 805, 1346, 1347, 1348, 1349, 1350, 1351, 1352, 1353, 1354, 1355, 1356, 1357, 1358, 1359, 1360, 1361, 1362, 1363, 1364, 1365, 1366, 1367, 1368 ],
          "attributes": {
            "src": "designs/132/top.sv:20.34-20.110",
            "unused_bits": "1 2 3 4 5 6 7 8 9 10 11 12 13 14 15 16 17 18 19 20 21 22 23"
          }
        },
        "$sub$designs/132/top.sv:22$50_Y": {
          "hide_name": 1,
          "bits": [ 806, 807, 808, 809, 810, 811, 812, 813, 814, 815, 816, 817, 818, 819, 820, 821, 822, 823, 824, 825, 826, 827, 828, 829 ],
          "attributes": {
            "src": "designs/132/top.sv:22.42-22.90"
          }
        },
        "$sub$designs/132/top.sv:22$59_Y": {
          "hide_name": 1,
          "bits": [ 493, 494, 495, 496, 497, 498, 499, 500, 501, 502, 854, 855, 856, 857, 858, 859, 860, 861, 862, 863, 864, 865, 1369, 1370, 1370, 1370, 1370, 1370, 1370, 1370 ],
          "attributes": {
            "src": "designs/132/top.sv:22.139-22.203",
            "unused_bits": "10 11 12 13 14 15 16 17 18 19 20 21 22 23 24 25 26 27 28 29"
          }
        },
        "$xor$designs/132/top.sv:17$16_Y": {
          "hide_name": 1,
          "bits": [ 759, 760, 761, 762, 763, 764, 765, 766, 767, 768, 769, 770, 771, 772, 773, 774, 775, 776, 1371, 1372, 1373, 1374, 1375, 1376 ],
          "attributes": {
            "src": "designs/132/top.sv:17.31-17.60",
            "unused_bits": "18 19 20 21 22 23"
          }
        },
        "$xor$designs/132/top.sv:20$39_Y": {
          "hide_name": 1,
          "bits": [ 789, 1377, 1378, 1379, 1380, 1381, 1382, 1383, 1384, 1385, 1386, 1387, 1388, 1389, 1390, 1391, 1392, 1393, 1394, 1395, 1396, 1397, 1398, 1399 ],
          "attributes": {
            "src": "designs/132/top.sv:20.33-20.120",
            "unused_bits": "1 2 3 4 5 6 7 8 9 10 11 12 13 14 15 16 17 18 19 20 21 22 23"
          }
        },
        "$xor$designs/132/top.sv:22$51_Y": {
          "hide_name": 1,
          "bits": [ 830, 831, 832, 833, 834, 835, 836, 837, 838, 839, 840, 841, 842, 843, 844, 845, 846, 847, 848, 849, 850, 851, 852, 853 ],
          "attributes": {
            "src": "designs/132/top.sv:22.41-22.100"
          }
        },
        "input_data": {
          "hide_name": 0,
          "bits": [ 2, 3, 4, 5, 6, 7, 8, 9, 10, 11 ],
          "attributes": {
            "src": "designs/132/top.sv:2.17-2.27"
          }
        },
        "output_data": {
          "hide_name": 0,
          "bits": [ 12, 13, 14, 15, 16, 17, 18, 19, 20, 21, 22, 23, 24, 25, 26, 27, 28, 29, 30, 31, 32, 33, 34, "0", "0", "0", "0", "0", "0", "0", "0", "0", "0", "0", "0", "0", "0", "0", "0", "0" ],
          "attributes": {
            "src": "designs/132/top.sv:3.19-3.30"
          }
        },
        "temp_0": {
          "hide_name": 0,
          "bits": [ 35, 36, 37, 38, 39, 40, 41, 42, 43, 44, 45, 46, 47, 48, 49, 50, 51, 52, 332, 333, 334, 335, 336, 337 ],
          "attributes": {
            "src": "designs/132/top.sv:6.18-6.24"
          }
        },
        "temp_1": {
          "hide_name": 0,
          "bits": [ 89, 90, 91, 302, 303, 304, 305, 306, 307, 317, 318, 319, 640, 641, 642, 643, 644, 645 ],
          "attributes": {
            "src": "designs/132/top.sv:7.18-7.24"
          }
        },
        "temp_2": {
          "hide_name": 0,
          "bits": [ 308, 309, 310, 311, 312, 313, 314, 315, 316 ],
          "attributes": {
            "src": "designs/132/top.sv:8.17-8.23"
          }
        },
        "temp_3": {
          "hide_name": 0,
          "bits": [ 155, 156, 157, 158, 159, 160, 161, 162, 163, 164, 165, 166 ],
          "attributes": {
            "src": "designs/132/top.sv:9.18-9.24"
          }
        },
        "temp_4": {
          "hide_name": 0,
          "bits": [ 172 ],
          "attributes": {
            "single_bit_vector": "00000000000000000000000000000001",
            "src": "designs/132/top.sv:10.17-10.23"
          }
        },
        "temp_5": {
          "hide_name": 0,
          "bits": [ 229, 230, 231, 232, 233, 234, 490, 491, 492, 262, 263, 264, 185, 186, 187, 188, 189, 190, 191, 192, 193, 194 ],
          "attributes": {
            "src": "designs/132/top.sv:11.18-11.24"
          }
        },
        "temp_6": {
          "hide_name": 0,
          "bits": [ 531, 532, 533, 537, 538, 539, 543, 544, 545, 546, 547, 548, 866, 867, 868, 869, 870, 871, 872, 873, 874, 875, "x", "x", "x", "x", "x", "x", "x", "x" ],
          "attributes": {
            "src": "designs/132/top.sv:12.18-12.24"
          }
        },
        "temp_7": {
          "hide_name": 0,
          "bits": [ 561, 532, 533, 537, 538, 539 ],
          "attributes": {
            "src": "designs/132/top.sv:13.17-13.23"
          }
        },
        "temp_8": {
          "hide_name": 0,
          "bits": [ 265, 266, 267, 268, 269, 270, 271, 272, 273, 274, 275, 569, 570, 571, 572, 573, 574, 898, 899, 900, 901, 902 ],
          "attributes": {
            "src": "designs/132/top.sv:14.18-14.24",
            "unused_bits": "17 18 19 20 21"
          }
        }
      }
    }
  }
}
