{
  "creator": "Yosys 0.60 (git sha1 5bafeb77dc71e054fa331ab9efa613e6fb0a1c49, clang++ 17.0.0 -fPIC -O3)",
  "modules": {
    "top": {
      "attributes": {
        "top": "00000000000000000000000000000001",
        "src": "designs/23/top.sv:1.1-26.10"
      },
      "ports": {
        "input_data": {
          "direction": "input",
          "bits": [ 2, 3, 4, 5, 6, 7, 8, 9, 10, 11, 12, 13 ]
        },
        "output_data": {
          "direction": "output",
          "bits": [ 14, 15, 16, 17, 18, 19, 20, 21, 22, 23, 24, 25, 26, 27, 28, 29, 30 ]
        }
      },
      "cells": {
        "$add$designs/23/top.sv:16$5": {
          "hide_name": 1,
          "type": "$add",
          "parameters": {
            "A_SIGNED": "00000000000000000000000000000000",
            "A_WIDTH": "00000000000000000000000000000010",
            "B_SIGNED": "00000000000000000000000000000000",
            "B_WIDTH": "00000000000000000000000000000010",
            "Y_WIDTH": "00000000000000000000000000000010"
          },
          "attributes": {
            "src": "designs/23/top.sv:16.28-16.72"
          },
          "port_directions": {
            "A": "input",
            "B": "input",
            "Y": "output"
          },
          "connections": {
            "A": [ 31, 32 ],
            "B": [ 3, 4 ],
            "Y": [ 33, 34 ]
          }
        },
        "$add$designs/23/top.sv:21$26": {
          "hide_name": 1,
          "type": "$add",
          "parameters": {
            "A_SIGNED": "00000000000000000000000000000000",
            "A_WIDTH": "00000000000000000000000000011000",
            "B_SIGNED": "00000000000000000000000000000000",
            "B_WIDTH": "00000000000000000000000000000001",
            "Y_WIDTH": "00000000000000000000000000011001"
          },
          "attributes": {
            "src": "designs/23/top.sv:21.43-21.102"
          },
          "port_directions": {
            "A": "input",
            "B": "input",
            "Y": "output"
          },
          "connections": {
            "A": [ 35, 36, 37, 38, 39, 40, 41, 42, 43, 44, 45, 46, 47, 48, 49, 50, 51, 52, 53, 54, 55, 56, 57, 58 ],
            "B": [ 59 ],
            "Y": [ 60, 61, 62, 63, 64, 65, 66, 67, 68, 69, 70, 71, 72, 73, 74, 75, 76, 77, 78, 79, 80, 81, 82, 83, 84 ]
          }
        },
        "$add$designs/23/top.sv:24$38": {
          "hide_name": 1,
          "type": "$add",
          "parameters": {
            "A_SIGNED": "00000000000000000000000000000000",
            "A_WIDTH": "00000000000000000000000000001100",
            "B_SIGNED": "00000000000000000000000000000000",
            "B_WIDTH": "00000000000000000000000000000001",
            "Y_WIDTH": "00000000000000000000000000001101"
          },
          "attributes": {
            "src": "designs/23/top.sv:24.31-24.83"
          },
          "port_directions": {
            "A": "input",
            "B": "input",
            "Y": "output"
          },
          "connections": {
            "A": [ 85, 86, 87, 88, "0", "0", "0", "0", "0", "0", "0", "0" ],
            "B": [ 59 ],
            "Y": [ 89, 90, 91, 92, 93, 94, 95, 96, 97, 98, 99, 100, 101 ]
          }
        },
        "$and$designs/23/top.sv:14$1": {
          "hide_name": 1,
          "type": "$and",
          "parameters": {
            "A_SIGNED": "00000000000000000000000000000000",
            "A_WIDTH": "00000000000000000000000000001100",
            "B_SIGNED": "00000000000000000000000000000000",
            "B_WIDTH": "00000000000000000000000000001100",
            "Y_WIDTH": "00000000000000000000000000001100"
          },
          "attributes": {
            "src": "designs/23/top.sv:14.34-14.68"
          },
          "port_directions": {
            "A": "input",
            "B": "input",
            "Y": "output"
          },
          "connections": {
            "A": [ 2, 3, 4, 5, 6, 7, 8, 9, 10, 11, 12, 13 ],
            "B": [ 2, 3, 4, 5, 6, 7, 8, 9, 10, 11, 12, 13 ],
            "Y": [ 102, 103, 104, 105, 106, 107, 108, 109, 110, 111, 112, 113 ]
          }
        },
        "$and$designs/23/top.sv:16$6": {
          "hide_name": 1,
          "type": "$and",
          "parameters": {
            "A_SIGNED": "00000000000000000000000000000000",
            "A_WIDTH": "00000000000000000000000000000010",
            "B_SIGNED": "00000000000000000000000000000000",
            "B_WIDTH": "00000000000000000000000000000010",
            "Y_WIDTH": "00000000000000000000000000000010"
          },
          "attributes": {
            "src": "designs/23/top.sv:16.27-16.91"
          },
          "port_directions": {
            "A": "input",
            "B": "input",
            "Y": "output"
          },
          "connections": {
            "A": [ 33, 34 ],
            "B": [ 9, 10 ],
            "Y": [ 114, 115 ]
          }
        },
        "$and$designs/23/top.sv:21$31": {
          "hide_name": 1,
          "type": "$and",
          "parameters": {
            "A_SIGNED": "00000000000000000000000000000000",
            "A_WIDTH": "00000000000000000000000000001011",
            "B_SIGNED": "00000000000000000000000000000000",
            "B_WIDTH": "00000000000000000000000000001011",
            "Y_WIDTH": "00000000000000000000000000001011"
          },
          "attributes": {
            "src": "designs/23/top.sv:21.30-21.163"
          },
          "port_directions": {
            "A": "input",
            "B": "input",
            "Y": "output"
          },
          "connections": {
            "A": [ 116, 117, 118, 119, 120, 121, 122, 123, 124, 125, 126 ],
            "B": [ 3, 4, 5, 6, 7, 8, 9, 10, 11, 12, 13 ],
            "Y": [ 127, 128, 129, 130, 131, 132, 133, 134, 135, 136, 137 ]
          }
        },
        "$auto$opt_expr.cc:276:group_cell_inputs$51": {
          "hide_name": 1,
          "type": "$xor",
          "parameters": {
            "A_SIGNED": "00000000000000000000000000000000",
            "A_WIDTH": "00000000000000000000000000000001",
            "B_SIGNED": "00000000000000000000000000000000",
            "B_WIDTH": "00000000000000000000000000000001",
            "Y_WIDTH": "00000000000000000000000000000001"
          },
          "attributes": {
          },
          "port_directions": {
            "A": "input",
            "B": "input",
            "Y": "output"
          },
          "connections": {
            "A": [ 138 ],
            "B": [ 114 ],
            "Y": [ 139 ]
          }
        },
        "$auto$opt_expr.cc:276:group_cell_inputs$54": {
          "hide_name": 1,
          "type": "$or",
          "parameters": {
            "A_SIGNED": "00000000000000000000000000000000",
            "A_WIDTH": "00000000000000000000000000000010",
            "B_SIGNED": "00000000000000000000000000000000",
            "B_WIDTH": "00000000000000000000000000000010",
            "Y_WIDTH": "00000000000000000000000000000010"
          },
          "attributes": {
          },
          "port_directions": {
            "A": "input",
            "B": "input",
            "Y": "output"
          },
          "connections": {
            "A": [ 139, 115 ],
            "B": [ 140, 141 ],
            "Y": [ 142, 143 ]
          }
        },
        "$auto$opt_expr.cc:276:group_cell_inputs$57": {
          "hide_name": 1,
          "type": "$or",
          "parameters": {
            "A_SIGNED": "00000000000000000000000000000000",
            "A_WIDTH": "00000000000000000000000000001100",
            "B_SIGNED": "00000000000000000000000000000000",
            "B_WIDTH": "00000000000000000000000000001100",
            "Y_WIDTH": "00000000000000000000000000001100"
          },
          "attributes": {
          },
          "port_directions": {
            "A": "input",
            "B": "input",
            "Y": "output"
          },
          "connections": {
            "A": [ 142, 143, 144, 145, 146, 147, 148, 149, 150, 151, 152, 153 ],
            "B": [ 2, 3, 4, 5, 6, 7, 8, 9, 10, 11, 12, 13 ],
            "Y": [ 154, 155, 156, 157, 158, 159, 160, 161, 162, 163, 164, 165 ]
          }
        },
        "$auto$opt_expr.cc:276:group_cell_inputs$60": {
          "hide_name": 1,
          "type": "$or",
          "parameters": {
            "A_SIGNED": "00000000000000000000000000000000",
            "A_WIDTH": "00000000000000000000000000000010",
            "B_SIGNED": "00000000000000000000000000000000",
            "B_WIDTH": "00000000000000000000000000000010",
            "Y_WIDTH": "00000000000000000000000000000010"
          },
          "attributes": {
          },
          "port_directions": {
            "A": "input",
            "B": "input",
            "Y": "output"
          },
          "connections": {
            "A": [ 166, 167 ],
            "B": [ 114, 115 ],
            "Y": [ 168, 169 ]
          }
        },
        "$auto$opt_expr.cc:276:group_cell_inputs$63": {
          "hide_name": 1,
          "type": "$xor",
          "parameters": {
            "A_SIGNED": "00000000000000000000000000000000",
            "A_WIDTH": "00000000000000000000000000000100",
            "B_SIGNED": "00000000000000000000000000000000",
            "B_WIDTH": "00000000000000000000000000000100",
            "Y_WIDTH": "00000000000000000000000000000100"
          },
          "attributes": {
          },
          "port_directions": {
            "A": "input",
            "B": "input",
            "Y": "output"
          },
          "connections": {
            "A": [ 7, 8, 9, 10 ],
            "B": [ 140, 141, 144, 145 ],
            "Y": [ 170, 171, 172, 173 ]
          }
        },
        "$auto$opt_expr.cc:276:group_cell_inputs$66": {
          "hide_name": 1,
          "type": "$and",
          "parameters": {
            "A_SIGNED": "00000000000000000000000000000000",
            "A_WIDTH": "00000000000000000000000000000001",
            "B_SIGNED": "00000000000000000000000000000000",
            "B_WIDTH": "00000000000000000000000000000001",
            "Y_WIDTH": "00000000000000000000000000000001"
          },
          "attributes": {
          },
          "port_directions": {
            "A": "input",
            "B": "input",
            "Y": "output"
          },
          "connections": {
            "A": [ 170 ],
            "B": [ 59 ],
            "Y": [ 174 ]
          }
        },
        "$auto$opt_expr.cc:276:group_cell_inputs$70": {
          "hide_name": 1,
          "type": "$xor",
          "parameters": {
            "A_SIGNED": "00000000000000000000000000000000",
            "A_WIDTH": "00000000000000000000000000000001",
            "B_SIGNED": "00000000000000000000000000000000",
            "B_WIDTH": "00000000000000000000000000000001",
            "Y_WIDTH": "00000000000000000000000000000001"
          },
          "attributes": {
          },
          "port_directions": {
            "A": "input",
            "B": "input",
            "Y": "output"
          },
          "connections": {
            "A": [ 175 ],
            "B": [ 59 ],
            "Y": [ 176 ]
          }
        },
        "$auto$opt_expr.cc:276:group_cell_inputs$73": {
          "hide_name": 1,
          "type": "$and",
          "parameters": {
            "A_SIGNED": "00000000000000000000000000000000",
            "A_WIDTH": "00000000000000000000000000001100",
            "B_SIGNED": "00000000000000000000000000000000",
            "B_WIDTH": "00000000000000000000000000001100",
            "Y_WIDTH": "00000000000000000000000000001100"
          },
          "attributes": {
          },
          "port_directions": {
            "A": "input",
            "B": "input",
            "Y": "output"
          },
          "connections": {
            "A": [ 177, 178, 179, 180, 181, 182, 183, 184, 185, 186, 187, 188 ],
            "B": [ 168, 169, 189, 190, 191, 192, 193, 194, 195, 196, 197, 198 ],
            "Y": [ 199, 200, 201, 202, 203, 204, 205, 206, 207, 208, 209, 210 ]
          }
        },
        "$auto$opt_expr.cc:276:group_cell_inputs$77": {
          "hide_name": 1,
          "type": "$and",
          "parameters": {
            "A_SIGNED": "00000000000000000000000000000000",
            "A_WIDTH": "00000000000000000000000000000100",
            "B_SIGNED": "00000000000000000000000000000000",
            "B_WIDTH": "00000000000000000000000000000100",
            "Y_WIDTH": "00000000000000000000000000000100"
          },
          "attributes": {
          },
          "port_directions": {
            "A": "input",
            "B": "input",
            "Y": "output"
          },
          "connections": {
            "A": [ 211, 212, 213, 214 ],
            "B": [ 168, 169, 189, 190 ],
            "Y": [ 85, 86, 87, 88 ]
          }
        },
        "$auto$opt_expr.cc:276:group_cell_inputs$81": {
          "hide_name": 1,
          "type": "$and",
          "parameters": {
            "A_SIGNED": "00000000000000000000000000000000",
            "A_WIDTH": "00000000000000000000000000000001",
            "B_SIGNED": "00000000000000000000000000000000",
            "B_WIDTH": "00000000000000000000000000000001",
            "Y_WIDTH": "00000000000000000000000000000001"
          },
          "attributes": {
          },
          "port_directions": {
            "A": "input",
            "B": "input",
            "Y": "output"
          },
          "connections": {
            "A": [ 89 ],
            "B": [ 59 ],
            "Y": [ 215 ]
          }
        },
        "$auto$opt_expr.cc:276:group_cell_inputs$85": {
          "hide_name": 1,
          "type": "$not",
          "parameters": {
            "A_SIGNED": "00000000000000000000000000000000",
            "A_WIDTH": "00000000000000000000000000000001",
            "Y_WIDTH": "00000000000000000000000000000001"
          },
          "attributes": {
          },
          "port_directions": {
            "A": "input",
            "Y": "output"
          },
          "connections": {
            "A": [ 59 ],
            "Y": [ 216 ]
          }
        },
        "$auto$opt_expr.cc:276:group_cell_inputs$89": {
          "hide_name": 1,
          "type": "$xor",
          "parameters": {
            "A_SIGNED": "00000000000000000000000000000000",
            "A_WIDTH": "00000000000000000000000000001100",
            "B_SIGNED": "00000000000000000000000000000000",
            "B_WIDTH": "00000000000000000000000000001100",
            "Y_WIDTH": "00000000000000000000000000001100"
          },
          "attributes": {
          },
          "port_directions": {
            "A": "input",
            "B": "input",
            "Y": "output"
          },
          "connections": {
            "A": [ 217, 218, 219, 220, 221, 222, 223, 224, 225, 226, 227, 228 ],
            "B": [ 168, 169, 189, 190, 191, 192, 193, 194, 195, 196, 197, 198 ],
            "Y": [ 14, 15, 16, 17, 18, 19, 20, 21, 22, 23, 24, 25 ]
          }
        },
        "$ge$designs/23/top.sv:18$7": {
          "hide_name": 1,
          "type": "$ge",
          "parameters": {
            "A_SIGNED": "00000000000000000000000000000000",
            "A_WIDTH": "00000000000000000000000000010111",
            "B_SIGNED": "00000000000000000000000000000000",
            "B_WIDTH": "00000000000000000000000000001100",
            "Y_WIDTH": "00000000000000000000000000000001"
          },
          "attributes": {
            "src": "designs/23/top.sv:18.45-18.65"
          },
          "port_directions": {
            "A": "input",
            "B": "input",
            "Y": "output"
          },
          "connections": {
            "A": [ 140, 141, 144, 145, 146, 147, 148, 149, 150, 151, 152, 153, 229, 229, 229, 229, 229, 229, 229, 229, 229, 229, 229 ],
            "B": [ 2, 3, 4, 5, 6, 7, 8, 9, 10, 11, 12, 13 ],
            "Y": [ 138 ]
          }
        },
        "$lt$designs/23/top.sv:18$12": {
          "hide_name": 1,
          "type": "$lt",
          "parameters": {
            "A_SIGNED": "00000000000000000000000000000000",
            "A_WIDTH": "00000000000000000000000000010111",
            "B_SIGNED": "00000000000000000000000000000000",
            "B_WIDTH": "00000000000000000000000000000010",
            "Y_WIDTH": "00000000000000000000000000000001"
          },
          "attributes": {
            "src": "designs/23/top.sv:18.30-18.120"
          },
          "port_directions": {
            "A": "input",
            "B": "input",
            "Y": "output"
          },
          "connections": {
            "A": [ 230, 231, 232, 233, 234, 235, 236, 237, 238, 239, 240, 241, 242, 243, 244, 245, 246, 247, 248, 249, 250, 251, 252 ],
            "B": [ 114, 115 ],
            "Y": [ 59 ]
          }
        },
        "$mul$designs/23/top.sv:19$14": {
          "hide_name": 1,
          "type": "$mul",
          "parameters": {
            "A_SIGNED": "00000000000000000000000000000000",
            "A_WIDTH": "00000000000000000000000000001100",
            "B_SIGNED": "00000000000000000000000000000000",
            "B_WIDTH": "00000000000000000000000000001100",
            "Y_WIDTH": "00000000000000000000000000001100"
          },
          "attributes": {
            "src": "designs/23/top.sv:19.33-19.76"
          },
          "port_directions": {
            "A": "input",
            "B": "input",
            "Y": "output"
          },
          "connections": {
            "A": [ 253, 254, 255, 256, 257, 258, 259, 260, 261, 262, 263, 264 ],
            "B": [ 2, 3, 4, 5, 6, 7, 8, 9, 10, 11, 12, 13 ],
            "Y": [ 166, 167, 189, 190, 191, 192, 193, 194, 195, 196, 197, 198 ]
          }
        },
        "$mul$designs/23/top.sv:20$18": {
          "hide_name": 1,
          "type": "$mul",
          "parameters": {
            "A_SIGNED": "00000000000000000000000000000000",
            "A_WIDTH": "00000000000000000000000000010111",
            "B_SIGNED": "00000000000000000000000000000000",
            "B_WIDTH": "00000000000000000000000000000001",
            "Y_WIDTH": "00000000000000000000000000011000"
          },
          "attributes": {
            "src": "designs/23/top.sv:20.26-20.83"
          },
          "port_directions": {
            "A": "input",
            "B": "input",
            "Y": "output"
          },
          "connections": {
            "A": [ 174, "0", "0", "0", "0", "0", "0", "0", "0", "0", "0", "0", "0", "0", "0", "0", "0", "0", "0", "0", "0", "0", "0" ],
            "B": [ 59 ],
            "Y": [ 265, 266, 267, 268, 269, 270, 271, 272, 273, 274, 275, 276, 277, 278, 279, 280, 281, 282, 283, 284, 285, 286, 287, 288 ]
          }
        },
        "$mul$designs/23/top.sv:20$19": {
          "hide_name": 1,
          "type": "$mul",
          "parameters": {
            "A_SIGNED": "00000000000000000000000000000000",
            "A_WIDTH": "00000000000000000000000000011000",
            "B_SIGNED": "00000000000000000000000000000000",
            "B_WIDTH": "00000000000000000000000000000001",
            "Y_WIDTH": "00000000000000000000000000011001"
          },
          "attributes": {
            "src": "designs/23/top.sv:20.25-20.93"
          },
          "port_directions": {
            "A": "input",
            "B": "input",
            "Y": "output"
          },
          "connections": {
            "A": [ 265, 266, 267, 268, 269, 270, 271, 272, 273, 274, 275, 276, 277, 278, 279, 280, 281, 282, 283, 284, 285, 286, 287, 288 ],
            "B": [ 59 ],
            "Y": [ 175, 289, 290, 291, 292, 293, 294, 295, 296, 297, 298, 299, 300, 301, 302, 303, 304, 305, 306, 307, 308, 309, 310, 311, 312 ]
          }
        },
        "$mul$designs/23/top.sv:20$21": {
          "hide_name": 1,
          "type": "$mul",
          "parameters": {
            "A_SIGNED": "00000000000000000000000000000000",
            "A_WIDTH": "00000000000000000000000000011001",
            "B_SIGNED": "00000000000000000000000000000000",
            "B_WIDTH": "00000000000000000000000000000100",
            "Y_WIDTH": "00000000000000000000000000000100"
          },
          "attributes": {
            "src": "designs/23/top.sv:20.23-20.122"
          },
          "port_directions": {
            "A": "input",
            "B": "input",
            "Y": "output"
          },
          "connections": {
            "A": [ 176, 289, 290, 291, 292, 293, 294, 295, 296, 297, 298, 299, 300, 301, 302, 303, 304, 305, 306, 307, 308, 309, 310, 311, 312 ],
            "B": [ 3, 4, 5, 6 ],
            "Y": [ 313, 314, 315, 316 ]
          }
        },
        "$mul$designs/23/top.sv:21$25": {
          "hide_name": 1,
          "type": "$mul",
          "parameters": {
            "A_SIGNED": "00000000000000000000000000000000",
            "A_WIDTH": "00000000000000000000000000010111",
            "B_SIGNED": "00000000000000000000000000000000",
            "B_WIDTH": "00000000000000000000000000000001",
            "Y_WIDTH": "00000000000000000000000000011000"
          },
          "attributes": {
            "src": "designs/23/top.sv:21.44-21.92"
          },
          "port_directions": {
            "A": "input",
            "B": "input",
            "Y": "output"
          },
          "connections": {
            "A": [ 199, 200, 201, 202, 203, 204, 205, 206, 207, 208, 209, 210, "0", "0", "0", "0", "0", "0", "0", "0", "0", "0", "0" ],
            "B": [ 59 ],
            "Y": [ 35, 36, 37, 38, 39, 40, 41, 42, 43, 44, 45, 46, 47, 48, 49, 50, 51, 52, 53, 54, 55, 56, 57, 58 ]
          }
        },
        "$mul$designs/23/top.sv:21$27": {
          "hide_name": 1,
          "type": "$mul",
          "parameters": {
            "A_SIGNED": "00000000000000000000000000000000",
            "A_WIDTH": "00000000000000000000000000011001",
            "B_SIGNED": "00000000000000000000000000000000",
            "B_WIDTH": "00000000000000000000000000001100",
            "Y_WIDTH": "00000000000000000000000000001011"
          },
          "attributes": {
            "src": "designs/23/top.sv:21.42-21.112"
          },
          "port_directions": {
            "A": "input",
            "B": "input",
            "Y": "output"
          },
          "connections": {
            "A": [ 60, 61, 62, 63, 64, 65, 66, 67, 68, 69, 70, 71, 72, 73, 74, 75, 76, 77, 78, 79, 80, 81, 82, 83, 84 ],
            "B": [ 168, 169, 189, 190, 191, 192, 193, 194, 195, 196, 197, 198 ],
            "Y": [ 317, 318, 319, 320, 321, 322, 323, 324, 325, 326, 327 ]
          }
        },
        "$mul$designs/23/top.sv:24$40": {
          "hide_name": 1,
          "type": "$mul",
          "parameters": {
            "A_SIGNED": "00000000000000000000000000000000",
            "A_WIDTH": "00000000000000000000000000001101",
            "B_SIGNED": "00000000000000000000000000000000",
            "B_WIDTH": "00000000000000000000000000000100",
            "Y_WIDTH": "00000000000000000000000000010001"
          },
          "attributes": {
            "src": "designs/23/top.sv:24.29-24.103"
          },
          "port_directions": {
            "A": "input",
            "B": "input",
            "Y": "output"
          },
          "connections": {
            "A": [ 215, "0", "0", "0", "0", "0", "0", "0", "0", "0", "0", "0", "0" ],
            "B": [ 328, 329, 330, 331 ],
            "Y": [ 332, 333, 334, 335, 336, 337, 338, 339, 340, 341, 342, 343, 344, 345, 346, 347, 348 ]
          }
        },
        "$or$designs/23/top.sv:14$2": {
          "hide_name": 1,
          "type": "$or",
          "parameters": {
            "A_SIGNED": "00000000000000000000000000000000",
            "A_WIDTH": "00000000000000000000000000001100",
            "B_SIGNED": "00000000000000000000000000000000",
            "B_WIDTH": "00000000000000000000000000001100",
            "Y_WIDTH": "00000000000000000000000000001100"
          },
          "attributes": {
            "src": "designs/23/top.sv:14.23-14.83"
          },
          "port_directions": {
            "A": "input",
            "B": "input",
            "Y": "output"
          },
          "connections": {
            "A": [ 102, 103, 104, 105, 106, 107, 108, 109, 110, 111, 112, 113 ],
            "B": [ 2, 3, 4, 5, 6, 7, 8, 9, 10, 11, 12, 13 ],
            "Y": [ 349, 350, 351, 352, 353, 354, 355, 356, 357, 358, 359, 360 ]
          }
        },
        "$or$designs/23/top.sv:21$30": {
          "hide_name": 1,
          "type": "$or",
          "parameters": {
            "A_SIGNED": "00000000000000000000000000000000",
            "A_WIDTH": "00000000000000000000000000001011",
            "B_SIGNED": "00000000000000000000000000000000",
            "B_WIDTH": "00000000000000000000000000001011",
            "Y_WIDTH": "00000000000000000000000000001011"
          },
          "attributes": {
            "src": "designs/23/top.sv:21.31-21.143"
          },
          "port_directions": {
            "A": "input",
            "B": "input",
            "Y": "output"
          },
          "connections": {
            "A": [ 361, 362, 363, 364, 365, 366, 367, 368, 369, 370, 371 ],
            "B": [ 168, 169, 189, 190, 191, 192, 193, 194, 195, 196, 197 ],
            "Y": [ 116, 117, 118, 119, 120, 121, 122, 123, 124, 125, 126 ]
          }
        },
        "$or$designs/23/top.sv:24$36": {
          "hide_name": 1,
          "type": "$or",
          "parameters": {
            "A_SIGNED": "00000000000000000000000000000000",
            "A_WIDTH": "00000000000000000000000000000100",
            "B_SIGNED": "00000000000000000000000000000000",
            "B_WIDTH": "00000000000000000000000000000100",
            "Y_WIDTH": "00000000000000000000000000000100"
          },
          "attributes": {
            "src": "designs/23/top.sv:24.41-24.62"
          },
          "port_directions": {
            "A": "input",
            "B": "input",
            "Y": "output"
          },
          "connections": {
            "A": [ 134, 135, 136, 137 ],
            "B": [ 328, 329, 330, 331 ],
            "Y": [ 211, 212, 213, 214 ]
          }
        },
        "$sub$designs/23/top.sv:14$3": {
          "hide_name": 1,
          "type": "$sub",
          "parameters": {
            "A_SIGNED": "00000000000000000000000000000000",
            "A_WIDTH": "00000000000000000000000000001100",
            "B_SIGNED": "00000000000000000000000000000000",
            "B_WIDTH": "00000000000000000000000000001100",
            "Y_WIDTH": "00000000000000000000000000001101"
          },
          "attributes": {
            "src": "designs/23/top.sv:14.22-14.97"
          },
          "port_directions": {
            "A": "input",
            "B": "input",
            "Y": "output"
          },
          "connections": {
            "A": [ 349, 350, 351, 352, 353, 354, 355, 356, 357, 358, 359, 360 ],
            "B": [ 2, 3, 4, 5, 6, 7, 8, 9, 10, 11, 12, 13 ],
            "Y": [ 140, 141, 144, 145, 146, 147, 148, 149, 150, 151, 152, 153, 229 ]
          }
        },
        "$sub$designs/23/top.sv:16$4": {
          "hide_name": 1,
          "type": "$sub",
          "parameters": {
            "A_SIGNED": "00000000000000000000000000000000",
            "A_WIDTH": "00000000000000000000000000000010",
            "B_SIGNED": "00000000000000000000000000000000",
            "B_WIDTH": "00000000000000000000000000000010",
            "Y_WIDTH": "00000000000000000000000000000010"
          },
          "attributes": {
            "src": "designs/23/top.sv:16.29-16.53"
          },
          "port_directions": {
            "A": "input",
            "B": "input",
            "Y": "output"
          },
          "connections": {
            "A": [ 140, 141 ],
            "B": [ 7, 8 ],
            "Y": [ 31, 32 ]
          }
        },
        "$sub$designs/23/top.sv:18$11": {
          "hide_name": 1,
          "type": "$sub",
          "parameters": {
            "A_SIGNED": "00000000000000000000000000000000",
            "A_WIDTH": "00000000000000000000000000010111",
            "B_SIGNED": "00000000000000000000000000000000",
            "B_WIDTH": "00000000000000000000000000000010",
            "Y_WIDTH": "00000000000000000000000000010111"
          },
          "attributes": {
            "src": "designs/23/top.sv:18.31-18.110"
          },
          "port_directions": {
            "A": "input",
            "B": "input",
            "Y": "output"
          },
          "connections": {
            "A": [ 154, 155, 156, 157, 158, 159, 160, 161, 162, 163, 164, 165, 229, 229, 229, 229, 229, 229, 229, 229, 229, 229, 229 ],
            "B": [ 114, 115 ],
            "Y": [ 230, 231, 232, 233, 234, 235, 236, 237, 238, 239, 240, 241, 242, 243, 244, 245, 246, 247, 248, 249, 250, 251, 252 ]
          }
        },
        "$sub$designs/23/top.sv:19$13": {
          "hide_name": 1,
          "type": "$sub",
          "parameters": {
            "A_SIGNED": "00000000000000000000000000000000",
            "A_WIDTH": "00000000000000000000000000001100",
            "B_SIGNED": "00000000000000000000000000000000",
            "B_WIDTH": "00000000000000000000000000000010",
            "Y_WIDTH": "00000000000000000000000000001100"
          },
          "attributes": {
            "src": "designs/23/top.sv:19.34-19.62"
          },
          "port_directions": {
            "A": "input",
            "B": "input",
            "Y": "output"
          },
          "connections": {
            "A": [ 2, 3, 4, 5, 6, 7, 8, 9, 10, 11, 12, 13 ],
            "B": [ 114, 115 ],
            "Y": [ 253, 254, 255, 256, 257, 258, 259, 260, 261, 262, 263, 264 ]
          }
        },
        "$sub$designs/23/top.sv:20$22": {
          "hide_name": 1,
          "type": "$sub",
          "parameters": {
            "A_SIGNED": "00000000000000000000000000000000",
            "A_WIDTH": "00000000000000000000000000000100",
            "B_SIGNED": "00000000000000000000000000000000",
            "B_WIDTH": "00000000000000000000000000000100",
            "Y_WIDTH": "00000000000000000000000000000100"
          },
          "attributes": {
            "src": "designs/23/top.sv:20.22-20.132"
          },
          "port_directions": {
            "A": "input",
            "B": "input",
            "Y": "output"
          },
          "connections": {
            "A": [ 313, 314, 315, 316 ],
            "B": [ 168, 169, 189, 190 ],
            "Y": [ 328, 329, 330, 331 ]
          }
        },
        "$sub$designs/23/top.sv:21$23": {
          "hide_name": 1,
          "type": "$sub",
          "parameters": {
            "A_SIGNED": "00000000000000000000000000000000",
            "A_WIDTH": "00000000000000000000000000010111",
            "B_SIGNED": "00000000000000000000000000000000",
            "B_WIDTH": "00000000000000000000000000000010",
            "Y_WIDTH": "00000000000000000000000000010111"
          },
          "attributes": {
            "src": "designs/23/top.sv:21.56-21.71"
          },
          "port_directions": {
            "A": "input",
            "B": "input",
            "Y": "output"
          },
          "connections": {
            "A": [ 140, 141, 144, 145, 146, 147, 148, 149, 150, 151, 152, 153, 229, 229, 229, 229, 229, 229, 229, 229, 229, 229, 229 ],
            "B": [ 114, 115 ],
            "Y": [ 177, 178, 179, 180, 181, 182, 183, 184, 185, 186, 187, 188, 372, 373, 374, 375, 376, 377, 378, 379, 380, 381, 382 ]
          }
        },
        "$sub$designs/23/top.sv:21$28": {
          "hide_name": 1,
          "type": "$sub",
          "parameters": {
            "A_SIGNED": "00000000000000000000000000000000",
            "A_WIDTH": "00000000000000000000000000001011",
            "B_SIGNED": "00000000000000000000000000000000",
            "B_WIDTH": "00000000000000000000000000000100",
            "Y_WIDTH": "00000000000000000000000000001011"
          },
          "attributes": {
            "src": "designs/23/top.sv:21.33-21.123"
          },
          "port_directions": {
            "A": "input",
            "B": "input",
            "Y": "output"
          },
          "connections": {
            "A": [ 317, 318, 319, 320, 321, 322, 323, 324, 325, 326, 327 ],
            "B": [ 328, 329, 330, 331 ],
            "Y": [ 383, 384, 385, 386, 387, 388, 389, 390, 391, 392, 393 ]
          }
        },
        "$sub$designs/23/top.sv:24$42": {
          "hide_name": 1,
          "type": "$sub",
          "parameters": {
            "A_SIGNED": "00000000000000000000000000000000",
            "A_WIDTH": "00000000000000000000000000010001",
            "B_SIGNED": "00000000000000000000000000000000",
            "B_WIDTH": "00000000000000000000000000010001",
            "Y_WIDTH": "00000000000000000000000000010001"
          },
          "attributes": {
            "src": "designs/23/top.sv:24.28-24.116"
          },
          "port_directions": {
            "A": "input",
            "B": "input",
            "Y": "output"
          },
          "connections": {
            "A": [ 332, 333, 334, 335, 336, 337, 338, 339, 340, 341, 342, 343, 344, 345, 346, 347, 348 ],
            "B": [ 216, "1", "1", "1", "1", "1", "1", "1", "1", "1", "1", "1", "1", "1", "1", "1", "1" ],
            "Y": [ 217, 218, 219, 220, 221, 222, 223, 224, 225, 226, 227, 228, 26, 27, 28, 29, 30 ]
          }
        },
        "$xor$designs/23/top.sv:21$29": {
          "hide_name": 1,
          "type": "$xor",
          "parameters": {
            "A_SIGNED": "00000000000000000000000000000000",
            "A_WIDTH": "00000000000000000000000000001011",
            "B_SIGNED": "00000000000000000000000000000000",
            "B_WIDTH": "00000000000000000000000000001011",
            "Y_WIDTH": "00000000000000000000000000001011"
          },
          "attributes": {
            "src": "designs/23/top.sv:21.32-21.133"
          },
          "port_directions": {
            "A": "input",
            "B": "input",
            "Y": "output"
          },
          "connections": {
            "A": [ 383, 384, 385, 386, 387, 388, 389, 390, 391, 392, 393 ],
            "B": [ 140, 141, 144, 145, 146, 147, 148, 149, 150, 151, 152 ],
            "Y": [ 361, 362, 363, 364, 365, 366, 367, 368, 369, 370, 371 ]
          }
        }
      },
      "netnames": {
        "$add$designs/23/top.sv:16$5_Y": {
          "hide_name": 1,
          "bits": [ 33, 34, 394, 395, 396, 397, 398, 399, 400, 401, 402, 403, 404, 405, 406, 407, 408, 409, 410, 411, 412, 413, 414, 415, 416, 417 ],
          "attributes": {
            "src": "designs/23/top.sv:16.28-16.72",
            "unused_bits": "2 3 4 5 6 7 8 9 10 11 12 13 14 15 16 17 18 19 20 21 22 23 24 25"
          }
        },
        "$add$designs/23/top.sv:21$26_Y": {
          "hide_name": 1,
          "bits": [ 60, 61, 62, 63, 64, 65, 66, 67, 68, 69, 70, 71, 72, 73, 74, 75, 76, 77, 78, 79, 80, 81, 82, 83, 84, "0", "0", "0", "0", "0" ],
          "attributes": {
            "src": "designs/23/top.sv:21.43-21.102"
          }
        },
        "$add$designs/23/top.sv:24$38_Y": {
          "hide_name": 1,
          "bits": [ 89, 90, 91, 92, 93, 94, 95, 96, 97, 98, 99, 100, 101, "0", "0", "0", "0", "0", "0", "0", "0", "0", "0", "0", "0", "0", "0", "0", "0", "0" ],
          "attributes": {
            "src": "designs/23/top.sv:24.31-24.83",
            "unused_bits": "1 2 3 4 5 6 7 8 9 10 11 12"
          }
        },
        "$and$designs/23/top.sv:14$1_Y": {
          "hide_name": 1,
          "bits": [ 102, 103, 104, 105, 106, 107, 108, 109, 110, 111, 112, 113 ],
          "attributes": {
            "src": "designs/23/top.sv:14.34-14.68"
          }
        },
        "$and$designs/23/top.sv:20$17_Y": {
          "hide_name": 1,
          "bits": [ 174, "0", "0", "0", "0", "0", "0", "0", "0", "0", "0", "0", "0", "0", "0", "0", "0", "0", "0", "0", "0", "0", "0", "0", "0", "0", "0", "0", "0", "0" ],
          "attributes": {
            "src": "designs/23/top.sv:20.27-20.73"
          }
        },
        "$and$designs/23/top.sv:21$24_Y": {
          "hide_name": 1,
          "bits": [ 199, 200, 201, 202, 203, 204, 205, 206, 207, 208, 209, 210, "0", "0", "0", "0", "0", "0", "0", "0", "0", "0", "0", "0", "0", "0", "0", "0", "0", "0" ],
          "attributes": {
            "src": "designs/23/top.sv:21.45-21.82"
          }
        },
        "$and$designs/23/top.sv:24$37_Y": {
          "hide_name": 1,
          "bits": [ 85, 86, 87, 88, "0", "0", "0", "0", "0", "0", "0", "0", "0", "0", "0", "0", "0", "0", "0", "0", "0", "0", "0", "0", "0", "0", "0", "0", "0", "0" ],
          "attributes": {
            "src": "designs/23/top.sv:24.32-24.73"
          }
        },
        "$and$designs/23/top.sv:24$39_Y": {
          "hide_name": 1,
          "bits": [ 215, "0", "0", "0", "0", "0", "0", "0", "0", "0", "0", "0", "0", "0", "0", "0", "0", "0", "0", "0", "0", "0", "0", "0", "0", "0", "0", "0", "0", "0" ],
          "attributes": {
            "src": "designs/23/top.sv:24.30-24.93"
          }
        },
        "$auto$opt_expr.cc:205:group_cell_inputs$50": {
          "hide_name": 1,
          "bits": [ 139 ],
          "attributes": {
          }
        },
        "$auto$opt_expr.cc:205:group_cell_inputs$53": {
          "hide_name": 1,
          "bits": [ 142, 143 ],
          "attributes": {
          }
        },
        "$auto$opt_expr.cc:205:group_cell_inputs$56": {
          "hide_name": 1,
          "bits": [ 154, 155, 156, 157, 158, 159, 160, 161, 162, 163, 164, 165 ],
          "attributes": {
          }
        },
        "$auto$opt_expr.cc:205:group_cell_inputs$62": {
          "hide_name": 1,
          "bits": [ 170, 171, 172, 173 ],
          "attributes": {
            "unused_bits": "1 2 3"
          }
        },
        "$auto$opt_expr.cc:205:group_cell_inputs$69": {
          "hide_name": 1,
          "bits": [ 176 ],
          "attributes": {
          }
        },
        "$auto$opt_expr.cc:205:group_cell_inputs$71": {
          "hide_name": 1,
          "bits": [ 289, 290, 291, 292, 293, 294, 295, 296, 297, 298, 299, 300, 301, 302, 303, 304, 305, 306, 307, 308, 309, 310, 311, 312 ],
          "attributes": {
          }
        },
        "$auto$opt_expr.cc:205:group_cell_inputs$84": {
          "hide_name": 1,
          "bits": [ 216 ],
          "attributes": {
          }
        },
        "$auto$wreduce.cc:514:run$44": {
          "hide_name": 1,
          "bits": [ 217, 218, 219, 220, 221, 222, 223, 224, 225, 226, 227, 228, 26, 27, 28, 29, 30, 418, 419, 420, 421, 422, 423, 424, 425, 426, 427, 428, 429, 430 ],
          "attributes": {
            "src": "designs/23/top.sv:24.28-24.116",
            "unused_bits": "17 18 19 20 21 22 23 24 25 26 27 28 29"
          }
        },
        "$auto$wreduce.cc:514:run$45": {
          "hide_name": 1,
          "bits": [ 332, 333, 334, 335, 336, 337, 338, 339, 340, 341, 342, 343, 344, 345, 346, 347, 348, "0", "0", "0", "0", "0", "0", "0", "0", "0", "0", "0", "0", "0" ],
          "attributes": {
            "src": "designs/23/top.sv:24.29-24.103"
          }
        },
        "$auto$wreduce.cc:514:run$46": {
          "hide_name": 1,
          "bits": [ 116, 117, 118, 119, 120, 121, 122, 123, 124, 125, 126, 431, 432, 433, 434, 435, 436, 437, 438, 439, 440, 441, 442, 443, 444, 445, 446, 447, 448, 449 ],
          "attributes": {
            "src": "designs/23/top.sv:21.31-21.143",
            "unused_bits": "11 12 13 14 15 16 17 18 19 20 21 22 23 24 25 26 27 28 29"
          }
        },
        "$auto$wreduce.cc:514:run$47": {
          "hide_name": 1,
          "bits": [ 361, 362, 363, 364, 365, 366, 367, 368, 369, 370, 371, 450, 451, 452, 453, 454, 455, 456, 457, 458, 459, 460, 461, 462, 463, 464, 465, 466, 467, 468 ],
          "attributes": {
            "src": "designs/23/top.sv:21.32-21.133",
            "unused_bits": "11 12 13 14 15 16 17 18 19 20 21 22 23 24 25 26 27 28 29"
          }
        },
        "$auto$wreduce.cc:514:run$48": {
          "hide_name": 1,
          "bits": [ 317, 318, 319, 320, 321, 322, 323, 324, 325, 326, 327, 469, 470, 471, 472, 473, 474, 475, 476, 477, 478, 479, 480, 481, 482, 483, 484, 485, 486, 487 ],
          "attributes": {
            "src": "designs/23/top.sv:21.42-21.112",
            "unused_bits": "11 12 13 14 15 16 17 18 19 20 21 22 23 24 25 26 27 28 29"
          }
        },
        "$auto$wreduce.cc:514:run$49": {
          "hide_name": 1,
          "bits": [ 177, 178, 179, 180, 181, 182, 183, 184, 185, 186, 187, 188, 372, 373, 374, 375, 376, 377, 378, 379, 380, 381, 382 ],
          "attributes": {
            "src": "designs/23/top.sv:21.56-21.71",
            "unused_bits": "12 13 14 15 16 17 18 19 20 21 22"
          }
        },
        "$ge$designs/23/top.sv:18$7_Y": {
          "hide_name": 1,
          "bits": [ 138, "0", "0", "0", "0", "0", "0", "0", "0", "0", "0", "0", "0", "0", "0", "0", "0", "0", "0", "0", "0", "0", "0" ],
          "attributes": {
            "src": "designs/23/top.sv:18.45-18.65"
          }
        },
        "$mul$designs/23/top.sv:19$14_Y": {
          "hide_name": 1,
          "bits": [ 166, 167, 189, 190, 191, 192, 193, 194, 195, 196, 197, 198 ],
          "attributes": {
            "src": "designs/23/top.sv:19.33-19.76"
          }
        },
        "$mul$designs/23/top.sv:20$18_Y": {
          "hide_name": 1,
          "bits": [ 265, 266, 267, 268, 269, 270, 271, 272, 273, 274, 275, 276, 277, 278, 279, 280, 281, 282, 283, 284, 285, 286, 287, 288, "0", "0", "0", "0", "0", "0" ],
          "attributes": {
            "src": "designs/23/top.sv:20.26-20.83"
          }
        },
        "$mul$designs/23/top.sv:20$19_Y": {
          "hide_name": 1,
          "bits": [ 175, 289, 290, 291, 292, 293, 294, 295, 296, 297, 298, 299, 300, 301, 302, 303, 304, 305, 306, 307, 308, 309, 310, 311, 312, "0", "0", "0", "0", "0" ],
          "attributes": {
            "src": "designs/23/top.sv:20.25-20.93"
          }
        },
        "$mul$designs/23/top.sv:20$21_Y": {
          "hide_name": 1,
          "bits": [ 313, 314, 315, 316, 488, 489, 490, 491, 492, 493, 494, 495, 496, 497, 498, 499, 500, 501, 502, 503, 504, 505, 506, 507, 508, 509, 510, 511, 512, "0" ],
          "attributes": {
            "src": "designs/23/top.sv:20.23-20.122",
            "unused_bits": "4 5 6 7 8 9 10 11 12 13 14 15 16 17 18 19 20 21 22 23 24 25 26 27 28"
          }
        },
        "$mul$designs/23/top.sv:21$25_Y": {
          "hide_name": 1,
          "bits": [ 35, 36, 37, 38, 39, 40, 41, 42, 43, 44, 45, 46, 47, 48, 49, 50, 51, 52, 53, 54, 55, 56, 57, 58, "0", "0", "0", "0", "0", "0" ],
          "attributes": {
            "src": "designs/23/top.sv:21.44-21.92"
          }
        },
        "$or$designs/23/top.sv:14$2_Y": {
          "hide_name": 1,
          "bits": [ 349, 350, 351, 352, 353, 354, 355, 356, 357, 358, 359, 360, "0", "0", "0", "0", "0", "0", "0", "0", "0", "0", "0" ],
          "attributes": {
            "src": "designs/23/top.sv:14.23-14.83"
          }
        },
        "$or$designs/23/top.sv:24$36_Y": {
          "hide_name": 1,
          "bits": [ 211, 212, 213, 214 ],
          "attributes": {
            "src": "designs/23/top.sv:24.41-24.62"
          }
        },
        "$sub$designs/23/top.sv:16$4_Y": {
          "hide_name": 1,
          "bits": [ 31, 32, 513, 514, 515, 516, 517, 518, 519, 520, 521, 522, 523, 524, 525, 526, 527, 528, 529, 530, 531, 532, 533, 534, 534, 534 ],
          "attributes": {
            "src": "designs/23/top.sv:16.29-16.53",
            "unused_bits": "2 3 4 5 6 7 8 9 10 11 12 13 14 15 16 17 18 19 20 21 22 23 24 25"
          }
        },
        "$sub$designs/23/top.sv:18$11_Y": {
          "hide_name": 1,
          "bits": [ 230, 231, 232, 233, 234, 235, 236, 237, 238, 239, 240, 241, 242, 243, 244, 245, 246, 247, 248, 249, 250, 251, 252 ],
          "attributes": {
            "src": "designs/23/top.sv:18.31-18.110"
          }
        },
        "$sub$designs/23/top.sv:19$13_Y": {
          "hide_name": 1,
          "bits": [ 253, 254, 255, 256, 257, 258, 259, 260, 261, 262, 263, 264 ],
          "attributes": {
            "src": "designs/23/top.sv:19.34-19.62"
          }
        },
        "$sub$designs/23/top.sv:21$28_Y": {
          "hide_name": 1,
          "bits": [ 383, 384, 385, 386, 387, 388, 389, 390, 391, 392, 393, 535, 536, 537, 538, 539, 540, 541, 542, 543, 544, 545, 546, 547, 548, 549, 550, 551, 552, 553 ],
          "attributes": {
            "src": "designs/23/top.sv:21.33-21.123",
            "unused_bits": "11 12 13 14 15 16 17 18 19 20 21 22 23 24 25 26 27 28 29"
          }
        },
        "input_data": {
          "hide_name": 0,
          "bits": [ 2, 3, 4, 5, 6, 7, 8, 9, 10, 11, 12, 13 ],
          "attributes": {
            "src": "designs/23/top.sv:2.18-2.28"
          }
        },
        "output_data": {
          "hide_name": 0,
          "bits": [ 14, 15, 16, 17, 18, 19, 20, 21, 22, 23, 24, 25, 26, 27, 28, 29, 30 ],
          "attributes": {
            "src": "designs/23/top.sv:3.19-3.30"
          }
        },
        "temp_0": {
          "hide_name": 0,
          "bits": [ 140, 141, 144, 145, 146, 147, 148, 149, 150, 151, 152, 153, 229, 229, 229, 229, 229, 229, 229, 229, 229, 229, 229 ],
          "attributes": {
            "src": "designs/23/top.sv:6.18-6.24"
          }
        },
        "temp_1": {
          "hide_name": 0,
          "bits": [ 114, 115 ],
          "attributes": {
            "src": "designs/23/top.sv:7.17-7.23"
          }
        },
        "temp_2": {
          "hide_name": 0,
          "bits": [ 59, "0", "0", "0", "0", "0", "0", "0", "0", "0", "0", "0", "0", "0", "0", "0", "0", "0", "0", "0", "0", "0", "0", "0", "0", "0", "0", "0", "0", "0" ],
          "attributes": {
            "src": "designs/23/top.sv:8.18-8.24"
          }
        },
        "temp_3": {
          "hide_name": 0,
          "bits": [ 168, 169, 189, 190, 191, 192, 193, 194, 195, 196, 197, 198, "0", "0", "0", "0" ],
          "attributes": {
            "src": "designs/23/top.sv:9.18-9.24"
          }
        },
        "temp_4": {
          "hide_name": 0,
          "bits": [ 328, 329, 330, 331 ],
          "attributes": {
            "src": "designs/23/top.sv:10.17-10.23"
          }
        },
        "temp_5": {
          "hide_name": 0,
          "bits": [ 127, 128, 129, 130, 131, 132, 133, 134, 135, 136, 137 ],
          "attributes": {
            "src": "designs/23/top.sv:11.18-11.24",
            "unused_bits": "0 1 2 3 4 5 6"
          }
        }
      }
    }
  }
}
