{
  "creator": "Yosys 0.60 (git sha1 5bafeb77dc71e054fa331ab9efa613e6fb0a1c49, clang++ 17.0.0 -fPIC -O3)",
  "modules": {
    "top": {
      "attributes": {
        "top": "00000000000000000000000000000001",
        "src": "designs/71/top.sv:1.1-44.10"
      },
      "ports": {
        "input_data": {
          "direction": "input",
          "bits": [ 2, 3, 4, 5 ]
        },
        "output_data": {
          "direction": "output",
          "bits": [ 6, 7, 8, 9, 10, 11, 12, 13, 14, 15 ]
        }
      },
      "cells": {
        "$add$designs/71/top.sv:22$5": {
          "hide_name": 1,
          "type": "$add",
          "parameters": {
            "A_SIGNED": "00000000000000000000000000000000",
            "A_WIDTH": "00000000000000000000000000000100",
            "B_SIGNED": "00000000000000000000000000000000",
            "B_WIDTH": "00000000000000000000000000000100",
            "Y_WIDTH": "00000000000000000000000000000101"
          },
          "attributes": {
            "src": "designs/71/top.sv:22.45-22.127"
          },
          "port_directions": {
            "A": "input",
            "B": "input",
            "Y": "output"
          },
          "connections": {
            "A": [ 16, 17, 18, 19 ],
            "B": [ 2, 3, 4, 5 ],
            "Y": [ 20, 21, 22, 23, 24 ]
          }
        },
        "$add$designs/71/top.sv:23$21": {
          "hide_name": 1,
          "type": "$add",
          "parameters": {
            "A_SIGNED": "00000000000000000000000000000000",
            "A_WIDTH": "00000000000000000000000000000100",
            "B_SIGNED": "00000000000000000000000000000000",
            "B_WIDTH": "00000000000000000000000000000100",
            "Y_WIDTH": "00000000000000000000000000000100"
          },
          "attributes": {
            "src": "designs/71/top.sv:23.22-23.179"
          },
          "port_directions": {
            "A": "input",
            "B": "input",
            "Y": "output"
          },
          "connections": {
            "A": [ 25, 26, 27, 28 ],
            "B": [ 2, 3, 4, 5 ],
            "Y": [ 29, 30, 31, 32 ]
          }
        },
        "$add$designs/71/top.sv:24$29": {
          "hide_name": 1,
          "type": "$add",
          "parameters": {
            "A_SIGNED": "00000000000000000000000000000000",
            "A_WIDTH": "00000000000000000000000000000101",
            "B_SIGNED": "00000000000000000000000000000000",
            "B_WIDTH": "00000000000000000000000000000100",
            "Y_WIDTH": "00000000000000000000000000000101"
          },
          "attributes": {
            "src": "designs/71/top.sv:24.23-24.110"
          },
          "port_directions": {
            "A": "input",
            "B": "input",
            "Y": "output"
          },
          "connections": {
            "A": [ 33, 34, 35, 36, 37 ],
            "B": [ 2, 3, 4, 5 ],
            "Y": [ 38, 39, 40, 41, 42 ]
          }
        },
        "$add$designs/71/top.sv:28$42": {
          "hide_name": 1,
          "type": "$add",
          "parameters": {
            "A_SIGNED": "00000000000000000000000000000000",
            "A_WIDTH": "00000000000000000000000000011000",
            "B_SIGNED": "00000000000000000000000000000000",
            "B_WIDTH": "00000000000000000000000000011000",
            "Y_WIDTH": "00000000000000000000000000011000"
          },
          "attributes": {
            "src": "designs/71/top.sv:28.22-28.143"
          },
          "port_directions": {
            "A": "input",
            "B": "input",
            "Y": "output"
          },
          "connections": {
            "A": [ "1", "1", "1", "1", "1", "1", "1", "1", "1", "1", "1", "1", "1", "1", "1", "1", "1", "1", "1", "1", "1", "1", "1", "1" ],
            "B": [ 43, 26, 27, 44, 45, 46, 47, 48, 49, 50, 51, 52, 53, 54, 55, 56, 57, 58, 59, 60, 61, 62, 63, 64 ],
            "Y": [ 65, 66, 67, 68, 69, 70, 71, 72, 73, 74, 75, 76, 77, 78, 79, 80, 81, 82, 83, 84, 85, 86, 87, 88 ]
          }
        },
        "$add$designs/71/top.sv:30$44": {
          "hide_name": 1,
          "type": "$add",
          "parameters": {
            "A_SIGNED": "00000000000000000000000000000000",
            "A_WIDTH": "00000000000000000000000000001000",
            "B_SIGNED": "00000000000000000000000000000000",
            "B_WIDTH": "00000000000000000000000000000011",
            "Y_WIDTH": "00000000000000000000000000001000"
          },
          "attributes": {
            "src": "designs/71/top.sv:30.42-30.77"
          },
          "port_directions": {
            "A": "input",
            "B": "input",
            "Y": "output"
          },
          "connections": {
            "A": [ 89, 90, 91, 92, 93, 94, 95, 96 ],
            "B": [ 97, 98, 99 ],
            "Y": [ 100, 101, 102, 103, 104, 105, 106, 107 ]
          }
        },
        "$add$designs/71/top.sv:32$52": {
          "hide_name": 1,
          "type": "$add",
          "parameters": {
            "A_SIGNED": "00000000000000000000000000000000",
            "A_WIDTH": "00000000000000000000000000011000",
            "B_SIGNED": "00000000000000000000000000000000",
            "B_WIDTH": "00000000000000000000000000000010",
            "Y_WIDTH": "00000000000000000000000000011000"
          },
          "attributes": {
            "src": "designs/71/top.sv:32.49-32.108"
          },
          "port_directions": {
            "A": "input",
            "B": "input",
            "Y": "output"
          },
          "connections": {
            "A": [ 108, 109, 110, 111, "0", "0", "0", "0", "0", "0", "0", "0", "0", "0", "0", "0", "0", "0", "0", "0", "0", "0", "0", "0" ],
            "B": [ 29, 30 ],
            "Y": [ 112, 113, 114, 115, 116, 117, 118, 119, 120, 121, 122, 123, 124, 125, 126, 127, 128, 129, 130, 131, 132, 133, 134, 135 ]
          }
        },
        "$add$designs/71/top.sv:32$58": {
          "hide_name": 1,
          "type": "$add",
          "parameters": {
            "A_SIGNED": "00000000000000000000000000000000",
            "A_WIDTH": "00000000000000000000000000001110",
            "B_SIGNED": "00000000000000000000000000000000",
            "B_WIDTH": "00000000000000000000000000000100",
            "Y_WIDTH": "00000000000000000000000000001110"
          },
          "attributes": {
            "src": "designs/71/top.sv:32.45-32.160"
          },
          "port_directions": {
            "A": "input",
            "B": "input",
            "Y": "output"
          },
          "connections": {
            "A": [ 136, 137, 138, 139, 140, 141, 142, 143, 144, 145, 146, 147, 148, 149 ],
            "B": [ 2, 3, 4, 5 ],
            "Y": [ 150, 151, 152, 153, 154, 155, 156, 157, 158, 159, 160, 161, 162, 163 ]
          }
        },
        "$add$designs/71/top.sv:34$74": {
          "hide_name": 1,
          "type": "$add",
          "parameters": {
            "A_SIGNED": "00000000000000000000000000000000",
            "A_WIDTH": "00000000000000000000000000000110",
            "B_SIGNED": "00000000000000000000000000000000",
            "B_WIDTH": "00000000000000000000000000000001",
            "Y_WIDTH": "00000000000000000000000000000110"
          },
          "attributes": {
            "src": "designs/71/top.sv:34.22-34.99"
          },
          "port_directions": {
            "A": "input",
            "B": "input",
            "Y": "output"
          },
          "connections": {
            "A": [ 164, 165, 166, 167, 168, 169 ],
            "B": [ 32 ],
            "Y": [ 170, 171, 172, 173, 174, 175 ]
          }
        },
        "$and$designs/71/top.sv:23$13": {
          "hide_name": 1,
          "type": "$and",
          "parameters": {
            "A_SIGNED": "00000000000000000000000000000000",
            "A_WIDTH": "00000000000000000000000000000100",
            "B_SIGNED": "00000000000000000000000000000000",
            "B_WIDTH": "00000000000000000000000000000100",
            "Y_WIDTH": "00000000000000000000000000000100"
          },
          "attributes": {
            "src": "designs/71/top.sv:23.37-23.90"
          },
          "port_directions": {
            "A": "input",
            "B": "input",
            "Y": "output"
          },
          "connections": {
            "A": [ 43, 26, 27, 44 ],
            "B": [ 43, 26, 27, 44 ],
            "Y": [ 176, 177, 178, 179 ]
          }
        },
        "$and$designs/71/top.sv:30$47": {
          "hide_name": 1,
          "type": "$and",
          "parameters": {
            "A_SIGNED": "00000000000000000000000000000000",
            "A_WIDTH": "00000000000000000000000000000100",
            "B_SIGNED": "00000000000000000000000000000000",
            "B_WIDTH": "00000000000000000000000000000100",
            "Y_WIDTH": "00000000000000000000000000000100"
          },
          "attributes": {
            "src": "designs/71/top.sv:30.39-30.111"
          },
          "port_directions": {
            "A": "input",
            "B": "input",
            "Y": "output"
          },
          "connections": {
            "A": [ 180, 181, 182, 183 ],
            "B": [ 29, 30, 31, 32 ],
            "Y": [ 184, 185, 186, 187 ]
          }
        },
        "$and$designs/71/top.sv:30$49": {
          "hide_name": 1,
          "type": "$and",
          "parameters": {
            "A_SIGNED": "00000000000000000000000000000000",
            "A_WIDTH": "00000000000000000000000000000100",
            "B_SIGNED": "00000000000000000000000000000000",
            "B_WIDTH": "00000000000000000000000000000100",
            "Y_WIDTH": "00000000000000000000000000000100"
          },
          "attributes": {
            "src": "designs/71/top.sv:30.27-30.139"
          },
          "port_directions": {
            "A": "input",
            "B": "input",
            "Y": "output"
          },
          "connections": {
            "A": [ 188, 189, 190, 191 ],
            "B": [ 65, 66, 67, 68 ],
            "Y": [ 192, 193, 194, 195 ]
          }
        },
        "$and$designs/71/top.sv:34$73": {
          "hide_name": 1,
          "type": "$and",
          "parameters": {
            "A_SIGNED": "00000000000000000000000000000000",
            "A_WIDTH": "00000000000000000000000000000110",
            "B_SIGNED": "00000000000000000000000000000000",
            "B_WIDTH": "00000000000000000000000000000110",
            "Y_WIDTH": "00000000000000000000000000000110"
          },
          "attributes": {
            "src": "designs/71/top.sv:34.23-34.84"
          },
          "port_directions": {
            "A": "input",
            "B": "input",
            "Y": "output"
          },
          "connections": {
            "A": [ 196, 197, 198, 199, 200, 201 ],
            "B": [ 202, 203, 204, 205, 206, 207 ],
            "Y": [ 164, 165, 166, 167, 168, 169 ]
          }
        },
        "$auto$opt_expr.cc:250:group_cell_inputs$223": {
          "hide_name": 1,
          "type": "$not",
          "parameters": {
            "A_SIGNED": "00000000000000000000000000000000",
            "A_WIDTH": "00000000000000000000000000000001",
            "Y_WIDTH": "00000000000000000000000000000001"
          },
          "attributes": {
          },
          "port_directions": {
            "A": "input",
            "Y": "output"
          },
          "connections": {
            "A": [ 208 ],
            "Y": [ 37 ]
          }
        },
        "$auto$opt_expr.cc:250:group_cell_inputs$254": {
          "hide_name": 1,
          "type": "$not",
          "parameters": {
            "A_SIGNED": "00000000000000000000000000000000",
            "A_WIDTH": "00000000000000000000000000000001",
            "Y_WIDTH": "00000000000000000000000000000001"
          },
          "attributes": {
          },
          "port_directions": {
            "A": "input",
            "Y": "output"
          },
          "connections": {
            "A": [ 209 ],
            "Y": [ 198 ]
          }
        },
        "$auto$opt_expr.cc:250:group_cell_inputs$256": {
          "hide_name": 1,
          "type": "$not",
          "parameters": {
            "A_SIGNED": "00000000000000000000000000000000",
            "A_WIDTH": "00000000000000000000000000000001",
            "Y_WIDTH": "00000000000000000000000000000001"
          },
          "attributes": {
          },
          "port_directions": {
            "A": "input",
            "Y": "output"
          },
          "connections": {
            "A": [ 210 ],
            "Y": [ 199 ]
          }
        },
        "$auto$opt_expr.cc:250:group_cell_inputs$258": {
          "hide_name": 1,
          "type": "$not",
          "parameters": {
            "A_SIGNED": "00000000000000000000000000000000",
            "A_WIDTH": "00000000000000000000000000000001",
            "Y_WIDTH": "00000000000000000000000000000001"
          },
          "attributes": {
          },
          "port_directions": {
            "A": "input",
            "Y": "output"
          },
          "connections": {
            "A": [ 211 ],
            "Y": [ 200 ]
          }
        },
        "$auto$opt_expr.cc:250:group_cell_inputs$260": {
          "hide_name": 1,
          "type": "$not",
          "parameters": {
            "A_SIGNED": "00000000000000000000000000000000",
            "A_WIDTH": "00000000000000000000000000000001",
            "Y_WIDTH": "00000000000000000000000000000001"
          },
          "attributes": {
          },
          "port_directions": {
            "A": "input",
            "Y": "output"
          },
          "connections": {
            "A": [ 212 ],
            "Y": [ 201 ]
          }
        },
        "$auto$opt_expr.cc:276:group_cell_inputs$116": {
          "hide_name": 1,
          "type": "$and",
          "parameters": {
            "A_SIGNED": "00000000000000000000000000000000",
            "A_WIDTH": "00000000000000000000000000000100",
            "B_SIGNED": "00000000000000000000000000000000",
            "B_WIDTH": "00000000000000000000000000000100",
            "Y_WIDTH": "00000000000000000000000000000100"
          },
          "attributes": {
          },
          "port_directions": {
            "A": "input",
            "B": "input",
            "Y": "output"
          },
          "connections": {
            "A": [ 20, 21, 22, 23 ],
            "B": [ 2, 3, 4, 5 ],
            "Y": [ 213, 214, 215, 216 ]
          }
        },
        "$auto$opt_expr.cc:276:group_cell_inputs$120": {
          "hide_name": 1,
          "type": "$and",
          "parameters": {
            "A_SIGNED": "00000000000000000000000000000000",
            "A_WIDTH": "00000000000000000000000000000100",
            "B_SIGNED": "00000000000000000000000000000000",
            "B_WIDTH": "00000000000000000000000000000100",
            "Y_WIDTH": "00000000000000000000000000000100"
          },
          "attributes": {
          },
          "port_directions": {
            "A": "input",
            "B": "input",
            "Y": "output"
          },
          "connections": {
            "A": [ 213, 214, 215, 216 ],
            "B": [ 2, 3, 4, 5 ],
            "Y": [ 217, 218, 219, 220 ]
          }
        },
        "$auto$opt_expr.cc:276:group_cell_inputs$127": {
          "hide_name": 1,
          "type": "$or",
          "parameters": {
            "A_SIGNED": "00000000000000000000000000000000",
            "A_WIDTH": "00000000000000000000000000000010",
            "B_SIGNED": "00000000000000000000000000000000",
            "B_WIDTH": "00000000000000000000000000000010",
            "Y_WIDTH": "00000000000000000000000000000010"
          },
          "attributes": {
          },
          "port_directions": {
            "A": "input",
            "B": "input",
            "Y": "output"
          },
          "connections": {
            "A": [ 221, 222 ],
            "B": [ 43, 44 ],
            "Y": [ 25, 28 ]
          }
        },
        "$auto$opt_expr.cc:276:group_cell_inputs$134": {
          "hide_name": 1,
          "type": "$not",
          "parameters": {
            "A_SIGNED": "00000000000000000000000000000000",
            "A_WIDTH": "00000000000000000000000000000100",
            "Y_WIDTH": "00000000000000000000000000000100"
          },
          "attributes": {
          },
          "port_directions": {
            "A": "input",
            "Y": "output"
          },
          "connections": {
            "A": [ 2, 3, 4, 5 ],
            "Y": [ 223, 224, 225, 226 ]
          }
        },
        "$auto$opt_expr.cc:276:group_cell_inputs$138": {
          "hide_name": 1,
          "type": "$and",
          "parameters": {
            "A_SIGNED": "00000000000000000000000000000000",
            "A_WIDTH": "00000000000000000000000000000100",
            "B_SIGNED": "00000000000000000000000000000000",
            "B_WIDTH": "00000000000000000000000000000100",
            "Y_WIDTH": "00000000000000000000000000000100"
          },
          "attributes": {
          },
          "port_directions": {
            "A": "input",
            "B": "input",
            "Y": "output"
          },
          "connections": {
            "A": [ 38, 39, 40, 41 ],
            "B": [ 2, 3, 4, 5 ],
            "Y": [ 97, 98, 99, 227 ]
          }
        },
        "$auto$opt_expr.cc:276:group_cell_inputs$144": {
          "hide_name": 1,
          "type": "$and",
          "parameters": {
            "A_SIGNED": "00000000000000000000000000000000",
            "A_WIDTH": "00000000000000000000000000000100",
            "B_SIGNED": "00000000000000000000000000000000",
            "B_WIDTH": "00000000000000000000000000000100",
            "Y_WIDTH": "00000000000000000000000000000100"
          },
          "attributes": {
          },
          "port_directions": {
            "A": "input",
            "B": "input",
            "Y": "output"
          },
          "connections": {
            "A": [ 228, 97, 98, 99 ],
            "B": [ 5, 2, 3, 4 ],
            "Y": [ 229, 230, 231, 232 ]
          }
        },
        "$auto$opt_expr.cc:276:group_cell_inputs$157": {
          "hide_name": 1,
          "type": "$and",
          "parameters": {
            "A_SIGNED": "00000000000000000000000000000000",
            "A_WIDTH": "00000000000000000000000000000100",
            "B_SIGNED": "00000000000000000000000000000000",
            "B_WIDTH": "00000000000000000000000000000100",
            "Y_WIDTH": "00000000000000000000000000000100"
          },
          "attributes": {
          },
          "port_directions": {
            "A": "input",
            "B": "input",
            "Y": "output"
          },
          "connections": {
            "A": [ 2, 3, 4, 5 ],
            "B": [ 65, 66, 67, 68 ],
            "Y": [ 233, 234, 235, 236 ]
          }
        },
        "$auto$opt_expr.cc:276:group_cell_inputs$161": {
          "hide_name": 1,
          "type": "$and",
          "parameters": {
            "A_SIGNED": "00000000000000000000000000000000",
            "A_WIDTH": "00000000000000000000000000000100",
            "B_SIGNED": "00000000000000000000000000000000",
            "B_WIDTH": "00000000000000000000000000000100",
            "Y_WIDTH": "00000000000000000000000000000100"
          },
          "attributes": {
          },
          "port_directions": {
            "A": "input",
            "B": "input",
            "Y": "output"
          },
          "connections": {
            "A": [ 233, 234, 235, 236 ],
            "B": [ 2, 3, 4, 5 ],
            "Y": [ 108, 109, 110, 111 ]
          }
        },
        "$auto$opt_expr.cc:276:group_cell_inputs$168": {
          "hide_name": 1,
          "type": "$not",
          "parameters": {
            "A_SIGNED": "00000000000000000000000000000000",
            "A_WIDTH": "00000000000000000000000000000100",
            "Y_WIDTH": "00000000000000000000000000000100"
          },
          "attributes": {
          },
          "port_directions": {
            "A": "input",
            "Y": "output"
          },
          "connections": {
            "A": [ 29, 30, 31, 32 ],
            "Y": [ 237, 238, 239, 240 ]
          }
        },
        "$auto$opt_expr.cc:276:group_cell_inputs$172": {
          "hide_name": 1,
          "type": "$and",
          "parameters": {
            "A_SIGNED": "00000000000000000000000000000000",
            "A_WIDTH": "00000000000000000000000000000100",
            "B_SIGNED": "00000000000000000000000000000000",
            "B_WIDTH": "00000000000000000000000000000100",
            "Y_WIDTH": "00000000000000000000000000000100"
          },
          "attributes": {
          },
          "port_directions": {
            "A": "input",
            "B": "input",
            "Y": "output"
          },
          "connections": {
            "A": [ 150, 151, 152, 153 ],
            "B": [ 192, 193, 194, 195 ],
            "Y": [ 241, 242, 243, 244 ]
          }
        },
        "$auto$opt_expr.cc:276:group_cell_inputs$176": {
          "hide_name": 1,
          "type": "$or",
          "parameters": {
            "A_SIGNED": "00000000000000000000000000000000",
            "A_WIDTH": "00000000000000000000000000000100",
            "B_SIGNED": "00000000000000000000000000000000",
            "B_WIDTH": "00000000000000000000000000000100",
            "Y_WIDTH": "00000000000000000000000000000100"
          },
          "attributes": {
          },
          "port_directions": {
            "A": "input",
            "B": "input",
            "Y": "output"
          },
          "connections": {
            "A": [ 241, 242, 243, 244 ],
            "B": [ 29, 30, 31, 32 ],
            "Y": [ 245, 246, 247, 248 ]
          }
        },
        "$auto$opt_expr.cc:276:group_cell_inputs$182": {
          "hide_name": 1,
          "type": "$or",
          "parameters": {
            "A_SIGNED": "00000000000000000000000000000000",
            "A_WIDTH": "00000000000000000000000000000011",
            "B_SIGNED": "00000000000000000000000000000000",
            "B_WIDTH": "00000000000000000000000000000011",
            "Y_WIDTH": "00000000000000000000000000000011"
          },
          "attributes": {
          },
          "port_directions": {
            "A": "input",
            "B": "input",
            "Y": "output"
          },
          "connections": {
            "A": [ 249, 250, 251 ],
            "B": [ 97, 98, 99 ],
            "Y": [ 252, 253, 254 ]
          }
        },
        "$auto$opt_expr.cc:276:group_cell_inputs$185": {
          "hide_name": 1,
          "type": "$not",
          "parameters": {
            "A_SIGNED": "00000000000000000000000000000000",
            "A_WIDTH": "00000000000000000000000000000010",
            "Y_WIDTH": "00000000000000000000000000000010"
          },
          "attributes": {
          },
          "port_directions": {
            "A": "input",
            "Y": "output"
          },
          "connections": {
            "A": [ 255, 256 ],
            "Y": [ 257, 258 ]
          }
        },
        "$auto$opt_expr.cc:276:group_cell_inputs$192": {
          "hide_name": 1,
          "type": "$or",
          "parameters": {
            "A_SIGNED": "00000000000000000000000000000000",
            "A_WIDTH": "00000000000000000000000000000010",
            "B_SIGNED": "00000000000000000000000000000000",
            "B_WIDTH": "00000000000000000000000000000010",
            "Y_WIDTH": "00000000000000000000000000000010"
          },
          "attributes": {
          },
          "port_directions": {
            "A": "input",
            "B": "input",
            "Y": "output"
          },
          "connections": {
            "A": [ 170, 171 ],
            "B": [ 255, 256 ],
            "Y": [ 259, 260 ]
          }
        },
        "$auto$opt_expr.cc:276:group_cell_inputs$212": {
          "hide_name": 1,
          "type": "$xor",
          "parameters": {
            "A_SIGNED": "00000000000000000000000000000000",
            "A_WIDTH": "00000000000000000000000000001101",
            "B_SIGNED": "00000000000000000000000000000000",
            "B_WIDTH": "00000000000000000000000000001101",
            "Y_WIDTH": "00000000000000000000000000001101"
          },
          "attributes": {
          },
          "port_directions": {
            "A": "input",
            "B": "input",
            "Y": "output"
          },
          "connections": {
            "A": [ 261, 262, 263, 264, 265, 266, 267, 268, 269, 270, 271, 272, 273 ],
            "B": [ 54, 55, 56, 57, 58, 59, 60, 61, 62, 63, 64, 274, 275 ],
            "Y": [ 276, 277, 278, 279, 280, 281, 282, 283, 284, 285, 286, 287, 288 ]
          }
        },
        "$auto$opt_expr.cc:276:group_cell_inputs$215": {
          "hide_name": 1,
          "type": "$and",
          "parameters": {
            "A_SIGNED": "00000000000000000000000000000000",
            "A_WIDTH": "00000000000000000000000000011000",
            "B_SIGNED": "00000000000000000000000000000000",
            "B_WIDTH": "00000000000000000000000000011000",
            "Y_WIDTH": "00000000000000000000000000011000"
          },
          "attributes": {
          },
          "port_directions": {
            "A": "input",
            "B": "input",
            "Y": "output"
          },
          "connections": {
            "A": [ 276, 277, 278, 279, 280, 281, 282, 283, 284, 285, 286, 287, 288, 289, 290, 291, 292, 293, 294, 295, 296, 297, 298, 299 ],
            "B": [ 43, 26, 27, 44, 45, 46, 47, 48, 49, 50, 51, 52, 53, 54, 55, 56, 57, 58, 59, 60, 61, 62, 63, 64 ],
            "Y": [ 300, 301, 302, 303, 304, 305, 306, 307, 308, 309, 310, 311, 312, 313, 314, 315, 316, 317, 318, 319, 320, 321, 322, 323 ]
          }
        },
        "$auto$opt_expr.cc:276:group_cell_inputs$221": {
          "hide_name": 1,
          "type": "$xor",
          "parameters": {
            "A_SIGNED": "00000000000000000000000000000000",
            "A_WIDTH": "00000000000000000000000000000100",
            "B_SIGNED": "00000000000000000000000000000000",
            "B_WIDTH": "00000000000000000000000000000100",
            "Y_WIDTH": "00000000000000000000000000000100"
          },
          "attributes": {
          },
          "port_directions": {
            "A": "input",
            "B": "input",
            "Y": "output"
          },
          "connections": {
            "A": [ 324, 325, 326, 327 ],
            "B": [ 223, 224, 225, 226 ],
            "Y": [ 33, 34, 35, 36 ]
          }
        },
        "$auto$opt_expr.cc:276:group_cell_inputs$226": {
          "hide_name": 1,
          "type": "$not",
          "parameters": {
            "A_SIGNED": "00000000000000000000000000000000",
            "A_WIDTH": "00000000000000000000000000000001",
            "Y_WIDTH": "00000000000000000000000000000001"
          },
          "attributes": {
          },
          "port_directions": {
            "A": "input",
            "Y": "output"
          },
          "connections": {
            "A": [ 227 ],
            "Y": [ 228 ]
          }
        },
        "$auto$opt_expr.cc:276:group_cell_inputs$230": {
          "hide_name": 1,
          "type": "$and",
          "parameters": {
            "A_SIGNED": "00000000000000000000000000000000",
            "A_WIDTH": "00000000000000000000000000000100",
            "B_SIGNED": "00000000000000000000000000000000",
            "B_WIDTH": "00000000000000000000000000000100",
            "Y_WIDTH": "00000000000000000000000000000100"
          },
          "attributes": {
          },
          "port_directions": {
            "A": "input",
            "B": "input",
            "Y": "output"
          },
          "connections": {
            "A": [ 229, 230, 231, 232 ],
            "B": [ 44, 43, 26, 27 ],
            "Y": [ 328, 255, 256, 329 ]
          }
        },
        "$auto$opt_expr.cc:276:group_cell_inputs$238": {
          "hide_name": 1,
          "type": "$or",
          "parameters": {
            "A_SIGNED": "00000000000000000000000000000000",
            "A_WIDTH": "00000000000000000000000000000010",
            "B_SIGNED": "00000000000000000000000000000000",
            "B_WIDTH": "00000000000000000000000000000010",
            "Y_WIDTH": "00000000000000000000000000000010"
          },
          "attributes": {
          },
          "port_directions": {
            "A": "input",
            "B": "input",
            "Y": "output"
          },
          "connections": {
            "A": [ 112, 113 ],
            "B": [ 99, 227 ],
            "Y": [ 330, 331 ]
          }
        },
        "$auto$opt_expr.cc:276:group_cell_inputs$241": {
          "hide_name": 1,
          "type": "$and",
          "parameters": {
            "A_SIGNED": "00000000000000000000000000000000",
            "A_WIDTH": "00000000000000000000000000000100",
            "B_SIGNED": "00000000000000000000000000000000",
            "B_WIDTH": "00000000000000000000000000000100",
            "Y_WIDTH": "00000000000000000000000000000100"
          },
          "attributes": {
          },
          "port_directions": {
            "A": "input",
            "B": "input",
            "Y": "output"
          },
          "connections": {
            "A": [ 332, 333, 334, 335 ],
            "B": [ 237, 238, 239, 240 ],
            "Y": [ 136, 137, 138, 139 ]
          }
        },
        "$auto$opt_expr.cc:276:group_cell_inputs$244": {
          "hide_name": 1,
          "type": "$xor",
          "parameters": {
            "A_SIGNED": "00000000000000000000000000000000",
            "A_WIDTH": "00000000000000000000000000000100",
            "B_SIGNED": "00000000000000000000000000000000",
            "B_WIDTH": "00000000000000000000000000000100",
            "Y_WIDTH": "00000000000000000000000000000100"
          },
          "attributes": {
          },
          "port_directions": {
            "A": "input",
            "B": "input",
            "Y": "output"
          },
          "connections": {
            "A": [ 245, 246, 247, 248 ],
            "B": [ 97, 98, 99, 227 ],
            "Y": [ 336, 337, 338, 339 ]
          }
        },
        "$auto$opt_expr.cc:276:group_cell_inputs$252": {
          "hide_name": 1,
          "type": "$xor",
          "parameters": {
            "A_SIGNED": "00000000000000000000000000000000",
            "A_WIDTH": "00000000000000000000000000000010",
            "B_SIGNED": "00000000000000000000000000000000",
            "B_WIDTH": "00000000000000000000000000000010",
            "Y_WIDTH": "00000000000000000000000000000010"
          },
          "attributes": {
          },
          "port_directions": {
            "A": "input",
            "B": "input",
            "Y": "output"
          },
          "connections": {
            "A": [ 340, 341 ],
            "B": [ 257, 258 ],
            "Y": [ 196, 197 ]
          }
        },
        "$auto$opt_expr.cc:276:group_cell_inputs$321": {
          "hide_name": 1,
          "type": "$and",
          "parameters": {
            "A_SIGNED": "00000000000000000000000000000000",
            "A_WIDTH": "00000000000000000000000000000100",
            "B_SIGNED": "00000000000000000000000000000000",
            "B_WIDTH": "00000000000000000000000000000100",
            "Y_WIDTH": "00000000000000000000000000000100"
          },
          "attributes": {
          },
          "port_directions": {
            "A": "input",
            "B": "input",
            "Y": "output"
          },
          "connections": {
            "A": [ 336, 337, 338, 339 ],
            "B": [ 43, 26, 27, 44 ],
            "Y": [ 249, 250, 251, 342 ]
          }
        },
        "$mul$designs/71/top.sv:22$9": {
          "hide_name": 1,
          "type": "$mul",
          "parameters": {
            "A_SIGNED": "00000000000000000000000000000000",
            "A_WIDTH": "00000000000000000000000000011010",
            "B_SIGNED": "00000000000000000000000000000000",
            "B_WIDTH": "00000000000000000000000000000100",
            "Y_WIDTH": "00000000000000000000000000011010"
          },
          "attributes": {
            "src": "designs/71/top.sv:22.33-22.186"
          },
          "port_directions": {
            "A": "input",
            "B": "input",
            "Y": "output"
          },
          "connections": {
            "A": [ 217, 218, 219, 220, "1", "1", "1", "0", "0", "0", "0", "0", "0", "0", "0", "0", "0", "1", "0", "1", "0", "0", "0", "0", "0", "0" ],
            "B": [ 2, 3, 4, 5 ],
            "Y": [ 343, 344, 345, 346, 347, 348, 349, 350, 351, 352, 353, 354, 355, 356, 357, 358, 359, 360, 361, 362, 363, 364, 365, 366, 367, 368 ]
          }
        },
        "$mul$designs/71/top.sv:24$24": {
          "hide_name": 1,
          "type": "$mul",
          "parameters": {
            "A_SIGNED": "00000000000000000000000000000000",
            "A_WIDTH": "00000000000000000000000000011010",
            "B_SIGNED": "00000000000000000000000000000000",
            "B_WIDTH": "00000000000000000000000000000100",
            "Y_WIDTH": "00000000000000000000000000011010"
          },
          "attributes": {
            "src": "designs/71/top.sv:24.26-24.65"
          },
          "port_directions": {
            "A": "input",
            "B": "input",
            "Y": "output"
          },
          "connections": {
            "A": [ "1", "0", "1", "0", "0", "0", "0", "0", "0", "0", "0", "0", "0", "0", "0", "0", "0", "0", "0", "0", "0", "0", "0", "0", "0", "0" ],
            "B": [ 2, 3, 4, 5 ],
            "Y": [ 369, 370, 371, 372, 373, 374, 375, 376, 377, 378, 379, 380, 381, 382, 383, 384, 385, 386, 387, 388, 389, 390, 391, 392, 393, 394 ]
          }
        },
        "$mul$designs/71/top.sv:24$25": {
          "hide_name": 1,
          "type": "$mul",
          "parameters": {
            "A_SIGNED": "00000000000000000000000000000000",
            "A_WIDTH": "00000000000000000000000000011010",
            "B_SIGNED": "00000000000000000000000000000000",
            "B_WIDTH": "00000000000000000000000000000100",
            "Y_WIDTH": "00000000000000000000000000000101"
          },
          "attributes": {
            "src": "designs/71/top.sv:24.25-24.79"
          },
          "port_directions": {
            "A": "input",
            "B": "input",
            "Y": "output"
          },
          "connections": {
            "A": [ 369, 370, 371, 372, 373, 374, 375, 376, 377, 378, 379, 380, 381, 382, 383, 384, 385, 386, 387, 388, 389, 390, 391, 392, 393, 394 ],
            "B": [ 2, 3, 4, 5 ],
            "Y": [ 324, 325, 326, 327, 208 ]
          }
        },
        "$mul$designs/71/top.sv:30$43": {
          "hide_name": 1,
          "type": "$mul",
          "parameters": {
            "A_SIGNED": "00000000000000000000000000000000",
            "A_WIDTH": "00000000000000000000000000000100",
            "B_SIGNED": "00000000000000000000000000000000",
            "B_WIDTH": "00000000000000000000000000000100",
            "Y_WIDTH": "00000000000000000000000000001000"
          },
          "attributes": {
            "src": "designs/71/top.sv:30.43-30.62"
          },
          "port_directions": {
            "A": "input",
            "B": "input",
            "Y": "output"
          },
          "connections": {
            "A": [ 29, 30, 31, 32 ],
            "B": [ 2, 3, 4, 5 ],
            "Y": [ 89, 90, 91, 92, 93, 94, 95, 96 ]
          }
        },
        "$mul$designs/71/top.sv:30$45": {
          "hide_name": 1,
          "type": "$mul",
          "parameters": {
            "A_SIGNED": "00000000000000000000000000000000",
            "A_WIDTH": "00000000000000000000000000001000",
            "B_SIGNED": "00000000000000000000000000000000",
            "B_WIDTH": "00000000000000000000000000000100",
            "Y_WIDTH": "00000000000000000000000000001000"
          },
          "attributes": {
            "src": "designs/71/top.sv:30.41-30.91"
          },
          "port_directions": {
            "A": "input",
            "B": "input",
            "Y": "output"
          },
          "connections": {
            "A": [ 100, 101, 102, 103, 104, 105, 106, 107 ],
            "B": [ 2, 3, 4, 5 ],
            "Y": [ 395, 396, 397, 398, 399, 400, 401, 402 ]
          }
        },
        "$mul$designs/71/top.sv:30$46": {
          "hide_name": 1,
          "type": "$mul",
          "parameters": {
            "A_SIGNED": "00000000000000000000000000000000",
            "A_WIDTH": "00000000000000000000000000001000",
            "B_SIGNED": "00000000000000000000000000000000",
            "B_WIDTH": "00000000000000000000000000000100",
            "Y_WIDTH": "00000000000000000000000000000100"
          },
          "attributes": {
            "src": "designs/71/top.sv:30.40-30.101"
          },
          "port_directions": {
            "A": "input",
            "B": "input",
            "Y": "output"
          },
          "connections": {
            "A": [ 395, 396, 397, 398, 399, 400, 401, 402 ],
            "B": [ 29, 30, 31, 32 ],
            "Y": [ 180, 181, 182, 183 ]
          }
        },
        "$mul$designs/71/top.sv:32$54": {
          "hide_name": 1,
          "type": "$mul",
          "parameters": {
            "A_SIGNED": "00000000000000000000000000000000",
            "A_WIDTH": "00000000000000000000000000011000",
            "B_SIGNED": "00000000000000000000000000000000",
            "B_WIDTH": "00000000000000000000000000000100",
            "Y_WIDTH": "00000000000000000000000000001110"
          },
          "attributes": {
            "src": "designs/71/top.sv:32.47-32.133"
          },
          "port_directions": {
            "A": "input",
            "B": "input",
            "Y": "output"
          },
          "connections": {
            "A": [ 330, 331, 114, 115, 116, 117, 118, 119, 120, 121, 122, 123, 124, 125, 126, 127, 128, 129, 130, 131, 132, 133, 134, 135 ],
            "B": [ 29, 30, 31, 32 ],
            "Y": [ 332, 333, 334, 335, 140, 141, 142, 143, 144, 145, 146, 147, 148, 149 ]
          }
        },
        "$mul$designs/71/top.sv:42$105": {
          "hide_name": 1,
          "type": "$mul",
          "parameters": {
            "A_SIGNED": "00000000000000000000000000000000",
            "A_WIDTH": "00000000000000000000000000011000",
            "B_SIGNED": "00000000000000000000000000000000",
            "B_WIDTH": "00000000000000000000000000000100",
            "Y_WIDTH": "00000000000000000000000000011000"
          },
          "attributes": {
            "src": "designs/71/top.sv:42.49-42.90"
          },
          "port_directions": {
            "A": "input",
            "B": "input",
            "Y": "output"
          },
          "connections": {
            "A": [ 403, 404, 405, 406, 407, 408, 409, 410, 411, 412, 413, 414, 415, 416, 417, 418, 419, 420, 421, 422, 423, 424, 425, 426 ],
            "B": [ 29, 30, 31, 32 ],
            "Y": [ 261, 262, 263, 264, 265, 266, 267, 268, 269, 270, 271, 272, 273, 289, 290, 291, 292, 293, 294, 295, 296, 297, 298, 299 ]
          }
        },
        "$mul$designs/71/top.sv:42$108": {
          "hide_name": 1,
          "type": "$mul",
          "parameters": {
            "A_SIGNED": "00000000000000000000000000000000",
            "A_WIDTH": "00000000000000000000000000011010",
            "B_SIGNED": "00000000000000000000000000000000",
            "B_WIDTH": "00000000000000000000000000000010",
            "Y_WIDTH": "00000000000000000000000000001010"
          },
          "attributes": {
            "src": "designs/71/top.sv:42.38-42.134"
          },
          "port_directions": {
            "A": "input",
            "B": "input",
            "Y": "output"
          },
          "connections": {
            "A": [ 300, 301, 302, 303, 304, 305, 306, 307, 308, 309, 310, 311, 312, 313, 314, 315, 316, 317, 318, 319, 320, 321, 322, 323, "0", "0" ],
            "B": [ 427, 428 ],
            "Y": [ 429, 430, 431, 432, 433, 434, 435, 436, 437, 438 ]
          }
        },
        "$not$designs/71/top.sv:23$14": {
          "hide_name": 1,
          "type": "$not",
          "parameters": {
            "A_SIGNED": "00000000000000000000000000000000",
            "A_WIDTH": "00000000000000000000000000000100",
            "Y_WIDTH": "00000000000000000000000000000100"
          },
          "attributes": {
            "src": "designs/71/top.sv:23.95-23.102"
          },
          "port_directions": {
            "A": "input",
            "Y": "output"
          },
          "connections": {
            "A": [ 43, 26, 27, 44 ],
            "Y": [ 439, 440, 441, 442 ]
          }
        },
        "$not$designs/71/top.sv:33$64": {
          "hide_name": 1,
          "type": "$not",
          "parameters": {
            "A_SIGNED": "00000000000000000000000000000000",
            "A_WIDTH": "00000000000000000000000000000011",
            "Y_WIDTH": "00000000000000000000000000000011"
          },
          "attributes": {
            "src": "designs/71/top.sv:33.39-33.46"
          },
          "port_directions": {
            "A": "input",
            "Y": "output"
          },
          "connections": {
            "A": [ 65, 66, 67 ],
            "Y": [ 443, 444, 445 ]
          }
        },
        "$not$designs/71/top.sv:34$72": {
          "hide_name": 1,
          "type": "$not",
          "parameters": {
            "A_SIGNED": "00000000000000000000000000000000",
            "A_WIDTH": "00000000000000000000000000000110",
            "Y_WIDTH": "00000000000000000000000000000110"
          },
          "attributes": {
            "src": "designs/71/top.sv:34.76-34.83"
          },
          "port_directions": {
            "A": "input",
            "Y": "output"
          },
          "connections": {
            "A": [ 43, 26, 27, 44, 45, 46 ],
            "Y": [ 202, 203, 204, 205, 206, 207 ]
          }
        },
        "$or$designs/71/top.sv:22$2": {
          "hide_name": 1,
          "type": "$or",
          "parameters": {
            "A_SIGNED": "00000000000000000000000000000000",
            "A_WIDTH": "00000000000000000000000000000100",
            "B_SIGNED": "00000000000000000000000000000000",
            "B_WIDTH": "00000000000000000000000000000100",
            "Y_WIDTH": "00000000000000000000000000000100"
          },
          "attributes": {
            "src": "designs/71/top.sv:22.58-22.84"
          },
          "port_directions": {
            "A": "input",
            "B": "input",
            "Y": "output"
          },
          "connections": {
            "A": [ 2, 3, 4, 5 ],
            "B": [ 223, 224, 225, 226 ],
            "Y": [ 446, 447, 448, 449 ]
          }
        },
        "$or$designs/71/top.sv:22$4": {
          "hide_name": 1,
          "type": "$or",
          "parameters": {
            "A_SIGNED": "00000000000000000000000000000000",
            "A_WIDTH": "00000000000000000000000000000100",
            "B_SIGNED": "00000000000000000000000000000000",
            "B_WIDTH": "00000000000000000000000000000100",
            "Y_WIDTH": "00000000000000000000000000000100"
          },
          "attributes": {
            "src": "designs/71/top.sv:22.46-22.113"
          },
          "port_directions": {
            "A": "input",
            "B": "input",
            "Y": "output"
          },
          "connections": {
            "A": [ 450, 451, 452, 453 ],
            "B": [ 2, 3, 4, 5 ],
            "Y": [ 16, 17, 18, 19 ]
          }
        },
        "$or$designs/71/top.sv:23$17": {
          "hide_name": 1,
          "type": "$or",
          "parameters": {
            "A_SIGNED": "00000000000000000000000000000000",
            "A_WIDTH": "00000000000000000000000000000100",
            "B_SIGNED": "00000000000000000000000000000000",
            "B_WIDTH": "00000000000000000000000000000100",
            "Y_WIDTH": "00000000000000000000000000000100"
          },
          "attributes": {
            "src": "designs/71/top.sv:23.26-23.130"
          },
          "port_directions": {
            "A": "input",
            "B": "input",
            "Y": "output"
          },
          "connections": {
            "A": [ 454, 455, 456, 457 ],
            "B": [ 43, 26, 27, 44 ],
            "Y": [ 458, 459, 460, 461 ]
          }
        },
        "$sub$designs/71/top.sv:22$10": {
          "hide_name": 1,
          "type": "$sub",
          "parameters": {
            "A_SIGNED": "00000000000000000000000000000000",
            "A_WIDTH": "00000000000000000000000000011010",
            "B_SIGNED": "00000000000000000000000000000000",
            "B_WIDTH": "00000000000000000000000000000100",
            "Y_WIDTH": "00000000000000000000000000011010"
          },
          "attributes": {
            "src": "designs/71/top.sv:22.22-22.201"
          },
          "port_directions": {
            "A": "input",
            "B": "input",
            "Y": "output"
          },
          "connections": {
            "A": [ 343, 344, 345, 346, 347, 348, 349, 350, 351, 352, 353, 354, 355, 356, 357, 358, 359, 360, 361, 362, 363, 364, 365, 366, 367, 368 ],
            "B": [ 2, 3, 4, 5 ],
            "Y": [ 43, 26, 27, 44, 45, 46, 47, 48, 49, 50, 51, 52, 53, 54, 55, 56, 57, 58, 59, 60, 61, 62, 63, 64, 274, 275 ]
          }
        },
        "$sub$designs/71/top.sv:22$3": {
          "hide_name": 1,
          "type": "$sub",
          "parameters": {
            "A_SIGNED": "00000000000000000000000000000000",
            "A_WIDTH": "00000000000000000000000000000100",
            "B_SIGNED": "00000000000000000000000000000000",
            "B_WIDTH": "00000000000000000000000000000100",
            "Y_WIDTH": "00000000000000000000000000000100"
          },
          "attributes": {
            "src": "designs/71/top.sv:22.57-22.98"
          },
          "port_directions": {
            "A": "input",
            "B": "input",
            "Y": "output"
          },
          "connections": {
            "A": [ 446, 447, 448, 449 ],
            "B": [ 2, 3, 4, 5 ],
            "Y": [ 450, 451, 452, 453 ]
          }
        },
        "$sub$designs/71/top.sv:23$16": {
          "hide_name": 1,
          "type": "$sub",
          "parameters": {
            "A_SIGNED": "00000000000000000000000000000000",
            "A_WIDTH": "00000000000000000000000000000100",
            "B_SIGNED": "00000000000000000000000000000000",
            "B_WIDTH": "00000000000000000000000000000100",
            "Y_WIDTH": "00000000000000000000000000000100"
          },
          "attributes": {
            "src": "designs/71/top.sv:23.27-23.120"
          },
          "port_directions": {
            "A": "input",
            "B": "input",
            "Y": "output"
          },
          "connections": {
            "A": [ 462, 463, 464, 465 ],
            "B": [ 43, 26, 27, 44 ],
            "Y": [ 454, 455, 456, 457 ]
          }
        },
        "$sub$designs/71/top.sv:30$48": {
          "hide_name": 1,
          "type": "$sub",
          "parameters": {
            "A_SIGNED": "00000000000000000000000000000000",
            "A_WIDTH": "00000000000000000000000000000100",
            "B_SIGNED": "00000000000000000000000000000000",
            "B_WIDTH": "00000000000000000000000000000100",
            "Y_WIDTH": "00000000000000000000000000000100"
          },
          "attributes": {
            "src": "designs/71/top.sv:30.38-30.128"
          },
          "port_directions": {
            "A": "input",
            "B": "input",
            "Y": "output"
          },
          "connections": {
            "A": [ 184, 185, 186, 187 ],
            "B": [ 59, 60, 61, 62 ],
            "Y": [ 188, 189, 190, 191 ]
          }
        },
        "$sub$designs/71/top.sv:33$65": {
          "hide_name": 1,
          "type": "$sub",
          "parameters": {
            "A_SIGNED": "00000000000000000000000000000000",
            "A_WIDTH": "00000000000000000000000000000011",
            "B_SIGNED": "00000000000000000000000000000000",
            "B_WIDTH": "00000000000000000000000000000011",
            "Y_WIDTH": "00000000000000000000000000000011"
          },
          "attributes": {
            "src": "designs/71/top.sv:33.24-33.47"
          },
          "port_directions": {
            "A": "input",
            "B": "input",
            "Y": "output"
          },
          "connections": {
            "A": [ 29, 30, 31 ],
            "B": [ 443, 444, 445 ],
            "Y": [ 466, 467, 468 ]
          }
        },
        "$sub$designs/71/top.sv:33$66": {
          "hide_name": 1,
          "type": "$sub",
          "parameters": {
            "A_SIGNED": "00000000000000000000000000000000",
            "A_WIDTH": "00000000000000000000000000000011",
            "B_SIGNED": "00000000000000000000000000000000",
            "B_WIDTH": "00000000000000000000000000000010",
            "Y_WIDTH": "00000000000000000000000000000011"
          },
          "attributes": {
            "src": "designs/71/top.sv:33.23-33.62"
          },
          "port_directions": {
            "A": "input",
            "B": "input",
            "Y": "output"
          },
          "connections": {
            "A": [ 466, 467, 468 ],
            "B": [ 65, 66 ],
            "Y": [ 469, 470, 471 ]
          }
        },
        "$sub$designs/71/top.sv:33$67": {
          "hide_name": 1,
          "type": "$sub",
          "parameters": {
            "A_SIGNED": "00000000000000000000000000000000",
            "A_WIDTH": "00000000000000000000000000000011",
            "B_SIGNED": "00000000000000000000000000000000",
            "B_WIDTH": "00000000000000000000000000000001",
            "Y_WIDTH": "00000000000000000000000000000011"
          },
          "attributes": {
            "src": "designs/71/top.sv:33.22-33.79"
          },
          "port_directions": {
            "A": "input",
            "B": "input",
            "Y": "output"
          },
          "connections": {
            "A": [ 469, 470, 471 ],
            "B": [ 88 ],
            "Y": [ 472, 473, 474 ]
          }
        },
        "$sub$designs/71/top.sv:34$68": {
          "hide_name": 1,
          "type": "$sub",
          "parameters": {
            "A_SIGNED": "00000000000000000000000000000000",
            "A_WIDTH": "00000000000000000000000000000110",
            "B_SIGNED": "00000000000000000000000000000000",
            "B_WIDTH": "00000000000000000000000000000100",
            "Y_WIDTH": "00000000000000000000000000000110"
          },
          "attributes": {
            "src": "designs/71/top.sv:34.33-34.52"
          },
          "port_directions": {
            "A": "input",
            "B": "input",
            "Y": "output"
          },
          "connections": {
            "A": [ 252, 253, 254, 342, "0", "0" ],
            "B": [ 2, 3, 4, 5 ],
            "Y": [ 340, 341, 209, 210, 211, 212 ]
          }
        },
        "$sub$designs/71/top.sv:37$79": {
          "hide_name": 1,
          "type": "$sub",
          "parameters": {
            "A_SIGNED": "00000000000000000000000000000000",
            "A_WIDTH": "00000000000000000000000000000100",
            "B_SIGNED": "00000000000000000000000000000000",
            "B_WIDTH": "00000000000000000000000000000011",
            "Y_WIDTH": "00000000000000000000000000000101"
          },
          "attributes": {
            "src": "designs/71/top.sv:37.23-37.42"
          },
          "port_directions": {
            "A": "input",
            "B": "input",
            "Y": "output"
          },
          "connections": {
            "A": [ 2, 3, 4, 5 ],
            "B": [ 472, 473, 474 ],
            "Y": [ 427, 428, 475, 476, 477 ]
          }
        },
        "$sub$designs/71/top.sv:42$104": {
          "hide_name": 1,
          "type": "$sub",
          "parameters": {
            "A_SIGNED": "00000000000000000000000000000000",
            "A_WIDTH": "00000000000000000000000000000001",
            "B_SIGNED": "00000000000000000000000000000000",
            "B_WIDTH": "00000000000000000000000000011000",
            "Y_WIDTH": "00000000000000000000000000011000"
          },
          "attributes": {
            "src": "designs/71/top.sv:42.58-42.79"
          },
          "port_directions": {
            "A": "input",
            "B": "input",
            "Y": "output"
          },
          "connections": {
            "A": [ 477 ],
            "B": [ 65, 66, 67, 68, 69, 70, 71, 72, 73, 74, 75, 76, 77, 78, 79, 80, 81, 82, 83, 84, 85, 86, 87, 88 ],
            "Y": [ 403, 404, 405, 406, 407, 408, 409, 410, 411, 412, 413, 414, 415, 416, 417, 418, 419, 420, 421, 422, 423, 424, 425, 426 ]
          }
        },
        "$sub$designs/71/top.sv:42$109": {
          "hide_name": 1,
          "type": "$sub",
          "parameters": {
            "A_SIGNED": "00000000000000000000000000000000",
            "A_WIDTH": "00000000000000000000000000001010",
            "B_SIGNED": "00000000000000000000000000000000",
            "B_WIDTH": "00000000000000000000000000000110",
            "Y_WIDTH": "00000000000000000000000000001010"
          },
          "attributes": {
            "src": "designs/71/top.sv:42.27-42.146"
          },
          "port_directions": {
            "A": "input",
            "B": "input",
            "Y": "output"
          },
          "connections": {
            "A": [ 429, 430, 431, 432, 433, 434, 435, 436, 437, 438 ],
            "B": [ 259, 260, 172, 173, 174, 175 ],
            "Y": [ 6, 7, 8, 9, 10, 11, 12, 13, 14, 15 ]
          }
        },
        "$xor$designs/71/top.sv:23$15": {
          "hide_name": 1,
          "type": "$xor",
          "parameters": {
            "A_SIGNED": "00000000000000000000000000000000",
            "A_WIDTH": "00000000000000000000000000000100",
            "B_SIGNED": "00000000000000000000000000000000",
            "B_WIDTH": "00000000000000000000000000000100",
            "Y_WIDTH": "00000000000000000000000000000100"
          },
          "attributes": {
            "src": "designs/71/top.sv:23.36-23.103"
          },
          "port_directions": {
            "A": "input",
            "B": "input",
            "Y": "output"
          },
          "connections": {
            "A": [ 176, 177, 178, 179 ],
            "B": [ 439, 440, 441, 442 ],
            "Y": [ 462, 463, 464, 465 ]
          }
        },
        "$xor$designs/71/top.sv:23$18": {
          "hide_name": 1,
          "type": "$xor",
          "parameters": {
            "A_SIGNED": "00000000000000000000000000000000",
            "A_WIDTH": "00000000000000000000000000000100",
            "B_SIGNED": "00000000000000000000000000000000",
            "B_WIDTH": "00000000000000000000000000000100",
            "Y_WIDTH": "00000000000000000000000000000100"
          },
          "attributes": {
            "src": "designs/71/top.sv:23.25-23.144"
          },
          "port_directions": {
            "A": "input",
            "B": "input",
            "Y": "output"
          },
          "connections": {
            "A": [ 458, 459, 460, 461 ],
            "B": [ 2, 3, 4, 5 ],
            "Y": [ 221, 478, 479, 222 ]
          }
        }
      },
      "netnames": {
        "$add$designs/71/top.sv:22$5_Y": {
          "hide_name": 1,
          "bits": [ 20, 21, 22, 23, 24, "0", "0", "0", "0", "0", "0", "0", "0", "0", "0", "0", "0", "0", "0", "0", "0", "0", "0", "0", "0", "0" ],
          "attributes": {
            "src": "designs/71/top.sv:22.45-22.127",
            "unused_bits": "4"
          }
        },
        "$add$designs/71/top.sv:24$29_Y": {
          "hide_name": 1,
          "bits": [ 38, 39, 40, 41, 42, 480, 481, 482, 483, 484, 485, 486, 487, 488, 489, 490, 491, 492, 493, 494, 495, 496, 497, 498, 499, 500 ],
          "attributes": {
            "src": "designs/71/top.sv:24.23-24.110",
            "unused_bits": "4 5 6 7 8 9 10 11 12 13 14 15 16 17 18 19 20 21 22 23 24 25"
          }
        },
        "$add$designs/71/top.sv:30$44_Y": {
          "hide_name": 1,
          "bits": [ 100, 101, 102, 103, 104, 105, 106, 107 ],
          "attributes": {
            "src": "designs/71/top.sv:30.42-30.77"
          }
        },
        "$add$designs/71/top.sv:32$52_Y": {
          "hide_name": 1,
          "bits": [ 112, 113, 114, 115, 116, 117, 118, 119, 120, 121, 122, 123, 124, 125, 126, 127, 128, 129, 130, 131, 132, 133, 134, 135 ],
          "attributes": {
            "src": "designs/71/top.sv:32.49-32.108"
          }
        },
        "$add$designs/71/top.sv:32$58_Y": {
          "hide_name": 1,
          "bits": [ 150, 151, 152, 153, 154, 155, 156, 157, 158, 159, 160, 161, 162, 163, 501, 502, 503, 504, 505, 506, 507, 508, 509, 510 ],
          "attributes": {
            "src": "designs/71/top.sv:32.45-32.160",
            "unused_bits": "4 5 6 7 8 9 10 11 12 13 14 15 16 17 18 19 20 21 22 23"
          }
        },
        "$and$designs/71/top.sv:22$6_Y": {
          "hide_name": 1,
          "bits": [ 213, 214, 215, 216, "0", "0", "0", "0", "0", "0", "0", "0", "0", "0", "0", "0", "0", "0", "0", "0", "0", "0", "0", "0", "0", "0" ],
          "attributes": {
            "src": "designs/71/top.sv:22.44-22.141"
          }
        },
        "$and$designs/71/top.sv:22$7_Y": {
          "hide_name": 1,
          "bits": [ 217, 218, 219, 220, "0", "0", "0", "0", "0", "0", "0", "0", "0", "0", "0", "0", "0", "0", "0", "0", "0", "0", "0", "0", "0", "0" ],
          "attributes": {
            "src": "designs/71/top.sv:22.43-22.155"
          }
        },
        "$and$designs/71/top.sv:23$13_Y": {
          "hide_name": 1,
          "bits": [ 176, 177, 178, 179, 511, 512, 513, 514, 515, 516, 517, 518, 519, 520, 521, 522, 523, 524, 525, 526, 527, 528, 529, 530, 531, 532 ],
          "attributes": {
            "src": "designs/71/top.sv:23.37-23.90",
            "unused_bits": "4 5 6 7 8 9 10 11 12 13 14 15 16 17 18 19 20 21 22 23 24 25"
          }
        },
        "$and$designs/71/top.sv:23$19_Y": {
          "hide_name": 1,
          "bits": [ 221, "0", "0", 222, 533, 534, 535, 536, 537, 538, 539, 540, 541, 542, 543, 544, 545, 546, 547, 548, 549, 550, 551, 552, 553, 554 ],
          "attributes": {
            "src": "designs/71/top.sv:23.24-23.155",
            "unused_bits": "4 5 6 7 8 9 10 11 12 13 14 15 16 17 18 19 20 21 22 23 24 25"
          }
        },
        "$and$designs/71/top.sv:26$32_Y": {
          "hide_name": 1,
          "bits": [ 230, 231, 232, 229, "0", "0", "0" ],
          "attributes": {
            "src": "designs/71/top.sv:26.36-26.81"
          }
        },
        "$and$designs/71/top.sv:30$47_Y": {
          "hide_name": 1,
          "bits": [ 184, 185, 186, 187, 555, 556, 557, 558 ],
          "attributes": {
            "src": "designs/71/top.sv:30.39-30.111",
            "unused_bits": "4 5 6 7"
          }
        },
        "$and$designs/71/top.sv:32$50_Y": {
          "hide_name": 1,
          "bits": [ 233, 234, 235, 236, "0", "0", "0", "0", "0", "0", "0", "0", "0", "0", "0", "0", "0", "0", "0", "0", "0", "0", "0", "0" ],
          "attributes": {
            "src": "designs/71/top.sv:32.51-32.79"
          }
        },
        "$and$designs/71/top.sv:32$51_Y": {
          "hide_name": 1,
          "bits": [ 108, 109, 110, 111, "0", "0", "0", "0", "0", "0", "0", "0", "0", "0", "0", "0", "0", "0", "0", "0", "0", "0", "0", "0" ],
          "attributes": {
            "src": "designs/71/top.sv:32.50-32.93"
          }
        },
        "$and$designs/71/top.sv:32$57_Y": {
          "hide_name": 1,
          "bits": [ 136, 137, 138, 139, 140, 141, 142, 143, 144, 145, 146, 147, 148, 149, 559, 560, 561, 562, 563, 564, 565, 566, 567, 568 ],
          "attributes": {
            "src": "designs/71/top.sv:32.46-32.146",
            "unused_bits": "14 15 16 17 18 19 20 21 22 23"
          }
        },
        "$and$designs/71/top.sv:32$59_Y": {
          "hide_name": 1,
          "bits": [ 241, 242, 243, 244, "0", "0", "0", "0", "0", "0", "0", "0", "0", "0", 569, 570, 571, 572, 573, 574, 575, 576, 577, 578 ],
          "attributes": {
            "src": "designs/71/top.sv:32.44-32.170",
            "unused_bits": "14 15 16 17 18 19 20 21 22 23"
          }
        },
        "$and$designs/71/top.sv:32$62_Y": {
          "hide_name": 1,
          "bits": [ 249, 250, 251, 342, "0", "0", "0", "0", "0", "0", "0", "0", "0", "0", 579, 580, 581, 582, 583, 584, 585, 586, 587, 588, 589, 590 ],
          "attributes": {
            "src": "designs/71/top.sv:32.31-32.201",
            "unused_bits": "14 15 16 17 18 19 20 21 22 23 24 25"
          }
        },
        "$and$designs/71/top.sv:34$73_Y": {
          "hide_name": 1,
          "bits": [ 164, 165, 166, 167, 168, 169, 591, 592, 593, 594, 595, 596, 597, 598, 599, 600, 601, 602, 603, 604, 605, 606, 607, 608, 609, 610 ],
          "attributes": {
            "src": "designs/71/top.sv:34.23-34.84",
            "unused_bits": "6 7 8 9 10 11 12 13 14 15 16 17 18 19 20 21 22 23 24 25"
          }
        },
        "$and$designs/71/top.sv:42$107_Y": {
          "hide_name": 1,
          "bits": [ 300, 301, 302, 303, 304, 305, 306, 307, 308, 309, 310, 311, 312, 313, 314, 315, 316, 317, 318, 319, 320, 321, 322, 323, "0", "0" ],
          "attributes": {
            "src": "designs/71/top.sv:42.39-42.118"
          }
        },
        "$auto$opt_expr.cc:205:group_cell_inputs$126": {
          "hide_name": 1,
          "bits": [ 25, 28 ],
          "attributes": {
          }
        },
        "$auto$opt_expr.cc:205:group_cell_inputs$133": {
          "hide_name": 1,
          "bits": [ 223, 224, 225, 226 ],
          "attributes": {
          }
        },
        "$auto$opt_expr.cc:205:group_cell_inputs$164": {
          "hide_name": 1,
          "bits": [ 330, 331, 114 ],
          "attributes": {
          }
        },
        "$auto$opt_expr.cc:205:group_cell_inputs$167": {
          "hide_name": 1,
          "bits": [ 237, 238, 239, 240 ],
          "attributes": {
          }
        },
        "$auto$opt_expr.cc:205:group_cell_inputs$175": {
          "hide_name": 1,
          "bits": [ 245, 246, 247, 248 ],
          "attributes": {
          }
        },
        "$auto$opt_expr.cc:205:group_cell_inputs$178": {
          "hide_name": 1,
          "bits": [ 336, 337, 338, 339, "0" ],
          "attributes": {
          }
        },
        "$auto$opt_expr.cc:205:group_cell_inputs$184": {
          "hide_name": 1,
          "bits": [ 257, 258 ],
          "attributes": {
          }
        },
        "$auto$opt_expr.cc:205:group_cell_inputs$211": {
          "hide_name": 1,
          "bits": [ 276, 277, 278, 279, 280, 281, 282, 283, 284, 285, 286, 287, 288 ],
          "attributes": {
          }
        },
        "$auto$opt_expr.cc:205:group_cell_inputs$213": {
          "hide_name": 1,
          "bits": [ 289, 290, 291, 292, 293, 294, 295, 296, 297, 298, 299 ],
          "attributes": {
          }
        },
        "$auto$opt_expr.cc:205:group_cell_inputs$220": {
          "hide_name": 1,
          "bits": [ 33, 34, 35, 36 ],
          "attributes": {
          }
        },
        "$auto$opt_expr.cc:205:group_cell_inputs$222": {
          "hide_name": 1,
          "bits": [ 37 ],
          "attributes": {
          }
        },
        "$auto$opt_expr.cc:205:group_cell_inputs$225": {
          "hide_name": 1,
          "bits": [ 228 ],
          "attributes": {
          }
        },
        "$auto$opt_expr.cc:205:group_cell_inputs$251": {
          "hide_name": 1,
          "bits": [ 196, 197 ],
          "attributes": {
          }
        },
        "$auto$opt_expr.cc:205:group_cell_inputs$253": {
          "hide_name": 1,
          "bits": [ 198, 199, 200, 201 ],
          "attributes": {
          }
        },
        "$auto$wreduce.cc:514:run$110": {
          "hide_name": 1,
          "bits": [ 429, 430, 431, 432, 433, 434, 435, 436, 437, 438, 611, 612, 613, 614, 615, 616, 617, 618, 619, 620, 621, 622, 623, 624, 625, 626 ],
          "attributes": {
            "src": "designs/71/top.sv:42.38-42.134",
            "unused_bits": "10 11 12 13 14 15 16 17 18 19 20 21 22 23 24 25"
          }
        },
        "$auto$wreduce.cc:514:run$112": {
          "hide_name": 1,
          "bits": [ 403, 404, 405, 406, 407, 408, 409, 410, 411, 412, 413, 414, 415, 416, 417, 418, 419, 420, 421, 422, 423, 424, 425, 426 ],
          "attributes": {
            "src": "designs/71/top.sv:42.58-42.79"
          }
        },
        "$mul$designs/71/top.sv:22$9_Y": {
          "hide_name": 1,
          "bits": [ 343, 344, 345, 346, 347, 348, 349, 350, 351, 352, 353, 354, 355, 356, 357, 358, 359, 360, 361, 362, 363, 364, 365, 366, 367, 368 ],
          "attributes": {
            "src": "designs/71/top.sv:22.33-22.186"
          }
        },
        "$mul$designs/71/top.sv:24$24_Y": {
          "hide_name": 1,
          "bits": [ 369, 370, 371, 372, 373, 374, 375, 376, 377, 378, 379, 380, 381, 382, 383, 384, 385, 386, 387, 388, 389, 390, 391, 392, 393, 394 ],
          "attributes": {
            "src": "designs/71/top.sv:24.26-24.65"
          }
        },
        "$mul$designs/71/top.sv:24$25_Y": {
          "hide_name": 1,
          "bits": [ 324, 325, 326, 327, 208, 627, 628, 629, 630, 631, 632, 633, 634, 635, 636, 637, 638, 639, 640, 641, 642, 643, 644, 645, 646, 647 ],
          "attributes": {
            "src": "designs/71/top.sv:24.25-24.79",
            "unused_bits": "5 6 7 8 9 10 11 12 13 14 15 16 17 18 19 20 21 22 23 24 25"
          }
        },
        "$mul$designs/71/top.sv:30$43_Y": {
          "hide_name": 1,
          "bits": [ 89, 90, 91, 92, 93, 94, 95, 96 ],
          "attributes": {
            "src": "designs/71/top.sv:30.43-30.62"
          }
        },
        "$mul$designs/71/top.sv:30$45_Y": {
          "hide_name": 1,
          "bits": [ 395, 396, 397, 398, 399, 400, 401, 402 ],
          "attributes": {
            "src": "designs/71/top.sv:30.41-30.91"
          }
        },
        "$mul$designs/71/top.sv:30$46_Y": {
          "hide_name": 1,
          "bits": [ 180, 181, 182, 183, 648, 649, 650, 651 ],
          "attributes": {
            "src": "designs/71/top.sv:30.40-30.101",
            "unused_bits": "4 5 6 7"
          }
        },
        "$mul$designs/71/top.sv:32$54_Y": {
          "hide_name": 1,
          "bits": [ 332, 333, 334, 335, 140, 141, 142, 143, 144, 145, 146, 147, 148, 149, 652, 653, 654, 655, 656, 657, 658, 659, 660, 661 ],
          "attributes": {
            "src": "designs/71/top.sv:32.47-32.133",
            "unused_bits": "14 15 16 17 18 19 20 21 22 23"
          }
        },
        "$mul$designs/71/top.sv:42$105_Y": {
          "hide_name": 1,
          "bits": [ 261, 262, 263, 264, 265, 266, 267, 268, 269, 270, 271, 272, 273, 289, 290, 291, 292, 293, 294, 295, 296, 297, 298, 299 ],
          "attributes": {
            "src": "designs/71/top.sv:42.49-42.90"
          }
        },
        "$not$designs/71/top.sv:23$14_Y": {
          "hide_name": 1,
          "bits": [ 439, 440, 441, 442, 662, 663, 664, 665, 666, 667, 668, 669, 670, 671, 672, 673, 674, 675, 676, 677, 678, 679, 680, 681, 682, 683 ],
          "attributes": {
            "src": "designs/71/top.sv:23.95-23.102",
            "unused_bits": "4 5 6 7 8 9 10 11 12 13 14 15 16 17 18 19 20 21 22 23 24 25"
          }
        },
        "$not$designs/71/top.sv:33$64_Y": {
          "hide_name": 1,
          "bits": [ 443, 444, 445, 684, 685, 686, 687, 688, 689, 690, 691, 692, 693, 694, 695, 696, 697, 698, 699, 700, 701, 702, 703, 704 ],
          "attributes": {
            "src": "designs/71/top.sv:33.39-33.46",
            "unused_bits": "3 4 5 6 7 8 9 10 11 12 13 14 15 16 17 18 19 20 21 22 23"
          }
        },
        "$not$designs/71/top.sv:34$72_Y": {
          "hide_name": 1,
          "bits": [ 202, 203, 204, 205, 206, 207, 705, 706, 707, 708, 709, 710, 711, 712, 713, 714, 715, 716, 717, 718, 719, 720, 721, 722, 723, 724 ],
          "attributes": {
            "src": "designs/71/top.sv:34.76-34.83",
            "unused_bits": "6 7 8 9 10 11 12 13 14 15 16 17 18 19 20 21 22 23 24 25"
          }
        },
        "$or$designs/71/top.sv:22$2_Y": {
          "hide_name": 1,
          "bits": [ 446, 447, 448, 449 ],
          "attributes": {
            "src": "designs/71/top.sv:22.58-22.84"
          }
        },
        "$or$designs/71/top.sv:22$4_Y": {
          "hide_name": 1,
          "bits": [ 16, 17, 18, 19, "0", "0", "0", "0", "0", "0", "0", "0", "0", "0", "0", "0", "0", "0", "0", "0", "0", "0", "0", "0", "0", "0" ],
          "attributes": {
            "src": "designs/71/top.sv:22.46-22.113"
          }
        },
        "$or$designs/71/top.sv:23$17_Y": {
          "hide_name": 1,
          "bits": [ 458, 459, 460, 461, 725, 726, 727, 728, 729, 730, 731, 732, 733, 734, 735, 736, 737, 738, 739, 740, 741, 742, 743, 744, 745, 746 ],
          "attributes": {
            "src": "designs/71/top.sv:23.26-23.130",
            "unused_bits": "4 5 6 7 8 9 10 11 12 13 14 15 16 17 18 19 20 21 22 23 24 25"
          }
        },
        "$sub$designs/71/top.sv:22$3_Y": {
          "hide_name": 1,
          "bits": [ 450, 451, 452, 453 ],
          "attributes": {
            "src": "designs/71/top.sv:22.57-22.98"
          }
        },
        "$sub$designs/71/top.sv:23$16_Y": {
          "hide_name": 1,
          "bits": [ 454, 455, 456, 457, 747, 748, 749, 750, 751, 752, 753, 754, 755, 756, 757, 758, 759, 760, 761, 762, 763, 764, 765, 766, 767, 768 ],
          "attributes": {
            "src": "designs/71/top.sv:23.27-23.120",
            "unused_bits": "4 5 6 7 8 9 10 11 12 13 14 15 16 17 18 19 20 21 22 23 24 25"
          }
        },
        "$sub$designs/71/top.sv:30$48_Y": {
          "hide_name": 1,
          "bits": [ 188, 189, 190, 191, 769, 770, 771, 772 ],
          "attributes": {
            "src": "designs/71/top.sv:30.38-30.128",
            "unused_bits": "4 5 6 7"
          }
        },
        "$sub$designs/71/top.sv:33$65_Y": {
          "hide_name": 1,
          "bits": [ 466, 467, 468, 773, 774, 775, 776, 777, 778, 779, 780, 781, 782, 783, 784, 785, 786, 787, 788, 789, 790, 791, 792, 793 ],
          "attributes": {
            "src": "designs/71/top.sv:33.24-33.47",
            "unused_bits": "3 4 5 6 7 8 9 10 11 12 13 14 15 16 17 18 19 20 21 22 23"
          }
        },
        "$sub$designs/71/top.sv:33$66_Y": {
          "hide_name": 1,
          "bits": [ 469, 470, 471, 794, 795, 796, 797, 798, 799, 800, 801, 802, 803, 804, 805, 806, 807, 808, 809, 810, 811, 812, 813, 814 ],
          "attributes": {
            "src": "designs/71/top.sv:33.23-33.62",
            "unused_bits": "3 4 5 6 7 8 9 10 11 12 13 14 15 16 17 18 19 20 21 22 23"
          }
        },
        "$sub$designs/71/top.sv:34$68_Y": {
          "hide_name": 1,
          "bits": [ 340, 341, 209, 210, 211, 212, 815, 816, 817, 818, 819, 820, 821, 822 ],
          "attributes": {
            "src": "designs/71/top.sv:34.33-34.52",
            "unused_bits": "6 7 8 9 10 11 12 13"
          }
        },
        "$xor$designs/71/top.sv:23$15_Y": {
          "hide_name": 1,
          "bits": [ 462, 463, 464, 465, 823, 824, 825, 826, 827, 828, 829, 830, 831, 832, 833, 834, 835, 836, 837, 838, 839, 840, 841, 842, 843, 844 ],
          "attributes": {
            "src": "designs/71/top.sv:23.36-23.103",
            "unused_bits": "4 5 6 7 8 9 10 11 12 13 14 15 16 17 18 19 20 21 22 23 24 25"
          }
        },
        "$xor$designs/71/top.sv:23$18_Y": {
          "hide_name": 1,
          "bits": [ 221, 478, 479, 222, 845, 846, 847, 848, 849, 850, 851, 852, 853, 854, 855, 856, 857, 858, 859, 860, 861, 862, 863, 864, 865, 866 ],
          "attributes": {
            "src": "designs/71/top.sv:23.25-23.144",
            "unused_bits": "1 2 4 5 6 7 8 9 10 11 12 13 14 15 16 17 18 19 20 21 22 23 24 25"
          }
        },
        "expr_866659": {
          "hide_name": 0,
          "bits": [ 255, 256, 329, 328, "0", "0", "0", "x", "x", "x", "x", "x", "x", "x", "x", "x", "x", "x", "x", "x", "x", "x", "x", "x", "x", "x", "x" ],
          "attributes": {
            "src": "designs/71/top.sv:25.18-25.29",
            "unused_bits": "2 3"
          }
        },
        "input_data": {
          "hide_name": 0,
          "bits": [ 2, 3, 4, 5 ],
          "attributes": {
            "src": "designs/71/top.sv:2.17-2.27"
          }
        },
        "output_data": {
          "hide_name": 0,
          "bits": [ 6, 7, 8, 9, 10, 11, 12, 13, 14, 15 ],
          "attributes": {
            "src": "designs/71/top.sv:3.18-3.29"
          }
        },
        "temp_0": {
          "hide_name": 0,
          "bits": [ 43, 26, 27, 44, 45, 46, 47, 48, 49, 50, 51, 52, 53, 54, 55, 56, 57, 58, 59, 60, 61, 62, 63, 64, 274, 275 ],
          "attributes": {
            "src": "designs/71/top.sv:6.18-6.24"
          }
        },
        "temp_1": {
          "hide_name": 0,
          "bits": [ 29, 30, 31, 32 ],
          "attributes": {
            "src": "designs/71/top.sv:7.17-7.23"
          }
        },
        "temp_10": {
          "hide_name": 0,
          "bits": [ 259, 260, 172, 173, 174, 175, "0", "0", "0", "0", "0", "0", "0", "0", "0", "0", "0", "0", "0", "0", "0", "0", "0", "0", "0", "0", "0" ],
          "attributes": {
            "src": "designs/71/top.sv:16.18-16.25"
          }
        },
        "temp_11": {
          "hide_name": 0,
          "bits": [ 427, 428, 475, 476, 477 ],
          "attributes": {
            "src": "designs/71/top.sv:17.17-17.24",
            "unused_bits": "2 3"
          }
        },
        "temp_2": {
          "hide_name": 0,
          "bits": [ 97, 98, 99, 227, "0" ],
          "attributes": {
            "src": "designs/71/top.sv:8.17-8.23"
          }
        },
        "temp_4": {
          "hide_name": 0,
          "bits": [ 65, 66, 67, 68, 69, 70, 71, 72, 73, 74, 75, 76, 77, 78, 79, 80, 81, 82, 83, 84, 85, 86, 87, 88 ],
          "attributes": {
            "src": "designs/71/top.sv:10.18-10.24"
          }
        },
        "temp_5": {
          "hide_name": 0,
          "bits": [ 192, 193, 194, 195 ],
          "attributes": {
            "src": "designs/71/top.sv:11.17-11.23"
          }
        },
        "temp_6": {
          "hide_name": 0,
          "bits": [ 252, 253, 254, 342, "0", "0", "0", "0", "0", "0", "0", "0", "0", "0" ],
          "attributes": {
            "src": "designs/71/top.sv:12.18-12.24"
          }
        },
        "temp_7": {
          "hide_name": 0,
          "bits": [ 472, 473, 474 ],
          "attributes": {
            "src": "designs/71/top.sv:13.17-13.23"
          }
        },
        "temp_8": {
          "hide_name": 0,
          "bits": [ 170, 171, 172, 173, 174, 175 ],
          "attributes": {
            "src": "designs/71/top.sv:14.17-14.23"
          }
        }
      }
    }
  }
}
