{
  "creator": "Yosys 0.60 (git sha1 5bafeb77dc71e054fa331ab9efa613e6fb0a1c49, clang++ 17.0.0 -fPIC -O3)",
  "modules": {
    "top": {
      "attributes": {
        "top": "00000000000000000000000000000001",
        "src": "designs/244/top.sv:1.1-38.10"
      },
      "ports": {
        "input_data": {
          "direction": "input",
          "bits": [ 2, 3, 4 ]
        },
        "output_data": {
          "direction": "output",
          "bits": [ 5, 6, 7, 8, 9, 10, 11, 12, 13, 14, 15, 16, 17, 18, 19, 20 ]
        }
      },
      "cells": {
        "$auto$opt_expr.cc:276:group_cell_inputs$100": {
          "hide_name": 1,
          "type": "$or",
          "parameters": {
            "A_SIGNED": "00000000000000000000000000000000",
            "A_WIDTH": "00000000000000000000000000000011",
            "B_SIGNED": "00000000000000000000000000000000",
            "B_WIDTH": "00000000000000000000000000000011",
            "Y_WIDTH": "00000000000000000000000000000011"
          },
          "attributes": {
          },
          "port_directions": {
            "A": "input",
            "B": "input",
            "Y": "output"
          },
          "connections": {
            "A": [ 21, 22, 22 ],
            "B": [ 23, 24, 25 ],
            "Y": [ 26, 27, 28 ]
          }
        },
        "$auto$opt_expr.cc:276:group_cell_inputs$107": {
          "hide_name": 1,
          "type": "$or",
          "parameters": {
            "A_SIGNED": "00000000000000000000000000000000",
            "A_WIDTH": "00000000000000000000000000000011",
            "B_SIGNED": "00000000000000000000000000000000",
            "B_WIDTH": "00000000000000000000000000000011",
            "Y_WIDTH": "00000000000000000000000000000011"
          },
          "attributes": {
          },
          "port_directions": {
            "A": "input",
            "B": "input",
            "Y": "output"
          },
          "connections": {
            "A": [ 23, 24, 25 ],
            "B": [ 29, 30, 31 ],
            "Y": [ 32, 33, 34 ]
          }
        },
        "$auto$opt_expr.cc:276:group_cell_inputs$110": {
          "hide_name": 1,
          "type": "$xor",
          "parameters": {
            "A_SIGNED": "00000000000000000000000000000000",
            "A_WIDTH": "00000000000000000000000000000111",
            "B_SIGNED": "00000000000000000000000000000000",
            "B_WIDTH": "00000000000000000000000000000111",
            "Y_WIDTH": "00000000000000000000000000000111"
          },
          "attributes": {
          },
          "port_directions": {
            "A": "input",
            "B": "input",
            "Y": "output"
          },
          "connections": {
            "A": [ 32, 33, 34, 35, 36, 37, 38 ],
            "B": [ 39, 40, 41, 42, 43, 44, 45 ],
            "Y": [ 5, 6, 7, 8, 9, 10, 11 ]
          }
        },
        "$auto$opt_expr.cc:276:group_cell_inputs$113": {
          "hide_name": 1,
          "type": "$and",
          "parameters": {
            "A_SIGNED": "00000000000000000000000000000000",
            "A_WIDTH": "00000000000000000000000000000010",
            "B_SIGNED": "00000000000000000000000000000000",
            "B_WIDTH": "00000000000000000000000000000010",
            "Y_WIDTH": "00000000000000000000000000000010"
          },
          "attributes": {
          },
          "port_directions": {
            "A": "input",
            "B": "input",
            "Y": "output"
          },
          "connections": {
            "A": [ 3, 4 ],
            "B": [ 3, 4 ],
            "Y": [ 46, 47 ]
          }
        },
        "$auto$opt_expr.cc:276:group_cell_inputs$123": {
          "hide_name": 1,
          "type": "$xor",
          "parameters": {
            "A_SIGNED": "00000000000000000000000000000000",
            "A_WIDTH": "00000000000000000000000000000010",
            "B_SIGNED": "00000000000000000000000000000000",
            "B_WIDTH": "00000000000000000000000000000010",
            "Y_WIDTH": "00000000000000000000000000000010"
          },
          "attributes": {
          },
          "port_directions": {
            "A": "input",
            "B": "input",
            "Y": "output"
          },
          "connections": {
            "A": [ 48, 49 ],
            "B": [ 46, 47 ],
            "Y": [ 50, 51 ]
          }
        },
        "$auto$opt_expr.cc:276:group_cell_inputs$50": {
          "hide_name": 1,
          "type": "$not",
          "parameters": {
            "A_SIGNED": "00000000000000000000000000000000",
            "A_WIDTH": "00000000000000000000000000000011",
            "Y_WIDTH": "00000000000000000000000000000011"
          },
          "attributes": {
          },
          "port_directions": {
            "A": "input",
            "Y": "output"
          },
          "connections": {
            "A": [ 2, 3, 4 ],
            "Y": [ 52, 53, 54 ]
          }
        },
        "$auto$opt_expr.cc:276:group_cell_inputs$71": {
          "hide_name": 1,
          "type": "$not",
          "parameters": {
            "A_SIGNED": "00000000000000000000000000000000",
            "A_WIDTH": "00000000000000000000000000000010",
            "Y_WIDTH": "00000000000000000000000000000010"
          },
          "attributes": {
          },
          "port_directions": {
            "A": "input",
            "Y": "output"
          },
          "connections": {
            "A": [ 23, 24 ],
            "Y": [ 55, 56 ]
          }
        },
        "$auto$opt_expr.cc:276:group_cell_inputs$75": {
          "hide_name": 1,
          "type": "$and",
          "parameters": {
            "A_SIGNED": "00000000000000000000000000000000",
            "A_WIDTH": "00000000000000000000000000000001",
            "B_SIGNED": "00000000000000000000000000000000",
            "B_WIDTH": "00000000000000000000000000000001",
            "Y_WIDTH": "00000000000000000000000000000001"
          },
          "attributes": {
          },
          "port_directions": {
            "A": "input",
            "B": "input",
            "Y": "output"
          },
          "connections": {
            "A": [ 57 ],
            "B": [ 55 ],
            "Y": [ 58 ]
          }
        },
        "$auto$opt_expr.cc:276:group_cell_inputs$90": {
          "hide_name": 1,
          "type": "$or",
          "parameters": {
            "A_SIGNED": "00000000000000000000000000000000",
            "A_WIDTH": "00000000000000000000000000001010",
            "B_SIGNED": "00000000000000000000000000000000",
            "B_WIDTH": "00000000000000000000000000001010",
            "Y_WIDTH": "00000000000000000000000000001010"
          },
          "attributes": {
          },
          "port_directions": {
            "A": "input",
            "B": "input",
            "Y": "output"
          },
          "connections": {
            "A": [ 59, 60, 61, 62, 63, 64, 65, 66, 67, 68 ],
            "B": [ 21, 22, 22, 22, 22, 22, 22, 22, 22, 22 ],
            "Y": [ 69, 48, 49, 70, 71, 72, 73, 74, 75, 76 ]
          }
        },
        "$auto$opt_expr.cc:276:group_cell_inputs$96": {
          "hide_name": 1,
          "type": "$not",
          "parameters": {
            "A_SIGNED": "00000000000000000000000000000000",
            "A_WIDTH": "00000000000000000000000000000001",
            "Y_WIDTH": "00000000000000000000000000000001"
          },
          "attributes": {
          },
          "port_directions": {
            "A": "input",
            "Y": "output"
          },
          "connections": {
            "A": [ 77 ],
            "Y": [ 78 ]
          }
        },
        "$gt$designs/244/top.sv:26$18": {
          "hide_name": 1,
          "type": "$gt",
          "parameters": {
            "A_SIGNED": "00000000000000000000000000000000",
            "A_WIDTH": "00000000000000000000000000010001",
            "B_SIGNED": "00000000000000000000000000000000",
            "B_WIDTH": "00000000000000000000000000010001",
            "Y_WIDTH": "00000000000000000000000000000001"
          },
          "attributes": {
            "src": "designs/244/top.sv:26.23-26.73"
          },
          "port_directions": {
            "A": "input",
            "B": "input",
            "Y": "output"
          },
          "connections": {
            "A": [ 58, "0", "0", "0", "0", "0", "0", "0", "0", "0", "0", "0", "0", "0", "0", "0", "0" ],
            "B": [ 79, 80, 81, 82, 83, 84, 85, 86, 87, 88, 89, 90, 91, 92, 93, 94, 95 ],
            "Y": [ 96 ]
          }
        },
        "$le$designs/244/top.sv:26$14": {
          "hide_name": 1,
          "type": "$le",
          "parameters": {
            "A_SIGNED": "00000000000000000000000000000000",
            "A_WIDTH": "00000000000000000000000000000011",
            "B_SIGNED": "00000000000000000000000000000000",
            "B_WIDTH": "00000000000000000000000000001010",
            "Y_WIDTH": "00000000000000000000000000000001"
          },
          "attributes": {
            "src": "designs/244/top.sv:26.25-26.45"
          },
          "port_directions": {
            "A": "input",
            "B": "input",
            "Y": "output"
          },
          "connections": {
            "A": [ 2, 3, 4 ],
            "B": [ "0", 46, 47, "0", "0", "0", "0", "0", "0", "0" ],
            "Y": [ 57 ]
          }
        },
        "$mul$designs/244/top.sv:21$3": {
          "hide_name": 1,
          "type": "$mul",
          "parameters": {
            "A_SIGNED": "00000000000000000000000000000000",
            "A_WIDTH": "00000000000000000000000000001110",
            "B_SIGNED": "00000000000000000000000000000000",
            "B_WIDTH": "00000000000000000000000000010001",
            "Y_WIDTH": "00000000000000000000000000010000"
          },
          "attributes": {
            "src": "designs/244/top.sv:21.31-21.56"
          },
          "port_directions": {
            "A": "input",
            "B": "input",
            "Y": "output"
          },
          "connections": {
            "A": [ "1", "1", "1", "1", "0", "1", "0", "1", "1", "1", "1", "1", "0", "1" ],
            "B": [ 52, 53, 54, "1", "1", "1", "1", "1", "1", "1", "1", "1", "1", "1", "1", "1", "1" ],
            "Y": [ 97, 98, 99, 100, 101, 102, 103, 104, 105, 106, 107, 108, 109, 110, 111, 112 ]
          }
        },
        "$mul$designs/244/top.sv:33$40": {
          "hide_name": 1,
          "type": "$mul",
          "parameters": {
            "A_SIGNED": "00000000000000000000000000000000",
            "A_WIDTH": "00000000000000000000000000000010",
            "B_SIGNED": "00000000000000000000000000000000",
            "B_WIDTH": "00000000000000000000000000011000",
            "Y_WIDTH": "00000000000000000000000000000111"
          },
          "attributes": {
            "src": "designs/244/top.sv:33.31-33.46"
          },
          "port_directions": {
            "A": "input",
            "B": "input",
            "Y": "output"
          },
          "connections": {
            "A": [ 23, 24 ],
            "B": [ 21, 22, 22, 22, 22, 22, 22, 22, 22, 22, 22, 22, 22, 22, 22, 22, 22, 22, 22, 22, 22, 22, 22, 22 ],
            "Y": [ 39, 40, 41, 42, 43, 44, 45 ]
          }
        },
        "$not$designs/244/top.sv:30$35": {
          "hide_name": 1,
          "type": "$not",
          "parameters": {
            "A_SIGNED": "00000000000000000000000000000000",
            "A_WIDTH": "00000000000000000000000000010000",
            "Y_WIDTH": "00000000000000000000000000010000"
          },
          "attributes": {
            "src": "designs/244/top.sv:30.60-30.67"
          },
          "port_directions": {
            "A": "input",
            "Y": "output"
          },
          "connections": {
            "A": [ 113, 114, 115, 116, 117, 118, 119, 120, 121, 122, 123, 124, 125, 126, 127, 128 ],
            "Y": [ 129, 130, 131, 132, 133, 134, 135, 136, 137, 138, 139, 140, 141, 142, 143, 144 ]
          }
        },
        "$or$designs/244/top.sv:30$34": {
          "hide_name": 1,
          "type": "$or",
          "parameters": {
            "A_SIGNED": "00000000000000000000000000000000",
            "A_WIDTH": "00000000000000000000000000010000",
            "B_SIGNED": "00000000000000000000000000000000",
            "B_WIDTH": "00000000000000000000000000010000",
            "Y_WIDTH": "00000000000000000000000000010000"
          },
          "attributes": {
            "src": "designs/244/top.sv:30.39-30.54"
          },
          "port_directions": {
            "A": "input",
            "B": "input",
            "Y": "output"
          },
          "connections": {
            "A": [ 113, 114, 115, 116, 117, 118, 119, 120, 121, 122, 123, 124, 125, 126, 127, 128 ],
            "B": [ 113, 114, 115, 116, 117, 118, 119, 120, 121, 122, 123, 124, 125, 126, 127, 128 ],
            "Y": [ 145, 146, 147, 148, 149, 150, 151, 152, 153, 154, 155, 156, 157, 158, 159, 160 ]
          }
        },
        "$sub$designs/244/top.sv:21$4": {
          "hide_name": 1,
          "type": "$sub",
          "parameters": {
            "A_SIGNED": "00000000000000000000000000000000",
            "A_WIDTH": "00000000000000000000000000010001",
            "B_SIGNED": "00000000000000000000000000000000",
            "B_WIDTH": "00000000000000000000000000000011",
            "Y_WIDTH": "00000000000000000000000000010001"
          },
          "attributes": {
            "src": "designs/244/top.sv:21.22-21.71"
          },
          "port_directions": {
            "A": "input",
            "B": "input",
            "Y": "output"
          },
          "connections": {
            "A": [ "0", 97, 98, 99, 100, 101, 102, 103, 104, 105, 106, 107, 108, 109, 110, 111, 112 ],
            "B": [ 2, 3, 4 ],
            "Y": [ 79, 80, 81, 82, 83, 84, 85, 86, 87, 88, 89, 90, 91, 92, 93, 94, 95 ]
          }
        },
        "$sub$designs/244/top.sv:26$19": {
          "hide_name": 1,
          "type": "$sub",
          "parameters": {
            "A_SIGNED": "00000000000000000000000000000000",
            "A_WIDTH": "00000000000000000000000000000001",
            "B_SIGNED": "00000000000000000000000000000000",
            "B_WIDTH": "00000000000000000000000000000001",
            "Y_WIDTH": "00000000000000000000000000000010"
          },
          "attributes": {
            "src": "designs/244/top.sv:26.22-26.83"
          },
          "port_directions": {
            "A": "input",
            "B": "input",
            "Y": "output"
          },
          "connections": {
            "A": [ 96 ],
            "B": [ 77 ],
            "Y": [ 21, 22 ]
          }
        },
        "$sub$designs/244/top.sv:29$25": {
          "hide_name": 1,
          "type": "$sub",
          "parameters": {
            "A_SIGNED": "00000000000000000000000000000000",
            "A_WIDTH": "00000000000000000000000000001010",
            "B_SIGNED": "00000000000000000000000000000000",
            "B_WIDTH": "00000000000000000000000000001010",
            "Y_WIDTH": "00000000000000000000000000001010"
          },
          "attributes": {
            "src": "designs/244/top.sv:29.54-29.72"
          },
          "port_directions": {
            "A": "input",
            "B": "input",
            "Y": "output"
          },
          "connections": {
            "A": [ "0", 46, 47, "0", "0", "0", "0", "0", "0", "0" ],
            "B": [ 78, "1", "1", "1", "1", "1", "1", "1", "1", "1" ],
            "Y": [ 59, 60, 61, 62, 63, 64, 65, 66, 67, 68 ]
          }
        },
        "$sub$designs/244/top.sv:29$30": {
          "hide_name": 1,
          "type": "$sub",
          "parameters": {
            "A_SIGNED": "00000000000000000000000000000000",
            "A_WIDTH": "00000000000000000000000000010000",
            "B_SIGNED": "00000000000000000000000000000000",
            "B_WIDTH": "00000000000000000000000000010000",
            "Y_WIDTH": "00000000000000000000000000010000"
          },
          "attributes": {
            "src": "designs/244/top.sv:29.31-29.107"
          },
          "port_directions": {
            "A": "input",
            "B": "input",
            "Y": "output"
          },
          "connections": {
            "A": [ 69, 50, 51, 70, 71, 72, 73, 74, 75, 76, 22, 22, 22, 22, 22, 22 ],
            "B": [ 78, "1", "1", "1", "1", "1", "1", "1", "1", "1", "1", "1", "1", "1", "1", "1" ],
            "Y": [ 161, 162, 163, 164, 165, 166, 167, 168, 169, 170, 171, 172, 173, 174, 175, 176 ]
          }
        },
        "$sub$designs/244/top.sv:29$32": {
          "hide_name": 1,
          "type": "$sub",
          "parameters": {
            "A_SIGNED": "00000000000000000000000000000000",
            "A_WIDTH": "00000000000000000000000000010000",
            "B_SIGNED": "00000000000000000000000000000000",
            "B_WIDTH": "00000000000000000000000000000011",
            "Y_WIDTH": "00000000000000000000000000010000"
          },
          "attributes": {
            "src": "designs/244/top.sv:29.112-29.153"
          },
          "port_directions": {
            "A": "input",
            "B": "input",
            "Y": "output"
          },
          "connections": {
            "A": [ 26, 27, 28, 22, 22, 22, 22, 22, 22, 22, 22, 22, 22, 22, 22, 22 ],
            "B": [ 2, 3, 4 ],
            "Y": [ 177, 178, 179, 180, 181, 182, 183, 184, 185, 186, 187, 188, 189, 190, 191, 192 ]
          }
        },
        "$ternary$designs/244/top.sv:29$33": {
          "hide_name": 1,
          "type": "$mux",
          "parameters": {
            "WIDTH": "00000000000000000000000000010000"
          },
          "attributes": {
            "src": "designs/244/top.sv:29.21-29.154"
          },
          "port_directions": {
            "A": "input",
            "B": "input",
            "S": "input",
            "Y": "output"
          },
          "connections": {
            "A": [ 177, 178, 179, 180, 181, 182, 183, 184, 185, 186, 187, 188, 189, 190, 191, 192 ],
            "B": [ 161, 162, 163, 164, 165, 166, 167, 168, 169, 170, 171, 172, 173, 174, 175, 176 ],
            "S": [ 77 ],
            "Y": [ 113, 114, 115, 116, 117, 118, 119, 120, 121, 122, 123, 124, 125, 126, 127, 128 ]
          }
        },
        "$xor$designs/244/top.sv:22$5": {
          "hide_name": 1,
          "type": "$xor",
          "parameters": {
            "A_SIGNED": "00000000000000000000000000000000",
            "A_WIDTH": "00000000000000000000000000000011",
            "B_SIGNED": "00000000000000000000000000000000",
            "B_WIDTH": "00000000000000000000000000000011",
            "Y_WIDTH": "00000000000000000000000000000011"
          },
          "attributes": {
            "src": "designs/244/top.sv:22.22-22.52"
          },
          "port_directions": {
            "A": "input",
            "B": "input",
            "Y": "output"
          },
          "connections": {
            "A": [ 2, 3, 4 ],
            "B": [ 79, 80, 81 ],
            "Y": [ 23, 24, 25 ]
          }
        },
        "$xor$designs/244/top.sv:23$6": {
          "hide_name": 1,
          "type": "$xor",
          "parameters": {
            "A_SIGNED": "00000000000000000000000000000000",
            "A_WIDTH": "00000000000000000000000000000001",
            "B_SIGNED": "00000000000000000000000000000000",
            "B_WIDTH": "00000000000000000000000000000001",
            "Y_WIDTH": "00000000000000000000000000000001"
          },
          "attributes": {
            "src": "designs/244/top.sv:23.22-23.37"
          },
          "port_directions": {
            "A": "input",
            "B": "input",
            "Y": "output"
          },
          "connections": {
            "A": [ 79 ],
            "B": [ 23 ],
            "Y": [ 77 ]
          }
        },
        "$xor$designs/244/top.sv:30$36": {
          "hide_name": 1,
          "type": "$xor",
          "parameters": {
            "A_SIGNED": "00000000000000000000000000000000",
            "A_WIDTH": "00000000000000000000000000010000",
            "B_SIGNED": "00000000000000000000000000000000",
            "B_WIDTH": "00000000000000000000000000010000",
            "Y_WIDTH": "00000000000000000000000000010000"
          },
          "attributes": {
            "src": "designs/244/top.sv:30.30-30.68"
          },
          "port_directions": {
            "A": "input",
            "B": "input",
            "Y": "output"
          },
          "connections": {
            "A": [ 145, 146, 147, 148, 149, 150, 151, 152, 153, 154, 155, 156, 157, 158, 159, 160 ],
            "B": [ 129, 130, 131, 132, 133, 134, 135, 136, 137, 138, 139, 140, 141, 142, 143, 144 ],
            "Y": [ 29, 30, 31, 35, 36, 37, 38, 12, 13, 14, 15, 16, 17, 18, 19, 20 ]
          }
        }
      },
      "netnames": {
        "$and$designs/244/top.sv:26$17_Y": {
          "hide_name": 1,
          "bits": [ 58, "0", "0", "0", "0", "0", "0", "0", "0", "0", "0", "0", "0", "0", "0", "0", "0" ],
          "attributes": {
            "src": "designs/244/top.sv:26.24-26.63"
          }
        },
        "$auto$opt_expr.cc:205:group_cell_inputs$106": {
          "hide_name": 1,
          "bits": [ 32, 33, 34 ],
          "attributes": {
          }
        },
        "$auto$opt_expr.cc:205:group_cell_inputs$116": {
          "hide_name": 1,
          "bits": [ 69, 50, 51 ],
          "attributes": {
          }
        },
        "$auto$opt_expr.cc:205:group_cell_inputs$118": {
          "hide_name": 1,
          "bits": [ 70, 71, 72, 73, 74, 75, 76 ],
          "attributes": {
          }
        },
        "$auto$opt_expr.cc:205:group_cell_inputs$49": {
          "hide_name": 1,
          "bits": [ 52, 53, 54 ],
          "attributes": {
          }
        },
        "$auto$opt_expr.cc:205:group_cell_inputs$70": {
          "hide_name": 1,
          "bits": [ 55, 56 ],
          "attributes": {
            "unused_bits": "1 "
          }
        },
        "$auto$opt_expr.cc:205:group_cell_inputs$85": {
          "hide_name": 1,
          "bits": [ 78 ],
          "attributes": {
          }
        },
        "$auto$opt_expr.cc:205:group_cell_inputs$89": {
          "hide_name": 1,
          "bits": [ 69, 48, 49, 70, 71, 72, 73, 74, 75, 76 ],
          "attributes": {
          }
        },
        "$auto$opt_expr.cc:205:group_cell_inputs$99": {
          "hide_name": 1,
          "bits": [ 26, 27, 28 ],
          "attributes": {
          }
        },
        "$auto$wreduce.cc:514:run$47": {
          "hide_name": 1,
          "bits": [ 129, 130, 131, 132, 133, 134, 135, 136, 137, 138, 139, 140, 141, 142, 143, 144, 193, 194 ],
          "attributes": {
            "src": "designs/244/top.sv:30.60-30.67",
            "unused_bits": "16 17"
          }
        },
        "$gt$designs/244/top.sv:26$18_Y": {
          "hide_name": 1,
          "bits": [ 96, "0", "0", "0", "0", "0", "0", "0", "0", "0", "0", "0", "0", "0", "0", "0", "0", "0", "0", "0", "0", "0", "0", "0" ],
          "attributes": {
            "src": "designs/244/top.sv:26.23-26.73"
          }
        },
        "$le$designs/244/top.sv:26$14_Y": {
          "hide_name": 1,
          "bits": [ 57, "0", "0", "0", "0", "0", "0", "0", "0", "0", "0", "0", "0", "0", "0", "0", "0" ],
          "attributes": {
            "src": "designs/244/top.sv:26.25-26.45"
          }
        },
        "$mul$designs/244/top.sv:21$3_Y": {
          "hide_name": 1,
          "bits": [ "0", 97, 98, 99, 100, 101, 102, 103, 104, 105, 106, 107, 108, 109, 110, 111, 112 ],
          "attributes": {
            "src": "designs/244/top.sv:21.31-21.56"
          }
        },
        "$or$designs/244/top.sv:30$34_Y": {
          "hide_name": 1,
          "bits": [ 145, 146, 147, 148, 149, 150, 151, 152, 153, 154, 155, 156, 157, 158, 159, 160, 195, 196 ],
          "attributes": {
            "src": "designs/244/top.sv:30.39-30.54",
            "unused_bits": "16 17"
          }
        },
        "$sub$designs/244/top.sv:29$25_Y": {
          "hide_name": 1,
          "bits": [ 59, 60, 61, 62, 63, 64, 65, 66, 67, 68 ],
          "attributes": {
            "src": "designs/244/top.sv:29.54-29.72"
          }
        },
        "$sub$designs/244/top.sv:29$30_Y": {
          "hide_name": 1,
          "bits": [ 161, 162, 163, 164, 165, 166, 167, 168, 169, 170, 171, 172, 173, 174, 175, 176, 197, 198, 199, 200, 201, 202, 203, 204 ],
          "attributes": {
            "src": "designs/244/top.sv:29.31-29.107",
            "unused_bits": "16 17 18 19 20 21 22 23"
          }
        },
        "$sub$designs/244/top.sv:29$32_Y": {
          "hide_name": 1,
          "bits": [ 177, 178, 179, 180, 181, 182, 183, 184, 185, 186, 187, 188, 189, 190, 191, 192, 205, 206, 207, 208, 209, 210, 210, 210 ],
          "attributes": {
            "src": "designs/244/top.sv:29.112-29.153",
            "unused_bits": "16 17 18 19 20 21 22 23"
          }
        },
        "input_data": {
          "hide_name": 0,
          "bits": [ 2, 3, 4 ],
          "attributes": {
            "src": "designs/244/top.sv:2.17-2.27"
          }
        },
        "output_data": {
          "hide_name": 0,
          "bits": [ 5, 6, 7, 8, 9, 10, 11, 12, 13, 14, 15, 16, 17, 18, 19, 20 ],
          "attributes": {
            "src": "designs/244/top.sv:3.19-3.30"
          }
        },
        "temp_0": {
          "hide_name": 0,
          "bits": [ 79, 80, 81, 82, 83, 84, 85, 86, 87, 88, 89, 90, 91, 92, 93, 94, 95 ],
          "attributes": {
            "src": "designs/244/top.sv:6.18-6.24"
          }
        },
        "temp_1": {
          "hide_name": 0,
          "bits": [ 23, 24, 25 ],
          "attributes": {
            "src": "designs/244/top.sv:7.17-7.23"
          }
        },
        "temp_12": {
          "hide_name": 0,
          "bits": [ 39, 40, 41, 42, 43, 44, 45 ],
          "attributes": {
            "src": "designs/244/top.sv:18.17-18.24"
          }
        },
        "temp_2": {
          "hide_name": 0,
          "bits": [ 77 ],
          "attributes": {
            "single_bit_vector": "00000000000000000000000000000001",
            "src": "designs/244/top.sv:8.17-8.23"
          }
        },
        "temp_3": {
          "hide_name": 0,
          "bits": [ "0", 46, 47, "0", "0", "0", "0", "0", "0", "0" ],
          "attributes": {
            "src": "designs/244/top.sv:9.17-9.23"
          }
        },
        "temp_5": {
          "hide_name": 0,
          "bits": [ 21, 22, 22, 22, 22, 22, 22, 22, 22, 22, 22, 22, 22, 22, 22, 22, 22, 22, 22, 22, 22, 22, 22, 22 ],
          "attributes": {
            "src": "designs/244/top.sv:11.18-11.24"
          }
        },
        "temp_8": {
          "hide_name": 0,
          "bits": [ 113, 114, 115, 116, 117, 118, 119, 120, 121, 122, 123, 124, 125, 126, 127, 128, "x", "x" ],
          "attributes": {
            "src": "designs/244/top.sv:14.18-14.24"
          }
        },
        "temp_9": {
          "hide_name": 0,
          "bits": [ 29, 30, 31, 35, 36, 37, 38, 12, 13, 14, 15, 16, 17, 18, 19, 20 ],
          "attributes": {
          }
        }
      }
    }
  }
}
