{
  "creator": "Yosys 0.60 (git sha1 5bafeb77dc71e054fa331ab9efa613e6fb0a1c49, clang++ 17.0.0 -fPIC -O3)",
  "modules": {
    "top": {
      "attributes": {
        "top": "00000000000000000000000000000001",
        "src": "designs/200/top.sv:1.1-32.10"
      },
      "ports": {
        "input_data": {
          "direction": "input",
          "bits": [ 2, 3, 4 ]
        },
        "output_data": {
          "direction": "output",
          "bits": [ 5, 6, 7, 8, 9, 10, 11, 12, 13, 14, 15, 16, 17, 18, 19, 20 ]
        }
      },
      "cells": {
        "$add$designs/200/top.sv:21$17": {
          "hide_name": 1,
          "type": "$add",
          "parameters": {
            "A_SIGNED": "00000000000000000000000000000000",
            "A_WIDTH": "00000000000000000000000000000011",
            "B_SIGNED": "00000000000000000000000000000000",
            "B_WIDTH": "00000000000000000000000000000110",
            "Y_WIDTH": "00000000000000000000000000000111"
          },
          "attributes": {
            "src": "designs/200/top.sv:21.53-21.81"
          },
          "port_directions": {
            "A": "input",
            "B": "input",
            "Y": "output"
          },
          "connections": {
            "A": [ 2, 3, 4 ],
            "B": [ 21, 22, 23, 24, 25, 26 ],
            "Y": [ 27, 28, 29, 30, 31, 32, 33 ]
          }
        },
        "$add$designs/200/top.sv:23$33": {
          "hide_name": 1,
          "type": "$add",
          "parameters": {
            "A_SIGNED": "00000000000000000000000000000000",
            "A_WIDTH": "00000000000000000000000000011111",
            "B_SIGNED": "00000000000000000000000000000000",
            "B_WIDTH": "00000000000000000000000000011111",
            "Y_WIDTH": "00000000000000000000000000011111"
          },
          "attributes": {
            "src": "designs/200/top.sv:23.90-23.143"
          },
          "port_directions": {
            "A": "input",
            "B": "input",
            "Y": "output"
          },
          "connections": {
            "A": [ 34, 35, 36, 37, 38, 39, 40, 41, 42, 43, 44, 45, 46, 47, 48, 49, 50, 51, 52, 53, 54, 55, 56, 57, 58, 59, 60, 61, 62, 63, 64 ],
            "B": [ 65, 66, 67, 68, 69, 70, "0", "0", "0", "0", "0", "0", "0", "0", "0", "0", "0", "0", "0", "0", "0", "0", "0", "0", "0", "0", "0", "0", "0", "0", "0" ],
            "Y": [ 71, 72, 73, 74, 75, 76, 77, 78, 79, 80, 81, 82, 83, 84, 85, 86, 87, 88, 89, 90, 91, 92, 93, 94, 95, 96, 97, 98, 99, 100, 101 ]
          }
        },
        "$add$designs/200/top.sv:23$41": {
          "hide_name": 1,
          "type": "$add",
          "parameters": {
            "A_SIGNED": "00000000000000000000000000000000",
            "A_WIDTH": "00000000000000000000000000011000",
            "B_SIGNED": "00000000000000000000000000000000",
            "B_WIDTH": "00000000000000000000000000011000",
            "Y_WIDTH": "00000000000000000000000000011000"
          },
          "attributes": {
            "src": "designs/200/top.sv:23.30-23.214"
          },
          "port_directions": {
            "A": "input",
            "B": "input",
            "Y": "output"
          },
          "connections": {
            "A": [ 102, 103, 104, 105, 106, 107, "0", "0", "0", "0", "0", "0", "0", "0", "0", "0", "0", "0", "0", "0", "0", "0", "0", "0" ],
            "B": [ 108, "1", "1", "1", "1", "1", "1", "1", "1", "1", "1", "1", "1", "1", "1", "1", "1", "1", "1", "1", "1", "1", "1", "1" ],
            "Y": [ 109, 110, 111, 112, 113, 114, 115, 116, 117, 118, 119, 120, 121, 122, 123, 124, 125, 126, 127, 128, 129, 130, 131, 132 ]
          }
        },
        "$add$designs/200/top.sv:24$53": {
          "hide_name": 1,
          "type": "$add",
          "parameters": {
            "A_SIGNED": "00000000000000000000000000000000",
            "A_WIDTH": "00000000000000000000000000011000",
            "B_SIGNED": "00000000000000000000000000000000",
            "B_WIDTH": "00000000000000000000000000000011",
            "Y_WIDTH": "00000000000000000000000000011000"
          },
          "attributes": {
            "src": "designs/200/top.sv:24.327-24.355"
          },
          "port_directions": {
            "A": "input",
            "B": "input",
            "Y": "output"
          },
          "connections": {
            "A": [ 109, 110, 111, 112, 113, 114, 115, 116, 117, 118, 119, 120, 121, 122, 123, 124, 125, 126, 127, 128, 129, 130, 131, 132 ],
            "B": [ 2, 3, 4 ],
            "Y": [ 133, 134, 135, 136, 137, 138, 139, 140, 141, 142, 143, 144, 145, 146, 147, 148, 149, 150, 151, 152, 153, 154, 155, 156 ]
          }
        },
        "$add$designs/200/top.sv:24$67": {
          "hide_name": 1,
          "type": "$add",
          "parameters": {
            "A_SIGNED": "00000000000000000000000000000000",
            "A_WIDTH": "00000000000000000000000000010010",
            "B_SIGNED": "00000000000000000000000000000000",
            "B_WIDTH": "00000000000000000000000000001000",
            "Y_WIDTH": "00000000000000000000000000010010"
          },
          "attributes": {
            "src": "designs/200/top.sv:24.233-24.483"
          },
          "port_directions": {
            "A": "input",
            "B": "input",
            "Y": "output"
          },
          "connections": {
            "A": [ 157, 158, 159, 160, 161, 162, 163, 164, 165, 166, 167, 168, 169, 170, 171, 172, 173, 174 ],
            "B": [ 175, 28, 29, 30, 31, 32, 33, "0" ],
            "Y": [ 176, 177, 178, 179, 180, 181, 182, 183, 184, 185, 186, 187, 188, 189, 190, 191, 192, 193 ]
          }
        },
        "$add$designs/200/top.sv:26$76": {
          "hide_name": 1,
          "type": "$add",
          "parameters": {
            "A_SIGNED": "00000000000000000000000000000000",
            "A_WIDTH": "00000000000000000000000000001111",
            "B_SIGNED": "00000000000000000000000000000000",
            "B_WIDTH": "00000000000000000000000000010010",
            "Y_WIDTH": "00000000000000000000000000010010"
          },
          "attributes": {
            "src": "designs/200/top.sv:26.93-26.123"
          },
          "port_directions": {
            "A": "input",
            "B": "input",
            "Y": "output"
          },
          "connections": {
            "A": [ "1", "0", "1", "1", "1", "0", "0", "1", "1", "0", "1", "0", "1", "1", "1" ],
            "B": [ 194, 195, 196, 197, 198, 199, "1", "1", "1", "1", "1", "1", "1", "1", "1", "1", "1", "1" ],
            "Y": [ 200, 201, 202, 203, 204, 205, 206, 207, 208, 209, 210, 211, 212, 213, 214, 215, 216, 217 ]
          }
        },
        "$add$designs/200/top.sv:26$82": {
          "hide_name": 1,
          "type": "$add",
          "parameters": {
            "A_SIGNED": "00000000000000000000000000000000",
            "A_WIDTH": "00000000000000000000000000010010",
            "B_SIGNED": "00000000000000000000000000000000",
            "B_WIDTH": "00000000000000000000000000000001",
            "Y_WIDTH": "00000000000000000000000000010010"
          },
          "attributes": {
            "src": "designs/200/top.sv:26.53-26.170"
          },
          "port_directions": {
            "A": "input",
            "B": "input",
            "Y": "output"
          },
          "connections": {
            "A": [ 218, 219, 220, 221, 222, 223, 224, 225, 226, 227, 228, 229, 230, 231, 232, 233, 234, 235 ],
            "B": [ 236 ],
            "Y": [ 237, 238, 239, 240, 241, 242, 243, 244, 245, 246, 247, 248, 249, 250, 251, 252, 253, 254 ]
          }
        },
        "$add$designs/200/top.sv:30$93": {
          "hide_name": 1,
          "type": "$add",
          "parameters": {
            "A_SIGNED": "00000000000000000000000000000000",
            "A_WIDTH": "00000000000000000000000000010000",
            "B_SIGNED": "00000000000000000000000000000000",
            "B_WIDTH": "00000000000000000000000000010000",
            "Y_WIDTH": "00000000000000000000000000010000"
          },
          "attributes": {
            "src": "designs/200/top.sv:30.55-30.110"
          },
          "port_directions": {
            "A": "input",
            "B": "input",
            "Y": "output"
          },
          "connections": {
            "A": [ 255, 256, 257, 258, 259, 260, "0", "0", "0", "0", "0", "0", "0", "0", "0", "0" ],
            "B": [ 261, 262, 263, 264, 265, 266, 267, 268, 269, 270, 271, 272, 273, 274, 275, 276 ],
            "Y": [ 277, 278, 279, 280, 281, 282, 283, 284, 285, 286, 287, 288, 289, 290, 291, 292 ]
          }
        },
        "$and$designs/200/top.sv:18$3": {
          "hide_name": 1,
          "type": "$and",
          "parameters": {
            "A_SIGNED": "00000000000000000000000000000000",
            "A_WIDTH": "00000000000000000000000000000011",
            "B_SIGNED": "00000000000000000000000000000000",
            "B_WIDTH": "00000000000000000000000000000011",
            "Y_WIDTH": "00000000000000000000000000000011"
          },
          "attributes": {
            "src": "designs/200/top.sv:18.62-18.123"
          },
          "port_directions": {
            "A": "input",
            "B": "input",
            "Y": "output"
          },
          "connections": {
            "A": [ 293, 294, 295 ],
            "B": [ 2, 3, 4 ],
            "Y": [ 296, 297, 298 ]
          }
        },
        "$and$designs/200/top.sv:20$15": {
          "hide_name": 1,
          "type": "$and",
          "parameters": {
            "A_SIGNED": "00000000000000000000000000000000",
            "A_WIDTH": "00000000000000000000000000000001",
            "B_SIGNED": "00000000000000000000000000000000",
            "B_WIDTH": "00000000000000000000000000000001",
            "Y_WIDTH": "00000000000000000000000000000001"
          },
          "attributes": {
            "src": "designs/200/top.sv:20.23-20.58"
          },
          "port_directions": {
            "A": "input",
            "B": "input",
            "Y": "output"
          },
          "connections": {
            "A": [ 299 ],
            "B": [ 3 ],
            "Y": [ 300 ]
          }
        },
        "$auto$opt_expr.cc:250:group_cell_inputs$229": {
          "hide_name": 1,
          "type": "$not",
          "parameters": {
            "A_SIGNED": "00000000000000000000000000000000",
            "A_WIDTH": "00000000000000000000000000000001",
            "Y_WIDTH": "00000000000000000000000000000001"
          },
          "attributes": {
          },
          "port_directions": {
            "A": "input",
            "Y": "output"
          },
          "connections": {
            "A": [ 301 ],
            "Y": [ 302 ]
          }
        },
        "$auto$opt_expr.cc:250:group_cell_inputs$231": {
          "hide_name": 1,
          "type": "$not",
          "parameters": {
            "A_SIGNED": "00000000000000000000000000000000",
            "A_WIDTH": "00000000000000000000000000000001",
            "Y_WIDTH": "00000000000000000000000000000001"
          },
          "attributes": {
          },
          "port_directions": {
            "A": "input",
            "Y": "output"
          },
          "connections": {
            "A": [ 303 ],
            "Y": [ 304 ]
          }
        },
        "$auto$opt_expr.cc:250:group_cell_inputs$233": {
          "hide_name": 1,
          "type": "$not",
          "parameters": {
            "A_SIGNED": "00000000000000000000000000000000",
            "A_WIDTH": "00000000000000000000000000000001",
            "Y_WIDTH": "00000000000000000000000000000001"
          },
          "attributes": {
          },
          "port_directions": {
            "A": "input",
            "Y": "output"
          },
          "connections": {
            "A": [ 305 ],
            "Y": [ 306 ]
          }
        },
        "$auto$opt_expr.cc:250:group_cell_inputs$235": {
          "hide_name": 1,
          "type": "$not",
          "parameters": {
            "A_SIGNED": "00000000000000000000000000000000",
            "A_WIDTH": "00000000000000000000000000000001",
            "Y_WIDTH": "00000000000000000000000000000001"
          },
          "attributes": {
          },
          "port_directions": {
            "A": "input",
            "Y": "output"
          },
          "connections": {
            "A": [ 307 ],
            "Y": [ 308 ]
          }
        },
        "$auto$opt_expr.cc:250:group_cell_inputs$237": {
          "hide_name": 1,
          "type": "$not",
          "parameters": {
            "A_SIGNED": "00000000000000000000000000000000",
            "A_WIDTH": "00000000000000000000000000000001",
            "Y_WIDTH": "00000000000000000000000000000001"
          },
          "attributes": {
          },
          "port_directions": {
            "A": "input",
            "Y": "output"
          },
          "connections": {
            "A": [ 309 ],
            "Y": [ 310 ]
          }
        },
        "$auto$opt_expr.cc:250:group_cell_inputs$239": {
          "hide_name": 1,
          "type": "$not",
          "parameters": {
            "A_SIGNED": "00000000000000000000000000000000",
            "A_WIDTH": "00000000000000000000000000000001",
            "Y_WIDTH": "00000000000000000000000000000001"
          },
          "attributes": {
          },
          "port_directions": {
            "A": "input",
            "Y": "output"
          },
          "connections": {
            "A": [ 311 ],
            "Y": [ 312 ]
          }
        },
        "$auto$opt_expr.cc:250:group_cell_inputs$241": {
          "hide_name": 1,
          "type": "$not",
          "parameters": {
            "A_SIGNED": "00000000000000000000000000000000",
            "A_WIDTH": "00000000000000000000000000000001",
            "Y_WIDTH": "00000000000000000000000000000001"
          },
          "attributes": {
          },
          "port_directions": {
            "A": "input",
            "Y": "output"
          },
          "connections": {
            "A": [ 313 ],
            "Y": [ 314 ]
          }
        },
        "$auto$opt_expr.cc:250:group_cell_inputs$243": {
          "hide_name": 1,
          "type": "$not",
          "parameters": {
            "A_SIGNED": "00000000000000000000000000000000",
            "A_WIDTH": "00000000000000000000000000000001",
            "Y_WIDTH": "00000000000000000000000000000001"
          },
          "attributes": {
          },
          "port_directions": {
            "A": "input",
            "Y": "output"
          },
          "connections": {
            "A": [ 315 ],
            "Y": [ 316 ]
          }
        },
        "$auto$opt_expr.cc:250:group_cell_inputs$245": {
          "hide_name": 1,
          "type": "$not",
          "parameters": {
            "A_SIGNED": "00000000000000000000000000000000",
            "A_WIDTH": "00000000000000000000000000000001",
            "Y_WIDTH": "00000000000000000000000000000001"
          },
          "attributes": {
          },
          "port_directions": {
            "A": "input",
            "Y": "output"
          },
          "connections": {
            "A": [ 317 ],
            "Y": [ 318 ]
          }
        },
        "$auto$opt_expr.cc:250:group_cell_inputs$247": {
          "hide_name": 1,
          "type": "$not",
          "parameters": {
            "A_SIGNED": "00000000000000000000000000000000",
            "A_WIDTH": "00000000000000000000000000000001",
            "Y_WIDTH": "00000000000000000000000000000001"
          },
          "attributes": {
          },
          "port_directions": {
            "A": "input",
            "Y": "output"
          },
          "connections": {
            "A": [ 319 ],
            "Y": [ 320 ]
          }
        },
        "$auto$opt_expr.cc:250:group_cell_inputs$249": {
          "hide_name": 1,
          "type": "$not",
          "parameters": {
            "A_SIGNED": "00000000000000000000000000000000",
            "A_WIDTH": "00000000000000000000000000000001",
            "Y_WIDTH": "00000000000000000000000000000001"
          },
          "attributes": {
          },
          "port_directions": {
            "A": "input",
            "Y": "output"
          },
          "connections": {
            "A": [ 321 ],
            "Y": [ 322 ]
          }
        },
        "$auto$opt_expr.cc:250:group_cell_inputs$251": {
          "hide_name": 1,
          "type": "$not",
          "parameters": {
            "A_SIGNED": "00000000000000000000000000000000",
            "A_WIDTH": "00000000000000000000000000000001",
            "Y_WIDTH": "00000000000000000000000000000001"
          },
          "attributes": {
          },
          "port_directions": {
            "A": "input",
            "Y": "output"
          },
          "connections": {
            "A": [ 323 ],
            "Y": [ 324 ]
          }
        },
        "$auto$opt_expr.cc:250:group_cell_inputs$253": {
          "hide_name": 1,
          "type": "$not",
          "parameters": {
            "A_SIGNED": "00000000000000000000000000000000",
            "A_WIDTH": "00000000000000000000000000000001",
            "Y_WIDTH": "00000000000000000000000000000001"
          },
          "attributes": {
          },
          "port_directions": {
            "A": "input",
            "Y": "output"
          },
          "connections": {
            "A": [ 325 ],
            "Y": [ 326 ]
          }
        },
        "$auto$opt_expr.cc:250:group_cell_inputs$255": {
          "hide_name": 1,
          "type": "$not",
          "parameters": {
            "A_SIGNED": "00000000000000000000000000000000",
            "A_WIDTH": "00000000000000000000000000000001",
            "Y_WIDTH": "00000000000000000000000000000001"
          },
          "attributes": {
          },
          "port_directions": {
            "A": "input",
            "Y": "output"
          },
          "connections": {
            "A": [ 327 ],
            "Y": [ 328 ]
          }
        },
        "$auto$opt_expr.cc:250:group_cell_inputs$257": {
          "hide_name": 1,
          "type": "$not",
          "parameters": {
            "A_SIGNED": "00000000000000000000000000000000",
            "A_WIDTH": "00000000000000000000000000000001",
            "Y_WIDTH": "00000000000000000000000000000001"
          },
          "attributes": {
          },
          "port_directions": {
            "A": "input",
            "Y": "output"
          },
          "connections": {
            "A": [ 329 ],
            "Y": [ 330 ]
          }
        },
        "$auto$opt_expr.cc:250:group_cell_inputs$259": {
          "hide_name": 1,
          "type": "$not",
          "parameters": {
            "A_SIGNED": "00000000000000000000000000000000",
            "A_WIDTH": "00000000000000000000000000000001",
            "Y_WIDTH": "00000000000000000000000000000001"
          },
          "attributes": {
          },
          "port_directions": {
            "A": "input",
            "Y": "output"
          },
          "connections": {
            "A": [ 331 ],
            "Y": [ 332 ]
          }
        },
        "$auto$opt_expr.cc:250:group_cell_inputs$261": {
          "hide_name": 1,
          "type": "$not",
          "parameters": {
            "A_SIGNED": "00000000000000000000000000000000",
            "A_WIDTH": "00000000000000000000000000000001",
            "Y_WIDTH": "00000000000000000000000000000001"
          },
          "attributes": {
          },
          "port_directions": {
            "A": "input",
            "Y": "output"
          },
          "connections": {
            "A": [ 333 ],
            "Y": [ 334 ]
          }
        },
        "$auto$opt_expr.cc:250:group_cell_inputs$263": {
          "hide_name": 1,
          "type": "$not",
          "parameters": {
            "A_SIGNED": "00000000000000000000000000000000",
            "A_WIDTH": "00000000000000000000000000000001",
            "Y_WIDTH": "00000000000000000000000000000001"
          },
          "attributes": {
          },
          "port_directions": {
            "A": "input",
            "Y": "output"
          },
          "connections": {
            "A": [ 335 ],
            "Y": [ 336 ]
          }
        },
        "$auto$opt_expr.cc:250:group_cell_inputs$265": {
          "hide_name": 1,
          "type": "$not",
          "parameters": {
            "A_SIGNED": "00000000000000000000000000000000",
            "A_WIDTH": "00000000000000000000000000000001",
            "Y_WIDTH": "00000000000000000000000000000001"
          },
          "attributes": {
          },
          "port_directions": {
            "A": "input",
            "Y": "output"
          },
          "connections": {
            "A": [ 337 ],
            "Y": [ 338 ]
          }
        },
        "$auto$opt_expr.cc:250:group_cell_inputs$273": {
          "hide_name": 1,
          "type": "$not",
          "parameters": {
            "A_SIGNED": "00000000000000000000000000000000",
            "A_WIDTH": "00000000000000000000000000000001",
            "Y_WIDTH": "00000000000000000000000000000001"
          },
          "attributes": {
          },
          "port_directions": {
            "A": "input",
            "Y": "output"
          },
          "connections": {
            "A": [ 26 ],
            "Y": [ 339 ]
          }
        },
        "$auto$opt_expr.cc:276:group_cell_inputs$109": {
          "hide_name": 1,
          "type": "$not",
          "parameters": {
            "A_SIGNED": "00000000000000000000000000000000",
            "A_WIDTH": "00000000000000000000000000000110",
            "Y_WIDTH": "00000000000000000000000000000110"
          },
          "attributes": {
          },
          "port_directions": {
            "A": "input",
            "Y": "output"
          },
          "connections": {
            "A": [ 21, 22, 23, 24, 25, 26 ],
            "Y": [ 194, 195, 196, 197, 198, 199 ]
          }
        },
        "$auto$opt_expr.cc:276:group_cell_inputs$113": {
          "hide_name": 1,
          "type": "$xor",
          "parameters": {
            "A_SIGNED": "00000000000000000000000000000000",
            "A_WIDTH": "00000000000000000000000000000001",
            "B_SIGNED": "00000000000000000000000000000000",
            "B_WIDTH": "00000000000000000000000000000001",
            "Y_WIDTH": "00000000000000000000000000000001"
          },
          "attributes": {
          },
          "port_directions": {
            "A": "input",
            "B": "input",
            "Y": "output"
          },
          "connections": {
            "A": [ 27 ],
            "B": [ 236 ],
            "Y": [ 340 ]
          }
        },
        "$auto$opt_expr.cc:276:group_cell_inputs$116": {
          "hide_name": 1,
          "type": "$xor",
          "parameters": {
            "A_SIGNED": "00000000000000000000000000000000",
            "A_WIDTH": "00000000000000000000000000000001",
            "B_SIGNED": "00000000000000000000000000000000",
            "B_WIDTH": "00000000000000000000000000000001",
            "Y_WIDTH": "00000000000000000000000000000001"
          },
          "attributes": {
          },
          "port_directions": {
            "A": "input",
            "B": "input",
            "Y": "output"
          },
          "connections": {
            "A": [ 340 ],
            "B": [ 236 ],
            "Y": [ 175 ]
          }
        },
        "$auto$opt_expr.cc:276:group_cell_inputs$133": {
          "hide_name": 1,
          "type": "$xor",
          "parameters": {
            "A_SIGNED": "00000000000000000000000000000000",
            "A_WIDTH": "00000000000000000000000000000110",
            "B_SIGNED": "00000000000000000000000000000000",
            "B_WIDTH": "00000000000000000000000000000110",
            "Y_WIDTH": "00000000000000000000000000000110"
          },
          "attributes": {
          },
          "port_directions": {
            "A": "input",
            "B": "input",
            "Y": "output"
          },
          "connections": {
            "A": [ 341, 342, 343, 344, 345, 346 ],
            "B": [ 21, 22, 23, 24, 25, 26 ],
            "Y": [ 347, 348, 349, 350, 351, 352 ]
          }
        },
        "$auto$opt_expr.cc:276:group_cell_inputs$136": {
          "hide_name": 1,
          "type": "$and",
          "parameters": {
            "A_SIGNED": "00000000000000000000000000000000",
            "A_WIDTH": "00000000000000000000000000000110",
            "B_SIGNED": "00000000000000000000000000000000",
            "B_WIDTH": "00000000000000000000000000000110",
            "Y_WIDTH": "00000000000000000000000000000110"
          },
          "attributes": {
          },
          "port_directions": {
            "A": "input",
            "B": "input",
            "Y": "output"
          },
          "connections": {
            "A": [ 353, 354, 355, 356, 357, 358 ],
            "B": [ 21, 22, 23, 24, 25, 26 ],
            "Y": [ 65, 66, 67, 68, 69, 70 ]
          }
        },
        "$auto$opt_expr.cc:276:group_cell_inputs$144": {
          "hide_name": 1,
          "type": "$and",
          "parameters": {
            "A_SIGNED": "00000000000000000000000000000000",
            "A_WIDTH": "00000000000000000000000000000001",
            "B_SIGNED": "00000000000000000000000000000000",
            "B_WIDTH": "00000000000000000000000000000001",
            "Y_WIDTH": "00000000000000000000000000000001"
          },
          "attributes": {
          },
          "port_directions": {
            "A": "input",
            "B": "input",
            "Y": "output"
          },
          "connections": {
            "A": [ 71 ],
            "B": [ 236 ],
            "Y": [ 359 ]
          }
        },
        "$auto$opt_expr.cc:276:group_cell_inputs$148": {
          "hide_name": 1,
          "type": "$and",
          "parameters": {
            "A_SIGNED": "00000000000000000000000000000000",
            "A_WIDTH": "00000000000000000000000000000110",
            "B_SIGNED": "00000000000000000000000000000000",
            "B_WIDTH": "00000000000000000000000000000110",
            "Y_WIDTH": "00000000000000000000000000000110"
          },
          "attributes": {
          },
          "port_directions": {
            "A": "input",
            "B": "input",
            "Y": "output"
          },
          "connections": {
            "A": [ 360, 361, 362, 363, 364, 365 ],
            "B": [ 21, 22, 23, 24, 25, 26 ],
            "Y": [ 366, 367, 368, 369, 370, 371 ]
          }
        },
        "$auto$opt_expr.cc:276:group_cell_inputs$152": {
          "hide_name": 1,
          "type": "$xor",
          "parameters": {
            "A_SIGNED": "00000000000000000000000000000000",
            "A_WIDTH": "00000000000000000000000000000110",
            "B_SIGNED": "00000000000000000000000000000000",
            "B_WIDTH": "00000000000000000000000000000110",
            "Y_WIDTH": "00000000000000000000000000000110"
          },
          "attributes": {
          },
          "port_directions": {
            "A": "input",
            "B": "input",
            "Y": "output"
          },
          "connections": {
            "A": [ 366, 367, 368, 369, 370, 371 ],
            "B": [ 21, 22, 23, 24, 25, 26 ],
            "Y": [ 102, 103, 104, 105, 106, 107 ]
          }
        },
        "$auto$opt_expr.cc:276:group_cell_inputs$155": {
          "hide_name": 1,
          "type": "$not",
          "parameters": {
            "A_SIGNED": "00000000000000000000000000000000",
            "A_WIDTH": "00000000000000000000000000000001",
            "Y_WIDTH": "00000000000000000000000000000001"
          },
          "attributes": {
          },
          "port_directions": {
            "A": "input",
            "Y": "output"
          },
          "connections": {
            "A": [ 236 ],
            "Y": [ 108 ]
          }
        },
        "$auto$opt_expr.cc:276:group_cell_inputs$159": {
          "hide_name": 1,
          "type": "$and",
          "parameters": {
            "A_SIGNED": "00000000000000000000000000000000",
            "A_WIDTH": "00000000000000000000000000000011",
            "B_SIGNED": "00000000000000000000000000000000",
            "B_WIDTH": "00000000000000000000000000000011",
            "Y_WIDTH": "00000000000000000000000000000011"
          },
          "attributes": {
          },
          "port_directions": {
            "A": "input",
            "B": "input",
            "Y": "output"
          },
          "connections": {
            "A": [ 65, 66, 67 ],
            "B": [ 2, 3, 4 ],
            "Y": [ 372, 373, 374 ]
          }
        },
        "$auto$opt_expr.cc:276:group_cell_inputs$163": {
          "hide_name": 1,
          "type": "$and",
          "parameters": {
            "A_SIGNED": "00000000000000000000000000000000",
            "A_WIDTH": "00000000000000000000000000000011",
            "B_SIGNED": "00000000000000000000000000000000",
            "B_WIDTH": "00000000000000000000000000000011",
            "Y_WIDTH": "00000000000000000000000000000011"
          },
          "attributes": {
          },
          "port_directions": {
            "A": "input",
            "B": "input",
            "Y": "output"
          },
          "connections": {
            "A": [ 375, 376, 377 ],
            "B": [ 2, 3, 4 ],
            "Y": [ 378, 379, 380 ]
          }
        },
        "$auto$opt_expr.cc:276:group_cell_inputs$167": {
          "hide_name": 1,
          "type": "$or",
          "parameters": {
            "A_SIGNED": "00000000000000000000000000000000",
            "A_WIDTH": "00000000000000000000000000000011",
            "B_SIGNED": "00000000000000000000000000000000",
            "B_WIDTH": "00000000000000000000000000000011",
            "Y_WIDTH": "00000000000000000000000000000011"
          },
          "attributes": {
          },
          "port_directions": {
            "A": "input",
            "B": "input",
            "Y": "output"
          },
          "connections": {
            "A": [ 378, 379, 380 ],
            "B": [ 2, 3, 4 ],
            "Y": [ 381, 382, 383 ]
          }
        },
        "$auto$opt_expr.cc:276:group_cell_inputs$173": {
          "hide_name": 1,
          "type": "$not",
          "parameters": {
            "A_SIGNED": "00000000000000000000000000000000",
            "A_WIDTH": "00000000000000000000000000000011",
            "Y_WIDTH": "00000000000000000000000000000011"
          },
          "attributes": {
          },
          "port_directions": {
            "A": "input",
            "Y": "output"
          },
          "connections": {
            "A": [ 2, 3, 4 ],
            "Y": [ 384, 385, 386 ]
          }
        },
        "$auto$opt_expr.cc:276:group_cell_inputs$180": {
          "hide_name": 1,
          "type": "$not",
          "parameters": {
            "A_SIGNED": "00000000000000000000000000000000",
            "A_WIDTH": "00000000000000000000000000000101",
            "Y_WIDTH": "00000000000000000000000000000101"
          },
          "attributes": {
          },
          "port_directions": {
            "A": "input",
            "Y": "output"
          },
          "connections": {
            "A": [ 21, 22, 23, 24, 25 ],
            "Y": [ 387, 388, 389, 390, 391 ]
          }
        },
        "$auto$opt_expr.cc:276:group_cell_inputs$188": {
          "hide_name": 1,
          "type": "$or",
          "parameters": {
            "A_SIGNED": "00000000000000000000000000000000",
            "A_WIDTH": "00000000000000000000000000000110",
            "B_SIGNED": "00000000000000000000000000000000",
            "B_WIDTH": "00000000000000000000000000000110",
            "Y_WIDTH": "00000000000000000000000000000110"
          },
          "attributes": {
          },
          "port_directions": {
            "A": "input",
            "B": "input",
            "Y": "output"
          },
          "connections": {
            "A": [ 392, 393, 394, 395, 396, 397 ],
            "B": [ 21, 22, 23, 24, 25, 26 ],
            "Y": [ 398, 399, 400, 401, 402, 403 ]
          }
        },
        "$auto$opt_expr.cc:276:group_cell_inputs$191": {
          "hide_name": 1,
          "type": "$or",
          "parameters": {
            "A_SIGNED": "00000000000000000000000000000000",
            "A_WIDTH": "00000000000000000000000000000011",
            "B_SIGNED": "00000000000000000000000000000000",
            "B_WIDTH": "00000000000000000000000000000011",
            "Y_WIDTH": "00000000000000000000000000000011"
          },
          "attributes": {
          },
          "port_directions": {
            "A": "input",
            "B": "input",
            "Y": "output"
          },
          "connections": {
            "A": [ 404, 405, 406 ],
            "B": [ 2, 3, 4 ],
            "Y": [ 157, 158, 159 ]
          }
        },
        "$auto$opt_expr.cc:276:group_cell_inputs$202": {
          "hide_name": 1,
          "type": "$xor",
          "parameters": {
            "A_SIGNED": "00000000000000000000000000000000",
            "A_WIDTH": "00000000000000000000000000000010",
            "B_SIGNED": "00000000000000000000000000000000",
            "B_WIDTH": "00000000000000000000000000000010",
            "Y_WIDTH": "00000000000000000000000000000010"
          },
          "attributes": {
          },
          "port_directions": {
            "A": "input",
            "B": "input",
            "Y": "output"
          },
          "connections": {
            "A": [ 407, 408 ],
            "B": [ 409, 410 ],
            "Y": [ 411, 412 ]
          }
        },
        "$auto$opt_expr.cc:276:group_cell_inputs$205": {
          "hide_name": 1,
          "type": "$xor",
          "parameters": {
            "A_SIGNED": "00000000000000000000000000000000",
            "A_WIDTH": "00000000000000000000000000000110",
            "B_SIGNED": "00000000000000000000000000000000",
            "B_WIDTH": "00000000000000000000000000000110",
            "Y_WIDTH": "00000000000000000000000000000110"
          },
          "attributes": {
          },
          "port_directions": {
            "A": "input",
            "B": "input",
            "Y": "output"
          },
          "connections": {
            "A": [ 65, 66, 67, 68, 69, 70 ],
            "B": [ 21, 22, 23, 24, 25, 26 ],
            "Y": [ 255, 256, 257, 258, 259, 260 ]
          }
        },
        "$auto$opt_expr.cc:276:group_cell_inputs$208": {
          "hide_name": 1,
          "type": "$not",
          "parameters": {
            "A_SIGNED": "00000000000000000000000000000000",
            "A_WIDTH": "00000000000000000000000000000010",
            "Y_WIDTH": "00000000000000000000000000000010"
          },
          "attributes": {
          },
          "port_directions": {
            "A": "input",
            "Y": "output"
          },
          "connections": {
            "A": [ 409, 410 ],
            "Y": [ 413, 414 ]
          }
        },
        "$auto$opt_expr.cc:276:group_cell_inputs$212": {
          "hide_name": 1,
          "type": "$not",
          "parameters": {
            "A_SIGNED": "00000000000000000000000000000000",
            "A_WIDTH": "00000000000000000000000000000001",
            "Y_WIDTH": "00000000000000000000000000000001"
          },
          "attributes": {
          },
          "port_directions": {
            "A": "input",
            "Y": "output"
          },
          "connections": {
            "A": [ 4 ],
            "Y": [ 415 ]
          }
        },
        "$auto$opt_expr.cc:276:group_cell_inputs$216": {
          "hide_name": 1,
          "type": "$xor",
          "parameters": {
            "A_SIGNED": "00000000000000000000000000000000",
            "A_WIDTH": "00000000000000000000000000000100",
            "B_SIGNED": "00000000000000000000000000000000",
            "B_WIDTH": "00000000000000000000000000000100",
            "Y_WIDTH": "00000000000000000000000000000100"
          },
          "attributes": {
          },
          "port_directions": {
            "A": "input",
            "B": "input",
            "Y": "output"
          },
          "connections": {
            "A": [ 416, 339, 417, 418 ],
            "B": [ 23, 26, 21, 22 ],
            "Y": [ 419, 420, 421, 422 ]
          }
        },
        "$auto$opt_expr.cc:276:group_cell_inputs$220": {
          "hide_name": 1,
          "type": "$not",
          "parameters": {
            "A_SIGNED": "00000000000000000000000000000000",
            "A_WIDTH": "00000000000000000000000000000110",
            "Y_WIDTH": "00000000000000000000000000000110"
          },
          "attributes": {
          },
          "port_directions": {
            "A": "input",
            "Y": "output"
          },
          "connections": {
            "A": [ 65, 66, 67, 68, 69, 70 ],
            "Y": [ 423, 424, 425, 426, 427, 428 ]
          }
        },
        "$auto$opt_expr.cc:276:group_cell_inputs$224": {
          "hide_name": 1,
          "type": "$or",
          "parameters": {
            "A_SIGNED": "00000000000000000000000000000000",
            "A_WIDTH": "00000000000000000000000000000011",
            "B_SIGNED": "00000000000000000000000000000000",
            "B_WIDTH": "00000000000000000000000000000011",
            "Y_WIDTH": "00000000000000000000000000000011"
          },
          "attributes": {
          },
          "port_directions": {
            "A": "input",
            "B": "input",
            "Y": "output"
          },
          "connections": {
            "A": [ 381, 382, 383 ],
            "B": [ 109, 110, 111 ],
            "Y": [ 429, 430, 431 ]
          }
        },
        "$auto$opt_expr.cc:276:group_cell_inputs$227": {
          "hide_name": 1,
          "type": "$xor",
          "parameters": {
            "A_SIGNED": "00000000000000000000000000000000",
            "A_WIDTH": "00000000000000000000000000000101",
            "B_SIGNED": "00000000000000000000000000000000",
            "B_WIDTH": "00000000000000000000000000000101",
            "Y_WIDTH": "00000000000000000000000000000101"
          },
          "attributes": {
          },
          "port_directions": {
            "A": "input",
            "B": "input",
            "Y": "output"
          },
          "connections": {
            "A": [ 432, 433, 434, 435, 436 ],
            "B": [ 387, 388, 389, 390, 391 ],
            "Y": [ 437, 438, 439, 440, 441 ]
          }
        },
        "$auto$opt_expr.cc:276:group_cell_inputs$268": {
          "hide_name": 1,
          "type": "$and",
          "parameters": {
            "A_SIGNED": "00000000000000000000000000000000",
            "A_WIDTH": "00000000000000000000000000000010",
            "B_SIGNED": "00000000000000000000000000000000",
            "B_WIDTH": "00000000000000000000000000000010",
            "Y_WIDTH": "00000000000000000000000000000010"
          },
          "attributes": {
          },
          "port_directions": {
            "A": "input",
            "B": "input",
            "Y": "output"
          },
          "connections": {
            "A": [ 277, 278 ],
            "B": [ 413, 414 ],
            "Y": [ 442, 443 ]
          }
        },
        "$auto$opt_expr.cc:276:group_cell_inputs$271": {
          "hide_name": 1,
          "type": "$xor",
          "parameters": {
            "A_SIGNED": "00000000000000000000000000000000",
            "A_WIDTH": "00000000000000000000000000000011",
            "B_SIGNED": "00000000000000000000000000000000",
            "B_WIDTH": "00000000000000000000000000000011",
            "Y_WIDTH": "00000000000000000000000000000011"
          },
          "attributes": {
          },
          "port_directions": {
            "A": "input",
            "B": "input",
            "Y": "output"
          },
          "connections": {
            "A": [ 415, 2, 3 ],
            "B": [ 23, 21, 22 ],
            "Y": [ 416, 417, 418 ]
          }
        },
        "$auto$opt_expr.cc:276:group_cell_inputs$276": {
          "hide_name": 1,
          "type": "$or",
          "parameters": {
            "A_SIGNED": "00000000000000000000000000000000",
            "A_WIDTH": "00000000000000000000000000000110",
            "B_SIGNED": "00000000000000000000000000000000",
            "B_WIDTH": "00000000000000000000000000000110",
            "Y_WIDTH": "00000000000000000000000000000110"
          },
          "attributes": {
          },
          "port_directions": {
            "A": "input",
            "B": "input",
            "Y": "output"
          },
          "connections": {
            "A": [ 444, 445, 446, 447, 448, 449 ],
            "B": [ 423, 424, 425, 426, 427, 428 ],
            "Y": [ 375, 376, 377, 450, 451, 452 ]
          }
        },
        "$auto$opt_expr.cc:276:group_cell_inputs$288": {
          "hide_name": 1,
          "type": "$xor",
          "parameters": {
            "A_SIGNED": "00000000000000000000000000000000",
            "A_WIDTH": "00000000000000000000000000000111",
            "B_SIGNED": "00000000000000000000000000000000",
            "B_WIDTH": "00000000000000000000000000000111",
            "Y_WIDTH": "00000000000000000000000000000111"
          },
          "attributes": {
          },
          "port_directions": {
            "A": "input",
            "B": "input",
            "Y": "output"
          },
          "connections": {
            "A": [ 453, 454, 455, 456, 457, 458, 459 ],
            "B": [ 175, 28, 29, 30, 31, 32, 33 ],
            "Y": [ 460, 461, 462, 463, 464, 465, 466 ]
          }
        },
        "$auto$opt_expr.cc:276:group_cell_inputs$291": {
          "hide_name": 1,
          "type": "$not",
          "parameters": {
            "A_SIGNED": "00000000000000000000000000000000",
            "A_WIDTH": "00000000000000000000000000000111",
            "Y_WIDTH": "00000000000000000000000000000111"
          },
          "attributes": {
          },
          "port_directions": {
            "A": "input",
            "Y": "output"
          },
          "connections": {
            "A": [ 28, 29, 30, 31, 32, 33, 175 ],
            "Y": [ 467, 468, 469, 470, 471, 472, 473 ]
          }
        },
        "$mul$designs/200/top.sv:18$4": {
          "hide_name": 1,
          "type": "$mul",
          "parameters": {
            "A_SIGNED": "00000000000000000000000000000000",
            "A_WIDTH": "00000000000000000000000000000011",
            "B_SIGNED": "00000000000000000000000000000000",
            "B_WIDTH": "00000000000000000000000000000011",
            "Y_WIDTH": "00000000000000000000000000000011"
          },
          "attributes": {
            "src": "designs/200/top.sv:18.53-18.138"
          },
          "port_directions": {
            "A": "input",
            "B": "input",
            "Y": "output"
          },
          "connections": {
            "A": [ 296, 297, 298 ],
            "B": [ 2, 3, 4 ],
            "Y": [ 474, 475, 476 ]
          }
        },
        "$mul$designs/200/top.sv:18$5": {
          "hide_name": 1,
          "type": "$mul",
          "parameters": {
            "A_SIGNED": "00000000000000000000000000000000",
            "A_WIDTH": "00000000000000000000000000000011",
            "B_SIGNED": "00000000000000000000000000000000",
            "B_WIDTH": "00000000000000000000000000000011",
            "Y_WIDTH": "00000000000000000000000000000011"
          },
          "attributes": {
            "src": "designs/200/top.sv:18.42-18.153"
          },
          "port_directions": {
            "A": "input",
            "B": "input",
            "Y": "output"
          },
          "connections": {
            "A": [ 474, 475, 476 ],
            "B": [ 2, 3, 4 ],
            "Y": [ 477, 478, 479 ]
          }
        },
        "$mul$designs/200/top.sv:18$7": {
          "hide_name": 1,
          "type": "$mul",
          "parameters": {
            "A_SIGNED": "00000000000000000000000000000000",
            "A_WIDTH": "00000000000000000000000000000011",
            "B_SIGNED": "00000000000000000000000000000000",
            "B_WIDTH": "00000000000000000000000000000011",
            "Y_WIDTH": "00000000000000000000000000000110"
          },
          "attributes": {
            "src": "designs/200/top.sv:18.22-18.183"
          },
          "port_directions": {
            "A": "input",
            "B": "input",
            "Y": "output"
          },
          "connections": {
            "A": [ 480, 481, 482 ],
            "B": [ 2, 3, 4 ],
            "Y": [ 21, 22, 23, 24, 25, 26 ]
          }
        },
        "$mul$designs/200/top.sv:23$32": {
          "hide_name": 1,
          "type": "$mul",
          "parameters": {
            "A_SIGNED": "00000000000000000000000000000000",
            "A_WIDTH": "00000000000000000000000000011111",
            "B_SIGNED": "00000000000000000000000000000000",
            "B_WIDTH": "00000000000000000000000000011111",
            "Y_WIDTH": "00000000000000000000000000011111"
          },
          "attributes": {
            "src": "designs/200/top.sv:23.101-23.132"
          },
          "port_directions": {
            "A": "input",
            "B": "input",
            "Y": "output"
          },
          "connections": {
            "A": [ 65, 66, 67, 68, 69, 70, "0", "0", "0", "0", "0", "0", "0", "0", "0", "0", "0", "0", "0", "0", "0", "0", "0", "0", "0", "0", "0", "0", "0", "0", "0" ],
            "B": [ 384, 385, 386, "1", "1", "1", "1", "1", "1", "1", "1", "1", "1", "1", "1", "1", "1", "1", "1", "1", "1", "1", "1", "1", "1", "1", "1", "1", "1", "1", "1" ],
            "Y": [ 34, 35, 36, 37, 38, 39, 40, 41, 42, 43, 44, 45, 46, 47, 48, 49, 50, 51, 52, 53, 54, 55, 56, 57, 58, 59, 60, 61, 62, 63, 64 ]
          }
        },
        "$mul$designs/200/top.sv:24$52": {
          "hide_name": 1,
          "type": "$mul",
          "parameters": {
            "A_SIGNED": "00000000000000000000000000000000",
            "A_WIDTH": "00000000000000000000000000011111",
            "B_SIGNED": "00000000000000000000000000000000",
            "B_WIDTH": "00000000000000000000000000011111",
            "Y_WIDTH": "00000000000000000000000000010010"
          },
          "attributes": {
            "src": "designs/200/top.sv:24.39-24.227"
          },
          "port_directions": {
            "A": "input",
            "B": "input",
            "Y": "output"
          },
          "connections": {
            "A": [ "1", "1", 431, "1", 113, 114, "1", 116, 117, 118, "1", "1", "1", "1", 123, 124, "1", "1", "1", "1", "1", 130, 131, 132, "0", "0", "0", "0", "0", "0", "0" ],
            "B": [ 384, 385, 386, "1", "1", "1", "1", "1", "1", "1", "1", "1", "1", "1", "1", "1", "1", "1", "1", "1", "1", "1", "1", "1", "1", "1", "1", "1", "1", "1", "1" ],
            "Y": [ 483, 484, 485, 486, 487, 488, 489, 490, 491, 492, 493, 494, 495, 496, 497, 498, 499, 500 ]
          }
        },
        "$mul$designs/200/top.sv:24$56": {
          "hide_name": 1,
          "type": "$mul",
          "parameters": {
            "A_SIGNED": "00000000000000000000000000000000",
            "A_WIDTH": "00000000000000000000000000011000",
            "B_SIGNED": "00000000000000000000000000000000",
            "B_WIDTH": "00000000000000000000000000000011",
            "Y_WIDTH": "00000000000000000000000000011000"
          },
          "attributes": {
            "src": "designs/200/top.sv:24.296-24.392"
          },
          "port_directions": {
            "A": "input",
            "B": "input",
            "Y": "output"
          },
          "connections": {
            "A": [ 460, 461, 462, 463, 464, 465, 466, 501, 502, 503, 504, 505, 506, 507, 508, 509, 510, 511, 512, 513, 514, 515, 516, 517 ],
            "B": [ 2, 3, 4 ],
            "Y": [ 432, 433, 434, 435, 436, 301, 303, 305, 307, 309, 311, 313, 315, 317, 319, 321, 323, 325, 327, 329, 331, 333, 335, 337 ]
          }
        },
        "$mul$designs/200/top.sv:24$60": {
          "hide_name": 1,
          "type": "$mul",
          "parameters": {
            "A_SIGNED": "00000000000000000000000000000000",
            "A_WIDTH": "00000000000000000000000000011000",
            "B_SIGNED": "00000000000000000000000000000000",
            "B_WIDTH": "00000000000000000000000000000011",
            "Y_WIDTH": "00000000000000000000000000010010"
          },
          "attributes": {
            "src": "designs/200/top.sv:24.274-24.422"
          },
          "port_directions": {
            "A": "input",
            "B": "input",
            "Y": "output"
          },
          "connections": {
            "A": [ 437, 438, 439, 440, 441, 302, 304, 306, 308, 310, 312, 314, 316, 318, 320, 322, 324, 326, 328, 330, 332, 334, 336, 338 ],
            "B": [ 299, 518, 519 ],
            "Y": [ 520, 521, 522, 523, 524, 525, 526, 527, 528, 529, 530, 531, 532, 533, 534, 535, 536, 537 ]
          }
        },
        "$mul$designs/200/top.sv:26$77": {
          "hide_name": 1,
          "type": "$mul",
          "parameters": {
            "A_SIGNED": "00000000000000000000000000000000",
            "A_WIDTH": "00000000000000000000000000010010",
            "B_SIGNED": "00000000000000000000000000000000",
            "B_WIDTH": "00000000000000000000000000011000",
            "Y_WIDTH": "00000000000000000000000000011000"
          },
          "attributes": {
            "src": "designs/200/top.sv:26.82-26.134"
          },
          "port_directions": {
            "A": "input",
            "B": "input",
            "Y": "output"
          },
          "connections": {
            "A": [ 200, 201, 202, 203, 204, 205, 206, 207, 208, 209, 210, 211, 212, 213, 214, 215, 216, 217 ],
            "B": [ 109, 110, 111, 112, 113, 114, 115, 116, 117, 118, 119, 120, 121, 122, 123, 124, 125, 126, 127, 128, 129, 130, 131, 132 ],
            "Y": [ 538, 539, 540, 541, 542, 543, 544, 545, 546, 547, 548, 549, 550, 551, 552, 553, 554, 555, 556, 557, 558, 559, 560, 561 ]
          }
        },
        "$mul$designs/200/top.sv:26$80": {
          "hide_name": 1,
          "type": "$mul",
          "parameters": {
            "A_SIGNED": "00000000000000000000000000000000",
            "A_WIDTH": "00000000000000000000000000011000",
            "B_SIGNED": "00000000000000000000000000000000",
            "B_WIDTH": "00000000000000000000000000011000",
            "Y_WIDTH": "00000000000000000000000000010010"
          },
          "attributes": {
            "src": "designs/200/top.sv:26.73-26.148"
          },
          "port_directions": {
            "A": "input",
            "B": "input",
            "Y": "output"
          },
          "connections": {
            "A": [ 538, 539, 540, 541, 542, 543, 544, 545, 546, 547, 548, 549, 550, 551, 552, 553, 554, 555, 556, 557, 558, 559, 560, 561 ],
            "B": [ 413, 414, "1", "1", "1", "1", "1", "1", "1", "1", "1", "1", "1", "1", "1", "1", "1", "1", "1", "1", "1", "1", "1", "1" ],
            "Y": [ 562, 563, 564, 565, 566, 567, 568, 569, 570, 571, 572, 573, 574, 575, 576, 577, 578, 579 ]
          }
        },
        "$not$designs/200/top.sv:25$70": {
          "hide_name": 1,
          "type": "$not",
          "parameters": {
            "A_SIGNED": "00000000000000000000000000000000",
            "A_WIDTH": "00000000000000000000000000000010",
            "Y_WIDTH": "00000000000000000000000000000010"
          },
          "attributes": {
            "src": "designs/200/top.sv:25.74-25.81"
          },
          "port_directions": {
            "A": "input",
            "Y": "output"
          },
          "connections": {
            "A": [ 65, 66 ],
            "Y": [ 580, 581 ]
          }
        },
        "$not$designs/200/top.sv:30$92": {
          "hide_name": 1,
          "type": "$not",
          "parameters": {
            "A_SIGNED": "00000000000000000000000000000000",
            "A_WIDTH": "00000000000000000000000000010000",
            "Y_WIDTH": "00000000000000000000000000010000"
          },
          "attributes": {
            "src": "designs/200/top.sv:30.96-30.109"
          },
          "port_directions": {
            "A": "input",
            "Y": "output"
          },
          "connections": {
            "A": [ 582, 583, 584, 585, 586, 587, 588, 589, 590, 591, 592, 593, 594, 595, 596, 597 ],
            "Y": [ 261, 262, 263, 264, 265, 266, 267, 268, 269, 270, 271, 272, 273, 274, 275, 276 ]
          }
        },
        "$or$designs/200/top.sv:18$6": {
          "hide_name": 1,
          "type": "$or",
          "parameters": {
            "A_SIGNED": "00000000000000000000000000000000",
            "A_WIDTH": "00000000000000000000000000000011",
            "B_SIGNED": "00000000000000000000000000000000",
            "B_WIDTH": "00000000000000000000000000000011",
            "Y_WIDTH": "00000000000000000000000000000011"
          },
          "attributes": {
            "src": "designs/200/top.sv:18.33-18.168"
          },
          "port_directions": {
            "A": "input",
            "B": "input",
            "Y": "output"
          },
          "connections": {
            "A": [ 477, 478, 479 ],
            "B": [ 2, 3, 4 ],
            "Y": [ 480, 481, 482 ]
          }
        },
        "$or$designs/200/top.sv:25$69": {
          "hide_name": 1,
          "type": "$or",
          "parameters": {
            "A_SIGNED": "00000000000000000000000000000000",
            "A_WIDTH": "00000000000000000000000000000010",
            "B_SIGNED": "00000000000000000000000000000000",
            "B_WIDTH": "00000000000000000000000000000010",
            "Y_WIDTH": "00000000000000000000000000000010"
          },
          "attributes": {
            "src": "designs/200/top.sv:25.35-25.68"
          },
          "port_directions": {
            "A": "input",
            "B": "input",
            "Y": "output"
          },
          "connections": {
            "A": [ 2, 3 ],
            "B": [ 598, 599 ],
            "Y": [ 600, 601 ]
          }
        },
        "$or$designs/200/top.sv:25$72": {
          "hide_name": 1,
          "type": "$or",
          "parameters": {
            "A_SIGNED": "00000000000000000000000000000000",
            "A_WIDTH": "00000000000000000000000000000010",
            "B_SIGNED": "00000000000000000000000000000000",
            "B_WIDTH": "00000000000000000000000000000010",
            "Y_WIDTH": "00000000000000000000000000000010"
          },
          "attributes": {
            "src": "designs/200/top.sv:25.23-25.92"
          },
          "port_directions": {
            "A": "input",
            "B": "input",
            "Y": "output"
          },
          "connections": {
            "A": [ 602, 603 ],
            "B": [ 175, 28 ],
            "Y": [ 604, 605 ]
          }
        },
        "$or$designs/200/top.sv:26$81": {
          "hide_name": 1,
          "type": "$or",
          "parameters": {
            "A_SIGNED": "00000000000000000000000000000000",
            "A_WIDTH": "00000000000000000000000000010010",
            "B_SIGNED": "00000000000000000000000000000000",
            "B_WIDTH": "00000000000000000000000000010010",
            "Y_WIDTH": "00000000000000000000000000010010"
          },
          "attributes": {
            "src": "designs/200/top.sv:26.62-26.159"
          },
          "port_directions": {
            "A": "input",
            "B": "input",
            "Y": "output"
          },
          "connections": {
            "A": [ 562, 563, 564, 565, 566, 567, 568, 569, 570, 571, 572, 573, 574, 575, 576, 577, 578, 579 ],
            "B": [ 598, 599, 606, 607, 608, 609, 610, 611, 612, 613, 614, 615, 616, 617, 618, 619, 620, 621 ],
            "Y": [ 218, 219, 220, 221, 222, 223, 224, 225, 226, 227, 228, 229, 230, 231, 232, 233, 234, 235 ]
          }
        },
        "$shl$designs/200/top.sv:19$14": {
          "hide_name": 1,
          "type": "$shl",
          "parameters": {
            "A_SIGNED": "00000000000000000000000000000000",
            "A_WIDTH": "00000000000000000000000000010001",
            "B_SIGNED": "00000000000000000000000000000000",
            "B_WIDTH": "00000000000000000000000000000110",
            "Y_WIDTH": "00000000000000000000000000000011"
          },
          "attributes": {
            "src": "designs/200/top.sv:19.22-19.150"
          },
          "port_directions": {
            "A": "input",
            "B": "input",
            "Y": "output"
          },
          "connections": {
            "A": [ 622, 623, 624, 625, 626, 627, 628, 629, 630, 631, 632, 633, 634, 635, 636, 637, 638 ],
            "B": [ 21, 22, 23, 24, 25, 26 ],
            "Y": [ 299, 518, 519 ]
          }
        },
        "$shl$designs/200/top.sv:22$28": {
          "hide_name": 1,
          "type": "$shl",
          "parameters": {
            "A_SIGNED": "00000000000000000000000000000001",
            "A_WIDTH": "00000000000000000000000000011111",
            "B_SIGNED": "00000000000000000000000000000000",
            "B_WIDTH": "00000000000000000000000000000011",
            "Y_WIDTH": "00000000000000000000000000011111"
          },
          "attributes": {
            "src": "designs/200/top.sv:22.31-22.181"
          },
          "port_directions": {
            "A": "input",
            "B": "input",
            "Y": "output"
          },
          "connections": {
            "A": [ 347, 348, 349, 350, 351, 352, 639, 640, 641, 642, 643, 644, 645, 646, 647, 648, 649, 650, 651, 652, 653, 654, 655, 656, 657, 658, 659, 660, 661, 662, 663 ],
            "B": [ 2, 3, 4 ],
            "Y": [ 353, 354, 355, 356, 357, 358, 664, 665, 666, 667, 668, 669, 670, 671, 672, 673, 674, 675, 676, 677, 678, 679, 680, 681, 682, 683, 684, 685, 686, 687, 688 ]
          }
        },
        "$shl$designs/200/top.sv:23$36": {
          "hide_name": 1,
          "type": "$shl",
          "parameters": {
            "A_SIGNED": "00000000000000000000000000000000",
            "A_WIDTH": "00000000000000000000000000011111",
            "B_SIGNED": "00000000000000000000000000000000",
            "B_WIDTH": "00000000000000000000000000000001",
            "Y_WIDTH": "00000000000000000000000000011000"
          },
          "attributes": {
            "src": "designs/200/top.sv:23.61-23.178"
          },
          "port_directions": {
            "A": "input",
            "B": "input",
            "Y": "output"
          },
          "connections": {
            "A": [ 689, 690, 691, 692, 693, 694, 695, 696, 697, 698, 699, 700, 701, 702, 703, 704, 705, 706, 707, 708, 709, 710, 711, 712, 713, 714, 715, 716, 717, 718, 719 ],
            "B": [ 236 ],
            "Y": [ 360, 361, 362, 363, 364, 365, 720, 721, 722, 723, 724, 725, 726, 727, 728, 729, 730, 731, 732, 733, 734, 735, 736, 737 ]
          }
        },
        "$shr$designs/200/top.sv:19$10": {
          "hide_name": 1,
          "type": "$shr",
          "parameters": {
            "A_SIGNED": "00000000000000000000000000000000",
            "A_WIDTH": "00000000000000000000000000001100",
            "B_SIGNED": "00000000000000000000000000000000",
            "B_WIDTH": "00000000000000000000000000000110",
            "Y_WIDTH": "00000000000000000000000000010001"
          },
          "attributes": {
            "src": "designs/200/top.sv:19.45-19.114"
          },
          "port_directions": {
            "A": "input",
            "B": "input",
            "Y": "output"
          },
          "connections": {
            "A": [ "0", "0", "0", "0", "0", "0", "0", "0", "0", "0", "0", "0" ],
            "B": [ 21, 22, 23, 24, 25, 26 ],
            "Y": [ 738, 739, 740, 741, 742, 743, 744, 745, 746, 747, 748, 749, 750, 751, 752, 753, 754 ]
          }
        },
        "$shr$designs/200/top.sv:23$35": {
          "hide_name": 1,
          "type": "$shr",
          "parameters": {
            "A_SIGNED": "00000000000000000000000000000001",
            "A_WIDTH": "00000000000000000000000000011111",
            "B_SIGNED": "00000000000000000000000000000000",
            "B_WIDTH": "00000000000000000000000000000110",
            "Y_WIDTH": "00000000000000000000000000011111"
          },
          "attributes": {
            "src": "designs/200/top.sv:23.72-23.166"
          },
          "port_directions": {
            "A": "input",
            "B": "input",
            "Y": "output"
          },
          "connections": {
            "A": [ 359, "0", "0", "0", "0", "0", "0", "0", "0", "0", "0", "0", "0", "0", "0", "0", "0", "0", "0", "0", "0", "0", "0", "0", "0", "0", "0", "0", "0", "0", "0" ],
            "B": [ 21, 22, 23, 24, 25, 26 ],
            "Y": [ 689, 690, 691, 692, 693, 694, 695, 696, 697, 698, 699, 700, 701, 702, 703, 704, 705, 706, 707, 708, 709, 710, 711, 712, 713, 714, 715, 716, 717, 718, 719 ]
          }
        },
        "$sub$designs/200/top.sv:19$12": {
          "hide_name": 1,
          "type": "$sub",
          "parameters": {
            "A_SIGNED": "00000000000000000000000000000000",
            "A_WIDTH": "00000000000000000000000000010001",
            "B_SIGNED": "00000000000000000000000000000000",
            "B_WIDTH": "00000000000000000000000000010001",
            "Y_WIDTH": "00000000000000000000000000010001"
          },
          "attributes": {
            "src": "designs/200/top.sv:19.44-19.127"
          },
          "port_directions": {
            "A": "input",
            "B": "input",
            "Y": "output"
          },
          "connections": {
            "A": [ 738, 739, 740, 741, 742, 743, 744, 745, 746, 747, 748, 749, 750, 751, 752, 753, 754 ],
            "B": [ 194, 195, 196, 197, 198, 199, "1", "1", "1", "1", "1", "1", "1", "1", "1", "1", "1" ],
            "Y": [ 755, 756, 757, 758, 759, 760, 761, 762, 763, 764, 765, 766, 767, 768, 769, 770, 771 ]
          }
        },
        "$sub$designs/200/top.sv:19$13": {
          "hide_name": 1,
          "type": "$sub",
          "parameters": {
            "A_SIGNED": "00000000000000000000000000000000",
            "A_WIDTH": "00000000000000000000000000010001",
            "B_SIGNED": "00000000000000000000000000000000",
            "B_WIDTH": "00000000000000000000000000000110",
            "Y_WIDTH": "00000000000000000000000000010001"
          },
          "attributes": {
            "src": "designs/200/top.sv:19.33-19.138"
          },
          "port_directions": {
            "A": "input",
            "B": "input",
            "Y": "output"
          },
          "connections": {
            "A": [ 755, 756, 757, 758, 759, 760, 761, 762, 763, 764, 765, 766, 767, 768, 769, 770, 771 ],
            "B": [ 21, 22, 23, 24, 25, 26 ],
            "Y": [ 622, 623, 624, 625, 626, 627, 628, 629, 630, 631, 632, 633, 634, 635, 636, 637, 638 ]
          }
        },
        "$sub$designs/200/top.sv:20$16": {
          "hide_name": 1,
          "type": "$sub",
          "parameters": {
            "A_SIGNED": "00000000000000000000000000000000",
            "A_WIDTH": "00000000000000000000000000000001",
            "B_SIGNED": "00000000000000000000000000000000",
            "B_WIDTH": "00000000000000000000000000000001",
            "Y_WIDTH": "00000000000000000000000000000001"
          },
          "attributes": {
            "src": "designs/200/top.sv:20.22-20.68"
          },
          "port_directions": {
            "A": "input",
            "B": "input",
            "Y": "output"
          },
          "connections": {
            "A": [ 300 ],
            "B": [ 21 ],
            "Y": [ 236 ]
          }
        },
        "$sub$designs/200/top.sv:22$26": {
          "hide_name": 1,
          "type": "$sub",
          "parameters": {
            "A_SIGNED": "00000000000000000000000000000000",
            "A_WIDTH": "00000000000000000000000000011111",
            "B_SIGNED": "00000000000000000000000000000000",
            "B_WIDTH": "00000000000000000000000000011111",
            "Y_WIDTH": "00000000000000000000000000011111"
          },
          "attributes": {
            "src": "designs/200/top.sv:22.51-22.154"
          },
          "port_directions": {
            "A": "input",
            "B": "input",
            "Y": "output"
          },
          "connections": {
            "A": [ 421, 422, 419, "0", "0", 420, "1", "1", "1", "0", "1", "1", "1", "1", "1", "0", "1", "0", "0", "0", "0", "1", "0", "1", "1", "1", "1", "0", "0", "0", "1" ],
            "B": [ 194, 195, 196, 197, 198, 199, "1", "1", "1", "1", "1", "1", "1", "1", "1", "1", "1", "1", "1", "1", "1", "1", "1", "1", "1", "1", "1", "1", "1", "1", "1" ],
            "Y": [ 341, 342, 343, 344, 345, 346, 639, 640, 641, 642, 643, 644, 645, 646, 647, 648, 649, 650, 651, 652, 653, 654, 655, 656, 657, 658, 659, 660, 661, 662, 663 ]
          }
        },
        "$sub$designs/200/top.sv:24$43": {
          "hide_name": 1,
          "type": "$sub",
          "parameters": {
            "A_SIGNED": "00000000000000000000000000000000",
            "A_WIDTH": "00000000000000000000000000011111",
            "B_SIGNED": "00000000000000000000000000000000",
            "B_WIDTH": "00000000000000000000000000000110",
            "Y_WIDTH": "00000000000000000000000000011111"
          },
          "attributes": {
            "src": "designs/200/top.sv:24.91-24.139"
          },
          "port_directions": {
            "A": "input",
            "B": "input",
            "Y": "output"
          },
          "connections": {
            "A": [ 372, 373, 374, "0", "0", "0", "0", "0", "0", "0", "0", "0", "0", "0", "0", "0", "0", "0", "0", "0", "0", "0", "0", "0", "0", "0", "0", "0", "0", "0", "0" ],
            "B": [ 21, 22, 23, 24, 25, 26 ],
            "Y": [ 444, 445, 446, 447, 448, 449, 772, 773, 774, 775, 776, 777, 778, 779, 780, 781, 782, 783, 784, 785, 786, 787, 788, 789, 790, 791, 792, 793, 794, 795, 796 ]
          }
        },
        "$sub$designs/200/top.sv:24$54": {
          "hide_name": 1,
          "type": "$sub",
          "parameters": {
            "A_SIGNED": "00000000000000000000000000000000",
            "A_WIDTH": "00000000000000000000000000011000",
            "B_SIGNED": "00000000000000000000000000000000",
            "B_WIDTH": "00000000000000000000000000000011",
            "Y_WIDTH": "00000000000000000000000000011000"
          },
          "attributes": {
            "src": "designs/200/top.sv:24.316-24.366"
          },
          "port_directions": {
            "A": "input",
            "B": "input",
            "Y": "output"
          },
          "connections": {
            "A": [ 133, 134, 135, 136, 137, 138, 139, 140, 141, 142, 143, 144, 145, 146, 147, 148, 149, 150, 151, 152, 153, 154, 155, 156 ],
            "B": [ 299, 518, 519 ],
            "Y": [ 453, 454, 455, 456, 457, 458, 459, 501, 502, 503, 504, 505, 506, 507, 508, 509, 510, 511, 512, 513, 514, 515, 516, 517 ]
          }
        },
        "$sub$designs/200/top.sv:24$63": {
          "hide_name": 1,
          "type": "$sub",
          "parameters": {
            "A_SIGNED": "00000000000000000000000000000000",
            "A_WIDTH": "00000000000000000000000000010010",
            "B_SIGNED": "00000000000000000000000000000000",
            "B_WIDTH": "00000000000000000000000000010010",
            "Y_WIDTH": "00000000000000000000000000010010"
          },
          "attributes": {
            "src": "designs/200/top.sv:24.273-24.435"
          },
          "port_directions": {
            "A": "input",
            "B": "input",
            "Y": "output"
          },
          "connections": {
            "A": [ 520, 521, 522, 523, 524, 525, 526, 527, 528, 529, 530, 531, 532, 533, 534, 535, 536, 537 ],
            "B": [ 473, 467, 468, 469, 470, 471, 472, "1", "1", "1", "1", "1", "1", "1", "1", "1", "1", "1" ],
            "Y": [ 392, 393, 394, 395, 396, 397, 797, 798, 799, 800, 801, 802, 803, 804, 805, 806, 807, 808 ]
          }
        },
        "$sub$designs/200/top.sv:24$65": {
          "hide_name": 1,
          "type": "$sub",
          "parameters": {
            "A_SIGNED": "00000000000000000000000000000000",
            "A_WIDTH": "00000000000000000000000000010010",
            "B_SIGNED": "00000000000000000000000000000000",
            "B_WIDTH": "00000000000000000000000000000001",
            "Y_WIDTH": "00000000000000000000000000010010"
          },
          "attributes": {
            "src": "designs/200/top.sv:24.251-24.457"
          },
          "port_directions": {
            "A": "input",
            "B": "input",
            "Y": "output"
          },
          "connections": {
            "A": [ 398, 399, 400, 401, 402, 403, 797, 798, 799, 800, 801, 802, 803, 804, 805, 806, 807, 808 ],
            "B": [ 236 ],
            "Y": [ 404, 405, 406, 160, 161, 162, 163, 164, 165, 166, 167, 168, 169, 170, 171, 172, 173, 174 ]
          }
        },
        "$sub$designs/200/top.sv:25$71": {
          "hide_name": 1,
          "type": "$sub",
          "parameters": {
            "A_SIGNED": "00000000000000000000000000000000",
            "A_WIDTH": "00000000000000000000000000000010",
            "B_SIGNED": "00000000000000000000000000000000",
            "B_WIDTH": "00000000000000000000000000000010",
            "Y_WIDTH": "00000000000000000000000000000010"
          },
          "attributes": {
            "src": "designs/200/top.sv:25.24-25.82"
          },
          "port_directions": {
            "A": "input",
            "B": "input",
            "Y": "output"
          },
          "connections": {
            "A": [ 600, 601 ],
            "B": [ 580, 581 ],
            "Y": [ 602, 603 ]
          }
        },
        "$sub$designs/200/top.sv:26$83": {
          "hide_name": 1,
          "type": "$sub",
          "parameters": {
            "A_SIGNED": "00000000000000000000000000000000",
            "A_WIDTH": "00000000000000000000000000010010",
            "B_SIGNED": "00000000000000000000000000000000",
            "B_WIDTH": "00000000000000000000000000000001",
            "Y_WIDTH": "00000000000000000000000000010010"
          },
          "attributes": {
            "src": "designs/200/top.sv:26.44-26.181"
          },
          "port_directions": {
            "A": "input",
            "B": "input",
            "Y": "output"
          },
          "connections": {
            "A": [ 237, 238, 239, 240, 241, 242, 243, 244, 245, 246, 247, 248, 249, 250, 251, 252, 253, 254 ],
            "B": [ 236 ],
            "Y": [ 407, 408, 809, 810, 811, 812, 813, 814, 815, 816, 817, 818, 819, 820, 821, 822, 823, 824 ]
          }
        },
        "$sub$designs/200/top.sv:26$85": {
          "hide_name": 1,
          "type": "$sub",
          "parameters": {
            "A_SIGNED": "00000000000000000000000000000000",
            "A_WIDTH": "00000000000000000000000000010010",
            "B_SIGNED": "00000000000000000000000000000000",
            "B_WIDTH": "00000000000000000000000000000001",
            "Y_WIDTH": "00000000000000000000000000010010"
          },
          "attributes": {
            "src": "designs/200/top.sv:26.22-26.203"
          },
          "port_directions": {
            "A": "input",
            "B": "input",
            "Y": "output"
          },
          "connections": {
            "A": [ 411, 412, 809, 810, 811, 812, 813, 814, 815, 816, 817, 818, 819, 820, 821, 822, 823, 824 ],
            "B": [ 236 ],
            "Y": [ 825, 826, 582, 583, 584, 585, 586, 587, 588, 589, 590, 591, 592, 593, 594, 595, 596, 597 ]
          }
        },
        "$sub$designs/200/top.sv:30$97": {
          "hide_name": 1,
          "type": "$sub",
          "parameters": {
            "A_SIGNED": "00000000000000000000000000000000",
            "A_WIDTH": "00000000000000000000000000010000",
            "B_SIGNED": "00000000000000000000000000000000",
            "B_WIDTH": "00000000000000000000000000000110",
            "Y_WIDTH": "00000000000000000000000000010000"
          },
          "attributes": {
            "src": "designs/200/top.sv:30.37-30.135"
          },
          "port_directions": {
            "A": "input",
            "B": "input",
            "Y": "output"
          },
          "connections": {
            "A": [ 442, 443, 279, 280, 281, 282, 283, 284, 285, 286, 287, 288, 289, 290, 291, 292 ],
            "B": [ 21, 22, 23, 24, 25, 26 ],
            "Y": [ 5, 6, 7, 8, 9, 10, 11, 12, 13, 14, 15, 16, 17, 18, 19, 20 ]
          }
        },
        "$ternary$designs/200/top.sv:24$68": {
          "hide_name": 1,
          "type": "$mux",
          "parameters": {
            "WIDTH": "00000000000000000000000000010010"
          },
          "attributes": {
            "src": "designs/200/top.sv:24.21-24.484"
          },
          "port_directions": {
            "A": "input",
            "B": "input",
            "S": "input",
            "Y": "output"
          },
          "connections": {
            "A": [ 176, 177, 178, 179, 180, 181, 182, 183, 184, 185, 186, 187, 188, 189, 190, 191, 192, 193 ],
            "B": [ 483, 484, 485, 486, 487, 488, 489, 490, 491, 492, 493, 494, 495, 496, 497, 498, 499, 500 ],
            "S": [ 236 ],
            "Y": [ 598, 599, 606, 607, 608, 609, 610, 611, 612, 613, 614, 615, 616, 617, 618, 619, 620, 621 ]
          }
        },
        "$xor$designs/200/top.sv:18$2": {
          "hide_name": 1,
          "type": "$xor",
          "parameters": {
            "A_SIGNED": "00000000000000000000000000000000",
            "A_WIDTH": "00000000000000000000000000000011",
            "B_SIGNED": "00000000000000000000000000000000",
            "B_WIDTH": "00000000000000000000000000000011",
            "Y_WIDTH": "00000000000000000000000000000011"
          },
          "attributes": {
            "src": "designs/200/top.sv:18.73-18.108"
          },
          "port_directions": {
            "A": "input",
            "B": "input",
            "Y": "output"
          },
          "connections": {
            "A": [ 2, 3, 4 ],
            "B": [ 384, 385, 386 ],
            "Y": [ 293, 294, 295 ]
          }
        },
        "$xor$designs/200/top.sv:25$73": {
          "hide_name": 1,
          "type": "$xor",
          "parameters": {
            "A_SIGNED": "00000000000000000000000000000000",
            "A_WIDTH": "00000000000000000000000000000010",
            "B_SIGNED": "00000000000000000000000000000000",
            "B_WIDTH": "00000000000000000000000000000010",
            "Y_WIDTH": "00000000000000000000000000000010"
          },
          "attributes": {
            "src": "designs/200/top.sv:25.22-25.102"
          },
          "port_directions": {
            "A": "input",
            "B": "input",
            "Y": "output"
          },
          "connections": {
            "A": [ 604, 605 ],
            "B": [ 65, 66 ],
            "Y": [ 409, 410 ]
          }
        }
      },
      "netnames": {
        "$add$designs/200/top.sv:21$17_Y": {
          "hide_name": 1,
          "bits": [ 27, 28, 29, 30, 31, 32, 33, "0", "0", "0", "0", "0", "0", "0", "0", "0", "0" ],
          "attributes": {
            "src": "designs/200/top.sv:21.53-21.81"
          }
        },
        "$add$designs/200/top.sv:23$33_Y": {
          "hide_name": 1,
          "bits": [ 71, 72, 73, 74, 75, 76, 77, 78, 79, 80, 81, 82, 83, 84, 85, 86, 87, 88, 89, 90, 91, 92, 93, 94, 95, 96, 97, 98, 99, 100, 101 ],
          "attributes": {
            "src": "designs/200/top.sv:23.90-23.143",
            "unused_bits": "1 2 3 4 5 6 7 8 9 10 11 12 13 14 15 16 17 18 19 20 21 22 23 24 25 26 27 28 29 30"
          }
        },
        "$add$designs/200/top.sv:24$53_Y": {
          "hide_name": 1,
          "bits": [ 133, 134, 135, 136, 137, 138, 139, 140, 141, 142, 143, 144, 145, 146, 147, 148, 149, 150, 151, 152, 153, 154, 155, 156 ],
          "attributes": {
            "src": "designs/200/top.sv:24.327-24.355"
          }
        },
        "$add$designs/200/top.sv:24$67_Y": {
          "hide_name": 1,
          "bits": [ 176, 177, 178, 179, 180, 181 ],
          "attributes": {
          }
        },
        "$add$designs/200/top.sv:26$76_Y": {
          "hide_name": 1,
          "bits": [ 200, 201, 202, 203, 204, 205, 206, 207, 208, 209, 210, 211, 212, 213, 214, 215, 216, 217 ],
          "attributes": {
            "src": "designs/200/top.sv:26.93-26.123"
          }
        },
        "$add$designs/200/top.sv:26$82_Y": {
          "hide_name": 1,
          "bits": [ 237, 238, 239, 240, 241, 242, 243, 244, 245, 246, 247, 248, 249, 250, 251, 252, 253, 254, 827, 828, 829, 830, 831, 832 ],
          "attributes": {
            "src": "designs/200/top.sv:26.53-26.170",
            "unused_bits": "18 19 20 21 22 23"
          }
        },
        "$add$designs/200/top.sv:30$93_Y": {
          "hide_name": 1,
          "bits": [ 277, 278, 279, 280, 281, 282, 283, 284, 285, 286, 287, 288 ],
          "attributes": {
          }
        },
        "$and$designs/200/top.sv:18$3_Y": {
          "hide_name": 1,
          "bits": [ 296, 297, 298 ],
          "attributes": {
            "src": "designs/200/top.sv:18.62-18.123"
          }
        },
        "$and$designs/200/top.sv:20$15_Y": {
          "hide_name": 1,
          "bits": [ 300, 833, 834, "0", "0", "0", "0", "0", "0", "0", "0", "0", "0", "0", "0", "0", "0" ],
          "attributes": {
            "src": "designs/200/top.sv:20.23-20.58",
            "unused_bits": "1 2"
          }
        },
        "$and$designs/200/top.sv:23$34_Y": {
          "hide_name": 1,
          "bits": [ 359, "0", "0", "0", "0", "0", "0", "0", "0", "0", "0", "0", "0", "0", "0", "0", "0", "0", "0", "0", "0", "0", "0", "0", "0", "0", "0", "0", "0", "0", "0" ],
          "attributes": {
            "src": "designs/200/top.sv:23.81-23.154"
          }
        },
        "$and$designs/200/top.sv:23$37_Y": {
          "hide_name": 1,
          "bits": [ 366, 367, 368, 369, 370, 371, "0", "0", "0", "0", "0", "0", "0", "0", "0", "0", "0", "0", "0", "0", "0", "0", "0", "0", 835, 836, 837, 838, 839, 840, 841 ],
          "attributes": {
            "src": "designs/200/top.sv:23.50-23.189",
            "unused_bits": "24 25 26 27 28 29 30"
          }
        },
        "$and$designs/200/top.sv:24$42_Y": {
          "hide_name": 1,
          "bits": [ 372, 373, 374, "0", "0", "0", "0", "0", "0", "0", "0", "0", "0", "0", "0", "0", "0", "0", "0", "0", "0", "0", "0", "0", "0", "0", "0", "0", "0", "0", "0" ],
          "attributes": {
            "src": "designs/200/top.sv:24.100-24.128"
          }
        },
        "$and$designs/200/top.sv:24$46_Y": {
          "hide_name": 1,
          "bits": [ 378, 379, 380, "0", "0", "0", "0", "0", "0", "0", "0", "0", "0", "0", "0", "0", "0", "0", "0", "0", "0", "0", "0", "0", "0", "0", "0", "0", "0", "0", "0" ],
          "attributes": {
            "src": "designs/200/top.sv:24.71-24.168"
          }
        },
        "$and$designs/200/top.sv:30$96_Y": {
          "hide_name": 1,
          "bits": [ 442, 443, 279, 280, 281, 282, 283, 284, 285, 286, 287, 288, 289, 290, 291, 292 ],
          "attributes": {
          }
        },
        "$auto$opt_expr.cc:205:group_cell_inputs$108": {
          "hide_name": 1,
          "bits": [ 194, 195, 196, 197, 198, 199 ],
          "attributes": {
          }
        },
        "$auto$opt_expr.cc:205:group_cell_inputs$112": {
          "hide_name": 1,
          "bits": [ 340 ],
          "attributes": {
          }
        },
        "$auto$opt_expr.cc:205:group_cell_inputs$120": {
          "hide_name": 1,
          "bits": [ 416, 339, 417, 418 ],
          "attributes": {
          }
        },
        "$auto$opt_expr.cc:205:group_cell_inputs$125": {
          "hide_name": 1,
          "bits": [ 421, 422, 419, "0", "0", 420 ],
          "attributes": {
          }
        },
        "$auto$opt_expr.cc:205:group_cell_inputs$132": {
          "hide_name": 1,
          "bits": [ 347, 348, 349, 350, 351, 352 ],
          "attributes": {
          }
        },
        "$auto$opt_expr.cc:205:group_cell_inputs$134": {
          "hide_name": 1,
          "bits": [ 639, 640, 641, 642, 643, 644, 645, 646, 647, 648, 649, 650, 651, 652, 653, 654, 655, 656, 657, 658, 659, 660, 661, 662, 663 ],
          "attributes": {
          }
        },
        "$auto$opt_expr.cc:205:group_cell_inputs$139": {
          "hide_name": 1,
          "bits": [ 384, 385, 386 ],
          "attributes": {
          }
        },
        "$auto$opt_expr.cc:205:group_cell_inputs$151": {
          "hide_name": 1,
          "bits": [ 102, 103, 104, 105, 106, 107 ],
          "attributes": {
          }
        },
        "$auto$opt_expr.cc:205:group_cell_inputs$154": {
          "hide_name": 1,
          "bits": [ 108 ],
          "attributes": {
          }
        },
        "$auto$opt_expr.cc:205:group_cell_inputs$166": {
          "hide_name": 1,
          "bits": [ 381, 382, 383 ],
          "attributes": {
          }
        },
        "$auto$opt_expr.cc:205:group_cell_inputs$169": {
          "hide_name": 1,
          "bits": [ 429, 430, 431, 112, 113, 114, 115, 116, 117, 118, 119, 120, 121, 122, 123, 124, 125, 126, 127, 128, 129, 130, 131, 132 ],
          "attributes": {
            "unused_bits": "0 1"
          }
        },
        "$auto$opt_expr.cc:205:group_cell_inputs$176": {
          "hide_name": 1,
          "bits": [ 460, 461, 462, 463, 464, 465, 466, 501 ],
          "attributes": {
          }
        },
        "$auto$opt_expr.cc:205:group_cell_inputs$178": {
          "hide_name": 1,
          "bits": [ 502, 503, 504, 505, 506, 507, 508, 509, 510, 511, 512, 513, 514, 515, 516, 517 ],
          "attributes": {
          }
        },
        "$auto$opt_expr.cc:205:group_cell_inputs$179": {
          "hide_name": 1,
          "bits": [ 387, 388, 389, 390, 391 ],
          "attributes": {
          }
        },
        "$auto$opt_expr.cc:205:group_cell_inputs$183": {
          "hide_name": 1,
          "bits": [ 473, 467, 468, 469, 470, 471, 472, "1" ],
          "attributes": {
          }
        },
        "$auto$opt_expr.cc:205:group_cell_inputs$187": {
          "hide_name": 1,
          "bits": [ 398, 399, 400, 401, 402, 403 ],
          "attributes": {
          }
        },
        "$auto$opt_expr.cc:205:group_cell_inputs$189": {
          "hide_name": 1,
          "bits": [ 797, 798, 799, 800, 801, 802, 803, 804, 805, 806, 807, 808 ],
          "attributes": {
          }
        },
        "$auto$opt_expr.cc:205:group_cell_inputs$190": {
          "hide_name": 1,
          "bits": [ 157, 158, 159 ],
          "attributes": {
          }
        },
        "$auto$opt_expr.cc:205:group_cell_inputs$192": {
          "hide_name": 1,
          "bits": [ 160, 161, 162, 163, 164, 165, 166, 167, 168, 169, 170, 171, 172, 173, 174 ],
          "attributes": {
          }
        },
        "$auto$opt_expr.cc:205:group_cell_inputs$197": {
          "hide_name": 1,
          "bits": [ 413, 414 ],
          "attributes": {
          }
        },
        "$auto$opt_expr.cc:205:group_cell_inputs$201": {
          "hide_name": 1,
          "bits": [ 411, 412 ],
          "attributes": {
          }
        },
        "$auto$opt_expr.cc:205:group_cell_inputs$203": {
          "hide_name": 1,
          "bits": [ 809, 810, 811, 812, 813, 814, 815, 816, 817, 818, 819, 820, 821, 822, 823, 824 ],
          "attributes": {
          }
        },
        "$auto$opt_expr.cc:205:group_cell_inputs$204": {
          "hide_name": 1,
          "bits": [ 255, 256, 257, 258, 259, 260 ],
          "attributes": {
          }
        },
        "$auto$opt_expr.cc:205:group_cell_inputs$211": {
          "hide_name": 1,
          "bits": [ 415 ],
          "attributes": {
          }
        },
        "$auto$opt_expr.cc:205:group_cell_inputs$219": {
          "hide_name": 1,
          "bits": [ 423, 424, 425, 426, 427, 428 ],
          "attributes": {
          }
        },
        "$auto$opt_expr.cc:205:group_cell_inputs$226": {
          "hide_name": 1,
          "bits": [ 437, 438, 439, 440, 441 ],
          "attributes": {
          }
        },
        "$auto$opt_expr.cc:205:group_cell_inputs$228": {
          "hide_name": 1,
          "bits": [ 302, 304, 306, 308, 310, 312, 314, 316, 318, 320, 322, 324, 326, 328, 330, 332, 334, 336, 338 ],
          "attributes": {
          }
        },
        "$auto$opt_expr.cc:205:group_cell_inputs$275": {
          "hide_name": 1,
          "bits": [ 375, 376, 377, 450, 451, 452 ],
          "attributes": {
            "unused_bits": "3 4 5"
          }
        },
        "$auto$wreduce.cc:514:run$101": {
          "hide_name": 1,
          "bits": [ 604, 605, 842, 843, 844, 845, 846, 847, 848, 849, 850, 851, 852, 853, 854, 855, 856, 857, 858, 859, 860, 861, 862, 863, 864, 865, 866, 867, 868, 869, 870 ],
          "attributes": {
            "src": "designs/200/top.sv:25.23-25.92",
            "unused_bits": "2 3 4 5 6 7 8 9 10 11 12 13 14 15 16 17 18 19 20 21 22 23 24 25 26 27 28 29 30"
          }
        },
        "$auto$wreduce.cc:514:run$102": {
          "hide_name": 1,
          "bits": [ 602, 603, 871, 872, 873, 874, 875, 876, 877, 878, 879, 880, 881, 882, 883, 884, 885, 886, 887, 888, 889, 890, 891, 892, 893, 894, 895, 896, 897, 898, 899 ],
          "attributes": {
            "src": "designs/200/top.sv:25.24-25.82",
            "unused_bits": "2 3 4 5 6 7 8 9 10 11 12 13 14 15 16 17 18 19 20 21 22 23 24 25 26 27 28 29 30"
          }
        },
        "$auto$wreduce.cc:514:run$103": {
          "hide_name": 1,
          "bits": [ 176, 177, 178, 179, 180, 181, 182, 183, 184, 185, 186, 187, 188, 189, 190, 191, 192, 193, 900, 901, 902, 903, 904, 905, 906, "0", "0", "0", "0", "0", "0" ],
          "attributes": {
            "src": "designs/200/top.sv:24.233-24.483",
            "unused_bits": "18 19 20 21 22 23 24"
          }
        },
        "$auto$wreduce.cc:514:run$104": {
          "hide_name": 1,
          "bits": [ 392, 393, 394, 395, 396, 397, 797, 798, 799, 800, 801, 802, 803, 804, 805, 806, 807, 808, 907, 908, 909, 910, 911, 912 ],
          "attributes": {
            "src": "designs/200/top.sv:24.273-24.435",
            "unused_bits": "18 19 20 21 22 23"
          }
        },
        "$auto$wreduce.cc:514:run$105": {
          "hide_name": 1,
          "bits": [ 483, 484, 485, 486, 487, 488, 489, 490, 491, 492, 493, 494, 495, 496, 497, 498, 499, 500, 913, 914, 915, 916, 917, 918, 919, 920, 921, 922, 923, 924, 925 ],
          "attributes": {
            "src": "designs/200/top.sv:24.39-24.227",
            "unused_bits": "18 19 20 21 22 23 24 25 26 27 28 29 30"
          }
        },
        "$mul$designs/200/top.sv:18$4_Y": {
          "hide_name": 1,
          "bits": [ 474, 475, 476 ],
          "attributes": {
            "src": "designs/200/top.sv:18.53-18.138"
          }
        },
        "$mul$designs/200/top.sv:18$5_Y": {
          "hide_name": 1,
          "bits": [ 477, 478, 479 ],
          "attributes": {
            "src": "designs/200/top.sv:18.42-18.153"
          }
        },
        "$mul$designs/200/top.sv:23$32_Y": {
          "hide_name": 1,
          "bits": [ 34, 35, 36, 37, 38, 39, 40, 41, 42, 43, 44, 45, 46, 47, 48, 49, 50, 51, 52, 53, 54, 55, 56, 57, 58, 59, 60, 61, 62, 63, 64 ],
          "attributes": {
            "src": "designs/200/top.sv:23.101-23.132"
          }
        },
        "$mul$designs/200/top.sv:24$56_Y": {
          "hide_name": 1,
          "bits": [ 432, 433, 434, 435, 436, 301, 303, 305, 307, 309, 311, 313, 315, 317, 319, 321, 323, 325, 327, 329, 331, 333, 335, 337 ],
          "attributes": {
            "src": "designs/200/top.sv:24.296-24.392"
          }
        },
        "$mul$designs/200/top.sv:24$60_Y": {
          "hide_name": 1,
          "bits": [ 520, 521, 522, 523, 524, 525, 526, 527, 528, 529, 530, 531, 532, 533, 534, 535, 536, 537, 926, 927, 928, 929, 930, 931 ],
          "attributes": {
            "src": "designs/200/top.sv:24.274-24.422",
            "unused_bits": "18 19 20 21 22 23"
          }
        },
        "$mul$designs/200/top.sv:26$77_Y": {
          "hide_name": 1,
          "bits": [ 538, 539, 540, 541, 542, 543, 544, 545, 546, 547, 548, 549, 550, 551, 552, 553, 554, 555, 556, 557, 558, 559, 560, 561 ],
          "attributes": {
            "src": "designs/200/top.sv:26.82-26.134"
          }
        },
        "$mul$designs/200/top.sv:26$80_Y": {
          "hide_name": 1,
          "bits": [ 562, 563, 564, 565, 566, 567, 568, 569, 570, 571, 572, 573, 574, 575, 576, 577, 578, 579, 932, 933, 934, 935, 936, 937 ],
          "attributes": {
            "src": "designs/200/top.sv:26.73-26.148",
            "unused_bits": "18 19 20 21 22 23"
          }
        },
        "$not$designs/200/top.sv:25$70_Y": {
          "hide_name": 1,
          "bits": [ 580, 581, 938, 939, 940, 941, 942, 943, 944, 945, 946, 947, 948, 949, 950, 951, 952, 953, 954, 955, 956, 957, 958, 959, 960, 961, 962, 963, 964, 965, 966 ],
          "attributes": {
            "src": "designs/200/top.sv:25.74-25.81",
            "unused_bits": "2 3 4 5 6 7 8 9 10 11 12 13 14 15 16 17 18 19 20 21 22 23 24 25 26 27 28 29 30"
          }
        },
        "$not$designs/200/top.sv:30$92_Y": {
          "hide_name": 1,
          "bits": [ 261, 262, 263, 264, 265, 266, 267, 268, 269, 270, 271, 272, 273, 274, 275, 276, 967, 968, 969, 970, 971, 972, 973, 974, 975, 976, 977, 978, 979, 980, 981 ],
          "attributes": {
            "src": "designs/200/top.sv:30.96-30.109",
            "unused_bits": "16 17 18 19 20 21 22 23 24 25 26 27 28 29 30"
          }
        },
        "$or$designs/200/top.sv:18$6_Y": {
          "hide_name": 1,
          "bits": [ 480, 481, 482 ],
          "attributes": {
            "src": "designs/200/top.sv:18.33-18.168"
          }
        },
        "$or$designs/200/top.sv:25$69_Y": {
          "hide_name": 1,
          "bits": [ 600, 601, 982, 983, 984, 985, 986, 987, 988, 989, 990, 991, 992, 993, 994, 995, 996, 997, 998, 999, 1000 ],
          "attributes": {
            "src": "designs/200/top.sv:25.35-25.68",
            "unused_bits": "2 3 4 5 6 7 8 9 10 11 12 13 14 15 16 17 18 19 20"
          }
        },
        "$or$designs/200/top.sv:26$81_Y": {
          "hide_name": 1,
          "bits": [ 218, 219, 220, 221, 222, 223, 224, 225, 226, 227, 228, 229, 230, 231, 232, 233, 234, 235, 1001, 1002, 1003, 1004, 1005, 1006 ],
          "attributes": {
            "src": "designs/200/top.sv:26.62-26.159",
            "unused_bits": "18 19 20 21 22 23"
          }
        },
        "$shl$designs/200/top.sv:22$28_Y": {
          "hide_name": 1,
          "bits": [ 353, 354, 355, 356, 357, 358, 664, 665, 666, 667, 668, 669, 670, 671, 672, 673, 674, 675, 676, 677, 678, 679, 680, 681, 682, 683, 684, 685, 686, 687, 688 ],
          "signed": 1,
          "attributes": {
            "src": "designs/200/top.sv:22.31-22.181",
            "unused_bits": "6 7 8 9 10 11 12 13 14 15 16 17 18 19 20 21 22 23 24 25 26 27 28 29 30"
          }
        },
        "$shl$designs/200/top.sv:23$36_Y": {
          "hide_name": 1,
          "bits": [ 360, 361, 362, 363, 364, 365, 720, 721, 722, 723, 724, 725, 726, 727, 728, 729, 730, 731, 732, 733, 734, 735, 736, 737, 1007, 1008, 1009, 1010, 1011, 1012, 1013 ],
          "attributes": {
            "src": "designs/200/top.sv:23.61-23.178",
            "unused_bits": "6 7 8 9 10 11 12 13 14 15 16 17 18 19 20 21 22 23 24 25 26 27 28 29 30"
          }
        },
        "$shr$designs/200/top.sv:19$10_Y": {
          "hide_name": 1,
          "bits": [ 738, 739, 740, 741, 742, 743, 744, 745, 746, 747, 748, 749, 750, 751, 752, 753, 754 ],
          "attributes": {
            "src": "designs/200/top.sv:19.45-19.114"
          }
        },
        "$shr$designs/200/top.sv:23$35_Y": {
          "hide_name": 1,
          "bits": [ 689, 690, 691, 692, 693, 694, 695, 696, 697, 698, 699, 700, 701, 702, 703, 704, 705, 706, 707, 708, 709, 710, 711, 712, 713, 714, 715, 716, 717, 718, 719 ],
          "signed": 1,
          "attributes": {
            "src": "designs/200/top.sv:23.72-23.166"
          }
        },
        "$sub$designs/200/top.sv:19$12_Y": {
          "hide_name": 1,
          "bits": [ 755, 756, 757, 758, 759, 760, 761, 762, 763, 764, 765, 766, 767, 768, 769, 770, 771 ],
          "attributes": {
            "src": "designs/200/top.sv:19.44-19.127"
          }
        },
        "$sub$designs/200/top.sv:19$13_Y": {
          "hide_name": 1,
          "bits": [ 622, 623, 624, 625, 626, 627, 628, 629, 630, 631, 632, 633, 634, 635, 636, 637, 638 ],
          "attributes": {
            "src": "designs/200/top.sv:19.33-19.138"
          }
        },
        "$sub$designs/200/top.sv:22$26_Y": {
          "hide_name": 1,
          "bits": [ 341, 342, 343, 344, 345, 346, 639, 640, 641, 642, 643, 644, 645, 646, 647, 648, 649, 650, 651, 652, 653, 654, 655, 656, 657, 658, 659, 660, 661, 662, 663 ],
          "attributes": {
            "src": "designs/200/top.sv:22.51-22.154"
          }
        },
        "$sub$designs/200/top.sv:24$43_Y": {
          "hide_name": 1,
          "bits": [ 444, 445, 446, 447, 448, 449, 772, 773, 774, 775, 776, 777, 778, 779, 780, 781, 782, 783, 784, 785, 786, 787, 788, 789, 790, 791, 792, 793, 794, 795, 796 ],
          "attributes": {
            "src": "designs/200/top.sv:24.91-24.139",
            "unused_bits": "6 7 8 9 10 11 12 13 14 15 16 17 18 19 20 21 22 23 24 25 26 27 28 29 30"
          }
        },
        "$sub$designs/200/top.sv:24$54_Y": {
          "hide_name": 1,
          "bits": [ 453, 454, 455, 456, 457, 458, 459, 501, 502, 503, 504, 505, 506, 507, 508, 509, 510, 511, 512, 513, 514, 515, 516, 517 ],
          "attributes": {
            "src": "designs/200/top.sv:24.316-24.366"
          }
        },
        "$sub$designs/200/top.sv:24$65_Y": {
          "hide_name": 1,
          "bits": [ 404, 405, 406, 160, 161, 162, 163, 164, 165, 166, 167, 168, 169, 170, 171, 172, 173, 174, 1014, 1015, 1016, 1017, 1018, 1019 ],
          "attributes": {
            "src": "designs/200/top.sv:24.251-24.457",
            "unused_bits": "18 19 20 21 22 23"
          }
        },
        "$sub$designs/200/top.sv:26$83_Y": {
          "hide_name": 1,
          "bits": [ 407, 408, 809, 810, 811, 812, 813, 814, 815, 816, 817, 818, 819, 820, 821, 822, 823, 824, 1020, 1021, 1022, 1023, 1024, 1025 ],
          "attributes": {
            "src": "designs/200/top.sv:26.44-26.181",
            "unused_bits": "18 19 20 21 22 23"
          }
        },
        "$xor$designs/200/top.sv:18$2_Y": {
          "hide_name": 1,
          "bits": [ 293, 294, 295 ],
          "attributes": {
            "src": "designs/200/top.sv:18.73-18.108"
          }
        },
        "input_data": {
          "hide_name": 0,
          "bits": [ 2, 3, 4 ],
          "attributes": {
            "src": "designs/200/top.sv:2.17-2.27"
          }
        },
        "output_data": {
          "hide_name": 0,
          "bits": [ 5, 6, 7, 8, 9, 10, 11, 12, 13, 14, 15, 16, 17, 18, 19, 20 ],
          "attributes": {
            "src": "designs/200/top.sv:3.19-3.30"
          }
        },
        "temp_0": {
          "hide_name": 0,
          "bits": [ 21, 22, 23, 24, 25, 26, "0", "0", "0", "0", "0", "0", "0", "0", "0", "0", "0" ],
          "attributes": {
            "src": "designs/200/top.sv:6.18-6.24"
          }
        },
        "temp_1": {
          "hide_name": 0,
          "bits": [ 299, 518, 519 ],
          "attributes": {
            "src": "designs/200/top.sv:7.17-7.23"
          }
        },
        "temp_2": {
          "hide_name": 0,
          "bits": [ 236 ],
          "attributes": {
            "single_bit_vector": "00000000000000000000000000000001",
            "src": "designs/200/top.sv:8.17-8.23"
          }
        },
        "temp_3": {
          "hide_name": 0,
          "bits": [ 175, 28, 29, 30, 31, 32, 33, "0", "0", "0" ],
          "attributes": {
            "src": "designs/200/top.sv:9.17-9.23"
          }
        },
        "temp_4": {
          "hide_name": 0,
          "bits": [ 65, 66, 67, 68, 69, 70, "0", "0", "0", "0", "0", "0", "0", "0", "0", "0", "0", "0", "0", "0", "0", "0", "0", "0", "0", "0", "0", "0", "0", "0", "0" ],
          "attributes": {
            "src": "designs/200/top.sv:10.18-10.24"
          }
        },
        "temp_5": {
          "hide_name": 0,
          "bits": [ 109, 110, 111, 112, 113, 114, 115, 116, 117, 118, 119, 120, 121, 122, 123, 124, 125, 126, 127, 128, 129, 130, 131, 132 ],
          "attributes": {
            "src": "designs/200/top.sv:11.18-11.24"
          }
        },
        "temp_6": {
          "hide_name": 0,
          "bits": [ 598, 599, 606, 607, 608, 609, 610, 611, 612, 613, 614, 615, 616, 617, 618, 619, 620, 621, "x", "x", "x" ],
          "attributes": {
            "src": "designs/200/top.sv:12.18-12.24"
          }
        },
        "temp_7": {
          "hide_name": 0,
          "bits": [ 409, 410 ],
          "attributes": {
            "src": "designs/200/top.sv:13.17-13.23"
          }
        },
        "temp_8": {
          "hide_name": 0,
          "bits": [ 825, 826, 582, 583, 584, 585, 586, 587, 588, 589, 590, 591, 592, 593, 594, 595, 596, 597 ],
          "attributes": {
            "src": "designs/200/top.sv:14.18-14.24",
            "unused_bits": "0 1"
          }
        }
      }
    }
  }
}
