{
  "creator": "Yosys 0.60 (git sha1 5bafeb77dc71e054fa331ab9efa613e6fb0a1c49, clang++ 17.0.0 -fPIC -O3)",
  "modules": {
    "top": {
      "attributes": {
        "top": "00000000000000000000000000000001",
        "src": "designs/217/top.sv:1.1-50.10"
      },
      "ports": {
        "input_data": {
          "direction": "input",
          "bits": [ 2, 3, 4, 5, 6, 7, 8, 9, 10, 11, 12, 13, 14, 15, 16 ]
        },
        "output_data": {
          "direction": "output",
          "bits": [ 17, 18, 19, 20, 21, 22, 23, 24, 25, 26, 27, 28, 29, 30, 31, 32, 33, 34, 35 ]
        }
      },
      "cells": {
        "$add$designs/217/top.sv:25$2": {
          "hide_name": 1,
          "type": "$add",
          "parameters": {
            "A_SIGNED": "00000000000000000000000000000000",
            "A_WIDTH": "00000000000000000000000000000110",
            "B_SIGNED": "00000000000000000000000000000000",
            "B_WIDTH": "00000000000000000000000000000110",
            "Y_WIDTH": "00000000000000000000000000000110"
          },
          "attributes": {
            "src": "designs/217/top.sv:25.25-25.79"
          },
          "port_directions": {
            "A": "input",
            "B": "input",
            "Y": "output"
          },
          "connections": {
            "A": [ 36, 37, 38, 39, 40, 41 ],
            "B": [ 11, 12, 13, 14, 15, 16 ],
            "Y": [ 42, 43, 44, 45, 46, 47 ]
          }
        },
        "$add$designs/217/top.sv:29$26": {
          "hide_name": 1,
          "type": "$add",
          "parameters": {
            "A_SIGNED": "00000000000000000000000000000000",
            "A_WIDTH": "00000000000000000000000000000001",
            "B_SIGNED": "00000000000000000000000000000000",
            "B_WIDTH": "00000000000000000000000000000001",
            "Y_WIDTH": "00000000000000000000000000000001"
          },
          "attributes": {
            "src": "designs/217/top.sv:29.35-29.153"
          },
          "port_directions": {
            "A": "input",
            "B": "input",
            "Y": "output"
          },
          "connections": {
            "A": [ 48 ],
            "B": [ 2 ],
            "Y": [ 49 ]
          }
        },
        "$add$designs/217/top.sv:34$39": {
          "hide_name": 1,
          "type": "$add",
          "parameters": {
            "A_SIGNED": "00000000000000000000000000000000",
            "A_WIDTH": "00000000000000000000000000000001",
            "B_SIGNED": "00000000000000000000000000000000",
            "B_WIDTH": "00000000000000000000000000010001",
            "Y_WIDTH": "00000000000000000000000000010001"
          },
          "attributes": {
            "src": "designs/217/top.sv:34.24-34.104"
          },
          "port_directions": {
            "A": "input",
            "B": "input",
            "Y": "output"
          },
          "connections": {
            "A": [ 50 ],
            "B": [ 51, 52, 53, 54, 55, 56, 57, 58, 59, 60, "1", "1", "1", "1", "1", "1", "1" ],
            "Y": [ 61, 62, 63, 64, 65, 66, 67, 68, 69, 70, 71, 72, 73, 74, 75, 76, 77 ]
          }
        },
        "$add$designs/217/top.sv:48$101": {
          "hide_name": 1,
          "type": "$add",
          "parameters": {
            "A_SIGNED": "00000000000000000000000000000000",
            "A_WIDTH": "00000000000000000000000000010011",
            "B_SIGNED": "00000000000000000000000000000000",
            "B_WIDTH": "00000000000000000000000000000001",
            "Y_WIDTH": "00000000000000000000000000010011"
          },
          "attributes": {
            "src": "designs/217/top.sv:48.30-48.152"
          },
          "port_directions": {
            "A": "input",
            "B": "input",
            "Y": "output"
          },
          "connections": {
            "A": [ 78, 79, 80, 81, 82, 83, 84, 85, 86, 87, 88, 89, 90, 91, 92, 93, 94, 95, 96 ],
            "B": [ 97 ],
            "Y": [ 98, 99, 100, 101, 102, 103, 104, 105, 106, 107, 108, 109, 110, 111, 112, 113, 114, 115, 116 ]
          }
        },
        "$and$designs/217/top.sv:25$1": {
          "hide_name": 1,
          "type": "$and",
          "parameters": {
            "A_SIGNED": "00000000000000000000000000000000",
            "A_WIDTH": "00000000000000000000000000000110",
            "B_SIGNED": "00000000000000000000000000000000",
            "B_WIDTH": "00000000000000000000000000000110",
            "Y_WIDTH": "00000000000000000000000000000110"
          },
          "attributes": {
            "src": "designs/217/top.sv:25.26-25.59"
          },
          "port_directions": {
            "A": "input",
            "B": "input",
            "Y": "output"
          },
          "connections": {
            "A": [ 6, 7, 8, 9, 10, 11 ],
            "B": [ 5, 6, 7, 8, 9, 10 ],
            "Y": [ 36, 37, 38, 39, 40, 41 ]
          }
        },
        "$and$designs/217/top.sv:28$21": {
          "hide_name": 1,
          "type": "$and",
          "parameters": {
            "A_SIGNED": "00000000000000000000000000000000",
            "A_WIDTH": "00000000000000000000000000000011",
            "B_SIGNED": "00000000000000000000000000000000",
            "B_WIDTH": "00000000000000000000000000000011",
            "Y_WIDTH": "00000000000000000000000000000011"
          },
          "attributes": {
            "src": "designs/217/top.sv:28.22-28.127"
          },
          "port_directions": {
            "A": "input",
            "B": "input",
            "Y": "output"
          },
          "connections": {
            "A": [ 117, 118, 119 ],
            "B": [ 120, 121, 122 ],
            "Y": [ 123, 124, 125 ]
          }
        },
        "$and$designs/217/top.sv:29$27": {
          "hide_name": 1,
          "type": "$and",
          "parameters": {
            "A_SIGNED": "00000000000000000000000000000000",
            "A_WIDTH": "00000000000000000000000000000001",
            "B_SIGNED": "00000000000000000000000000000000",
            "B_WIDTH": "00000000000000000000000000000001",
            "Y_WIDTH": "00000000000000000000000000000001"
          },
          "attributes": {
            "src": "designs/217/top.sv:29.24-29.173"
          },
          "port_directions": {
            "A": "input",
            "B": "input",
            "Y": "output"
          },
          "connections": {
            "A": [ 49 ],
            "B": [ 3 ],
            "Y": [ 126 ]
          }
        },
        "$auto$opt_expr.cc:276:group_cell_inputs$111": {
          "hide_name": 1,
          "type": "$and",
          "parameters": {
            "A_SIGNED": "00000000000000000000000000000000",
            "A_WIDTH": "00000000000000000000000000001111",
            "B_SIGNED": "00000000000000000000000000000000",
            "B_WIDTH": "00000000000000000000000000001111",
            "Y_WIDTH": "00000000000000000000000000001111"
          },
          "attributes": {
          },
          "port_directions": {
            "A": "input",
            "B": "input",
            "Y": "output"
          },
          "connections": {
            "A": [ 127, 128, 129, 130, 131, 132, 133, 134, 135, 136, 137, 138, 139, 140, 141 ],
            "B": [ 142, 143, 144, 145, 146, 147, 148, 149, 150, 151, 152, 153, 154, 155, 156 ],
            "Y": [ 157, 158, 159, 160, 161, 162, 163, 164, 165, 166, 167, 168, 169, 170, 171 ]
          }
        },
        "$auto$opt_expr.cc:276:group_cell_inputs$115": {
          "hide_name": 1,
          "type": "$xor",
          "parameters": {
            "A_SIGNED": "00000000000000000000000000000000",
            "A_WIDTH": "00000000000000000000000000001111",
            "B_SIGNED": "00000000000000000000000000000000",
            "B_WIDTH": "00000000000000000000000000001111",
            "Y_WIDTH": "00000000000000000000000000001111"
          },
          "attributes": {
          },
          "port_directions": {
            "A": "input",
            "B": "input",
            "Y": "output"
          },
          "connections": {
            "A": [ 157, 158, 159, 160, 161, 162, 163, 164, 165, 166, 167, 168, 169, 170, 171 ],
            "B": [ 2, 3, 4, 5, 6, 7, 8, 9, 10, 11, 12, 13, 14, 15, 16 ],
            "Y": [ 172, 173, 174, 175, 176, 177, 178, 179, 180, 181, 182, 183, 184, 185, 186 ]
          }
        },
        "$auto$opt_expr.cc:276:group_cell_inputs$120": {
          "hide_name": 1,
          "type": "$or",
          "parameters": {
            "A_SIGNED": "00000000000000000000000000000000",
            "A_WIDTH": "00000000000000000000000000000110",
            "B_SIGNED": "00000000000000000000000000000000",
            "B_WIDTH": "00000000000000000000000000000110",
            "Y_WIDTH": "00000000000000000000000000000110"
          },
          "attributes": {
          },
          "port_directions": {
            "A": "input",
            "B": "input",
            "Y": "output"
          },
          "connections": {
            "A": [ 187, 187, 187, 187, 187, 187 ],
            "B": [ 188, 189, 190, 191, 192, 193 ],
            "Y": [ 194, 195, 196, 197, 198, 199 ]
          }
        },
        "$auto$opt_expr.cc:276:group_cell_inputs$123": {
          "hide_name": 1,
          "type": "$not",
          "parameters": {
            "A_SIGNED": "00000000000000000000000000000000",
            "A_WIDTH": "00000000000000000000000000001010",
            "Y_WIDTH": "00000000000000000000000000001010"
          },
          "attributes": {
          },
          "port_directions": {
            "A": "input",
            "Y": "output"
          },
          "connections": {
            "A": [ 200, 201, 202, 203, 204, 205, 206, 207, 208, 209 ],
            "Y": [ 51, 52, 53, 54, 55, 56, 57, 58, 59, 60 ]
          }
        },
        "$auto$opt_expr.cc:276:group_cell_inputs$137": {
          "hide_name": 1,
          "type": "$and",
          "parameters": {
            "A_SIGNED": "00000000000000000000000000000000",
            "A_WIDTH": "00000000000000000000000000000110",
            "B_SIGNED": "00000000000000000000000000000000",
            "B_WIDTH": "00000000000000000000000000000110",
            "Y_WIDTH": "00000000000000000000000000000110"
          },
          "attributes": {
          },
          "port_directions": {
            "A": "input",
            "B": "input",
            "Y": "output"
          },
          "connections": {
            "A": [ 2, 3, 4, 5, 6, 7 ],
            "B": [ 210, 211, 212, 213, 214, 215 ],
            "Y": [ 216, 217, 218, 219, 220, 221 ]
          }
        },
        "$auto$opt_expr.cc:276:group_cell_inputs$141": {
          "hide_name": 1,
          "type": "$and",
          "parameters": {
            "A_SIGNED": "00000000000000000000000000000000",
            "A_WIDTH": "00000000000000000000000000000110",
            "B_SIGNED": "00000000000000000000000000000000",
            "B_WIDTH": "00000000000000000000000000000110",
            "Y_WIDTH": "00000000000000000000000000000110"
          },
          "attributes": {
          },
          "port_directions": {
            "A": "input",
            "B": "input",
            "Y": "output"
          },
          "connections": {
            "A": [ 222, 223, 224, 225, 226, 227 ],
            "B": [ 210, 211, 212, 213, 214, 215 ],
            "Y": [ 228, 229, 230, 231, 232, 233 ]
          }
        },
        "$auto$opt_expr.cc:276:group_cell_inputs$182": {
          "hide_name": 1,
          "type": "$or",
          "parameters": {
            "A_SIGNED": "00000000000000000000000000000000",
            "A_WIDTH": "00000000000000000000000000000110",
            "B_SIGNED": "00000000000000000000000000000000",
            "B_WIDTH": "00000000000000000000000000000110",
            "Y_WIDTH": "00000000000000000000000000000110"
          },
          "attributes": {
          },
          "port_directions": {
            "A": "input",
            "B": "input",
            "Y": "output"
          },
          "connections": {
            "A": [ 234, 235, 236, 237, 238, 239 ],
            "B": [ 210, 211, 212, 213, 214, 215 ],
            "Y": [ 240, 241, 242, 243, 244, 245 ]
          }
        },
        "$auto$opt_expr.cc:276:group_cell_inputs$190": {
          "hide_name": 1,
          "type": "$or",
          "parameters": {
            "A_SIGNED": "00000000000000000000000000000000",
            "A_WIDTH": "00000000000000000000000000000110",
            "B_SIGNED": "00000000000000000000000000000000",
            "B_WIDTH": "00000000000000000000000000000110",
            "Y_WIDTH": "00000000000000000000000000000110"
          },
          "attributes": {
          },
          "port_directions": {
            "A": "input",
            "B": "input",
            "Y": "output"
          },
          "connections": {
            "A": [ 216, 217, 218, 219, 220, 221 ],
            "B": [ 246, 247, 248, 249, 250, 251 ],
            "Y": [ 252, 253, 254, 255, 256, 257 ]
          }
        },
        "$auto$opt_expr.cc:276:group_cell_inputs$193": {
          "hide_name": 1,
          "type": "$xor",
          "parameters": {
            "A_SIGNED": "00000000000000000000000000000000",
            "A_WIDTH": "00000000000000000000000000000110",
            "B_SIGNED": "00000000000000000000000000000000",
            "B_WIDTH": "00000000000000000000000000000110",
            "Y_WIDTH": "00000000000000000000000000000110"
          },
          "attributes": {
          },
          "port_directions": {
            "A": "input",
            "B": "input",
            "Y": "output"
          },
          "connections": {
            "A": [ 240, 241, 242, 243, 244, 245 ],
            "B": [ 228, 229, 230, 231, 232, 233 ],
            "Y": [ 17, 18, 19, 20, 21, 22 ]
          }
        },
        "$auto$opt_expr.cc:716:replace_const_cells$187": {
          "hide_name": 1,
          "type": "$not",
          "parameters": {
            "A_SIGNED": "00000000000000000000000000000000",
            "A_WIDTH": "00000000000000000000000000010011",
            "Y_WIDTH": "00000000000000000000000000010011"
          },
          "attributes": {
          },
          "port_directions": {
            "A": "input",
            "Y": "output"
          },
          "connections": {
            "A": [ 258, 259, 260, 261, 262, 263, 264, 265, 266, 267, 268, 269, 270, 271, 272, 273, 274, 275, 276 ],
            "Y": [ 78, 79, 80, 81, 82, 83, 84, 85, 86, 87, 88, 89, 90, 91, 92, 93, 94, 95, 96 ]
          }
        },
        "$eq$designs/217/top.sv:34$41": {
          "hide_name": 1,
          "type": "$eq",
          "parameters": {
            "A_SIGNED": "00000000000000000000000000000000",
            "A_WIDTH": "00000000000000000000000000010001",
            "B_SIGNED": "00000000000000000000000000000000",
            "B_WIDTH": "00000000000000000000000000010001",
            "Y_WIDTH": "00000000000000000000000000000001"
          },
          "attributes": {
            "src": "designs/217/top.sv:34.22-34.130"
          },
          "port_directions": {
            "A": "input",
            "B": "input",
            "Y": "output"
          },
          "connections": {
            "A": [ 277, 278, 279, 280, 281, 282, 283, 284, 285, 286, 287, 288, 289, 290, 291, 292, 293 ],
            "B": [ 188, 189, 190, 191, 192, 193, 294, 295, 296, 297, 298, 299, 300, 301, 302, 303, 304 ],
            "Y": [ 97 ]
          }
        },
        "$mul$designs/217/top.sv:25$3": {
          "hide_name": 1,
          "type": "$mul",
          "parameters": {
            "A_SIGNED": "00000000000000000000000000000000",
            "A_WIDTH": "00000000000000000000000000000110",
            "B_SIGNED": "00000000000000000000000000000000",
            "B_WIDTH": "00000000000000000000000000000110",
            "Y_WIDTH": "00000000000000000000000000000110"
          },
          "attributes": {
            "src": "designs/217/top.sv:25.24-25.98"
          },
          "port_directions": {
            "A": "input",
            "B": "input",
            "Y": "output"
          },
          "connections": {
            "A": [ 42, 43, 44, 45, 46, 47 ],
            "B": [ 5, 6, 7, 8, 9, 10 ],
            "Y": [ 305, 306, 307, 308, 309, 310 ]
          }
        },
        "$mul$designs/217/top.sv:25$6": {
          "hide_name": 1,
          "type": "$mul",
          "parameters": {
            "A_SIGNED": "00000000000000000000000000000000",
            "A_WIDTH": "00000000000000000000000000000110",
            "B_SIGNED": "00000000000000000000000000000000",
            "B_WIDTH": "00000000000000000000000000000110",
            "Y_WIDTH": "00000000000000000000000000000110"
          },
          "attributes": {
            "src": "designs/217/top.sv:25.22-25.141"
          },
          "port_directions": {
            "A": "input",
            "B": "input",
            "Y": "output"
          },
          "connections": {
            "A": [ 311, 312, 313, 314, 315, 316 ],
            "B": [ 8, 9, 10, 11, 12, 13 ],
            "Y": [ 210, 211, 212, 213, 214, 215 ]
          }
        },
        "$mul$designs/217/top.sv:27$12": {
          "hide_name": 1,
          "type": "$mul",
          "parameters": {
            "A_SIGNED": "00000000000000000000000000000001",
            "A_WIDTH": "00000000000000000000000000100000",
            "B_SIGNED": "00000000000000000000000000000001",
            "B_WIDTH": "00000000000000000000000000010000",
            "Y_WIDTH": "00000000000000000000000000010001"
          },
          "attributes": {
            "src": "designs/217/top.sv:27.22-27.110"
          },
          "port_directions": {
            "A": "input",
            "B": "input",
            "Y": "output"
          },
          "connections": {
            "A": [ 172, 173, 174, 175, 176, 177, 178, 179, 180, 181, 182, 183, 184, 185, 186, "0", "0", "0", "0", "0", "0", "0", "0", "0", "0", "0", "0", "0", "0", "0", "0", "0" ],
            "B": [ 142, 143, 144, 145, 146, 147, 148, 149, 150, 151, 152, 153, 154, 155, 156, 187 ],
            "Y": [ 188, 189, 190, 191, 192, 193, 294, 295, 296, 297, 298, 299, 300, 301, 302, 303, 304 ]
          }
        },
        "$mul$designs/217/top.sv:29$28": {
          "hide_name": 1,
          "type": "$mul",
          "parameters": {
            "A_SIGNED": "00000000000000000000000000000000",
            "A_WIDTH": "00000000000000000000000000000001",
            "B_SIGNED": "00000000000000000000000000000000",
            "B_WIDTH": "00000000000000000000000000000011",
            "Y_WIDTH": "00000000000000000000000000000100"
          },
          "attributes": {
            "src": "designs/217/top.sv:29.23-29.183"
          },
          "port_directions": {
            "A": "input",
            "B": "input",
            "Y": "output"
          },
          "connections": {
            "A": [ 126 ],
            "B": [ 123, 124, 125 ],
            "Y": [ 317, 318, 319, 320 ]
          }
        },
        "$mul$designs/217/top.sv:29$29": {
          "hide_name": 1,
          "type": "$mul",
          "parameters": {
            "A_SIGNED": "00000000000000000000000000000001",
            "A_WIDTH": "00000000000000000000000000000101",
            "B_SIGNED": "00000000000000000000000000000001",
            "B_WIDTH": "00000000000000000000000000010000",
            "Y_WIDTH": "00000000000000000000000000000001"
          },
          "attributes": {
            "src": "designs/217/top.sv:29.22-29.193"
          },
          "port_directions": {
            "A": "input",
            "B": "input",
            "Y": "output"
          },
          "connections": {
            "A": [ 317, 318, 319, 320, "0" ],
            "B": [ 142, 143, 144, 145, 146, 147, 148, 149, 150, 151, 152, 153, 154, 155, 156, 187 ],
            "Y": [ 50 ]
          }
        },
        "$mul$designs/217/top.sv:34$40": {
          "hide_name": 1,
          "type": "$mul",
          "parameters": {
            "A_SIGNED": "00000000000000000000000000000000",
            "A_WIDTH": "00000000000000000000000000010001",
            "B_SIGNED": "00000000000000000000000000000000",
            "B_WIDTH": "00000000000000000000000000000010",
            "Y_WIDTH": "00000000000000000000000000010001"
          },
          "attributes": {
            "src": "designs/217/top.sv:34.23-34.119"
          },
          "port_directions": {
            "A": "input",
            "B": "input",
            "Y": "output"
          },
          "connections": {
            "A": [ 61, 62, 63, 64, 65, 66, 67, 68, 69, 70, 71, 72, 73, 74, 75, 76, 77 ],
            "B": [ 188, 189 ],
            "Y": [ 277, 278, 279, 280, 281, 282, 283, 284, 285, 286, 287, 288, 289, 290, 291, 292, 293 ]
          }
        },
        "$mul$designs/217/top.sv:37$62": {
          "hide_name": 1,
          "type": "$mul",
          "parameters": {
            "A_SIGNED": "00000000000000000000000000000000",
            "A_WIDTH": "00000000000000000000000000100000",
            "B_SIGNED": "00000000000000000000000000000000",
            "B_WIDTH": "00000000000000000000000000010001",
            "Y_WIDTH": "00000000000000000000000000100000"
          },
          "attributes": {
            "src": "designs/217/top.sv:37.26-37.108"
          },
          "port_directions": {
            "A": "input",
            "B": "input",
            "Y": "output"
          },
          "connections": {
            "A": [ 321, 322, 323, 324, 325, 326, 327, 328, 329, 330, 331, 332, 333, 334, 335, 336, 336, 336, 336, 336, 336, 336, 336, 336, 336, 336, 336, 336, 336, 336, 336, 336 ],
            "B": [ 188, 189, 190, 191, 192, 193, 294, 295, 296, 297, 298, 299, 300, 301, 302, 303, 304 ],
            "Y": [ 337, 338, 339, 340, 341, 342, 343, 344, 345, 346, 347, 348, 349, 350, 351, 352, 353, 354, 355, 356, 357, 358, 359, 360, 361, 362, 363, 364, 365, 366, 367, 368 ]
          }
        },
        "$mul$designs/217/top.sv:37$64": {
          "hide_name": 1,
          "type": "$mul",
          "parameters": {
            "A_SIGNED": "00000000000000000000000000000001",
            "A_WIDTH": "00000000000000000000000000100000",
            "B_SIGNED": "00000000000000000000000000000001",
            "B_WIDTH": "00000000000000000000000000010000",
            "Y_WIDTH": "00000000000000000000000000010010"
          },
          "attributes": {
            "src": "designs/217/top.sv:37.24-37.128"
          },
          "port_directions": {
            "A": "input",
            "B": "input",
            "Y": "output"
          },
          "connections": {
            "A": [ 369, 370, 371, 372, 373, 374, 375, 376, 377, 378, 379, 380, 381, 382, 383, 384, 385, 386, 387, 388, 389, 390, 391, 392, 393, 394, 395, 396, 397, 398, 399, 400 ],
            "B": [ 142, 143, 144, 145, 146, 147, 148, 149, 150, 151, 152, 153, 154, 155, 156, 187 ],
            "Y": [ 222, 223, 224, 225, 226, 227, 401, 402, 403, 404, 405, 406, 407, 408, 409, 410, 411, 412 ]
          }
        },
        "$mul$designs/217/top.sv:48$95": {
          "hide_name": 1,
          "type": "$mul",
          "parameters": {
            "A_SIGNED": "00000000000000000000000000000000",
            "A_WIDTH": "00000000000000000000000000001010",
            "B_SIGNED": "00000000000000000000000000000000",
            "B_WIDTH": "00000000000000000000000000001101",
            "Y_WIDTH": "00000000000000000000000000010111"
          },
          "attributes": {
            "src": "designs/217/top.sv:48.52-48.106"
          },
          "port_directions": {
            "A": "input",
            "B": "input",
            "Y": "output"
          },
          "connections": {
            "A": [ 413, 414, 415, 416, 417, 418, 419, 420, 421, 422 ],
            "B": [ 3, 4, 5, 6, 7, 8, 9, 10, 11, 12, 13, 14, 15 ],
            "Y": [ 423, 424, 425, 426, 427, 428, 429, 430, 431, 432, 433, 434, 435, 436, 437, 438, 439, 440, 441, 442, 443, 444, 445 ]
          }
        },
        "$mul$designs/217/top.sv:48$96": {
          "hide_name": 1,
          "type": "$mul",
          "parameters": {
            "A_SIGNED": "00000000000000000000000000000001",
            "A_WIDTH": "00000000000000000000000000011000",
            "B_SIGNED": "00000000000000000000000000000001",
            "B_WIDTH": "00000000000000000000000000010000",
            "Y_WIDTH": "00000000000000000000000000100000"
          },
          "attributes": {
            "src": "designs/217/top.sv:48.51-48.116"
          },
          "port_directions": {
            "A": "input",
            "B": "input",
            "Y": "output"
          },
          "connections": {
            "A": [ 423, 424, 425, 426, 427, 428, 429, 430, 431, 432, 433, 434, 435, 436, 437, 438, 439, 440, 441, 442, 443, 444, 445, "0" ],
            "B": [ 142, 143, 144, 145, 146, 147, 148, 149, 150, 151, 152, 153, 154, 155, 156, 187 ],
            "Y": [ 446, 447, 448, 449, 450, 451, 452, 453, 454, 455, 456, 457, 458, 459, 460, 461, 462, 463, 464, 465, 466, 467, 468, 469, 470, 471, 472, 473, 474, 475, 476, 477 ]
          }
        },
        "$mul$designs/217/top.sv:48$97": {
          "hide_name": 1,
          "type": "$mul",
          "parameters": {
            "A_SIGNED": "00000000000000000000000000000000",
            "A_WIDTH": "00000000000000000000000000100000",
            "B_SIGNED": "00000000000000000000000000000000",
            "B_WIDTH": "00000000000000000000000000000001",
            "Y_WIDTH": "00000000000000000000000000010011"
          },
          "attributes": {
            "src": "designs/217/top.sv:48.40-48.128"
          },
          "port_directions": {
            "A": "input",
            "B": "input",
            "Y": "output"
          },
          "connections": {
            "A": [ 446, 447, 448, 449, 450, 451, 452, 453, 454, 455, 456, 457, 458, 459, 460, 461, 462, 463, 464, 465, 466, 467, 468, 469, 470, 471, 472, 473, 474, 475, 476, 477 ],
            "B": [ 97 ],
            "Y": [ 258, 259, 260, 261, 262, 263, 264, 265, 266, 267, 268, 269, 270, 271, 272, 273, 274, 275, 276 ]
          }
        },
        "$not$designs/217/top.sv:25$4": {
          "hide_name": 1,
          "type": "$not",
          "parameters": {
            "A_SIGNED": "00000000000000000000000000000000",
            "A_WIDTH": "00000000000000000000000000000110",
            "Y_WIDTH": "00000000000000000000000000000110"
          },
          "attributes": {
            "src": "designs/217/top.sv:25.103-25.120"
          },
          "port_directions": {
            "A": "input",
            "Y": "output"
          },
          "connections": {
            "A": [ 10, 11, 12, 13, 14, 15 ],
            "Y": [ 478, 479, 480, 481, 482, 483 ]
          }
        },
        "$not$designs/217/top.sv:28$20": {
          "hide_name": 1,
          "type": "$not",
          "parameters": {
            "A_SIGNED": "00000000000000000000000000000000",
            "A_WIDTH": "00000000000000000000000000000011",
            "Y_WIDTH": "00000000000000000000000000000011"
          },
          "attributes": {
            "src": "designs/217/top.sv:28.119-28.126"
          },
          "port_directions": {
            "A": "input",
            "Y": "output"
          },
          "connections": {
            "A": [ 210, 211, 212 ],
            "Y": [ 120, 121, 122 ]
          }
        },
        "$not$designs/217/top.sv:29$22": {
          "hide_name": 1,
          "type": "$not",
          "parameters": {
            "A_SIGNED": "00000000000000000000000000000000",
            "A_WIDTH": "00000000000000000000000000000011",
            "Y_WIDTH": "00000000000000000000000000000011"
          },
          "attributes": {
            "src": "designs/217/top.sv:29.88-29.95"
          },
          "port_directions": {
            "A": "input",
            "Y": "output"
          },
          "connections": {
            "A": [ 123, 124, 125 ],
            "Y": [ 484, 485, 486 ]
          }
        },
        "$not$designs/217/top.sv:37$59": {
          "hide_name": 1,
          "type": "$not",
          "parameters": {
            "A_SIGNED": "00000000000000000000000000000000",
            "A_WIDTH": "00000000000000000000000000001111",
            "Y_WIDTH": "00000000000000000000000000001111"
          },
          "attributes": {
            "src": "designs/217/top.sv:37.70-37.81"
          },
          "port_directions": {
            "A": "input",
            "Y": "output"
          },
          "connections": {
            "A": [ 2, 3, 4, 5, 6, 7, 8, 9, 10, 11, 12, 13, 14, 15, 16 ],
            "Y": [ 246, 247, 248, 249, 250, 251, 487, 488, 489, 490, 491, 492, 493, 494, 495 ]
          }
        },
        "$or$designs/217/top.sv:27$8": {
          "hide_name": 1,
          "type": "$or",
          "parameters": {
            "A_SIGNED": "00000000000000000000000000000000",
            "A_WIDTH": "00000000000000000000000000001111",
            "B_SIGNED": "00000000000000000000000000000000",
            "B_WIDTH": "00000000000000000000000000001111",
            "Y_WIDTH": "00000000000000000000000000001111"
          },
          "attributes": {
            "src": "designs/217/top.sv:27.26-27.62"
          },
          "port_directions": {
            "A": "input",
            "B": "input",
            "Y": "output"
          },
          "connections": {
            "A": [ 142, 143, 144, 145, 146, 147, 148, 149, 150, 151, 152, 153, 154, 155, 156 ],
            "B": [ 2, 3, 4, 5, 6, 7, 8, 9, 10, 11, 12, 13, 14, 15, 16 ],
            "Y": [ 496, 497, 498, 499, 500, 501, 502, 503, 504, 505, 506, 507, 508, 509, 510 ]
          }
        },
        "$or$designs/217/top.sv:28$16": {
          "hide_name": 1,
          "type": "$or",
          "parameters": {
            "A_SIGNED": "00000000000000000000000000000000",
            "A_WIDTH": "00000000000000000000000000000011",
            "B_SIGNED": "00000000000000000000000000000000",
            "B_WIDTH": "00000000000000000000000000000011",
            "Y_WIDTH": "00000000000000000000000000000011"
          },
          "attributes": {
            "src": "designs/217/top.sv:28.35-28.92"
          },
          "port_directions": {
            "A": "input",
            "B": "input",
            "Y": "output"
          },
          "connections": {
            "A": [ 511, 512, 513 ],
            "B": [ 210, 211, 212 ],
            "Y": [ 514, 515, 516 ]
          }
        },
        "$or$designs/217/top.sv:28$17": {
          "hide_name": 1,
          "type": "$or",
          "parameters": {
            "A_SIGNED": "00000000000000000000000000000000",
            "A_WIDTH": "00000000000000000000000000000011",
            "B_SIGNED": "00000000000000000000000000000000",
            "B_WIDTH": "00000000000000000000000000000011",
            "Y_WIDTH": "00000000000000000000000000000011"
          },
          "attributes": {
            "src": "designs/217/top.sv:28.34-28.102"
          },
          "port_directions": {
            "A": "input",
            "B": "input",
            "Y": "output"
          },
          "connections": {
            "A": [ 514, 515, 516 ],
            "B": [ 142, 143, 144 ],
            "Y": [ 117, 517, 518 ]
          }
        },
        "$or$designs/217/top.sv:29$24": {
          "hide_name": 1,
          "type": "$or",
          "parameters": {
            "A_SIGNED": "00000000000000000000000000000000",
            "A_WIDTH": "00000000000000000000000000000001",
            "B_SIGNED": "00000000000000000000000000000000",
            "B_WIDTH": "00000000000000000000000000000001",
            "Y_WIDTH": "00000000000000000000000000000001"
          },
          "attributes": {
            "src": "designs/217/top.sv:29.57-29.116"
          },
          "port_directions": {
            "A": "input",
            "B": "input",
            "Y": "output"
          },
          "connections": {
            "A": [ 519 ],
            "B": [ 2 ],
            "Y": [ 520 ]
          }
        },
        "$or$designs/217/top.sv:48$102": {
          "hide_name": 1,
          "type": "$or",
          "parameters": {
            "A_SIGNED": "00000000000000000000000000000000",
            "A_WIDTH": "00000000000000000000000000010011",
            "B_SIGNED": "00000000000000000000000000000000",
            "B_WIDTH": "00000000000000000000000000010011",
            "Y_WIDTH": "00000000000000000000000000010011"
          },
          "attributes": {
            "src": "designs/217/top.sv:48.29-48.162"
          },
          "port_directions": {
            "A": "input",
            "B": "input",
            "Y": "output"
          },
          "connections": {
            "A": [ 98, 99, 100, 101, 102, 103, 104, 105, 106, 107, 108, 109, 110, 111, 112, 113, 114, 115, 116 ],
            "B": [ 142, 143, 144, 145, 146, 147, 148, 149, 150, 151, 152, 153, 154, 155, 156, 187, 187, 187, 187 ],
            "Y": [ 234, 235, 236, 237, 238, 239, 23, 24, 25, 26, 27, 28, 29, 30, 31, 32, 33, 34, 35 ]
          }
        },
        "$or$designs/217/top.sv:48$94": {
          "hide_name": 1,
          "type": "$or",
          "parameters": {
            "A_SIGNED": "00000000000000000000000000000000",
            "A_WIDTH": "00000000000000000000000000001010",
            "B_SIGNED": "00000000000000000000000000000000",
            "B_WIDTH": "00000000000000000000000000001010",
            "Y_WIDTH": "00000000000000000000000000001010"
          },
          "attributes": {
            "src": "designs/217/top.sv:48.61-48.94"
          },
          "port_directions": {
            "A": "input",
            "B": "input",
            "Y": "output"
          },
          "connections": {
            "A": [ 200, 201, 202, 203, 204, 205, 206, 207, 208, 209 ],
            "B": [ 200, 201, 202, 203, 204, 205, 206, 207, 208, 209 ],
            "Y": [ 413, 414, 415, 416, 417, 418, 419, 420, 421, 422 ]
          }
        },
        "$shr$designs/217/top.sv:29$23": {
          "hide_name": 1,
          "type": "$shr",
          "parameters": {
            "A_SIGNED": "00000000000000000000000000000000",
            "A_WIDTH": "00000000000000000000000000000001",
            "B_SIGNED": "00000000000000000000000000000000",
            "B_WIDTH": "00000000000000000000000000000011",
            "Y_WIDTH": "00000000000000000000000000000001"
          },
          "attributes": {
            "src": "designs/217/top.sv:29.68-29.96"
          },
          "port_directions": {
            "A": "input",
            "B": "input",
            "Y": "output"
          },
          "connections": {
            "A": [ 5 ],
            "B": [ 484, 485, 486 ],
            "Y": [ 519 ]
          }
        },
        "$shr$designs/217/top.sv:29$25": {
          "hide_name": 1,
          "type": "$shr",
          "parameters": {
            "A_SIGNED": "00000000000000000000000000000000",
            "A_WIDTH": "00000000000000000000000000000001",
            "B_SIGNED": "00000000000000000000000000000000",
            "B_WIDTH": "00000000000000000000000000000100",
            "Y_WIDTH": "00000000000000000000000000000001"
          },
          "attributes": {
            "src": "designs/217/top.sv:29.46-29.133"
          },
          "port_directions": {
            "A": "input",
            "B": "input",
            "Y": "output"
          },
          "connections": {
            "A": [ 520 ],
            "B": [ 188, 189, 190, 191 ],
            "Y": [ 48 ]
          }
        },
        "$sub$designs/217/top.sv:26$7": {
          "hide_name": 1,
          "type": "$sub",
          "parameters": {
            "A_SIGNED": "00000000000000000000000000000000",
            "A_WIDTH": "00000000000000000000000000001111",
            "B_SIGNED": "00000000000000000000000000000000",
            "B_WIDTH": "00000000000000000000000000001111",
            "Y_WIDTH": "00000000000000000000000000010000"
          },
          "attributes": {
            "src": "designs/217/top.sv:26.22-26.54"
          },
          "port_directions": {
            "A": "input",
            "B": "input",
            "Y": "output"
          },
          "connections": {
            "A": [ 2, 3, 4, 5, 6, 7, 8, 9, 10, 11, 12, 13, 14, 15, 16 ],
            "B": [ 2, 3, 4, 5, 6, 7, 8, 9, 10, 11, 12, 13, 14, 15, 16 ],
            "Y": [ 142, 143, 144, 145, 146, 147, 148, 149, 150, 151, 152, 153, 154, 155, 156, 187 ]
          }
        },
        "$sub$designs/217/top.sv:28$15": {
          "hide_name": 1,
          "type": "$sub",
          "parameters": {
            "A_SIGNED": "00000000000000000000000000000000",
            "A_WIDTH": "00000000000000000000000000000011",
            "B_SIGNED": "00000000000000000000000000000000",
            "B_WIDTH": "00000000000000000000000000000011",
            "Y_WIDTH": "00000000000000000000000000000011"
          },
          "attributes": {
            "src": "designs/217/top.sv:28.36-28.77"
          },
          "port_directions": {
            "A": "input",
            "B": "input",
            "Y": "output"
          },
          "connections": {
            "A": [ "0", "0", "0" ],
            "B": [ 188, 189, 190 ],
            "Y": [ 511, 512, 513 ]
          }
        },
        "$sub$designs/217/top.sv:28$18": {
          "hide_name": 1,
          "type": "$sub",
          "parameters": {
            "A_SIGNED": "00000000000000000000000000000000",
            "A_WIDTH": "00000000000000000000000000000010",
            "B_SIGNED": "00000000000000000000000000000000",
            "B_WIDTH": "00000000000000000000000000000010",
            "Y_WIDTH": "00000000000000000000000000000010"
          },
          "attributes": {
            "src": "designs/217/top.sv:28.33-28.113"
          },
          "port_directions": {
            "A": "input",
            "B": "input",
            "Y": "output"
          },
          "connections": {
            "A": [ 517, 518 ],
            "B": [ "1", "1" ],
            "Y": [ 118, 119 ]
          }
        },
        "$sub$designs/217/top.sv:37$61": {
          "hide_name": 1,
          "type": "$sub",
          "parameters": {
            "A_SIGNED": "00000000000000000000000000000000",
            "A_WIDTH": "00000000000000000000000000001111",
            "B_SIGNED": "00000000000000000000000000000000",
            "B_WIDTH": "00000000000000000000000000000010",
            "Y_WIDTH": "00000000000000000000000000010000"
          },
          "attributes": {
            "src": "designs/217/top.sv:37.27-37.98"
          },
          "port_directions": {
            "A": "input",
            "B": "input",
            "Y": "output"
          },
          "connections": {
            "A": [ 252, 253, 254, 255, 256, 257, 487, 488, 489, 490, 491, 492, 493, 494, 495 ],
            "B": [ 123, 124 ],
            "Y": [ 321, 322, 323, 324, 325, 326, 327, 328, 329, 330, 331, 332, 333, 334, 335, 336 ]
          }
        },
        "$sub$designs/217/top.sv:37$63": {
          "hide_name": 1,
          "type": "$sub",
          "parameters": {
            "A_SIGNED": "00000000000000000000000000000000",
            "A_WIDTH": "00000000000000000000000000100000",
            "B_SIGNED": "00000000000000000000000000000000",
            "B_WIDTH": "00000000000000000000000000000001",
            "Y_WIDTH": "00000000000000000000000000100000"
          },
          "attributes": {
            "src": "designs/217/top.sv:37.25-37.118"
          },
          "port_directions": {
            "A": "input",
            "B": "input",
            "Y": "output"
          },
          "connections": {
            "A": [ 337, 338, 339, 340, 341, 342, 343, 344, 345, 346, 347, 348, 349, 350, 351, 352, 353, 354, 355, 356, 357, 358, 359, 360, 361, 362, 363, 364, 365, 366, 367, 368 ],
            "B": [ 97 ],
            "Y": [ 369, 370, 371, 372, 373, 374, 375, 376, 377, 378, 379, 380, 381, 382, 383, 384, 385, 386, 387, 388, 389, 390, 391, 392, 393, 394, 395, 396, 397, 398, 399, 400 ]
          }
        },
        "$xor$designs/217/top.sv:25$5": {
          "hide_name": 1,
          "type": "$xor",
          "parameters": {
            "A_SIGNED": "00000000000000000000000000000000",
            "A_WIDTH": "00000000000000000000000000000110",
            "B_SIGNED": "00000000000000000000000000000000",
            "B_WIDTH": "00000000000000000000000000000110",
            "Y_WIDTH": "00000000000000000000000000000110"
          },
          "attributes": {
            "src": "designs/217/top.sv:25.23-25.121"
          },
          "port_directions": {
            "A": "input",
            "B": "input",
            "Y": "output"
          },
          "connections": {
            "A": [ 305, 306, 307, 308, 309, 310 ],
            "B": [ 478, 479, 480, 481, 482, 483 ],
            "Y": [ 311, 312, 313, 314, 315, 316 ]
          }
        },
        "$xor$designs/217/top.sv:27$9": {
          "hide_name": 1,
          "type": "$xor",
          "parameters": {
            "A_SIGNED": "00000000000000000000000000000000",
            "A_WIDTH": "00000000000000000000000000001111",
            "B_SIGNED": "00000000000000000000000000000000",
            "B_WIDTH": "00000000000000000000000000001111",
            "Y_WIDTH": "00000000000000000000000000001111"
          },
          "attributes": {
            "src": "designs/217/top.sv:27.25-27.76"
          },
          "port_directions": {
            "A": "input",
            "B": "input",
            "Y": "output"
          },
          "connections": {
            "A": [ 496, 497, 498, 499, 500, 501, 502, 503, 504, 505, 506, 507, 508, 509, 510 ],
            "B": [ 2, 3, 4, 5, 6, 7, 8, 9, 10, 11, 12, 13, 14, 15, 16 ],
            "Y": [ 127, 128, 129, 130, 131, 132, 133, 134, 135, 136, 137, 138, 139, 140, 141 ]
          }
        },
        "$xor$designs/217/top.sv:31$31": {
          "hide_name": 1,
          "type": "$xor",
          "parameters": {
            "A_SIGNED": "00000000000000000000000000000000",
            "A_WIDTH": "00000000000000000000000000001010",
            "B_SIGNED": "00000000000000000000000000000000",
            "B_WIDTH": "00000000000000000000000000001010",
            "Y_WIDTH": "00000000000000000000000000001010"
          },
          "attributes": {
            "src": "designs/217/top.sv:31.27-31.71"
          },
          "port_directions": {
            "A": "input",
            "B": "input",
            "Y": "output"
          },
          "connections": {
            "A": [ 194, 195, 196, 197, 198, 199, 294, 295, 296, 297 ],
            "B": [ 142, 143, 144, 145, 146, 147, 148, 149, 150, 151 ],
            "Y": [ 200, 201, 202, 203, 204, 205, 206, 207, 208, 209 ]
          }
        }
      },
      "netnames": {
        "$add$designs/217/top.sv:25$2_Y": {
          "hide_name": 1,
          "bits": [ 42, 43, 44, 45, 46, 47 ],
          "attributes": {
            "src": "designs/217/top.sv:25.25-25.79"
          }
        },
        "$add$designs/217/top.sv:29$26_Y": {
          "hide_name": 1,
          "bits": [ 49 ],
          "attributes": {
            "src": "designs/217/top.sv:29.35-29.153"
          }
        },
        "$add$designs/217/top.sv:34$39_Y": {
          "hide_name": 1,
          "bits": [ 61, 62, 63, 64, 65, 66, 67, 68, 69, 70, 71, 72, 73, 74, 75, 76, 77 ],
          "attributes": {
            "src": "designs/217/top.sv:34.24-34.104"
          }
        },
        "$add$designs/217/top.sv:48$101_Y": {
          "hide_name": 1,
          "bits": [ 98, 99, 100, 101, 102, 103, 104, 105, 106, 107, 108, 109, 110, 111, 112 ],
          "attributes": {
          }
        },
        "$and$designs/217/top.sv:25$1_Y": {
          "hide_name": 1,
          "bits": [ 36, 37, 38, 39, 40, 41 ],
          "attributes": {
            "src": "designs/217/top.sv:25.26-25.59"
          }
        },
        "$and$designs/217/top.sv:27$10_Y": {
          "hide_name": 1,
          "bits": [ 157, 158, 159, 160, 161, 162, 163, 164, 165, 166, 167, 168, 169, 170, 171, "0", "0", "0", "0", "0", "0", "0", "0", "0", "0", "0", "0", "0", "0", "0", "0", "0" ],
          "attributes": {
            "src": "designs/217/top.sv:27.24-27.86"
          }
        },
        "$and$designs/217/top.sv:29$27_Y": {
          "hide_name": 1,
          "bits": [ 126, "0", "0", "0", "0", "0", "0", "0", "0", "0", "0", "0", "0", "0", "0", "0", "0", "0", "0", "0", "0", "0", "0", "0", "0", "0", "0", "0", "0", "0", "0", "0" ],
          "attributes": {
            "src": "designs/217/top.sv:29.24-29.173"
          }
        },
        "$and$designs/217/top.sv:37$58_Y": {
          "hide_name": 1,
          "bits": [ 216, 217, 218, 219, 220, 221, "0", "0", "0", "0", "0", "0", "0", "0", "0" ],
          "attributes": {
            "src": "designs/217/top.sv:37.45-37.64"
          }
        },
        "$auto$opt_expr.cc:205:group_cell_inputs$114": {
          "hide_name": 1,
          "bits": [ 172, 173, 174, 175, 176, 177, 178, 179, 180, 181, 182, 183, 184, 185, 186 ],
          "attributes": {
          }
        },
        "$auto$opt_expr.cc:205:group_cell_inputs$119": {
          "hide_name": 1,
          "bits": [ 194, 195, 196, 197, 198, 199 ],
          "attributes": {
          }
        },
        "$auto$opt_expr.cc:205:group_cell_inputs$122": {
          "hide_name": 1,
          "bits": [ 51, 52, 53, 54, 55, 56, 57, 58, 59, 60 ],
          "attributes": {
          }
        },
        "$auto$opt_expr.cc:205:group_cell_inputs$181": {
          "hide_name": 1,
          "bits": [ 240, 241, 242, 243, 244, 245 ],
          "attributes": {
          }
        },
        "$auto$opt_expr.cc:205:group_cell_inputs$189": {
          "hide_name": 1,
          "bits": [ 252, 253, 254, 255, 256, 257 ],
          "attributes": {
          }
        },
        "$auto$opt_expr.cc:205:group_cell_inputs$191": {
          "hide_name": 1,
          "bits": [ 487, 488, 489, 490, 491, 492, 493, 494, 495 ],
          "attributes": {
          }
        },
        "$auto$rtlil.cc:3334:Not$188": {
          "hide_name": 1,
          "bits": [ 78, 79, 80, 81, 82, 83, 84, 85, 86, 87, 88, 89, 90, 91, 92, 93, 94, 95, 96 ],
          "attributes": {
          }
        },
        "$auto$wreduce.cc:514:run$106": {
          "hide_name": 1,
          "bits": [ 98, 99, 100, 101, 102, 103, 104, 105, 106, 107, 108, 109, 110, 111, 112, 113, 114, 115, 116, 521, 522, 523, 524, 525, 526, 527, 528, 529, 530, 531, 532, 533 ],
          "attributes": {
            "src": "designs/217/top.sv:48.30-48.152",
            "unused_bits": "19 20 21 22 23 24 25 26 27 28 29 30 31"
          }
        },
        "$auto$wreduce.cc:514:run$107": {
          "hide_name": 1,
          "bits": [ 258, 259, 260, 261, 262, 263, 264, 265, 266, 267, 268, 269, 270, 271, 272, 273, 274, 275, 276, 534, 535, 536, 537, 538, 539, 540, 541, 542, 543, 544, 545, 546 ],
          "attributes": {
            "src": "designs/217/top.sv:48.40-48.128",
            "unused_bits": "19 20 21 22 23 24 25 26 27 28 29 30 31"
          }
        },
        "$mul$designs/217/top.sv:25$3_Y": {
          "hide_name": 1,
          "bits": [ 305, 306, 307, 308, 309, 310 ],
          "attributes": {
            "src": "designs/217/top.sv:25.24-25.98"
          }
        },
        "$mul$designs/217/top.sv:29$28_Y": {
          "hide_name": 1,
          "bits": [ 317, 318, 319, 320, "0", "0", "0", "0", "0", "0", "0", "0", "0", "0", "0", "0", "0", "0", "0", "0", "0", "0", "0", "0", "0", "0", "0", "0", "0", "0", "0", "0" ],
          "attributes": {
            "src": "designs/217/top.sv:29.23-29.183"
          }
        },
        "$mul$designs/217/top.sv:34$40_Y": {
          "hide_name": 1,
          "bits": [ 277, 278, 279, 280, 281, 282, 283, 284, 285, 286, 287, 288, 289, 290, 291, 292, 293 ],
          "attributes": {
            "src": "designs/217/top.sv:34.23-34.119"
          }
        },
        "$mul$designs/217/top.sv:37$62_Y": {
          "hide_name": 1,
          "bits": [ 337, 338, 339, 340, 341, 342, 343, 344, 345, 346, 347, 348, 349, 350, 351, 352, 353, 354, 355, 356, 357, 358, 359, 360, 361, 362, 363, 364, 365, 366, 367, 368 ],
          "attributes": {
            "src": "designs/217/top.sv:37.26-37.108"
          }
        },
        "$mul$designs/217/top.sv:37$64_Y": {
          "hide_name": 1,
          "bits": [ 222, 223, 224, 225, 226, 227, 401, 402, 403, 404, 405, 406, 407, 408, 409, 410, 411, 412, 547, 548, 549, 550, 551, 552, 553, 554, 555, 556, 557, 558, 559, 560 ],
          "attributes": {
            "src": "designs/217/top.sv:37.24-37.128",
            "unused_bits": "6 7 8 9 10 11 12 13 14 15 16 17 18 19 20 21 22 23 24 25 26 27 28 29 30 31"
          }
        },
        "$mul$designs/217/top.sv:48$95_Y": {
          "hide_name": 1,
          "bits": [ 423, 424, 425, 426, 427, 428, 429, 430, 431, 432, 433, 434, 435, 436, 437, 438, 439, 440, 441, 442, 443, 444, 445, "0", "0", "0", "0", "0", "0", "0", "0", "0" ],
          "attributes": {
            "src": "designs/217/top.sv:48.52-48.106"
          }
        },
        "$mul$designs/217/top.sv:48$96_Y": {
          "hide_name": 1,
          "bits": [ 446, 447, 448, 449, 450, 451, 452, 453, 454, 455, 456, 457, 458, 459, 460, 461, 462, 463, 464, 465, 466, 467, 468, 469, 470, 471, 472, 473, 474, 475, 476, 477 ],
          "attributes": {
            "src": "designs/217/top.sv:48.51-48.116"
          }
        },
        "$not$designs/217/top.sv:25$4_Y": {
          "hide_name": 1,
          "bits": [ 478, 479, 480, 481, 482, 483 ],
          "attributes": {
            "src": "designs/217/top.sv:25.103-25.120"
          }
        },
        "$not$designs/217/top.sv:28$20_Y": {
          "hide_name": 1,
          "bits": [ 120, 121, 122, 561, 562, 563, 564, 565, 566, 567, 568, 569, 570, 571, 572, 573, 574, 575, 576, 577, 578, 579, 580, 581, 582, 583, 584, 585, 586, 587, 588, 589 ],
          "attributes": {
            "src": "designs/217/top.sv:28.119-28.126",
            "unused_bits": "3 4 5 6 7 8 9 10 11 12 13 14 15 16 17 18 19 20 21 22 23 24 25 26 27 28 29 30 31"
          }
        },
        "$not$designs/217/top.sv:29$22_Y": {
          "hide_name": 1,
          "bits": [ 484, 485, 486 ],
          "attributes": {
            "src": "designs/217/top.sv:29.88-29.95"
          }
        },
        "$not$designs/217/top.sv:37$59_Y": {
          "hide_name": 1,
          "bits": [ 246, 247, 248, 249, 250, 251, 487, 488, 489, 490, 491, 492, 493, 494, 495 ],
          "attributes": {
            "src": "designs/217/top.sv:37.70-37.81"
          }
        },
        "$or$designs/217/top.sv:27$8_Y": {
          "hide_name": 1,
          "bits": [ 496, 497, 498, 499, 500, 501, 502, 503, 504, 505, 506, 507, 508, 509, 510, "0", "0", "0", "0", "0", "0", "0", "0", "0", "0", "0", "0", "0", "0", "0", "0", "0" ],
          "attributes": {
            "src": "designs/217/top.sv:27.26-27.62"
          }
        },
        "$or$designs/217/top.sv:28$16_Y": {
          "hide_name": 1,
          "bits": [ 514, 515, 516, 590, 591, 592, 593, 594, 595, 596, 597, 598, 599, 600, 601, 602, 603, 604, 605, 606, 607, 608, 609, 610, 611, 612, 613, 614, 615, 616, 617, 618 ],
          "attributes": {
            "src": "designs/217/top.sv:28.35-28.92",
            "unused_bits": "3 4 5 6 7 8 9 10 11 12 13 14 15 16 17 18 19 20 21 22 23 24 25 26 27 28 29 30 31"
          }
        },
        "$or$designs/217/top.sv:28$17_Y": {
          "hide_name": 1,
          "bits": [ 117, 517, 518, 619, 620, 621, 622, 623, 624, 625, 626, 627, 628, 629, 630, 631, 632, 633, 634, 635, 636, 637, 638, 639, 640, 641, 642, 643, 644, 645, 646, 647 ],
          "attributes": {
            "src": "designs/217/top.sv:28.34-28.102",
            "unused_bits": "3 4 5 6 7 8 9 10 11 12 13 14 15 16 17 18 19 20 21 22 23 24 25 26 27 28 29 30 31"
          }
        },
        "$or$designs/217/top.sv:29$24_Y": {
          "hide_name": 1,
          "bits": [ 520 ],
          "attributes": {
            "src": "designs/217/top.sv:29.57-29.116"
          }
        },
        "$or$designs/217/top.sv:48$102_Y": {
          "hide_name": 1,
          "bits": [ 234, 235, 236, 237, 238, 239, 23, 24, 25, 26, 27, 28, 29, 30, 31, 32, 33, 34, 35, 648, 649, 650, 651, 652, 653, 654, 655, 656, 657, 658, 659, 660 ],
          "attributes": {
            "src": "designs/217/top.sv:48.29-48.162",
            "unused_bits": "19 20 21 22 23 24 25 26 27 28 29 30 31"
          }
        },
        "$or$designs/217/top.sv:48$94_Y": {
          "hide_name": 1,
          "bits": [ 413, 414, 415, 416, 417, 418, 419, 420, 421, 422, "0" ],
          "attributes": {
            "src": "designs/217/top.sv:48.61-48.94"
          }
        },
        "$shr$designs/217/top.sv:29$23_Y": {
          "hide_name": 1,
          "bits": [ 519 ],
          "attributes": {
            "src": "designs/217/top.sv:29.68-29.96"
          }
        },
        "$shr$designs/217/top.sv:29$25_Y": {
          "hide_name": 1,
          "bits": [ 48 ],
          "attributes": {
            "src": "designs/217/top.sv:29.46-29.133"
          }
        },
        "$sub$designs/217/top.sv:28$15_Y": {
          "hide_name": 1,
          "bits": [ 511, 512, 513, 661, 662, 663, 664, 665, 666, 667, 668, 669, 670, 671, 672, 673, 674, 675, 675, 675, 675, 675, 675, 675, 675, 675, 675, 675, 675, 675, 675, 675 ],
          "attributes": {
            "src": "designs/217/top.sv:28.36-28.77",
            "unused_bits": "3 4 5 6 7 8 9 10 11 12 13 14 15 16 17 18 19 20 21 22 23 24 25 26 27 28 29 30 31"
          }
        },
        "$sub$designs/217/top.sv:28$18_Y": {
          "hide_name": 1,
          "bits": [ 117, 118, 119, 676, 677, 678, 679, 680, 681, 682, 683, 684, 685, 686, 687, 688, 689, 690, 691, 692, 693, 694, 695, 696, 697, 698, 699, 700, 701, 702, 703, 704 ],
          "attributes": {
            "src": "designs/217/top.sv:28.33-28.113",
            "unused_bits": "3 4 5 6 7 8 9 10 11 12 13 14 15 16 17 18 19 20 21 22 23 24 25 26 27 28 29 30 31"
          }
        },
        "$sub$designs/217/top.sv:37$61_Y": {
          "hide_name": 1,
          "bits": [ 321, 322, 323, 324, 325, 326, 327, 328, 329, 330, 331, 332, 333, 334, 335, 336, 336, 336, 336, 336, 336, 336, 336, 336, 336, 336, 336, 336, 336, 336, 336, 336 ],
          "attributes": {
            "src": "designs/217/top.sv:37.27-37.98"
          }
        },
        "$sub$designs/217/top.sv:37$63_Y": {
          "hide_name": 1,
          "bits": [ 369, 370, 371, 372, 373, 374, 375, 376, 377, 378, 379, 380, 381, 382, 383, 384, 385, 386, 387, 388, 389, 390, 391, 392, 393, 394, 395, 396, 397, 398, 399, 400 ],
          "attributes": {
            "src": "designs/217/top.sv:37.25-37.118"
          }
        },
        "$xor$designs/217/top.sv:25$5_Y": {
          "hide_name": 1,
          "bits": [ 311, 312, 313, 314, 315, 316 ],
          "attributes": {
            "src": "designs/217/top.sv:25.23-25.121"
          }
        },
        "$xor$designs/217/top.sv:27$9_Y": {
          "hide_name": 1,
          "bits": [ 127, 128, 129, 130, 131, 132, 133, 134, 135, 136, 137, 138, 139, 140, 141, "0", "0", "0", "0", "0", "0", "0", "0", "0", "0", "0", "0", "0", "0", "0", "0", "0" ],
          "attributes": {
            "src": "designs/217/top.sv:27.25-27.76"
          }
        },
        "input_data": {
          "hide_name": 0,
          "bits": [ 2, 3, 4, 5, 6, 7, 8, 9, 10, 11, 12, 13, 14, 15, 16 ],
          "attributes": {
            "src": "designs/217/top.sv:2.18-2.28"
          }
        },
        "output_data": {
          "hide_name": 0,
          "bits": [ 17, 18, 19, 20, 21, 22, 23, 24, 25, 26, 27, 28, 29, 30, 31, 32, 33, 34, 35 ],
          "attributes": {
            "src": "designs/217/top.sv:3.19-3.30"
          }
        },
        "temp_0": {
          "hide_name": 0,
          "bits": [ 210, 211, 212, 213, 214, 215 ],
          "attributes": {
            "src": "designs/217/top.sv:6.17-6.23"
          }
        },
        "temp_1": {
          "hide_name": 0,
          "bits": [ 142, 143, 144, 145, 146, 147, 148, 149, 150, 151, 152, 153, 154, 155, 156, 187, 187, 187, 187, 187, 187, 187, 187, 187, 187, 187, 187, 187, 187, 187, 187, 187 ],
          "attributes": {
            "src": "designs/217/top.sv:7.18-7.24"
          }
        },
        "temp_10": {
          "hide_name": 0,
          "bits": [ 228, 229, 230, 231, 232, 233, "0", "0", "0", "0", "0", "0", "0", "0", "0", "0", "0", "0" ],
          "attributes": {
            "src": "designs/217/top.sv:16.18-16.25"
          }
        },
        "temp_16": {
          "hide_name": 0,
          "bits": [ 97, "0", "0", "0", "0", "0", "0", "0", "0", "0", "0", "0", "0", "0", "0", "0", "0" ],
          "attributes": {
            "src": "designs/217/top.sv:22.18-22.25"
          }
        },
        "temp_2": {
          "hide_name": 0,
          "bits": [ 188, 189, 190, 191, 192, 193, 294, 295, 296, 297, 298, 299, 300, 301, 302, 303, 304 ],
          "attributes": {
            "src": "designs/217/top.sv:8.18-8.24"
          }
        },
        "temp_3": {
          "hide_name": 0,
          "bits": [ 123, 124, 125 ],
          "attributes": {
            "src": "designs/217/top.sv:9.17-9.23"
          }
        },
        "temp_4": {
          "hide_name": 0,
          "bits": [ 50 ],
          "attributes": {
            "single_bit_vector": "00000000000000000000000000000001",
            "src": "designs/217/top.sv:10.17-10.23"
          }
        },
        "temp_5": {
          "hide_name": 0,
          "bits": [ 200, 201, 202, 203, 204, 205, 206, 207, 208, 209 ],
          "attributes": {
            "src": "designs/217/top.sv:11.17-11.23"
          }
        }
      }
    }
  }
}
