{
  "creator": "Yosys 0.60 (git sha1 5bafeb77dc71e054fa331ab9efa613e6fb0a1c49, clang++ 17.0.0 -fPIC -O3)",
  "modules": {
    "top": {
      "attributes": {
        "top": "00000000000000000000000000000001",
        "src": "designs/189/top.sv:1.1-36.10"
      },
      "ports": {
        "input_data": {
          "direction": "input",
          "bits": [ 2, 3, 4, 5 ]
        },
        "output_data": {
          "direction": "output",
          "bits": [ 6, 7, 8, 9, 10, 11, 12, 13, 14, 15, 16, 17, 18, 19, 20, 21, 22, 23, 24, 25 ]
        }
      },
      "cells": {
        "$add$designs/189/top.sv:21$3": {
          "hide_name": 1,
          "type": "$add",
          "parameters": {
            "A_SIGNED": "00000000000000000000000000000000",
            "A_WIDTH": "00000000000000000000000000000100",
            "B_SIGNED": "00000000000000000000000000000000",
            "B_WIDTH": "00000000000000000000000000011010",
            "Y_WIDTH": "00000000000000000000000000011010"
          },
          "attributes": {
            "src": "designs/189/top.sv:21.22-21.48"
          },
          "port_directions": {
            "A": "input",
            "B": "input",
            "Y": "output"
          },
          "connections": {
            "A": [ 2, 3, 4, 5 ],
            "B": [ 26, 27, 28, 29, "1", "1", "1", "1", "1", "1", "1", "1", "1", "1", "1", "1", "1", "1", "1", "1", "1", "1", "1", "1", "1", "1" ],
            "Y": [ 30, 31, 32, 33, 34, 35, 36, 37, 38, 39, 40, 41, 42, 43, 44, 45, 46, 47, 48, 49, 50, 51, 52, 53, 54, 55 ]
          }
        },
        "$add$designs/189/top.sv:22$8": {
          "hide_name": 1,
          "type": "$add",
          "parameters": {
            "A_SIGNED": "00000000000000000000000000000000",
            "A_WIDTH": "00000000000000000000000000001010",
            "B_SIGNED": "00000000000000000000000000000000",
            "B_WIDTH": "00000000000000000000000000001010",
            "Y_WIDTH": "00000000000000000000000000001010"
          },
          "attributes": {
            "src": "designs/189/top.sv:22.22-22.66"
          },
          "port_directions": {
            "A": "input",
            "B": "input",
            "Y": "output"
          },
          "connections": {
            "A": [ 56, 57, 58, 59, 60, 61, 62, 63, 64, 65 ],
            "B": [ 66, 67, 68, 69, 70, 71, 72, 73, 74, 75 ],
            "Y": [ 76, 77, 78, 79, 80, 81, 82, 83, 84, 85 ]
          }
        },
        "$auto$opt_expr.cc:276:group_cell_inputs$33": {
          "hide_name": 1,
          "type": "$not",
          "parameters": {
            "A_SIGNED": "00000000000000000000000000000000",
            "A_WIDTH": "00000000000000000000000000000100",
            "Y_WIDTH": "00000000000000000000000000000100"
          },
          "attributes": {
          },
          "port_directions": {
            "A": "input",
            "Y": "output"
          },
          "connections": {
            "A": [ 2, 3, 4, 5 ],
            "Y": [ 26, 27, 28, 29 ]
          }
        },
        "$auto$opt_expr.cc:276:group_cell_inputs$37": {
          "hide_name": 1,
          "type": "$or",
          "parameters": {
            "A_SIGNED": "00000000000000000000000000000000",
            "A_WIDTH": "00000000000000000000000000000100",
            "B_SIGNED": "00000000000000000000000000000000",
            "B_WIDTH": "00000000000000000000000000000100",
            "Y_WIDTH": "00000000000000000000000000000100"
          },
          "attributes": {
          },
          "port_directions": {
            "A": "input",
            "B": "input",
            "Y": "output"
          },
          "connections": {
            "A": [ 86, 87, 88, 89 ],
            "B": [ 2, 3, 4, 5 ],
            "Y": [ 90, 91, 92, 93 ]
          }
        },
        "$not$designs/189/top.sv:22$4": {
          "hide_name": 1,
          "type": "$not",
          "parameters": {
            "A_SIGNED": "00000000000000000000000000000000",
            "A_WIDTH": "00000000000000000000000000011010",
            "Y_WIDTH": "00000000000000000000000000011010"
          },
          "attributes": {
            "src": "designs/189/top.sv:22.45-22.52"
          },
          "port_directions": {
            "A": "input",
            "Y": "output"
          },
          "connections": {
            "A": [ 30, 31, 32, 33, 34, 35, 36, 37, 38, 39, 40, 41, 42, 43, 44, 45, 46, 47, 48, 49, 50, 51, 52, 53, 54, 55 ],
            "Y": [ 94, 95, 96, 97, 98, 99, 100, 101, 102, 103, 104, 105, 106, 107, 108, 109, 110, 111, 112, 113, 114, 115, 116, 117, 118, 119 ]
          }
        },
        "$not$designs/189/top.sv:22$7": {
          "hide_name": 1,
          "type": "$not",
          "parameters": {
            "A_SIGNED": "00000000000000000000000000000000",
            "A_WIDTH": "00000000000000000000000000001010",
            "Y_WIDTH": "00000000000000000000000000001010"
          },
          "attributes": {
            "src": "designs/189/top.sv:22.58-22.65"
          },
          "port_directions": {
            "A": "input",
            "Y": "output"
          },
          "connections": {
            "A": [ 30, 31, 32, 33, 34, 35, 36, 37, 38, 39 ],
            "Y": [ 66, 67, 68, 69, 70, 71, 72, 73, 74, 75 ]
          }
        },
        "$reduce_bool$designs/189/top.sv:34$21": {
          "hide_name": 1,
          "type": "$reduce_bool",
          "parameters": {
            "A_SIGNED": "00000000000000000000000000000000",
            "A_WIDTH": "00000000000000000000000000001010",
            "Y_WIDTH": "00000000000000000000000000000001"
          },
          "attributes": {
            "src": "designs/189/top.sv:34.26-34.80"
          },
          "port_directions": {
            "A": "input",
            "Y": "output"
          },
          "connections": {
            "A": [ 90, 91, 92, 93, 120, 121, 122, 123, 124, 125 ],
            "Y": [ 126 ]
          }
        },
        "$shl$designs/189/top.sv:22$5": {
          "hide_name": 1,
          "type": "$shl",
          "parameters": {
            "A_SIGNED": "00000000000000000000000000000000",
            "A_WIDTH": "00000000000000000000000000011010",
            "B_SIGNED": "00000000000000000000000000000000",
            "B_WIDTH": "00000000000000000000000000011010",
            "Y_WIDTH": "00000000000000000000000000001010"
          },
          "attributes": {
            "src": "designs/189/top.sv:22.23-22.53"
          },
          "port_directions": {
            "A": "input",
            "B": "input",
            "Y": "output"
          },
          "connections": {
            "A": [ 30, 31, 32, 33, 34, 35, 36, 37, 38, 39, 40, 41, 42, 43, 44, 45, 46, 47, 48, 49, 50, 51, 52, 53, 54, 55 ],
            "B": [ 94, 95, 96, 97, 98, 99, 100, 101, 102, 103, 104, 105, 106, 107, 108, 109, 110, 111, 112, 113, 114, 115, 116, 117, 118, 119 ],
            "Y": [ 56, 57, 58, 59, 60, 61, 62, 63, 64, 65 ]
          }
        },
        "$sub$designs/189/top.sv:23$9": {
          "hide_name": 1,
          "type": "$sub",
          "parameters": {
            "A_SIGNED": "00000000000000000000000000000000",
            "A_WIDTH": "00000000000000000000000000001010",
            "B_SIGNED": "00000000000000000000000000000000",
            "B_WIDTH": "00000000000000000000000000000100",
            "Y_WIDTH": "00000000000000000000000000001010"
          },
          "attributes": {
            "src": "designs/189/top.sv:23.23-23.42"
          },
          "port_directions": {
            "A": "input",
            "B": "input",
            "Y": "output"
          },
          "connections": {
            "A": [ 76, 77, 78, 79, 80, 81, 82, 83, 84, 85 ],
            "B": [ 2, 3, 4, 5 ],
            "Y": [ 86, 87, 88, 89, 120, 121, 122, 123, 124, 125 ]
          }
        },
        "$sub$designs/189/top.sv:34$20": {
          "hide_name": 1,
          "type": "$sub",
          "parameters": {
            "A_SIGNED": "00000000000000000000000000000000",
            "A_WIDTH": "00000000000000000000000000000100",
            "B_SIGNED": "00000000000000000000000000000000",
            "B_WIDTH": "00000000000000000000000000010100",
            "Y_WIDTH": "00000000000000000000000000010100"
          },
          "attributes": {
            "src": "designs/189/top.sv:34.36-34.70"
          },
          "port_directions": {
            "A": "input",
            "B": "input",
            "Y": "output"
          },
          "connections": {
            "A": [ "0", "0", 78, 79 ],
            "B": [ "1", "0", "1", "1", "1", "1", "0", "1", "1", "1", "1", "1", "1", "1", "1", "1", "1", "1", "1", "1" ],
            "Y": [ 127, 128, 129, 130, 131, 132, 133, 134, 135, 136, 137, 138, 139, 140, 141, 142, 143, 144, 145, 146 ]
          }
        },
        "$ternary$designs/189/top.sv:34$23": {
          "hide_name": 1,
          "type": "$mux",
          "parameters": {
            "WIDTH": "00000000000000000000000000010100"
          },
          "attributes": {
            "src": "designs/189/top.sv:34.26-34.80"
          },
          "port_directions": {
            "A": "input",
            "B": "input",
            "S": "input",
            "Y": "output"
          },
          "connections": {
            "A": [ 90, 91, 92, 93, 120, 121, 122, 123, 124, 125, "0", "0", "0", "0", "0", "0", "0", "0", "0", "0" ],
            "B": [ 127, 128, 129, 130, 131, 132, 133, 134, 135, 136, 137, 138, 139, 140, 141, 142, 143, 144, 145, 146 ],
            "S": [ 126 ],
            "Y": [ 6, 7, 8, 9, 10, 11, 12, 13, 14, 15, 16, 17, 18, 19, 20, 21, 22, 23, 24, 25 ]
          }
        }
      },
      "netnames": {
        "$auto$opt_expr.cc:205:group_cell_inputs$32": {
          "hide_name": 1,
          "bits": [ 26, 27, 28, 29 ],
          "attributes": {
          }
        },
        "$auto$wreduce.cc:514:run$29": {
          "hide_name": 1,
          "bits": [ 86, 87, 88, 89, 120, 121, 122, 123, 124, 125, 147, 148, 149, 150, 151, 152, 153, 154, 155, 156, 157, 158, 159, 160, 161, 162, 163, 164, 165, 166, 167 ],
          "attributes": {
            "src": "designs/189/top.sv:23.23-23.42",
            "unused_bits": "10 11 12 13 14 15 16 17 18 19 20 21 22 23 24 25 26 27 28 29 30"
          }
        },
        "$auto$wreduce.cc:514:run$31": {
          "hide_name": 1,
          "bits": [ 56, 57, 58, 59, 60, 61, 62, 63, 64, 65, 168, 169, 170, 171, 172, 173, 174, 175, 176, 177, 178, 179, 180, 181, 182, 183, 184, 185, 186, 187, 188 ],
          "attributes": {
            "src": "designs/189/top.sv:22.23-22.53",
            "unused_bits": "10 11 12 13 14 15 16 17 18 19 20 21 22 23 24 25 26 27 28 29 30"
          }
        },
        "$not$designs/189/top.sv:22$4_Y": {
          "hide_name": 1,
          "bits": [ 94, 95, 96, 97, 98, 99, 100, 101, 102, 103, 104, 105, 106, 107, 108, 109, 110, 111, 112, 113, 114, 115, 116, 117, 118, 119 ],
          "attributes": {
            "src": "designs/189/top.sv:22.45-22.52"
          }
        },
        "$not$designs/189/top.sv:22$7_Y": {
          "hide_name": 1,
          "bits": [ 66, 67, 68, 69, 70, 71, 72, 73, 74, 75, 189, 190, 191, 192, 193, 194, 195, 196, 197, 198, 199, 200, 201, 202, 203, 204, 205, 206, 207, 208, 209 ],
          "attributes": {
            "src": "designs/189/top.sv:22.58-22.65",
            "unused_bits": "10 11 12 13 14 15 16 17 18 19 20 21 22 23 24 25 26 27 28 29 30"
          }
        },
        "$reduce_bool$designs/189/top.sv:34$21_Y": {
          "hide_name": 1,
          "bits": [ 126 ],
          "attributes": {
            "src": "designs/189/top.sv:34.26-34.80"
          }
        },
        "$sub$designs/189/top.sv:34$20_Y": {
          "hide_name": 1,
          "bits": [ 127, 128, 129, 130, 131, 132, 133, 134, 135, 136, 137, 138, 139, 140, 141, 142, 143, 144, 145, 146 ],
          "attributes": {
            "src": "designs/189/top.sv:34.36-34.70"
          }
        },
        "input_data": {
          "hide_name": 0,
          "bits": [ 2, 3, 4, 5 ],
          "attributes": {
            "src": "designs/189/top.sv:2.17-2.27"
          }
        },
        "output_data": {
          "hide_name": 0,
          "bits": [ 6, 7, 8, 9, 10, 11, 12, 13, 14, 15, 16, 17, 18, 19, 20, 21, 22, 23, 24, 25 ],
          "attributes": {
            "src": "designs/189/top.sv:3.19-3.30"
          }
        },
        "temp_1": {
          "hide_name": 0,
          "bits": [ 30, 31, 32, 33, 34, 35, 36, 37, 38, 39, 40, 41, 42, 43, 44, 45, 46, 47, 48, 49, 50, 51, 52, 53, 54, 55 ],
          "attributes": {
            "src": "designs/189/top.sv:7.18-7.24"
          }
        },
        "temp_2": {
          "hide_name": 0,
          "bits": [ 76, 77, 78, 79, 80, 81, 82, 83, 84, 85, "x", "x", "x", "x", "x", "x", "x", "x", "x", "x", "x", "x", "x", "x", "x", "x", "x", "x", "x", "x", "x" ],
          "attributes": {
            "src": "designs/189/top.sv:8.18-8.24"
          }
        },
        "temp_3": {
          "hide_name": 0,
          "bits": [ 90, 91, 92, 93, 120, 121, 122, 123, 124, 125 ],
          "attributes": {
            "src": "designs/189/top.sv:9.17-9.23"
          }
        }
      }
    }
  }
}
