{
  "creator": "Yosys 0.60 (git sha1 5bafeb77dc71e054fa331ab9efa613e6fb0a1c49, clang++ 17.0.0 -fPIC -O3)",
  "modules": {
    "top": {
      "attributes": {
        "top": "00000000000000000000000000000001",
        "src": "designs/61/top.sv:1.1-50.10"
      },
      "ports": {
        "input_data": {
          "direction": "input",
          "bits": [ 2, 3, 4, 5, 6, 7, 8, 9, 10, 11, 12, 13 ]
        },
        "output_data": {
          "direction": "output",
          "bits": [ 14, 15, 16, 17, 18, 19, 20, 21, 22, 23, 24, 25, 26, 27 ]
        }
      },
      "cells": {
        "$add$designs/61/top.sv:26$1": {
          "hide_name": 1,
          "type": "$add",
          "parameters": {
            "A_SIGNED": "00000000000000000000000000000000",
            "A_WIDTH": "00000000000000000000000000000110",
            "B_SIGNED": "00000000000000000000000000000000",
            "B_WIDTH": "00000000000000000000000000000110",
            "Y_WIDTH": "00000000000000000000000000000110"
          },
          "attributes": {
            "src": "designs/61/top.sv:26.22-26.66"
          },
          "port_directions": {
            "A": "input",
            "B": "input",
            "Y": "output"
          },
          "connections": {
            "A": [ 7, 8, 9, 10, 11, 12 ],
            "B": [ 7, 8, 9, 10, 11, 12 ],
            "Y": [ 28, 29, 30, 31, 32, 33 ]
          }
        },
        "$add$designs/61/top.sv:27$6": {
          "hide_name": 1,
          "type": "$add",
          "parameters": {
            "A_SIGNED": "00000000000000000000000000000000",
            "A_WIDTH": "00000000000000000000000000100000",
            "B_SIGNED": "00000000000000000000000000000000",
            "B_WIDTH": "00000000000000000000000000001100",
            "Y_WIDTH": "00000000000000000000000000100000"
          },
          "attributes": {
            "src": "designs/61/top.sv:27.22-27.149"
          },
          "port_directions": {
            "A": "input",
            "B": "input",
            "Y": "output"
          },
          "connections": {
            "A": [ 34, 35, 36, 37, 38, 39, "0", "0", "0", "0", "0", "0", "0", "0", "0", "0", "0", "0", "0", "0", "0", "0", "0", "0", "0", "0", "0", "0", "0", "0", "0", "0" ],
            "B": [ 2, 3, 4, 5, 6, 7, 8, 9, 10, 11, 12, 13 ],
            "Y": [ 40, 41, 42, 43, 44, 45, 46, 47, 48, 49, 50, 51, 52, 53, 54, 55, 56, 57, 58, 59, 60, 61, 62, 63, 64, 65, 66, 67, 68, 69, 70, 71 ]
          }
        },
        "$add$designs/61/top.sv:28$7": {
          "hide_name": 1,
          "type": "$add",
          "parameters": {
            "A_SIGNED": "00000000000000000000000000000000",
            "A_WIDTH": "00000000000000000000000000001100",
            "B_SIGNED": "00000000000000000000000000000000",
            "B_WIDTH": "00000000000000000000000000000110",
            "Y_WIDTH": "00000000000000000000000000001100"
          },
          "attributes": {
            "src": "designs/61/top.sv:28.73-28.103"
          },
          "port_directions": {
            "A": "input",
            "B": "input",
            "Y": "output"
          },
          "connections": {
            "A": [ 2, 3, 4, 5, 6, 7, 8, 9, 10, 11, 12, 13 ],
            "B": [ 28, 29, 30, 31, 32, 33 ],
            "Y": [ 72, 73, 74, 75, 76, 77, 78, 79, 80, 81, 82, 83 ]
          }
        },
        "$add$designs/61/top.sv:29$17": {
          "hide_name": 1,
          "type": "$add",
          "parameters": {
            "A_SIGNED": "00000000000000000000000000000000",
            "A_WIDTH": "00000000000000000000000000100000",
            "B_SIGNED": "00000000000000000000000000000000",
            "B_WIDTH": "00000000000000000000000000000011",
            "Y_WIDTH": "00000000000000000000000000100000"
          },
          "attributes": {
            "src": "designs/61/top.sv:29.59-29.213"
          },
          "port_directions": {
            "A": "input",
            "B": "input",
            "Y": "output"
          },
          "connections": {
            "A": [ 84, 85, 86, 87, 88, 89, 90, 91, 92, 93, 94, 95, 96, 97, 98, 99, 100, 101, 102, 103, 104, 105, 106, 107, 108, 109, 110, 111, 112, 113, 114, 115 ],
            "B": [ 7, 8, 9 ],
            "Y": [ 116, 117, 118, 119, 120, 121, 122, 123, 124, 125, 126, 127, 128, 129, 130, 131, 132, 133, 134, 135, 136, 137, 138, 139, 140, 141, 142, 143, 144, 145, 146, 147 ]
          }
        },
        "$add$designs/61/top.sv:31$26": {
          "hide_name": 1,
          "type": "$add",
          "parameters": {
            "A_SIGNED": "00000000000000000000000000000000",
            "A_WIDTH": "00000000000000000000000000001010",
            "B_SIGNED": "00000000000000000000000000000000",
            "B_WIDTH": "00000000000000000000000000001010",
            "Y_WIDTH": "00000000000000000000000000001010"
          },
          "attributes": {
            "src": "designs/61/top.sv:31.32-31.108"
          },
          "port_directions": {
            "A": "input",
            "B": "input",
            "Y": "output"
          },
          "connections": {
            "A": [ 148, 149, 150, 151, 152, 153, 154, 155, 156, 157 ],
            "B": [ 158, "1", "1", "1", "1", "1", "1", "1", "1", "1" ],
            "Y": [ 159, 160, 161, 162, 163, 164, 165, 166, 167, 168 ]
          }
        },
        "$add$designs/61/top.sv:36$41": {
          "hide_name": 1,
          "type": "$add",
          "parameters": {
            "A_SIGNED": "00000000000000000000000000000000",
            "A_WIDTH": "00000000000000000000000000001100",
            "B_SIGNED": "00000000000000000000000000000000",
            "B_WIDTH": "00000000000000000000000000010001",
            "Y_WIDTH": "00000000000000000000000000010010"
          },
          "attributes": {
            "src": "designs/61/top.sv:36.33-36.59"
          },
          "port_directions": {
            "A": "input",
            "B": "input",
            "Y": "output"
          },
          "connections": {
            "A": [ 169, 170, 171, 172, 173, 174, "0", "0", "0", "0", "0", "0" ],
            "B": [ 175, 149, 150, 151, 152, 153, 154, 155, 156, 157, 176, 177, 178, 179, 180, 181, 182 ],
            "Y": [ 183, 184, 185, 186, 187, 188, 189, 190, 191, 192, 193, 194, 195, 196, 197, 198, 199, 200 ]
          }
        },
        "$add$designs/61/top.sv:38$47": {
          "hide_name": 1,
          "type": "$add",
          "parameters": {
            "A_SIGNED": "00000000000000000000000000000000",
            "A_WIDTH": "00000000000000000000000000100000",
            "B_SIGNED": "00000000000000000000000000000000",
            "B_WIDTH": "00000000000000000000000000000011",
            "Y_WIDTH": "00000000000000000000000000100000"
          },
          "attributes": {
            "src": "designs/61/top.sv:38.49-38.96"
          },
          "port_directions": {
            "A": "input",
            "B": "input",
            "Y": "output"
          },
          "connections": {
            "A": [ 201, 202, 203, 204, 205, 206, 207, 208, 209, 210, 211, 212, 213, 214, 215, 216, 217, 218, 219, 220, 221, 222, 223, 224, 225, 226, 227, 228, 229, 230, 231, 232 ],
            "B": [ 233, 234, 235 ],
            "Y": [ 236, 237, 238, 239, 240, 241, 242, 243, 244, 245, 246, 247, 248, 249, 250, 251, 252, 253, 254, 255, 256, 257, 258, 259, 260, 261, 262, 263, 264, 265, 266, 267 ]
          }
        },
        "$add$designs/61/top.sv:48$81": {
          "hide_name": 1,
          "type": "$add",
          "parameters": {
            "A_SIGNED": "00000000000000000000000000000000",
            "A_WIDTH": "00000000000000000000000000001110",
            "B_SIGNED": "00000000000000000000000000000000",
            "B_WIDTH": "00000000000000000000000000001110",
            "Y_WIDTH": "00000000000000000000000000001110"
          },
          "attributes": {
            "src": "designs/61/top.sv:48.48-48.99"
          },
          "port_directions": {
            "A": "input",
            "B": "input",
            "Y": "output"
          },
          "connections": {
            "A": [ 268, 269, 270, 271, 272, 273, 274, 275, 276, 277, 278, 279, 280, 281 ],
            "B": [ 282, 283, 284, 285, 286, 287, 288, 289, 290, 291, 292, 293, 294, 295 ],
            "Y": [ 296, 297, 298, 299, 300, 301, 302, 303, 304, 305, 306, 307, 308, 309 ]
          }
        },
        "$and$designs/61/top.sv:27$2": {
          "hide_name": 1,
          "type": "$and",
          "parameters": {
            "A_SIGNED": "00000000000000000000000000000000",
            "A_WIDTH": "00000000000000000000000000000110",
            "B_SIGNED": "00000000000000000000000000000000",
            "B_WIDTH": "00000000000000000000000000000110",
            "Y_WIDTH": "00000000000000000000000000000110"
          },
          "attributes": {
            "src": "designs/61/top.sv:27.62-27.93"
          },
          "port_directions": {
            "A": "input",
            "B": "input",
            "Y": "output"
          },
          "connections": {
            "A": [ 28, 29, 30, 31, 32, 33 ],
            "B": [ 28, 29, 30, 31, 32, 33 ],
            "Y": [ 310, 311, 312, 313, 314, 315 ]
          }
        },
        "$and$designs/61/top.sv:28$9": {
          "hide_name": 1,
          "type": "$and",
          "parameters": {
            "A_SIGNED": "00000000000000000000000000000000",
            "A_WIDTH": "00000000000000000000000000100000",
            "B_SIGNED": "00000000000000000000000000000000",
            "B_WIDTH": "00000000000000000000000000100000",
            "Y_WIDTH": "00000000000000000000000000100000"
          },
          "attributes": {
            "src": "designs/61/top.sv:28.53-28.125"
          },
          "port_directions": {
            "A": "input",
            "B": "input",
            "Y": "output"
          },
          "connections": {
            "A": [ 316, 317, 318, 319, 320, 321, 322, 323, 324, 325, 326, 327, 52, 53, 54, 55, 56, 57, 58, 59, 60, 61, 62, 63, 64, 65, 66, 67, 68, 69, 70, 71 ],
            "B": [ 40, 41, 42, 43, 44, 45, 46, 47, 48, 49, 50, 51, 52, 53, 54, 55, 56, 57, 58, 59, 60, 61, 62, 63, 64, 65, 66, 67, 68, 69, 70, 71 ],
            "Y": [ 328, 329, 330, 331, 332, 333, 334, 335, 336, 337, 338, 339, 340, 341, 342, 343, 344, 345, 346, 347, 348, 349, 350, 351, 352, 353, 354, 355, 356, 357, 358, 359 ]
          }
        },
        "$auto$opt_expr.cc:276:group_cell_inputs$101": {
          "hide_name": 1,
          "type": "$or",
          "parameters": {
            "A_SIGNED": "00000000000000000000000000000000",
            "A_WIDTH": "00000000000000000000000000000011",
            "B_SIGNED": "00000000000000000000000000000000",
            "B_WIDTH": "00000000000000000000000000000011",
            "Y_WIDTH": "00000000000000000000000000000011"
          },
          "attributes": {
          },
          "port_directions": {
            "A": "input",
            "B": "input",
            "Y": "output"
          },
          "connections": {
            "A": [ 360, 361, 362 ],
            "B": [ 9, 10, 11 ],
            "Y": [ 363, 364, 365 ]
          }
        },
        "$auto$opt_expr.cc:276:group_cell_inputs$104": {
          "hide_name": 1,
          "type": "$and",
          "parameters": {
            "A_SIGNED": "00000000000000000000000000000000",
            "A_WIDTH": "00000000000000000000000000000001",
            "B_SIGNED": "00000000000000000000000000000000",
            "B_WIDTH": "00000000000000000000000000000001",
            "Y_WIDTH": "00000000000000000000000000000001"
          },
          "attributes": {
          },
          "port_directions": {
            "A": "input",
            "B": "input",
            "Y": "output"
          },
          "connections": {
            "A": [ 366 ],
            "B": [ 28 ],
            "Y": [ 367 ]
          }
        },
        "$auto$opt_expr.cc:276:group_cell_inputs$111": {
          "hide_name": 1,
          "type": "$not",
          "parameters": {
            "A_SIGNED": "00000000000000000000000000000000",
            "A_WIDTH": "00000000000000000000000000000001",
            "Y_WIDTH": "00000000000000000000000000000001"
          },
          "attributes": {
          },
          "port_directions": {
            "A": "input",
            "Y": "output"
          },
          "connections": {
            "A": [ 33 ],
            "Y": [ 158 ]
          }
        },
        "$auto$opt_expr.cc:276:group_cell_inputs$115": {
          "hide_name": 1,
          "type": "$or",
          "parameters": {
            "A_SIGNED": "00000000000000000000000000000000",
            "A_WIDTH": "00000000000000000000000000000011",
            "B_SIGNED": "00000000000000000000000000000000",
            "B_WIDTH": "00000000000000000000000000000011",
            "Y_WIDTH": "00000000000000000000000000000011"
          },
          "attributes": {
          },
          "port_directions": {
            "A": "input",
            "B": "input",
            "Y": "output"
          },
          "connections": {
            "A": [ 159, 160, 161 ],
            "B": [ 233, 234, 235 ],
            "Y": [ 368, 369, 370 ]
          }
        },
        "$auto$opt_expr.cc:276:group_cell_inputs$118": {
          "hide_name": 1,
          "type": "$and",
          "parameters": {
            "A_SIGNED": "00000000000000000000000000000000",
            "A_WIDTH": "00000000000000000000000000000001",
            "B_SIGNED": "00000000000000000000000000000000",
            "B_WIDTH": "00000000000000000000000000000001",
            "Y_WIDTH": "00000000000000000000000000000001"
          },
          "attributes": {
          },
          "port_directions": {
            "A": "input",
            "B": "input",
            "Y": "output"
          },
          "connections": {
            "A": [ 368 ],
            "B": [ 366 ],
            "Y": [ 371 ]
          }
        },
        "$auto$opt_expr.cc:276:group_cell_inputs$122": {
          "hide_name": 1,
          "type": "$or",
          "parameters": {
            "A_SIGNED": "00000000000000000000000000000000",
            "A_WIDTH": "00000000000000000000000000001100",
            "B_SIGNED": "00000000000000000000000000000000",
            "B_WIDTH": "00000000000000000000000000001100",
            "Y_WIDTH": "00000000000000000000000000001100"
          },
          "attributes": {
          },
          "port_directions": {
            "A": "input",
            "B": "input",
            "Y": "output"
          },
          "connections": {
            "A": [ 40, 41, 42, 43, 44, 45, 46, 47, 48, 49, 50, 51 ],
            "B": [ 2, 3, 4, 5, 6, 7, 8, 9, 10, 11, 12, 13 ],
            "Y": [ 372, 373, 374, 375, 376, 377, 378, 379, 380, 381, 382, 383 ]
          }
        },
        "$auto$opt_expr.cc:276:group_cell_inputs$125": {
          "hide_name": 1,
          "type": "$xor",
          "parameters": {
            "A_SIGNED": "00000000000000000000000000000000",
            "A_WIDTH": "00000000000000000000000000001100",
            "B_SIGNED": "00000000000000000000000000000000",
            "B_WIDTH": "00000000000000000000000000001100",
            "Y_WIDTH": "00000000000000000000000000001100"
          },
          "attributes": {
          },
          "port_directions": {
            "A": "input",
            "B": "input",
            "Y": "output"
          },
          "connections": {
            "A": [ 372, 373, 374, 375, 376, 377, 378, 379, 380, 381, 382, 383 ],
            "B": [ 2, 3, 4, 5, 6, 7, 8, 9, 10, 11, 12, 13 ],
            "Y": [ 384, 385, 386, 387, 388, 389, 390, 391, 392, 393, 394, 395 ]
          }
        },
        "$auto$opt_expr.cc:276:group_cell_inputs$128": {
          "hide_name": 1,
          "type": "$xor",
          "parameters": {
            "A_SIGNED": "00000000000000000000000000000000",
            "A_WIDTH": "00000000000000000000000000000110",
            "B_SIGNED": "00000000000000000000000000000000",
            "B_WIDTH": "00000000000000000000000000000110",
            "Y_WIDTH": "00000000000000000000000000000110"
          },
          "attributes": {
          },
          "port_directions": {
            "A": "input",
            "B": "input",
            "Y": "output"
          },
          "connections": {
            "A": [ 384, 385, 386, 387, 388, 389 ],
            "B": [ 28, 29, 30, 31, 32, 33 ],
            "Y": [ 396, 397, 398, 399, 400, 401 ]
          }
        },
        "$auto$opt_expr.cc:276:group_cell_inputs$135": {
          "hide_name": 1,
          "type": "$and",
          "parameters": {
            "A_SIGNED": "00000000000000000000000000000000",
            "A_WIDTH": "00000000000000000000000000000110",
            "B_SIGNED": "00000000000000000000000000000000",
            "B_WIDTH": "00000000000000000000000000000110",
            "Y_WIDTH": "00000000000000000000000000000110"
          },
          "attributes": {
          },
          "port_directions": {
            "A": "input",
            "B": "input",
            "Y": "output"
          },
          "connections": {
            "A": [ 28, 29, 30, 31, 32, 33 ],
            "B": [ 2, 3, 4, 5, 6, 7 ],
            "Y": [ 169, 170, 171, 172, 173, 174 ]
          }
        },
        "$auto$opt_expr.cc:276:group_cell_inputs$139": {
          "hide_name": 1,
          "type": "$xor",
          "parameters": {
            "A_SIGNED": "00000000000000000000000000000000",
            "A_WIDTH": "00000000000000000000000000000011",
            "B_SIGNED": "00000000000000000000000000000000",
            "B_WIDTH": "00000000000000000000000000000011",
            "Y_WIDTH": "00000000000000000000000000000011"
          },
          "attributes": {
          },
          "port_directions": {
            "A": "input",
            "B": "input",
            "Y": "output"
          },
          "connections": {
            "A": [ 183, 184, 185 ],
            "B": [ 69, 70, 71 ],
            "Y": [ 402, 403, 404 ]
          }
        },
        "$auto$opt_expr.cc:276:group_cell_inputs$142": {
          "hide_name": 1,
          "type": "$or",
          "parameters": {
            "A_SIGNED": "00000000000000000000000000000000",
            "A_WIDTH": "00000000000000000000000000011000",
            "B_SIGNED": "00000000000000000000000000000000",
            "B_WIDTH": "00000000000000000000000000011000",
            "Y_WIDTH": "00000000000000000000000000011000"
          },
          "attributes": {
          },
          "port_directions": {
            "A": "input",
            "B": "input",
            "Y": "output"
          },
          "connections": {
            "A": [ 405, 406, 407, 408, 409, 410, 411, 412, 413, 414, 415, 416, 417, 417, 417, 417, 417, 417, 417, 417, 417, 417, 417, 417 ],
            "B": [ 40, 41, 42, 43, 44, 45, 46, 47, 48, 49, 50, 51, 52, 53, 54, 55, 56, 57, 58, 59, 60, 61, 62, 63 ],
            "Y": [ 282, 283, 284, 285, 286, 287, 288, 289, 290, 291, 292, 293, 294, 295, 418, 419, 420, 421, 422, 423, 424, 425, 426, 427 ]
          }
        },
        "$auto$opt_expr.cc:276:group_cell_inputs$148": {
          "hide_name": 1,
          "type": "$xor",
          "parameters": {
            "A_SIGNED": "00000000000000000000000000000000",
            "A_WIDTH": "00000000000000000000000000000001",
            "B_SIGNED": "00000000000000000000000000000000",
            "B_WIDTH": "00000000000000000000000000000001",
            "Y_WIDTH": "00000000000000000000000000000001"
          },
          "attributes": {
          },
          "port_directions": {
            "A": "input",
            "B": "input",
            "Y": "output"
          },
          "connections": {
            "A": [ 428 ],
            "B": [ 366 ],
            "Y": [ 429 ]
          }
        },
        "$auto$opt_expr.cc:276:group_cell_inputs$151": {
          "hide_name": 1,
          "type": "$xor",
          "parameters": {
            "A_SIGNED": "00000000000000000000000000000000",
            "A_WIDTH": "00000000000000000000000000001100",
            "B_SIGNED": "00000000000000000000000000000000",
            "B_WIDTH": "00000000000000000000000000001100",
            "Y_WIDTH": "00000000000000000000000000001100"
          },
          "attributes": {
          },
          "port_directions": {
            "A": "input",
            "B": "input",
            "Y": "output"
          },
          "connections": {
            "A": [ 430, 431, 432, 433, 434, 435, 8, 9, 10, 11, 12, 13 ],
            "B": [ 436, 437, 438, 439, 440, 441, 442, 443, 444, 445, 446, 447 ],
            "Y": [ 448, 449, 450, 451, 452, 453, 454, 455, 456, 457, 458, 459 ]
          }
        },
        "$auto$opt_expr.cc:276:group_cell_inputs$154": {
          "hide_name": 1,
          "type": "$and",
          "parameters": {
            "A_SIGNED": "00000000000000000000000000000000",
            "A_WIDTH": "00000000000000000000000000000001",
            "B_SIGNED": "00000000000000000000000000000000",
            "B_WIDTH": "00000000000000000000000000000001",
            "Y_WIDTH": "00000000000000000000000000000001"
          },
          "attributes": {
          },
          "port_directions": {
            "A": "input",
            "B": "input",
            "Y": "output"
          },
          "connections": {
            "A": [ 448 ],
            "B": [ 366 ],
            "Y": [ 460 ]
          }
        },
        "$auto$opt_expr.cc:276:group_cell_inputs$183": {
          "hide_name": 1,
          "type": "$xor",
          "parameters": {
            "A_SIGNED": "00000000000000000000000000000000",
            "A_WIDTH": "00000000000000000000000000000001",
            "B_SIGNED": "00000000000000000000000000000000",
            "B_WIDTH": "00000000000000000000000000000001",
            "Y_WIDTH": "00000000000000000000000000000001"
          },
          "attributes": {
          },
          "port_directions": {
            "A": "input",
            "B": "input",
            "Y": "output"
          },
          "connections": {
            "A": [ 367 ],
            "B": [ 175 ],
            "Y": [ 148 ]
          }
        },
        "$auto$opt_expr.cc:276:group_cell_inputs$199": {
          "hide_name": 1,
          "type": "$or",
          "parameters": {
            "A_SIGNED": "00000000000000000000000000000000",
            "A_WIDTH": "00000000000000000000000000000001",
            "B_SIGNED": "00000000000000000000000000000000",
            "B_WIDTH": "00000000000000000000000000000001",
            "Y_WIDTH": "00000000000000000000000000000001"
          },
          "attributes": {
          },
          "port_directions": {
            "A": "input",
            "B": "input",
            "Y": "output"
          },
          "connections": {
            "A": [ 2 ],
            "B": [ 371 ],
            "Y": [ 428 ]
          }
        },
        "$auto$opt_expr.cc:276:group_cell_inputs$202": {
          "hide_name": 1,
          "type": "$xor",
          "parameters": {
            "A_SIGNED": "00000000000000000000000000000000",
            "A_WIDTH": "00000000000000000000000000000110",
            "B_SIGNED": "00000000000000000000000000000000",
            "B_WIDTH": "00000000000000000000000000000110",
            "Y_WIDTH": "00000000000000000000000000000110"
          },
          "attributes": {
          },
          "port_directions": {
            "A": "input",
            "B": "input",
            "Y": "output"
          },
          "connections": {
            "A": [ 429, 3, 4, 5, 6, 7 ],
            "B": [ 169, 170, 171, 172, 173, 174 ],
            "Y": [ 430, 431, 432, 433, 434, 435 ]
          }
        },
        "$auto$opt_expr.cc:276:group_cell_inputs$205": {
          "hide_name": 1,
          "type": "$and",
          "parameters": {
            "A_SIGNED": "00000000000000000000000000000000",
            "A_WIDTH": "00000000000000000000000000000001",
            "B_SIGNED": "00000000000000000000000000000000",
            "B_WIDTH": "00000000000000000000000000000001",
            "Y_WIDTH": "00000000000000000000000000000001"
          },
          "attributes": {
          },
          "port_directions": {
            "A": "input",
            "B": "input",
            "Y": "output"
          },
          "connections": {
            "A": [ 460 ],
            "B": [ 461 ],
            "Y": [ 462 ]
          }
        },
        "$auto$opt_expr.cc:276:group_cell_inputs$209": {
          "hide_name": 1,
          "type": "$not",
          "parameters": {
            "A_SIGNED": "00000000000000000000000000000000",
            "A_WIDTH": "00000000000000000000000000000001",
            "Y_WIDTH": "00000000000000000000000000000001"
          },
          "attributes": {
          },
          "port_directions": {
            "A": "input",
            "Y": "output"
          },
          "connections": {
            "A": [ 371 ],
            "Y": [ 463 ]
          }
        },
        "$auto$opt_expr.cc:276:group_cell_inputs$213": {
          "hide_name": 1,
          "type": "$and",
          "parameters": {
            "A_SIGNED": "00000000000000000000000000000000",
            "A_WIDTH": "00000000000000000000000000000001",
            "B_SIGNED": "00000000000000000000000000000000",
            "B_WIDTH": "00000000000000000000000000000001",
            "Y_WIDTH": "00000000000000000000000000000001"
          },
          "attributes": {
          },
          "port_directions": {
            "A": "input",
            "B": "input",
            "Y": "output"
          },
          "connections": {
            "A": [ 464 ],
            "B": [ 463 ],
            "Y": [ 436 ]
          }
        },
        "$auto$opt_expr.cc:276:group_cell_inputs$88": {
          "hide_name": 1,
          "type": "$and",
          "parameters": {
            "A_SIGNED": "00000000000000000000000000000000",
            "A_WIDTH": "00000000000000000000000000000110",
            "B_SIGNED": "00000000000000000000000000000000",
            "B_WIDTH": "00000000000000000000000000000110",
            "Y_WIDTH": "00000000000000000000000000000110"
          },
          "attributes": {
          },
          "port_directions": {
            "A": "input",
            "B": "input",
            "Y": "output"
          },
          "connections": {
            "A": [ 465, 466, 467, 468, 469, 470 ],
            "B": [ 28, 29, 30, 31, 32, 33 ],
            "Y": [ 34, 35, 36, 37, 38, 39 ]
          }
        },
        "$auto$opt_expr.cc:276:group_cell_inputs$92": {
          "hide_name": 1,
          "type": "$or",
          "parameters": {
            "A_SIGNED": "00000000000000000000000000000000",
            "A_WIDTH": "00000000000000000000000000001100",
            "B_SIGNED": "00000000000000000000000000000000",
            "B_WIDTH": "00000000000000000000000000001100",
            "Y_WIDTH": "00000000000000000000000000001100"
          },
          "attributes": {
          },
          "port_directions": {
            "A": "input",
            "B": "input",
            "Y": "output"
          },
          "connections": {
            "A": [ 72, 73, 74, 75, 76, 77, 78, 79, 80, 81, 82, 83 ],
            "B": [ 40, 41, 42, 43, 44, 45, 46, 47, 48, 49, 50, 51 ],
            "Y": [ 316, 317, 318, 319, 320, 321, 322, 323, 324, 325, 326, 327 ]
          }
        },
        "$auto$opt_expr.cc:276:group_cell_inputs$95": {
          "hide_name": 1,
          "type": "$xor",
          "parameters": {
            "A_SIGNED": "00000000000000000000000000000000",
            "A_WIDTH": "00000000000000000000000000001100",
            "B_SIGNED": "00000000000000000000000000000000",
            "B_WIDTH": "00000000000000000000000000001100",
            "Y_WIDTH": "00000000000000000000000000001100"
          },
          "attributes": {
          },
          "port_directions": {
            "A": "input",
            "B": "input",
            "Y": "output"
          },
          "connections": {
            "A": [ 471, 472, 473, 474, 475, 476, 477, 478, 479, 480, 481, 482 ],
            "B": [ 2, 3, 4, 5, 6, 7, 8, 9, 10, 11, 12, 13 ],
            "Y": [ 175, 149, 150, 151, 152, 153, 154, 155, 156, 157, 176, 177 ]
          }
        },
        "$auto$opt_expr.cc:276:group_cell_inputs$98": {
          "hide_name": 1,
          "type": "$xor",
          "parameters": {
            "A_SIGNED": "00000000000000000000000000000000",
            "A_WIDTH": "00000000000000000000000000000011",
            "B_SIGNED": "00000000000000000000000000000000",
            "B_WIDTH": "00000000000000000000000000000011",
            "Y_WIDTH": "00000000000000000000000000000011"
          },
          "attributes": {
          },
          "port_directions": {
            "A": "input",
            "B": "input",
            "Y": "output"
          },
          "connections": {
            "A": [ 483, 484, 485 ],
            "B": [ 10, 11, 12 ],
            "Y": [ 360, 361, 362 ]
          }
        },
        "$mul$designs/61/top.sv:28$11": {
          "hide_name": 1,
          "type": "$mul",
          "parameters": {
            "A_SIGNED": "00000000000000000000000000000000",
            "A_WIDTH": "00000000000000000000000000100000",
            "B_SIGNED": "00000000000000000000000000000000",
            "B_WIDTH": "00000000000000000000000000001100",
            "Y_WIDTH": "00000000000000000000000000010001"
          },
          "attributes": {
            "src": "designs/61/top.sv:28.31-28.151"
          },
          "port_directions": {
            "A": "input",
            "B": "input",
            "Y": "output"
          },
          "connections": {
            "A": [ 486, 487, 488, 489, 490, 491, 492, 493, 494, 495, 496, 497, 498, 499, 500, 501, 502, 503, 504, 505, 506, 507, 508, 509, 510, 511, 512, 513, 514, 515, 516, 517 ],
            "B": [ 2, 3, 4, 5, 6, 7, 8, 9, 10, 11, 12, 13 ],
            "Y": [ 471, 472, 473, 474, 475, 476, 477, 478, 479, 480, 481, 482, 178, 179, 180, 181, 182 ]
          }
        },
        "$mul$designs/61/top.sv:29$18": {
          "hide_name": 1,
          "type": "$mul",
          "parameters": {
            "A_SIGNED": "00000000000000000000000000000000",
            "A_WIDTH": "00000000000000000000000000100000",
            "B_SIGNED": "00000000000000000000000000000000",
            "B_WIDTH": "00000000000000000000000000100000",
            "Y_WIDTH": "00000000000000000000000000000011"
          },
          "attributes": {
            "src": "designs/61/top.sv:29.50-29.224"
          },
          "port_directions": {
            "A": "input",
            "B": "input",
            "Y": "output"
          },
          "connections": {
            "A": [ 116, 117, 118, 119, 120, 121, 122, 123, 124, 125, 126, 127, 128, 129, 130, 131, 132, 133, 134, 135, 136, 137, 138, 139, 140, 141, 142, 143, 144, 145, 146, 147 ],
            "B": [ 40, 41, 42, 43, 44, 45, 46, 47, 48, 49, 50, 51, 52, 53, 54, 55, 56, 57, 58, 59, 60, 61, 62, 63, 64, 65, 66, 67, 68, 69, 70, 71 ],
            "Y": [ 518, 519, 520 ]
          }
        },
        "$mul$designs/61/top.sv:32$32": {
          "hide_name": 1,
          "type": "$mul",
          "parameters": {
            "A_SIGNED": "00000000000000000000000000000000",
            "A_WIDTH": "00000000000000000000000000100000",
            "B_SIGNED": "00000000000000000000000000000000",
            "B_WIDTH": "00000000000000000000000000000110",
            "Y_WIDTH": "00000000000000000000000000011111"
          },
          "attributes": {
            "src": "designs/61/top.sv:32.42-32.140"
          },
          "port_directions": {
            "A": "input",
            "B": "input",
            "Y": "output"
          },
          "connections": {
            "A": [ 396, 397, 398, 399, 400, 401, 390, 391, 392, 393, 394, 395, 52, 53, 54, 55, 56, 57, 58, 59, 60, 61, 62, 63, 64, 65, 66, 67, 68, 69, 70, 71 ],
            "B": [ 28, 29, 30, 31, 32, 33 ],
            "Y": [ 521, 522, 523, 524, 525, 526, 527, 528, 529, 530, 531, 532, 533, 534, 535, 536, 537, 538, 539, 540, 541, 542, 543, 544, 545, 546, 547, 548, 549, 550, 551 ]
          }
        },
        "$mul$designs/61/top.sv:35$38": {
          "hide_name": 1,
          "type": "$mul",
          "parameters": {
            "A_SIGNED": "00000000000000000000000000000000",
            "A_WIDTH": "00000000000000000000000000010001",
            "B_SIGNED": "00000000000000000000000000000000",
            "B_WIDTH": "00000000000000000000000000000110",
            "Y_WIDTH": "00000000000000000000000000010001"
          },
          "attributes": {
            "src": "designs/61/top.sv:35.50-35.74"
          },
          "port_directions": {
            "A": "input",
            "B": "input",
            "Y": "output"
          },
          "connections": {
            "A": [ 175, 149, 150, 151, 152, 153, 154, 155, 156, 157, 176, 177, 178, 179, 180, 181, 182 ],
            "B": [ 28, 29, 30, 31, 32, 33 ],
            "Y": [ 552, 553, 554, 555, 556, 557, 558, 559, 560, 561, 562, 563, 564, 565, 566, 567, 568 ]
          }
        },
        "$mul$designs/61/top.sv:35$40": {
          "hide_name": 1,
          "type": "$mul",
          "parameters": {
            "A_SIGNED": "00000000000000000000000000000000",
            "A_WIDTH": "00000000000000000000000000010001",
            "B_SIGNED": "00000000000000000000000000000000",
            "B_WIDTH": "00000000000000000000000000000010",
            "Y_WIDTH": "00000000000000000000000000000010"
          },
          "attributes": {
            "src": "designs/61/top.sv:35.30-35.115"
          },
          "port_directions": {
            "A": "input",
            "B": "input",
            "Y": "output"
          },
          "connections": {
            "A": [ 569, 570, 571, 572, 573, 574, 575, 576, 577, 578, 579, 580, 581, 582, 583, 584, 585 ],
            "B": [ 3, 4 ],
            "Y": [ 586, 587 ]
          }
        },
        "$mul$designs/61/top.sv:36$43": {
          "hide_name": 1,
          "type": "$mul",
          "parameters": {
            "A_SIGNED": "00000000000000000000000000000000",
            "A_WIDTH": "00000000000000000000000000010010",
            "B_SIGNED": "00000000000000000000000000000000",
            "B_WIDTH": "00000000000000000000000000000001",
            "Y_WIDTH": "00000000000000000000000000001101"
          },
          "attributes": {
            "src": "designs/61/top.sv:36.23-36.87"
          },
          "port_directions": {
            "A": "input",
            "B": "input",
            "Y": "output"
          },
          "connections": {
            "A": [ 402, 403, 404, 186, 187, 188, 189, 190, 191, 192, 193, 194, 195, 196, 197, 198, 199, 200 ],
            "B": [ 366 ],
            "Y": [ 588, 589, 590, 591, 592, 593, 594, 595, 596, 597, 598, 599, 600 ]
          }
        },
        "$mul$designs/61/top.sv:38$48": {
          "hide_name": 1,
          "type": "$mul",
          "parameters": {
            "A_SIGNED": "00000000000000000000000000000000",
            "A_WIDTH": "00000000000000000000000000100000",
            "B_SIGNED": "00000000000000000000000000000000",
            "B_WIDTH": "00000000000000000000000000000101",
            "Y_WIDTH": "00000000000000000000000000001101"
          },
          "attributes": {
            "src": "designs/61/top.sv:38.40-38.115"
          },
          "port_directions": {
            "A": "input",
            "B": "input",
            "Y": "output"
          },
          "connections": {
            "A": [ 236, 237, 238, 239, 240, 241, 242, 243, 244, 245, 246, 247, 248, 249, 250, 251, 252, 253, 254, 255, 256, 257, 258, 259, 260, 261, 262, 263, 264, 265, 266, 267 ],
            "B": [ 67, 68, 69, 70, 71 ],
            "Y": [ 601, 602, 603, 604, 605, 606, 607, 608, 609, 610, 611, 612, 613 ]
          }
        },
        "$or$designs/61/top.sv:28$10": {
          "hide_name": 1,
          "type": "$or",
          "parameters": {
            "A_SIGNED": "00000000000000000000000000000000",
            "A_WIDTH": "00000000000000000000000000100000",
            "B_SIGNED": "00000000000000000000000000000000",
            "B_WIDTH": "00000000000000000000000000100000",
            "Y_WIDTH": "00000000000000000000000000100000"
          },
          "attributes": {
            "src": "designs/61/top.sv:28.42-28.136"
          },
          "port_directions": {
            "A": "input",
            "B": "input",
            "Y": "output"
          },
          "connections": {
            "A": [ 328, 329, 330, 331, 332, 333, 334, 335, 336, 337, 338, 339, 340, 341, 342, 343, 344, 345, 346, 347, 348, 349, 350, 351, 352, 353, 354, 355, 356, 357, 358, 359 ],
            "B": [ 40, 41, 42, 43, 44, 45, 46, 47, 48, 49, 50, 51, 52, 53, 54, 55, 56, 57, 58, 59, 60, 61, 62, 63, 64, 65, 66, 67, 68, 69, 70, 71 ],
            "Y": [ 486, 487, 488, 489, 490, 491, 492, 493, 494, 495, 496, 497, 498, 499, 500, 501, 502, 503, 504, 505, 506, 507, 508, 509, 510, 511, 512, 513, 514, 515, 516, 517 ]
          }
        },
        "$or$designs/61/top.sv:32$33": {
          "hide_name": 1,
          "type": "$or",
          "parameters": {
            "A_SIGNED": "00000000000000000000000000000000",
            "A_WIDTH": "00000000000000000000000000011111",
            "B_SIGNED": "00000000000000000000000000000000",
            "B_WIDTH": "00000000000000000000000000011111",
            "Y_WIDTH": "00000000000000000000000000011111"
          },
          "attributes": {
            "src": "designs/61/top.sv:32.31-32.151"
          },
          "port_directions": {
            "A": "input",
            "B": "input",
            "Y": "output"
          },
          "connections": {
            "A": [ 521, 522, 523, 524, 525, 526, 527, 528, 529, 530, 531, 532, 533, 534, 535, 536, 537, 538, 539, 540, 541, 542, 543, 544, 545, 546, 547, 548, 549, 550, 551 ],
            "B": [ 40, 41, 42, 43, 44, 45, 46, 47, 48, 49, 50, 51, 52, 53, 54, 55, 56, 57, 58, 59, 60, 61, 62, 63, 64, 65, 66, 67, 68, 69, 70 ],
            "Y": [ 464, 437, 438, 439, 440, 441, 442, 443, 444, 445, 446, 447, 614, 615, 616, 617, 618, 619, 620, 621, 622, 623, 624, 625, 626, 627, 628, 629, 630, 631, 632 ]
          }
        },
        "$or$designs/61/top.sv:48$82": {
          "hide_name": 1,
          "type": "$or",
          "parameters": {
            "A_SIGNED": "00000000000000000000000000000000",
            "A_WIDTH": "00000000000000000000000000001110",
            "B_SIGNED": "00000000000000000000000000000000",
            "B_WIDTH": "00000000000000000000000000001110",
            "Y_WIDTH": "00000000000000000000000000001110"
          },
          "attributes": {
            "src": "designs/61/top.sv:48.37-48.111"
          },
          "port_directions": {
            "A": "input",
            "B": "input",
            "Y": "output"
          },
          "connections": {
            "A": [ 296, 297, 298, 299, 300, 301, 302, 303, 304, 305, 306, 307, 308, 309 ],
            "B": [ 633, 634, 635, 636, 637, 638, 639, 640, 641, 642, 643, 644, 645, 646 ],
            "Y": [ 14, 15, 16, 17, 18, 19, 20, 21, 22, 23, 24, 25, 26, 27 ]
          }
        },
        "$shl$designs/61/top.sv:35$39": {
          "hide_name": 1,
          "type": "$shl",
          "parameters": {
            "A_SIGNED": "00000000000000000000000000000001",
            "A_WIDTH": "00000000000000000000000000010001",
            "B_SIGNED": "00000000000000000000000000000000",
            "B_WIDTH": "00000000000000000000000000000010",
            "Y_WIDTH": "00000000000000000000000000010001"
          },
          "attributes": {
            "src": "designs/61/top.sv:35.41-35.95"
          },
          "port_directions": {
            "A": "input",
            "B": "input",
            "Y": "output"
          },
          "connections": {
            "A": [ 552, 553, 554, 555, 556, 557, 558, 559, 560, 561, 562, 563, 564, 565, 566, 567, 568 ],
            "B": [ 3, 4 ],
            "Y": [ 569, 570, 571, 572, 573, 574, 575, 576, 577, 578, 579, 580, 581, 582, 583, 584, 585 ]
          }
        },
        "$sub$designs/61/top.sv:27$4": {
          "hide_name": 1,
          "type": "$sub",
          "parameters": {
            "A_SIGNED": "00000000000000000000000000000000",
            "A_WIDTH": "00000000000000000000000000000110",
            "B_SIGNED": "00000000000000000000000000000000",
            "B_WIDTH": "00000000000000000000000000011111",
            "Y_WIDTH": "00000000000000000000000000100000"
          },
          "attributes": {
            "src": "designs/61/top.sv:27.42-27.123"
          },
          "port_directions": {
            "A": "input",
            "B": "input",
            "Y": "output"
          },
          "connections": {
            "A": [ 647, 648, 649, 650, 651, 652 ],
            "B": [ "1", "0", "0", "0", "0", "0", "1", "0", "1", "0", "1", "1", "0", "1", "0", "0", "0", "1", "1", "1", "1", "0", "1", "0", "0", "1", "1", "1", "0", "0", "1" ],
            "Y": [ 465, 466, 467, 468, 469, 470, 653, 654, 655, 656, 657, 658, 659, 660, 661, 662, 663, 664, 665, 666, 667, 668, 669, 670, 671, 672, 673, 674, 675, 676, 677, 678 ]
          }
        },
        "$sub$designs/61/top.sv:29$13": {
          "hide_name": 1,
          "type": "$sub",
          "parameters": {
            "A_SIGNED": "00000000000000000000000000000000",
            "A_WIDTH": "00000000000000000000000000100000",
            "B_SIGNED": "00000000000000000000000000000000",
            "B_WIDTH": "00000000000000000000000000000011",
            "Y_WIDTH": "00000000000000000000000000100000"
          },
          "attributes": {
            "src": "designs/61/top.sv:29.99-29.132"
          },
          "port_directions": {
            "A": "input",
            "B": "input",
            "Y": "output"
          },
          "connections": {
            "A": [ 40, 41, 42, 43, 44, 45, 46, 47, 48, 49, 50, 51, 52, 53, 54, 55, 56, 57, 58, 59, 60, 61, 62, 63, 64, 65, 66, 67, 68, 69, 70, 71 ],
            "B": [ 3, 4, 5 ],
            "Y": [ 483, 484, 485, 679, 680, 681, 682, 683, 684, 685, 686, 687, 688, 689, 690, 691, 692, 693, 694, 695, 696, 697, 698, 699, 700, 701, 702, 703, 704, 705, 706, 707 ]
          }
        },
        "$sub$designs/61/top.sv:29$16": {
          "hide_name": 1,
          "type": "$sub",
          "parameters": {
            "A_SIGNED": "00000000000000000000000000000000",
            "A_WIDTH": "00000000000000000000000000100000",
            "B_SIGNED": "00000000000000000000000000000000",
            "B_WIDTH": "00000000000000000000000000000011",
            "Y_WIDTH": "00000000000000000000000000100000"
          },
          "attributes": {
            "src": "designs/61/top.sv:29.70-29.193"
          },
          "port_directions": {
            "A": "input",
            "B": "input",
            "Y": "output"
          },
          "connections": {
            "A": [ 363, 364, 365, 679, 680, 681, 682, 683, 684, 685, 686, 687, 688, 689, 690, 691, 692, 693, 694, 695, 696, 697, 698, 699, 700, 701, 702, 703, 704, 705, 706, 707 ],
            "B": [ 9, 10, 11 ],
            "Y": [ 84, 85, 86, 87, 88, 89, 90, 91, 92, 93, 94, 95, 96, 97, 98, 99, 100, 101, 102, 103, 104, 105, 106, 107, 108, 109, 110, 111, 112, 113, 114, 115 ]
          }
        },
        "$sub$designs/61/top.sv:30$21": {
          "hide_name": 1,
          "type": "$sub",
          "parameters": {
            "A_SIGNED": "00000000000000000000000000000000",
            "A_WIDTH": "00000000000000000000000000000001",
            "B_SIGNED": "00000000000000000000000000000000",
            "B_WIDTH": "00000000000000000000000000000001",
            "Y_WIDTH": "00000000000000000000000000000001"
          },
          "attributes": {
            "src": "designs/61/top.sv:30.22-30.59"
          },
          "port_directions": {
            "A": "input",
            "B": "input",
            "Y": "output"
          },
          "connections": {
            "A": [ 13 ],
            "B": [ 40 ],
            "Y": [ 366 ]
          }
        },
        "$sub$designs/61/top.sv:37$44": {
          "hide_name": 1,
          "type": "$sub",
          "parameters": {
            "A_SIGNED": "00000000000000000000000000000000",
            "A_WIDTH": "00000000000000000000000000000110",
            "B_SIGNED": "00000000000000000000000000000000",
            "B_WIDTH": "00000000000000000000000000001100",
            "Y_WIDTH": "00000000000000000000000000001101"
          },
          "attributes": {
            "src": "designs/61/top.sv:37.42-37.57"
          },
          "port_directions": {
            "A": "input",
            "B": "input",
            "Y": "output"
          },
          "connections": {
            "A": [ 28, 29, 30, 31, 32, 33 ],
            "B": [ 169, 170, 171, 172, 173, 174, "0", "0", "0", "0", "0", "0" ],
            "Y": [ 405, 406, 407, 408, 409, 410, 411, 412, 413, 414, 415, 416, 417 ]
          }
        },
        "$sub$designs/61/top.sv:38$46": {
          "hide_name": 1,
          "type": "$sub",
          "parameters": {
            "A_SIGNED": "00000000000000000000000000000000",
            "A_WIDTH": "00000000000000000000000000100000",
            "B_SIGNED": "00000000000000000000000000000000",
            "B_WIDTH": "00000000000000000000000000000010",
            "Y_WIDTH": "00000000000000000000000000100000"
          },
          "attributes": {
            "src": "designs/61/top.sv:38.58-38.85"
          },
          "port_directions": {
            "A": "input",
            "B": "input",
            "Y": "output"
          },
          "connections": {
            "A": [ 282, 283, 284, 285, 286, 287, 288, 289, 290, 291, 292, 293, 294, 295, 418, 419, 420, 421, 422, 423, 424, 425, 426, 427, 64, 65, 66, 67, 68, 69, 70, 71 ],
            "B": [ 586, 587 ],
            "Y": [ 201, 202, 203, 204, 205, 206, 207, 208, 209, 210, 211, 212, 213, 214, 215, 216, 217, 218, 219, 220, 221, 222, 223, 224, 225, 226, 227, 228, 229, 230, 231, 232 ]
          }
        },
        "$sub$designs/61/top.sv:38$49": {
          "hide_name": 1,
          "type": "$sub",
          "parameters": {
            "A_SIGNED": "00000000000000000000000000000000",
            "A_WIDTH": "00000000000000000000000000001101",
            "B_SIGNED": "00000000000000000000000000000000",
            "B_WIDTH": "00000000000000000000000000001101",
            "Y_WIDTH": "00000000000000000000000000001101"
          },
          "attributes": {
            "src": "designs/61/top.sv:38.31-38.127"
          },
          "port_directions": {
            "A": "input",
            "B": "input",
            "Y": "output"
          },
          "connections": {
            "A": [ 601, 602, 603, 604, 605, 606, 607, 608, 609, 610, 611, 612, 613 ],
            "B": [ 588, 589, 590, 591, 592, 593, 594, 595, 596, 597, 598, 599, 600 ],
            "Y": [ 461, 708, 709, 710, 711, 712, 713, 714, 715, 716, 717, 718, 719 ]
          }
        },
        "$sub$designs/61/top.sv:40$56": {
          "hide_name": 1,
          "type": "$sub",
          "parameters": {
            "A_SIGNED": "00000000000000000000000000000000",
            "A_WIDTH": "00000000000000000000000000001110",
            "B_SIGNED": "00000000000000000000000000000000",
            "B_WIDTH": "00000000000000000000000000000110",
            "Y_WIDTH": "00000000000000000000000000001110"
          },
          "attributes": {
            "src": "designs/61/top.sv:40.35-40.188"
          },
          "port_directions": {
            "A": "input",
            "B": "input",
            "Y": "output"
          },
          "connections": {
            "A": [ 462, "0", "0", "0", "0", "0", "0", "0", "0", "0", "0", "0", "0", "0" ],
            "B": [ 28, 29, 30, 31, 32, 33 ],
            "Y": [ 633, 634, 635, 636, 637, 638, 639, 640, 641, 642, 643, 644, 645, 646 ]
          }
        },
        "$sub$designs/61/top.sv:48$80": {
          "hide_name": 1,
          "type": "$sub",
          "parameters": {
            "A_SIGNED": "00000000000000000000000000000000",
            "A_WIDTH": "00000000000000000000000000001110",
            "B_SIGNED": "00000000000000000000000000000000",
            "B_WIDTH": "00000000000000000000000000001010",
            "Y_WIDTH": "00000000000000000000000000001110"
          },
          "attributes": {
            "src": "designs/61/top.sv:48.57-48.87"
          },
          "port_directions": {
            "A": "input",
            "B": "input",
            "Y": "output"
          },
          "connections": {
            "A": [ 282, 283, 284, 285, 286, 287, 288, 289, 290, 291, 292, 293, 294, 295 ],
            "B": [ 371, "0", "0", "0", "0", "0", "0", "0", "0", "0" ],
            "Y": [ 268, 269, 270, 271, 272, 273, 274, 275, 276, 277, 278, 279, 280, 281 ]
          }
        },
        "$xor$designs/61/top.sv:27$3": {
          "hide_name": 1,
          "type": "$xor",
          "parameters": {
            "A_SIGNED": "00000000000000000000000000000000",
            "A_WIDTH": "00000000000000000000000000000110",
            "B_SIGNED": "00000000000000000000000000000000",
            "B_WIDTH": "00000000000000000000000000000110",
            "Y_WIDTH": "00000000000000000000000000000110"
          },
          "attributes": {
            "src": "designs/61/top.sv:27.51-27.104"
          },
          "port_directions": {
            "A": "input",
            "B": "input",
            "Y": "output"
          },
          "connections": {
            "A": [ 310, 311, 312, 313, 314, 315 ],
            "B": [ 28, 29, 30, 31, 32, 33 ],
            "Y": [ 647, 648, 649, 650, 651, 652 ]
          }
        },
        "$xor$designs/61/top.sv:29$19": {
          "hide_name": 1,
          "type": "$xor",
          "parameters": {
            "A_SIGNED": "00000000000000000000000000000000",
            "A_WIDTH": "00000000000000000000000000000011",
            "B_SIGNED": "00000000000000000000000000000000",
            "B_WIDTH": "00000000000000000000000000000011",
            "Y_WIDTH": "00000000000000000000000000000011"
          },
          "attributes": {
            "src": "designs/61/top.sv:29.41-29.240"
          },
          "port_directions": {
            "A": "input",
            "B": "input",
            "Y": "output"
          },
          "connections": {
            "A": [ 518, 519, 520 ],
            "B": [ 175, 149, 150 ],
            "Y": [ 720, 721, 722 ]
          }
        },
        "$xor$designs/61/top.sv:29$20": {
          "hide_name": 1,
          "type": "$xor",
          "parameters": {
            "A_SIGNED": "00000000000000000000000000000000",
            "A_WIDTH": "00000000000000000000000000000011",
            "B_SIGNED": "00000000000000000000000000000000",
            "B_WIDTH": "00000000000000000000000000000011",
            "Y_WIDTH": "00000000000000000000000000000011"
          },
          "attributes": {
            "src": "designs/61/top.sv:29.32-29.260"
          },
          "port_directions": {
            "A": "input",
            "B": "input",
            "Y": "output"
          },
          "connections": {
            "A": [ 720, 721, 722 ],
            "B": [ 8, 9, 10 ],
            "Y": [ 233, 234, 235 ]
          }
        }
      },
      "netnames": {
        "$add$designs/61/top.sv:28$7_Y": {
          "hide_name": 1,
          "bits": [ 72, 73, 74, 75, 76, 77, 78, 79, 80, 81, 82, 83 ],
          "attributes": {
            "src": "designs/61/top.sv:28.73-28.103"
          }
        },
        "$add$designs/61/top.sv:29$17_Y": {
          "hide_name": 1,
          "bits": [ 116, 117, 118, 119, 120, 121, 122, 123, 124, 125, 126, 127, 128, 129, 130, 131, 132, 133, 134, 135, 136, 137, 138, 139, 140, 141, 142, 143, 144, 145, 146, 147 ],
          "attributes": {
            "src": "designs/61/top.sv:29.59-29.213"
          }
        },
        "$add$designs/61/top.sv:31$26_Y": {
          "hide_name": 1,
          "bits": [ 159, 160, 161, 162, 163, 164, 165, 166, 167, 168, 723, 724, 725, 726, 727, 728, 729 ],
          "attributes": {
            "src": "designs/61/top.sv:31.32-31.108",
            "unused_bits": "3 4 5 6 7 8 9 10 11 12 13 14 15 16"
          }
        },
        "$add$designs/61/top.sv:36$41_Y": {
          "hide_name": 1,
          "bits": [ 183, 184, 185, 186, 187, 188, 189, 190, 191, 192, 193, 194, 195, 196, 197, 198, 199, 200, "0", "0", "0", "0", "0", "0" ],
          "attributes": {
            "src": "designs/61/top.sv:36.33-36.59"
          }
        },
        "$add$designs/61/top.sv:38$47_Y": {
          "hide_name": 1,
          "bits": [ 236, 237, 238, 239, 240, 241, 242, 243, 244, 245, 246, 247, 248, 249, 250, 251, 252, 253, 254, 255, 256, 257, 258, 259, 260, 261, 262, 263, 264, 265, 266, 267 ],
          "attributes": {
            "src": "designs/61/top.sv:38.49-38.96"
          }
        },
        "$add$designs/61/top.sv:48$81_Y": {
          "hide_name": 1,
          "bits": [ 296, 297, 298, 299, 300, 301, 302, 303, 304, 305, 306, 307, 308, 309 ],
          "attributes": {
          }
        },
        "$and$designs/61/top.sv:27$2_Y": {
          "hide_name": 1,
          "bits": [ 310, 311, 312, 313, 314, 315 ],
          "attributes": {
            "src": "designs/61/top.sv:27.62-27.93"
          }
        },
        "$and$designs/61/top.sv:27$5_Y": {
          "hide_name": 1,
          "bits": [ 34, 35, 36, 37, 38, 39, "0", "0", "0", "0", "0", "0", "0", "0", "0", "0", "0", "0", "0", "0", "0", "0", "0", "0", "0", "0", "0", "0", "0", "0", "0", "0" ],
          "attributes": {
            "src": "designs/61/top.sv:27.33-27.134"
          }
        },
        "$and$designs/61/top.sv:28$9_Y": {
          "hide_name": 1,
          "bits": [ 328, 329, 330, 331, 332, 333, 334, 335, 336, 337, 338, 339, 340, 341, 342, 343, 344, 345, 346, 347, 348, 349, 350, 351, 352, 353, 354, 355, 356, 357, 358, 359 ],
          "attributes": {
            "src": "designs/61/top.sv:28.53-28.125"
          }
        },
        "$and$designs/61/top.sv:31$22_Y": {
          "hide_name": 1,
          "bits": [ 367, "0", "0", "0", "0", "0" ],
          "attributes": {
            "src": "designs/61/top.sv:31.52-31.78"
          }
        },
        "$and$designs/61/top.sv:40$54_Y": {
          "hide_name": 1,
          "bits": [ 460, "0", "0", "0", "0", "0", "0", "0", "0", "0", "0", "0", "0", "0", 730, 731, 732, 733, 734, 735, 736, 737, 738, 739, 740, 741, 742, 743, 744, 745, 746 ],
          "attributes": {
            "src": "designs/61/top.sv:40.53-40.165",
            "unused_bits": "14 15 16 17 18 19 20 21 22 23 24 25 26 27 28 29 30"
          }
        },
        "$and$designs/61/top.sv:40$55_Y": {
          "hide_name": 1,
          "bits": [ 462, "0", "0", "0", "0", "0", "0", "0", "0", "0", "0", "0", "0", "0", 747, 748, 749, 750, 751, 752, 753, 754, 755, 756, 757, 758, 759, 760, 761, 762, 763 ],
          "attributes": {
            "src": "designs/61/top.sv:40.44-40.177",
            "unused_bits": "14 15 16 17 18 19 20 21 22 23 24 25 26 27 28 29 30"
          }
        },
        "$auto$opt_expr.cc:205:group_cell_inputs$100": {
          "hide_name": 1,
          "bits": [ 363, 364, 365 ],
          "attributes": {
          }
        },
        "$auto$opt_expr.cc:205:group_cell_inputs$102": {
          "hide_name": 1,
          "bits": [ 679, 680, 681, 682, 683, 684, 685, 686, 687, 688, 689, 690, 691, 692, 693, 694, 695, 696, 697, 698, 699, 700, 701, 702, 703, 704, 705, 706, 707 ],
          "attributes": {
          }
        },
        "$auto$opt_expr.cc:205:group_cell_inputs$107": {
          "hide_name": 1,
          "bits": [ 148, 149, 150, 151, 152, 153 ],
          "attributes": {
          }
        },
        "$auto$opt_expr.cc:205:group_cell_inputs$110": {
          "hide_name": 1,
          "bits": [ 158 ],
          "attributes": {
          }
        },
        "$auto$opt_expr.cc:205:group_cell_inputs$114": {
          "hide_name": 1,
          "bits": [ 368, 369, 370 ],
          "attributes": {
            "unused_bits": "1 2"
          }
        },
        "$auto$opt_expr.cc:205:group_cell_inputs$121": {
          "hide_name": 1,
          "bits": [ 372, 373, 374, 375, 376, 377, 378, 379, 380, 381, 382, 383 ],
          "attributes": {
          }
        },
        "$auto$opt_expr.cc:205:group_cell_inputs$124": {
          "hide_name": 1,
          "bits": [ 384, 385, 386, 387, 388, 389, 390, 391, 392, 393, 394, 395 ],
          "attributes": {
          }
        },
        "$auto$opt_expr.cc:205:group_cell_inputs$127": {
          "hide_name": 1,
          "bits": [ 396, 397, 398, 399, 400, 401 ],
          "attributes": {
          }
        },
        "$auto$opt_expr.cc:205:group_cell_inputs$130": {
          "hide_name": 1,
          "bits": [ 463, "1", "1", "1", "1", "1", "1", "1", "1", "1" ],
          "attributes": {
          }
        },
        "$auto$opt_expr.cc:205:group_cell_inputs$138": {
          "hide_name": 1,
          "bits": [ 402, 403, 404 ],
          "attributes": {
          }
        },
        "$auto$opt_expr.cc:205:group_cell_inputs$144": {
          "hide_name": 1,
          "bits": [ 428, 3, 4, 5, 6, 7, 8, 9, 10, 11 ],
          "attributes": {
          }
        },
        "$auto$opt_expr.cc:205:group_cell_inputs$147": {
          "hide_name": 1,
          "bits": [ 429 ],
          "attributes": {
          }
        },
        "$auto$opt_expr.cc:205:group_cell_inputs$150": {
          "hide_name": 1,
          "bits": [ 448, 449, 450, 451, 452, 453, 454, 455, 456, 457, 458, 459 ],
          "attributes": {
            "unused_bits": "1 2 3 4 5 6 7 8 9 10 11"
          }
        },
        "$auto$opt_expr.cc:205:group_cell_inputs$201": {
          "hide_name": 1,
          "bits": [ 430, 431, 432, 433, 434, 435 ],
          "attributes": {
          }
        },
        "$auto$opt_expr.cc:205:group_cell_inputs$91": {
          "hide_name": 1,
          "bits": [ 316, 317, 318, 319, 320, 321, 322, 323, 324, 325, 326, 327 ],
          "attributes": {
          }
        },
        "$auto$opt_expr.cc:205:group_cell_inputs$97": {
          "hide_name": 1,
          "bits": [ 360, 361, 362 ],
          "attributes": {
          }
        },
        "$mul$designs/61/top.sv:28$11_Y": {
          "hide_name": 1,
          "bits": [ 471, 472, 473, 474, 475, 476, 477, 478, 479, 480, 481, 482, 178, 179, 180, 181, 182, 764, 765, 766, 767, 768, 769, 770, 771, 772, 773, 774, 775, 776, 777, 778 ],
          "attributes": {
            "src": "designs/61/top.sv:28.31-28.151",
            "unused_bits": "17 18 19 20 21 22 23 24 25 26 27 28 29 30 31"
          }
        },
        "$mul$designs/61/top.sv:29$18_Y": {
          "hide_name": 1,
          "bits": [ 518, 519, 520, 779, 780, 781, 782, 783, 784, 785, 786, 787, 788, 789, 790, 791, 792, 793, 794, 795, 796, 797, 798, 799, 800, 801, 802, 803, 804, 805, 806, 807 ],
          "attributes": {
            "src": "designs/61/top.sv:29.50-29.224",
            "unused_bits": "3 4 5 6 7 8 9 10 11 12 13 14 15 16 17 18 19 20 21 22 23 24 25 26 27 28 29 30 31"
          }
        },
        "$mul$designs/61/top.sv:32$32_Y": {
          "hide_name": 1,
          "bits": [ 521, 522, 523, 524, 525, 526, 527, 528, 529, 530, 531, 532, 533, 534, 535, 536, 537, 538, 539, 540, 541, 542, 543, 544, 545, 546, 547, 548, 549, 550, 551, 808 ],
          "attributes": {
            "src": "designs/61/top.sv:32.42-32.140",
            "unused_bits": "31"
          }
        },
        "$mul$designs/61/top.sv:35$38_Y": {
          "hide_name": 1,
          "bits": [ 552, 553, 554, 555, 556, 557, 558, 559, 560, 561, 562, 563, 564, 565, 566, 567, 568 ],
          "attributes": {
            "src": "designs/61/top.sv:35.50-35.74"
          }
        },
        "$mul$designs/61/top.sv:38$48_Y": {
          "hide_name": 1,
          "bits": [ 601, 602, 603, 604, 605, 606, 607, 608, 609, 610, 611, 612, 613, 809, 810, 811, 812, 813, 814, 815, 816, 817, 818, 819, 820, 821, 822, 823, 824, 825, 826, 827 ],
          "attributes": {
            "src": "designs/61/top.sv:38.40-38.115",
            "unused_bits": "13 14 15 16 17 18 19 20 21 22 23 24 25 26 27 28 29 30 31"
          }
        },
        "$or$designs/61/top.sv:28$10_Y": {
          "hide_name": 1,
          "bits": [ 486, 487, 488, 489, 490, 491, 492, 493, 494, 495, 496, 497, 498, 499, 500, 501, 502, 503, 504, 505, 506, 507, 508, 509, 510, 511, 512, 513, 514, 515, 516, 517 ],
          "attributes": {
            "src": "designs/61/top.sv:28.42-28.136"
          }
        },
        "$or$designs/61/top.sv:32$33_Y": {
          "hide_name": 1,
          "bits": [ 464, 437, 438, 439, 440, 441, 442, 443, 444, 445, 446, 447, 614, 615, 616, 617, 618, 619, 620, 621, 622, 623, 624, 625, 626, 627, 628, 629, 630, 631, 632, 828 ],
          "attributes": {
            "src": "designs/61/top.sv:32.31-32.151",
            "unused_bits": "12 13 14 15 16 17 18 19 20 21 22 23 24 25 26 27 28 29 30 31"
          }
        },
        "$shl$designs/61/top.sv:35$39_Y": {
          "hide_name": 1,
          "bits": [ 569, 570, 571, 572, 573, 574, 575, 576, 577, 578, 579, 580, 581, 582, 583, 584, 585 ],
          "signed": 1,
          "attributes": {
            "src": "designs/61/top.sv:35.41-35.95"
          }
        },
        "$sub$designs/61/top.sv:27$4_Y": {
          "hide_name": 1,
          "bits": [ 465, 466, 467, 468, 469, 470, 653, 654, 655, 656, 657, 658, 659, 660, 661, 662, 663, 664, 665, 666, 667, 668, 669, 670, 671, 672, 673, 674, 675, 676, 677, 678 ],
          "attributes": {
            "src": "designs/61/top.sv:27.42-27.123",
            "unused_bits": "6 7 8 9 10 11 12 13 14 15 16 17 18 19 20 21 22 23 24 25 26 27 28 29 30 31"
          }
        },
        "$sub$designs/61/top.sv:29$13_Y": {
          "hide_name": 1,
          "bits": [ 483, 484, 485, 679, 680, 681, 682, 683, 684, 685, 686, 687, 688, 689, 690, 691, 692, 693, 694, 695, 696, 697, 698, 699, 700, 701, 702, 703, 704, 705, 706, 707 ],
          "attributes": {
            "src": "designs/61/top.sv:29.99-29.132"
          }
        },
        "$sub$designs/61/top.sv:29$16_Y": {
          "hide_name": 1,
          "bits": [ 84, 85, 86, 87, 88, 89, 90, 91, 92, 93, 94, 95, 96, 97, 98, 99, 100, 101, 102, 103, 104, 105, 106, 107, 108, 109, 110, 111, 112, 113, 114, 115 ],
          "attributes": {
            "src": "designs/61/top.sv:29.70-29.193"
          }
        },
        "$sub$designs/61/top.sv:37$44_Y": {
          "hide_name": 1,
          "bits": [ 405, 406, 407, 408, 409, 410, 411, 412, 413, 414, 415, 416, 417, 417, 417, 417, 417, 417, 417, 417, 417, 417, 417, 417 ],
          "attributes": {
            "src": "designs/61/top.sv:37.42-37.57"
          }
        },
        "$sub$designs/61/top.sv:38$46_Y": {
          "hide_name": 1,
          "bits": [ 201, 202, 203, 204, 205, 206, 207, 208, 209, 210, 211, 212, 213, 214, 215, 216, 217, 218, 219, 220, 221, 222, 223, 224, 225, 226, 227, 228, 229, 230, 231, 232 ],
          "attributes": {
            "src": "designs/61/top.sv:38.58-38.85"
          }
        },
        "$sub$designs/61/top.sv:48$80_Y": {
          "hide_name": 1,
          "bits": [ 268, 269, 270, 271, 272, 273, 274, 275, 276, 277, 278, 279, 280, 281, 829, 830, 831, 832, 833, 834, 835, 836, 837, 838, 839, 840, 841, 842, 843, 844, 845, 846 ],
          "attributes": {
            "src": "designs/61/top.sv:48.57-48.87",
            "unused_bits": "14 15 16 17 18 19 20 21 22 23 24 25 26 27 28 29 30 31"
          }
        },
        "$xor$designs/61/top.sv:27$3_Y": {
          "hide_name": 1,
          "bits": [ 647, 648, 649, 650, 651, 652 ],
          "attributes": {
            "src": "designs/61/top.sv:27.51-27.104"
          }
        },
        "$xor$designs/61/top.sv:29$19_Y": {
          "hide_name": 1,
          "bits": [ 720, 721, 722, 847, 848, 849, 850, 851, 852, 853, 854, 855, 856, 857, 858, 859, 860, 861, 862, 863, 864, 865, 866, 867, 868, 869, 870, 871, 872, 873, 874, 875 ],
          "attributes": {
            "src": "designs/61/top.sv:29.41-29.240",
            "unused_bits": "3 4 5 6 7 8 9 10 11 12 13 14 15 16 17 18 19 20 21 22 23 24 25 26 27 28 29 30 31"
          }
        },
        "expr_228117": {
          "hide_name": 0,
          "bits": [ 633, 634, 635, 636, 637, 638, 639, 640, 641, 642, 643, 644, 645, 646, "x", "x", "x", "x", "x", "x", "x", "x", "x", "x", "x", "x", "x", "x", "x", "x", "x", "x", "x", "x", "x" ],
          "attributes": {
            "src": "designs/61/top.sv:39.18-39.29"
          }
        },
        "input_data": {
          "hide_name": 0,
          "bits": [ 2, 3, 4, 5, 6, 7, 8, 9, 10, 11, 12, 13 ],
          "attributes": {
            "src": "designs/61/top.sv:2.18-2.28"
          }
        },
        "output_data": {
          "hide_name": 0,
          "bits": [ 14, 15, 16, 17, 18, 19, 20, 21, 22, 23, 24, 25, 26, 27 ],
          "attributes": {
            "src": "designs/61/top.sv:3.19-3.30"
          }
        },
        "temp_0": {
          "hide_name": 0,
          "bits": [ 28, 29, 30, 31, 32, 33 ],
          "attributes": {
            "src": "designs/61/top.sv:6.17-6.23"
          }
        },
        "temp_1": {
          "hide_name": 0,
          "bits": [ 40, 41, 42, 43, 44, 45, 46, 47, 48, 49, 50, 51, 52, 53, 54, 55, 56, 57, 58, 59, 60, 61, 62, 63, 64, 65, 66, 67, 68, 69, 70, 71 ],
          "attributes": {
            "src": "designs/61/top.sv:7.18-7.24"
          }
        },
        "temp_10": {
          "hide_name": 0,
          "bits": [ 588, 589, 590, 591, 592, 593, 594, 595, 596, 597, 598, 599, 600, "x", "x", "x", "x", "x" ],
          "attributes": {
            "src": "designs/61/top.sv:16.18-16.25"
          }
        },
        "temp_11": {
          "hide_name": 0,
          "bits": [ 282, 283, 284, 285, 286, 287, 288, 289, 290, 291, 292, 293, 294, 295, 418, 419, 420, 421, 422, 423, 424, 425, 426, 427, 64, 65, 66, 67, 68, 69, 70, 71 ],
          "attributes": {
            "src": "designs/61/top.sv:17.18-17.25"
          }
        },
        "temp_12": {
          "hide_name": 0,
          "bits": [ 461, 708, 709, 710, 711, 712, 713, 714, 715, 716, 717, 718, 719 ],
          "attributes": {
            "src": "designs/61/top.sv:18.18-18.25",
            "unused_bits": "1 2 3 4 5 6 7 8 9 10 11 12"
          }
        },
        "temp_2": {
          "hide_name": 0,
          "bits": [ 175, 149, 150, 151, 152, 153, 154, 155, 156, 157, 176, 177, 178, 179, 180, 181, 182 ],
          "attributes": {
            "src": "designs/61/top.sv:8.18-8.24"
          }
        },
        "temp_3": {
          "hide_name": 0,
          "bits": [ 233, 234, 235 ],
          "attributes": {
            "src": "designs/61/top.sv:9.17-9.23"
          }
        },
        "temp_4": {
          "hide_name": 0,
          "bits": [ 366 ],
          "attributes": {
            "single_bit_vector": "00000000000000000000000000000001",
            "src": "designs/61/top.sv:10.17-10.23"
          }
        },
        "temp_5": {
          "hide_name": 0,
          "bits": [ 371, "0", "0", "0", "0", "0", "0", "0", "0", "0" ],
          "attributes": {
            "src": "designs/61/top.sv:11.17-11.23"
          }
        },
        "temp_6": {
          "hide_name": 0,
          "bits": [ 436, 437, 438, 439, 440, 441, 442, 443, 444, 445, 446, 447, 614, 615, 616, 617, 618, 619, 620, 621, 622, 623, 624, 625, 626, 627, 628, 629, 630, 631, 632 ],
          "attributes": {
            "src": "designs/61/top.sv:12.18-12.24",
            "unused_bits": "12 13 14 15 16 17 18 19 20 21 22 23 24 25 26 27 28 29 30"
          }
        },
        "temp_7": {
          "hide_name": 0,
          "bits": [ 169, 170, 171, 172, 173, 174, "0", "0", "0", "0", "0", "0", "0", "0", "0", "0", "0", "0", "0", "0", "0", "0", "0", "0" ],
          "attributes": {
            "src": "designs/61/top.sv:13.18-13.24"
          }
        },
        "temp_9": {
          "hide_name": 0,
          "bits": [ 586, 587 ],
          "attributes": {
            "src": "designs/61/top.sv:15.17-15.23"
          }
        }
      }
    }
  }
}
