{
  "creator": "Yosys 0.60 (git sha1 5bafeb77dc71e054fa331ab9efa613e6fb0a1c49, clang++ 17.0.0 -fPIC -O3)",
  "modules": {
    "top": {
      "attributes": {
        "top": "00000000000000000000000000000001",
        "src": "designs/44/top.sv:1.1-38.10"
      },
      "ports": {
        "input_data": {
          "direction": "input",
          "bits": [ 2, 3, 4, 5, 6, 7, 8, 9, 10, 11 ]
        },
        "output_data": {
          "direction": "output",
          "bits": [ 12, 13, 14, 15, 16, 17, 18, 19, 20, 21, 22, 23, 24, 25, 26, 27, 28, 29, 30, 31 ]
        }
      },
      "cells": {
        "$add$designs/44/top.sv:19$1": {
          "hide_name": 1,
          "type": "$add",
          "parameters": {
            "A_SIGNED": "00000000000000000000000000000000",
            "A_WIDTH": "00000000000000000000000000001010",
            "B_SIGNED": "00000000000000000000000000000000",
            "B_WIDTH": "00000000000000000000000000001010",
            "Y_WIDTH": "00000000000000000000000000001010"
          },
          "attributes": {
            "src": "designs/44/top.sv:19.70-19.93"
          },
          "port_directions": {
            "A": "input",
            "B": "input",
            "Y": "output"
          },
          "connections": {
            "A": [ 2, 3, 4, 5, 6, 7, 8, 9, 10, 11 ],
            "B": [ 2, 3, 4, 5, 6, 7, 8, 9, 10, 11 ],
            "Y": [ 32, 33, 34, 35, 36, 37, 38, 39, 40, 41 ]
          }
        },
        "$add$designs/44/top.sv:19$11": {
          "hide_name": 1,
          "type": "$add",
          "parameters": {
            "A_SIGNED": "00000000000000000000000000000000",
            "A_WIDTH": "00000000000000000000000000001010",
            "B_SIGNED": "00000000000000000000000000000000",
            "B_WIDTH": "00000000000000000000000000011000",
            "Y_WIDTH": "00000000000000000000000000011000"
          },
          "attributes": {
            "src": "designs/44/top.sv:19.22-19.191"
          },
          "port_directions": {
            "A": "input",
            "B": "input",
            "Y": "output"
          },
          "connections": {
            "A": [ 42, 43, 44, 45, 46, 47, 48, 49, 50, 51 ],
            "B": [ 52, 53, 54, 55, 56, 57, 58, 59, 60, 61, "1", "1", "1", "1", "1", "1", "1", "1", "1", "1", "1", "1", "1", "1" ],
            "Y": [ 62, 63, 64, 65, 66, 67, 68, 69, 70, 71, 72, 73, 74, 75, 76, 77, 78, 79, 80, 81, 82, 83, 84, 85 ]
          }
        },
        "$add$designs/44/top.sv:19$4": {
          "hide_name": 1,
          "type": "$add",
          "parameters": {
            "A_SIGNED": "00000000000000000000000000000000",
            "A_WIDTH": "00000000000000000000000000001010",
            "B_SIGNED": "00000000000000000000000000000000",
            "B_WIDTH": "00000000000000000000000000001010",
            "Y_WIDTH": "00000000000000000000000000001010"
          },
          "attributes": {
            "src": "designs/44/top.sv:19.52-19.126"
          },
          "port_directions": {
            "A": "input",
            "B": "input",
            "Y": "output"
          },
          "connections": {
            "A": [ 86, 87, 88, 89, 90, 91, 92, 93, 94, 95 ],
            "B": [ 52, 53, 54, 55, 56, 57, 58, 59, 60, 61 ],
            "Y": [ 96, 97, 98, 99, 100, 101, 102, 103, 104, 105 ]
          }
        },
        "$add$designs/44/top.sv:19$7": {
          "hide_name": 1,
          "type": "$add",
          "parameters": {
            "A_SIGNED": "00000000000000000000000000000000",
            "A_WIDTH": "00000000000000000000000000001010",
            "B_SIGNED": "00000000000000000000000000000000",
            "B_WIDTH": "00000000000000000000000000001010",
            "Y_WIDTH": "00000000000000000000000000001010"
          },
          "attributes": {
            "src": "designs/44/top.sv:19.42-19.158"
          },
          "port_directions": {
            "A": "input",
            "B": "input",
            "Y": "output"
          },
          "connections": {
            "A": [ 106, 107, 108, 109, 110, 111, 112, 113, 114, 115 ],
            "B": [ 52, 53, 54, 55, 56, 57, 58, 59, 60, 61 ],
            "Y": [ 116, 117, 118, 119, 120, 121, 122, 123, 124, 125 ]
          }
        },
        "$add$designs/44/top.sv:21$15": {
          "hide_name": 1,
          "type": "$add",
          "parameters": {
            "A_SIGNED": "00000000000000000000000000000001",
            "A_WIDTH": "00000000000000000000000000000010",
            "B_SIGNED": "00000000000000000000000000000001",
            "B_WIDTH": "00000000000000000000000000000010",
            "Y_WIDTH": "00000000000000000000000000000011"
          },
          "attributes": {
            "src": "designs/44/top.sv:21.31-21.73"
          },
          "port_directions": {
            "A": "input",
            "B": "input",
            "Y": "output"
          },
          "connections": {
            "A": [ 126, 127 ],
            "B": [ 128, "0" ],
            "Y": [ 129, 130, 131 ]
          }
        },
        "$add$designs/44/top.sv:23$20": {
          "hide_name": 1,
          "type": "$add",
          "parameters": {
            "A_SIGNED": "00000000000000000000000000000000",
            "A_WIDTH": "00000000000000000000000000001100",
            "B_SIGNED": "00000000000000000000000000000000",
            "B_WIDTH": "00000000000000000000000000001010",
            "Y_WIDTH": "00000000000000000000000000001100"
          },
          "attributes": {
            "src": "designs/44/top.sv:23.35-23.123"
          },
          "port_directions": {
            "A": "input",
            "B": "input",
            "Y": "output"
          },
          "connections": {
            "A": [ 132, 133, 134, 135, 136, 137, 138, 139, 140, 141, 142, 143 ],
            "B": [ 2, 3, 4, 5, 6, 7, 8, 9, 10, 11 ],
            "Y": [ 144, 145, 146, 147, 148, 149, 150, 151, 152, 153, 154, 155 ]
          }
        },
        "$add$designs/44/top.sv:29$31": {
          "hide_name": 1,
          "type": "$add",
          "parameters": {
            "A_SIGNED": "00000000000000000000000000000000",
            "A_WIDTH": "00000000000000000000000000001000",
            "B_SIGNED": "00000000000000000000000000000000",
            "B_WIDTH": "00000000000000000000000000000110",
            "Y_WIDTH": "00000000000000000000000000001000"
          },
          "attributes": {
            "src": "designs/44/top.sv:29.53-29.81"
          },
          "port_directions": {
            "A": "input",
            "B": "input",
            "Y": "output"
          },
          "connections": {
            "A": [ 2, 3, 4, 5, 6, 7, 8, 9 ],
            "B": [ "1", 156, "1", 157, "1", "1" ],
            "Y": [ 158, 159, 160, 161, 162, 163, 164, 165 ]
          }
        },
        "$add$designs/44/top.sv:29$37": {
          "hide_name": 1,
          "type": "$add",
          "parameters": {
            "A_SIGNED": "00000000000000000000000000000000",
            "A_WIDTH": "00000000000000000000000000000111",
            "B_SIGNED": "00000000000000000000000000000000",
            "B_WIDTH": "00000000000000000000000000001000",
            "Y_WIDTH": "00000000000000000000000000001000"
          },
          "attributes": {
            "src": "designs/44/top.sv:29.159-29.199"
          },
          "port_directions": {
            "A": "input",
            "B": "input",
            "Y": "output"
          },
          "connections": {
            "A": [ "1", 166, "1", 167, "1", "1", 168 ],
            "B": [ 169, 170, 171, 172, 172, 172, 172, 172 ],
            "Y": [ 173, 174, 175, 176, 177, 178, 179, 180 ]
          }
        },
        "$add$designs/44/top.sv:31$42": {
          "hide_name": 1,
          "type": "$add",
          "parameters": {
            "A_SIGNED": "00000000000000000000000000000000",
            "A_WIDTH": "00000000000000000000000000000011",
            "B_SIGNED": "00000000000000000000000000000000",
            "B_WIDTH": "00000000000000000000000000001100",
            "Y_WIDTH": "00000000000000000000000000001101"
          },
          "attributes": {
            "src": "designs/44/top.sv:31.24-31.39"
          },
          "port_directions": {
            "A": "input",
            "B": "input",
            "Y": "output"
          },
          "connections": {
            "A": [ 181, 182, 183 ],
            "B": [ 184, 185, 186, 187, 188, 189, 168, 190, 191, 192, 193, 194 ],
            "Y": [ 195, 196, 197, 198, 199, 200, 201, 202, 203, 204, 205, 206, 207 ]
          }
        },
        "$auto$opt_expr.cc:276:group_cell_inputs$101": {
          "hide_name": 1,
          "type": "$xor",
          "parameters": {
            "A_SIGNED": "00000000000000000000000000000000",
            "A_WIDTH": "00000000000000000000000000000001",
            "B_SIGNED": "00000000000000000000000000000000",
            "B_WIDTH": "00000000000000000000000000000001",
            "Y_WIDTH": "00000000000000000000000000000001"
          },
          "attributes": {
          },
          "port_directions": {
            "A": "input",
            "B": "input",
            "Y": "output"
          },
          "connections": {
            "A": [ 208 ],
            "B": [ 181 ],
            "Y": [ 209 ]
          }
        },
        "$auto$opt_expr.cc:276:group_cell_inputs$104": {
          "hide_name": 1,
          "type": "$or",
          "parameters": {
            "A_SIGNED": "00000000000000000000000000000000",
            "A_WIDTH": "00000000000000000000000000000100",
            "B_SIGNED": "00000000000000000000000000000000",
            "B_WIDTH": "00000000000000000000000000000100",
            "Y_WIDTH": "00000000000000000000000000000100"
          },
          "attributes": {
          },
          "port_directions": {
            "A": "input",
            "B": "input",
            "Y": "output"
          },
          "connections": {
            "A": [ 209, 182, 183, 172 ],
            "B": [ 169, 170, 171, 172 ],
            "Y": [ 210, 211, 212, 213 ]
          }
        },
        "$auto$opt_expr.cc:276:group_cell_inputs$58": {
          "hide_name": 1,
          "type": "$not",
          "parameters": {
            "A_SIGNED": "00000000000000000000000000000000",
            "A_WIDTH": "00000000000000000000000000001010",
            "Y_WIDTH": "00000000000000000000000000001010"
          },
          "attributes": {
          },
          "port_directions": {
            "A": "input",
            "Y": "output"
          },
          "connections": {
            "A": [ 2, 3, 4, 5, 6, 7, 8, 9, 10, 11 ],
            "Y": [ 52, 53, 54, 55, 56, 57, 58, 59, 60, 61 ]
          }
        },
        "$auto$opt_expr.cc:276:group_cell_inputs$62": {
          "hide_name": 1,
          "type": "$xor",
          "parameters": {
            "A_SIGNED": "00000000000000000000000000000000",
            "A_WIDTH": "00000000000000000000000000000011",
            "B_SIGNED": "00000000000000000000000000000000",
            "B_WIDTH": "00000000000000000000000000000011",
            "Y_WIDTH": "00000000000000000000000000000011"
          },
          "attributes": {
          },
          "port_directions": {
            "A": "input",
            "B": "input",
            "Y": "output"
          },
          "connections": {
            "A": [ 184, 185, 186 ],
            "B": [ 181, 182, 183 ],
            "Y": [ 169, 170, 171 ]
          }
        },
        "$auto$opt_expr.cc:276:group_cell_inputs$67": {
          "hide_name": 1,
          "type": "$and",
          "parameters": {
            "A_SIGNED": "00000000000000000000000000000000",
            "A_WIDTH": "00000000000000000000000000000001",
            "B_SIGNED": "00000000000000000000000000000000",
            "B_WIDTH": "00000000000000000000000000000001",
            "Y_WIDTH": "00000000000000000000000000000001"
          },
          "attributes": {
          },
          "port_directions": {
            "A": "input",
            "B": "input",
            "Y": "output"
          },
          "connections": {
            "A": [ 158 ],
            "B": [ 128 ],
            "Y": [ 214 ]
          }
        },
        "$auto$opt_expr.cc:276:group_cell_inputs$71": {
          "hide_name": 1,
          "type": "$or",
          "parameters": {
            "A_SIGNED": "00000000000000000000000000000000",
            "A_WIDTH": "00000000000000000000000000000010",
            "B_SIGNED": "00000000000000000000000000000000",
            "B_WIDTH": "00000000000000000000000000000010",
            "Y_WIDTH": "00000000000000000000000000000010"
          },
          "attributes": {
          },
          "port_directions": {
            "A": "input",
            "B": "input",
            "Y": "output"
          },
          "connections": {
            "A": [ 156, 157 ],
            "B": [ 185, 187 ],
            "Y": [ 166, 167 ]
          }
        },
        "$auto$opt_expr.cc:276:group_cell_inputs$76": {
          "hide_name": 1,
          "type": "$and",
          "parameters": {
            "A_SIGNED": "00000000000000000000000000000000",
            "A_WIDTH": "00000000000000000000000000000001",
            "B_SIGNED": "00000000000000000000000000000000",
            "B_WIDTH": "00000000000000000000000000000001",
            "Y_WIDTH": "00000000000000000000000000000001"
          },
          "attributes": {
          },
          "port_directions": {
            "A": "input",
            "B": "input",
            "Y": "output"
          },
          "connections": {
            "A": [ 215 ],
            "B": [ 128 ],
            "Y": [ 216 ]
          }
        },
        "$auto$opt_expr.cc:276:group_cell_inputs$80": {
          "hide_name": 1,
          "type": "$not",
          "parameters": {
            "A_SIGNED": "00000000000000000000000000000000",
            "A_WIDTH": "00000000000000000000000000001100",
            "Y_WIDTH": "00000000000000000000000000001100"
          },
          "attributes": {
          },
          "port_directions": {
            "A": "input",
            "Y": "output"
          },
          "connections": {
            "A": [ 184, 185, 186, 187, 188, 189, 168, 190, 191, 192, 193, 194 ],
            "Y": [ 217, 218, 219, 220, 221, 222, 223, 224, 225, 226, 227, 228 ]
          }
        },
        "$auto$opt_expr.cc:276:group_cell_inputs$88": {
          "hide_name": 1,
          "type": "$or",
          "parameters": {
            "A_SIGNED": "00000000000000000000000000000000",
            "A_WIDTH": "00000000000000000000000000000010",
            "B_SIGNED": "00000000000000000000000000000000",
            "B_WIDTH": "00000000000000000000000000000010",
            "Y_WIDTH": "00000000000000000000000000000010"
          },
          "attributes": {
          },
          "port_directions": {
            "A": "input",
            "B": "input",
            "Y": "output"
          },
          "connections": {
            "A": [ 181, 182 ],
            "B": [ 172, 172 ],
            "Y": [ 229, 230 ]
          }
        },
        "$auto$opt_expr.cc:276:group_cell_inputs$91": {
          "hide_name": 1,
          "type": "$xor",
          "parameters": {
            "A_SIGNED": "00000000000000000000000000000000",
            "A_WIDTH": "00000000000000000000000000000011",
            "B_SIGNED": "00000000000000000000000000000000",
            "B_WIDTH": "00000000000000000000000000000011",
            "Y_WIDTH": "00000000000000000000000000000011"
          },
          "attributes": {
          },
          "port_directions": {
            "A": "input",
            "B": "input",
            "Y": "output"
          },
          "connections": {
            "A": [ 229, 230, 183 ],
            "B": [ 231, 232, 233 ],
            "Y": [ 234, 235, 236 ]
          }
        },
        "$auto$opt_expr.cc:276:group_cell_inputs$94": {
          "hide_name": 1,
          "type": "$and",
          "parameters": {
            "A_SIGNED": "00000000000000000000000000000000",
            "A_WIDTH": "00000000000000000000000000001100",
            "B_SIGNED": "00000000000000000000000000000000",
            "B_WIDTH": "00000000000000000000000000001100",
            "Y_WIDTH": "00000000000000000000000000001100"
          },
          "attributes": {
          },
          "port_directions": {
            "A": "input",
            "B": "input",
            "Y": "output"
          },
          "connections": {
            "A": [ 195, 196, 197, 198, 199, 200, 201, 202, 203, 204, 205, 206 ],
            "B": [ 217, 218, 219, 220, 221, 222, 223, 224, 225, 226, 227, 228 ],
            "Y": [ 231, 232, 233, 237, 238, 239, 240, 241, 242, 243, 244, 245 ]
          }
        },
        "$auto$opt_expr.cc:276:group_cell_inputs$97": {
          "hide_name": 1,
          "type": "$and",
          "parameters": {
            "A_SIGNED": "00000000000000000000000000000000",
            "A_WIDTH": "00000000000000000000000000000001",
            "B_SIGNED": "00000000000000000000000000000000",
            "B_WIDTH": "00000000000000000000000000000001",
            "Y_WIDTH": "00000000000000000000000000000001"
          },
          "attributes": {
          },
          "port_directions": {
            "A": "input",
            "B": "input",
            "Y": "output"
          },
          "connections": {
            "A": [ 214 ],
            "B": [ 184 ],
            "Y": [ 208 ]
          }
        },
        "$ge$designs/44/top.sv:20$13": {
          "hide_name": 1,
          "type": "$ge",
          "parameters": {
            "A_SIGNED": "00000000000000000000000000000000",
            "A_WIDTH": "00000000000000000000000000000001",
            "B_SIGNED": "00000000000000000000000000000000",
            "B_WIDTH": "00000000000000000000000000011000",
            "Y_WIDTH": "00000000000000000000000000000001"
          },
          "attributes": {
            "src": "designs/44/top.sv:20.32-20.75"
          },
          "port_directions": {
            "A": "input",
            "B": "input",
            "Y": "output"
          },
          "connections": {
            "A": [ 246 ],
            "B": [ 62, 63, 64, 65, 66, 67, 68, 69, 70, 71, 72, 73, 74, 75, 76, 77, 78, 79, 80, 81, 82, 83, 84, 85 ],
            "Y": [ 128 ]
          }
        },
        "$mul$designs/44/top.sv:23$19": {
          "hide_name": 1,
          "type": "$mul",
          "parameters": {
            "A_SIGNED": "00000000000000000000000000000000",
            "A_WIDTH": "00000000000000000000000000011000",
            "B_SIGNED": "00000000000000000000000000000000",
            "B_WIDTH": "00000000000000000000000000001000",
            "Y_WIDTH": "00000000000000000000000000001100"
          },
          "attributes": {
            "src": "designs/44/top.sv:23.44-23.108"
          },
          "port_directions": {
            "A": "input",
            "B": "input",
            "Y": "output"
          },
          "connections": {
            "A": [ 247, 248, 249, 250, 251, 252, 253, 254, 255, 256, 257, 258, 259, 260, 261, 262, 263, 264, 265, 266, 267, 268, 269, 270 ],
            "B": [ 181, 182, 183, 172, 172, 172, 172, 172 ],
            "Y": [ 132, 133, 134, 135, 136, 137, 138, 139, 140, 141, 142, 143 ]
          }
        },
        "$mul$designs/44/top.sv:24$21": {
          "hide_name": 1,
          "type": "$mul",
          "parameters": {
            "A_SIGNED": "00000000000000000000000000000000",
            "A_WIDTH": "00000000000000000000000000011000",
            "B_SIGNED": "00000000000000000000000000000000",
            "B_WIDTH": "00000000000000000000000000000001",
            "Y_WIDTH": "00000000000000000000000000011000"
          },
          "attributes": {
            "src": "designs/44/top.sv:24.51-24.77"
          },
          "port_directions": {
            "A": "input",
            "B": "input",
            "Y": "output"
          },
          "connections": {
            "A": [ 62, 63, 64, 65, 66, 67, 68, 69, 70, 71, 72, 73, 74, 75, 76, 77, 78, 79, 80, 81, 82, 83, 84, 85 ],
            "B": [ 128 ],
            "Y": [ 271, 272, 273, 274, 275, 276, 277, 278, 279, 280, 281, 282, 283, 284, 285, 286, 287, 288, 289, 290, 291, 292, 293, 294 ]
          }
        },
        "$mul$designs/44/top.sv:24$22": {
          "hide_name": 1,
          "type": "$mul",
          "parameters": {
            "A_SIGNED": "00000000000000000000000000000000",
            "A_WIDTH": "00000000000000000000000000011000",
            "B_SIGNED": "00000000000000000000000000000000",
            "B_WIDTH": "00000000000000000000000000011000",
            "Y_WIDTH": "00000000000000000000000000001100"
          },
          "attributes": {
            "src": "designs/44/top.sv:24.40-24.88"
          },
          "port_directions": {
            "A": "input",
            "B": "input",
            "Y": "output"
          },
          "connections": {
            "A": [ 271, 272, 273, 274, 275, 276, 277, 278, 279, 280, 281, 282, 283, 284, 285, 286, 287, 288, 289, 290, 291, 292, 293, 294 ],
            "B": [ 62, 63, 64, 65, 66, 67, 68, 69, 70, 71, 72, 73, 74, 75, 76, 77, 78, 79, 80, 81, 82, 83, 84, 85 ],
            "Y": [ 295, 296, 297, 298, 299, 300, 301, 302, 303, 304, 305, 306 ]
          }
        },
        "$mul$designs/44/top.sv:36$50": {
          "hide_name": 1,
          "type": "$mul",
          "parameters": {
            "A_SIGNED": "00000000000000000000000000000000",
            "A_WIDTH": "00000000000000000000000000011001",
            "B_SIGNED": "00000000000000000000000000000000",
            "B_WIDTH": "00000000000000000000000000001000",
            "Y_WIDTH": "00000000000000000000000000010100"
          },
          "attributes": {
            "src": "designs/44/top.sv:36.27-36.93"
          },
          "port_directions": {
            "A": "input",
            "B": "input",
            "Y": "output"
          },
          "connections": {
            "A": [ 234, 235, 236, 237, 238, 239, 240, 241, 242, 243, 244, 245, 207, "0", "0", "0", "0", "0", "0", "0", "0", "0", "0", "0", "0" ],
            "B": [ 307, 308, 309, 310, 310, 310, 310, 310 ],
            "Y": [ 12, 13, 14, 15, 16, 17, 18, 19, 20, 21, 22, 23, 24, 25, 26, 27, 28, 29, 30, 31 ]
          }
        },
        "$ne$designs/44/top.sv:20$12": {
          "hide_name": 1,
          "type": "$ne",
          "parameters": {
            "A_SIGNED": "00000000000000000000000000000000",
            "A_WIDTH": "00000000000000000000000000001010",
            "B_SIGNED": "00000000000000000000000000000000",
            "B_WIDTH": "00000000000000000000000000011000",
            "Y_WIDTH": "00000000000000000000000000000001"
          },
          "attributes": {
            "src": "designs/44/top.sv:20.43-20.63"
          },
          "port_directions": {
            "A": "input",
            "B": "input",
            "Y": "output"
          },
          "connections": {
            "A": [ 2, 3, 4, 5, 6, 7, 8, 9, 10, 11 ],
            "B": [ 62, 63, 64, 65, 66, 67, 68, 69, 70, 71, 72, 73, 74, 75, 76, 77, 78, 79, 80, 81, 82, 83, 84, 85 ],
            "Y": [ 246 ]
          }
        },
        "$or$designs/44/top.sv:19$8": {
          "hide_name": 1,
          "type": "$or",
          "parameters": {
            "A_SIGNED": "00000000000000000000000000000000",
            "A_WIDTH": "00000000000000000000000000001010",
            "B_SIGNED": "00000000000000000000000000000000",
            "B_WIDTH": "00000000000000000000000000001010",
            "Y_WIDTH": "00000000000000000000000000001010"
          },
          "attributes": {
            "src": "designs/44/top.sv:19.31-19.173"
          },
          "port_directions": {
            "A": "input",
            "B": "input",
            "Y": "output"
          },
          "connections": {
            "A": [ 116, 117, 118, 119, 120, 121, 122, 123, 124, 125 ],
            "B": [ 2, 3, 4, 5, 6, 7, 8, 9, 10, 11 ],
            "Y": [ 42, 43, 44, 45, 46, 47, 48, 49, 50, 51 ]
          }
        },
        "$or$designs/44/top.sv:29$39": {
          "hide_name": 1,
          "type": "$or",
          "parameters": {
            "A_SIGNED": "00000000000000000000000000000000",
            "A_WIDTH": "00000000000000000000000000001000",
            "B_SIGNED": "00000000000000000000000000000000",
            "B_WIDTH": "00000000000000000000000000001000",
            "Y_WIDTH": "00000000000000000000000000001000"
          },
          "attributes": {
            "src": "designs/44/top.sv:29.139-29.226"
          },
          "port_directions": {
            "A": "input",
            "B": "input",
            "Y": "output"
          },
          "connections": {
            "A": [ 311, 312, 313, 314, 315, 316, 317, 318 ],
            "B": [ 182, 183, 172, 172, 172, 172, 172, 172 ],
            "Y": [ 215, 319, 320, 321, 322, 323, 324, 325 ]
          }
        },
        "$sub$designs/44/top.sv:21$14": {
          "hide_name": 1,
          "type": "$sub",
          "parameters": {
            "A_SIGNED": "00000000000000000000000000000000",
            "A_WIDTH": "00000000000000000000000000000001",
            "B_SIGNED": "00000000000000000000000000000000",
            "B_WIDTH": "00000000000000000000000000000001",
            "Y_WIDTH": "00000000000000000000000000000010"
          },
          "attributes": {
            "src": "designs/44/top.sv:21.42-21.62"
          },
          "port_directions": {
            "A": "input",
            "B": "input",
            "Y": "output"
          },
          "connections": {
            "A": [ 128 ],
            "B": [ 128 ],
            "Y": [ 126, 127 ]
          }
        },
        "$sub$designs/44/top.sv:21$16": {
          "hide_name": 1,
          "type": "$sub",
          "parameters": {
            "A_SIGNED": "00000000000000000000000000000001",
            "A_WIDTH": "00000000000000000000000000000011",
            "B_SIGNED": "00000000000000000000000000000001",
            "B_WIDTH": "00000000000000000000000000000010",
            "Y_WIDTH": "00000000000000000000000000000100"
          },
          "attributes": {
            "src": "designs/44/top.sv:21.22-21.84"
          },
          "port_directions": {
            "A": "input",
            "B": "input",
            "Y": "output"
          },
          "connections": {
            "A": [ 129, 130, 131 ],
            "B": [ 128, "0" ],
            "Y": [ 181, 182, 183, 172 ]
          }
        },
        "$sub$designs/44/top.sv:23$17": {
          "hide_name": 1,
          "type": "$sub",
          "parameters": {
            "A_SIGNED": "00000000000000000000000000000000",
            "A_WIDTH": "00000000000000000000000000011000",
            "B_SIGNED": "00000000000000000000000000000000",
            "B_WIDTH": "00000000000000000000000000001001",
            "Y_WIDTH": "00000000000000000000000000011000"
          },
          "attributes": {
            "src": "designs/44/top.sv:23.66-23.81"
          },
          "port_directions": {
            "A": "input",
            "B": "input",
            "Y": "output"
          },
          "connections": {
            "A": [ 62, 63, 64, 65, 66, 67, 68, 69, 70, 71, 72, 73, 74, 75, 76, 77, 78, 79, 80, 81, 82, 83, 84, 85 ],
            "B": [ 181, 182, 183, 172, 172, 172, 172, 172, 172 ],
            "Y": [ 326, 327, 328, 329, 330, 331, 332, 333, 334, 335, 336, 337, 338, 339, 340, 341, 342, 343, 344, 345, 346, 347, 348, 349 ]
          }
        },
        "$sub$designs/44/top.sv:23$18": {
          "hide_name": 1,
          "type": "$sub",
          "parameters": {
            "A_SIGNED": "00000000000000000000000000000000",
            "A_WIDTH": "00000000000000000000000000011000",
            "B_SIGNED": "00000000000000000000000000000000",
            "B_WIDTH": "00000000000000000000000000000001",
            "Y_WIDTH": "00000000000000000000000000011000"
          },
          "attributes": {
            "src": "designs/44/top.sv:23.55-23.92"
          },
          "port_directions": {
            "A": "input",
            "B": "input",
            "Y": "output"
          },
          "connections": {
            "A": [ 326, 327, 328, 329, 330, 331, 332, 333, 334, 335, 336, 337, 338, 339, 340, 341, 342, 343, 344, 345, 346, 347, 348, 349 ],
            "B": [ 128 ],
            "Y": [ 247, 248, 249, 250, 251, 252, 253, 254, 255, 256, 257, 258, 259, 260, 261, 262, 263, 264, 265, 266, 267, 268, 269, 270 ]
          }
        },
        "$sub$designs/44/top.sv:28$26": {
          "hide_name": 1,
          "type": "$sub",
          "parameters": {
            "A_SIGNED": "00000000000000000000000000000000",
            "A_WIDTH": "00000000000000000000000000000110",
            "B_SIGNED": "00000000000000000000000000000000",
            "B_WIDTH": "00000000000000000000000000000110",
            "Y_WIDTH": "00000000000000000000000000000110"
          },
          "attributes": {
            "src": "designs/44/top.sv:28.32-28.56"
          },
          "port_directions": {
            "A": "input",
            "B": "input",
            "Y": "output"
          },
          "connections": {
            "A": [ 2, 3, 4, 5, 6, 7 ],
            "B": [ 184, 185, 186, 187, 188, 189 ],
            "Y": [ 350, 156, 351, 157, 352, 353 ]
          }
        },
        "$sub$designs/44/top.sv:29$38": {
          "hide_name": 1,
          "type": "$sub",
          "parameters": {
            "A_SIGNED": "00000000000000000000000000000000",
            "A_WIDTH": "00000000000000000000000000001000",
            "B_SIGNED": "00000000000000000000000000000000",
            "B_WIDTH": "00000000000000000000000000001000",
            "Y_WIDTH": "00000000000000000000000000001000"
          },
          "attributes": {
            "src": "designs/44/top.sv:29.150-29.210"
          },
          "port_directions": {
            "A": "input",
            "B": "input",
            "Y": "output"
          },
          "connections": {
            "A": [ 173, 174, 175, 176, 177, 178, 179, 180 ],
            "B": [ 184, 185, 186, 187, 188, 189, 168, 190 ],
            "Y": [ 311, 312, 313, 314, 315, 316, 317, 318 ]
          }
        },
        "$ternary$designs/44/top.sv:24$24": {
          "hide_name": 1,
          "type": "$mux",
          "parameters": {
            "WIDTH": "00000000000000000000000000001100"
          },
          "attributes": {
            "src": "designs/44/top.sv:24.21-24.109"
          },
          "port_directions": {
            "A": "input",
            "B": "input",
            "S": "input",
            "Y": "output"
          },
          "connections": {
            "A": [ 144, 145, 146, 147, 148, 149, 150, 151, 152, 153, 154, 155 ],
            "B": [ 295, 296, 297, 298, 299, 300, 301, 302, 303, 304, 305, 306 ],
            "S": [ 6 ],
            "Y": [ 184, 185, 186, 187, 188, 189, 168, 190, 191, 192, 193, 194 ]
          }
        },
        "$ternary$designs/44/top.sv:29$41": {
          "hide_name": 1,
          "type": "$mux",
          "parameters": {
            "WIDTH": "00000000000000000000000000000100"
          },
          "attributes": {
            "src": "designs/44/top.sv:29.21-29.238"
          },
          "port_directions": {
            "A": "input",
            "B": "input",
            "S": "input",
            "Y": "output"
          },
          "connections": {
            "A": [ 216, "0", "0", "0" ],
            "B": [ 210, 211, 212, 213 ],
            "S": [ 184 ],
            "Y": [ 307, 308, 309, 310 ]
          }
        },
        "$xor$designs/44/top.sv:19$2": {
          "hide_name": 1,
          "type": "$xor",
          "parameters": {
            "A_SIGNED": "00000000000000000000000000000000",
            "A_WIDTH": "00000000000000000000000000001010",
            "B_SIGNED": "00000000000000000000000000000000",
            "B_WIDTH": "00000000000000000000000000001010",
            "Y_WIDTH": "00000000000000000000000000001010"
          },
          "attributes": {
            "src": "designs/44/top.sv:19.61-19.108"
          },
          "port_directions": {
            "A": "input",
            "B": "input",
            "Y": "output"
          },
          "connections": {
            "A": [ 32, 33, 34, 35, 36, 37, 38, 39, 40, 41 ],
            "B": [ 2, 3, 4, 5, 6, 7, 8, 9, 10, 11 ],
            "Y": [ 86, 87, 88, 89, 90, 91, 92, 93, 94, 95 ]
          }
        },
        "$xor$designs/44/top.sv:19$5": {
          "hide_name": 1,
          "type": "$xor",
          "parameters": {
            "A_SIGNED": "00000000000000000000000000000000",
            "A_WIDTH": "00000000000000000000000000001010",
            "B_SIGNED": "00000000000000000000000000000000",
            "B_WIDTH": "00000000000000000000000000001010",
            "Y_WIDTH": "00000000000000000000000000001010"
          },
          "attributes": {
            "src": "designs/44/top.sv:19.43-19.141"
          },
          "port_directions": {
            "A": "input",
            "B": "input",
            "Y": "output"
          },
          "connections": {
            "A": [ 96, 97, 98, 99, 100, 101, 102, 103, 104, 105 ],
            "B": [ 2, 3, 4, 5, 6, 7, 8, 9, 10, 11 ],
            "Y": [ 106, 107, 108, 109, 110, 111, 112, 113, 114, 115 ]
          }
        }
      },
      "netnames": {
        "$add$designs/44/top.sv:19$1_Y": {
          "hide_name": 1,
          "bits": [ 32, 33, 34, 35, 36, 37, 38, 39, 40, 41 ],
          "attributes": {
            "src": "designs/44/top.sv:19.70-19.93"
          }
        },
        "$add$designs/44/top.sv:19$4_Y": {
          "hide_name": 1,
          "bits": [ 96, 97, 98, 99, 100, 101, 102, 103, 104, 105 ],
          "attributes": {
            "src": "designs/44/top.sv:19.52-19.126"
          }
        },
        "$add$designs/44/top.sv:19$7_Y": {
          "hide_name": 1,
          "bits": [ 116, 117, 118, 119, 120, 121, 122, 123, 124, 125 ],
          "attributes": {
            "src": "designs/44/top.sv:19.42-19.158"
          }
        },
        "$add$designs/44/top.sv:21$15_Y": {
          "hide_name": 1,
          "bits": [ 129, 130, 131, 131, 131, 131, 131, 131, 131, 131, 131, 131, 131, 131, 131, 131, 131, 131 ],
          "attributes": {
            "src": "designs/44/top.sv:21.31-21.73"
          }
        },
        "$add$designs/44/top.sv:29$31_Y": {
          "hide_name": 1,
          "bits": [ 158, 159, 160, 161, 162, 163, 164, 165, 354, 355, 356, "0", "0", "0", "0", "0", "0", "0" ],
          "attributes": {
            "src": "designs/44/top.sv:29.53-29.81",
            "unused_bits": "1 2 3 4 5 6 7 8 9 10"
          }
        },
        "$add$designs/44/top.sv:29$37_Y": {
          "hide_name": 1,
          "bits": [ 173, 174, 175, 176, 177, 178, 179, 180, 357, 358, "0", "0", "0", "0", "0", "0", "0", "0", "0", "0", "0", "0", "0", "0", "0", "0", "0", "0", "0", "0" ],
          "attributes": {
            "src": "designs/44/top.sv:29.159-29.199",
            "unused_bits": "8 9"
          }
        },
        "$add$designs/44/top.sv:31$42_Y": {
          "hide_name": 1,
          "bits": [ 195, 196, 197, 198, 199, 200 ],
          "attributes": {
          }
        },
        "$and$designs/44/top.sv:28$29_Y": {
          "hide_name": 1,
          "bits": [ 350, 156, 351, 157, 352, 353, 359, 360, 361, 362, 363, 364, 365, 366, 367, 368, 369, 370, 371, 372, 373, 374 ],
          "attributes": {
            "src": "designs/44/top.sv:28.31-28.76",
            "unused_bits": "0 2 4 5 6 7 8 9 10 11 12 13 14 15 16 17 18 19 20 21"
          }
        },
        "$and$designs/44/top.sv:29$32_Y": {
          "hide_name": 1,
          "bits": [ 214, "0", "0", "0", "0", "0", "0", "0", 375, 376, 377, "0", "0", "0", "0", "0", "0", "0" ],
          "attributes": {
            "src": "designs/44/top.sv:29.52-29.91",
            "unused_bits": "8 9 10"
          }
        },
        "$and$designs/44/top.sv:29$33_Y": {
          "hide_name": 1,
          "bits": [ 208, "0", "0", "0", "0", "0", "0", "0", 378, 379, 380, 381, "0", "0", "0", "0", "0", "0", "0", "0", "0", "0" ],
          "attributes": {
            "src": "designs/44/top.sv:29.41-29.102",
            "unused_bits": "8 9 10 11"
          }
        },
        "$and$designs/44/top.sv:29$40_Y": {
          "hide_name": 1,
          "bits": [ 216, "0", "0", "0", "0", "0", "0", "0", 382, 383, 384, 385, 386, 387, 388, 389, 390, 391, 392, 393, 394, 395, 396, 397, 398, 399, 400, 401, 402, 403 ],
          "attributes": {
            "src": "designs/44/top.sv:29.128-29.237",
            "unused_bits": "8 9 10 11 12 13 14 15 16 17 18 19 20 21 22 23 24 25 26 27 28 29"
          }
        },
        "$auto$opt_expr.cc:205:group_cell_inputs$100": {
          "hide_name": 1,
          "bits": [ 209 ],
          "attributes": {
          }
        },
        "$auto$opt_expr.cc:205:group_cell_inputs$103": {
          "hide_name": 1,
          "bits": [ 210, 211, 212, 213 ],
          "attributes": {
          }
        },
        "$auto$opt_expr.cc:205:group_cell_inputs$57": {
          "hide_name": 1,
          "bits": [ 52, 53, 54, 55, 56, 57, 58, 59, 60, 61 ],
          "attributes": {
          }
        },
        "$auto$opt_expr.cc:205:group_cell_inputs$70": {
          "hide_name": 1,
          "bits": [ 166, 167 ],
          "attributes": {
          }
        },
        "$auto$opt_expr.cc:205:group_cell_inputs$79": {
          "hide_name": 1,
          "bits": [ 217, 218, 219, 220, 221, 222, 223, 224, 225, 226, 227, 228 ],
          "attributes": {
          }
        },
        "$auto$opt_expr.cc:205:group_cell_inputs$87": {
          "hide_name": 1,
          "bits": [ 229, 230 ],
          "attributes": {
          }
        },
        "$auto$opt_expr.cc:205:group_cell_inputs$90": {
          "hide_name": 1,
          "bits": [ 234, 235, 236 ],
          "attributes": {
          }
        },
        "$auto$wreduce.cc:514:run$52": {
          "hide_name": 1,
          "bits": [ 195, 196, 197, 198, 199, 200, 201, 202, 203, 204, 205, 206, 207, "0", "0", "0", "0", "0", "0", "0", "0", "0", "0", "0", "0" ],
          "attributes": {
            "src": "designs/44/top.sv:31.24-31.39"
          }
        },
        "$auto$wreduce.cc:514:run$55": {
          "hide_name": 1,
          "bits": [ 271, 272, 273, 274, 275, 276, 277, 278, 279, 280, 281, 282, 283, 284, 285, 286, 287, 288, 289, 290, 291, 292, 293, 294 ],
          "attributes": {
            "src": "designs/44/top.sv:24.51-24.77"
          }
        },
        "$mul$designs/44/top.sv:23$19_Y": {
          "hide_name": 1,
          "bits": [ 132, 133, 134, 135, 136, 137, 138, 139, 140, 141, 142, 143, 404, 405, 406, 407, 408, 409, 410, 411, 412, 413, 414, 415 ],
          "attributes": {
            "src": "designs/44/top.sv:23.44-23.108",
            "unused_bits": "12 13 14 15 16 17 18 19 20 21 22 23"
          }
        },
        "$mul$designs/44/top.sv:24$22_Y": {
          "hide_name": 1,
          "bits": [ 295, 296, 297, 298, 299, 300, 301, 302, 303, 304, 305, 306, 416, 417, 418, 419, 420, 421, 422, 423, 424, 425, 426, 427 ],
          "attributes": {
            "src": "designs/44/top.sv:24.40-24.88",
            "unused_bits": "12 13 14 15 16 17 18 19 20 21 22 23"
          }
        },
        "$ne$designs/44/top.sv:20$12_Y": {
          "hide_name": 1,
          "bits": [ 246 ],
          "attributes": {
            "src": "designs/44/top.sv:20.43-20.63"
          }
        },
        "$or$designs/44/top.sv:19$8_Y": {
          "hide_name": 1,
          "bits": [ 42, 43, 44, 45, 46, 47, 48, 49, 50, 51 ],
          "attributes": {
            "src": "designs/44/top.sv:19.31-19.173"
          }
        },
        "$or$designs/44/top.sv:29$39_Y": {
          "hide_name": 1,
          "bits": [ 215, 319, 320, 321, 322, 323, 324, 325, 428, 429, 430, 431, 432, 433, 434, 435, 436, 437, 438, 439, 440, 441, 442, 443, 444, 445, 446, 447, 448, 449 ],
          "attributes": {
            "src": "designs/44/top.sv:29.139-29.226",
            "unused_bits": "1 2 3 4 5 6 7 8 9 10 11 12 13 14 15 16 17 18 19 20 21 22 23 24 25 26 27 28 29"
          }
        },
        "$sub$designs/44/top.sv:21$14_Y": {
          "hide_name": 1,
          "bits": [ 126, 127, 127, 127, 127, 127, 127, 127, 127, 127, 127, 127, 127, 127, 127, 127, 127, 127 ],
          "attributes": {
            "src": "designs/44/top.sv:21.42-21.62"
          }
        },
        "$sub$designs/44/top.sv:23$17_Y": {
          "hide_name": 1,
          "bits": [ 326, 327, 328, 329, 330, 331, 332, 333, 334, 335, 336, 337, 338, 339, 340, 341, 342, 343, 344, 345, 346, 347, 348, 349 ],
          "attributes": {
            "src": "designs/44/top.sv:23.66-23.81"
          }
        },
        "$sub$designs/44/top.sv:23$18_Y": {
          "hide_name": 1,
          "bits": [ 247, 248, 249, 250, 251, 252, 253, 254, 255, 256, 257, 258, 259, 260, 261, 262, 263, 264, 265, 266, 267, 268, 269, 270 ],
          "attributes": {
            "src": "designs/44/top.sv:23.55-23.92"
          }
        },
        "$sub$designs/44/top.sv:29$38_Y": {
          "hide_name": 1,
          "bits": [ 311, 312, 313, 314, 315, 316, 317, 318, 450, 451, 452, 453, 454, 454, 454, 454, 454, 454, 454, 454, 454, 454, 454, 454, 454, 454, 454, 454, 454, 454 ],
          "attributes": {
            "src": "designs/44/top.sv:29.150-29.210",
            "unused_bits": "8 9 10 11 12 13 14 15 16 17 18 19 20 21 22 23 24 25 26 27 28 29"
          }
        },
        "$xor$designs/44/top.sv:19$2_Y": {
          "hide_name": 1,
          "bits": [ 86, 87, 88, 89, 90, 91, 92, 93, 94, 95 ],
          "attributes": {
            "src": "designs/44/top.sv:19.61-19.108"
          }
        },
        "$xor$designs/44/top.sv:19$5_Y": {
          "hide_name": 1,
          "bits": [ 106, 107, 108, 109, 110, 111, 112, 113, 114, 115 ],
          "attributes": {
            "src": "designs/44/top.sv:19.43-19.141"
          }
        },
        "expr_932075": {
          "hide_name": 0,
          "bits": [ 144, 145, 146, 147, 148, 149, 150, 151, 152, 153, 154, 155, "x", "x", "x", "x", "x", "x", "x", "x", "x", "x", "x", "x", "x", "x", "x", "x" ],
          "attributes": {
            "src": "designs/44/top.sv:22.18-22.29"
          }
        },
        "input_data": {
          "hide_name": 0,
          "bits": [ 2, 3, 4, 5, 6, 7, 8, 9, 10, 11 ],
          "attributes": {
            "src": "designs/44/top.sv:2.17-2.27"
          }
        },
        "output_data": {
          "hide_name": 0,
          "bits": [ 12, 13, 14, 15, 16, 17, 18, 19, 20, 21, 22, 23, 24, 25, 26, 27, 28, 29, 30, 31 ],
          "attributes": {
            "src": "designs/44/top.sv:3.19-3.30"
          }
        },
        "temp_0": {
          "hide_name": 0,
          "bits": [ 62, 63, 64, 65, 66, 67, 68, 69, 70, 71, 72, 73, 74, 75, 76, 77, 78, 79, 80, 81, 82, 83, 84, 85 ],
          "attributes": {
            "src": "designs/44/top.sv:6.18-6.24"
          }
        },
        "temp_1": {
          "hide_name": 0,
          "bits": [ 128, "0", "0", "0", "0", "0", "0", "0", "0", "0", "0", "0", "0", "0", "0", "0", "0", "0" ],
          "attributes": {
            "src": "designs/44/top.sv:7.18-7.24"
          }
        },
        "temp_10": {
          "hide_name": 0,
          "bits": [ 231, 232, 233, 237, 238, 239, 240, 241, 242, 243, 244, 245, 207, "0", "0", "0", "0", "0", "0", "0", "0", "0", "0", "0", "0" ],
          "attributes": {
            "src": "designs/44/top.sv:16.18-16.25"
          }
        },
        "temp_2": {
          "hide_name": 0,
          "bits": [ 181, 182, 183, 172, 172, 172, 172, 172, 172 ],
          "attributes": {
            "src": "designs/44/top.sv:8.17-8.23"
          }
        },
        "temp_3": {
          "hide_name": 0,
          "bits": [ 184, 185, 186, 187, 188, 189, 168, 190, 191, 192, 193, 194 ],
          "attributes": {
            "src": "designs/44/top.sv:9.18-9.24"
          }
        },
        "temp_6": {
          "hide_name": 0,
          "bits": [ 169, 170, 171, 172, 172, 172, 172, 172, "x", "0", "0", "0", "0", "0", "0", "0", "0", "0", "0", "0", "0", "0", "0", "0", "0", "0", "0", "0", "0", "0" ],
          "attributes": {
            "src": "designs/44/top.sv:12.18-12.24"
          }
        },
        "temp_7": {
          "hide_name": 0,
          "bits": [ "1", 156, "1", 157, "1", "1" ],
          "attributes": {
            "src": "designs/44/top.sv:13.17-13.23"
          }
        },
        "temp_8": {
          "hide_name": 0,
          "bits": [ 307, 308, 309, 310, 310, 310, 310, 310 ],
          "attributes": {
          }
        }
      }
    }
  }
}
