{
  "creator": "Yosys 0.60 (git sha1 5bafeb77dc71e054fa331ab9efa613e6fb0a1c49, clang++ 17.0.0 -fPIC -O3)",
  "modules": {
    "top": {
      "attributes": {
        "top": "00000000000000000000000000000001",
        "src": "designs/43/top.sv:1.1-36.10"
      },
      "ports": {
        "input_data": {
          "direction": "input",
          "bits": [ 2, 3, 4 ]
        },
        "output_data": {
          "direction": "output",
          "bits": [ 5, "0", "0", "0", "0", "0", "0", "0", "0", "0", "0", "0", "0", "0", "0", "0", "0", "0", "0", "0", "0", "0", "0", "0", "0", "0", "0", "0", "0", "0", "0", "0" ]
        }
      },
      "cells": {
        "$add$designs/43/top.sv:22$8": {
          "hide_name": 1,
          "type": "$add",
          "parameters": {
            "A_SIGNED": "00000000000000000000000000000000",
            "A_WIDTH": "00000000000000000000000000000001",
            "B_SIGNED": "00000000000000000000000000000000",
            "B_WIDTH": "00000000000000000000000000000011",
            "Y_WIDTH": "00000000000000000000000000000100"
          },
          "attributes": {
            "src": "designs/43/top.sv:22.22-22.99"
          },
          "port_directions": {
            "A": "input",
            "B": "input",
            "Y": "output"
          },
          "connections": {
            "A": [ 6 ],
            "B": [ 2, 3, 4 ],
            "Y": [ 7, 8, 9, 10 ]
          }
        },
        "$and$designs/43/top.sv:23$9": {
          "hide_name": 1,
          "type": "$and",
          "parameters": {
            "A_SIGNED": "00000000000000000000000000000000",
            "A_WIDTH": "00000000000000000000000000000100",
            "B_SIGNED": "00000000000000000000000000000000",
            "B_WIDTH": "00000000000000000000000000000100",
            "Y_WIDTH": "00000000000000000000000000000100"
          },
          "attributes": {
            "src": "designs/43/top.sv:23.24-23.39"
          },
          "port_directions": {
            "A": "input",
            "B": "input",
            "Y": "output"
          },
          "connections": {
            "A": [ 7, 8, 9, 10 ],
            "B": [ 7, 8, 9, 10 ],
            "Y": [ 11, 12, 13, 14 ]
          }
        },
        "$auto$opt_expr.cc:276:group_cell_inputs$29": {
          "hide_name": 1,
          "type": "$and",
          "parameters": {
            "A_SIGNED": "00000000000000000000000000000000",
            "A_WIDTH": "00000000000000000000000000000011",
            "B_SIGNED": "00000000000000000000000000000000",
            "B_WIDTH": "00000000000000000000000000000011",
            "Y_WIDTH": "00000000000000000000000000000011"
          },
          "attributes": {
          },
          "port_directions": {
            "A": "input",
            "B": "input",
            "Y": "output"
          },
          "connections": {
            "A": [ 11, 12, 13 ],
            "B": [ 2, 3, 4 ],
            "Y": [ 15, 16, 17 ]
          }
        },
        "$lt$designs/43/top.sv:22$7": {
          "hide_name": 1,
          "type": "$lt",
          "parameters": {
            "A_SIGNED": "00000000000000000000000000000000",
            "A_WIDTH": "00000000000000000000000000000001",
            "B_SIGNED": "00000000000000000000000000000000",
            "B_WIDTH": "00000000000000000000000000000011",
            "Y_WIDTH": "00000000000000000000000000000001"
          },
          "attributes": {
            "src": "designs/43/top.sv:22.33-22.88"
          },
          "port_directions": {
            "A": "input",
            "B": "input",
            "Y": "output"
          },
          "connections": {
            "A": [ "1" ],
            "B": [ 2, 3, 4 ],
            "Y": [ 6 ]
          }
        },
        "$ne$designs/43/top.sv:32$22": {
          "hide_name": 1,
          "type": "$ne",
          "parameters": {
            "A_SIGNED": "00000000000000000000000000000000",
            "A_WIDTH": "00000000000000000000000000000101",
            "B_SIGNED": "00000000000000000000000000000000",
            "B_WIDTH": "00000000000000000000000000000101",
            "Y_WIDTH": "00000000000000000000000000000001"
          },
          "attributes": {
            "src": "designs/43/top.sv:32.23-32.50"
          },
          "port_directions": {
            "A": "input",
            "B": "input",
            "Y": "output"
          },
          "connections": {
            "A": [ 18, 19, 20, 21, 21 ],
            "B": [ 22, 23, 24, 25, 26 ],
            "Y": [ 5 ]
          }
        },
        "$sub$designs/43/top.sv:23$11": {
          "hide_name": 1,
          "type": "$sub",
          "parameters": {
            "A_SIGNED": "00000000000000000000000000000000",
            "A_WIDTH": "00000000000000000000000000000100",
            "B_SIGNED": "00000000000000000000000000000000",
            "B_WIDTH": "00000000000000000000000000000011",
            "Y_WIDTH": "00000000000000000000000000000101"
          },
          "attributes": {
            "src": "designs/43/top.sv:23.22-23.67"
          },
          "port_directions": {
            "A": "input",
            "B": "input",
            "Y": "output"
          },
          "connections": {
            "A": [ 15, 16, 17, "0" ],
            "B": [ 2, 3, 4 ],
            "Y": [ 22, 23, 24, 25, 26 ]
          }
        },
        "$sub$designs/43/top.sv:32$21": {
          "hide_name": 1,
          "type": "$sub",
          "parameters": {
            "A_SIGNED": "00000000000000000000000000000000",
            "A_WIDTH": "00000000000000000000000000000011",
            "B_SIGNED": "00000000000000000000000000000000",
            "B_WIDTH": "00000000000000000000000000000001",
            "Y_WIDTH": "00000000000000000000000000000100"
          },
          "attributes": {
            "src": "designs/43/top.sv:32.24-32.39"
          },
          "port_directions": {
            "A": "input",
            "B": "input",
            "Y": "output"
          },
          "connections": {
            "A": [ 2, 3, 4 ],
            "B": [ 2 ],
            "Y": [ 18, 19, 20, 21 ]
          }
        }
      },
      "netnames": {
        "$and$designs/43/top.sv:23$10_Y": {
          "hide_name": 1,
          "bits": [ 15, 16, 17, "0", "0", "0", "0", "0", "0", "0", "0", "0", "0", "0", "0", "0", "0", "0", "0", "0", "0", "0", "0", "0", "0", "0", "0", "0", "0", "0", "0" ],
          "attributes": {
            "src": "designs/43/top.sv:23.23-23.53"
          }
        },
        "$and$designs/43/top.sv:23$9_Y": {
          "hide_name": 1,
          "bits": [ 11, 12, 13, 14, "0", "0", "0", "0", "0", "0", "0", "0", "0", "0", "0", "0", "0", "0", "0", "0", "0", "0", "0", "0", "0", "0", "0", "0", "0", "0", "0" ],
          "attributes": {
            "src": "designs/43/top.sv:23.24-23.39",
            "unused_bits": "3"
          }
        },
        "$lt$designs/43/top.sv:22$7_Y": {
          "hide_name": 1,
          "bits": [ 6 ],
          "attributes": {
            "src": "designs/43/top.sv:22.33-22.88"
          }
        },
        "$sub$designs/43/top.sv:32$21_Y": {
          "hide_name": 1,
          "bits": [ 18, 19, 20, 21, 21, 21, 21, 21, 21, 21, 21, 21, 21, 21, 21, 21, 21, 21, 21, 21, 21, 21, 21, 21, 21, 21, 21, 21, 21, 21, 21 ],
          "attributes": {
            "src": "designs/43/top.sv:32.24-32.39"
          }
        },
        "input_data": {
          "hide_name": 0,
          "bits": [ 2, 3, 4 ],
          "attributes": {
            "src": "designs/43/top.sv:2.17-2.27"
          }
        },
        "output_data": {
          "hide_name": 0,
          "bits": [ 5, "0", "0", "0", "0", "0", "0", "0", "0", "0", "0", "0", "0", "0", "0", "0", "0", "0", "0", "0", "0", "0", "0", "0", "0", "0", "0", "0", "0", "0", "0", "0" ],
          "attributes": {
            "src": "designs/43/top.sv:3.19-3.30"
          }
        },
        "temp_10": {
          "hide_name": 0,
          "bits": [ "1", "1", 26, "1", "1", 26, "1", "1", "1", 26, 26, "1", 26 ],
          "attributes": {
            "src": "designs/43/top.sv:16.18-16.25"
          }
        },
        "temp_3": {
          "hide_name": 0,
          "bits": [ 7, 8, 9, 10, "0", "0", "0", "0", "0", "0" ],
          "attributes": {
            "src": "designs/43/top.sv:9.17-9.23"
          }
        },
        "temp_4": {
          "hide_name": 0,
          "bits": [ 22, 23, 24, 25, 26, 26, 26, 26, 26, 26, 26, 26, 26, 26, 26, 26, 26, 26, 26, 26, 26, 26, 26, 26, 26, 26, 26, 26, 26, 26, 26 ],
          "attributes": {
            "src": "designs/43/top.sv:10.18-10.24"
          }
        }
      }
    }
  }
}
